image_name,keypoint_0_x,keypoint_1_x,keypoint_2_x,keypoint_3_x,keypoint_4_x,keypoint_5_x,keypoint_6_x,keypoint_7_x,keypoint_8_x,keypoint_9_x,keypoint_10_x,keypoint_11_x,keypoint_12_x,keypoint_13_x,keypoint_14_x,keypoint_15_x,keypoint_16_x,keypoint_17_x,keypoint_18_x,keypoint_19_x,keypoint_20_x,keypoint_21_x,keypoint_22_x,keypoint_23_x,keypoint_24_x,keypoint_25_x,keypoint_26_x,keypoint_27_x,keypoint_28_x,keypoint_29_x,keypoint_30_x,keypoint_31_x,keypoint_32_x,keypoint_0_y,keypoint_1_y,keypoint_2_y,keypoint_3_y,keypoint_4_y,keypoint_5_y,keypoint_6_y,keypoint_7_y,keypoint_8_y,keypoint_9_y,keypoint_10_y,keypoint_11_y,keypoint_12_y,keypoint_13_y,keypoint_14_y,keypoint_15_y,keypoint_16_y,keypoint_17_y,keypoint_18_y,keypoint_19_y,keypoint_20_y,keypoint_21_y,keypoint_22_y,keypoint_23_y,keypoint_24_y,keypoint_25_y,keypoint_26_y,keypoint_27_y,keypoint_28_y,keypoint_29_y,keypoint_30_y,keypoint_31_y,keypoint_32_y,keypoint_0_z,keypoint_1_z,keypoint_2_z,keypoint_3_z,keypoint_4_z,keypoint_5_z,keypoint_6_z,keypoint_7_z,keypoint_8_z,keypoint_9_z,keypoint_10_z,keypoint_11_z,keypoint_12_z,keypoint_13_z,keypoint_14_z,keypoint_15_z,keypoint_16_z,keypoint_17_z,keypoint_18_z,keypoint_19_z,keypoint_20_z,keypoint_21_z,keypoint_22_z,keypoint_23_z,keypoint_24_z,keypoint_25_z,keypoint_26_z,keypoint_27_z,keypoint_28_z,keypoint_29_z,keypoint_30_z,keypoint_31_z,keypoint_32_z
deadlift_1000001.jpg,,,,,,,,,,,,,,,,,,,,,,,,,,,,,,,,,,,,,,,,,,,,,,,,,,,,,,,,,,,,,,,,,,,,,,,,,,,,,,,,,,,,,,,,,,,,,,,,,,,
deadlift_100001.jpg,0.6825298070907593,0.48576927185058594,-0.7794442772865295,0.690033495426178,0.4662690758705139,-0.7610855102539062,0.6943299770355225,0.4650600552558899,-0.761102557182312,0.6981570720672607,0.4639444053173065,-0.761322021484375,0.6751614212989807,0.4662330746650696,-0.7597852349281311,0.6708572506904602,0.4649745523929596,-0.7598415017127991,0.6664317846298218,0.46365106105804443,-0.7598424553871155,0.7063599228858948,0.4612467586994171,-0.6184638738632202,0.6626829504966736,0.4611203074455261,-0.6122260689735413,0.6903191804885864,0.4998337924480438,-0.7229679226875305,0.6736736297607422,0.5020257234573364,-0.7211700081825256,0.7441927194595337,0.5533348321914673,-0.47973355650901794,0.6282913088798523,0.5575048327445984,-0.457723468542099,0.7555292248725891,0.7060675024986267,-0.5001959204673767,0.614090085029602,0.7148865461349487,-0.47016799449920654,0.7657686471939087,0.8321328163146973,-0.5698543190956116,0.6024681329727173,0.8306987285614014,-0.5512341856956482,0.7702741622924805,0.8677963018417358,-0.6119161248207092,0.5946964621543884,0.8577271103858948,-0.5922256112098694,0.7630147337913513,0.8712038397789001,-0.6350785493850708,0.6037520170211792,0.862565279006958,-0.6215851306915283,0.7565215826034546,0.8611047267913818,-0.5808351635932922,0.610044538974762,0.8514894247055054,-0.5655353665351868,0.715178370475769,0.6327881813049316,0.0003307887236587703,0.6490709185600281,0.6316163539886475,-0.0002519582340028137,0.745879054069519,0.7240700721740723,-0.4435003101825714,0.6231073141098022,0.724278450012207,-0.41142258048057556,0.732324481010437,0.9021996259689331,-0.11270377039909363,0.6440965533256531,0.9003094434738159,-0.11027516424655914,0.7245414853096008,0.9184529781341553,-0.08804788440465927,0.6547548770904541,0.919079065322876,-0.0878235474228859,0.7389527559280396,0.9726228713989258,-0.26593396067619324,0.6349586844444275,0.9701125025749207,-0.27225610613822937
deadlift_1000011.jpg,0.6258499026298523,0.43660515546798706,-0.10067468136548996,0.6273244619369507,0.4340106248855591,-0.11065446585416794,0.6280129551887512,0.433465838432312,-0.11066935211420059,0.6286714673042297,0.433008074760437,-0.11061444878578186,0.627209484577179,0.4360372722148895,-0.10992822796106339,0.6273698210716248,0.4368749260902405,-0.10990890860557556,0.6275039315223694,0.43773317337036133,-0.11005713790655136,0.6344190835952759,0.43544429540634155,-0.11507776379585266,0.6320957541465759,0.4413309693336487,-0.11476878821849823,0.629554808139801,0.4398806393146515,-0.09609094262123108,0.6292375326156616,0.44201359152793884,-0.09603508561849594,0.6419947147369385,0.45103704929351807,-0.10097937285900116,0.627973198890686,0.4622717499732971,-0.08163948357105255,0.5980556607246399,0.4987362325191498,-0.08743561059236526,0.575921356678009,0.466945618391037,-0.10659674555063248,0.5840340852737427,0.5398424863815308,-0.10522840172052383,0.594826877117157,0.4379362463951111,-0.15637464821338654,0.566250205039978,0.5063413381576538,-0.12004633247852325,0.5975838303565979,0.4356881380081177,-0.1659378707408905,0.5832672119140625,0.5513861179351807,-0.12543942034244537,0.6020069122314453,0.42663535475730896,-0.16191984713077545,0.585189163684845,0.5474956035614014,-0.10807295143604279,0.5981695055961609,0.4276338815689087,-0.1545206755399704,0.6375160217285156,0.5776934623718262,-0.004041845444589853,0.6309792399406433,0.590077817440033,0.004062894266098738,0.5787648558616638,0.6577205061912537,0.01454811729490757,0.5794360637664795,0.6547596454620361,0.021380938589572906,0.5667210221290588,0.7450768947601318,0.10110938549041748,0.556820273399353,0.7482418417930603,0.10787253081798553,0.5653310418128967,0.7529300451278687,0.10691681504249573,0.5550803542137146,0.7532874941825867,0.1184094101190567,0.5398791432380676,0.7513212561607361,0.052347712218761444,0.5175821185112,0.7511887550354004,0.07594489306211472
deadlift_1000021.jpg,0.5101575255393982,0.2679458260536194,-0.25738516449928284,0.5142768621444702,0.2551514506340027,-0.24462608993053436,0.5171216726303101,0.2545378506183624,-0.24464797973632812,0.5200868248939514,0.25375500321388245,-0.2446390688419342,0.5055992007255554,0.256498783826828,-0.23743194341659546,0.5031724572181702,0.25685518980026245,-0.23743006587028503,0.5007929801940918,0.2568148374557495,-0.23743967711925507,0.5249282717704773,0.2557925879955292,-0.15583764016628265,0.5003105998039246,0.25896158814430237,-0.125056654214859,0.5163662433624268,0.2782014012336731,-0.2246871441602707,0.5066177845001221,0.27908197045326233,-0.21577811241149902,0.5543297529220581,0.31824299693107605,-0.1230853945016861,0.48672592639923096,0.32808440923690796,-0.024928847327828407,0.5588605403900146,0.4008544087409973,-0.09805767238140106,0.4733329713344574,0.4052766263484955,0.00987977720797062,0.5599526166915894,0.47662681341171265,-0.15349578857421875,0.4679327607154846,0.4699951112270355,-0.07435590773820877,0.5609990954399109,0.4963270425796509,-0.1797304004430771,0.46310991048812866,0.4919111132621765,-0.09481868892908096,0.556874692440033,0.4979236125946045,-0.19996432960033417,0.4678363800048828,0.49257129430770874,-0.11800328642129898,0.5550869107246399,0.49111106991767883,-0.16213159263134003,0.47161146998405457,0.48550716042518616,-0.08565249294042587,0.5448911786079407,0.4907195270061493,-0.03964326158165932,0.5365003943443298,0.5072507262229919,0.039557453244924545,0.5370756983757019,0.6009199619293213,-0.037587083876132965,0.5042919516563416,0.5991353988647461,0.027948515489697456,0.5415252447128296,0.7013023495674133,0.13083301484584808,0.5029675364494324,0.7144625186920166,0.18319271504878998,0.5398880839347839,0.7127360105514526,0.14221112430095673,0.5093151330947876,0.7269302606582642,0.19370581209659576,0.5366051197052002,0.7445058226585388,0.0520259290933609,0.4879104793071747,0.7521253228187561,0.10591237246990204
deadlift_1000031.jpg,0.5040323138237,0.2556297779083252,-0.22142992913722992,0.509032130241394,0.2431686371564865,-0.21036596596240997,0.5125073790550232,0.24246066808700562,-0.2103903591632843,0.516046404838562,0.24190442264080048,-0.21039414405822754,0.5007122755050659,0.24389603734016418,-0.20564793050289154,0.49864351749420166,0.24388287961483002,-0.20561997592449188,0.4961366057395935,0.24408364295959473,-0.20561543107032776,0.5220358967781067,0.24431714415550232,-0.12631531059741974,0.49701735377311707,0.24780616164207458,-0.10675130039453506,0.5113913416862488,0.268157958984375,-0.18927446007728577,0.5020408034324646,0.26780879497528076,-0.18364743888378143,0.5517491102218628,0.31144827604293823,-0.08381981402635574,0.4780203104019165,0.3197351098060608,-0.02431381680071354,0.5562748312950134,0.39522820711135864,-0.06813227385282516,0.46592554450035095,0.39993706345558167,0.016172584146261215,0.5588756799697876,0.47131842374801636,-0.15173575282096863,0.4598158299922943,0.47078171372413635,-0.07173606753349304,0.5614868402481079,0.49282026290893555,-0.18322588503360748,0.45650163292884827,0.49415668845176697,-0.09620480984449387,0.5574254393577576,0.4937748908996582,-0.20695199072360992,0.4603348970413208,0.49454376101493835,-0.12693257629871368,0.5552701950073242,0.48750659823417664,-0.16258415579795837,0.4630194306373596,0.4869796335697174,-0.08627033978700638,0.5361745357513428,0.4728401303291321,-0.02702402137219906,0.495250403881073,0.47396427392959595,0.02702922187745571,0.534565806388855,0.5990221500396729,-0.0216984786093235,0.4973587095737457,0.6009082198143005,0.007392482366412878,0.5373898148536682,0.7227945327758789,0.08357849717140198,0.4966993033885956,0.7214921116828918,0.12198150902986526,0.5352566242218018,0.7369558811187744,0.08689893037080765,0.502798855304718,0.7368674278259277,0.12610551714897156,0.5366252064704895,0.7632976770401001,-0.03220197185873985,0.4881024658679962,0.7642478346824646,0.01199329923838377
deadlift_1000041.jpg,0.5012710690498352,0.2440139353275299,-0.26917117834091187,0.5061663389205933,0.23098915815353394,-0.25844570994377136,0.5095322728157043,0.2301718145608902,-0.2584879398345947,0.5128110647201538,0.2295767217874527,-0.2585117518901825,0.49793681502342224,0.23258408904075623,-0.25344493985176086,0.4953369200229645,0.23284505307674408,-0.2534487545490265,0.4923515021800995,0.23317104578018188,-0.2534732520580292,0.5195357203483582,0.2325122207403183,-0.1690680831670761,0.49135035276412964,0.23675879836082458,-0.1458314061164856,0.507217526435852,0.2542541027069092,-0.23396259546279907,0.4981282353401184,0.2552929222583771,-0.22738385200500488,0.5490697026252747,0.305074006319046,-0.1145918220281601,0.4736101031303406,0.31464532017707825,-0.049857720732688904,0.5560609102249146,0.39498308300971985,-0.08525349199771881,0.46458372473716736,0.40077951550483704,-0.000414648384321481,0.5612287521362305,0.4776625633239746,-0.16865693032741547,0.4571607708930969,0.4750422239303589,-0.09523043036460876,0.563642144203186,0.5008275508880615,-0.19729414582252502,0.45341235399246216,0.5006507635116577,-0.11980914324522018,0.5596824288368225,0.501103401184082,-0.22647975385189056,0.4565768241882324,0.4996352195739746,-0.154986172914505,0.5575271248817444,0.4966658651828766,-0.18103046715259552,0.45925846695899963,0.4920022189617157,-0.11135399341583252,0.5351596474647522,0.47421032190322876,-0.02450929395854473,0.4943588972091675,0.47473764419555664,0.024476416409015656,0.5338708758354187,0.6034470200538635,-0.04155873507261276,0.4926083981990814,0.6055327653884888,0.003337704110890627,0.5374831557273865,0.7311686873435974,0.08762847632169724,0.4971007704734802,0.7317286133766174,0.1249237209558487,0.5349483489990234,0.7460666298866272,0.09187428653240204,0.5055390000343323,0.7478185296058655,0.1293216198682785,0.5350225567817688,0.7728342413902283,-0.033914584666490555,0.4837549924850464,0.7714305520057678,0.011779570020735264
deadlift_1000051.jpg,0.493447870016098,0.2634735405445099,-0.4032534956932068,0.497778058052063,0.24938558042049408,-0.3916696012020111,0.5011136531829834,0.24837949872016907,-0.39169323444366455,0.5043618679046631,0.24755112826824188,-0.39174750447273254,0.4892007112503052,0.2509319484233856,-0.38692620396614075,0.4866745173931122,0.2510119676589966,-0.38697507977485657,0.4836196005344391,0.2510988712310791,-0.3870115280151367,0.5111499428749084,0.24961385130882263,-0.2936657965183258,0.4822053909301758,0.2540770471096039,-0.27208077907562256,0.49920257925987244,0.27315017580986023,-0.3647874593734741,0.4897697865962982,0.2752149701118469,-0.35870474576950073,0.5460789203643799,0.322556734085083,-0.217491015791893,0.4666672646999359,0.33346670866012573,-0.16422440111637115,0.5557176470756531,0.4204300045967102,-0.19481131434440613,0.4615940451622009,0.4300186038017273,-0.11465654522180557,0.5637282729148865,0.509099006652832,-0.2754005491733551,0.4562186598777771,0.5114368200302124,-0.2048300951719284,0.5676602721214294,0.5348123908042908,-0.3090870976448059,0.450691282749176,0.5341606736183167,-0.2324516624212265,0.562760055065155,0.5356375575065613,-0.3374839425086975,0.4560917317867279,0.5333693623542786,-0.26783686876296997,0.560504674911499,0.5293359160423279,-0.2875942885875702,0.4596048593521118,0.5266220569610596,-0.22031806409358978,0.5378522276878357,0.4854465126991272,-0.021277450025081635,0.49522432684898376,0.48638561367988586,0.021261362358927727,0.536630392074585,0.6170836687088013,-0.024274369701743126,0.49120664596557617,0.6151148080825806,0.020557185634970665,0.5394058227539062,0.7413370609283447,0.14736267924308777,0.4954832196235657,0.7388546466827393,0.18495969474315643,0.536108672618866,0.7589253783226013,0.15605488419532776,0.5023365616798401,0.7553614377975464,0.19419831037521362,0.5382441878318787,0.7811027765274048,0.027231214568018913,0.48431697487831116,0.7812175154685974,0.07267787307500839
deadlift_1000061.jpg,0.4871857762336731,0.3190937340259552,-0.5821040868759155,0.4921446740627289,0.3042585551738739,-0.5710409879684448,0.49578362703323364,0.30307093262672424,-0.5710199475288391,0.4993278384208679,0.30199187994003296,-0.5711168050765991,0.48309341073036194,0.3055034577846527,-0.5653656721115112,0.4803474247455597,0.3052339553833008,-0.5654796957969666,0.47709083557128906,0.3049677014350891,-0.5655020475387573,0.507218599319458,0.30207982659339905,-0.4665570855140686,0.4754151701927185,0.30611225962638855,-0.44002047181129456,0.49346664547920227,0.3295106589794159,-0.5402295589447021,0.4840717613697052,0.33140987157821655,-0.5327154994010925,0.5457686185836792,0.37384483218193054,-0.373414546251297,0.46039140224456787,0.38351261615753174,-0.29763755202293396,0.5568751692771912,0.47720155119895935,-0.3588450253009796,0.4602489769458771,0.4847862720489502,-0.24420982599258423,0.5644615292549133,0.5703035593032837,-0.4132774770259857,0.4550909101963043,0.5709716081619263,-0.3196170926094055,0.5696181654930115,0.5952641367912292,-0.4468098282814026,0.45146483182907104,0.5933109521865845,-0.34719693660736084,0.5636336803436279,0.5973070859909058,-0.47581660747528076,0.4567221999168396,0.5934738516807556,-0.3877814710140228,0.5603521466255188,0.589729368686676,-0.4254297614097595,0.4593829810619354,0.5865420699119568,-0.337836354970932,0.5425168871879578,0.5026397109031677,-0.026681870222091675,0.496971994638443,0.5023528933525085,0.026684191077947617,0.5506836175918579,0.6266425848007202,-0.1025875061750412,0.4877781867980957,0.6216408014297485,-0.05477648973464966,0.5397924780845642,0.7499163150787354,0.07160114496946335,0.49484869837760925,0.7466811537742615,0.11675869673490524,0.5337659120559692,0.7662500143051147,0.08472158759832382,0.5026919841766357,0.7625025510787964,0.1264372318983078,0.5399296879768372,0.7929328680038452,-0.049878861755132675,0.48220396041870117,0.7889759540557861,0.0060920617543160915
deadlift_1000071.jpg,0.4835529625415802,0.41393643617630005,-0.6246684789657593,0.4881439805030823,0.40049341320991516,-0.6156803369522095,0.49168553948402405,0.39880698919296265,-0.6156572699546814,0.49559876322746277,0.39696142077445984,-0.6157974004745483,0.4791373312473297,0.4023680090904236,-0.6089109778404236,0.4759030044078827,0.40177053213119507,-0.6089741587638855,0.47295963764190674,0.40101444721221924,-0.6089519262313843,0.5043016076087952,0.3905259072780609,-0.5150665044784546,0.4720168113708496,0.39357003569602966,-0.4839910864830017,0.4910133481025696,0.4210450053215027,-0.5831112265586853,0.480709969997406,0.4224810004234314,-0.5741279125213623,0.5440871119499207,0.4384789764881134,-0.4051668345928192,0.4565654397010803,0.4448443055152893,-0.3414106070995331,0.5582402348518372,0.546726644039154,-0.41467922925949097,0.45780321955680847,0.547292947769165,-0.3115074336528778,0.5693891644477844,0.6441013216972351,-0.4640297293663025,0.45467647910118103,0.6395726203918457,-0.38020870089530945,0.5762842893600464,0.6689758896827698,-0.49997442960739136,0.4522668123245239,0.6638340950012207,-0.40843304991722107,0.569734513759613,0.6697953939437866,-0.5206313133239746,0.457903116941452,0.6664513349533081,-0.4418905973434448,0.5653706192970276,0.6649829745292664,-0.4736116826534271,0.45984190702438354,0.656982958316803,-0.3960222899913788,0.5398847460746765,0.5154405236244202,-0.026428135111927986,0.4927458167076111,0.5181003212928772,0.026509763672947884,0.5416532158851624,0.6073428988456726,-0.24766752123832703,0.48762136697769165,0.6189708113670349,-0.17378021776676178,0.5388361215591431,0.7590292096138,-0.10767552256584167,0.4978412091732025,0.7566333413124084,-0.025899257510900497,0.5358132123947144,0.7747545838356018,-0.10187552869319916,0.50309818983078,0.7727854251861572,-0.018049368634819984,0.5411354303359985,0.8019493222236633,-0.24500711262226105,0.48661038279533386,0.7997621297836304,-0.14797227084636688
deadlift_1000081.jpg,0.48017561435699463,0.4700508415699005,-0.6466984152793884,0.4842584431171417,0.45809075236320496,-0.6375947594642639,0.48778632283210754,0.45568081736564636,-0.6375808715820312,0.4916309416294098,0.4530007541179657,-0.6377236247062683,0.4750930666923523,0.46083614230155945,-0.630486249923706,0.47200506925582886,0.46013781428337097,-0.6305668950080872,0.4689171016216278,0.45877858996391296,-0.6305765509605408,0.5029008984565735,0.44118157029151917,-0.5286225080490112,0.4683515429496765,0.4466087818145752,-0.49599015712738037,0.48890963196754456,0.4738944172859192,-0.6010766625404358,0.4779622256755829,0.4759698212146759,-0.5916103720664978,0.5441839694976807,0.47421756386756897,-0.4075527787208557,0.45399442315101624,0.4881490468978882,-0.35073232650756836,0.560017466545105,0.5836662650108337,-0.4294643700122833,0.4550686180591583,0.5893378257751465,-0.34561342000961304,0.5731202960014343,0.6803563833236694,-0.49966007471084595,0.4561696946620941,0.6759213209152222,-0.431361585855484,0.579685628414154,0.7100998163223267,-0.5412868857383728,0.4541334807872772,0.703303337097168,-0.46609625220298767,0.5721679329872131,0.7122997641563416,-0.5608173608779907,0.45823124051094055,0.7034030556678772,-0.4962601065635681,0.5678555369377136,0.7025560140609741,-0.5095409154891968,0.45949429273605347,0.6960187554359436,-0.4462510943412781,0.5374059081077576,0.5257388949394226,-0.021063195541501045,0.4894018769264221,0.5358137488365173,0.021411994472146034,0.5404382348060608,0.6091516017913818,-0.3781740367412567,0.479093998670578,0.6223829984664917,-0.3081488609313965,0.5353795289993286,0.7493746280670166,-0.16113661229610443,0.4907582700252533,0.7612639665603638,-0.10489583015441895,0.535253643989563,0.7640581130981445,-0.14771489799022675,0.4968990981578827,0.7761166095733643,-0.09173702448606491,0.5343398451805115,0.8038470149040222,-0.30389291048049927,0.47998297214508057,0.8068003058433533,-0.24312686920166016
deadlift_1000091.jpg,0.4766499400138855,0.45431265234947205,-0.6580963134765625,0.48195821046829224,0.4408453702926636,-0.6449664235115051,0.4854092001914978,0.4386344850063324,-0.6449662446975708,0.48914986848831177,0.43624135851860046,-0.645111620426178,0.47225043177604675,0.4438877999782562,-0.6385248899459839,0.4690178334712982,0.4434402585029602,-0.6386287808418274,0.46583300828933716,0.4424728751182556,-0.6386842727661133,0.49896201491355896,0.42804259061813354,-0.5300719738006592,0.46637433767318726,0.4329312741756439,-0.5017443895339966,0.4849894940853119,0.4618927836418152,-0.6120758652687073,0.4737838804721832,0.4633617401123047,-0.6038064956665039,0.5441731214523315,0.4731154441833496,-0.4247961640357971,0.45097285509109497,0.48537009954452515,-0.3698393702507019,0.5592042207717896,0.5834130048751831,-0.4642380177974701,0.4520929455757141,0.5892647504806519,-0.3787272274494171,0.5734800100326538,0.687284529209137,-0.5419101715087891,0.4538383185863495,0.6795958876609802,-0.4668425917625427,0.5802953839302063,0.7149595618247986,-0.5876772403717041,0.44945040345191956,0.7076392769813538,-0.503411054611206,0.5726739764213562,0.7176650166511536,-0.6031246781349182,0.4559333026409149,0.7071734666824341,-0.5307655334472656,0.5673348903656006,0.707633376121521,-0.5503771901130676,0.4590645432472229,0.698761522769928,-0.48069146275520325,0.5364246368408203,0.5471500754356384,-0.014850708656013012,0.48723021149635315,0.5537523627281189,0.015122140757739544,0.5445690751075745,0.6115255355834961,-0.40181833505630493,0.4767051041126251,0.6242879629135132,-0.34287068247795105,0.5412472486495972,0.7276548743247986,-0.11783323436975479,0.489902138710022,0.751513659954071,-0.08538439869880676,0.5409958362579346,0.7399933934211731,-0.09776906669139862,0.49480441212654114,0.7692501544952393,-0.06732232123613358,0.5439319014549255,0.7663449645042419,-0.24428750574588776,0.47766950726509094,0.8009005188941956,-0.21896003186702728
deadlift_1000101.jpg,0.47329047322273254,0.4382586181163788,-0.6394252181053162,0.4778989255428314,0.4240801930427551,-0.6244481801986694,0.481761634349823,0.42168986797332764,-0.6244649887084961,0.4858858287334442,0.41908565163612366,-0.6245936751365662,0.46829667687416077,0.42690569162368774,-0.6182177066802979,0.4649477005004883,0.4263857901096344,-0.6183305978775024,0.46173974871635437,0.4254530668258667,-0.6184110045433044,0.49723654985427856,0.4130001366138458,-0.5099219083786011,0.46272894740104675,0.42026278376579285,-0.4834931194782257,0.481601744890213,0.4479495882987976,-0.5948891043663025,0.471126526594162,0.44968366622924805,-0.5871811509132385,0.5449636578559875,0.46998485922813416,-0.41710835695266724,0.4472106695175171,0.4861370623111725,-0.3663911521434784,0.5593470931053162,0.5854384899139404,-0.4615720808506012,0.44961240887641907,0.5911651849746704,-0.3778747320175171,0.5744107365608215,0.6882343888282776,-0.5297696590423584,0.44942471385002136,0.684682309627533,-0.46079909801483154,0.5813347697257996,0.7170378565788269,-0.5725539922714233,0.44444039463996887,0.7093069553375244,-0.4968351125717163,0.5729253888130188,0.7200525999069214,-0.5861250758171082,0.4509279131889343,0.7090924382209778,-0.5216042399406433,0.5677889585494995,0.7093909382820129,-0.5369634628295898,0.4543892443180084,0.7006146907806396,-0.47368642687797546,0.5384842753410339,0.5540087223052979,-0.009045959450304508,0.48802369832992554,0.5613118410110474,0.0092137660831213,0.5446969270706177,0.6081575751304626,-0.4110954999923706,0.4765183627605438,0.617895245552063,-0.3685027062892914,0.5471119284629822,0.709484338760376,-0.09531958401203156,0.48972776532173157,0.7248765826225281,-0.07617520540952682,0.546493411064148,0.7206236124038696,-0.07174310088157654,0.4960668385028839,0.7365630865097046,-0.05452163144946098,0.554479718208313,0.736341118812561,-0.21122236549854279,0.4862292408943176,0.771114706993103,-0.20386716723442078
deadlift_100011.jpg,,,,,,,,,,,,,,,,,,,,,,,,,,,,,,,,,,,,,,,,,,,,,,,,,,,,,,,,,,,,,,,,,,,,,,,,,,,,,,,,,,,,,,,,,,,,,,,,,,,
deadlift_1000111.jpg,0.47278109192848206,0.3615753650665283,-0.6957093477249146,0.47747325897216797,0.3433327078819275,-0.6789627075195312,0.4822658598423004,0.3409326672554016,-0.6789751648902893,0.4867272675037384,0.33851373195648193,-0.6790913343429565,0.4662865400314331,0.3461277484893799,-0.6732839941978455,0.4630281627178192,0.3459607660770416,-0.67338627576828,0.4597313702106476,0.345503032207489,-0.6734537482261658,0.4943965971469879,0.33486902713775635,-0.5506938099861145,0.45912864804267883,0.3441650867462158,-0.5260413885116577,0.48244571685791016,0.37086570262908936,-0.6459307074546814,0.46980932354927063,0.37456241250038147,-0.6386234164237976,0.5465312600135803,0.40982550382614136,-0.44267261028289795,0.4433470368385315,0.42522549629211426,-0.383296936750412,0.5629221796989441,0.522365152835846,-0.47259852290153503,0.4425545632839203,0.5370759963989258,-0.380703330039978,0.5736595392227173,0.640928328037262,-0.556476891040802,0.4433600604534149,0.6340076923370361,-0.4772011339664459,0.5793789625167847,0.6675017476081848,-0.6010251641273499,0.43858638405799866,0.6639598608016968,-0.5170469284057617,0.5716273188591003,0.6698669195175171,-0.6239332556724548,0.4430522620677948,0.6642675995826721,-0.5505377650260925,0.567776620388031,0.6593095660209656,-0.5672644376754761,0.4458194971084595,0.655333399772644,-0.4939715564250946,0.5415380001068115,0.5261496305465698,-0.011521645821630955,0.48895618319511414,0.529930055141449,0.01164587214589119,0.5432098507881165,0.6417827606201172,-0.3640914559364319,0.4766506850719452,0.625677227973938,-0.34538334608078003,0.539580762386322,0.7851723432540894,-0.11249353736639023,0.4848940968513489,0.7772554755210876,-0.10036146640777588,0.5301290154457092,0.7989052534103394,-0.0975843295454979,0.4916948676109314,0.7950873374938965,-0.084867924451828,0.5395693182945251,0.8330941796302795,-0.26782116293907166,0.4733387231826782,0.8342500329017639,-0.2532047927379608
deadlift_1000121.jpg,0.47220033407211304,0.2210051715373993,-0.5502183437347412,0.47719281911849976,0.2046421617269516,-0.5357375741004944,0.48176950216293335,0.2035321593284607,-0.5357773303985596,0.4862819314002991,0.20209769904613495,-0.5358943343162537,0.46628183126449585,0.2061222344636917,-0.5300010442733765,0.46302667260169983,0.20658624172210693,-0.5300902128219604,0.4597361385822296,0.2068474441766739,-0.5302037596702576,0.49442729353904724,0.20555229485034943,-0.4199005663394928,0.45975401997566223,0.2119521200656891,-0.39591294527053833,0.48148491978645325,0.2336905151605606,-0.5058521628379822,0.4693923890590668,0.23584793508052826,-0.49888116121292114,0.5464115738868713,0.3018041253089905,-0.3400253653526306,0.44268959760665894,0.32685068249702454,-0.26559874415397644,0.5628974437713623,0.4281434416770935,-0.3208857476711273,0.44132471084594727,0.4394547641277313,-0.22204165160655975,0.5735769271850586,0.5419999361038208,-0.38145753741264343,0.43980422616004944,0.5411583781242371,-0.31426987051963806,0.5791332721710205,0.5729758143424988,-0.4169773459434509,0.43579748272895813,0.5713253617286682,-0.34486013650894165,0.5717732906341553,0.5734528303146362,-0.45034438371658325,0.4391413629055023,0.5710589289665222,-0.3830374479293823,0.5679907202720642,0.5642938017845154,-0.3949063718318939,0.44230443239212036,0.5637732744216919,-0.3314993977546692,0.5436734557151794,0.48414352536201477,-0.017094705253839493,0.48954451084136963,0.48942193388938904,0.017020324245095253,0.5438783168792725,0.6429453492164612,-0.05754391476511955,0.4814101457595825,0.6374121904373169,-0.02571745030581951,0.539547860622406,0.7855935096740723,0.176139697432518,0.4846380054950714,0.7885591387748718,0.1867101639509201,0.5314380526542664,0.8017863631248474,0.19063694775104523,0.4917079210281372,0.8074035048484802,0.20031747221946716,0.5383548736572266,0.8432854413986206,0.052571892738342285,0.47072431445121765,0.841823160648346,0.05764143168926239
deadlift_1000131.jpg,0.4789067208766937,0.13807569444179535,-0.3437013626098633,0.4858993887901306,0.1218009814620018,-0.3273046314716339,0.4909055829048157,0.12054011970758438,-0.3273632228374481,0.49554044008255005,0.11934486776590347,-0.32738426327705383,0.4746679663658142,0.1252089887857437,-0.32261425256729126,0.4714762568473816,0.1267136037349701,-0.3226156234741211,0.4684824049472809,0.12770305573940277,-0.3226953148841858,0.50447016954422,0.12400646507740021,-0.20920422673225403,0.4697738587856293,0.1330132782459259,-0.18954309821128845,0.48863643407821655,0.154257133603096,-0.2990364134311676,0.4756276309490204,0.15486854314804077,-0.29334643483161926,0.5516806244850159,0.22900249063968658,-0.1411336064338684,0.44622737169265747,0.24453432857990265,-0.07893025130033493,0.5639366507530212,0.3509218692779541,-0.10504376143217087,0.4407661259174347,0.3635216951370239,-0.01516246609389782,0.5735618472099304,0.4627622067928314,-0.21309709548950195,0.43386176228523254,0.4675641357898712,-0.13048577308654785,0.5791103839874268,0.49577993154525757,-0.2517153322696686,0.42824265360832214,0.4961729347705841,-0.1615496426820755,0.571773111820221,0.49647992849349976,-0.2873446047306061,0.4338522255420685,0.4963212311267853,-0.2078673094511032,0.567991316318512,0.4866514503955841,-0.22831706702709198,0.43871819972991943,0.4889814555644989,-0.15134993195533752,0.5425364971160889,0.45683640241622925,-0.016770891845226288,0.4867938458919525,0.4615023732185364,0.016590556129813194,0.5420225262641907,0.6374040246009827,-0.04479524865746498,0.48452451825141907,0.6383392810821533,-0.017764665186405182,0.5395163893699646,0.7964510321617126,0.1421656608581543,0.4845033586025238,0.8003485798835754,0.16413499414920807,0.532375693321228,0.8149005174636841,0.14996565878391266,0.49177804589271545,0.8182840347290039,0.17241531610488892,0.5374379754066467,0.860141396522522,-0.0156411062926054,0.47042950987815857,0.8570859432220459,0.00917882937937975
deadlift_1000141.jpg,0.4912557899951935,0.1343107521533966,-0.31158313155174255,0.49756908416748047,0.11733968555927277,-0.2953648567199707,0.5019780397415161,0.11623990535736084,-0.2954254150390625,0.5065332651138306,0.115303635597229,-0.2954493463039398,0.4865237772464752,0.11964541673660278,-0.2897190451622009,0.48341435194015503,0.12025845795869827,-0.2897144556045532,0.48000434041023254,0.12090282142162323,-0.28975531458854675,0.5163249969482422,0.11919162422418594,-0.1713007241487503,0.47986355423927307,0.12515005469322205,-0.1463717669248581,0.5004815459251404,0.147344708442688,-0.2634773552417755,0.4878067076206207,0.1491970419883728,-0.25630849599838257,0.5581266283988953,0.22150035202503204,-0.09691271930932999,0.45430392026901245,0.23262549936771393,-0.02725297398865223,0.5679681301116943,0.3399028182029724,-0.059047140181064606,0.4411367177963257,0.3420294225215912,0.03720497712492943,0.5735660195350647,0.4513353109359741,-0.18722674250602722,0.43131813406944275,0.44815003871917725,-0.09665996581315994,0.5790906548500061,0.4834732115268707,-0.22951065003871918,0.42365407943725586,0.48144400119781494,-0.13264714181423187,0.5717855095863342,0.48388391733169556,-0.26748228073120117,0.428688108921051,0.48103445768356323,-0.18079647421836853,0.5681104063987732,0.4754883944988251,-0.2042119950056076,0.43403860926628113,0.47021612524986267,-0.11914229393005371,0.5400921106338501,0.4538079500198364,-0.017974860966205597,0.481106162071228,0.45728030800819397,0.017864402383565903,0.5408915877342224,0.6376878023147583,-0.07088068127632141,0.4835111200809479,0.6441237330436707,-0.03089931607246399,0.5425852537155151,0.816616415977478,0.11540701240301132,0.4847460389137268,0.8149200677871704,0.15822236239910126,0.5381090641021729,0.8397505879402161,0.12263967096805573,0.49234962463378906,0.8343738913536072,0.16653792560100555,0.538257896900177,0.8803496360778809,-0.054505057632923126,0.4677474796772003,0.8739471435546875,-0.0013677901588380337
deadlift_100021.jpg,0.6780370473861694,0.41276055574417114,-0.6496003270149231,0.6852464079856873,0.39211925864219666,-0.6371604800224304,0.6908342838287354,0.39068934321403503,-0.637151300907135,0.6953722834587097,0.38977983593940735,-0.6373201012611389,0.6713292598724365,0.393233984708786,-0.6392503976821899,0.6668869256973267,0.3924527168273926,-0.6392837166786194,0.6616967916488647,0.39232054352760315,-0.6392149329185486,0.7012649178504944,0.38837626576423645,-0.5236063003540039,0.6564830541610718,0.3916034400463104,-0.5342748761177063,0.6860504150390625,0.42848625779151917,-0.6027404069900513,0.6707950234413147,0.427570641040802,-0.6062599420547485,0.7385187745094299,0.48503273725509644,-0.4056996703147888,0.6212101578712463,0.4859088957309723,-0.39713042974472046,0.7523036599159241,0.6454540491104126,-0.41505035758018494,0.6085052490234375,0.6421852707862854,-0.39669379591941833,0.7680200934410095,0.7647520899772644,-0.4827747046947479,0.5910459756851196,0.7649204730987549,-0.4520573019981384,0.7792194485664368,0.7989146709442139,-0.5206782817840576,0.5864323377609253,0.7962018251419067,-0.4832128882408142,0.7710457444190979,0.8000651597976685,-0.5385285019874573,0.5945669412612915,0.795777440071106,-0.5107154250144958,0.7636386156082153,0.7866641283035278,-0.49385154247283936,0.5979414582252502,0.7866100668907166,-0.46519404649734497,0.6787702441215515,0.5696664452552795,0.00269471388310194,0.6161596775054932,0.5704416036605835,-0.00268968241289258,0.733138918876648,0.6984702944755554,-0.2888380289077759,0.6210996508598328,0.7064926028251648,-0.255931556224823,0.7233322262763977,0.9087731242179871,-0.12205125391483307,0.6337481737136841,0.9063013792037964,-0.08080849796533585,0.7082518935203552,0.9158423542976379,-0.1121133416891098,0.6439307332038879,0.9175776243209839,-0.06921081990003586,0.7458435893058777,0.9693161249160767,-0.2711111903190613,0.6171521544456482,0.9266257286071777,-0.22866351902484894
deadlift_100031.jpg,0.6782433986663818,0.37030863761901855,-0.6547066569328308,0.6863237023353577,0.35260912775993347,-0.6385581493377686,0.6914380788803101,0.34555336833000183,-0.6384624242782593,0.6969597339630127,0.3395932912826538,-0.6385470032691956,0.6731333136558533,0.3671727776527405,-0.6352217793464661,0.6684492230415344,0.3697945475578308,-0.6353490948677063,0.6642911434173584,0.37189751863479614,-0.6352882385253906,0.7065249681472778,0.32883110642433167,-0.5155455470085144,0.661528468132019,0.35330522060394287,-0.5016146302223206,0.6866230368614197,0.36656010150909424,-0.6069439053535461,0.6723187565803528,0.37125787138938904,-0.603114902973175,0.7465030550956726,0.42186301946640015,-0.3906640410423279,0.6249812245368958,0.4278607964515686,-0.37564167380332947,0.763050377368927,0.5690230131149292,-0.3633325695991516,0.6083287000656128,0.5651713013648987,-0.3353899419307709,0.771657407283783,0.6951465606689453,-0.3663714528083801,0.5977323055267334,0.6936683654785156,-0.4027895927429199,0.7831658720970154,0.7282315492630005,-0.38889655470848083,0.5941768884658813,0.7258692383766174,-0.4388909339904785,0.7765868902206421,0.7293978333473206,-0.4218861758708954,0.6018984913825989,0.7269712090492249,-0.4785148501396179,0.7699117064476013,0.717423677444458,-0.380126416683197,0.60636967420578,0.7163820266723633,-0.4201808571815491,0.7220102548599243,0.5574215650558472,-0.0008921686676330864,0.6526123881340027,0.5538815855979919,0.0008232313557527959,0.7363805770874023,0.7208709716796875,-0.20990371704101562,0.6329305768013,0.7154033184051514,-0.24997037649154663,0.733959972858429,0.9065519571304321,-0.08855655044317245,0.643132746219635,0.9053083062171936,-0.054130133241415024,0.7266038656234741,0.9284806847572327,-0.09752964228391647,0.6501856446266174,0.9261823296546936,-0.043198518455028534,0.7400397658348083,0.9759067296981812,-0.24015046656131744,0.6355398893356323,0.9688505530357361,-0.2087886929512024
deadlift_100041.jpg,0.682185709476471,0.2037416398525238,-0.5135093331336975,0.6904706954956055,0.1857673078775406,-0.4939635694026947,0.6948708295822144,0.18504709005355835,-0.4939397871494293,0.7000380754470825,0.18462641537189484,-0.49391186237335205,0.6769060492515564,0.1878061145544052,-0.49471014738082886,0.6713848114013672,0.18845614790916443,-0.49479812383651733,0.6665706634521484,0.18932883441448212,-0.4948475956916809,0.707243025302887,0.19246169924736023,-0.35642388463020325,0.6615120768547058,0.19586700201034546,-0.3610190749168396,0.6904163360595703,0.22267776727676392,-0.460641086101532,0.6742001175880432,0.22455818951129913,-0.4622214734554291,0.7492982149124146,0.32200145721435547,-0.25321483612060547,0.6269063949584961,0.32819464802742004,-0.2573736310005188,0.7632063031196594,0.4788009226322174,-0.1857413649559021,0.6139343976974487,0.48605674505233765,-0.1925274282693863,0.77633136510849,0.6372935771942139,-0.2582153379917145,0.6023741364479065,0.6455562710762024,-0.2718888223171234,0.7839108109474182,0.6804616451263428,-0.2852446138858795,0.5962507724761963,0.6808959245681763,-0.30250877141952515,0.7751902341842651,0.6782740950584412,-0.3248617351055145,0.6021544337272644,0.6852232813835144,-0.3441305458545685,0.7693538665771484,0.6679695248603821,-0.27477845549583435,0.6075672507286072,0.6754869222640991,-0.28961828351020813,0.7215396761894226,0.5532277226448059,-0.002269383519887924,0.65388023853302,0.5498034358024597,0.002135917078703642,0.7250722646713257,0.7325902581214905,-0.017404984682798386,0.6469764113426208,0.7262483239173889,-0.024379389360547066,0.7343072295188904,0.9047883152961731,0.20960430800914764,0.6427574157714844,0.9055662155151367,0.19886425137519836,0.7288638949394226,0.9265046119689941,0.22167369723320007,0.648676335811615,0.9263152480125427,0.21262502670288086,0.738447904586792,0.9717816710472107,0.05912039801478386,0.6358419060707092,0.9706776738166809,0.0519709512591362
deadlift_100051.jpg,0.6844703555107117,0.144345223903656,-0.40465113520622253,0.691790759563446,0.1262381374835968,-0.38090038299560547,0.6964927315711975,0.1256255954504013,-0.3809967339038849,0.701288640499115,0.1253151297569275,-0.38101112842559814,0.6784972548484802,0.12896369397640228,-0.3799510598182678,0.6735580563545227,0.13011197745800018,-0.3799322545528412,0.6694596409797668,0.13097509741783142,-0.37997472286224365,0.7094969153404236,0.13384287059307098,-0.2318250834941864,0.6658861041069031,0.13839825987815857,-0.22769203782081604,0.6936248540878296,0.16301365196704865,-0.3484230041503906,0.6769727468490601,0.1630459576845169,-0.3475336730480194,0.7534981966018677,0.26709645986557007,-0.1476742923259735,0.630723237991333,0.2706528902053833,-0.11296294629573822,0.7662003636360168,0.41761425137519836,-0.09772565215826035,0.616352379322052,0.42083659768104553,-0.05603071302175522,0.7802428007125854,0.5604363083839417,-0.23300422728061676,0.6060550212860107,0.5556133985519409,-0.20189228653907776,0.7851712703704834,0.5983002185821533,-0.27589261531829834,0.5997345447540283,0.5959984660148621,-0.2425697147846222,0.7761581540107727,0.5990322828292847,-0.3202854096889496,0.6036455035209656,0.5973867774009705,-0.2951224148273468,0.770851194858551,0.5880851745605469,-0.25249922275543213,0.6081305742263794,0.5862189531326294,-0.2256965935230255,0.7206786274909973,0.5419646501541138,-0.00821752194315195,0.6571732759475708,0.5408064723014832,0.008075141347944736,0.7203162908554077,0.729329526424408,-0.019365064799785614,0.6532273888587952,0.723504364490509,0.009605220519006252,0.7339877486228943,0.9051202535629272,0.22562313079833984,0.6410775780677795,0.9082419276237488,0.24033401906490326,0.7275603413581848,0.9268102645874023,0.23778043687343597,0.6474465131759644,0.929492712020874,0.2529689073562622,0.7325702905654907,0.969067394733429,0.05070387199521065,0.6362553238868713,0.967689573764801,0.07380763441324234
deadlift_100061.jpg,0.6862382292747498,0.15202006697654724,-0.3751789629459381,0.6949114203453064,0.13213826715946198,-0.35220882296562195,0.6992886662483215,0.13164712488651276,-0.3523006737232208,0.7034141421318054,0.1316029280424118,-0.3522959351539612,0.6800010204315186,0.13366244733333588,-0.3515506982803345,0.6745989918708801,0.13437211513519287,-0.35151082277297974,0.6707047820091248,0.13511179387569427,-0.3515360951423645,0.7118685841560364,0.1383422464132309,-0.20499461889266968,0.6666433215141296,0.14302968978881836,-0.2026374489068985,0.6962315440177917,0.17243970930576324,-0.3194339871406555,0.6791015863418579,0.17447811365127563,-0.3189322054386139,0.7564683556556702,0.2654665410518646,-0.11966361105442047,0.633257269859314,0.26850536465644836,-0.09958874434232712,0.7675557732582092,0.4104746878147125,-0.07421835511922836,0.6193094253540039,0.4154396951198578,-0.050187550485134125,0.7785128951072693,0.548786461353302,-0.2128637582063675,0.6064180135726929,0.5458396673202515,-0.18188634514808655,0.7851037979125977,0.5850592255592346,-0.254718154668808,0.5997008681297302,0.5849766135215759,-0.22240398824214935,0.7778273224830627,0.5862197279930115,-0.2990366220474243,0.6044049859046936,0.585875391960144,-0.270230770111084,0.7719632983207703,0.5757138729095459,-0.23294635117053986,0.6088230609893799,0.5746152400970459,-0.20370331406593323,0.722275972366333,0.5402411818504333,-0.008030008524656296,0.657677412033081,0.5384212732315063,0.007898414507508278,0.722355306148529,0.7296003699302673,-0.0024715608451515436,0.6562574505805969,0.7224888205528259,0.011500767432153225,0.7350320219993591,0.9070544838905334,0.22748000919818878,0.6410986185073853,0.9075883626937866,0.23632973432540894,0.726453423500061,0.926792562007904,0.23934294283390045,0.6467775702476501,0.9281327724456787,0.2487683743238449,0.7370778918266296,0.9716573357582092,0.059910502284765244,0.6376102566719055,0.9708689451217651,0.07348107546567917
deadlift_100071.jpg,0.6882773041725159,0.14989760518074036,-0.39035043120384216,0.6968647241592407,0.1297142058610916,-0.36801159381866455,0.7020227313041687,0.12905094027519226,-0.3680960237979889,0.7054213881492615,0.12904497981071472,-0.36808741092681885,0.6815326809883118,0.13119229674339294,-0.36686038970947266,0.6766412854194641,0.13185857236385345,-0.36681893467903137,0.6725279688835144,0.1325812190771103,-0.3668454587459564,0.7129017114639282,0.1363534778356552,-0.22165779769420624,0.6676271557807922,0.14005501568317413,-0.2170690894126892,0.6982126235961914,0.17067863047122955,-0.33465343713760376,0.6807390451431274,0.1726016253232956,-0.3335222005844116,0.7563039660453796,0.2619193494319916,-0.1423308551311493,0.6336495280265808,0.26590290665626526,-0.103398397564888,0.7682496905326843,0.40831077098846436,-0.09906180948019028,0.6206396818161011,0.41289401054382324,-0.04467100650072098,0.7790749669075012,0.5456740856170654,-0.24125656485557556,0.6074653267860413,0.5423546433448792,-0.17504622042179108,0.7863523960113525,0.5833159685134888,-0.28490498661994934,0.6005786657333374,0.5823236107826233,-0.21394766867160797,0.7784870862960815,0.5846115350723267,-0.32897669076919556,0.6053199172019958,0.5832359790802002,-0.26358792185783386,0.772303581237793,0.5734904408454895,-0.2611146569252014,0.6095870733261108,0.5717933177947998,-0.19749246537685394,0.7235381007194519,0.5387271642684937,-0.012025616131722927,0.6581581830978394,0.5367059111595154,0.011866179294884205,0.722072184085846,0.7300097346305847,-0.004319251514971256,0.6548713445663452,0.7230467796325684,0.03543729707598686,0.7349469065666199,0.9076625108718872,0.248076930642128,0.64177006483078,0.9055691957473755,0.28320151567459106,0.7260745763778687,0.9269229173660278,0.26220467686653137,0.647753119468689,0.9258403182029724,0.2983143627643585,0.7346656918525696,0.9755536317825317,0.08347128331661224,0.6364058256149292,0.9711537957191467,0.1287357658147812
deadlift_100081.jpg,0.6874141693115234,0.14638325572013855,-0.38846060633659363,0.6958017349243164,0.1257837861776352,-0.3666801154613495,0.7014054656028748,0.12511920928955078,-0.3667422831058502,0.7053090333938599,0.12491423636674881,-0.366717129945755,0.6804700493812561,0.12751449644565582,-0.36513128876686096,0.6762208342552185,0.1281365305185318,-0.3650940954685211,0.6717392206192017,0.12880706787109375,-0.36512377858161926,0.7124118804931641,0.13209819793701172,-0.224273681640625,0.6675280332565308,0.13594110310077667,-0.2190803438425064,0.6978809833526611,0.16716739535331726,-0.3345220983028412,0.6797868609428406,0.16887490451335907,-0.3331219255924225,0.7570961117744446,0.26269105076789856,-0.14301228523254395,0.6331650614738464,0.26400232315063477,-0.11758505553007126,0.7675546407699585,0.410967081785202,-0.09271732717752457,0.6193473935127258,0.41332635283470154,-0.06771774590015411,0.7800573706626892,0.5512174367904663,-0.22430935502052307,0.6072171926498413,0.5484359860420227,-0.1906028836965561,0.7867707014083862,0.5878739953041077,-0.2655278444290161,0.600183367729187,0.5864378809928894,-0.22899891436100006,0.7767658233642578,0.5885663628578186,-0.3082926571369171,0.6066078543663025,0.5874298810958862,-0.2747839093208313,0.77095627784729,0.5772180557250977,-0.24331633746623993,0.6111446619033813,0.5756394863128662,-0.2112278789281845,0.7220283150672913,0.5404512286186218,-0.01162842195481062,0.6568405628204346,0.536972165107727,0.011450403369963169,0.7205550074577332,0.7292605042457581,0.010183009319007397,0.6547802090644836,0.7232675552368164,0.03418128564953804,0.7337720990180969,0.9067575931549072,0.2601560354232788,0.6422181725502014,0.9045573472976685,0.2827804982662201,0.7245284914970398,0.9264663457870483,0.27466651797294617,0.647767961025238,0.9242432713508606,0.2986583113670349,0.7357807159423828,0.9780647158622742,0.10454461723566055,0.6381279230117798,0.9720290899276733,0.13354487717151642
deadlift_100091.jpg,0.6882374882698059,0.16533423960208893,-0.3987957239151001,0.6954997777938843,0.146627739071846,-0.38499242067337036,0.7005497813224792,0.14555859565734863,-0.3841862380504608,0.7046136260032654,0.14510448276996613,-0.38293951749801636,0.6809865832328796,0.148418590426445,-0.39931386709213257,0.6768835783004761,0.14915625751018524,-0.39961719512939453,0.6725914478302002,0.14996711909770966,-0.3995153605937958,0.7098353505134583,0.14758266508579254,-0.2759074866771698,0.6677252650260925,0.15592171251773834,-0.30215582251548767,0.6982633471488953,0.1849873661994934,-0.3683319091796875,0.6799795627593994,0.1868889033794403,-0.38268226385116577,0.7573545575141907,0.2816503047943115,-0.18573790788650513,0.6317921876907349,0.28054356575012207,-0.22846539318561554,0.7677614092826843,0.44228580594062805,-0.1508225053548813,0.6194231510162354,0.44662266969680786,-0.1810281127691269,0.7769761681556702,0.586483895778656,-0.24718640744686127,0.6070778369903564,0.590438961982727,-0.24675069749355316,0.7842379212379456,0.620284378528595,-0.27939683198928833,0.6013109683990479,0.6238991022109985,-0.2766944169998169,0.7754667401313782,0.6204721927642822,-0.3184320628643036,0.609571635723114,0.6237724423408508,-0.3044167160987854,0.7699209451675415,0.6108706593513489,-0.2640067934989929,0.6138488054275513,0.6140566468238831,-0.2603752017021179,0.7258120775222778,0.5592180490493774,-0.0035986644215881824,0.6566421389579773,0.5555422902107239,0.0033580465242266655,0.7273644208908081,0.7370326519012451,0.07945586740970612,0.6504804491996765,0.7300155758857727,0.03547806665301323,0.7352641820907593,0.9079989790916443,0.28208717703819275,0.6407353281974792,0.9066372513771057,0.240826815366745,0.7248020768165588,0.9294034242630005,0.2933979034423828,0.6470140814781189,0.9269232749938965,0.25306278467178345,0.7380256056785583,0.9756049513816833,0.14792534708976746,0.6366336941719055,0.9702820777893066,0.1009615883231163
deadlift_100101.jpg,0.6872576475143433,0.2822827994823456,-0.5089331269264221,0.6951872110366821,0.2601512372493744,-0.5035589933395386,0.7006621956825256,0.25893276929855347,-0.5033295750617981,0.7044737935066223,0.25823256373405457,-0.5031625032424927,0.6800393462181091,0.261425256729126,-0.5034785866737366,0.675753653049469,0.2610234022140503,-0.5036225914955139,0.671362042427063,0.26089245080947876,-0.5035185217857361,0.7115819454193115,0.2596612870693207,-0.41880711913108826,0.6664975881576538,0.2629086673259735,-0.4157272279262543,0.6971030831336975,0.3013756573200226,-0.477470725774765,0.6787611246109009,0.3012876510620117,-0.4777596592903137,0.7549430727958679,0.3708675503730774,-0.33699220418930054,0.6295574903488159,0.3677637279033661,-0.3237266540527344,0.7724828124046326,0.5133362412452698,-0.2928207218647003,0.616589367389679,0.5122567415237427,-0.27222955226898193,0.7795310616493225,0.6454543471336365,-0.25075763463974,0.6044436097145081,0.6470012664794922,-0.26880601048469543,0.7865244746208191,0.6841589212417603,-0.2987884283065796,0.5988408923149109,0.6830752491950989,-0.2852323651313782,0.781443178653717,0.6868018507957458,-0.3302275836467743,0.6039008498191833,0.6836522221565247,-0.31338679790496826,0.7747991681098938,0.6741236448287964,-0.28339970111846924,0.6075955033302307,0.6718462705612183,-0.274199515581131,0.7285375595092773,0.5530143976211548,-0.005259788129478693,0.6578216552734375,0.5506919622421265,0.004763761535286903,0.7342199087142944,0.7282650470733643,-0.002458017785102129,0.6461285948753357,0.721675455570221,0.011142771691083908,0.7347625494003296,0.9064280986785889,0.0619049109518528,0.6414589285850525,0.9039828777313232,0.08034016937017441,0.7236957550048828,0.9277387857437134,0.05997760221362114,0.6480830311775208,0.9256705641746521,0.07855236530303955,0.7363249659538269,0.9758142232894897,-0.048954691737890244,0.6347492933273315,0.969207763671875,-0.02624678611755371
deadlift_100111.jpg,0.6879628300666809,0.36652305722236633,-0.7717764973640442,0.6953548789024353,0.34656232595443726,-0.7576685547828674,0.7007438540458679,0.3454068601131439,-0.7575528025627136,0.7046031951904297,0.3444683253765106,-0.7576385140419006,0.6809511184692383,0.34629762172698975,-0.7566291689872742,0.6765086650848389,0.34528404474258423,-0.7567360401153564,0.6726101636886597,0.34442275762557983,-0.7566283941268921,0.7120581269264221,0.3421995937824249,-0.6174142360687256,0.6669778823852539,0.343302845954895,-0.6146688461303711,0.697289764881134,0.38448601961135864,-0.7149158120155334,0.679365873336792,0.3825100064277649,-0.7144066095352173,0.7550780773162842,0.4434342682361603,-0.4575072228908539,0.6296846270561218,0.44132110476493835,-0.4504004120826721,0.7708688974380493,0.5831060409545898,-0.3966897428035736,0.616092324256897,0.5936319828033447,-0.39461663365364075,0.7753924131393433,0.7116991877555847,-0.40675440430641174,0.6037932634353638,0.7186388373374939,-0.43842175602912903,0.7838321924209595,0.7476533651351929,-0.4314210116863251,0.5989329218864441,0.7496594786643982,-0.4692263603210449,0.777076780796051,0.7507691979408264,-0.4673691689968109,0.6047638058662415,0.7519127726554871,-0.5036868453025818,0.7707980871200562,0.7378377318382263,-0.42275723814964294,0.6079214811325073,0.7401182651519775,-0.45409783720970154,0.7253924608230591,0.5585527420043945,-0.005618775729089975,0.6569231152534485,0.5534036755561829,0.005182983353734016,0.7436129450798035,0.7280953526496887,-0.17604894936084747,0.6390073299407959,0.7242791056632996,-0.14137844741344452,0.7334826588630676,0.9089784622192383,-0.04450805112719536,0.6413139700889587,0.9055465459823608,-0.003368463134393096,0.7228442430496216,0.9290663003921509,-0.04042864590883255,0.6502324938774109,0.9259239435195923,0.0018480366561561823,0.7380362153053284,0.9785082340240479,-0.20719997584819794,0.6326587796211243,0.9714099168777466,-0.1505555659532547
deadlift_100121.jpg,0.6901689171791077,0.4393393099308014,-0.8072804808616638,0.697557806968689,0.4179283082485199,-0.7894308567047119,0.7021141052246094,0.4162876605987549,-0.7893227338790894,0.7057496905326843,0.41469264030456543,-0.7894658446311951,0.683528482913971,0.4190461337566376,-0.7913540601730347,0.678184449672699,0.4180568754673004,-0.7914494872093201,0.6742697358131409,0.41711628437042236,-0.7913809418678284,0.7132928371429443,0.4119541645050049,-0.6374005675315857,0.6674696207046509,0.4151837229728699,-0.6468642950057983,0.6992644667625427,0.456701397895813,-0.745496928691864,0.6820244193077087,0.45599013566970825,-0.7484067678451538,0.7531260251998901,0.4984012544155121,-0.46939942240715027,0.6312352418899536,0.5037074089050293,-0.47931450605392456,0.769868016242981,0.6542458534240723,-0.4383935332298279,0.6192267537117004,0.6611396670341492,-0.4647565484046936,0.774622917175293,0.7778982520103455,-0.49163344502449036,0.6009105443954468,0.7813527584075928,-0.5234763026237488,0.7810068130493164,0.8113527894020081,-0.5220081210136414,0.5979536175727844,0.8103747963905334,-0.5612325072288513,0.7755406498908997,0.8101691603660583,-0.5521976351737976,0.6046765446662903,0.8078992366790771,-0.5893616080284119,0.7693907618522644,0.7997041344642639,-0.5057608485221863,0.6079117655754089,0.7985624670982361,-0.5373704433441162,0.7241008877754211,0.5811160802841187,-0.0017291951226070523,0.6562418341636658,0.5781129002571106,0.0015420099953189492,0.7503976225852966,0.7277694940567017,-0.34310010075569153,0.6362390518188477,0.7215664386749268,-0.34753498435020447,0.7339380979537964,0.9109878540039062,-0.1469322144985199,0.6425790786743164,0.9083278179168701,-0.13839200139045715,0.7233652472496033,0.9296262860298157,-0.13623051345348358,0.6521648168563843,0.9274990558624268,-0.12579211592674255,0.7390084862709045,0.9793940186500549,-0.329885333776474,0.6358476281166077,0.9738798141479492,-0.3113498091697693
deadlift_100131.jpg,0.6871620416641235,0.48994097113609314,-0.651805579662323,0.6939784288406372,0.4702892303466797,-0.696283757686615,0.6989129781723022,0.4682554006576538,-0.6957312226295471,0.7028293609619141,0.46626630425453186,-0.696816623210907,0.6800344586372375,0.47055065631866455,-0.7129286527633667,0.675481379032135,0.4687362313270569,-0.7128039002418518,0.6710477471351624,0.4666827321052551,-0.7126232981681824,0.7099860310554504,0.4584752023220062,-0.5097620487213135,0.6656656861305237,0.45967453718185425,-0.5109697580337524,0.6957544088363647,0.50117427110672,-0.6745404601097107,0.6784172058105469,0.5027939081192017,-0.6993446350097656,0.747929036617279,0.5339499711990356,-0.390837699174881,0.6311099529266357,0.5410550236701965,-0.386107861995697,0.7634670734405518,0.6868069171905518,-0.3937183618545532,0.6179006695747375,0.6941232681274414,-0.38763391971588135,0.7683599591255188,0.8134831190109253,-0.42737531661987305,0.6002874374389648,0.814943253993988,-0.4203891158103943,0.7737704515457153,0.8503392338752747,-0.4490814208984375,0.5968762040138245,0.8479939103126526,-0.44769859313964844,0.7676955461502075,0.8522776365280151,-0.4720299541950226,0.6048725843429565,0.8495745062828064,-0.4790824055671692,0.7617557048797607,0.8453785181045532,-0.43602126836776733,0.6091548800468445,0.8419678807258606,-0.4304984509944916,0.7228800654411316,0.6035998463630676,-0.002260449808090925,0.6544619202613831,0.5985077619552612,0.0020575227681547403,0.7478733658790588,0.7258385419845581,-0.3111432194709778,0.6348792314529419,0.7173070311546326,-0.30964067578315735,0.7358578443527222,0.907124936580658,-0.1535636931657791,0.6435618996620178,0.9054898023605347,-0.15110446512699127,0.7256120443344116,0.9262353777885437,-0.1430962085723877,0.6520599126815796,0.9246776103973389,-0.13971653580665588,0.7389618158340454,0.977191150188446,-0.28464943170547485,0.6373119950294495,0.974887490272522,-0.2748170793056488
deadlift_100141.jpg,0.6810768842697144,0.4892270267009735,-0.6762980818748474,0.6879776120185852,0.4669222831726074,-0.6631306409835815,0.6924401521682739,0.4651830792427063,-0.6630675196647644,0.6963711977005005,0.462985098361969,-0.6632369756698608,0.6748625636100769,0.4673357605934143,-0.6651033163070679,0.6705124974250793,0.4659406244754791,-0.6651774048805237,0.666120171546936,0.46373578906059265,-0.6651285886764526,0.703870415687561,0.4541938304901123,-0.5387948155403137,0.660863995552063,0.45532140135765076,-0.5474866032600403,0.6886414885520935,0.5045728087425232,-0.624945878982544,0.6731088161468506,0.506105899810791,-0.6275641322135925,0.7392603158950806,0.5351754426956177,-0.40229561924934387,0.6253563165664673,0.5420738458633423,-0.4039565622806549,0.758831799030304,0.6894863843917847,-0.4017457365989685,0.615239679813385,0.7075674533843994,-0.3927658498287201,0.7629642486572266,0.8252560496330261,-0.47479933500289917,0.6023906469345093,0.8404526710510254,-0.45273545384407043,0.7683956027030945,0.850909411907196,-0.5063287615776062,0.5973902940750122,0.8654767274856567,-0.48608002066612244,0.7608520984649658,0.8543285131454468,-0.5263786315917969,0.6042414307594299,0.871335506439209,-0.5053253173828125,0.7555608749389648,0.8464816808700562,-0.4855709671974182,0.6090622544288635,0.8606213331222534,-0.4633348882198334,0.7137026190757751,0.6049720048904419,-0.0006645448156632483,0.6429713368415833,0.5883129835128784,0.0006431310903280973,0.7419467568397522,0.7066037654876709,-0.32299357652664185,0.6244484782218933,0.7087088227272034,-0.3326082229614258,0.7305315732955933,0.8980156183242798,-0.11084437370300293,0.6355569958686829,0.8979400992393494,-0.12372086197137833,0.7237946391105652,0.9191915988922119,-0.09544286876916885,0.6408590078353882,0.9199612140655518,-0.10870346426963806,0.7325612902641296,0.9684305787086487,-0.2418452948331833,0.6298447251319885,0.962679386138916,-0.25969764590263367
deadlift_1100001.jpg,0.779593288898468,0.4602801501750946,-0.8128312230110168,0.7861464023590088,0.446167528629303,-0.802973210811615,0.7907982468605042,0.4441685974597931,-0.8029384016990662,0.7950857877731323,0.4421575367450714,-0.8031090497970581,0.7732155919075012,0.4474087655544281,-0.8001964092254639,0.7689346671104431,0.4459397494792938,-0.8004036545753479,0.7642077803611755,0.4441133141517639,-0.8004592657089233,0.8024159073829651,0.42897799611091614,-0.6637267470359802,0.7589752078056335,0.43313127756118774,-0.6482604146003723,0.7874383926391602,0.4654337167739868,-0.7538707852363586,0.7720322012901306,0.4671454131603241,-0.7496088743209839,0.8429118990898132,0.4818243682384491,-0.5031182169914246,0.728682279586792,0.4814278483390808,-0.5041278600692749,0.8566920161247253,0.6071415543556213,-0.5047640204429626,0.7186154127120972,0.6101266741752625,-0.49950990080833435,0.8712619543075562,0.7267528772354126,-0.6028205752372742,0.7178512811660767,0.7282124757766724,-0.6021835803985596,0.8801265358924866,0.7615122199058533,-0.6466370820999146,0.7107781767845154,0.7664288282394409,-0.6484014987945557,0.8726017475128174,0.7631323933601379,-0.6791543960571289,0.719318687915802,0.7665734887123108,-0.6842584013938904,0.8672611713409424,0.752663254737854,-0.6190299987792969,0.7231016755104065,0.7555108070373535,-0.6202265620231628,0.8083330392837524,0.5858169794082642,-0.0012756254291161895,0.7435054779052734,0.5873886346817017,0.001235117088072002,0.8369690179824829,0.6588221788406372,-0.28328096866607666,0.7440273761749268,0.6858260631561279,-0.2550942301750183,0.8157909512519836,0.7200071811676025,0.09076061844825745,0.734828770160675,0.7225745320320129,0.1302105337381363,0.808387041091919,0.7195412516593933,0.1262425184249878,0.7352228164672852,0.7210147380828857,0.1678517907857895,0.813178300857544,0.7647346258163452,0.03542127460241318,0.7328298091888428,0.7529076337814331,0.08810877054929733
deadlift_1100011.jpg,0.7709327340126038,0.3618880808353424,-0.6720176339149475,0.7781163454055786,0.34800586104393005,-0.661853015422821,0.7826608419418335,0.3465151786804199,-0.6618701815605164,0.7872093915939331,0.34473711252212524,-0.662055253982544,0.7657686471939087,0.34772488474845886,-0.6605520248413086,0.7614700198173523,0.3458874523639679,-0.6606959104537964,0.7575458884239197,0.3437264859676361,-0.660713791847229,0.7956231236457825,0.3360416293144226,-0.5316435098648071,0.7526687383651733,0.33559420704841614,-0.52649986743927,0.7786559462547302,0.37078773975372314,-0.6169570088386536,0.7645326852798462,0.3714584410190582,-0.6156114339828491,0.8354044556617737,0.40882423520088196,-0.3843567967414856,0.7161244750022888,0.41533994674682617,-0.3863094449043274,0.8494472503662109,0.5369253158569336,-0.3486592173576355,0.7067671418190002,0.541354775428772,-0.35417425632476807,0.8572831749916077,0.6545491814613342,-0.41650497913360596,0.7003553509712219,0.6613526344299316,-0.42782238125801086,0.8648868203163147,0.68895423412323,-0.4492914080619812,0.6936900615692139,0.6955766677856445,-0.46322107315063477,0.859502911567688,0.6897334456443787,-0.48349860310554504,0.7025953531265259,0.6947287917137146,-0.4987737536430359,0.8542594909667969,0.6780126094818115,-0.4316391944885254,0.7067686915397644,0.6825613379478455,-0.44424334168434143,0.8119760751724243,0.5379024744033813,1.507269644207554e-05,0.7473365068435669,0.5380030870437622,-2.906944791902788e-05,0.8269575238227844,0.651084840297699,-0.2959054410457611,0.7428032755851746,0.6624854207038879,-0.299405038356781,0.8151225447654724,0.824884295463562,-0.10174079984426498,0.7518481612205505,0.8406208753585815,-0.11068280786275864,0.8077629804611206,0.8489415645599365,-0.06701350957155228,0.7552260756492615,0.8593783974647522,-0.008736998774111271,0.8309515118598938,0.8728430271148682,-0.2891666293144226,0.742994487285614,0.8971297144889832,-0.2941388487815857
deadlift_1100021.jpg,0.7694662809371948,0.23364001512527466,-0.5913717746734619,0.7775835394859314,0.21627917885780334,-0.5705124139785767,0.7819616794586182,0.21573929488658905,-0.5705868005752563,0.7859241366386414,0.21532535552978516,-0.5707359910011292,0.7628720998764038,0.21604062616825104,-0.5695404410362244,0.7583628296852112,0.21557141840457916,-0.5696589350700378,0.7542648911476135,0.21527832746505737,-0.5697752237319946,0.792966902256012,0.21719782054424286,-0.4270764887332916,0.7496071457862854,0.218375101685524,-0.4240401089191437,0.7787038683891296,0.24880197644233704,-0.536453127861023,0.7614202499389648,0.24895799160003662,-0.535784900188446,0.834225058555603,0.3296051323413849,-0.31900256872177124,0.7143509984016418,0.33354634046554565,-0.297371506690979,0.847029447555542,0.4576015770435333,-0.2939409017562866,0.7062731385231018,0.4657098948955536,-0.26775407791137695,0.8569047451019287,0.5842788219451904,-0.37603187561035156,0.697771430015564,0.5831952691078186,-0.37086379528045654,0.8622320890426636,0.6187952756881714,-0.41208598017692566,0.6925418972969055,0.6159241795539856,-0.40750932693481445,0.8582020401954651,0.6184301972389221,-0.4474969506263733,0.6979528665542603,0.6160618662834167,-0.44641774892807007,0.8543234467506409,0.6069071292877197,-0.39124447107315063,0.7023570537567139,0.6065377593040466,-0.3881229758262634,0.8113723397254944,0.5096427202224731,-0.00529454043135047,0.7486482858657837,0.5144948959350586,0.005185366608202457,0.82291579246521,0.6831077337265015,-0.11430270224809647,0.7418572306632996,0.6745129823684692,-0.13392408192157745,0.8257300853729248,0.828755795955658,0.14594581723213196,0.752391517162323,0.8305073976516724,0.12477607280015945,0.8221470713615417,0.8381281495094299,0.16265885531902313,0.7571586966514587,0.8458993434906006,0.14408642053604126,0.8381154537200928,0.8710237145423889,0.006751021835952997,0.7576622366905212,0.8816074132919312,-0.02034929022192955
deadlift_1100031.jpg,0.76880943775177,0.14246340095996857,-0.41590607166290283,0.776606559753418,0.12726932764053345,-0.396679550409317,0.7808119654655457,0.1272144317626953,-0.3967171013355255,0.7848607301712036,0.12723031640052795,-0.39675286412239075,0.7620238661766052,0.12861719727516174,-0.39797478914260864,0.7577694058418274,0.12952972948551178,-0.3980415165424347,0.7536429166793823,0.1300634741783142,-0.39815661311149597,0.7904822826385498,0.13299161195755005,-0.26614898443222046,0.7494046092033386,0.13615284860134125,-0.27316778898239136,0.7770910859107971,0.1608584225177765,-0.36629006266593933,0.7618843913078308,0.1625102162361145,-0.3684860169887543,0.8326036930084229,0.25646039843559265,-0.16700038313865662,0.7132206559181213,0.25649353861808777,-0.18195585906505585,0.8436616659164429,0.385722815990448,-0.11493087559938431,0.7047842741012573,0.3864317536354065,-0.13887540996074677,0.8546076416969299,0.505227267742157,-0.21915170550346375,0.697024941444397,0.5024816989898682,-0.23877650499343872,0.8602248430252075,0.5398111343383789,-0.2514200508594513,0.6904245615005493,0.5351541638374329,-0.2707180082798004,0.8554951548576355,0.539725661277771,-0.28897953033447266,0.696162223815918,0.5349569916725159,-0.31201282143592834,0.8519327044487,0.5301171541213989,-0.23558200895786285,0.7011001110076904,0.5259791016578674,-0.2561463713645935,0.8084647059440613,0.48410579562187195,0.0014008617727085948,0.746608316898346,0.486097127199173,-0.001696007326245308,0.8177537322044373,0.6667227745056152,-0.02542935498058796,0.7459272742271423,0.6691105961799622,-0.04598439484834671,0.8255273103713989,0.8239315748214722,0.21416014432907104,0.7502069473266602,0.8365476131439209,0.17555932700634003,0.8183408975601196,0.8399357199668884,0.228001207113266,0.7549963593482971,0.8523942828178406,0.18912886083126068,0.8325926065444946,0.880267322063446,0.06967102736234665,0.749756932258606,0.8874760270118713,0.02387808822095394
deadlift_1100041.jpg,0.7686358690261841,0.13839668035507202,-0.3414767384529114,0.7769166827201843,0.12332378327846527,-0.32048800587654114,0.7811172008514404,0.12324965745210648,-0.32058608531951904,0.7848774194717407,0.12292184680700302,-0.32065096497535706,0.7624439001083374,0.12361790239810944,-0.3236916661262512,0.7579032182693481,0.12359927594661713,-0.3237323462963104,0.7534722089767456,0.12340392917394638,-0.32382282614707947,0.7911750674247742,0.12826769053936005,-0.18225803971290588,0.7493027448654175,0.1290043741464615,-0.19748803973197937,0.778110921382904,0.155242457985878,-0.2884768843650818,0.7600311636924744,0.1560913771390915,-0.29304438829421997,0.8278887271881104,0.23894354701042175,-0.08320877701044083,0.715010404586792,0.23747670650482178,-0.10848183184862137,0.8410871624946594,0.36488214135169983,-0.024230847135186195,0.7038139700889587,0.366752028465271,-0.06474082171916962,0.8541163802146912,0.4739704132080078,-0.15456470847129822,0.6955369114875793,0.47572487592697144,-0.18459613621234894,0.8605318069458008,0.5088646411895752,-0.19252295792102814,0.6882367730140686,0.509555995464325,-0.21899130940437317,0.8554704785346985,0.5095884799957275,-0.2307572066783905,0.6938859224319458,0.5083944797515869,-0.264107346534729,0.8518580198287964,0.5023691654205322,-0.17248886823654175,0.6984859704971313,0.49976617097854614,-0.20414525270462036,0.8074201345443726,0.47256410121917725,0.004102052189409733,0.7442875504493713,0.474669873714447,-0.004294144455343485,0.8119352459907532,0.6598284244537354,-0.04413437098264694,0.7491656541824341,0.6616949439048767,-0.04460179805755615,0.8255431652069092,0.8294667601585388,0.16509459912776947,0.749988853931427,0.8325725197792053,0.14299292862415314,0.8199959397315979,0.8473199009895325,0.17512290179729462,0.7553942203521729,0.851519763469696,0.15253037214279175,0.8304834365844727,0.8808119893074036,0.004354814067482948,0.7432543635368347,0.8841127753257751,-0.026959192007780075
deadlift_1100051.jpg,0.7697150707244873,0.15676163136959076,-0.3170473277568817,0.7774104475975037,0.13922102749347687,-0.29623231291770935,0.781452476978302,0.1389380395412445,-0.29632675647735596,0.7852599024772644,0.13896168768405914,-0.2963806986808777,0.7633553743362427,0.1395566463470459,-0.2988371253013611,0.7586344480514526,0.13945648074150085,-0.29887017607688904,0.7550639510154724,0.1395193338394165,-0.29891908168792725,0.7920143008232117,0.14429029822349548,-0.15841497480869293,0.75002121925354,0.14539429545402527,-0.17089718580245972,0.7790171504020691,0.1728021651506424,-0.26401486992836,0.7620112895965576,0.1741737425327301,-0.26777803897857666,0.8287655711174011,0.24658173322677612,-0.06153858080506325,0.7171982526779175,0.24754375219345093,-0.07843419909477234,0.8411639928817749,0.3699561655521393,-0.008587329648435116,0.7041911482810974,0.3744349181652069,-0.03515743836760521,0.8545664548873901,0.4761801064014435,-0.15271338820457458,0.69612056016922,0.4737822115421295,-0.16318678855895996,0.8615948557853699,0.5071787238121033,-0.19302314519882202,0.6872747540473938,0.5089773535728455,-0.20172663033008575,0.8548776507377625,0.5080364346504211,-0.2356886863708496,0.6949807405471802,0.5085224509239197,-0.24530628323554993,0.8503844738006592,0.49993404746055603,-0.17299918830394745,0.6993199586868286,0.4992852210998535,-0.18294091522693634,0.8070743083953857,0.4785956144332886,0.0034531860146671534,0.7446721792221069,0.481170117855072,-0.0035736553836613894,0.8152875900268555,0.6622030138969421,-0.03899708762764931,0.749345064163208,0.6625174880027771,-0.04079246520996094,0.8273146748542786,0.8343822956085205,0.12985210120677948,0.7506068348884583,0.8380008935928345,0.11116277426481247,0.8217484951019287,0.8517606258392334,0.13621565699577332,0.7566989660263062,0.857020378112793,0.1166386753320694,0.8343991637229919,0.8929257988929749,-0.03421764820814133,0.7455578446388245,0.8996041417121887,-0.05978904291987419
deadlift_1100061.jpg,0.7713658213615417,0.15978407859802246,-0.31805264949798584,0.7786320447921753,0.14301027357578278,-0.2970498502254486,0.7821735739707947,0.14276531338691711,-0.29714682698249817,0.7860469222068787,0.1421038955450058,-0.2971985638141632,0.7653153538703918,0.1433788686990738,-0.3002602458000183,0.7602479457855225,0.14323566854000092,-0.30029135942459106,0.7563117146492004,0.14312070608139038,-0.30032816529273987,0.7926260232925415,0.14662744104862213,-0.15800239145755768,0.7507861852645874,0.14843487739562988,-0.17362593114376068,0.7803342938423157,0.17508208751678467,-0.264536052942276,0.7633151412010193,0.17569327354431152,-0.26915228366851807,0.8294183015823364,0.2451801747083664,-0.061192888766527176,0.7174159288406372,0.25029227137565613,-0.0829063132405281,0.8416087031364441,0.3662295937538147,-0.009245794266462326,0.7058507204055786,0.37565022706985474,-0.038950275629758835,0.8549306988716125,0.47222650051116943,-0.15415802597999573,0.6964743137359619,0.4775471091270447,-0.1604851335287094,0.8619332909584045,0.5049246549606323,-0.1946902722120285,0.6884044408798218,0.5119524598121643,-0.19855861365795135,0.8557940721511841,0.5050877332687378,-0.2370174378156662,0.6944778561592102,0.5107530951499939,-0.24029496312141418,0.8515599370002747,0.49790844321250916,-0.17444975674152374,0.6981669068336487,0.5021156072616577,-0.17941588163375854,0.8082088828086853,0.48251932859420776,0.004292693454772234,0.744184672832489,0.48415645956993103,-0.0043421341106295586,0.8166202902793884,0.6662054061889648,-0.02789301611483097,0.749269425868988,0.6664928197860718,-0.03802855312824249,0.8280872702598572,0.8398606777191162,0.13920553028583527,0.7482954263687134,0.8398477435112,0.12001083791255951,0.8223503828048706,0.8541998863220215,0.14587798714637756,0.7532004714012146,0.8535595536231995,0.12614277005195618,0.8346050381660461,0.8907663226127625,-0.0189075767993927,0.7426583170890808,0.8938122987747192,-0.04748918116092682
deadlift_1100071.jpg,0.7705088257789612,0.1573108434677124,-0.3448757529258728,0.7775828242301941,0.1409432590007782,-0.3237622082233429,0.7816765904426575,0.1409940868616104,-0.3238478899002075,0.7849690914154053,0.1406479775905609,-0.32389888167381287,0.7641922235488892,0.14089487493038177,-0.32670122385025024,0.7595227360725403,0.14076994359493256,-0.3267299234867096,0.7556999921798706,0.14049208164215088,-0.3267572224140167,0.7918856739997864,0.14553982019424438,-0.18347573280334473,0.7503507137298584,0.14619584381580353,-0.19760817289352417,0.779707670211792,0.1733303666114807,-0.2909019887447357,0.7625961303710938,0.1737769991159439,-0.2951202392578125,0.8292654752731323,0.24399811029434204,-0.0854092612862587,0.7170802354812622,0.24906660616397858,-0.10135398805141449,0.8422507047653198,0.3649698495864868,-0.030481521040201187,0.7058932781219482,0.37575945258140564,-0.052716076374053955,0.8564791083335876,0.4726881980895996,-0.17188677191734314,0.6972417235374451,0.4795990288257599,-0.172026127576828,0.8633012771606445,0.5051828026771545,-0.21110676229000092,0.6898077726364136,0.5140786170959473,-0.21025477349758148,0.8572927117347717,0.5054992437362671,-0.25543710589408875,0.695315420627594,0.5133388042449951,-0.25182124972343445,0.8531222939491272,0.49876293540000916,-0.1928223967552185,0.699053943157196,0.5044327974319458,-0.19099928438663483,0.8091050386428833,0.47974857687950134,0.0038773200940340757,0.7440964579582214,0.4820685386657715,-0.0039059750270098448,0.8163984417915344,0.6650370359420776,-0.02211165986955166,0.7489170432090759,0.6683622002601624,-0.028430726379156113,0.8279735445976257,0.8383001685142517,0.15206390619277954,0.7483730316162109,0.8401472568511963,0.13661260902881622,0.8229808211326599,0.853399932384491,0.15928909182548523,0.7536343336105347,0.8545233011245728,0.1431579738855362,0.8313274383544922,0.8905248045921326,-0.006841972004622221,0.7382978200912476,0.895611047744751,-0.030517851933836937
deadlift_1100081.jpg,0.7703778147697449,0.1571875512599945,-0.32991284132003784,0.7774835824966431,0.14034393429756165,-0.30837905406951904,0.7812778949737549,0.14024245738983154,-0.3084659278392792,0.784590482711792,0.13972435891628265,-0.30851274728775024,0.7640153765678406,0.1406678408384323,-0.31179359555244446,0.7590715289115906,0.1406683772802353,-0.31182125210762024,0.7551921606063843,0.14051492512226105,-0.3118506073951721,0.7913363575935364,0.14393024146556854,-0.16510075330734253,0.7496450543403625,0.14557667076587677,-0.18139228224754333,0.7795657515525818,0.17282339930534363,-0.27470535039901733,0.7623556852340698,0.17349250614643097,-0.2795082628726959,0.8294530510902405,0.24283425509929657,-0.06349464505910873,0.7166093587875366,0.2475673258304596,-0.08869637548923492,0.8418660759925842,0.3650355041027069,-0.008984308689832687,0.7061035633087158,0.374573677778244,-0.04453777149319649,0.855999767780304,0.4739401042461395,-0.1560262143611908,0.6971037983894348,0.4798049032688141,-0.1685941517353058,0.8627721071243286,0.5060233473777771,-0.19661173224449158,0.6892969012260437,0.5143031477928162,-0.20790229737758636,0.8569260239601135,0.506014347076416,-0.24045425653457642,0.694960355758667,0.5134919285774231,-0.24942414462566376,0.8528586030006409,0.4989951252937317,-0.17700505256652832,0.6986849904060364,0.5046409368515015,-0.18751764297485352,0.8082701563835144,0.4813992381095886,0.00522711081430316,0.7435874342918396,0.48320722579956055,-0.005227942485362291,0.8158577084541321,0.6659960746765137,-0.03346962481737137,0.7495638132095337,0.6690580248832703,-0.04364180192351341,0.8275716304779053,0.8383303284645081,0.15292957425117493,0.7493740916252136,0.8429803848266602,0.12797850370407104,0.8214709162712097,0.8533633947372437,0.16140593588352203,0.7540058493614197,0.8575221300125122,0.13505862653255463,0.8332976698875427,0.8932362198829651,-0.007641695439815521,0.7431666254997253,0.900124192237854,-0.04540334641933441
deadlift_1100091.jpg,0.7709709405899048,0.15138043463230133,-0.43709394335746765,0.7793370485305786,0.13311204314231873,-0.41749048233032227,0.7832972407341003,0.13239601254463196,-0.41755956411361694,0.7878417372703552,0.1318604201078415,-0.4176103174686432,0.765099287033081,0.13288533687591553,-0.41900914907455444,0.7596186995506287,0.13212868571281433,-0.4190751016139984,0.7555150389671326,0.1314496248960495,-0.41912153363227844,0.7951937317848206,0.13562847673892975,-0.2763384282588959,0.7501165866851807,0.13532821834087372,-0.2848552167415619,0.7801433205604553,0.16717685759067535,-0.3821205198764801,0.761974036693573,0.16857028007507324,-0.38473623991012573,0.8352135419845581,0.2456284463405609,-0.17043009400367737,0.7137187719345093,0.24728001654148102,-0.1728605479001999,0.8451545834541321,0.3796031177043915,-0.11670438945293427,0.7070473432540894,0.38386014103889465,-0.11164452135562897,0.856411874294281,0.4934493601322174,-0.2602275311946869,0.699457049369812,0.49837183952331543,-0.22864402830600739,0.8639296889305115,0.5253757834434509,-0.3028917610645294,0.6919717192649841,0.5331326723098755,-0.266833633184433,0.8583524227142334,0.5261262655258179,-0.34553417563438416,0.6977425813674927,0.5331098437309265,-0.3110392689704895,0.8536567687988281,0.5156456828117371,-0.2800510823726654,0.7014060616493225,0.5228644609451294,-0.24819283187389374,0.8080152273178101,0.48332706093788147,0.0028357033152133226,0.742901623249054,0.48549914360046387,-0.002910940907895565,0.8209991455078125,0.6723201870918274,-0.016629882156848907,0.7430857419967651,0.6749858260154724,-0.010245422832667828,0.8287864327430725,0.84275221824646,0.17336566746234894,0.7501518130302429,0.8465300798416138,0.17485325038433075,0.8237412571907043,0.858157753944397,0.18180881440639496,0.7553679943084717,0.8581370115280151,0.18367190659046173,0.8306959271430969,0.8948467969894409,0.014042070135474205,0.7422206401824951,0.9020098447799683,0.010024205781519413
deadlift_1100101.jpg,0.7750397324562073,0.2773861885070801,-0.7865492105484009,0.7815020084381104,0.2512544095516205,-0.7787941098213196,0.7854095697402954,0.25091248750686646,-0.7787549495697021,0.7893571853637695,0.25058311223983765,-0.7788564562797546,0.7696192264556885,0.2510703206062317,-0.7775411009788513,0.7653245329856873,0.25059303641319275,-0.7777431607246399,0.7612661719322205,0.25006207823753357,-0.7777702212333679,0.7965907454490662,0.2530076503753662,-0.638658881187439,0.7535587549209595,0.2544553875923157,-0.6334421634674072,0.7838118076324463,0.2932676076889038,-0.7282251119613647,0.7672871351242065,0.2944090962409973,-0.7266119718551636,0.8369301557540894,0.3413642942905426,-0.45974767208099365,0.7164853811264038,0.34739914536476135,-0.4542657732963562,0.8512113094329834,0.4758778512477875,-0.39734145998954773,0.7075629830360413,0.48941490054130554,-0.38885262608528137,0.8556292653083801,0.597548246383667,-0.4311577081680298,0.6983124017715454,0.6069175004959106,-0.4468943476676941,0.8647634983062744,0.6272589564323425,-0.422793447971344,0.6955238580703735,0.6396281123161316,-0.4634384214878082,0.859053373336792,0.6283580660820007,-0.38967958092689514,0.7027363181114197,0.6375561356544495,-0.5000435709953308,0.8533056974411011,0.6199479103088379,-0.43539243936538696,0.7049459218978882,0.6300196647644043,-0.4628968834877014,0.8125259280204773,0.49176859855651855,-0.006793555337935686,0.7502800822257996,0.4937208890914917,0.006794053595513105,0.8279342651367188,0.6689708828926086,-0.09556125104427338,0.7382327318191528,0.665117084980011,-0.0800832211971283,0.8312642574310303,0.8562861084938049,0.030413825064897537,0.7515246868133545,0.8534861207008362,0.09894471615552902,0.8273980021476746,0.8690856099128723,0.029166992753744125,0.760191798210144,0.8714762330055237,0.08580595999956131,0.8484405279159546,0.8998151421546936,-0.11102116107940674,0.732183575630188,0.899041473865509,-0.09057162702083588
deadlift_1100111.jpg,0.7747405171394348,0.46499088406562805,-0.8733925223350525,0.7817944288253784,0.454913467168808,-0.8601369857788086,0.7864275574684143,0.4527721107006073,-0.860094428062439,0.7909648418426514,0.44984084367752075,-0.8602634072303772,0.7688979506492615,0.45527365803718567,-0.861516535282135,0.7645303010940552,0.45369628071784973,-0.8617101907730103,0.7601282596588135,0.4515645205974579,-0.8617914915084839,0.7985112071037292,0.4307529032230377,-0.7042675614356995,0.7507867813110352,0.4263656735420227,-0.7115895748138428,0.7816067934036255,0.46525681018829346,-0.8081647753715515,0.7653151154518127,0.4656849205493927,-0.810419499874115,0.8335283398628235,0.44772931933403015,-0.5180481672286987,0.7202610373497009,0.45589494705200195,-0.531567394733429,0.8510154485702515,0.5331199765205383,-0.48974260687828064,0.7159308791160583,0.5144498348236084,-0.5118972063064575,0.8612363338470459,0.6742869019508362,-0.5596478581428528,0.7110399007797241,0.6843398213386536,-0.5864641070365906,0.8704348206520081,0.7097161412239075,-0.593559980392456,0.7029625177383423,0.721203625202179,-0.6240116953849792,0.8616460561752319,0.710655927658081,-0.617791473865509,0.7115484476089478,0.7212942242622375,-0.6582933664321899,0.8552541136741638,0.7008898854255676,-0.5738683938980103,0.7155066728591919,0.7106434106826782,-0.603567898273468,0.8153643012046814,0.5449322462081909,-0.0018503133906051517,0.7483274936676025,0.544615626335144,0.0020673898980021477,0.8303425312042236,0.6368240118026733,-0.39917507767677307,0.7320502400398254,0.6438793540000916,-0.34192079305648804,0.8252487182617188,0.753291130065918,-0.0461113303899765,0.7318951487541199,0.7210434675216675,-0.0004602199769578874,0.819872260093689,0.764774739742279,-0.017112798988819122,0.7349880933761597,0.7579522132873535,0.02562234364449978,0.8349955677986145,0.8019542098045349,-0.14956659078598022,0.7261444330215454,0.7776544094085693,-0.11507224291563034
deadlift_1200001.jpg,0.6766449809074402,0.4120289981365204,0.028372062370181084,0.6748864650726318,0.3944959044456482,0.005103996489197016,0.6762996912002563,0.3927720785140991,0.0050282846204936504,0.6777873635292053,0.3907216787338257,0.0050384062342345715,0.674089789390564,0.3949850797653198,0.03881927579641342,0.6748435497283936,0.39379745721817017,0.03887315094470978,0.6756541728973389,0.3923284709453583,0.0388302318751812,0.6941515803337097,0.37953314185142517,-0.08271189779043198,0.6898956298828125,0.3807275891304016,0.07009181380271912,0.6877604722976685,0.4199361503124237,-0.0022186513524502516,0.6874643564224243,0.4208091199398041,0.042559411376714706,0.740032434463501,0.41628363728523254,-0.16584734618663788,0.7444600462913513,0.42744946479797363,0.11570464819669724,0.7592185139656067,0.480636328458786,-0.24856223165988922,0.7713759541511536,0.49503952264785767,0.12082178890705109,0.7631582021713257,0.564858615398407,-0.2546965479850769,0.7570123672485352,0.5917702317237854,0.09272649884223938,0.7676321864128113,0.5865988731384277,-0.27213847637176514,0.754231333732605,0.6159922480583191,0.11255237460136414,0.7585299015045166,0.586938202381134,-0.2515462636947632,0.7469876408576965,0.6046267747879028,0.09154526889324188,0.7567378878593445,0.5812450647354126,-0.24508339166641235,0.7495289444923401,0.612537682056427,0.08272211253643036,0.7637061476707458,0.5499645471572876,-0.06486611813306808,0.7544808983802795,0.5672835111618042,0.06467852741479874,0.7853872179985046,0.6836404800415039,-0.1607901155948639,0.752963662147522,0.6576224565505981,0.10202661901712418,0.7745268940925598,0.754064679145813,-0.3964146375656128,0.7654345035552979,0.7381094098091125,-0.12243631482124329,0.7777172923088074,0.7700763940811157,-0.4226382374763489,0.7722921967506409,0.7551405429840088,-0.14647731184959412,0.7656354308128357,0.7676262855529785,-0.4735352694988251,0.750066876411438,0.7693178653717041,-0.1766815334558487
deadlift_1200011.jpg,0.6731054782867432,0.30651625990867615,0.013532600365579128,0.674577534198761,0.2918449342250824,-0.011195717379450798,0.6760438084602356,0.29089096188545227,-0.011271140538156033,0.6777708530426025,0.2898314893245697,-0.011294861324131489,0.673967719078064,0.2913197875022888,0.02457526884973049,0.675000786781311,0.2900196313858032,0.024624893441796303,0.6764065027236938,0.288523405790329,0.024600083008408546,0.6937669515609741,0.28513193130493164,-0.10500327497720718,0.6926495432853699,0.28315022587776184,0.056908417493104935,0.6828555464744568,0.3179185092449188,-0.019742224365472794,0.6820486187934875,0.31725385785102844,0.027479378506541252,0.7305431962013245,0.3465351462364197,-0.19473738968372345,0.7551244497299194,0.3315783143043518,0.11874602735042572,0.7417277693748474,0.4566327929496765,-0.21146966516971588,0.7853505611419678,0.43938443064689636,0.12019245326519012,0.7414026260375977,0.5243209600448608,-0.12719348073005676,0.7723333239555359,0.5203704833984375,0.08799653500318527,0.7465203404426575,0.538591742515564,-0.13410253822803497,0.7712849378585815,0.5386134386062622,0.1089799702167511,0.7445285320281982,0.5378458499908447,-0.12110136449337006,0.7618520855903625,0.5398716926574707,0.091720350086689,0.7444480061531067,0.5331643223762512,-0.1188313215970993,0.7619782090187073,0.534738302230835,0.0786958858370781,0.7456443905830383,0.5453289747238159,-0.09058628976345062,0.7711493968963623,0.5360373854637146,0.09008575230836868,0.7412702441215515,0.5976455807685852,-0.1257125437259674,0.7576577663421631,0.562491238117218,0.3164934515953064,0.7494694590568542,0.6896651387214661,-0.30392932891845703,0.7702837586402893,0.6490017175674438,0.2254471480846405,0.7581365704536438,0.7083260416984558,-0.321876585483551,0.778590202331543,0.6667971014976501,0.21495088934898376,0.7275972962379456,0.7051575779914856,-0.37811967730522156,0.7435094714164734,0.6743970513343811,0.20593450963497162
deadlift_1200021.jpg,0.7047814726829529,0.1599232405424118,-0.11673945933580399,0.7083925008773804,0.14124475419521332,-0.13892140984535217,0.7102679014205933,0.14070795476436615,-0.13901181519031525,0.7122676372528076,0.1398938000202179,-0.1390562206506729,0.7063987255096436,0.14160798490047455,-0.10037697851657867,0.7067199945449829,0.14162880182266235,-0.10034661740064621,0.7072093486785889,0.14138054847717285,-0.100411556661129,0.7282677888870239,0.14008507132530212,-0.18586918711662292,0.722858726978302,0.1410173773765564,-0.013481007888913155,0.7116210460662842,0.1738974004983902,-0.131040558218956,0.7094125151634216,0.17435945570468903,-0.0808730199933052,0.7579530477523804,0.22341471910476685,-0.2605747580528259,0.7576496601104736,0.21664738655090332,0.11708864569664001,0.7614225149154663,0.32755616307258606,-0.2509397566318512,0.7677437663078308,0.32027676701545715,0.15263326466083527,0.7558397650718689,0.42110493779182434,-0.20755799114704132,0.7578863501548767,0.39885449409484863,0.07762539386749268,0.7601025700569153,0.441459983587265,-0.23504208028316498,0.760331928730011,0.4240117073059082,0.08001664280891418,0.7554600238800049,0.4422260820865631,-0.2273278832435608,0.7560967206954956,0.4240204691886902,0.04872520640492439,0.7548978328704834,0.4355221092700958,-0.2024082988500595,0.757853627204895,0.4166806936264038,0.06135690212249756,0.7888327240943909,0.42301151156425476,-0.11887910217046738,0.7873786687850952,0.4221571981906891,0.11881698668003082,0.7556756734848022,0.5574127435684204,-0.12835484743118286,0.737321674823761,0.5016106963157654,0.11812230199575424,0.7748622894287109,0.7206827998161316,-0.03147901967167854,0.7248914837837219,0.6412003636360168,0.21542024612426758,0.7753673791885376,0.7236916422843933,-0.024818528443574905,0.7334270477294922,0.6697621941566467,0.22235774993896484,0.7322810292243958,0.7487051486968994,-0.08624961972236633,0.6730130910873413,0.6635937690734863,0.18538694083690643
deadlift_1200031.jpg,0.7484664916992188,0.11221732944250107,-0.07564906030893326,0.7540038228034973,0.09923794120550156,-0.09580255299806595,0.7559403777122498,0.0986669510602951,-0.09591372311115265,0.7579643130302429,0.0979299545288086,-0.0960385799407959,0.7514636516571045,0.0990220457315445,-0.06020563840866089,0.7516347765922546,0.0982581377029419,-0.06012257561087608,0.7519468665122986,0.09723284095525742,-0.06014658510684967,0.7708452343940735,0.10115470737218857,-0.13766323029994965,0.7647193670272827,0.10032118856906891,0.021404756233096123,0.7546239495277405,0.12611956894397736,-0.08743968605995178,0.7516003251075745,0.12618254125118256,-0.04137720912694931,0.7827688455581665,0.19202207028865814,-0.20985503494739532,0.7808273434638977,0.18506008386611938,0.1385265737771988,0.7722135186195374,0.29685312509536743,-0.20887252688407898,0.7800065875053406,0.28749769926071167,0.18766923248767853,0.7599953413009644,0.3572949767112732,-0.09958264231681824,0.7671476602554321,0.3583526909351349,0.13809193670749664,0.761185884475708,0.3711244761943817,-0.11608420312404633,0.7648571729660034,0.3749563992023468,0.14075957238674164,0.7612098455429077,0.3692035675048828,-0.1104649156332016,0.761467695236206,0.37275928258895874,0.11168917268514633,0.7618584036827087,0.365463525056839,-0.09405451267957687,0.7621365189552307,0.3675292432308197,0.12293807417154312,0.7692725658416748,0.39521676301956177,-0.10391638427972794,0.7762568593025208,0.390452116727829,0.10396625101566315,0.7625571489334106,0.5531134009361267,-0.09015722572803497,0.755955696105957,0.5258384943008423,0.18216821551322937,0.7786073684692383,0.7185468077659607,0.006943695247173309,0.7501643300056458,0.6494362354278564,0.3114631474018097,0.7820430397987366,0.7395278811454773,0.013264634646475315,0.7566722631454468,0.6713395118713379,0.3216974437236786,0.7324733138084412,0.7521430850028992,-0.06292586773633957,0.7173982262611389,0.6747546792030334,0.27852705121040344
deadlift_1200041.jpg,0.760633647441864,0.11499974131584167,-0.07589931041002274,0.766348659992218,0.10040426254272461,-0.09367067366838455,0.7683418393135071,0.10019964724779129,-0.09376999735832214,0.7705421447753906,0.09997312724590302,-0.0938771516084671,0.7641807198524475,0.10014139860868454,-0.06075583025813103,0.7646849751472473,0.0997091680765152,-0.06072080135345459,0.7653800845146179,0.0990447998046875,-0.06075304001569748,0.7842018604278564,0.1037961021065712,-0.12653498351573944,0.7779445052146912,0.10066195577383041,0.02005072869360447,0.767997682094574,0.12931500375270844,-0.08395195007324219,0.7649105787277222,0.12890905141830444,-0.04155315086245537,0.7917033433914185,0.19453772902488708,-0.20037265121936798,0.7908172607421875,0.19112786650657654,0.14063887298107147,0.7751854062080383,0.3035587668418884,-0.20392738282680511,0.7892181873321533,0.29330745339393616,0.18597885966300964,0.7604893445968628,0.373207688331604,-0.11228080838918686,0.7743812203407288,0.36338484287261963,0.14213718473911285,0.7624853849411011,0.3885463774204254,-0.13016633689403534,0.7727841734886169,0.3814351260662079,0.1449134796857834,0.7626127004623413,0.3879201114177704,-0.12831589579582214,0.7691512703895569,0.37846824526786804,0.11723382025957108,0.7632386088371277,0.38326728343963623,-0.10899249464273453,0.7699210047721863,0.37319642305374146,0.12801626324653625,0.7638596296310425,0.39882004261016846,-0.10428142547607422,0.7774423956871033,0.3988059461116791,0.10430583357810974,0.7575393915176392,0.5592939853668213,-0.08349438011646271,0.7716236114501953,0.5461699366569519,0.13284534215927124,0.7785928249359131,0.7204559445381165,0.0054219807498157024,0.773658037185669,0.6996903419494629,0.22698257863521576,0.7960836887359619,0.7157192826271057,0.01133014913648367,0.7867919206619263,0.701285183429718,0.2326572686433792,0.7361942529678345,0.7521383762359619,-0.05467319115996361,0.741642415523529,0.7309331297874451,0.17572765052318573
deadlift_1200051.jpg,0.7618963122367859,0.11293019354343414,-0.05843069404363632,0.7669475674629211,0.0991033986210823,-0.07844483852386475,0.7687098383903503,0.09892305731773376,-0.07853763550519943,0.7705792784690857,0.09872099757194519,-0.0786343440413475,0.7653639912605286,0.09871001541614532,-0.04445033147931099,0.7660349011421204,0.09817936271429062,-0.04441549628973007,0.7668730616569519,0.09751871228218079,-0.044478222727775574,0.7846085429191589,0.10330376029014587,-0.11910607665777206,0.7802644968032837,0.1015925481915474,0.03281547129154205,0.7679248452186584,0.12915320694446564,-0.0688474178314209,0.7653307318687439,0.12900549173355103,-0.02502204291522503,0.7950590252876282,0.19165055453777313,-0.19490988552570343,0.7948720455169678,0.18933382630348206,0.14592620730400085,0.7815676331520081,0.3054162859916687,-0.21932844817638397,0.7875044345855713,0.29835593700408936,0.17841653525829315,0.7620975971221924,0.389484703540802,-0.14748474955558777,0.7750023007392883,0.37034013867378235,0.1259116232395172,0.7634847164154053,0.40901193022727966,-0.16691173613071442,0.7712529301643372,0.38801485300064087,0.12754228711128235,0.7614149451255798,0.40947774052619934,-0.16394636034965515,0.7673692107200623,0.38601696491241455,0.10109908878803253,0.7617511749267578,0.40237346291542053,-0.1439228504896164,0.7685964703559875,0.37948036193847656,0.11192610114812851,0.7676318287849426,0.39695632457733154,-0.10086293518543243,0.7748109102249146,0.3990415036678314,0.10091349482536316,0.7568520307540894,0.545474648475647,-0.10259638726711273,0.7762650847434998,0.5535622239112854,0.11956361681222916,0.7755734324455261,0.6520980000495911,0.02510557509958744,0.7790164351463318,0.7192776203155518,0.19272294640541077,0.7861478924751282,0.6673251390457153,0.03481391817331314,0.7870523929595947,0.7384747862815857,0.1960766315460205,0.742305338382721,0.6803464889526367,-0.016695337370038033,0.7424187064170837,0.7455902695655823,0.13524028658866882
deadlift_1200061.jpg,0.7505242228507996,0.11862608790397644,-0.03770136460661888,0.7553097605705261,0.10428860038518906,-0.05874767526984215,0.757274329662323,0.10407961905002594,-0.05882246047258377,0.7591915130615234,0.10390549898147583,-0.05889842286705971,0.7532135248184204,0.10394114255905151,-0.024444447830319405,0.7536945343017578,0.10343972593545914,-0.024421634152531624,0.7543461322784424,0.1028192937374115,-0.024489890784025192,0.7726393938064575,0.10806026309728622,-0.10382206737995148,0.7682222723960876,0.10571690648794174,0.04965202882885933,0.7574415802955627,0.132053941488266,-0.049444179981946945,0.754973828792572,0.1321275681257248,-0.00511486129835248,0.7849271297454834,0.18853513896465302,-0.18450285494327545,0.7942664623260498,0.1866510659456253,0.16751627624034882,0.7760948538780212,0.2965294420719147,-0.21751074492931366,0.7893160581588745,0.2859730124473572,0.20275774598121643,0.7611009478569031,0.3769721984863281,-0.14344678819179535,0.7757576107978821,0.34899407625198364,0.15336886048316956,0.7628753185272217,0.3972330689430237,-0.16287602484226227,0.7753415703773499,0.35638126730918884,0.15829987823963165,0.7596139907836914,0.39654281735420227,-0.1564517617225647,0.7707036137580872,0.3542478680610657,0.12904982268810272,0.7604160308837891,0.3892085552215576,-0.13827241957187653,0.7718830704689026,0.34824007749557495,0.13834169507026672,0.7598011493682861,0.3943289816379547,-0.1046302318572998,0.779739260673523,0.3995143175125122,0.10469754785299301,0.7437864542007446,0.5324437618255615,-0.10079782456159592,0.7820938229560852,0.5550798773765564,0.11615145206451416,0.768828809261322,0.6154711842536926,0.014708876609802246,0.7797821760177612,0.7205362319946289,0.1715601533651352,0.7782264947891235,0.6270132660865784,0.02387893572449684,0.7849485278129578,0.7418355345726013,0.1737850159406662,0.742395281791687,0.6398505568504333,-0.007819500751793385,0.7415623068809509,0.7466767430305481,0.12097683548927307
deadlift_1200071.jpg,0.7117300629615784,0.15746591985225677,-0.10442860424518585,0.7141446471214294,0.14272280037403107,-0.12551411986351013,0.7160418629646301,0.1421421319246292,-0.12561263144016266,0.7181043028831482,0.14141981303691864,-0.12567785382270813,0.7126821279525757,0.14231394231319427,-0.08963106572628021,0.7134775519371033,0.14160458743572235,-0.08961024135351181,0.714572012424469,0.1407027244567871,-0.08967329561710358,0.7325114011764526,0.1401379406452179,-0.1682685911655426,0.7297971248626709,0.13934387266635895,-0.009739291854202747,0.7207444906234741,0.16845785081386566,-0.11695300787687302,0.7192232608795166,0.16846701502799988,-0.07054002583026886,0.7636708617210388,0.21084177494049072,-0.2145114690065384,0.7686040997505188,0.20765405893325806,0.10896310210227966,0.7707979083061218,0.31071987748146057,-0.2701275050640106,0.7722182869911194,0.3131878077983856,0.14640621840953827,0.7528123259544373,0.3929329812526703,-0.19536420702934265,0.7647788524627686,0.3934350609779358,0.07624837756156921,0.7525128126144409,0.41420677304267883,-0.21947912871837616,0.7601101398468018,0.414148211479187,0.07843657582998276,0.7476794719696045,0.40989112854003906,-0.22018097341060638,0.7547175288200378,0.41231226921081543,0.047274667769670486,0.7494394183158875,0.4023791551589966,-0.19506743550300598,0.7577839493751526,0.4037277102470398,0.05976100265979767,0.7708157896995544,0.41048961877822876,-0.10794175416231155,0.77253258228302,0.4083787798881531,0.10794542729854584,0.7596446871757507,0.5566223859786987,-0.07447414100170135,0.7481802105903625,0.49787741899490356,0.1404605656862259,0.7768673300743103,0.7002575993537903,0.013074415735900402,0.7469587326049805,0.6141332387924194,0.22595976293087006,0.7846909761428833,0.7154139876365662,0.01809164136648178,0.7554486989974976,0.6388695240020752,0.23208634555339813,0.7392051815986633,0.7343388199806213,-0.04708276689052582,0.7063425779342651,0.6318367719650269,0.19989565014839172
deadlift_1200081.jpg,0.6848366260528564,0.26327478885650635,-0.0070891487412154675,0.6845607161521912,0.24856656789779663,-0.025530677288770676,0.6863328218460083,0.2467987835407257,-0.025599436834454536,0.688410222530365,0.2448253184556961,-0.02560926042497158,0.682658851146698,0.25016096234321594,0.009900297038257122,0.6828857064247131,0.24971480667591095,0.009943228214979172,0.6832768321037292,0.2491399347782135,0.009907731786370277,0.7047548890113831,0.23451682925224304,-0.07817498594522476,0.6989219188690186,0.23919808864593506,0.08266013115644455,0.6956098675727844,0.27098286151885986,-0.024388512596488,0.6936627626419067,0.2735401391983032,0.022007586434483528,0.7495524883270264,0.2750506103038788,-0.13530562818050385,0.7494837641716003,0.27750831842422485,0.1427573561668396,0.7641648650169373,0.3375013470649719,-0.16039709746837616,0.7773104310035706,0.348923921585083,0.1545676738023758,0.7660977840423584,0.41997379064559937,-0.09215124696493149,0.7671685814857483,0.43354153633117676,0.12935468554496765,0.764001727104187,0.4354327619075775,-0.10391385108232498,0.765882134437561,0.4708363711833954,0.13990101218223572,0.7587658166885376,0.43589404225349426,-0.09498509019613266,0.7635236382484436,0.47783201932907104,0.12099194526672363,0.7587243318557739,0.423202246427536,-0.08548348397016525,0.7661503553390503,0.4668269753456116,0.11955082416534424,0.7718910574913025,0.475687712430954,-0.104326531291008,0.754016637802124,0.47130706906318665,0.10484050959348679,0.765698254108429,0.5647915601730347,-0.41523608565330505,0.7439206838607788,0.5464716553688049,0.11633074283599854,0.7714669108390808,0.7046145796775818,-0.5964909791946411,0.7576240301132202,0.6412429809570312,0.14789113402366638,0.7808411121368408,0.7357839941978455,-0.6179264187812805,0.7679489254951477,0.6642090678215027,0.14317923784255981,0.7422588467597961,0.73142409324646,-0.7372890114784241,0.7235630750656128,0.6557347774505615,0.12580426037311554
deadlift_1300001.jpg,0.7162230014801025,0.40942224860191345,-0.27379077672958374,0.7133401036262512,0.4127251207828522,-0.30038538575172424,0.7114896178245544,0.4123236835002899,-0.30042320489883423,0.7094831466674805,0.4119850993156433,-0.3005932867527008,0.7185847759246826,0.41265779733657837,-0.2905254065990448,0.7199726700782776,0.4122025668621063,-0.29056403040885925,0.7206680178642273,0.4117145836353302,-0.2906539738178253,0.7101714015007019,0.4100284278392792,-0.3303254544734955,0.7328321933746338,0.41170230507850647,-0.2811099588871002,0.7166174650192261,0.40844517946243286,-0.27246102690696716,0.7239241003990173,0.4082205593585968,-0.2593853771686554,0.6867145299911499,0.41021960973739624,-0.23634938895702362,0.7672392129898071,0.4001122713088989,-0.15901629626750946,0.6531200408935547,0.4082927703857422,-0.07880857586860657,0.8073365688323975,0.40072178840637207,-0.020723041146993637,0.6676569581031799,0.3902495205402374,0.13184450566768646,0.7971379160881042,0.40013203024864197,0.06375248730182648,0.6634294986724854,0.3840017020702362,0.14161843061447144,0.8001802563667297,0.4024483561515808,0.06782739609479904,0.6739481091499329,0.3821820020675659,0.1304371953010559,0.7801723480224609,0.3986985981464386,0.044274162501096725,0.6775522828102112,0.38304510712623596,0.13391882181167603,0.7803333401679993,0.3996032178401947,0.0535212941467762,0.7132332921028137,0.523202657699585,-0.04139849916100502,0.7589962482452393,0.5022569298744202,0.041747115552425385,0.6534351706504822,0.41318514943122864,-0.013716858811676502,0.7283366918563843,0.3774681091308594,0.10687972605228424,0.632298469543457,0.3266748785972595,0.16071929037570953,0.6871591210365295,0.29843032360076904,0.2709594964981079,0.6287955045700073,0.3213299512863159,0.17749594151973724,0.6780503392219543,0.29757869243621826,0.2863340675830841,0.6297950744628906,0.2634340226650238,0.13341951370239258,0.6775205731391907,0.23845621943473816,0.252218633890152
deadlift_1300011.jpg,0.7012550830841064,0.42905405163764954,0.4907158315181732,0.703888475894928,0.4268251657485962,0.5037503838539124,0.7053201794624329,0.42513203620910645,0.5037609338760376,0.7067604660987854,0.42355066537857056,0.5037593245506287,0.7009330987930298,0.4304511249065399,0.5218398571014404,0.7006529569625854,0.4311651587486267,0.5218364596366882,0.7003144025802612,0.4319891631603241,0.5217766761779785,0.7179499268531799,0.42181459069252014,0.5065075755119324,0.704548180103302,0.4323367774486542,0.5919777750968933,0.7062323093414307,0.42858847975730896,0.48419830203056335,0.7048199772834778,0.43245255947113037,0.5082358121871948,0.7428571581840515,0.4218592345714569,0.35840871930122375,0.7056249380111694,0.4532429873943329,0.5512182712554932,0.7395642399787903,0.4272756278514862,0.3374335467815399,0.6627775430679321,0.454792320728302,0.47920358180999756,0.7312831878662109,0.39122262597084045,0.43411022424697876,0.6447028517723083,0.4218374490737915,0.40811672806739807,0.7263949513435364,0.38698408007621765,0.4367406964302063,0.643136739730835,0.4250551462173462,0.4097369313240051,0.727313220500946,0.3820652365684509,0.4530227482318878,0.6418160200119019,0.4116442799568176,0.4047999382019043,0.7267674803733826,0.38349592685699463,0.44494548439979553,0.6423747539520264,0.41005468368530273,0.4036870300769806,0.7481740117073059,0.5153656005859375,-0.08116235584020615,0.7208879590034485,0.543332040309906,0.08022461831569672,0.675648033618927,0.3787303864955902,-0.03820228949189186,0.6599189043045044,0.3865726590156555,0.06432264298200607,0.614057183265686,0.27201560139656067,-0.15447451174259186,0.5945077538490295,0.2767602205276489,-0.19210685789585114,0.6065361499786377,0.27556082606315613,-0.1757952868938446,0.5922918319702148,0.27654704451560974,-0.22610440850257874,0.5839328169822693,0.21661481261253357,-0.2095484435558319,0.5712483525276184,0.215067520737648,-0.2969337999820709
deadlift_1300021.jpg,0.7137839794158936,0.445481538772583,0.4065450429916382,0.7197800874710083,0.43684354424476624,0.4263545274734497,0.721854031085968,0.4347573518753052,0.4262011647224426,0.723527729511261,0.43273651599884033,0.4264093339443207,0.7147578597068787,0.44266894459724426,0.43399733304977417,0.7131534814834595,0.4441639482975006,0.4338361620903015,0.7114744782447815,0.4457399249076843,0.4336131811141968,0.7347367405891418,0.4341815412044525,0.4775193929672241,0.715274453163147,0.45107752084732056,0.5126694440841675,0.7204664349555969,0.44878536462783813,0.4224275052547455,0.7138137817382812,0.4545557200908661,0.43137326836586,0.7578312754631042,0.45138266682624817,0.3630559742450714,0.7025320529937744,0.49378615617752075,0.4817829728126526,0.7470241785049438,0.5034400224685669,0.23305265605449677,0.6367356777191162,0.5169110298156738,0.3936964273452759,0.6672239899635315,0.4579469561576843,0.19186677038669586,0.6077450513839722,0.4838515818119049,0.36273282766342163,0.6502996683120728,0.4437941610813141,0.18593408167362213,0.6046920418739319,0.4814169704914093,0.3613028824329376,0.6506222486495972,0.4267607033252716,0.2030763179063797,0.6054620146751404,0.46694323420524597,0.3607890009880066,0.6540076732635498,0.4437521696090698,0.20084749162197113,0.6052507162094116,0.4724336266517639,0.3626956045627594,0.7620449662208557,0.5708909034729004,-0.05650223791599274,0.7181316018104553,0.6112502217292786,0.056274428963661194,0.7184102535247803,0.4768839478492737,-0.21224069595336914,0.6697120070457458,0.43556323647499084,-0.1474955826997757,0.6750256419181824,0.5041280388832092,-0.5478983521461487,0.6533274054527283,0.4954501688480377,-0.5969972610473633,0.6729345917701721,0.5218169689178467,-0.5847674012184143,0.6661763787269592,0.4967406392097473,-0.6463413834571838,0.6449946761131287,0.4654959440231323,-0.6374202966690063,0.630163848400116,0.47372347116470337,-0.7350490689277649
deadlift_1300031.jpg,0.7169304490089417,0.51575767993927,0.35593879222869873,0.7249200940132141,0.517116904258728,0.36882439255714417,0.7263320684432983,0.5161295533180237,0.36871397495269775,0.7291918396949768,0.5141819715499878,0.36890727281570435,0.721635639667511,0.5188500881195068,0.3837975859642029,0.7170262932777405,0.513447642326355,0.38364189863204956,0.7156708836555481,0.5140824317932129,0.3833886682987213,0.7383125424385071,0.507792592048645,0.3948483169078827,0.7199274301528931,0.5124288201332092,0.4631456136703491,0.7272905111312866,0.5311137437820435,0.36326703429222107,0.7170097231864929,0.5207023024559021,0.3819221556186676,0.7642826437950134,0.5046170353889465,0.2615482211112976,0.7112368941307068,0.5375252962112427,0.45065316557884216,0.7242633104324341,0.5416266918182373,0.10153975337743759,0.6473755240440369,0.5709599256515503,0.3862130045890808,0.641431450843811,0.5249720811843872,0.11160625517368317,0.6181694865226746,0.5675694942474365,0.35980844497680664,0.6238371729850769,0.524093747138977,0.07074685394763947,0.6143737435340881,0.5698801875114441,0.3561738431453705,0.6212247610092163,0.5186182856559753,0.11814284324645996,0.6151425242424011,0.5626832842826843,0.35303908586502075,0.6265414953231812,0.5235463380813599,0.10252094268798828,0.615425705909729,0.5645862817764282,0.3580015301704407,0.7678162455558777,0.6393408179283142,-0.06269560009241104,0.7219659090042114,0.6631052494049072,0.06252220273017883,0.7175590991973877,0.5410321354866028,-0.22246254980564117,0.6806991696357727,0.5159753561019897,-0.2017657607793808,0.6890751719474792,0.5890665054321289,-0.50205397605896,0.6635721325874329,0.5710938572883606,-0.6379153728485107,0.6916072964668274,0.6341201663017273,-0.5334166288375854,0.6731051206588745,0.6072852611541748,-0.6858108639717102,0.6566570997238159,0.5301564335823059,-0.5864754915237427,0.6361731886863708,0.5244738459587097,-0.7793692946434021
deadlift_1300041.jpg,0.716522753238678,0.5486027002334595,0.1892995834350586,0.7217652797698975,0.5395954847335815,0.1782425493001938,0.7228049039840698,0.5383052229881287,0.17819800972938538,0.7241866588592529,0.5370430946350098,0.1782790571451187,0.720806360244751,0.5412269234657288,0.2003622204065323,0.7197880148887634,0.5406506657600403,0.2003045231103897,0.7197020649909973,0.5402904748916626,0.2000240981578827,0.7352056503295898,0.5305358171463013,0.18533878028392792,0.726432204246521,0.5350646376609802,0.25440362095832825,0.7219019532203674,0.5519055128097534,0.17378748953342438,0.7191844582557678,0.5529766082763672,0.20227521657943726,0.7507923245429993,0.5377759337425232,0.029835963621735573,0.7289922833442688,0.5564692616462708,0.3976871371269226,0.6907127499580383,0.5788934230804443,-0.08238911628723145,0.6670156717300415,0.6085264682769775,0.2508314847946167,0.6061336994171143,0.6181102991104126,-0.13643306493759155,0.6239173412322998,0.6378960609436035,0.18721672892570496,0.6068718433380127,0.6434949040412903,-0.16534283757209778,0.6154525876045227,0.64152991771698,0.18900355696678162,0.6000820994377136,0.6458517909049988,-0.15872642397880554,0.6134182810783386,0.6445415019989014,0.17084284126758575,0.60076904296875,0.6411799192428589,-0.13456541299819946,0.6163977384567261,0.645656406879425,0.1798265129327774,0.7609980702400208,0.7155349850654602,-0.07077326625585556,0.7353835701942444,0.7199898362159729,0.0704803541302681,0.7176494002342224,0.6406283974647522,-0.20699605345726013,0.7010132074356079,0.6271116733551025,-0.0846329927444458,0.6957893967628479,0.6720985174179077,-0.36479711532592773,0.6793822646141052,0.648048460483551,-0.33194583654403687,0.6981642246246338,0.7043153047561646,-0.3813680112361908,0.6751168370246887,0.6754603385925293,-0.36668315529823303,0.6698523759841919,0.6142802238464355,-0.41304340958595276,0.6587730050086975,0.588934600353241,-0.4201204180717468
deadlift_1300051.jpg,0.7110546827316284,0.5976572036743164,0.09373984485864639,0.7160663604736328,0.5886589288711548,0.06789133697748184,0.7169205546379089,0.5881884694099426,0.06793811917304993,0.7251092195510864,0.6238235831260681,0.06804300099611282,0.7166615128517151,0.5879862904548645,0.09045447409152985,0.7176059484481812,0.5868630409240723,0.09036261588335037,0.7186957001686096,0.5857393741607666,0.09010084718465805,0.7302731871604919,0.5830913782119751,-0.009099687449634075,0.7288696765899658,0.5799112915992737,0.09211854636669159,0.714718759059906,0.6023739576339722,0.06398920714855194,0.7153270840644836,0.601453423500061,0.09346479922533035,0.7412567734718323,0.5993987917900085,-0.10169435292482376,0.7336474657058716,0.6002982258796692,0.1399800032377243,0.6848198771476746,0.6544268727302551,-0.14885252714157104,0.6658197045326233,0.6610585451126099,0.10631456971168518,0.6373971104621887,0.7128435969352722,-0.15474160015583038,0.6206294894218445,0.7024529576301575,0.02664375677704811,0.6120310425758362,0.7246978878974915,-0.181065171957016,0.6096367239952087,0.7113338708877563,0.017272192984819412,0.6044259667396545,0.7252901792526245,-0.17777268588542938,0.6112083196640015,0.7137686014175415,-0.007194713689386845,0.6264623403549194,0.7261989116668701,-0.15345095098018646,0.6154758334159851,0.7145811319351196,0.014642118476331234,0.7558020353317261,0.7622864842414856,-0.07791418582201004,0.7396974563598633,0.7590569257736206,0.07758130133152008,0.7178469896316528,0.6775966286659241,-0.1926187425851822,0.6780481934547424,0.6611270904541016,-0.11054456979036331,0.646332323551178,0.6639961004257202,-0.3179680109024048,0.594492495059967,0.6529049873352051,-0.403093159198761,0.6377973556518555,0.6812518835067749,-0.3026333153247833,0.5780322551727295,0.6732341051101685,-0.4329853057861328,0.6200475692749023,0.6093826293945312,-0.32471224665641785,0.5736469030380249,0.5899525880813599,-0.4969223737716675
deadlift_1300061.jpg,,,,,,,,,,,,,,,,,,,,,,,,,,,,,,,,,,,,,,,,,,,,,,,,,,,,,,,,,,,,,,,,,,,,,,,,,,,,,,,,,,,,,,,,,,,,,,,,,,,
deadlift_1300071.jpg,0.5346154570579529,0.31197792291641235,-0.9944440126419067,0.5465037822723389,0.2824469208717346,-0.9626070261001587,0.5516608953475952,0.2815946638584137,-0.9627055525779724,0.5567861199378967,0.28102564811706543,-0.9629524946212769,0.5294080972671509,0.2827847898006439,-0.9724295735359192,0.522232711315155,0.2816094756126404,-0.9726086258888245,0.5154380798339844,0.27972543239593506,-0.9726806282997131,0.5627027750015259,0.2784982919692993,-0.7509258389472961,0.5006692409515381,0.2763860821723938,-0.797317624092102,0.5372231602668762,0.3324049115180969,-0.9119333624839783,0.5180214047431946,0.3314938247203827,-0.9252443909645081,0.5895203948020935,0.3906167447566986,-0.5879039168357849,0.4276822805404663,0.3717504143714905,-0.6302542090415955,0.591340959072113,0.5610992312431335,-0.6325241923332214,0.4136626422405243,0.5386551022529602,-0.6578465700149536,0.6005498170852661,0.7167452573776245,-0.7815570831298828,0.41179001331329346,0.7003774046897888,-0.7959855198860168,0.6108337640762329,0.7526636123657227,-0.8479065299034119,0.39837610721588135,0.74259352684021,-0.8615099191665649,0.6036955714225769,0.7558351159095764,-0.881610631942749,0.412673681974411,0.748769223690033,-0.8952030539512634,0.5977808833122253,0.7407264113426208,-0.7994650602340698,0.41860613226890564,0.728350043296814,-0.8127039670944214,0.535573422908783,0.5288416743278503,0.013639041222631931,0.45106151700019836,0.5212148427963257,-0.013365893624722958,0.5534722208976746,0.6037850975990295,-0.6883770227432251,0.43412426114082336,0.6000776886940002,-0.6769980192184448,0.540127158164978,0.7540490627288818,-0.11564865708351135,0.4309576153755188,0.771090030670166,-0.16756121814250946,0.5302776098251343,0.7684805393218994,-0.0682251900434494,0.43598848581314087,0.7913883924484253,-0.12671782076358795,0.5617654919624329,0.8253294825553894,-0.2650189697742462,0.4223681688308716,0.8133372068405151,-0.3640444576740265
deadlift_1300081.jpg,0.5272736549377441,0.30567216873168945,-1.065826177597046,0.5386691689491272,0.2752598524093628,-1.0308781862258911,0.5439244508743286,0.27424395084381104,-1.0309710502624512,0.5493313670158386,0.2738473117351532,-1.0312131643295288,0.5219377279281616,0.275311678647995,-1.0412225723266602,0.5151920914649963,0.27346527576446533,-1.041441559791565,0.5086549520492554,0.27167192101478577,-1.0415657758712769,0.555578887462616,0.270451158285141,-0.8072054982185364,0.4945216178894043,0.26737406849861145,-0.8569270372390747,0.5310340523719788,0.32665300369262695,-0.9798285961151123,0.5117266774177551,0.3259851336479187,-0.9940627813339233,0.5868064165115356,0.387787789106369,-0.6269553303718567,0.42268791794776917,0.37148517370224,-0.6853004693984985,0.591059148311615,0.5604565739631653,-0.6649877429008484,0.4083736538887024,0.5418367385864258,-0.7231881618499756,0.6005003452301025,0.7179716229438782,-0.8110007643699646,0.4046001732349396,0.7110967040061951,-0.867974579334259,0.6104108095169067,0.7545217871665955,-0.8785602450370789,0.387155145406723,0.7592190504074097,-0.9401096701622009,0.6028513312339783,0.7577336430549622,-0.9146305322647095,0.40682318806648254,0.7648003697395325,-0.9728766083717346,0.5970343947410583,0.7431668043136597,-0.8298491835594177,0.41485339403152466,0.7476415038108826,-0.8847528100013733,0.5341578125953674,0.5265182852745056,0.015329957939684391,0.44895875453948975,0.5184426307678223,-0.015081362798810005,0.5529863238334656,0.6040292978286743,-0.7442111372947693,0.43327274918556213,0.6008424758911133,-0.7262709140777588,0.5343148708343506,0.7436515688896179,-0.12468285858631134,0.4312354624271393,0.7645229697227478,-0.17435336112976074,0.5251070261001587,0.7557072043418884,-0.07299793511629105,0.43612349033355713,0.7841593623161316,-0.13036681711673737,0.5540133118629456,0.8127188086509705,-0.2700473368167877,0.4176563322544098,0.8039974570274353,-0.36980774998664856
deadlift_1300091.jpg,0.5217222571372986,0.3027088940143585,-1.0746456384658813,0.5323535203933716,0.2713489830493927,-1.0410923957824707,0.5374778509140015,0.2704613208770752,-1.0411763191223145,0.5425673127174377,0.269483745098114,-1.0414273738861084,0.5149912238121033,0.2707245647907257,-1.0472415685653687,0.5082382559776306,0.2694062292575836,-1.0474517345428467,0.5019294023513794,0.26753270626068115,-1.047554612159729,0.5490140914916992,0.2636556029319763,-0.823596179485321,0.4879547357559204,0.26224634051322937,-0.8546133637428284,0.5272185802459717,0.3238196074962616,-0.9912817478179932,0.5061348676681519,0.32266268134117126,-1.0000052452087402,0.5852605104446411,0.38299688696861267,-0.6515327095985413,0.4198145568370819,0.3700254261493683,-0.6811065077781677,0.5905689001083374,0.5565577745437622,-0.7045024037361145,0.40499404072761536,0.5400013327598572,-0.7179279923439026,0.6008117198944092,0.71796053647995,-0.8501318097114563,0.39999401569366455,0.7136626243591309,-0.8597204089164734,0.6105168461799622,0.7551636695861816,-0.9181659817695618,0.3826257884502411,0.7606415748596191,-0.9290042519569397,0.6028802990913391,0.7584722638130188,-0.9518576264381409,0.40339621901512146,0.7657521367073059,-0.9599939584732056,0.597061038017273,0.7442589402198792,-0.8676770329475403,0.41156429052352905,0.7488875389099121,-0.8755914568901062,0.5338226556777954,0.5198177099227905,0.013889133930206299,0.4482724964618683,0.5129945278167725,-0.013710688799619675,0.5517354607582092,0.6040200591087341,-0.7373161911964417,0.428422749042511,0.598537802696228,-0.7147279381752014,0.5347285866737366,0.7335762977600098,-0.12705498933792114,0.43067213892936707,0.7486730813980103,-0.17243048548698425,0.5258021950721741,0.745613157749176,-0.07561139762401581,0.43035921454429626,0.7530120015144348,-0.12726052105426788,0.5548431873321533,0.7990963459014893,-0.2735096216201782,0.41628482937812805,0.7921479344367981,-0.3622214198112488
deadlift_1300101.jpg,0.5211808085441589,0.2826038897037506,-1.0566056966781616,0.5298364758491516,0.2594635784626007,-1.0224432945251465,0.5346673130989075,0.2569120526313782,-1.022533893585205,0.5392825603485107,0.25375038385391235,-1.0227333307266235,0.5125759840011597,0.25991758704185486,-1.0278950929641724,0.5056074261665344,0.2578364908695221,-1.0280382633209229,0.4993097484111786,0.25163978338241577,-1.0280708074569702,0.5447027683258057,0.2431328296661377,-0.7996905446052551,0.48470184206962585,0.2481500655412674,-0.8469915986061096,0.5266889929771423,0.30200493335723877,-0.971504807472229,0.5059945583343506,0.30184662342071533,-0.9793598055839539,0.5844082236289978,0.35601773858070374,-0.627806544303894,0.4177519977092743,0.3486163914203644,-0.6676221489906311,0.5905691385269165,0.5388756394386292,-0.6876179575920105,0.40216970443725586,0.5236237645149231,-0.7597411274909973,0.6010529398918152,0.697989821434021,-0.8840705156326294,0.39708852767944336,0.6980525851249695,-0.920466959476471,0.6105349063873291,0.7372940182685852,-0.9629977345466614,0.3809022307395935,0.7454454898834229,-1.00405752658844,0.6028229594230652,0.7370043396949768,-1.011735439300537,0.40098682045936584,0.747227132320404,-1.0386263132095337,0.5968248248100281,0.7235419154167175,-0.9096611142158508,0.40995553135871887,0.7290727496147156,-0.9397010803222656,0.5338398218154907,0.49959611892700195,0.01454995572566986,0.4479528069496155,0.493150919675827,-0.0145873399451375,0.5477836728096008,0.5865774154663086,-0.9764241576194763,0.43114596605300903,0.5890998244285583,-0.7128165364265442,0.5340687036514282,0.6938090920448303,-1.0547206401824951,0.430589497089386,0.7140807509422302,-0.9376500248908997,0.5251259207725525,0.736876904964447,-1.0766384601593018,0.43079087138175964,0.7624325156211853,-0.9773179292678833,0.5530872344970703,0.673101544380188,-1.2700649499893188,0.41632986068725586,0.6916868090629578,-1.1329998970031738
deadlift_1300111.jpg,0.517274796962738,0.17037296295166016,-0.6522064805030823,0.525651216506958,0.14043109118938446,-0.6186666488647461,0.5299133062362671,0.1387338638305664,-0.618780791759491,0.5338281989097595,0.13779142498970032,-0.6188954710960388,0.509826123714447,0.14029699563980103,-0.6241753101348877,0.5031048059463501,0.13774415850639343,-0.6242192387580872,0.4965323805809021,0.13370643556118011,-0.6241911053657532,0.5363692045211792,0.1397692710161209,-0.423004686832428,0.4836622178554535,0.13352084159851074,-0.45059072971343994,0.5235158801078796,0.19163988530635834,-0.5805190205574036,0.5037966966629028,0.18777988851070404,-0.5882567167282104,0.5819607377052307,0.2777053713798523,-0.26238328218460083,0.41356179118156433,0.27258816361427307,-0.33697545528411865,0.5895309448242188,0.44542041420936584,-0.2925854027271271,0.4015938341617584,0.4468707740306854,-0.39923733472824097,0.6013311743736267,0.6143068671226501,-0.44237369298934937,0.39539238810539246,0.6115167140960693,-0.5439998507499695,0.6098912358283997,0.6553052663803101,-0.4923514425754547,0.3817662000656128,0.6623356938362122,-0.610130250453949,0.6015036106109619,0.6505966782569885,-0.5559660792350769,0.3975408971309662,0.6637144684791565,-0.6532346606254578,0.5958715677261353,0.6347260475158691,-0.47048673033714294,0.40687811374664307,0.6439021229743958,-0.5649584531784058,0.532058835029602,0.4684249758720398,0.01428653858602047,0.44491785764694214,0.4680124521255493,-0.014507031999528408,0.5420083999633789,0.5551955699920654,-0.8558430075645447,0.4365377128124237,0.5905415415763855,-0.6106117367744446,0.542450487613678,0.7060034275054932,-1.3183479309082031,0.4510873854160309,0.7969295978546143,-1.2166374921798706,0.5383526682853699,0.7964805364608765,-1.3817914724349976,0.4562567472457886,0.8793224692344666,-1.2977826595306396,0.5538787841796875,0.707880437374115,-1.5676769018173218,0.4505678713321686,0.7198823690414429,-1.4285117387771606
deadlift_1300121.jpg,0.5001383423805237,0.0761718600988388,-0.9112680554389954,0.5077798366546631,0.06359345465898514,-0.8853176236152649,0.5129761099815369,0.06481320410966873,-0.885415256023407,0.5179455280303955,0.06539780646562576,-0.8856382966041565,0.4921254515647888,0.06079239770770073,-0.8904102444648743,0.48647117614746094,0.06045401841402054,-0.8905398845672607,0.48080095648765564,0.05976319685578346,-0.8906745910644531,0.5228773951530457,0.060077302157878876,-0.6808642745018005,0.4727683365345001,0.058267366141080856,-0.7056441903114319,0.5074878931045532,0.09411334991455078,-0.831039547920227,0.487592875957489,0.09226904809474945,-0.8375682234764099,0.5768827795982361,0.17089340090751648,-0.49895188212394714,0.4081343412399292,0.1674191951751709,-0.5326140522956848,0.587685763835907,0.3481767475605011,-0.47936105728149414,0.39546290040016174,0.34307652711868286,-0.518586277961731,0.5987168550491333,0.5218872427940369,-0.5764091610908508,0.38914504647254944,0.5033686757087708,-0.6444435715675354,0.6087408065795898,0.5586504340171814,-0.6261623501777649,0.37831634283065796,0.55278080701828,-0.7036895751953125,0.601571261882782,0.5600067973136902,-0.6727365255355835,0.3887217342853546,0.5564282536506653,-0.7516462206840515,0.5957786440849304,0.5480513572692871,-0.5969231724739075,0.3973730206489563,0.540854275226593,-0.6667451858520508,0.52812260389328,0.42644068598747253,0.011215409263968468,0.4431716799736023,0.4255882203578949,-0.011450883001089096,0.5420491099357605,0.6134925484657288,-0.16753259301185608,0.4381858706474304,0.6239076256752014,-0.19881859421730042,0.5426181554794312,0.8261122107505798,0.2296823114156723,0.44822126626968384,0.8495231866836548,0.19560620188713074,0.5364525318145752,0.8613871335983276,0.25460588932037354,0.4557653069496155,0.8808950781822205,0.22139929234981537,0.5477049350738525,0.910722017288208,0.03159220144152641,0.45023012161254883,0.9067977070808411,-0.01693774200975895
deadlift_1300131.jpg,0.4892595708370209,-0.04945743456482887,-0.7894790768623352,0.49769335985183716,-0.061575472354888916,-0.7661172151565552,0.504278838634491,-0.059685882180929184,-0.7661805748939514,0.5106670260429382,-0.05795362964272499,-0.7663294672966003,0.47849082946777344,-0.06277091801166534,-0.7659072875976562,0.4718204438686371,-0.06164988502860069,-0.7660338878631592,0.46536725759506226,-0.060595136135816574,-0.7662314772605896,0.5179345607757568,-0.050700560212135315,-0.5645371675491333,0.45634663105010986,-0.05259896442294121,-0.5630856156349182,0.4983673691749573,-0.028512904420495033,-0.7093427181243896,0.47824856638908386,-0.02550147846341133,-0.7092918753623962,0.5680080056190491,0.0720130056142807,-0.3811745047569275,0.40334516763687134,0.06775816529989243,-0.3963785171508789,0.5815376043319702,0.25585925579071045,-0.3102434277534485,0.3936978280544281,0.24847553670406342,-0.33931824564933777,0.5968394875526428,0.41989806294441223,-0.452657014131546,0.3848856985569,0.3992794454097748,-0.4847176671028137,0.604930579662323,0.46158456802368164,-0.5040141344070435,0.37450945377349854,0.44456082582473755,-0.5410242080688477,0.5999256372451782,0.4622078835964203,-0.5640733242034912,0.384867787361145,0.4479891061782837,-0.6010971069335938,0.5946603417396545,0.44913652539253235,-0.47836190462112427,0.393324077129364,0.4339018166065216,-0.5108972191810608,0.5274526476860046,0.39031982421875,0.009981360286474228,0.441537082195282,0.38925379514694214,-0.01025303639471531,0.536392092704773,0.6185259222984314,-0.0723845437169075,0.44056394696235657,0.6265517473220825,-0.07017482817173004,0.5395545363426208,0.8659637570381165,0.27144530415534973,0.44825494289398193,0.8703237175941467,0.2634294331073761,0.5321915149688721,0.8938210606575012,0.2907335162162781,0.45511266589164734,0.9020184874534607,0.2828126549720764,0.5457296371459961,0.9556896686553955,0.045642394572496414,0.443654328584671,0.9621619582176208,0.03131837025284767
deadlift_1300141.jpg,0.48726707696914673,-0.0915968269109726,-0.43998387455940247,0.49239853024482727,-0.10928598046302795,-0.4179564416408539,0.4969950020313263,-0.10958781838417053,-0.4180256724357605,0.5015659928321838,-0.10978655517101288,-0.4180743396282196,0.4769314229488373,-0.10844242572784424,-0.42565789818763733,0.47147899866104126,-0.10816825181245804,-0.42571163177490234,0.46605998277664185,-0.10787501931190491,-0.42590025067329407,0.504489004611969,-0.10013733804225922,-0.24222448468208313,0.4550376832485199,-0.0967903658747673,-0.27445003390312195,0.494584858417511,-0.06847786903381348,-0.3693852424621582,0.47733190655708313,-0.0672604888677597,-0.3792353868484497,0.5576085448265076,0.044264357537031174,-0.09844586253166199,0.40465861558914185,0.038553498685359955,-0.15386798977851868,0.5763205289840698,0.21221356093883514,0.009174519218504429,0.3948889970779419,0.20385456085205078,-0.07490222156047821,0.590609610080719,0.3543444871902466,-0.16582265496253967,0.3840023875236511,0.3393534719944,-0.22208276391029358,0.5995615124702454,0.3933790326118469,-0.2129102498292923,0.3729614019393921,0.38332560658454895,-0.2724785804748535,0.59560227394104,0.39536112546920776,-0.2748546898365021,0.3836321234703064,0.3846237063407898,-0.33763155341148376,0.5896244645118713,0.3829251229763031,-0.193471759557724,0.39061757922172546,0.37258610129356384,-0.25016167759895325,0.5258877277374268,0.3673531413078308,0.009143587201833725,0.4405624270439148,0.36381298303604126,-0.009383296594023705,0.5283563137054443,0.6220555305480957,-0.07875387370586395,0.44214802980422974,0.6262678503990173,-0.05211515724658966,0.538348913192749,0.8650606870651245,0.20469127595424652,0.4467575252056122,0.8676442503929138,0.22639639675617218,0.5260277390480042,0.8960344791412354,0.21779899299144745,0.4544591009616852,0.8960354328155518,0.2395433932542801,0.5444190502166748,0.9504474997520447,-0.025284748524427414,0.4383910000324249,0.9608134031295776,-0.0008128121844492853
deadlift_1300151.jpg,0.4693635106086731,-0.09862204641103745,-0.4471282660961151,0.4779762923717499,-0.10914715379476547,-0.4238843619823456,0.48462623357772827,-0.10757730156183243,-0.42393848299980164,0.4898872971534729,-0.10808532685041428,-0.4239571690559387,0.4576369822025299,-0.10848160833120346,-0.4276738166809082,0.45101335644721985,-0.10608615726232529,-0.42772021889686584,0.4441753029823303,-0.10389009118080139,-0.42786750197410583,0.49695345759391785,-0.09797770529985428,-0.2406066507101059,0.44296061992645264,-0.09202024340629578,-0.2560192942619324,0.4822177290916443,-0.06261381506919861,-0.37392792105674744,0.4643210768699646,-0.06469867378473282,-0.37873929738998413,0.5495386719703674,0.0400606244802475,-0.08357995003461838,0.40253257751464844,0.042445238679647446,-0.13547435402870178,0.570051908493042,0.20274923741817474,0.036095332354307175,0.3888689875602722,0.20725281536579132,-0.05060960352420807,0.5869866609573364,0.3424745798110962,-0.12863993644714355,0.37763431668281555,0.33551502227783203,-0.19032512605190277,0.5976868867874146,0.38202396035194397,-0.16770808398723602,0.3665526807308197,0.38180965185165405,-0.237976536154747,0.5935148000717163,0.3821626305580139,-0.22953516244888306,0.37917354702949524,0.37936440110206604,-0.2981121838092804,0.5870104432106018,0.3705279529094696,-0.15570741891860962,0.38569968938827515,0.36667850613594055,-0.21629856526851654,0.5243549346923828,0.3646096885204315,0.009974721819162369,0.43809589743614197,0.3587512671947479,-0.01026266347616911,0.5241208076477051,0.6209724545478821,-0.06955134868621826,0.44333913922309875,0.6220039129257202,-0.07924965023994446,0.5374290943145752,0.8646515011787415,0.18748129904270172,0.4456724524497986,0.8659770488739014,0.17080840468406677,0.5221851468086243,0.894407331943512,0.19841855764389038,0.45379263162612915,0.8930784463882446,0.1818188726902008,0.5460368990898132,0.9462672472000122,-0.03552661091089249,0.4363475441932678,0.9603486657142639,-0.054588064551353455
deadlift_1300161.jpg,0.46762701869010925,-0.06759099662303925,-0.515774130821228,0.4769187271595001,-0.08746261149644852,-0.4982226490974426,0.48452943563461304,-0.0851190909743309,-0.49822932481765747,0.49152040481567383,-0.08395843207836151,-0.49823853373527527,0.45518743991851807,-0.09233620017766953,-0.49706241488456726,0.44829291105270386,-0.09209530055522919,-0.4971120059490204,0.4413454234600067,-0.09174733608961105,-0.49724116921424866,0.5026184916496277,-0.07540436089038849,-0.32427120208740234,0.4419240355491638,-0.07765327394008636,-0.3188243508338928,0.48288238048553467,-0.039112456142902374,-0.4445667564868927,0.4598201811313629,-0.05033746734261513,-0.4433501660823822,0.5517597198486328,0.03741266578435898,-0.15428666770458221,0.4024803340435028,0.04104084521532059,-0.17072805762290955,0.5684885382652283,0.19440589845180511,-0.003197074169293046,0.38626766204833984,0.2002706527709961,-0.055986206978559494,0.5859126448631287,0.33045291900634766,-0.1326156109571457,0.3769933879375458,0.32663214206695557,-0.1844428926706314,0.5981569290161133,0.3713013827800751,-0.16413168609142303,0.3671213388442993,0.37216246128082275,-0.2273772805929184,0.5931904315948486,0.373298317193985,-0.22871896624565125,0.37696853280067444,0.3691357374191284,-0.2867559790611267,0.586034893989563,0.3618519604206085,-0.15955428779125214,0.3824971318244934,0.35587742924690247,-0.21045541763305664,0.524046778678894,0.35817599296569824,0.007173311430960894,0.4357019364833832,0.3563604950904846,-0.007426608819514513,0.521369218826294,0.6214304566383362,-0.03627579286694527,0.44300219416618347,0.6237264275550842,-0.048796139657497406,0.5356528162956238,0.8637691736221313,0.20199421048164368,0.446982204914093,0.868363082408905,0.17651724815368652,0.5220350027084351,0.8913216590881348,0.21157501637935638,0.45705875754356384,0.893830418586731,0.18510118126869202,0.5455763936042786,0.9461485147476196,-0.019613362848758698,0.4347720146179199,0.9645135402679443,-0.05168324336409569
deadlift_1300171.jpg,0.4672359824180603,-0.0663856789469719,-0.4797729551792145,0.4762837588787079,-0.0875534936785698,-0.4617118239402771,0.48381897807121277,-0.08570381999015808,-0.46171703934669495,0.491160124540329,-0.08476459980010986,-0.46172085404396057,0.4557904303073883,-0.08715487271547318,-0.4600406289100647,0.4493289589881897,-0.0863165482878685,-0.46007877588272095,0.44277146458625793,-0.08530893921852112,-0.4602128565311432,0.49780601263046265,-0.07908712327480316,-0.2927667200565338,0.44400161504745483,-0.0736568421125412,-0.2842179834842682,0.47960028052330017,-0.039484523236751556,-0.41094616055488586,0.4589095413684845,-0.03890141099691391,-0.40890008211135864,0.5526733994483948,0.036869194358587265,-0.1335136741399765,0.4039866328239441,0.04238482564687729,-0.14731453359127045,0.5696105360984802,0.19158414006233215,0.005097622517496347,0.3874455392360687,0.1993168741464615,-0.04339151829481125,0.5858355760574341,0.3334941864013672,-0.12804661691188812,0.3768390119075775,0.33167794346809387,-0.17537954449653625,0.5985849499702454,0.3754989206790924,-0.16177846491336823,0.36676305532455444,0.3747885823249817,-0.22086428105831146,0.5928067564964294,0.3774588704109192,-0.2241225689649582,0.3764972388744354,0.3709598183631897,-0.28021708130836487,0.5855178833007812,0.36767756938934326,-0.15448759496212006,0.381875604391098,0.3588855266571045,-0.20164157450199127,0.5245688557624817,0.3552800416946411,0.004034718964248896,0.43516406416893005,0.351301372051239,-0.004259125795215368,0.5215213298797607,0.6235881447792053,-0.04214959219098091,0.4432062804698944,0.6222096085548401,-0.0476248674094677,0.5351673364639282,0.8630330562591553,0.18143121898174286,0.44773849844932556,0.8665233254432678,0.1640954464673996,0.5221568942070007,0.8921924829483032,0.18984699249267578,0.4587813913822174,0.8929833173751831,0.17173077166080475,0.5449996590614319,0.9405568242073059,-0.04102424904704094,0.43377405405044556,0.9604188799858093,-0.061371512711048126
deadlift_1300181.jpg,0.4756309688091278,-0.0981387123465538,-0.48373889923095703,0.48551928997039795,-0.11036250740289688,-0.46235066652297974,0.4907667934894562,-0.10311766713857651,-0.4623720049858093,0.49674633145332336,-0.10331115871667862,-0.4623774588108063,0.46577557921409607,-0.10137400031089783,-0.46122702956199646,0.45930716395378113,-0.10077017545700073,-0.4612589478492737,0.452590674161911,-0.10016805678606033,-0.4614122807979584,0.5041401982307434,-0.09209943562746048,-0.2883898913860321,0.45004895329475403,-0.08752291649580002,-0.2816431224346161,0.48655450344085693,-0.06461239606142044,-0.4142986834049225,0.46642857789993286,-0.06292246282100677,-0.41291189193725586,0.5554912686347961,0.029792960733175278,-0.14499036967754364,0.4057062566280365,0.037080440670251846,-0.1414804756641388,0.5710822939872742,0.18827879428863525,-0.02270187996327877,0.3889521360397339,0.19782283902168274,-0.042362894862890244,0.5866342782974243,0.336066871881485,-0.17242532968521118,0.37821319699287415,0.33067813515663147,-0.18000929057598114,0.5989550948143005,0.37564340233802795,-0.21093256771564484,0.3686804175376892,0.3739956021308899,-0.22661487758159637,0.5929946303367615,0.37641534209251404,-0.271233469247818,0.3789427578449249,0.3704240620136261,-0.28814396262168884,0.5859128832817078,0.36745786666870117,-0.1986561119556427,0.3838900029659271,0.35881394147872925,-0.2073071151971817,0.5246586799621582,0.3524596393108368,-0.004613479599356651,0.43562445044517517,0.3483894169330597,0.004363895859569311,0.5235120058059692,0.6226474642753601,-0.05421096459031105,0.4446824789047241,0.6208909749984741,-0.02018866129219532,0.5345538258552551,0.8622949123382568,0.20453213155269623,0.45120078325271606,0.8638976216316223,0.2371649593114853,0.5222285985946655,0.8919798731803894,0.21583789587020874,0.46305909752845764,0.8918744325637817,0.2491385042667389,0.5423708558082581,0.942293107509613,-0.022581161931157112,0.4337214231491089,0.9543063044548035,0.014515302143990993
deadlift_1300191.jpg,0.47794705629348755,-0.08902847766876221,-0.5872222781181335,0.48957785964012146,-0.10700815171003342,-0.5646308064460754,0.4947574734687805,-0.10671131312847137,-0.5646485686302185,0.5007650852203369,-0.10695184767246246,-0.5646671056747437,0.4691966772079468,-0.10553578287363052,-0.5673593878746033,0.4622209668159485,-0.10538987815380096,-0.5674219727516174,0.45500993728637695,-0.10527251660823822,-0.5675486326217651,0.508241593837738,-0.09747623652219772,-0.3710622191429138,0.4531187415122986,-0.09508757293224335,-0.38347890973091125,0.48845186829566956,-0.06540336459875107,-0.5091949701309204,0.46831214427948,-0.06448196619749069,-0.5132704973220825,0.556910514831543,0.023568453267216682,-0.20392704010009766,0.4066067039966583,0.0331171378493309,-0.2103954404592514,0.5715906023979187,0.1835928112268448,-0.057381585240364075,0.3891143202781677,0.1945430189371109,-0.08429141342639923,0.586713433265686,0.3314361870288849,-0.20545269548892975,0.3793729245662689,0.3310139775276184,-0.21637605130672455,0.5992832183837891,0.3741986155509949,-0.2424158900976181,0.3693802058696747,0.3790084421634674,-0.2588472366333008,0.5932213068008423,0.37494370341300964,-0.30597352981567383,0.380622535943985,0.37667202949523926,-0.32333120703697205,0.5862537622451782,0.3641778826713562,-0.2320522516965866,0.38574689626693726,0.36440789699554443,-0.2433987259864807,0.5277729630470276,0.3514370620250702,-0.004850298631936312,0.4358483552932739,0.3486853837966919,0.004601957276463509,0.5249102115631104,0.622011661529541,-0.05916055664420128,0.44682642817497253,0.6204104423522949,-0.021583523601293564,0.5346448421478271,0.861120879650116,0.22093407809734344,0.4533676207065582,0.8619695901870728,0.25576111674308777,0.5224043130874634,0.8911949992179871,0.23351246118545532,0.46493446826934814,0.8902950882911682,0.2687860429286957,0.5424144864082336,0.9449989199638367,-0.0069617098197340965,0.4345397651195526,0.9531551003456116,0.030071506276726723
deadlift_1300201.jpg,0.4807714521884918,-0.09315217286348343,-0.5871806740760803,0.49095046520233154,-0.1118171364068985,-0.5649257302284241,0.49635663628578186,-0.11221173405647278,-0.5649397969245911,0.5022183656692505,-0.11252132803201675,-0.5649523138999939,0.4716563820838928,-0.11074552685022354,-0.5660898685455322,0.4651511311531067,-0.11054575443267822,-0.566157877445221,0.45851871371269226,-0.11035764217376709,-0.5663009285926819,0.5098836421966553,-0.1032308042049408,-0.3717154562473297,0.4531919062137604,-0.10021581500768661,-0.37612172961235046,0.4910271465778351,-0.048218876123428345,-0.5091389417648315,0.47106102108955383,-0.04722011461853981,-0.5109703540802002,0.5580863952636719,0.023156434297561646,-0.20770779252052307,0.4072059690952301,0.02655927836894989,-0.21126897633075714,0.5717494487762451,0.1939135044813156,-0.0735461488366127,0.3897309899330139,0.19739362597465515,-0.09810128062963486,0.5871019959449768,0.3355335295200348,-0.23302997648715973,0.38034361600875854,0.33523982763290405,-0.244168221950531,0.5992128849029541,0.3812863230705261,-0.2755598723888397,0.3697490990161896,0.3852551281452179,-0.29227131605148315,0.5927066802978516,0.3811235725879669,-0.33884674310684204,0.3816099464893341,0.3825475573539734,-0.35756370425224304,0.5861238241195679,0.3694903552532196,-0.25977247953414917,0.3869186043739319,0.37034398317337036,-0.2722044289112091,0.5300793647766113,0.3548412621021271,-0.005433113779872656,0.4361191689968109,0.35157081484794617,0.005198515951633453,0.52660071849823,0.6250471472740173,-0.05436193197965622,0.4464160203933716,0.6208629608154297,-0.013960364274680614,0.5345031023025513,0.8597361445426941,0.24926282465457916,0.45511361956596375,0.8624590635299683,0.27815693616867065,0.522266685962677,0.8902484178543091,0.2646602392196655,0.466519832611084,0.8902475833892822,0.29311349987983704,0.5381790995597839,0.9406382441520691,0.026227416470646858,0.43473973870277405,0.9519405961036682,0.05600140243768692
deadlift_1300211.jpg,0.478372186422348,-0.08302777260541916,-0.8024703860282898,0.48893919587135315,-0.10215239971876144,-0.775319516658783,0.4949011504650116,-0.10218219459056854,-0.7753198146820068,0.5010219812393188,-0.10209594666957855,-0.7754030227661133,0.4692300260066986,-0.1101590245962143,-0.7726457118988037,0.4635133445262909,-0.10216916352510452,-0.7727860808372498,0.4572691321372986,-0.10225887596607208,-0.7729473114013672,0.5101315975189209,-0.09109251946210861,-0.5584707856178284,0.44640854001045227,-0.08747615665197372,-0.5460566282272339,0.4897865355014801,-0.04015873372554779,-0.7174749374389648,0.4683840572834015,-0.03710256516933441,-0.7145465016365051,0.5588754415512085,0.04230494052171707,-0.37813904881477356,0.4025290310382843,0.0415811613202095,-0.3427271842956543,0.5724440217018127,0.2164228856563568,-0.27960503101348877,0.385922372341156,0.22137096524238586,-0.22421032190322876,0.5871837139129639,0.3704790771007538,-0.4665561020374298,0.378235399723053,0.36599719524383545,-0.4139736294746399,0.5989360809326172,0.4135132133960724,-0.5281690955162048,0.3684529662132263,0.412678986787796,-0.47611159086227417,0.5925934314727783,0.4138776659965515,-0.5962203145027161,0.3781074583530426,0.4130300283432007,-0.5486027598381042,0.5860757231712341,0.4006587266921997,-0.496213436126709,0.38346990942955017,0.39988458156585693,-0.4461073875427246,0.5302432179450989,0.362844854593277,-0.006495153997093439,0.4363173544406891,0.3624444305896759,0.006299453321844339,0.5271971821784973,0.6274575591087341,-0.06827700138092041,0.44171807169914246,0.6262570023536682,-0.007489851210266352,0.5332557559013367,0.8622719049453735,0.33367791771888733,0.45233282446861267,0.859761655330658,0.3868972659111023,0.5220078229904175,0.8905802369117737,0.35846540331840515,0.4659843146800995,0.8861624598503113,0.4113120436668396,0.5323742032051086,0.941618025302887,0.09580113738775253,0.4302751123905182,0.9491499066352844,0.15730097889900208
deadlift_1300221.jpg,0.4705783426761627,-0.07550518959760666,-0.9405353665351868,0.47981011867523193,-0.08404261618852615,-0.9153333902359009,0.48575732111930847,-0.07911716401576996,-0.9153308868408203,0.4916490912437439,-0.0737532451748848,-0.9154205918312073,0.4568531811237335,-0.07593540102243423,-0.9122049808502197,0.450824111700058,-0.07149049639701843,-0.9124215245246887,0.4447002708911896,-0.07160115987062454,-0.9125627875328064,0.49878501892089844,-0.07156389951705933,-0.7056792378425598,0.43534401059150696,-0.07576846331357956,-0.6918900012969971,0.4808192551136017,-0.02673167921602726,-0.8581097722053528,0.45668932795524597,-0.007433050777763128,-0.8545966744422913,0.555199384689331,0.06494002789258957,-0.5236550569534302,0.3883233368396759,0.04963015392422676,-0.47933536767959595,0.5724295377731323,0.22345131635665894,-0.45043566823005676,0.37865883111953735,0.26227033138275146,-0.3851952850818634,0.5850299000740051,0.4178593158721924,-0.5939463973045349,0.37009164690971375,0.4348088502883911,-0.5311607122421265,0.595767617225647,0.46971362829208374,-0.6525722146034241,0.3621906638145447,0.4772684872150421,-0.5863781571388245,0.5895928144454956,0.4692758321762085,-0.7129137516021729,0.37151384353637695,0.4746693968772888,-0.6546907424926758,0.5837041139602661,0.4536961019039154,-0.619479238986969,0.37654978036880493,0.4623721241950989,-0.5605970621109009,0.5302494764328003,0.36944451928138733,-0.012425224296748638,0.4365105926990509,0.36767441034317017,0.012327389791607857,0.5258857011795044,0.6284857392311096,-0.1041741669178009,0.43182477355003357,0.628018856048584,-0.01954401284456253,0.5284464955329895,0.8616920709609985,0.22720982134342194,0.44398295879364014,0.8587351441383362,0.27701494097709656,0.5185397863388062,0.8890001177787781,0.24736741185188293,0.4585879445075989,0.8852523565292358,0.29213955998420715,0.5276514887809753,0.9375634789466858,0.006194625981152058,0.4229849874973297,0.947070837020874,0.046241842210292816
deadlift_1300231.jpg,0.4371578097343445,0.053574301302433014,-1.0636048316955566,0.4425928294658661,0.024286124855279922,-1.0485754013061523,0.44853368401527405,0.021962910890579224,-1.0485310554504395,0.4551086127758026,0.019637495279312134,-1.0487079620361328,0.4262860119342804,0.02849629521369934,-1.036650538444519,0.4207562208175659,0.02767225168645382,-1.0368611812591553,0.41526564955711365,0.026763945817947388,-1.0369058847427368,0.4701567590236664,0.012606848962605,-0.8634245991706848,0.4119778573513031,0.02067899890244007,-0.8072255253791809,0.45033395290374756,0.06806759536266327,-0.9872075319290161,0.43126609921455383,0.07468080520629883,-0.971388578414917,0.5442818403244019,0.1277536302804947,-0.6631370186805725,0.3759101629257202,0.15034092962741852,-0.5514519810676575,0.5664370656013489,0.32604190707206726,-0.6095123887062073,0.37075963616371155,0.3526163399219513,-0.44077470898628235,0.5765038132667542,0.5119208097457886,-0.6979271173477173,0.3619273602962494,0.5156278610229492,-0.5601415038108826,0.5894564390182495,0.5607243180274963,-0.7520660758018494,0.35713306069374084,0.5589704513549805,-0.6065848469734192,0.5825290083885193,0.5622279047966003,-0.8076906204223633,0.36734193563461304,0.5582701563835144,-0.6757268905639648,0.5762289762496948,0.5484256148338318,-0.721000075340271,0.371647447347641,0.5463210344314575,-0.590775191783905,0.5299792885780334,0.3738982677459717,-0.0367862842977047,0.4387470483779907,0.375553160905838,0.036782801151275635,0.5263694524765015,0.6392637491226196,-0.16263484954833984,0.4208630621433258,0.6284132599830627,-0.06751804053783417,0.520418107509613,0.8683297038078308,0.0558415912091732,0.43269285559654236,0.8580757975578308,0.17713765799999237,0.5105255246162415,0.8963570594787598,0.06284202635288239,0.4494970142841339,0.8875908851623535,0.18318161368370056,0.5184007883071899,0.9499979019165039,-0.18223336338996887,0.41213375329971313,0.9504553079605103,-0.03677975386381149
deadlift_1300241.jpg,0.4247446060180664,0.15445345640182495,-0.8968995809555054,0.4319249391555786,0.12440405040979385,-0.8843548893928528,0.43807756900787354,0.12062150239944458,-0.8842507600784302,0.44453197717666626,0.1166050061583519,-0.8843469023704529,0.4152330756187439,0.12934499979019165,-0.8761911392211914,0.4087662398815155,0.12816181778907776,-0.8763073682785034,0.4027390778064728,0.12640155851840973,-0.8762773871421814,0.4577045440673828,0.10363849997520447,-0.7284431457519531,0.3962036967277527,0.11308732628822327,-0.6872816681861877,0.43767303228378296,0.1650175303220749,-0.8280820846557617,0.4181016981601715,0.1707209199666977,-0.817601203918457,0.5327661037445068,0.2096986621618271,-0.5666898488998413,0.3654363751411438,0.23801743984222412,-0.4669775068759918,0.5529208779335022,0.41065144538879395,-0.5132533311843872,0.3648558557033539,0.4238823652267456,-0.37976306676864624,0.5659207105636597,0.595840573310852,-0.5625870227813721,0.3594242334365845,0.5921936631202698,-0.4938484728336334,0.5788918137550354,0.6480216383934021,-0.6068239808082581,0.35238656401634216,0.6342206597328186,-0.580852746963501,0.5683448314666748,0.6463371515274048,-0.6561393737792969,0.3625187873840332,0.6365079879760742,-0.5949206948280334,0.560280442237854,0.6284259557723999,-0.5802050232887268,0.3687836825847626,0.6211973428726196,-0.5293558239936829,0.5242181420326233,0.39929771423339844,-0.03892743960022926,0.43700602650642395,0.39970600605010986,0.038742635399103165,0.5201568007469177,0.6066383123397827,-0.3492652177810669,0.41553741693496704,0.6129306554794312,-0.2458401322364807,0.5122630596160889,0.8661575317382812,-0.18075965344905853,0.42943283915519714,0.8570914268493652,-0.04716577008366585,0.5020540952682495,0.8928301334381104,-0.17695599794387817,0.4418545663356781,0.8858023881912231,-0.03837500885128975,0.5049137473106384,0.9482499957084656,-0.3945021629333496,0.40967676043510437,0.9485527276992798,-0.2253105640411377
deadlift_1300251.jpg,0.41061070561408997,0.25616487860679626,-0.9115568399429321,0.4188501238822937,0.2269599288702011,-0.903294026851654,0.4251191020011902,0.22351153194904327,-0.9031830430030823,0.4316243827342987,0.2199520468711853,-0.9033345580101013,0.40081319212913513,0.2297191172838211,-0.8926413059234619,0.39404621720314026,0.2274026721715927,-0.8927062749862671,0.3876418471336365,0.22436103224754333,-0.8926242589950562,0.44615668058395386,0.2079041749238968,-0.7623187899589539,0.38551652431488037,0.2113010436296463,-0.7130295038223267,0.42489826679229736,0.2696845233440399,-0.8498420119285583,0.40284377336502075,0.27120646834373474,-0.8358109593391418,0.5200711488723755,0.29960712790489197,-0.5982552170753479,0.35543516278266907,0.3175203204154968,-0.4944668710231781,0.5464541912078857,0.4986131489276886,-0.5853486657142639,0.3567604720592499,0.5103878378868103,-0.4397236704826355,0.56313556432724,0.6841716170310974,-0.6285409927368164,0.3567570149898529,0.6771073341369629,-0.5235850214958191,0.5765377283096313,0.7317091822624207,-0.6715408563613892,0.35368263721466064,0.7238799929618835,-0.5641471743583679,0.5643825531005859,0.733250617980957,-0.7020412683486938,0.3635333776473999,0.7249346375465393,-0.6062659621238708,0.5570209622383118,0.7219246625900269,-0.6408700942993164,0.3671765923500061,0.7092366814613342,-0.5456376671791077,0.5105716586112976,0.41356730461120605,-0.03502191975712776,0.42114967107772827,0.4198005199432373,0.03490825369954109,0.5108038187026978,0.574630081653595,-0.46690309047698975,0.4102720022201538,0.5979876518249512,-0.349250465631485,0.5002601742744446,0.8649677634239197,-0.2524065375328064,0.42649924755096436,0.8563041090965271,-0.12858420610427856,0.4908002018928528,0.8905209302902222,-0.2427990734577179,0.4393170475959778,0.8834409713745117,-0.1160651296377182,0.49884089827537537,0.9453771710395813,-0.4653465449810028,0.4008733928203583,0.9467526078224182,-0.31510961055755615
deadlift_1400001.jpg,0.4756138026714325,0.37233877182006836,-0.628505527973175,0.4757141172885895,0.3635554015636444,-0.6250278353691101,0.475849449634552,0.36403658986091614,-0.6249467134475708,0.4760395884513855,0.364534854888916,-0.625087559223175,0.4761640727519989,0.36314329504966736,-0.6291027069091797,0.4761819541454315,0.3635730445384979,-0.629165768623352,0.47620078921318054,0.36384573578834534,-0.6292933821678162,0.4766368865966797,0.3721558451652527,-0.5382572412490845,0.4759937524795532,0.36886826157569885,-0.5569343566894531,0.47720709443092346,0.3816513419151306,-0.588728129863739,0.47624558210372925,0.38469624519348145,-0.5944015979766846,0.5195514559745789,0.4385518431663513,-0.4183311462402344,0.4434407949447632,0.44714879989624023,-0.4232586920261383,0.5460972189903259,0.5569331049919128,-0.3919224739074707,0.44699302315711975,0.5713741779327393,-0.3897663652896881,0.5371723771095276,0.6478201150894165,-0.39285194873809814,0.4325789213180542,0.6671887040138245,-0.3848619759082794,0.5427932739257812,0.6778072118759155,-0.41099900007247925,0.43181973695755005,0.6868063807487488,-0.395925909280777,0.5387469530105591,0.680469810962677,-0.42127525806427,0.434624582529068,0.6943506598472595,-0.418179452419281,0.5335299968719482,0.6742478013038635,-0.39889636635780334,0.4369083344936371,0.6883947849273682,-0.394744873046875,0.5013989210128784,0.5108029842376709,-0.02076992392539978,0.4553920030593872,0.5105233192443848,0.020567234605550766,0.5252829194068909,0.5836570858955383,-0.009751764126121998,0.44133415818214417,0.6116864681243896,0.09185490012168884,0.5250956416130066,0.6893453598022461,0.126262828707695,0.42783328890800476,0.6960118412971497,0.24443058669567108,0.523881196975708,0.7015218734741211,0.1385272890329361,0.4343796670436859,0.7116624712944031,0.2599407434463501,0.5064800381660461,0.7198757529258728,0.05496858432888985,0.4076280891895294,0.7135301232337952,0.18881358206272125
deadlift_1400011.jpg,0.48858606815338135,0.357817679643631,-0.707751989364624,0.48967865109443665,0.3436718285083771,-0.6974115967750549,0.4903351962566376,0.34308138489723206,-0.6973955631256104,0.49107205867767334,0.34255528450012207,-0.6975924372673035,0.48772507905960083,0.3428616225719452,-0.7005033493041992,0.4867341220378876,0.34177058935165405,-0.7006251215934753,0.48567020893096924,0.34079399704933167,-0.7007229328155518,0.4902322590351105,0.34296518564224243,-0.567624032497406,0.4834100902080536,0.34202542901039124,-0.5798093676567078,0.4898451566696167,0.3648144602775574,-0.6526135206222534,0.4865226149559021,0.36625179648399353,-0.6569802165031433,0.524505078792572,0.4063553214073181,-0.43500661849975586,0.4470107853412628,0.4139854907989502,-0.4326438009738922,0.5369047522544861,0.5075803995132446,-0.40974321961402893,0.4428248703479767,0.5248161554336548,-0.40541496872901917,0.5406497120857239,0.6089144945144653,-0.49715179204940796,0.42969390749931335,0.6196302771568298,-0.4667254686355591,0.5511217713356018,0.6418530941009521,-0.5356994867324829,0.427110493183136,0.6488848924636841,-0.49526944756507874,0.544464647769928,0.6434176564216614,-0.5522056221961975,0.43090638518333435,0.6512314081192017,-0.5202492475509644,0.5388030409812927,0.6342459321022034,-0.5113686323165894,0.4328998625278473,0.6432487368583679,-0.48192960023880005,0.5028938055038452,0.5251848697662354,-0.014998754486441612,0.47346365451812744,0.5230481624603271,0.014869099482893944,0.5431750416755676,0.6266750693321228,0.06922904402017593,0.4589405059814453,0.629612922668457,0.14132972061634064,0.5476706027984619,0.7079213857650757,0.36209139227867126,0.4537492096424103,0.6991312503814697,0.43244507908821106,0.547443687915802,0.7135651707649231,0.3893486559391022,0.4544183611869812,0.7076924443244934,0.4611980617046356,0.5409305095672607,0.7452099323272705,0.29525572061538696,0.4510921537876129,0.7261999249458313,0.3716288208961487
deadlift_1400021.jpg,0.48829901218414307,0.28665587306022644,-0.6443191766738892,0.4929408133029938,0.2705652713775635,-0.6270435452461243,0.49583443999290466,0.2698700726032257,-0.6269975304603577,0.49824172258377075,0.26959341764450073,-0.6270285844802856,0.48382729291915894,0.27103158831596375,-0.6283318996429443,0.4802030622959137,0.2705867886543274,-0.6284796595573425,0.4769814610481262,0.2699756920337677,-0.6285008788108826,0.5008334517478943,0.27184996008872986,-0.4899103045463562,0.47293412685394287,0.27253514528274536,-0.49889689683914185,0.492986261844635,0.297798752784729,-0.590438723564148,0.4820617139339447,0.2993578016757965,-0.593225359916687,0.528312087059021,0.34819495677948,-0.3644295334815979,0.4373306632041931,0.3566378653049469,-0.36376962065696716,0.5404741764068604,0.4765976369380951,-0.3314078450202942,0.4320492744445801,0.49318915605545044,-0.33842313289642334,0.5461310148239136,0.5591104030609131,-0.3952970802783966,0.42442673444747925,0.5721818804740906,-0.4211157262325287,0.5550887584686279,0.5866435766220093,-0.4283004701137543,0.42129793763160706,0.5944695472717285,-0.4518902599811554,0.548355758190155,0.5865317583084106,-0.4545522928237915,0.42630884051322937,0.5946924686431885,-0.4839116036891937,0.5432233810424805,0.5777354836463928,-0.4082823693752289,0.4284333288669586,0.5871754884719849,-0.43578416109085083,0.5048653483390808,0.4912453591823578,-0.008293469436466694,0.46594610810279846,0.49134010076522827,0.00825729500502348,0.5394359827041626,0.6097719669342041,-0.20631442964076996,0.45936933159828186,0.6109557747840881,-0.1426103115081787,0.5371686816215515,0.7435232996940613,-0.07806377112865448,0.4616990089416504,0.7364683151245117,-0.01906304620206356,0.5341052412986755,0.7587378025054932,-0.07297441363334656,0.4667951762676239,0.7542619705200195,-0.014456228353083134,0.5376383662223816,0.7870023250579834,-0.2223459780216217,0.4611660838127136,0.7817990779876709,-0.1664261817932129
deadlift_1400031.jpg,0.48597031831741333,0.2167338877916336,-0.43805819749832153,0.4901757836341858,0.20247071981430054,-0.4206400513648987,0.4937063455581665,0.20215098559856415,-0.42063218355178833,0.496913343667984,0.20235848426818848,-0.4206193685531616,0.47995439171791077,0.20345905423164368,-0.42250749468803406,0.4766520857810974,0.20356018841266632,-0.42258256673812866,0.4733458459377289,0.204121395945549,-0.42259570956230164,0.5005373358726501,0.2070097029209137,-0.2929704785346985,0.4695868492126465,0.208636075258255,-0.3062679171562195,0.4918866753578186,0.22773125767707825,-0.3892187476158142,0.47997382283210754,0.22856692969799042,-0.3929714262485504,0.5293328762054443,0.29372885823249817,-0.1954878866672516,0.4363909065723419,0.2971271574497223,-0.2028556615114212,0.5416087508201599,0.3927583396434784,-0.1350415050983429,0.42781174182891846,0.4050970673561096,-0.1508723795413971,0.5480480790138245,0.4770113229751587,-0.21979281306266785,0.4211697578430176,0.48985952138900757,-0.24098514020442963,0.5553074479103088,0.5052749514579773,-0.24971343576908112,0.41853439807891846,0.5194289684295654,-0.271242618560791,0.5506067872047424,0.5040363073348999,-0.28479960560798645,0.4231845736503601,0.5161163806915283,-0.30680885910987854,0.5456855893135071,0.4969472587108612,-0.23535224795341492,0.42567962408065796,0.5067917108535767,-0.2568330764770508,0.5070375800132751,0.48180529475212097,0.0021369578316807747,0.4647320508956909,0.48780590295791626,-0.0022279955446720123,0.5273538827896118,0.6098328232765198,-0.0069886138662695885,0.4615010917186737,0.6097643375396729,-0.035352595150470734,0.5294272899627686,0.7494437098503113,0.13991108536720276,0.4617935121059418,0.7467101812362671,0.10291480273008347,0.5270705223083496,0.7660691142082214,0.1454852968454361,0.46659907698631287,0.7640907168388367,0.12023093551397324,0.5365722179412842,0.7870029807090759,0.021231479942798615,0.45902755856513977,0.7899205684661865,-0.04628608375787735
deadlift_1400041.jpg,0.48361319303512573,0.18930169939994812,-0.32739779353141785,0.48765480518341064,0.17452897131443024,-0.31082698702812195,0.49126213788986206,0.17421188950538635,-0.31085050106048584,0.49473634362220764,0.17414380609989166,-0.3108372986316681,0.4773217439651489,0.17466501891613007,-0.3139379918575287,0.47399717569351196,0.17448817193508148,-0.3139533996582031,0.470528781414032,0.17471519112586975,-0.3139500319957733,0.49915218353271484,0.17869813740253448,-0.18579475581645966,0.466711163520813,0.1782262772321701,-0.2033282220363617,0.48976650834083557,0.20178954303264618,-0.27855005860328674,0.4781761169433594,0.2011442631483078,-0.2835713326931,0.5290924906730652,0.25997328758239746,-0.08807361125946045,0.43586987257003784,0.26336029171943665,-0.1071346178650856,0.5393198728561401,0.35547804832458496,-0.014656662940979004,0.42626529932022095,0.3599046468734741,-0.0584912933409214,0.5491787791252136,0.4381144642829895,-0.10658416897058487,0.4205301105976105,0.4428686797618866,-0.1607946902513504,0.5558453798294067,0.4615385830402374,-0.13447871804237366,0.4170670807361603,0.46763136982917786,-0.19152410328388214,0.5516324639320374,0.4616887867450714,-0.17250198125839233,0.421535462141037,0.46656519174575806,-0.22457437217235565,0.5469629764556885,0.454103946685791,-0.12365473061800003,0.4244677424430847,0.4599027931690216,-0.17574027180671692,0.508876621723175,0.45262670516967773,0.00277204648591578,0.46287378668785095,0.45883527398109436,-0.002792480867356062,0.5166357755661011,0.6048335433006287,-0.016168935224413872,0.46557706594467163,0.6041475534439087,-0.031661126762628555,0.5250658392906189,0.7487656474113464,0.11826753616333008,0.4633689820766449,0.7508965134620667,0.09498953819274902,0.5220882892608643,0.7666822671890259,0.1318371593952179,0.46800267696380615,0.7678707838058472,0.09991896897554398,0.5352731347084045,0.7888965010643005,-0.01303976122289896,0.4620816111564636,0.7930713295936584,-0.04258303716778755
deadlift_1400051.jpg,0.4821837842464447,0.1870136260986328,-0.3333996534347534,0.48654720187187195,0.17240267992019653,-0.3157348334789276,0.4899830222129822,0.17211736738681793,-0.3157521188259125,0.49331626296043396,0.17224544286727905,-0.3157460391521454,0.4765273332595825,0.1729038506746292,-0.31908783316612244,0.47298040986061096,0.17305976152420044,-0.31910401582717896,0.4693881869316101,0.17317649722099304,-0.3190913796424866,0.49821996688842773,0.1783193200826645,-0.1903253048658371,0.464924156665802,0.1787698119878769,-0.20910410583019257,0.4887452721595764,0.2001703679561615,-0.2849278151988983,0.4768896698951721,0.19976800680160522,-0.2903229892253876,0.527519166469574,0.2595149576663971,-0.09068959206342697,0.4356440007686615,0.2657063901424408,-0.11232538521289825,0.5387476086616516,0.35448500514030457,-0.015891848132014275,0.4258187711238861,0.3601689636707306,-0.06227128952741623,0.549421489238739,0.4362561106681824,-0.10565804690122604,0.41992563009262085,0.4381309151649475,-0.16365304589271545,0.5561555624008179,0.4594837725162506,-0.1331716924905777,0.41596418619155884,0.46180832386016846,-0.19514495134353638,0.5520554184913635,0.4598644971847534,-0.17099574208259583,0.4202170968055725,0.4606333076953888,-0.2257242202758789,0.5474168658256531,0.45099738240242004,-0.12267912924289703,0.42323288321495056,0.45346230268478394,-0.1777181327342987,0.5087299346923828,0.44235759973526,0.003132398473098874,0.46182844042778015,0.446274071931839,-0.0031289858743548393,0.5136909484863281,0.5997099280357361,-0.020017040893435478,0.465772420167923,0.5974488854408264,-0.034745361655950546,0.5243781208992004,0.7477549910545349,0.09546462446451187,0.46272724866867065,0.7510098814964294,0.07296144962310791,0.5205157399177551,0.76664137840271,0.09603200107812881,0.4675532877445221,0.767610490322113,0.074932761490345,0.5357165932655334,0.7886959314346313,-0.02809838578104973,0.4593753516674042,0.7952145338058472,-0.06736539304256439
deadlift_1400061.jpg,0.4810977876186371,0.18586254119873047,-0.29227420687675476,0.485568642616272,0.17084281146526337,-0.27418118715286255,0.48904064297676086,0.17053669691085815,-0.2742098867893219,0.49245673418045044,0.17049486935138702,-0.2742106318473816,0.4754475951194763,0.17132002115249634,-0.27761879563331604,0.47187885642051697,0.17145918309688568,-0.2776181101799011,0.4682413935661316,0.17148654162883759,-0.2775985896587372,0.49754762649536133,0.17659775912761688,-0.14976432919502258,0.4638429880142212,0.17734970152378082,-0.16815528273582458,0.48774033784866333,0.19881492853164673,-0.24434757232666016,0.47573310136795044,0.19782860577106476,-0.24962060153484344,0.5273263454437256,0.257170706987381,-0.0545869916677475,0.4354276955127716,0.26241305470466614,-0.08008693158626556,0.5386315584182739,0.3515530228614807,0.01588299311697483,0.4256516993045807,0.35680335760116577,-0.033343929797410965,0.5489453077316284,0.4320323169231415,-0.07720010727643967,0.4190811812877655,0.43226009607315063,-0.13698707520961761,0.5558751821517944,0.4559038281440735,-0.10698080062866211,0.41441237926483154,0.45723602175712585,-0.1697985678911209,0.552165687084198,0.4556525647640228,-0.14306899905204773,0.41872724890708923,0.4562881588935852,-0.20196180045604706,0.5475476980209351,0.4467557370662689,-0.09406021237373352,0.4218423068523407,0.4483061134815216,-0.15183286368846893,0.5075640678405762,0.44233983755111694,0.004307236056774855,0.4612077474594116,0.44263404607772827,-0.004274159669876099,0.5124610066413879,0.5989304780960083,-0.014352653175592422,0.4645797908306122,0.5989164113998413,-0.034281957894563675,0.5225224494934082,0.7474579811096191,0.09545981884002686,0.46238037943840027,0.7502400875091553,0.0776863619685173,0.5183423161506653,0.7658959031105042,0.09677805006504059,0.4665653109550476,0.7664583921432495,0.08033028244972229,0.5350538492202759,0.7890737056732178,-0.033595744520425797,0.4590039551258087,0.7934550046920776,-0.06258919090032578
deadlift_1400071.jpg,0.4810439944267273,0.17803367972373962,-0.29019150137901306,0.4855300784111023,0.16345667839050293,-0.27070221304893494,0.4891189634799957,0.16319359838962555,-0.2707405090332031,0.49227824807167053,0.1633676141500473,-0.2707396447658539,0.47551336884498596,0.16372445225715637,-0.27563294768333435,0.47177019715309143,0.16382166743278503,-0.2756272256374359,0.46808961033821106,0.16393882036209106,-0.2756129205226898,0.4972788095474243,0.16924028098583221,-0.14241370558738708,0.4632495939731598,0.1700558364391327,-0.16750669479370117,0.4876079261302948,0.19163298606872559,-0.24100063741207123,0.4754089415073395,0.19137130677700043,-0.2482048124074936,0.527555525302887,0.2524070143699646,-0.045585159212350845,0.43427059054374695,0.2588191330432892,-0.07997321337461472,0.5382484197616577,0.34902289509773254,0.0308818519115448,0.42529603838920593,0.35556191205978394,-0.030759332701563835,0.5486509203910828,0.43096300959587097,-0.06428516656160355,0.4179055094718933,0.4304710030555725,-0.13352571427822113,0.5555569529533386,0.4548074007034302,-0.09315440058708191,0.4132612645626068,0.4570450186729431,-0.16539902985095978,0.5522094964981079,0.4542992413043976,-0.13045473396778107,0.41778096556663513,0.4559120237827301,-0.19956940412521362,0.5476560592651367,0.44586822390556335,-0.08156823366880417,0.42098864912986755,0.4474043846130371,-0.1489557921886444,0.507149875164032,0.4430507719516754,0.006761445663869381,0.4606718122959137,0.44202932715415955,-0.006711500231176615,0.5118662118911743,0.5994017124176025,-0.006377656478434801,0.46413755416870117,0.599250853061676,-0.033379726111888885,0.5207400918006897,0.7492991089820862,0.10633855313062668,0.4618993103504181,0.7502976059913635,0.08837061375379562,0.5163232088088989,0.7671785950660706,0.10694008320569992,0.4656355082988739,0.7658530473709106,0.09185831248760223,0.5347641706466675,0.7897342443466187,-0.027189401909708977,0.4589926600456238,0.7936171889305115,-0.053487081080675125
deadlift_1400081.jpg,0.48101356625556946,0.16271956264972687,-0.32017093896865845,0.4857955574989319,0.1477852761745453,-0.30118241906166077,0.48952096700668335,0.14756560325622559,-0.3012198507785797,0.492645800113678,0.14760933816432953,-0.30121326446533203,0.47548502683639526,0.14819902181625366,-0.3049256503582001,0.4716571867465973,0.1484120786190033,-0.3049218952655792,0.4680092930793762,0.1486082673072815,-0.3049362301826477,0.4978920519351959,0.1537788361310959,-0.1723146289587021,0.46309319138526917,0.1545374095439911,-0.19182413816452026,0.48772674798965454,0.17749042809009552,-0.27069559693336487,0.47534239292144775,0.17768652737140656,-0.27634942531585693,0.527711033821106,0.2446395456790924,-0.07275594770908356,0.4338128864765167,0.25094202160835266,-0.10310240089893341,0.537883996963501,0.34571292996406555,0.003899544244632125,0.42509523034095764,0.3531630337238312,-0.05149354413151741,0.5482320785522461,0.42934274673461914,-0.09516999870538712,0.4174794852733612,0.4327186644077301,-0.15079976618289948,0.5551876425743103,0.45430171489715576,-0.12286844104528427,0.412884920835495,0.46177470684051514,-0.18150843679904938,0.5521056056022644,0.45404404401779175,-0.16115091741085052,0.4171832799911499,0.45986971259117126,-0.21708624064922333,0.5476337671279907,0.44559425115585327,-0.1126953735947609,0.42031899094581604,0.45087915658950806,-0.16658522188663483,0.507673442363739,0.44152119755744934,0.007324096281081438,0.460388720035553,0.44099053740501404,-0.007320976350456476,0.5122944712638855,0.5967284440994263,-0.0029017748311161995,0.46292489767074585,0.5992996692657471,-0.024935541674494743,0.5197001099586487,0.7486642003059387,0.12469169497489929,0.46130549907684326,0.7479721307754517,0.08894341439008713,0.5147028565406799,0.7674229741096497,0.12786242365837097,0.4653017818927765,0.7649149298667908,0.10296200215816498,0.5344288349151611,0.7902721762657166,-0.011141108348965645,0.4571278691291809,0.7940304279327393,-0.044672150164842606
deadlift_1400091.jpg,0.4820769429206848,0.17254100739955902,-0.34707555174827576,0.4870809018611908,0.1565735638141632,-0.3553110957145691,0.4909314215183258,0.156132772564888,-0.35522589087486267,0.4938511550426483,0.15605315566062927,-0.35530391335487366,0.47687482833862305,0.1568959504365921,-0.3570568263530731,0.47276678681373596,0.15679563581943512,-0.3567632734775543,0.46923255920410156,0.15681572258472443,-0.35671380162239075,0.49928587675094604,0.16070790588855743,-0.23817355930805206,0.4635923206806183,0.16207927465438843,-0.24495698511600494,0.4885796308517456,0.18542450666427612,-0.2774101793766022,0.47600257396698,0.186025008559227,-0.2808462381362915,0.5295774340629578,0.2515474259853363,-0.09767099469900131,0.43352699279785156,0.25764989852905273,-0.1855964958667755,0.5379316806793213,0.35936203598976135,-0.025225669145584106,0.42603006958961487,0.36658012866973877,-0.14197754859924316,0.5485487580299377,0.4511628746986389,-0.1745559275150299,0.4171794652938843,0.4550662040710449,-0.2391054779291153,0.55553138256073,0.47806060314178467,-0.20038732886314392,0.4123958349227905,0.48398512601852417,-0.27424943447113037,0.552319347858429,0.47767627239227295,-0.24780787527561188,0.4168766736984253,0.48292168974876404,-0.3116993010044098,0.547754168510437,0.46926993131637573,-0.19481340050697327,0.4199107587337494,0.47416043281555176,-0.25551754236221313,0.5077853798866272,0.4463006258010864,0.00996224395930767,0.45841866731643677,0.44473928213119507,-0.010022805072367191,0.5134791135787964,0.5971669554710388,0.002041351981461048,0.4601834714412689,0.5998799800872803,-0.018191879615187645,0.5198047757148743,0.750187337398529,0.1735488772392273,0.46057435870170593,0.7480946183204651,0.1615314930677414,0.514490008354187,0.7688300013542175,0.1820177137851715,0.4647565484046936,0.7656821608543396,0.1713777333498001,0.5357527136802673,0.7921723127365112,0.04219194874167442,0.45596301555633545,0.7922313213348389,0.018402663990855217
deadlift_1400101.jpg,0.4817279279232025,0.2131204605102539,-0.5483915209770203,0.48712074756622314,0.19674937427043915,-0.5305402278900146,0.49081751704216003,0.19645710289478302,-0.530510663986206,0.4942513108253479,0.19646508991718292,-0.5305620431900024,0.4765140414237976,0.19630137085914612,-0.5303174257278442,0.4724172353744507,0.19578276574611664,-0.530432403087616,0.46893274784088135,0.1956855207681656,-0.5304177403450012,0.4998505413532257,0.20046234130859375,-0.39919283986091614,0.4633551836013794,0.1992422342300415,-0.4011598825454712,0.488374263048172,0.22702765464782715,-0.49734771251678467,0.4759342074394226,0.22830244898796082,-0.49802008271217346,0.5307062268257141,0.2949250042438507,-0.28789082169532776,0.43303078413009644,0.29502102732658386,-0.28675931692123413,0.5387850999832153,0.4040701985359192,-0.2523667514324188,0.425739586353302,0.40578481554985046,-0.2523747980594635,0.5495015978813171,0.5047591328620911,-0.3320782780647278,0.4168455898761749,0.5088439583778381,-0.33321714401245117,0.5558294057846069,0.53235924243927,-0.36484411358833313,0.4115702509880066,0.5365749597549438,-0.366328626871109,0.5523731112480164,0.5325372815132141,-0.39848142862319946,0.4166073799133301,0.5356475114822388,-0.3998960852622986,0.5479961633682251,0.5234421491622925,-0.3473000228404999,0.4197376072406769,0.5277490615844727,-0.34827911853790283,0.5079415440559387,0.4540107250213623,0.007508459500968456,0.4579496383666992,0.45465460419654846,-0.007650959305465221,0.5168724060058594,0.5978238582611084,-0.1486806720495224,0.4540152847766876,0.6006051898002625,-0.12983666360378265,0.5197911858558655,0.7511526346206665,-0.044064391404390335,0.46036380529403687,0.7481697797775269,-0.012715578079223633,0.5142955183982849,0.7693365216255188,-0.042399849742650986,0.4643959105014801,0.7662441730499268,-0.010705722495913506,0.5354816317558289,0.7921164035797119,-0.19583339989185333,0.45553675293922424,0.793918251991272,-0.16901108622550964
deadlift_1400111.jpg,0.4825458228588104,0.2908878028392792,-0.6879929304122925,0.4883055090904236,0.2740109860897064,-0.6680637001991272,0.4916682541370392,0.27281713485717773,-0.6680545806884766,0.495386004447937,0.271577924489975,-0.6681539416313171,0.47756752371788025,0.27314314246177673,-0.6687555909156799,0.47336095571517944,0.27143365144729614,-0.6688772439956665,0.4694410562515259,0.27002933621406555,-0.6688482165336609,0.5009155869483948,0.26906245946884155,-0.5189924836158752,0.4637070894241333,0.26896825432777405,-0.5236099362373352,0.4892026484012604,0.30092713236808777,-0.6293799877166748,0.4759523272514343,0.30202561616897583,-0.6308744549751282,0.5316200852394104,0.3519465923309326,-0.37796324491500854,0.4324849247932434,0.35444900393486023,-0.3771419823169708,0.53905189037323,0.46434372663497925,-0.36510562896728516,0.4253825545310974,0.47125035524368286,-0.37062138319015503,0.5490849614143372,0.5662611722946167,-0.45538124442100525,0.41668909788131714,0.5733474493026733,-0.4702569544315338,0.55597984790802,0.5987768769264221,-0.49597248435020447,0.4106479287147522,0.6037627458572388,-0.5125746726989746,0.5518984198570251,0.5985077619552612,-0.526758074760437,0.4163089096546173,0.6030851006507874,-0.5463341474533081,0.5471975207328796,0.5877490043640137,-0.4701845943927765,0.4195820689201355,0.5929524898529053,-0.4866638779640198,0.5082656741142273,0.46583545207977295,0.007439511828124523,0.45711222290992737,0.4638708829879761,-0.007396772503852844,0.5200797915458679,0.5735262036323547,-0.3399965465068817,0.4540461599826813,0.5745778679847717,-0.3239228129386902,0.5198642611503601,0.7439815998077393,-0.17713339626789093,0.4594000279903412,0.7469613552093506,-0.16211239993572235,0.5141962766647339,0.7626093626022339,-0.17000675201416016,0.4627738296985626,0.7657241225242615,-0.15504424273967743,0.532760500907898,0.7885751724243164,-0.34814557433128357,0.4557593762874603,0.7940414547920227,-0.33867043256759644
deadlift_1400121.jpg,0.4830397963523865,0.3512568175792694,-0.6692323684692383,0.4889070391654968,0.33620089292526245,-0.6514617800712585,0.49225637316703796,0.33500340580940247,-0.6514533162117004,0.49604928493499756,0.3336184024810791,-0.6515704393386841,0.4781290888786316,0.33596673607826233,-0.6514915823936462,0.47408148646354675,0.3347412645816803,-0.6516151428222656,0.47033363580703735,0.3335075378417969,-0.6516139507293701,0.5015047192573547,0.3259282112121582,-0.5102479457855225,0.4637773633003235,0.32808375358581543,-0.5106408596038818,0.48975059390068054,0.35972362756729126,-0.6128725409507751,0.4760056138038635,0.3604438006877899,-0.6131168007850647,0.5321695804595947,0.39732491970062256,-0.3739563524723053,0.43240270018577576,0.3961307108402252,-0.3712213933467865,0.5392889380455017,0.5127028226852417,-0.3795698285102844,0.4250633418560028,0.5147631168365479,-0.3803310692310333,0.5493258237838745,0.6157513856887817,-0.4709020256996155,0.4164949655532837,0.6173363327980042,-0.47365570068359375,0.5560025572776794,0.6460355520248413,-0.5111701488494873,0.4096468985080719,0.6514240503311157,-0.5139036774635315,0.5519121289253235,0.6466445326805115,-0.5370395183563232,0.41610658168792725,0.6502149105072021,-0.5455006957054138,0.5470079779624939,0.6328593492507935,-0.48426514863967896,0.41950199007987976,0.6375011205673218,-0.489153653383255,0.5083112716674805,0.48807787895202637,0.005975488107651472,0.45555800199508667,0.48909467458724976,-0.005697140470147133,0.5196517705917358,0.5632650256156921,-0.4120774269104004,0.45317426323890686,0.5688482522964478,-0.3806113004684448,0.5184827446937561,0.7451463341712952,-0.23960711061954498,0.45758363604545593,0.744461715221405,-0.21129368245601654,0.512133777141571,0.7641467452049255,-0.23078188300132751,0.4609721601009369,0.762151837348938,-0.20221279561519623,0.526299774646759,0.7867875099182129,-0.409652978181839,0.45437091588974,0.7908163070678711,-0.3858422636985779
deadlift_1400131.jpg,0.4828634262084961,0.38014814257621765,-0.7044287919998169,0.48873060941696167,0.365456759929657,-0.6879491209983826,0.49213939905166626,0.3638759255409241,-0.6879493594169617,0.495913565158844,0.36192184686660767,-0.6880573034286499,0.47794288396835327,0.36601147055625916,-0.68723464012146,0.473886638879776,0.36484721302986145,-0.6873354315757751,0.4701051115989685,0.3634074032306671,-0.6873382329940796,0.5014578104019165,0.3530498147010803,-0.5488525032997131,0.46365511417388916,0.3550563156604767,-0.5457996726036072,0.48960691690444946,0.3880244493484497,-0.6486583948135376,0.4758898615837097,0.38928261399269104,-0.647831380367279,0.5322449803352356,0.4183189272880554,-0.4123459458351135,0.431365430355072,0.4182874858379364,-0.4041963815689087,0.5409614443778992,0.537469208240509,-0.43317991495132446,0.4249638617038727,0.5389164686203003,-0.42902612686157227,0.5504627227783203,0.6375672221183777,-0.5268887281417847,0.41550061106681824,0.6431089639663696,-0.524297297000885,0.556935727596283,0.673136293888092,-0.570874035358429,0.40948954224586487,0.6748352646827698,-0.5666597485542297,0.5519953370094299,0.6725108027458191,-0.5939466953277588,0.41603901982307434,0.6754394769668579,-0.5982618927955627,0.5471158623695374,0.6612998247146606,-0.5394268035888672,0.41938820481300354,0.6652134656906128,-0.5401531457901001,0.5082119107246399,0.5000218152999878,0.003836697433143854,0.4535824954509735,0.5029708743095398,-0.00341762974858284,0.5180301666259766,0.5690354704856873,-0.42174381017684937,0.4528268575668335,0.5762890577316284,-0.3745228946208954,0.5168711543083191,0.7460563778877258,-0.21923716366291046,0.4574972987174988,0.7453275918960571,-0.1803072839975357,0.5106022953987122,0.7650685906410217,-0.20778751373291016,0.46097707748413086,0.7631034255027771,-0.16931194067001343,0.5238164663314819,0.7863052487373352,-0.38425031304359436,0.4523567259311676,0.7912189960479736,-0.3496794104576111
deadlift_1400141.jpg,0.4828496277332306,0.3697901964187622,-0.6699191927909851,0.4886539876461029,0.35523220896720886,-0.6517900228500366,0.49207809567451477,0.35337400436401367,-0.65180903673172,0.4957948327064514,0.35139110684394836,-0.651941180229187,0.47777801752090454,0.35685640573501587,-0.6519765853881836,0.47373488545417786,0.3559528887271881,-0.6520847678184509,0.4699946343898773,0.35467106103897095,-0.6521219611167908,0.5013220906257629,0.34748581051826477,-0.5161186456680298,0.46357953548431396,0.3505094647407532,-0.5175725817680359,0.48957669734954834,0.38030898571014404,-0.6166993379592896,0.47585058212280273,0.3807222247123718,-0.6172042489051819,0.5331614017486572,0.41918402910232544,-0.3949633538722992,0.43105944991111755,0.42125028371810913,-0.38398581743240356,0.5418738126754761,0.5346971154212952,-0.41511520743370056,0.42484891414642334,0.5393210649490356,-0.404019832611084,0.5515931248664856,0.6404107213020325,-0.4948156177997589,0.4150013327598572,0.6433990597724915,-0.49102938175201416,0.5580345392227173,0.676850438117981,-0.5354934930801392,0.40879660844802856,0.676946222782135,-0.5296109318733215,0.5520092248916626,0.6759955883026123,-0.5583972930908203,0.4159923791885376,0.6770271062850952,-0.5626227259635925,0.5472957491874695,0.6654740571975708,-0.5066888928413391,0.41930529475212097,0.6660507917404175,-0.5073811411857605,0.5089051723480225,0.5080137252807617,0.001598106580786407,0.4535164535045624,0.5118216276168823,-0.0012144423089921474,0.5174566507339478,0.5692642331123352,-0.423772394657135,0.4505016505718231,0.5774112939834595,-0.3665715456008911,0.5137770175933838,0.7466557025909424,-0.237484410405159,0.456275999546051,0.7455198764801025,-0.18859417736530304,0.5088613033294678,0.7692857384681702,-0.22767141461372375,0.4600428640842438,0.7668675780296326,-0.17978589236736298,0.5230225324630737,0.7868481278419495,-0.3967057764530182,0.4458780586719513,0.7913958430290222,-0.3526906371116638
deadlift_1500001.jpg,0.5087164044380188,0.48523059487342834,-0.5361630916595459,0.5146651268005371,0.4782392382621765,-0.567521333694458,0.5185478329658508,0.4771861732006073,-0.5675471425056458,0.5220476388931274,0.47382524609565735,-0.5677659511566162,0.5026852488517761,0.4761621654033661,-0.5518824458122253,0.49893608689308167,0.4741898775100708,-0.5518913865089417,0.4941440224647522,0.4707799553871155,-0.5519822835922241,0.5320285558700562,0.45471569895744324,-0.5599501729011536,0.48637279868125916,0.45196104049682617,-0.5032930970191956,0.5151488780975342,0.4785023033618927,-0.5309751033782959,0.5039412379264832,0.4787871837615967,-0.5099620819091797,0.5926237106323242,0.4209880530834198,-0.48820704221725464,0.4685569107532501,0.4201488792896271,-0.3971249759197235,0.6229307055473328,0.5440866947174072,-0.511634111404419,0.46888986229896545,0.5218527317047119,-0.3494652807712555,0.6329911947250366,0.6735840439796448,-0.5761391520500183,0.4722450375556946,0.6227341294288635,-0.38754722476005554,0.6434935927391052,0.6999836564064026,-0.6261525750160217,0.46302545070648193,0.6556432843208313,-0.4121304452419281,0.6295524835586548,0.7016856670379639,-0.6384778618812561,0.47210365533828735,0.6569363474845886,-0.4371962547302246,0.6233623027801514,0.6908209919929504,-0.5833699107170105,0.47809717059135437,0.6458194851875305,-0.3982321321964264,0.5838854312896729,0.42571189999580383,-0.011477147229015827,0.5124973654747009,0.42956745624542236,0.011727433651685715,0.606652557849884,0.5542788505554199,-0.20586256682872772,0.4881560206413269,0.5748106837272644,-0.14617685973644257,0.5748369693756104,0.5596935153007507,0.20978756248950958,0.4879520535469055,0.5766274929046631,0.25657716393470764,0.571685791015625,0.5434678196907043,0.25389841198921204,0.49132010340690613,0.5671809315681458,0.30266058444976807,0.5633655786514282,0.613503098487854,0.24103862047195435,0.4812973141670227,0.6193237900733948,0.31260979175567627
deadlift_1500011.jpg,0.5009222030639648,0.4471229016780853,-0.7176771759986877,0.5070080757141113,0.42723989486694336,-0.7231520414352417,0.5104714632034302,0.42433398962020874,-0.7231805920600891,0.5140620470046997,0.42020082473754883,-0.7233667969703674,0.49826744198799133,0.42816078662872314,-0.7126104235649109,0.4961584508419037,0.4258786141872406,-0.7126353979110718,0.49211356043815613,0.42313602566719055,-0.7127478122711182,0.5236431360244751,0.39953485131263733,-0.651567280292511,0.48094692826271057,0.4053916931152344,-0.6033437848091125,0.5090767741203308,0.45079320669174194,-0.6824942827224731,0.496000736951828,0.45336613059043884,-0.668202817440033,0.5863630771636963,0.4150170087814331,-0.5450534224510193,0.45632103085517883,0.4311697781085968,-0.47512689232826233,0.6134865283966064,0.5695076584815979,-0.5732645392417908,0.4641464352607727,0.5396527647972107,-0.4678335189819336,0.6236826777458191,0.6981961131095886,-0.6279447674751282,0.4635929763317108,0.6440820693969727,-0.5227892994880676,0.6331136226654053,0.7258027195930481,-0.6832085251808167,0.4575745761394501,0.6731167435646057,-0.565406084060669,0.6184238195419312,0.7294647097587585,-0.6990354657173157,0.46713128685951233,0.6712244749069214,-0.5899714231491089,0.6120951175689697,0.7223414778709412,-0.6379066705703735,0.47157737612724304,0.6605027914047241,-0.536634624004364,0.5786910653114319,0.46401745080947876,-0.012715444900095463,0.5106378793716431,0.4591190218925476,0.01280434150248766,0.5872279405593872,0.5955858826637268,0.12329665571451187,0.4848107695579529,0.5765103697776794,0.16170436143875122,0.5762025117874146,0.5912659168243408,0.5797353982925415,0.49924567341804504,0.5712646245956421,0.6088710427284241,0.5673696398735046,0.5847263336181641,0.6252403259277344,0.5032743811607361,0.5604164600372314,0.6567235589027405,0.5692529678344727,0.6498095393180847,0.593906819820404,0.4862256944179535,0.613231360912323,0.6480919718742371
deadlift_1500021.jpg,0.4708171784877777,0.27989810705184937,-1.018272042274475,0.47980058193206787,0.2526366114616394,-1.00748610496521,0.4864809215068817,0.251242071390152,-1.0074927806854248,0.4924651086330414,0.24972403049468994,-1.0076733827590942,0.46300962567329407,0.2533084750175476,-0.9934253096580505,0.4591065049171448,0.2522079050540924,-0.9934335947036743,0.45587748289108276,0.25109800696372986,-0.993524968624115,0.5104283690452576,0.24234841763973236,-0.8744171857833862,0.4574298560619354,0.2475551813840866,-0.8082752823829651,0.4872819185256958,0.29898926615715027,-0.964341938495636,0.46995189785957336,0.2982806861400604,-0.9450474977493286,0.5725565552711487,0.29518911242485046,-0.7271427512168884,0.4495297074317932,0.3223732113838196,-0.6239382028579712,0.5946059823036194,0.4784567952156067,-0.7986139059066772,0.45263275504112244,0.4740152955055237,-0.6664325594902039,0.6055074334144592,0.6694117188453674,-0.8992118239402771,0.450023353099823,0.5857502818107605,-0.7931543588638306,0.611957311630249,0.6920197606086731,-0.9706462025642395,0.44318199157714844,0.6136379241943359,-0.8444149494171143,0.6011970043182373,0.6343058347702026,-0.9860317707061768,0.4531727433204651,0.6154029965400696,-0.8794909119606018,0.5946517586708069,0.6787500381469727,-0.9099048376083374,0.45825818181037903,0.6060342192649841,-0.8117034435272217,0.557648241519928,0.4282422363758087,-0.027855899184942245,0.4922701120376587,0.42278945446014404,0.027898123487830162,0.5811870694160461,0.5576951503753662,-0.2553774118423462,0.47829553484916687,0.5778524875640869,-0.07241354882717133,0.5569871068000793,0.588905394077301,0.25350043177604675,0.49247363209724426,0.5880270004272461,0.450910359621048,0.5519136190414429,0.5847066044807434,0.2980556786060333,0.49850019812583923,0.582041323184967,0.5011518597602844,0.5573316216468811,0.6512689590454102,0.18221810460090637,0.48913753032684326,0.6482886075973511,0.4129486382007599
deadlift_1500031.jpg,,,,,,,,,,,,,,,,,,,,,,,,,,,,,,,,,,,,,,,,,,,,,,,,,,,,,,,,,,,,,,,,,,,,,,,,,,,,,,,,,,,,,,,,,,,,,,,,,,,
deadlift_1500041.jpg,0.5503615140914917,-0.038077473640441895,-0.38951748609542847,0.556123673915863,-0.053103890269994736,-0.3789312541484833,0.5591025948524475,-0.05065253749489784,-0.37902817130088806,0.5623689293861389,-0.044929537922143936,-0.37913888692855835,0.547183096408844,-0.051039278507232666,-0.36388710141181946,0.5442047119140625,-0.04872465133666992,-0.36386746168136597,0.5411258339881897,-0.04645276069641113,-0.3639757037162781,0.5715760588645935,-0.03216052055358887,-0.26902779936790466,0.5373735427856445,-0.028691798448562622,-0.1977296620607376,0.5557458400726318,-0.01236006710678339,-0.34509366750717163,0.5373315215110779,-0.006359845399856567,-0.3250044286251068,0.6104458570480347,0.09394800662994385,-0.21335799992084503,0.48710229992866516,0.08880120515823364,-0.054201699793338776,0.602979838848114,0.2653546929359436,-0.16538913547992706,0.4552779197692871,0.23698344826698303,0.025781376287341118,0.5902547836303711,0.42524656653404236,-0.27393731474876404,0.43033722043037415,0.36484768986701965,-0.1036367192864418,0.5930958390235901,0.47404924035072327,-0.3224424123764038,0.420700341463089,0.4059502184391022,-0.13833938539028168,0.583452582359314,0.4760039448738098,-0.36595162749290466,0.4286879301071167,0.40821540355682373,-0.19510841369628906,0.5802021026611328,0.4634649157524109,-0.29152119159698486,0.43468523025512695,0.395160049200058,-0.13020630180835724,0.5541031360626221,0.3914174735546112,-0.049625787883996964,0.48514658212661743,0.37928834557533264,0.049603722989559174,0.5564091801643372,0.6346232891082764,-0.11614610999822617,0.4952084720134735,0.6118795871734619,0.05433357506990433,0.5618408918380737,0.805847704410553,0.2543851435184479,0.5089889168739319,0.771389365196228,0.45591631531715393,0.5612689256668091,0.8185039758682251,0.27880948781967163,0.5208156108856201,0.7937349677085876,0.48725393414497375,0.545701265335083,0.8887662887573242,0.08165588229894638,0.47152888774871826,0.8469438552856445,0.32504579424858093
deadlift_1500051.jpg,0.542536735534668,-0.04481137543916702,-0.4618430733680725,0.5532058477401733,-0.0597185455262661,-0.4583183228969574,0.5576696395874023,-0.05861113965511322,-0.45840662717819214,0.5619198679924011,-0.05690786987543106,-0.4585305154323578,0.5412219166755676,-0.06004457548260689,-0.437976211309433,0.5375205278396606,-0.059745099395513535,-0.4379437267780304,0.5337712168693542,-0.05948294699192047,-0.43805405497550964,0.5694900155067444,-0.03883616253733635,-0.37392985820770264,0.5359870195388794,-0.044757261872291565,-0.2794305682182312,0.5514154434204102,-0.01961980201303959,-0.4259714186191559,0.5372503399848938,-0.017689166590571404,-0.3991710841655731,0.6104670763015747,0.08814061433076859,-0.32708895206451416,0.48711875081062317,0.08203940093517303,-0.12174297124147415,0.6050241589546204,0.2634997069835663,-0.2815178632736206,0.4563528597354889,0.2359478622674942,-0.023212160915136337,0.5921944379806519,0.4260264039039612,-0.35658958554267883,0.4326733648777008,0.3650948405265808,-0.12951011955738068,0.595464825630188,0.47756829857826233,-0.4015480577945709,0.4248027503490448,0.4067250192165375,-0.15500634908676147,0.5846421718597412,0.48012614250183105,-0.4394702613353729,0.43453413248062134,0.4086236357688904,-0.21205197274684906,0.5811225771903992,0.464511901140213,-0.3702408969402313,0.43921539187431335,0.3960825502872467,-0.15500043332576752,0.5583505630493164,0.39158129692077637,-0.053901076316833496,0.4887760877609253,0.37869182229042053,0.05383849889039993,0.5576750636100769,0.6273942589759827,-0.08699796348810196,0.4966028332710266,0.6079047918319702,0.1349402368068695,0.5630308985710144,0.8057474493980408,0.270695298910141,0.5101439356803894,0.7684454321861267,0.5121113061904907,0.564739465713501,0.8193895816802979,0.2927858233451843,0.5234789252281189,0.7928478717803955,0.5407640933990479,0.5462061166763306,0.8884862065315247,0.09810125827789307,0.4723963439464569,0.8414509296417236,0.38920971751213074
deadlift_1500061.jpg,0.4535767436027527,0.11719455569982529,-0.7061384916305542,0.4598033130168915,0.08973751217126846,-0.7142179608345032,0.4659701883792877,0.08695423603057861,-0.7141458988189697,0.4732414484024048,0.08375374227762222,-0.7143071293830872,0.446949303150177,0.09230711311101913,-0.681471586227417,0.44351768493652344,0.09187658876180649,-0.681552529335022,0.44047701358795166,0.09121879190206528,-0.681621253490448,0.49675410985946655,0.07763133943080902,-0.6562726497650146,0.45262768864631653,0.08698537945747375,-0.5058644413948059,0.4689483344554901,0.13292501866817474,-0.6774775981903076,0.45548635721206665,0.13641323149204254,-0.6344999670982361,0.5755205154418945,0.19817137718200684,-0.602418065071106,0.4564647674560547,0.18506893515586853,-0.3073526620864868,0.585728645324707,0.4064331352710724,-0.6219815611839294,0.4468192756175995,0.3426095247268677,-0.19312603771686554,0.5867716670036316,0.5812903642654419,-0.6682837009429932,0.4383767545223236,0.4844689965248108,-0.2635970413684845,0.593698263168335,0.6285563111305237,-0.7230474352836609,0.43353304266929626,0.5248607993125916,-0.27427154779434204,0.5826696157455444,0.6275910139083862,-0.7357912063598633,0.4438777267932892,0.5267636775970459,-0.32221677899360657,0.5781876444816589,0.6098552346229553,-0.6732671856880188,0.4486066699028015,0.5154486298561096,-0.28324759006500244,0.5559824705123901,0.43051108717918396,-0.09309397637844086,0.48868557810783386,0.4086233675479889,0.09296250343322754,0.551578164100647,0.6479111909866333,-0.023775072768330574,0.49663203954696655,0.6053723096847534,0.3075529932975769,0.5597413778305054,0.8059262633323669,0.21541811525821686,0.5099291801452637,0.765688419342041,0.6432774662971497,0.563076913356781,0.8213004469871521,0.2289382815361023,0.5233423709869385,0.7886050939559937,0.6726528406143188,0.5432844161987305,0.8900830745697021,0.07072354108095169,0.47251489758491516,0.8347634077072144,0.5771299600601196
deadlift_1600001.jpg,0.48922914266586304,0.4838564991950989,-0.9758226275444031,0.4959636926651001,0.469187468290329,-0.9659355282783508,0.5007892847061157,0.4663730561733246,-0.9658642411231995,0.5062621831893921,0.4627522826194763,-0.966083824634552,0.48448997735977173,0.47084078192710876,-0.9685724973678589,0.481013685464859,0.46976611018180847,-0.968744695186615,0.4776571989059448,0.46801766753196716,-0.9689076542854309,0.5203785300254822,0.44554904103279114,-0.8060734272003174,0.4769217371940613,0.4560394287109375,-0.8159379363059998,0.5000454783439636,0.48656517267227173,-0.9067971110343933,0.484944611787796,0.4882955253124237,-0.9101563692092896,0.5683974623680115,0.4838999807834625,-0.6022201180458069,0.4521850049495697,0.4852912425994873,-0.6152055263519287,0.5799020528793335,0.5994950532913208,-0.6004331707954407,0.44732654094696045,0.5997956991195679,-0.6116268038749695,0.5868951678276062,0.713968813419342,-0.7159378528594971,0.4459095597267151,0.7021563053131104,-0.7101234793663025,0.5939995050430298,0.7531210780143738,-0.7643817067146301,0.439412921667099,0.7350943088531494,-0.758366584777832,0.5843999981880188,0.7555503249168396,-0.7919853329658508,0.44657790660858154,0.7399018406867981,-0.7868263125419617,0.5796236395835876,0.7411035895347595,-0.7327916622161865,0.4502893388271332,0.729166567325592,-0.7256835103034973,0.5544750690460205,0.5683678984642029,-0.008308183401823044,0.4852536618709564,0.5586110949516296,0.008533966727554798,0.5988593697547913,0.6560458540916443,-0.12032629549503326,0.43813613057136536,0.6563815474510193,-0.18886525928974152,0.6428298354148865,0.7549641728401184,0.21742145717144012,0.40896400809288025,0.7769179344177246,0.12234912067651749,0.6419095396995544,0.7656579613685608,0.24371328949928284,0.4093327522277832,0.7926679253578186,0.1492854803800583,0.6320977807044983,0.8147025108337402,0.1247604638338089,0.39273306727409363,0.8479822874069214,0.007817564532160759
deadlift_1600011.jpg,0.4994158446788788,0.46932685375213623,-0.8804280757904053,0.505070149898529,0.45406731963157654,-0.863745927810669,0.5093144774436951,0.4519067406654358,-0.8637301921844482,0.5139057636260986,0.44939711689949036,-0.8639137148857117,0.49398478865623474,0.4550439119338989,-0.865070104598999,0.4904235005378723,0.4536043405532837,-0.8652454614639282,0.4866972267627716,0.45178845524787903,-0.8653669953346252,0.5231711864471436,0.4364432990550995,-0.6951007843017578,0.48252156376838684,0.4410947561264038,-0.7001911401748657,0.5078255534172058,0.4751693606376648,-0.8112223148345947,0.4935794770717621,0.47567641735076904,-0.8128772974014282,0.5648059248924255,0.48820117115974426,-0.5160458087921143,0.4529358744621277,0.49626076221466064,-0.533691942691803,0.5768654942512512,0.6107650399208069,-0.5249763131141663,0.4453047513961792,0.6167080998420715,-0.5525394678115845,0.5851137042045593,0.7228491306304932,-0.6505893468856812,0.44545474648475647,0.7207772135734558,-0.6591004133224487,0.5939983129501343,0.7604719996452332,-0.6984962821006775,0.43929633498191833,0.7486889362335205,-0.705059289932251,0.5853825211524963,0.7638562321662903,-0.7264392971992493,0.4470481276512146,0.7585740685462952,-0.7343646883964539,0.5804547667503357,0.7513921856880188,-0.6669886708259583,0.45033028721809387,0.7430461645126343,-0.674717128276825,0.5488491654396057,0.6171469688415527,0.0008331440621986985,0.484668105840683,0.6178812384605408,-0.0005999533459544182,0.6017856597900391,0.6536720395088196,-0.34710946679115295,0.4283246695995331,0.6549420356750488,-0.35883912444114685,0.6484381556510925,0.7485073804855347,-0.017730146646499634,0.40235424041748047,0.7733710408210754,-0.0038443433586508036,0.6457464694976807,0.7651026248931885,0.010270173661410809,0.40670621395111084,0.7825173139572144,0.026362616568803787,0.6770653128623962,0.790399432182312,-0.11937760561704636,0.40218719840049744,0.8240172266960144,-0.11072122305631638
deadlift_1600021.jpg,0.5027396082878113,0.47589701414108276,-0.8479210734367371,0.508935809135437,0.4593254029750824,-0.8315774202346802,0.5136252045631409,0.4563171863555908,-0.8315560817718506,0.5183219313621521,0.4532827138900757,-0.831741213798523,0.49635013937950134,0.46279364824295044,-0.8322852849960327,0.4923761785030365,0.4619859457015991,-0.8324512839317322,0.48805129528045654,0.4606890082359314,-0.8324899673461914,0.526826798915863,0.4385667145252228,-0.6638056635856628,0.4804752469062805,0.4461556375026703,-0.6654090285301208,0.5112466216087341,0.4818451702594757,-0.7780304551124573,0.4959907829761505,0.4844382107257843,-0.7785966992378235,0.567438006401062,0.4913731813430786,-0.4874604046344757,0.4512351453304291,0.4947379231452942,-0.4932454824447632,0.577674150466919,0.6121598482131958,-0.5041723847389221,0.44484513998031616,0.6215418577194214,-0.5141051411628723,0.585044264793396,0.727763295173645,-0.6320018172264099,0.44458141922950745,0.7202925086021423,-0.6287217736244202,0.5939918160438538,0.7620751857757568,-0.6798192858695984,0.43874695897102356,0.7507120966911316,-0.6757151484489441,0.5861818790435791,0.7649656534194946,-0.7038239240646362,0.44595715403556824,0.7526204586029053,-0.7031632661819458,0.5816057324409485,0.7521302103996277,-0.6462120413780212,0.44976529479026794,0.7412619590759277,-0.6436514258384705,0.5481248497962952,0.6124085187911987,0.003177584847435355,0.48016974329948425,0.6092556715011597,-0.0028617812786251307,0.6045440435409546,0.6521892547607422,-0.4602886140346527,0.4214598834514618,0.6567575335502625,-0.5003418922424316,0.6272200345993042,0.7495658993721008,-0.11171802133321762,0.39903679490089417,0.8290188908576965,-0.15787655115127563,0.6227142214775085,0.7858728170394897,-0.0846066027879715,0.40892791748046875,0.857684314250946,-0.13166192173957825,0.6401081681251526,0.8150838017463684,-0.24641503393650055,0.37176698446273804,0.8886715173721313,-0.3196236193180084
deadlift_1600031.jpg,0.504144549369812,0.4638339877128601,-0.8307868242263794,0.5107204914093018,0.4470099210739136,-0.8126405477523804,0.5154650807380676,0.4446988105773926,-0.8126310706138611,0.5201905965805054,0.4422096312046051,-0.8128233551979065,0.4973803758621216,0.4494189918041229,-0.8134918212890625,0.493200421333313,0.4485720694065094,-0.8136577606201172,0.48886170983314514,0.44720718264579773,-0.8136871457099915,0.5280877351760864,0.4312983751296997,-0.638451874256134,0.4815240204334259,0.436629056930542,-0.6409078240394592,0.5132597088813782,0.47227147221565247,-0.7587991952896118,0.4965892434120178,0.47329339385032654,-0.7597561478614807,0.5677573680877686,0.490031361579895,-0.4643385708332062,0.45158353447914124,0.4931867718696594,-0.46842923760414124,0.5760048031806946,0.6100106239318848,-0.46263933181762695,0.44514209032058716,0.6224902868270874,-0.47534647583961487,0.5851207375526428,0.7251278162002563,-0.573836088180542,0.4444746971130371,0.7307292222976685,-0.5806769728660583,0.594011127948761,0.7621998190879822,-0.6243923902511597,0.43985092639923096,0.7610421180725098,-0.6248945593833923,0.5867007970809937,0.7659585475921631,-0.6551564931869507,0.4454750120639801,0.7633004784584045,-0.6569080352783203,0.5826423764228821,0.7541458010673523,-0.5885677933692932,0.44914552569389343,0.7528168559074402,-0.5967721343040466,0.5476515293121338,0.6202024817466736,0.004731707274913788,0.4794592261314392,0.6191297173500061,-0.004398331977427006,0.6106795072555542,0.6528103947639465,-0.4605999290943146,0.42344924807548523,0.6546363234519958,-0.49983662366867065,0.6209074854850769,0.7682571411132812,-0.11012356728315353,0.4085734486579895,0.824924111366272,-0.16252343356609344,0.6148390173912048,0.8033918738365173,-0.08334887772798538,0.41061732172966003,0.862765908241272,-0.13712622225284576,0.6501147150993347,0.8256210088729858,-0.24385398626327515,0.3694455921649933,0.8985013961791992,-0.32269087433815
deadlift_1600041.jpg,0.504254162311554,0.45940470695495605,-0.8196324110031128,0.510880708694458,0.4439738094806671,-0.799136757850647,0.5155847072601318,0.4416337013244629,-0.7991456985473633,0.5203367471694946,0.4390546679496765,-0.7993465662002563,0.497529536485672,0.44563305377960205,-0.7996941804885864,0.4933416247367859,0.4443386495113373,-0.7998650074005127,0.48919573426246643,0.4425062835216522,-0.7999235987663269,0.5284485220909119,0.42918312549591064,-0.626395583152771,0.4826820492744446,0.43237394094467163,-0.6282747983932495,0.5134851336479187,0.46660253405570984,-0.7500388622283936,0.4965144097805023,0.4684291481971741,-0.7507057785987854,0.568344235420227,0.49071410298347473,-0.4644673466682434,0.45141810178756714,0.49435508251190186,-0.46636101603507996,0.5758565068244934,0.6148210167884827,-0.47350379824638367,0.44526007771492004,0.6254625916481018,-0.48367851972579956,0.5852647423744202,0.723938524723053,-0.585162341594696,0.44432294368743896,0.7298345565795898,-0.5967689156532288,0.5945311188697815,0.7593114972114563,-0.6317707300186157,0.43963727355003357,0.7569761276245117,-0.6414600014686584,0.587898313999176,0.7653912305831909,-0.6592390537261963,0.444170743227005,0.7616620659828186,-0.6753501296043396,0.5844357013702393,0.7520783543586731,-0.5995157361030579,0.44694840908050537,0.7503477334976196,-0.6140420436859131,0.547572672367096,0.623725175857544,0.0050625731237232685,0.47891995310783386,0.6253790259361267,-0.004801877774298191,0.6108344197273254,0.6551551222801208,-0.4419970214366913,0.4209802746772766,0.6590502858161926,-0.4714711606502533,0.6166640520095825,0.7703920006752014,-0.06519021093845367,0.41559740900993347,0.8153053522109985,-0.11783202737569809,0.6101556420326233,0.7971839904785156,-0.035801950842142105,0.4150216281414032,0.8447795510292053,-0.09092497825622559,0.6433751583099365,0.8113951683044434,-0.18908263742923737,0.3732219636440277,0.8931030035018921,-0.2709130048751831
deadlift_1600051.jpg,0.5051223039627075,0.4576447308063507,-0.8028327226638794,0.5118022561073303,0.44022423028945923,-0.779275119304657,0.5164520740509033,0.4371131956577301,-0.7793134450912476,0.5212017297744751,0.4340888261795044,-0.7795124053955078,0.4985097050666809,0.44333937764167786,-0.7810344099998474,0.494253545999527,0.44240811467170715,-0.7811794281005859,0.49019160866737366,0.44088122248649597,-0.7812223434448242,0.5293163657188416,0.42622002959251404,-0.6090908646583557,0.48374155163764954,0.43195000290870667,-0.6135342121124268,0.514329195022583,0.46646055579185486,-0.7341955900192261,0.49738702178001404,0.4695340394973755,-0.7367103099822998,0.5695945024490356,0.4922497570514679,-0.45815515518188477,0.45168358087539673,0.49721941351890564,-0.45739132165908813,0.5765637755393982,0.6146182417869568,-0.47042086720466614,0.44544994831085205,0.627136766910553,-0.48165038228034973,0.5864312052726746,0.7315846681594849,-0.5896361470222473,0.4439659118652344,0.7332135438919067,-0.6008612513542175,0.5954734086990356,0.7667916417121887,-0.6400954723358154,0.43900638818740845,0.7627258896827698,-0.648829996585846,0.5886324048042297,0.770086407661438,-0.6679826974868774,0.443926066160202,0.7640306949615479,-0.6848124861717224,0.5855993628501892,0.7584157586097717,-0.6045405268669128,0.44681307673454285,0.7517639994621277,-0.6191164255142212,0.5480111241340637,0.6199644207954407,0.005977886263281107,0.4791731536388397,0.6230675578117371,-0.00576524855569005,0.6160905361175537,0.668865442276001,-0.47699156403541565,0.41714033484458923,0.6637359857559204,-0.47704431414604187,0.6301925182342529,0.7937230467796326,-0.13480521738529205,0.41391807794570923,0.8112751245498657,-0.14040721952915192,0.6210129857063293,0.818926990032196,-0.10921122133731842,0.4137383699417114,0.8459540605545044,-0.1155172809958458,0.6578310132026672,0.8599183559417725,-0.27455174922943115,0.3751859962940216,0.887664258480072,-0.2957904040813446
deadlift_1600061.jpg,0.5053884983062744,0.4479409158229828,-0.7909438610076904,0.5124868750572205,0.43000656366348267,-0.7671372890472412,0.5169472694396973,0.42705467343330383,-0.7671689987182617,0.5213474631309509,0.42403534054756165,-0.7673389911651611,0.4991607666015625,0.4334563910961151,-0.770325243473053,0.49499672651290894,0.43273934721946716,-0.7704970240592957,0.49094030261039734,0.43143224716186523,-0.7705814838409424,0.5297677516937256,0.4179256856441498,-0.6030054688453674,0.4845104217529297,0.42474567890167236,-0.6192423105239868,0.5144251585006714,0.46039101481437683,-0.726095974445343,0.49782881140708923,0.46300044655799866,-0.7317403554916382,0.5706353783607483,0.49503758549690247,-0.455671489238739,0.45010265707969666,0.4961004853248596,-0.4766533076763153,0.5771751403808594,0.6142807602882385,-0.4710184335708618,0.4456041157245636,0.6242712736129761,-0.5028824210166931,0.5864413380622864,0.7305299639701843,-0.5772983431816101,0.44372138381004333,0.7310901284217834,-0.6079199314117432,0.5958319306373596,0.7647592425346375,-0.624750554561615,0.43864330649375916,0.7634916305541992,-0.6549317836761475,0.5887030959129333,0.7678923010826111,-0.6528180837631226,0.44388678669929504,0.7652294635772705,-0.6858850717544556,0.585565984249115,0.7565308213233948,-0.5915265679359436,0.44668081402778625,0.7530807256698608,-0.6238285303115845,0.5482702255249023,0.6174741983413696,0.008649674244225025,0.47930777072906494,0.6196054816246033,-0.008506355807185173,0.6181331276893616,0.6775696277618408,-0.3445664644241333,0.41355565190315247,0.6647985577583313,-0.4492506980895996,0.6631736755371094,0.7447115778923035,-0.049477655440568924,0.3994731903076172,0.8365530371665955,-0.148360937833786,0.6621477603912354,0.7657759785652161,-0.020622406154870987,0.4089631736278534,0.8636944890022278,-0.12685228884220123,0.7042656540870667,0.7635066509246826,-0.1620464324951172,0.3664458394050598,0.8890752196311951,-0.2980588376522064
deadlift_1600071.jpg,0.5055786371231079,0.42015668749809265,-0.8045518398284912,0.5127594470977783,0.40245217084884644,-0.7788794636726379,0.5173731446266174,0.400584876537323,-0.7789109945297241,0.5218440890312195,0.3985636532306671,-0.7791022658348083,0.49958673119544983,0.4042191803455353,-0.7829230427742004,0.4954552948474884,0.40339478850364685,-0.7831055521965027,0.4914185702800751,0.4023597240447998,-0.783203125,0.5301448106765747,0.39287906885147095,-0.6102977991104126,0.48519575595855713,0.39777734875679016,-0.630206823348999,0.5146444439888,0.4325326681137085,-0.7393730878829956,0.497886061668396,0.4348982870578766,-0.7452644109725952,0.5712409615516663,0.4776942729949951,-0.46745893359184265,0.4494574964046478,0.48008546233177185,-0.48021194338798523,0.5772340893745422,0.6037989854812622,-0.4811735451221466,0.44538068771362305,0.6126691699028015,-0.49891793727874756,0.5867200493812561,0.7211819887161255,-0.5777203440666199,0.4435496926307678,0.7193772792816162,-0.6035860180854797,0.5958251357078552,0.7549004554748535,-0.6225588917732239,0.4385058581829071,0.7498756647109985,-0.650128185749054,0.5889472961425781,0.757146954536438,-0.6499063372612,0.4437837302684784,0.7512149214744568,-0.6797627806663513,0.5859612822532654,0.7459016442298889,-0.5911844968795776,0.4465738832950592,0.741144061088562,-0.6188459992408752,0.5500497221946716,0.6075538396835327,0.007818331941962242,0.47943800687789917,0.6093827486038208,-0.007760343141853809,0.620685875415802,0.6780232191085815,-0.36260733008384705,0.4099859893321991,0.672848105430603,-0.46131783723831177,0.6433137059211731,0.7430520057678223,0.034316256642341614,0.3960070013999939,0.8471376299858093,-0.13517071306705475,0.6386952996253967,0.7566657066345215,0.06871655583381653,0.4055050313472748,0.8735962510108948,-0.11161856353282928,0.6705743074417114,0.7792942523956299,-0.06149353086948395,0.36037343740463257,0.89729243516922,-0.29564589262008667
deadlift_1600081.jpg,0.5059985518455505,0.3611522614955902,-0.7202160954475403,0.5130216479301453,0.3427749574184418,-0.6974235773086548,0.5177129507064819,0.3409896790981293,-0.6974523067474365,0.5221766233444214,0.33865973353385925,-0.6976295709609985,0.49985164403915405,0.34431421756744385,-0.6977065801620483,0.49566927552223206,0.3435366451740265,-0.697845995426178,0.491537481546402,0.34234076738357544,-0.697900116443634,0.5303770899772644,0.3372063934803009,-0.5344849824905396,0.48556917905807495,0.34225994348526,-0.5371667742729187,0.5150676369667053,0.37419408559799194,-0.6565974354743958,0.4982982873916626,0.3764519691467285,-0.6576212048530579,0.5715803503990173,0.45119839906692505,-0.3858826458454132,0.4488629996776581,0.4658247232437134,-0.3927367925643921,0.5773336291313171,0.5984289646148682,-0.3787311613559723,0.4448901116847992,0.5948455333709717,-0.4021601378917694,0.5869802236557007,0.6902454495429993,-0.48173192143440247,0.4411407709121704,0.6907223463058472,-0.5142208933830261,0.5955971479415894,0.7174772620201111,-0.5265834927558899,0.4326646625995636,0.7150503993034363,-0.5603047609329224,0.5889617204666138,0.7139039635658264,-0.5555317997932434,0.4390724003314972,0.718593418598175,-0.5944691300392151,0.5864037275314331,0.702759861946106,-0.4959753453731537,0.44268062710762024,0.7079963088035583,-0.5302488207817078,0.5500932931900024,0.6023626327514648,0.0040458207949995995,0.47894492745399475,0.6009063124656677,-0.003955581691116095,0.618318498134613,0.6730335354804993,-0.4708225429058075,0.40960484743118286,0.6685820817947388,-0.44708338379859924,0.6362377405166626,0.8352911472320557,-0.19959840178489685,0.3957343101501465,0.846863865852356,-0.17990562319755554,0.6356886625289917,0.8603019118309021,-0.18206743896007538,0.40530887246131897,0.8747144937515259,-0.16244976222515106,0.6645148396492004,0.8918853998184204,-0.3649783432483673,0.3609844446182251,0.9029562473297119,-0.34961169958114624
deadlift_1600091.jpg,0.5036357045173645,0.23702259361743927,-0.5579385757446289,0.511356770992279,0.22084011137485504,-0.5372398495674133,0.516204297542572,0.22131392359733582,-0.5372574329376221,0.5206806063652039,0.22133609652519226,-0.5373477339744568,0.49705272912979126,0.22090943157672882,-0.5343888401985168,0.49260643124580383,0.22135956585407257,-0.5344886779785156,0.48868653178215027,0.22188057005405426,-0.5345532298088074,0.5284072160720825,0.22568672895431519,-0.39113491773605347,0.4837486147880554,0.2271691858768463,-0.3797721862792969,0.5132197141647339,0.2562505900859833,-0.5022556781768799,0.4961140751838684,0.257022887468338,-0.4992709755897522,0.5695839524269104,0.3404481112957001,-0.26992732286453247,0.4485325813293457,0.34414932131767273,-0.25319230556488037,0.5769149661064148,0.4718209505081177,-0.22502218186855316,0.44289830327033997,0.4767914116382599,-0.21631555259227753,0.5869863629341125,0.5835017561912537,-0.33321622014045715,0.43754616379737854,0.5903424024581909,-0.3286135792732239,0.5955676436424255,0.61722731590271,-0.37159672379493713,0.42952024936676025,0.6200481653213501,-0.3668724000453949,0.5889392495155334,0.6150363683700562,-0.41083675622940063,0.43716031312942505,0.6214693188667297,-0.4045969843864441,0.5862812399864197,0.6030228137969971,-0.349491685628891,0.4416446089744568,0.6103222966194153,-0.3447001576423645,0.5458831787109375,0.5416172742843628,0.002394888550043106,0.4778182804584503,0.5429561734199524,-0.0024145629722625017,0.61494380235672,0.6714967489242554,-0.2364940196275711,0.4146868884563446,0.6745245456695557,-0.2054079920053482,0.6328005194664001,0.8410162329673767,-0.013286519795656204,0.39756882190704346,0.8443613052368164,0.015609881840646267,0.6322584748268127,0.8647909164428711,-0.007572977337986231,0.4066440761089325,0.8715590834617615,0.028361832723021507,0.6604989767074585,0.898463785648346,-0.16936473548412323,0.3642408549785614,0.9005940556526184,-0.12122981250286102
deadlift_1600101.jpg,0.5013486742973328,0.17393770813941956,-0.44282662868499756,0.5083115100860596,0.161741241812706,-0.4237070381641388,0.5130917429924011,0.16186758875846863,-0.4237746298313141,0.5174000263214111,0.16192744672298431,-0.4238344132900238,0.49494460225105286,0.16226965188980103,-0.42185837030410767,0.49078235030174255,0.16298992931842804,-0.4219066798686981,0.48707684874534607,0.16388511657714844,-0.42198407649993896,0.5248006582260132,0.16380424797534943,-0.2845793664455414,0.4819989800453186,0.16817063093185425,-0.27651068568229675,0.5109160542488098,0.18483175337314606,-0.389239639043808,0.4934505224227905,0.1881919503211975,-0.3872700333595276,0.5662609338760376,0.27041327953338623,-0.17322279512882233,0.44611161947250366,0.276583194732666,-0.16282503306865692,0.5754468441009521,0.4038192331790924,-0.10642499476671219,0.44060978293418884,0.40475916862487793,-0.09995804727077484,0.5861226916313171,0.5168362855911255,-0.2114078551530838,0.4365331828594208,0.5168425440788269,-0.21298958361148834,0.5937111973762512,0.5481299757957458,-0.24516965448856354,0.4289352595806122,0.5492165684700012,-0.24961815774440765,0.5876637697219849,0.5474479794502258,-0.2908249795436859,0.4361954927444458,0.5477682948112488,-0.2946990728378296,0.5843906402587891,0.5380774140357971,-0.23020721971988678,0.4411003291606903,0.5381758213043213,-0.23203682899475098,0.5427327752113342,0.5105080604553223,0.00189271941781044,0.4758017659187317,0.5102584958076477,-0.002012798795476556,0.5939474701881409,0.6823867559432983,-0.02001076191663742,0.425348699092865,0.6854768991470337,-0.026352722197771072,0.6316428780555725,0.8426463007926941,0.2168019413948059,0.398952454328537,0.8461464643478394,0.1836320459842682,0.6313923597335815,0.865844190120697,0.23065753281116486,0.40665295720100403,0.8729527592658997,0.19562146067619324,0.6589103937149048,0.9015349745750427,0.0784323588013649,0.3636043965816498,0.8995794653892517,0.03594118729233742
deadlift_1700001.jpg,0.49800798296928406,0.4927406311035156,-0.7563864588737488,0.5041135549545288,0.4797796905040741,-0.7503862977027893,0.5092900991439819,0.4775925874710083,-0.7503044009208679,0.5146109461784363,0.47484123706817627,-0.7504287362098694,0.4911743104457855,0.48026901483535767,-0.7473173141479492,0.48679500818252563,0.47861602902412415,-0.747391402721405,0.48229488730430603,0.47643011808395386,-0.7473300695419312,0.5235466957092285,0.4596050977706909,-0.6199387907981873,0.4737706184387207,0.46295294165611267,-0.6068047881126404,0.5068120956420898,0.496867835521698,-0.6984273791313171,0.4910469353199005,0.49869295954704285,-0.6948893070220947,0.5626715421676636,0.49442604184150696,-0.43601396679878235,0.4422907531261444,0.4970143735408783,-0.4127437174320221,0.5711734294891357,0.6182703375816345,-0.4077533781528473,0.4404407739639282,0.6210438013076782,-0.3703185021877289,0.5826724767684937,0.727344274520874,-0.4840000569820404,0.4308710992336273,0.7273603677749634,-0.4439019560813904,0.5922901034355164,0.7586897015571594,-0.5179288983345032,0.4247405230998993,0.7600499391555786,-0.4780321717262268,0.5848156213760376,0.760776937007904,-0.545233964920044,0.43366336822509766,0.7600530982017517,-0.5026512145996094,0.5789731740951538,0.7479994893074036,-0.49660545587539673,0.4383516311645508,0.7472949624061584,-0.45687973499298096,0.541896641254425,0.52498459815979,0.001757412333972752,0.47424665093421936,0.530548632144928,-0.0017317624296993017,0.5519530177116394,0.6665368676185608,-0.3803552985191345,0.4575106203556061,0.676402747631073,-0.35636627674102783,0.5401241183280945,0.8554348349571228,-0.18005599081516266,0.4598652720451355,0.860620379447937,-0.1675603985786438,0.529144287109375,0.8742059469223022,-0.16771836578845978,0.4655510187149048,0.8785825967788696,-0.15617308020591736,0.5513001084327698,0.9070588946342468,-0.35497575998306274,0.4564051330089569,0.9157496690750122,-0.3448786437511444
deadlift_1700011.jpg,0.495827853679657,0.4998827576637268,-0.7597516775131226,0.5022098422050476,0.4843643307685852,-0.7517436742782593,0.5075612664222717,0.48187455534935,-0.7516866326332092,0.512970507144928,0.4789632260799408,-0.751841127872467,0.4887298047542572,0.4850503206253052,-0.7487754821777344,0.48408234119415283,0.48305901885032654,-0.7488453388214111,0.47952598333358765,0.4808577597141266,-0.7487806677818298,0.5217781662940979,0.4646351635456085,-0.6194580793380737,0.47031593322753906,0.46834421157836914,-0.6065328121185303,0.5042935013771057,0.5050324201583862,-0.7019479870796204,0.4887752830982208,0.507014811038971,-0.698487401008606,0.5614386200904846,0.5071749091148376,-0.444789320230484,0.4387841820716858,0.5120249390602112,-0.4163888394832611,0.5696339011192322,0.6307211518287659,-0.42120304703712463,0.4400733411312103,0.6341466903686523,-0.3772355020046234,0.579944908618927,0.7375880479812622,-0.4945503771305084,0.42949143052101135,0.7419030070304871,-0.45510149002075195,0.5903189182281494,0.769616425037384,-0.531255841255188,0.42376524209976196,0.7769428491592407,-0.4904624819755554,0.5816674828529358,0.77137291431427,-0.5582086443901062,0.43249863386154175,0.7756516933441162,-0.518449068069458,0.5749796032905579,0.759516716003418,-0.5069835186004639,0.4368676543235779,0.7628730535507202,-0.46986913681030273,0.5399563312530518,0.5304440259933472,0.0012428334448486567,0.4716159999370575,0.540057897567749,-0.0010550989536568522,0.547281801700592,0.6622178554534912,-0.3989139199256897,0.46115875244140625,0.6761899590492249,-0.3700556755065918,0.5346574783325195,0.8583204746246338,-0.19176454842090607,0.4670376181602478,0.8602305054664612,-0.17240367829799652,0.5243924856185913,0.8744300007820129,-0.17897659540176392,0.4722329080104828,0.8758155703544617,-0.1602357178926468,0.5476304888725281,0.9138848781585693,-0.36410558223724365,0.4605717658996582,0.9194552898406982,-0.3466392159461975
deadlift_1700021.jpg,0.49437248706817627,0.46637874841690063,-0.7529370188713074,0.5008800625801086,0.4506899118423462,-0.7387682795524597,0.5061508417129517,0.44849061965942383,-0.7387487292289734,0.5111610889434814,0.4460883140563965,-0.7389287352561951,0.4873787462711334,0.4514749348163605,-0.7364908456802368,0.482777863740921,0.44985994696617126,-0.7365776300430298,0.47826680541038513,0.44809117913246155,-0.7365320324897766,0.5190845131874084,0.43407517671585083,-0.5957892537117004,0.4698805510997772,0.437283456325531,-0.5854476690292358,0.5034958124160767,0.4752083718776703,-0.6935194730758667,0.4875316321849823,0.47619014978408813,-0.6907362341880798,0.5602362155914307,0.49254757165908813,-0.4330565333366394,0.4369230270385742,0.4967380166053772,-0.40625157952308655,0.5693318247795105,0.6175147294998169,-0.4206520617008209,0.4383833706378937,0.6240506768226624,-0.3788997232913971,0.5791083574295044,0.7297264337539673,-0.49091637134552,0.4276833236217499,0.7290753126144409,-0.46216100454330444,0.589248538017273,0.7605259418487549,-0.5285448431968689,0.4214619994163513,0.7638272047042847,-0.4989161491394043,0.5801695585250854,0.7615443468093872,-0.5561798214912415,0.4312155544757843,0.764064371585846,-0.5331277847290039,0.5737589597702026,0.7505473494529724,-0.5037379860877991,0.43567660450935364,0.7497841119766235,-0.4793314039707184,0.5369122624397278,0.5445899367332458,0.0010183218400925398,0.4707580506801605,0.5517575144767761,-0.000714210735168308,0.5423061847686768,0.6566850543022156,-0.4120464622974396,0.45985227823257446,0.6667764186859131,-0.375032514333725,0.5335584282875061,0.8540950417518616,-0.20811016857624054,0.4677792191505432,0.8570625185966492,-0.17962265014648438,0.5237704515457153,0.8717054724693298,-0.196595698595047,0.4730127155780792,0.8727734684944153,-0.16828285157680511,0.5458162426948547,0.9122631549835205,-0.3861306309700012,0.4603605568408966,0.9158050417900085,-0.3610489070415497
deadlift_1700031.jpg,0.49408939480781555,0.30582648515701294,-0.7315415740013123,0.5011330246925354,0.2886182963848114,-0.7151939272880554,0.5061894655227661,0.28718504309654236,-0.7151933908462524,0.5103746056556702,0.28633207082748413,-0.7153609991073608,0.4867312014102936,0.28973567485809326,-0.7131254076957703,0.48180678486824036,0.288869172334671,-0.7132332921028137,0.47782057523727417,0.2881746292114258,-0.7132484912872314,0.5171124935150146,0.2862686514854431,-0.5701941251754761,0.47117143869400024,0.28927719593048096,-0.5612505674362183,0.5035139918327332,0.31888648867607117,-0.6728683114051819,0.4864429831504822,0.32064303755760193,-0.6706200242042542,0.5585887432098389,0.3867025077342987,-0.42290595173835754,0.43679699301719666,0.3894360363483429,-0.39760202169418335,0.5690376162528992,0.5181893110275269,-0.39780938625335693,0.43043872714042664,0.5215111374855042,-0.36521393060684204,0.5773279666900635,0.6412419080734253,-0.45853808522224426,0.4238230586051941,0.6347358226776123,-0.4442804753780365,0.5866280794143677,0.6771702170372009,-0.4926771819591522,0.4187605082988739,0.6734160780906677,-0.4768475890159607,0.5797422528266907,0.6749617457389832,-0.5262790322303772,0.4249458312988281,0.6737688779830933,-0.5179637670516968,0.5735827684402466,0.6627219915390015,-0.4728504717350006,0.4296230375766754,0.6589347124099731,-0.4629138112068176,0.5339292883872986,0.5195046663284302,-0.0001685226015979424,0.46862271428108215,0.5251139998435974,0.0003535971336532384,0.540297269821167,0.6561087965965271,-0.3267226815223694,0.4641765356063843,0.6664245128631592,-0.2866111695766449,0.5396865010261536,0.8498314619064331,-0.10394343733787537,0.4678126871585846,0.852609395980835,-0.13361550867557526,0.5310723781585693,0.8696430921554565,-0.08850625902414322,0.4744270145893097,0.8711305260658264,-0.13249878585338593,0.5470818877220154,0.9128603339195251,-0.26888057589530945,0.4637548625469208,0.9175370335578918,-0.27052220702171326
deadlift_1700041.jpg,0.4912920892238617,0.1762283444404602,-0.5386407375335693,0.4987376034259796,0.1594984531402588,-0.517713725566864,0.5038009285926819,0.1588413566350937,-0.5177664756774902,0.5076363682746887,0.15826448798179626,-0.5178605318069458,0.4842672646045685,0.15990480780601501,-0.5168924927711487,0.4795967936515808,0.15958517789840698,-0.5169805288314819,0.4760655164718628,0.1595359742641449,-0.5170961618423462,0.5141116976737976,0.16347090899944305,-0.372764527797699,0.47126930952072144,0.16615556180477142,-0.3693118691444397,0.5012252926826477,0.19167190790176392,-0.48322123289108276,0.48377877473831177,0.19102242588996887,-0.48256292939186096,0.5569955110549927,0.2839491665363312,-0.2633350193500519,0.433298796415329,0.290667861700058,-0.24859550595283508,0.5680577754974365,0.4187068045139313,-0.2149948626756668,0.4247016906738281,0.42469337582588196,-0.207416370511055,0.5767005681991577,0.5334087610244751,-0.3203061521053314,0.4183996319770813,0.5354430079460144,-0.3241819441318512,0.5837689638137817,0.5661922693252563,-0.35767558217048645,0.41310110688209534,0.5685611367225647,-0.3628416359424591,0.5784725546836853,0.5644952058792114,-0.3993511199951172,0.418565571308136,0.5677515268325806,-0.4065605103969574,0.5734385251998901,0.5560770034790039,-0.338331401348114,0.42317500710487366,0.559465765953064,-0.3433822989463806,0.5294998288154602,0.5032625198364258,-0.005220520310103893,0.4652049243450165,0.5040261149406433,0.005124089308083057,0.5343049764633179,0.6645492315292358,-0.056946590542793274,0.4643135964870453,0.669849157333374,-0.028302228078246117,0.5408897399902344,0.8445667624473572,0.21688903868198395,0.4667562246322632,0.8504196405410767,0.21711936593055725,0.5346569418907166,0.8628455400466919,0.233566552400589,0.4750388562679291,0.870359480381012,0.2323121279478073,0.5455790162086487,0.9061727523803711,0.06006611883640289,0.46227791905403137,0.9155070185661316,0.05733899027109146
deadlift_1700051.jpg,0.48916587233543396,0.14391295611858368,-0.3968076705932617,0.4970286786556244,0.12822188436985016,-0.37927982211112976,0.5018669962882996,0.12759578227996826,-0.3793235123157501,0.5058277249336243,0.12728506326675415,-0.3793408274650574,0.48320579528808594,0.12846584618091583,-0.37965628504753113,0.4786483347415924,0.12785369157791138,-0.3796887695789337,0.47513407468795776,0.12718920409679413,-0.3797653615474701,0.5116719007492065,0.13221335411071777,-0.2375851422548294,0.4709875285625458,0.1316990703344345,-0.2388528436422348,0.49884897470474243,0.15781579911708832,-0.34078460931777954,0.4812524616718292,0.15808682143688202,-0.3414047360420227,0.5535339117050171,0.23936448991298676,-0.1250520795583725,0.43326714634895325,0.24028053879737854,-0.12801827490329742,0.5643193125724792,0.36614397168159485,-0.055806227028369904,0.42400065064430237,0.3669244945049286,-0.0701625719666481,0.5753924250602722,0.4788166582584381,-0.18953564763069153,0.4167657494544983,0.4807578921318054,-0.19647733867168427,0.5821176767349243,0.5096060633659363,-0.22845043241977692,0.41044577956199646,0.5124170184135437,-0.2346217781305313,0.5772733092308044,0.5107806921005249,-0.2737064063549042,0.41637465357780457,0.5138285160064697,-0.28448519110679626,0.5726125836372375,0.5006105303764343,-0.20954687893390656,0.4212504029273987,0.503874659538269,-0.21798257529735565,0.5257008671760559,0.48360323905944824,-0.003805240849032998,0.4643539488315582,0.4841223955154419,0.003614728804677725,0.5294981002807617,0.667756199836731,-0.038672175258398056,0.4655219614505768,0.6712889671325684,-0.025751899927854538,0.5401278138160706,0.8460302352905273,0.156326562166214,0.4671454429626465,0.849688708782196,0.16392280161380768,0.534197986125946,0.866725504398346,0.16416193544864655,0.4746093153953552,0.8703855872154236,0.172514408826828,0.5451580882072449,0.9058865904808044,-0.022199146449565887,0.46513882279396057,0.9148641228675842,-0.0068281483836472034
deadlift_1700061.jpg,0.4895423948764801,0.1551646888256073,-0.35685521364212036,0.4971916079521179,0.1373794823884964,-0.33770132064819336,0.5018811225891113,0.13666436076164246,-0.33776727318763733,0.5057308673858643,0.13628633320331573,-0.3377911448478699,0.48329752683639526,0.13829439878463745,-0.3390384316444397,0.4787150025367737,0.13794364035129547,-0.33905792236328125,0.4749191999435425,0.13769887387752533,-0.3391236662864685,0.5111525654792786,0.1408737748861313,-0.19252412021160126,0.47084754705429077,0.14112836122512817,-0.19822120666503906,0.49916166067123413,0.16887904703617096,-0.29966840147972107,0.48108282685279846,0.1689956933259964,-0.30154889822006226,0.551236093044281,0.2422148436307907,-0.0837954729795456,0.43448981642723083,0.2454666942358017,-0.09073785692453384,0.5623693466186523,0.36390143632888794,-0.022792117670178413,0.42363297939300537,0.3696928322315216,-0.04043590649962425,0.5741601586341858,0.47215592861175537,-0.16895173490047455,0.4153529703617096,0.4765758216381073,-0.17285199463367462,0.5815966129302979,0.5062680840492249,-0.2087676227092743,0.40821734070777893,0.5100403428077698,-0.21251969039440155,0.5767010450363159,0.5071520805358887,-0.2522226572036743,0.4142356514930725,0.5099042057991028,-0.26052114367485046,0.5721692442893982,0.49726051092147827,-0.18905483186244965,0.4196780323982239,0.4996243417263031,-0.194242462515831,0.5263299942016602,0.4875339865684509,-0.0032716034911572933,0.46351420879364014,0.4875224232673645,0.003082044655457139,0.5303086042404175,0.6687366962432861,-0.04387742653489113,0.4677635133266449,0.6708446741104126,-0.039204251021146774,0.5426041483879089,0.8498764634132385,0.1588207334280014,0.4683612883090973,0.8496619462966919,0.16190923750400543,0.5365871787071228,0.8710656762123108,0.16744811832904816,0.4752108156681061,0.870574951171875,0.1714039146900177,0.5466192364692688,0.908609926700592,-0.019080765545368195,0.4668107032775879,0.9152914881706238,-0.009559260681271553
deadlift_1700071.jpg,0.4902276396751404,0.15582001209259033,-0.3077417016029358,0.49785974621772766,0.13765791058540344,-0.2868022620677948,0.5024784803390503,0.13707566261291504,-0.2868802845478058,0.5062863230705261,0.1367068588733673,-0.28689417243003845,0.48412683606147766,0.13813893496990204,-0.2886318266391754,0.4796130955219269,0.13789795339107513,-0.2886381447315216,0.47568783164024353,0.13794733583927155,-0.28868141770362854,0.5119336843490601,0.14119422435760498,-0.1415623128414154,0.4711962342262268,0.1423560082912445,-0.15043297410011292,0.4998396039009094,0.17107009887695312,-0.251380980014801,0.4821394979953766,0.17194606363773346,-0.2541143596172333,0.551611602306366,0.2431664764881134,-0.044548895210027695,0.4354260563850403,0.24741390347480774,-0.05036783963441849,0.5625695586204529,0.36209186911582947,0.0014154105447232723,0.42335742712020874,0.37120288610458374,-0.006634727120399475,0.5744089484214783,0.46867090463638306,-0.16089394688606262,0.41511112451553345,0.4736197292804718,-0.14504645764827728,0.5820696949958801,0.5022401213645935,-0.20431141555309296,0.40767592191696167,0.5091531276702881,-0.18704791367053986,0.5768728852272034,0.5020608901977539,-0.24722743034362793,0.4144935607910156,0.5067719221115112,-0.23194590210914612,0.5723615288734436,0.4923495948314667,-0.18140926957130432,0.4194914698600769,0.49571070075035095,-0.16559648513793945,0.5271496772766113,0.4898654818534851,-0.002299636835232377,0.46390148997306824,0.48909908533096313,0.0021412118803709745,0.5319707989692688,0.6723371148109436,-0.04586615785956383,0.4703449308872223,0.6718652248382568,-0.04243412986397743,0.5439683198928833,0.8512573838233948,0.15652479231357574,0.46990153193473816,0.8502900004386902,0.15543128550052643,0.536953866481781,0.8720678687095642,0.1657007336616516,0.4749778211116791,0.8701466917991638,0.16470710933208466,0.549691379070282,0.9097789525985718,-0.016558682546019554,0.47054290771484375,0.9159982204437256,-0.015556320548057556
deadlift_1700081.jpg,0.4906037449836731,0.15578649938106537,-0.3197144865989685,0.4981611669063568,0.13805407285690308,-0.2989095449447632,0.5028630495071411,0.13761714100837708,-0.29897546768188477,0.5067036151885986,0.13737572729587555,-0.29897603392601013,0.4843626022338867,0.13786454498767853,-0.2996312081813812,0.4800327718257904,0.1375037580728531,-0.29963409900665283,0.47602134943008423,0.1374771147966385,-0.29966074228286743,0.5126878023147583,0.1418929100036621,-0.15237413346767426,0.4715176224708557,0.14119695127010345,-0.15641170740127563,0.5002396106719971,0.17096561193466187,-0.26292431354522705,0.4827674329280853,0.1715877801179886,-0.26426881551742554,0.5523684024810791,0.24222132563591003,-0.05708283185958862,0.43586549162864685,0.24483348429203033,-0.05390116944909096,0.5634700655937195,0.36430537700653076,-0.011847516521811485,0.42441636323928833,0.3710044324398041,-0.004292523022741079,0.5748834013938904,0.472077339887619,-0.17017145454883575,0.41476762294769287,0.4760979413986206,-0.13656558096408844,0.5826311111450195,0.5045601725578308,-0.21342810988426208,0.40779802203178406,0.511222779750824,-0.17772231996059418,0.5772176384925842,0.5043711066246033,-0.25736764073371887,0.41500672698020935,0.5085837244987488,-0.22365078330039978,0.5726834535598755,0.4958423972129822,-0.19104386866092682,0.41931888461112976,0.49822884798049927,-0.15772345662117004,0.5279605388641357,0.49111637473106384,-0.0023098282981663942,0.4643268883228302,0.49043595790863037,0.0021582432091236115,0.532321035861969,0.6723114252090454,-0.04250677302479744,0.4707139730453491,0.6724305152893066,-0.03236062079668045,0.5446891784667969,0.8521384596824646,0.1635894924402237,0.47183895111083984,0.8503028750419617,0.17436136305332184,0.537314236164093,0.8720089197158813,0.1734296679496765,0.4775763750076294,0.8699793219566345,0.18433624505996704,0.5512225031852722,0.9122721552848816,-0.007228867616504431,0.4706593155860901,0.9157282710075378,0.005694917403161526
deadlift_1700091.jpg,0.49094486236572266,0.1589965969324112,-0.3270393908023834,0.49830514192581177,0.1414230614900589,-0.3066147565841675,0.5030340552330017,0.14085368812084198,-0.30667781829833984,0.506862998008728,0.1406332403421402,-0.30667924880981445,0.4845690429210663,0.14156456291675568,-0.30757567286491394,0.4803103804588318,0.14131462574005127,-0.30757951736450195,0.47615334391593933,0.14068879187107086,-0.30759966373443604,0.5130365490913391,0.14381344616413116,-0.15960125625133514,0.4716789424419403,0.1440088450908661,-0.16507042944431305,0.5005926489830017,0.17422497272491455,-0.2698163092136383,0.4832078516483307,0.17498284578323364,-0.271541953086853,0.5531413555145264,0.24276115000247955,-0.06074577197432518,0.43617528676986694,0.2444210648536682,-0.062231626361608505,0.5640445947647095,0.36571624875068665,-0.01184514258056879,0.4248937964439392,0.37138935923576355,-0.012224315665662289,0.5749483704566956,0.4734974801540375,-0.1663484275341034,0.4152766764163971,0.47584593296051025,-0.14188991487026215,0.5829240679740906,0.5057761073112488,-0.2087048888206482,0.4086073637008667,0.5122724175453186,-0.18277744948863983,0.5773012042045593,0.5053800344467163,-0.2530266344547272,0.4156021475791931,0.5095337629318237,-0.22778429090976715,0.5728212594985962,0.49717220664024353,-0.18727292120456696,0.41961342096328735,0.4990997612476349,-0.16259190440177917,0.5282387137413025,0.4923561215400696,-0.00159940542653203,0.4642595946788788,0.49129393696784973,0.001462110667489469,0.5325992107391357,0.6728514432907104,-0.03774087131023407,0.4713498651981354,0.6733070611953735,-0.033850863575935364,0.544733464717865,0.8518829345703125,0.16414108872413635,0.4732919931411743,0.8505118489265442,0.16978533565998077,0.5367531180381775,0.8718668818473816,0.17380285263061523,0.47901079058647156,0.8700293898582458,0.1795223206281662,0.5522016286849976,0.9130337238311768,-0.004119491670280695,0.47253915667533875,0.9155470728874207,0.0017112033674493432
deadlift_1700101.jpg,0.49124735593795776,0.14977501332759857,-0.342960000038147,0.4985809624195099,0.13152363896369934,-0.32155758142471313,0.5033225417137146,0.13086189329624176,-0.32161855697631836,0.507173478603363,0.13046123087406158,-0.32162201404571533,0.4848097562789917,0.1315338909626007,-0.322363018989563,0.48055240511894226,0.13101810216903687,-0.3223681151866913,0.4764214754104614,0.13081249594688416,-0.3223860561847687,0.5134657025337219,0.13525740802288055,-0.17267782986164093,0.4718591868877411,0.13513709604740143,-0.17755338549613953,0.5008794665336609,0.16582469642162323,-0.2855563461780548,0.4835446774959564,0.16677194833755493,-0.28709477186203003,0.5536847710609436,0.23978601396083832,-0.07346631586551666,0.43629440665245056,0.24119551479816437,-0.0753723606467247,0.5642603635787964,0.36642295122146606,-0.02587956003844738,0.4253314137458801,0.37021246552467346,-0.029824918136000633,0.5749853849411011,0.4782829284667969,-0.18074463307857513,0.4153999090194702,0.4769427478313446,-0.1639252007007599,0.5831984281539917,0.510503888130188,-0.22347569465637207,0.4090734124183655,0.5138861536979675,-0.20601886510849,0.5776305794715881,0.5102139115333557,-0.26796433329582214,0.4157189428806305,0.5112699866294861,-0.25094786286354065,0.5733988881111145,0.503550112247467,-0.2017921805381775,0.419493705034256,0.5008761882781982,-0.18471036851406097,0.5274866819381714,0.49001753330230713,-0.0009193616569973528,0.4635431170463562,0.4890907406806946,0.0007864378858357668,0.5322669744491577,0.6728232502937317,-0.0383157841861248,0.47051146626472473,0.6749885678291321,-0.033366527408361435,0.5445648431777954,0.8516456484794617,0.17296597361564636,0.47317636013031006,0.8521392941474915,0.17664387822151184,0.5361629724502563,0.8720812201499939,0.18334625661373138,0.4791967570781708,0.8719863295555115,0.18673785030841827,0.5512769222259521,0.9131667017936707,0.003504790598526597,0.47204670310020447,0.9165632724761963,0.004830512683838606
deadlift_1700111.jpg,0.4913667142391205,0.16910207271575928,-0.5732897520065308,0.49860289692878723,0.15121990442276,-0.5532360672950745,0.503392219543457,0.15020987391471863,-0.553252637386322,0.5072358846664429,0.14943884313106537,-0.5533048510551453,0.48486050963401794,0.15106463432312012,-0.5547511577606201,0.48065105080604553,0.15002351999282837,-0.5548271536827087,0.4764670729637146,0.14869412779808044,-0.5548530220985413,0.5133317708969116,0.15167385339736938,-0.3865598738193512,0.47177016735076904,0.15018555521965027,-0.3950178921222687,0.5007940530776978,0.18288038671016693,-0.5071700215339661,0.4831572473049164,0.18367038667201996,-0.5099137425422668,0.5537891983985901,0.2555166780948639,-0.24415946006774902,0.4352192282676697,0.2557673156261444,-0.2531580328941345,0.5643021464347839,0.38752448558807373,-0.17276279628276825,0.4257711172103882,0.39176079630851746,-0.18908551335334778,0.5745571851730347,0.5027671456336975,-0.31562551856040955,0.4160832464694977,0.5027152299880981,-0.3256463408470154,0.5828266143798828,0.5345140099525452,-0.362106055021286,0.4097639322280884,0.5377321243286133,-0.373510479927063,0.5775868892669678,0.5347757935523987,-0.4120643436908722,0.4162384271621704,0.5365423560142517,-0.42331844568252563,0.5732405185699463,0.5252833366394043,-0.33815881609916687,0.42011862993240356,0.5260436534881592,-0.3477749824523926,0.5277620553970337,0.49087783694267273,2.0769994080183096e-05,0.4626535475254059,0.49178165197372437,-0.00017520398250781,0.5343639254570007,0.6777371168136597,-0.022751187905669212,0.47039803862571716,0.6804492473602295,-0.0072188423946499825,0.5454236268997192,0.8514820337295532,0.23943717777729034,0.4725264310836792,0.8520879149436951,0.24361778795719147,0.5374320149421692,0.871982216835022,0.25509580969810486,0.4792726933956146,0.8717456459999084,0.258299320936203,0.5495005249977112,0.9139738082885742,0.06723710149526596,0.47162869572639465,0.9174110293388367,0.06864938884973526
deadlift_1700121.jpg,0.49095162749290466,0.28483909368515015,-0.8853480815887451,0.49817514419555664,0.2684597969055176,-0.8731196522712708,0.5028554201126099,0.26683324575424194,-0.8730795383453369,0.5070761442184448,0.2647256553173065,-0.8732123970985413,0.48460331559181213,0.2687442898750305,-0.870948851108551,0.48037463426589966,0.26720574498176575,-0.8710976243019104,0.47596991062164307,0.26479512453079224,-0.8710809350013733,0.5133586525917053,0.2545536458492279,-0.7082875370979309,0.47091439366340637,0.25449761748313904,-0.6973782181739807,0.5003458261489868,0.29448050260543823,-0.8160305023193359,0.4828151762485504,0.29540520906448364,-0.8132746815681458,0.5540516376495361,0.32786843180656433,-0.5192767381668091,0.43389278650283813,0.33557161688804626,-0.486937940120697,0.5664158463478088,0.46003755927085876,-0.46813473105430603,0.42602553963661194,0.471998929977417,-0.4135475754737854,0.5746917724609375,0.5763736367225647,-0.5567796230316162,0.415343314409256,0.5842940807342529,-0.5138832926750183,0.582973301410675,0.6124258041381836,-0.6019765138626099,0.41021689772605896,0.6217949986457825,-0.5558469891548157,0.5777072906494141,0.6128682494163513,-0.6475019454956055,0.4166628122329712,0.6214362382888794,-0.6082086563110352,0.5733478665351868,0.6001459956169128,-0.5768491625785828,0.4202442467212677,0.6100820302963257,-0.5369358658790588,0.5289697051048279,0.49358949065208435,-0.010420100763440132,0.46521851420402527,0.49492743611335754,0.010415938682854176,0.5377745032310486,0.6787260174751282,-0.05569278448820114,0.4655126929283142,0.6797736287117004,-0.028739426285028458,0.546588122844696,0.8517273664474487,0.1265512853860855,0.4733050763607025,0.8523445725440979,0.18977053463459015,0.5386860370635986,0.8716555833816528,0.12779656052589417,0.48133209347724915,0.8717772364616394,0.2330385148525238,0.5495099425315857,0.9137274622917175,-0.06738884747028351,0.4698101580142975,0.9180022478103638,0.05791955068707466
deadlift_1700131.jpg,0.4905085861682892,0.41582080721855164,-0.866652250289917,0.49777454137802124,0.4011979103088379,-0.8572023510932922,0.5025216937065125,0.39848366379737854,-0.8571096062660217,0.5070080757141113,0.3956347107887268,-0.8572453856468201,0.48432233929634094,0.40293845534324646,-0.8562206029891968,0.4800865352153778,0.40139320492744446,-0.856330931186676,0.475761741399765,0.3993358910083771,-0.8562662601470947,0.5135107636451721,0.3815922141075134,-0.7050833106040955,0.46960341930389404,0.3863677978515625,-0.7004257440567017,0.49958381056785583,0.41921183466911316,-0.8003994226455688,0.4824393391609192,0.4203653633594513,-0.7993248701095581,0.5540819764137268,0.4193171262741089,-0.5055285096168518,0.43428996205329895,0.4255422353744507,-0.49284622073173523,0.5667413473129272,0.5398058295249939,-0.46061888337135315,0.4265417754650116,0.5609654188156128,-0.44827404618263245,0.5748804807662964,0.6581788659095764,-0.5450885891914368,0.41967448592185974,0.6712923049926758,-0.5389441847801208,0.5830143690109253,0.697655975818634,-0.584326982498169,0.41382738947868347,0.7081610560417175,-0.5810881853103638,0.577737033367157,0.699449360370636,-0.6181966066360474,0.42202621698379517,0.7070343494415283,-0.6177524328231812,0.5734392404556274,0.6854267120361328,-0.5600526928901672,0.42571061849594116,0.6941139101982117,-0.5562769770622253,0.530277669429779,0.5126685500144958,-0.007981681264936924,0.4651825726032257,0.5147998929023743,0.008096841163933277,0.5405076742172241,0.6527495980262756,-0.32643261551856995,0.462205708026886,0.6616545915603638,-0.3325026333332062,0.5451850295066833,0.852453887462616,-0.14213751256465912,0.4720945656299591,0.8521912693977356,-0.12530101835727692,0.5352832078933716,0.8713846802711487,-0.13385611772537231,0.47987258434295654,0.8714120388031006,-0.11352517455816269,0.5491524934768677,0.913339376449585,-0.3330487310886383,0.46788910031318665,0.9178139567375183,-0.30515632033348083
deadlift_1700141.jpg,0.4900134801864624,0.49814337491989136,-0.8630371689796448,0.49750423431396484,0.48461201786994934,-0.8539480566978455,0.5023758411407471,0.4813186228275299,-0.8538986444473267,0.5069934725761414,0.47769826650619507,-0.8540542721748352,0.48319900035858154,0.48751720786094666,-0.8521391749382019,0.47862479090690613,0.4860529899597168,-0.8522571921348572,0.473969429731369,0.48365363478660583,-0.8522612452507019,0.5135301351547241,0.45847561955451965,-0.7068842053413391,0.4657045304775238,0.46292397379875183,-0.699154257774353,0.49903184175491333,0.4983161985874176,-0.7990468740463257,0.48164787888526917,0.5013037919998169,-0.7971256375312805,0.5526257753372192,0.4922579526901245,-0.5189998745918274,0.4345540404319763,0.4968634247779846,-0.49595510959625244,0.5667632222175598,0.6191065311431885,-0.5095933675765991,0.4282139837741852,0.6303925514221191,-0.48099634051322937,0.5749503970146179,0.7309411764144897,-0.6113917231559753,0.4198550283908844,0.7421122193336487,-0.5850538611412048,0.5830658674240112,0.7670486569404602,-0.6548729538917542,0.41489821672439575,0.7805703282356262,-0.6292389631271362,0.5778501033782959,0.7688513994216919,-0.6842551827430725,0.42450112104415894,0.7792243361473083,-0.66277015209198,0.5733586549758911,0.7600395083427429,-0.6258900165557861,0.4275331497192383,0.7692983150482178,-0.6017105579376221,0.5305625200271606,0.5464086532592773,-0.007111686747521162,0.46425193548202515,0.5488415956497192,0.0073649343103170395,0.5453547239303589,0.6519057154655457,-0.4288814961910248,0.4583885073661804,0.6588847041130066,-0.4075656831264496,0.544364333152771,0.8395887613296509,-0.17029085755348206,0.47131621837615967,0.8517090082168579,-0.1536988615989685,0.5353719592094421,0.8693557977676392,-0.15365201234817505,0.47893026471138,0.8694466352462769,-0.13721658289432526,0.5502750277519226,0.9075170755386353,-0.352586567401886,0.4669979512691498,0.9162111878395081,-0.3345968425273895
deadlift_1800001.jpg,0.5225577354431152,0.42296186089515686,-0.700847327709198,0.5291402339935303,0.40845412015914917,-0.6781590580940247,0.5324235558509827,0.4067869782447815,-0.6782611608505249,0.5357071161270142,0.4052317440509796,-0.678462028503418,0.5196244120597839,0.40679872035980225,-0.7498627305030823,0.5154958367347717,0.40583017468452454,-0.7507180571556091,0.5113044381141663,0.40407291054725647,-0.7518489956855774,0.5376771688461304,0.3947334289550781,-0.5250562429428101,0.5032860636711121,0.3902551531791687,-0.5778433680534363,0.5256255865097046,0.42935851216316223,-0.6374338269233704,0.5127485990524292,0.42841944098472595,-0.7307907938957214,0.5528318881988525,0.4487496316432953,-0.40867334604263306,0.44569268822669983,0.44100862741470337,-0.45682844519615173,0.5534446835517883,0.5711516737937927,-0.38502857089042664,0.4299182593822479,0.5722544193267822,-0.48401540517807007,0.5583388805389404,0.6828464269638062,-0.4946441948413849,0.42205020785331726,0.6945978999137878,-0.5675588250160217,0.5660337805747986,0.7161914110183716,-0.5368099212646484,0.4154248535633087,0.7265067100524902,-0.6086404919624329,0.5591415762901306,0.7199389338493347,-0.5649271607398987,0.4243353307247162,0.730711817741394,-0.6396931409835815,0.5552880167961121,0.7090653777122498,-0.5087551474571228,0.4272485673427582,0.7182123064994812,-0.5815351009368896,0.5159846544265747,0.6101510524749756,0.012529147788882256,0.4504759907722473,0.6087809801101685,-0.012332648038864136,0.5606258511543274,0.6051163673400879,-0.4445665776729584,0.39468199014663696,0.6230729818344116,-0.46030423045158386,0.571709930896759,0.7430623173713684,-0.14851920306682587,0.39643269777297974,0.7510482668876648,-0.1261875182390213,0.561884343624115,0.7706788182258606,-0.12424132972955704,0.4002338945865631,0.7745361924171448,-0.09898888319730759,0.6067507863044739,0.7802680730819702,-0.2698749303817749,0.3785565197467804,0.7955191731452942,-0.2641254663467407
deadlift_1800011.jpg,0.5303847789764404,0.39851710200309753,-0.6616222858428955,0.5367558002471924,0.38108402490615845,-0.6351941227912903,0.5396193861961365,0.37955302000045776,-0.6352599263191223,0.5423220992088318,0.3781227469444275,-0.6354319453239441,0.5271645188331604,0.38057610392570496,-0.6797837018966675,0.5230355858802795,0.3785367012023926,-0.6802843809127808,0.5186773538589478,0.37590882182121277,-0.6808251142501831,0.5416373014450073,0.3749212622642517,-0.47441643476486206,0.5063793659210205,0.36754414439201355,-0.5581886768341064,0.5316156148910522,0.4090443551540375,-0.5978679656982422,0.5199152231216431,0.4069617688655853,-0.7162744998931885,0.552945077419281,0.4448588192462921,-0.38246119022369385,0.4451557695865631,0.43229061365127563,-0.46258318424224854,0.547657310962677,0.5725950598716736,-0.35635894536972046,0.42996010184288025,0.5654950737953186,-0.4883645176887512,0.5527814626693726,0.6921021342277527,-0.4651237428188324,0.4222114384174347,0.6919229030609131,-0.5597932934761047,0.5635614395141602,0.7201395630836487,-0.5120347738265991,0.4155525267124176,0.7257336974143982,-0.6004678010940552,0.5558528304100037,0.7223407030105591,-0.5425883531570435,0.42414817214012146,0.7307194471359253,-0.6283807158470154,0.5515798926353455,0.7150603532791138,-0.4821905493736267,0.4265759289264679,0.7177221775054932,-0.5721767544746399,0.5038744211196899,0.6050747632980347,0.021098829805850983,0.4381142556667328,0.6024649739265442,-0.020989159122109413,0.5642984509468079,0.5974707007408142,-0.40027496218681335,0.38610121607780457,0.6224234104156494,-0.4635939300060272,0.5691965222358704,0.737025797367096,-0.11406722664833069,0.3934180438518524,0.7177324891090393,-0.07064441591501236,0.5592614412307739,0.7634357213973999,-0.08978770673274994,0.4006027579307556,0.7311931252479553,-0.03772398456931114,0.6067196726799011,0.776971697807312,-0.22120516002178192,0.39800968766212463,0.7474164962768555,-0.22593162953853607
deadlift_1800021.jpg,0.5260220766067505,0.39217284321784973,-0.6475908160209656,0.5324046611785889,0.3758702278137207,-0.6231663227081299,0.5355678200721741,0.37468329071998596,-0.6232287287712097,0.5386144518852234,0.373443603515625,-0.6233810782432556,0.5219084024429321,0.37473779916763306,-0.6476253271102905,0.5174758434295654,0.37228402495384216,-0.647877037525177,0.5127905607223511,0.36922261118888855,-0.6480966210365295,0.5393865704536438,0.36881667375564575,-0.45987799763679504,0.5008795857429504,0.3595253825187683,-0.5435501933097839,0.5281826257705688,0.4022027850151062,-0.5824419856071472,0.5162635445594788,0.40055617690086365,-0.6422656774520874,0.5526337027549744,0.4428783357143402,-0.3368605375289917,0.443282812833786,0.43306809663772583,-0.4322829246520996,0.5449650287628174,0.5731265544891357,-0.32631903886795044,0.4291954040527344,0.5683271884918213,-0.45512181520462036,0.551103949546814,0.6922957897186279,-0.4261874854564667,0.4209238290786743,0.6990514993667603,-0.5351533889770508,0.5603188276290894,0.7246129512786865,-0.46748217940330505,0.4140739142894745,0.7323154807090759,-0.5790131092071533,0.5547396540641785,0.7255015969276428,-0.49339550733566284,0.42228269577026367,0.7362184524536133,-0.6071624159812927,0.5508555173873901,0.7168104648590088,-0.4407190978527069,0.4237136244773865,0.7236764430999756,-0.5475214123725891,0.5008588433265686,0.6030340790748596,0.020407196134328842,0.43582552671432495,0.6021831631660461,-0.02028622291982174,0.5714467167854309,0.6021035313606262,-0.41917744278907776,0.3809381127357483,0.6248148679733276,-0.4901137351989746,0.5716618299484253,0.7599397301673889,-0.12509290874004364,0.38257932662963867,0.7655287981033325,-0.18150505423545837,0.5589752793312073,0.7871202230453491,-0.10198970139026642,0.3914809226989746,0.7830327153205872,-0.1573365330696106,0.6099634170532227,0.8055518269538879,-0.24807235598564148,0.35825932025909424,0.7992695569992065,-0.3420330584049225
deadlift_1800031.jpg,0.5238726139068604,0.3873724639415741,-0.6498850584030151,0.5307050943374634,0.3694758415222168,-0.6266250014305115,0.5339073538780212,0.3681599199771881,-0.6266857385635376,0.5370653867721558,0.3667389750480652,-0.6268386244773865,0.5198878049850464,0.36845725774765015,-0.6447647213935852,0.5154104828834534,0.366025447845459,-0.6449452638626099,0.5109745860099792,0.36301201581954956,-0.6450755000114441,0.5377150177955627,0.3623848855495453,-0.4649854004383087,0.4993276596069336,0.3538745939731598,-0.5390180349349976,0.5259743928909302,0.3981986939907074,-0.5854176878929138,0.5139543414115906,0.39621904492378235,-0.6324192881584167,0.5517023801803589,0.44240429997444153,-0.3341069221496582,0.4406929016113281,0.42796117067337036,-0.4324481785297394,0.5448774099349976,0.5750097632408142,-0.33236974477767944,0.4287177622318268,0.5692235231399536,-0.46645358204841614,0.5528132915496826,0.6973204016685486,-0.43734458088874817,0.42092522978782654,0.7016741633415222,-0.5517347455024719,0.5612543821334839,0.7302848100662231,-0.481969952583313,0.4140452742576599,0.7349225282669067,-0.59999018907547,0.5557817816734314,0.73072350025177,-0.5069485306739807,0.4222765564918518,0.7379307150840759,-0.6274380087852478,0.5521532893180847,0.7218630313873291,-0.45225802063941956,0.42377516627311707,0.7274459600448608,-0.5643874406814575,0.499885231256485,0.6029258370399475,0.022976873442530632,0.4344210624694824,0.6002740263938904,-0.022860033437609673,0.5745061635971069,0.6037519574165344,-0.4233279228210449,0.38375693559646606,0.6237591505050659,-0.5115563869476318,0.5748853087425232,0.7702574133872986,-0.14692774415016174,0.3696138560771942,0.802149772644043,-0.2310074269771576,0.5671852231025696,0.8005855083465576,-0.12558868527412415,0.37837836146354675,0.8329098224639893,-0.20945999026298523,0.6139460802078247,0.8173481225967407,-0.278068870306015,0.34840965270996094,0.857466459274292,-0.40218785405158997
deadlift_1800041.jpg,0.5231863260269165,0.38394346833229065,-0.5634651184082031,0.5301434397697449,0.3655643165111542,-0.5370294451713562,0.533546507358551,0.36753731966018677,-0.5371116399765015,0.5366964340209961,0.3638512194156647,-0.5372470617294312,0.5186277627944946,0.35965847969055176,-0.5499711632728577,0.5139356255531311,0.35618478059768677,-0.5500766038894653,0.509079098701477,0.35268139839172363,-0.5501430630683899,0.5374759435653687,0.35315272212028503,-0.38280802965164185,0.4969710409641266,0.35167235136032104,-0.4436729848384857,0.5252736806869507,0.391900897026062,-0.5047374963760376,0.5130857825279236,0.3932459056377411,-0.5239481329917908,0.550680935382843,0.4385361969470978,-0.27510496973991394,0.438533216714859,0.4211973547935486,-0.37152162194252014,0.5449627637863159,0.5708158016204834,-0.29432517290115356,0.42791134119033813,0.5653327703475952,-0.43556520342826843,0.554531455039978,0.691182017326355,-0.4129500091075897,0.4208979904651642,0.6984840631484985,-0.5360974073410034,0.5619876980781555,0.7226807475090027,-0.45722371339797974,0.41377896070480347,0.7306588888168335,-0.5713298320770264,0.556045413017273,0.7226394414901733,-0.4806568920612335,0.42219078540802,0.7337538599967957,-0.6004168391227722,0.553100049495697,0.712750256061554,-0.4272094964981079,0.4238037168979645,0.7237894535064697,-0.5489675402641296,0.4992586076259613,0.5980396866798401,0.021128909662365913,0.4322935938835144,0.5944523215293884,-0.021075336262583733,0.5806291699409485,0.6041519045829773,-0.4316604733467102,0.38296058773994446,0.6212911009788513,-0.5090582966804504,0.579419732093811,0.7690234780311584,-0.1527125984430313,0.3827017843723297,0.7851096391677856,-0.20426756143569946,0.5690524578094482,0.8032186031341553,-0.1300838142633438,0.38983985781669617,0.8086705803871155,-0.17878013849258423,0.6204318404197693,0.8203421831130981,-0.2753586173057556,0.36937639117240906,0.8405982255935669,-0.35025617480278015
deadlift_1800051.jpg,0.5225918889045715,0.3483200669288635,-0.5537086725234985,0.5293383002281189,0.32913175225257874,-0.52653568983078,0.5328131914138794,0.32926324009895325,-0.5266257524490356,0.5360065698623657,0.32826903462409973,-0.526779055595398,0.5177837610244751,0.3268751800060272,-0.5364425182342529,0.5129326581954956,0.32485729455947876,-0.5365437865257263,0.5078498721122742,0.3228253424167633,-0.5366088151931763,0.5364884734153748,0.3286658227443695,-0.37386730313301086,0.4956633746623993,0.32352349162101746,-0.4199637174606323,0.5247911810874939,0.3620672821998596,-0.49636420607566833,0.5122482180595398,0.3606695830821991,-0.5098738670349121,0.5500938296318054,0.4294017255306244,-0.2730681598186493,0.43701377511024475,0.41916245222091675,-0.35176506638526917,0.545588493347168,0.5597234964370728,-0.29364049434661865,0.42777949571609497,0.5571314692497253,-0.38407784700393677,0.5549411177635193,0.679950475692749,-0.41862717270851135,0.42087075114250183,0.6875244379043579,-0.4749787151813507,0.5620793104171753,0.7115057110786438,-0.46115726232528687,0.4130550026893616,0.719708263874054,-0.5162779092788696,0.5565334558486938,0.7120901346206665,-0.48747119307518005,0.42130550742149353,0.7227098941802979,-0.541761040687561,0.5538703203201294,0.7017233967781067,-0.4332709014415741,0.4232849180698395,0.7128703594207764,-0.48647424578666687,0.5008010268211365,0.5896314978599548,0.01993267796933651,0.4331989586353302,0.5878617763519287,-0.019916614517569542,0.5852855443954468,0.6082372665405273,-0.45293521881103516,0.37867286801338196,0.6245689988136292,-0.44961002469062805,0.5811739563941956,0.7628442645072937,-0.20452721416950226,0.38884106278419495,0.710329532623291,-0.02362634427845478,0.5712623596191406,0.7961702346801758,-0.18310323357582092,0.3960222899913788,0.7215281128883362,0.019274024292826653,0.6206943988800049,0.8131632208824158,-0.3116086423397064,0.3734804689884186,0.7469276189804077,-0.08223600685596466
deadlift_1800061.jpg,0.5212878584861755,0.298547625541687,-0.5258752703666687,0.5280578136444092,0.2810674011707306,-0.4995001256465912,0.5316205620765686,0.2811684012413025,-0.49959319829940796,0.534856379032135,0.28104084730148315,-0.49972331523895264,0.5161789655685425,0.27901145815849304,-0.5084880590438843,0.5113872289657593,0.27742335200309753,-0.508583664894104,0.5065428614616394,0.27597856521606445,-0.5086328983306885,0.5357863903045654,0.2839425206184387,-0.34814581274986267,0.4949477016925812,0.2778562009334564,-0.3894028663635254,0.5240983963012695,0.31493261456489563,-0.4688658118247986,0.5109243988990784,0.3108457922935486,-0.4808749556541443,0.5502021312713623,0.4027208685874939,-0.23631897568702698,0.4341873228549957,0.3896896243095398,-0.31832998991012573,0.5468788743019104,0.541840672492981,-0.2539662718772888,0.4276142716407776,0.5385785102844238,-0.35755839943885803,0.5555737018585205,0.6645267009735107,-0.3914148211479187,0.420873761177063,0.6690413355827332,-0.4558883309364319,0.562978208065033,0.6922667622566223,-0.43856126070022583,0.41297847032546997,0.696409285068512,-0.5031328797340393,0.5574425458908081,0.6923046708106995,-0.4643138349056244,0.42130646109580994,0.6967992186546326,-0.529326856136322,0.5545076727867126,0.6812759637832642,-0.4069227874279022,0.4233092963695526,0.6873843669891357,-0.4684706926345825,0.5030056238174438,0.5746312737464905,0.018859365954995155,0.43458291888237,0.5715394616127014,-0.01884547993540764,0.5899088978767395,0.6108940839767456,-0.4252181649208069,0.37998348474502563,0.6273314356803894,-0.4738541543483734,0.5818928480148315,0.7661551833152771,-0.18565484881401062,0.3681602478027344,0.7985111474990845,-0.2429421842098236,0.5707263946533203,0.7976003289222717,-0.16795459389686584,0.3764747679233551,0.8234907388687134,-0.22601594030857086,0.6174309253692627,0.8143583536148071,-0.32334282994270325,0.348854124546051,0.8576256632804871,-0.40928468108177185
deadlift_1800071.jpg,0.5207124352455139,0.24000228941440582,-0.495548814535141,0.5274016261100769,0.22147399187088013,-0.4692569375038147,0.5308387875556946,0.22177870571613312,-0.46934646368026733,0.5340573191642761,0.2217220515012741,-0.4694656431674957,0.5153284072875977,0.21864810585975647,-0.48049822449684143,0.5104761719703674,0.21686555445194244,-0.4805750250816345,0.5056319832801819,0.2147531509399414,-0.48063069581985474,0.5353792905807495,0.22568513453006744,-0.323582261800766,0.49462106823921204,0.2178063988685608,-0.3754643499851227,0.5237987041473389,0.25672510266304016,-0.4412221312522888,0.5101596713066101,0.25206372141838074,-0.45633649826049805,0.5502458810806274,0.3485569655895233,-0.21377624571323395,0.4337691068649292,0.3332192599773407,-0.3042230010032654,0.5473882555961609,0.4820328652858734,-0.21148110926151276,0.4292236566543579,0.4943546652793884,-0.3287372291088104,0.5559257864952087,0.599119246006012,-0.3370444178581238,0.4213874638080597,0.6177961826324463,-0.4239073097705841,0.5635022521018982,0.6298872232437134,-0.3809458017349243,0.4125702679157257,0.6457513570785522,-0.47135302424430847,0.5594625473022461,0.629601776599884,-0.40972569584846497,0.42072051763534546,0.6480342745780945,-0.50079745054245,0.5555366277694702,0.6196498274803162,-0.35292866826057434,0.4232596158981323,0.6388609409332275,-0.4379581809043884,0.5034672021865845,0.5323714017868042,0.01857532188296318,0.4362388253211975,0.5310320258140564,-0.018610531464219093,0.5909888744354248,0.6126307845115662,-0.381433367729187,0.37989744544029236,0.628365159034729,-0.4445793032646179,0.5870038270950317,0.7706016302108765,-0.16766047477722168,0.36786460876464844,0.8145735263824463,-0.18969540297985077,0.5765723586082458,0.8015811443328857,-0.1403738111257553,0.3770444691181183,0.8399876952171326,-0.17329034209251404,0.6237602829933167,0.8180148601531982,-0.3050284683704376,0.3475659489631653,0.875491738319397,-0.35186105966567993
deadlift_1800081.jpg,0.5173420906066895,0.1864301860332489,-0.48084744811058044,0.5223509669303894,0.1797172725200653,-0.4605993628501892,0.525359034538269,0.18055462837219238,-0.46066752076148987,0.5283517241477966,0.1812286376953125,-0.4607696235179901,0.5124762058258057,0.17844726145267487,-0.4701909124851227,0.5084149837493896,0.17875993251800537,-0.4702554941177368,0.5042225122451782,0.17893606424331665,-0.4703323543071747,0.5295637249946594,0.18403610587120056,-0.3222760856151581,0.4936341643333435,0.18112854659557343,-0.36694982647895813,0.5209262371063232,0.19338709115982056,-0.427557110786438,0.5081738829612732,0.19249176979064941,-0.44071072340011597,0.5504164099693298,0.2769153118133545,-0.19643020629882812,0.4338858723640442,0.26606231927871704,-0.30132755637168884,0.5517181158065796,0.41811901330947876,-0.16177575290203094,0.43017324805259705,0.4073294401168823,-0.31167763471603394,0.5574951171875,0.5376561284065247,-0.28657814860343933,0.42186152935028076,0.5291752219200134,-0.40789708495140076,0.5637542009353638,0.5674484968185425,-0.32799309492111206,0.41252750158309937,0.5645094513893127,-0.45268264412879944,0.5607830882072449,0.5671669244766235,-0.36445891857147217,0.4208994507789612,0.5648117065429688,-0.4853045642375946,0.5574958324432373,0.5563116669654846,-0.30453380942344666,0.4252322316169739,0.5538204312324524,-0.4219381511211395,0.5042154788970947,0.48082128167152405,0.02312200516462326,0.4379948079586029,0.4775417447090149,-0.023318322375416756,0.585807204246521,0.6082672476768494,-0.24383990466594696,0.3860546350479126,0.6293519139289856,-0.18448075652122498,0.5909555554389954,0.7769147157669067,-0.0607040673494339,0.3723278343677521,0.8153269290924072,0.0337873250246048,0.5793329477310181,0.8063108921051025,-0.04958252236247063,0.3801054358482361,0.8384091854095459,0.0470464825630188,0.6358745098114014,0.8255780339241028,-0.20233039557933807,0.35202354192733765,0.8746312260627747,-0.1166168674826622
deadlift_1800091.jpg,0.511227011680603,0.10398373007774353,-0.3821551203727722,0.5169543027877808,0.09248003363609314,-0.35723984241485596,0.5204931497573853,0.09375379234552383,-0.35732710361480713,0.523819625377655,0.09493505954742432,-0.3574048578739166,0.5049346685409546,0.08977614343166351,-0.3668324053287506,0.5006242394447327,0.08961471170186996,-0.36684733629226685,0.4967077076435089,0.08949669450521469,-0.3669194281101227,0.5250630378723145,0.10032951831817627,-0.20493969321250916,0.48825809359550476,0.09418939799070358,-0.2489527314901352,0.5152074694633484,0.1222546175122261,-0.3247586488723755,0.5011168718338013,0.11840613931417465,-0.33764368295669556,0.5502346754074097,0.2223363220691681,-0.07457437366247177,0.4339865744113922,0.20605646073818207,-0.19089153409004211,0.5523906946182251,0.35652831196784973,-0.011956068687140942,0.4301536977291107,0.34104442596435547,-0.16786189377307892,0.5634585022926331,0.47251489758491516,-0.1498827040195465,0.4263995587825775,0.4541201591491699,-0.2795034646987915,0.5692985653877258,0.5044126510620117,-0.18874269723892212,0.4198668897151947,0.49181705713272095,-0.32529181241989136,0.5678701996803284,0.5035860538482666,-0.2382058948278427,0.4276620149612427,0.49115294218063354,-0.36235663294792175,0.5649820566177368,0.49388253688812256,-0.17270277440547943,0.43217551708221436,0.47904717922210693,-0.2953082323074341,0.513349711894989,0.45906877517700195,0.03667013347148895,0.4490516483783722,0.4568084180355072,-0.036861538887023926,0.5782365202903748,0.615441620349884,0.009518393315374851,0.3992530405521393,0.6342098712921143,-0.09039982408285141,0.596612811088562,0.7937744855880737,0.23684906959533691,0.37868422269821167,0.8137201070785522,0.10547880828380585,0.5848806500434875,0.8195250034332275,0.24993722140789032,0.38405099511146545,0.8396142721176147,0.11592181771993637,0.6446930766105652,0.836054801940918,0.10415191948413849,0.3554963171482086,0.875677227973938,-0.060731127858161926
deadlift_1900001.jpg,0.5152127742767334,0.3492726981639862,-0.6321508884429932,0.5214654803276062,0.3317975699901581,-0.6125147342681885,0.525180995464325,0.3311507999897003,-0.6125880479812622,0.5282939076423645,0.3305392861366272,-0.6127482056617737,0.5090231895446777,0.3305265009403229,-0.6244518160820007,0.5043728947639465,0.3287597596645355,-0.6246092915534973,0.4997824430465698,0.3265440762042999,-0.6247110962867737,0.5303852558135986,0.3252789080142975,-0.4478205144405365,0.49132412672042847,0.31895238161087036,-0.5029321908950806,0.5187148451805115,0.3611278235912323,-0.5647259950637817,0.5040944218635559,0.35968708992004395,-0.5808376669883728,0.5509248375892639,0.40498846769332886,-0.31065788865089417,0.4345063865184784,0.391823410987854,-0.3904651403427124,0.5487930178642273,0.5426372289657593,-0.30289778113365173,0.43013104796409607,0.5404539108276367,-0.39984574913978577,0.5576545596122742,0.6571817398071289,-0.42792853713035583,0.4246322512626648,0.6716828942298889,-0.4897803068161011,0.5651480555534363,0.6892580389976501,-0.46956345438957214,0.419357568025589,0.7065918445587158,-0.5310267210006714,0.5599344372749329,0.6941099166870117,-0.496378630399704,0.4240598678588867,0.7079821228981018,-0.5655601620674133,0.5566692352294922,0.682912290096283,-0.442422479391098,0.4265527129173279,0.6966788172721863,-0.5047619938850403,0.5021722912788391,0.5761496424674988,0.03482327610254288,0.43573227524757385,0.575610876083374,-0.03521497920155525,0.5782639384269714,0.6092044115066528,-0.36659353971481323,0.38493937253952026,0.6301730275154114,-0.4857443869113922,0.5920979976654053,0.7809047102928162,-0.10912167280912399,0.37493136525154114,0.7962784767150879,-0.1761508285999298,0.5803182125091553,0.8147379755973816,-0.0887502059340477,0.37832528352737427,0.8329789042472839,-0.14999040961265564,0.6336816549301147,0.8213369846343994,-0.2244422435760498,0.35360756516456604,0.87421053647995,-0.31288132071495056
deadlift_1900011.jpg,0.5187427401542664,0.3362214267253876,-0.6410539150238037,0.5246209502220154,0.3180435299873352,-0.6153765320777893,0.528035044670105,0.31704437732696533,-0.6154399514198303,0.5311295390129089,0.31605201959609985,-0.6155837178230286,0.5127900242805481,0.317494660615921,-0.6310036778450012,0.5080051422119141,0.3158753514289856,-0.6311766505241394,0.5029230713844299,0.3138868808746338,-0.6312732696533203,0.5324172973632812,0.31631091237068176,-0.440530389547348,0.4923610985279083,0.31081855297088623,-0.5118914842605591,0.5215235352516174,0.3496190905570984,-0.5717614889144897,0.5083674788475037,0.34844139218330383,-0.5926788449287415,0.5509384274482727,0.4037960469722748,-0.2968612611293793,0.4345449209213257,0.3981669247150421,-0.4087018370628357,0.5478375554084778,0.5386973023414612,-0.2817039489746094,0.43009069561958313,0.5476616621017456,-0.42849859595298767,0.5564519762992859,0.6581507921218872,-0.412710040807724,0.4237397015094757,0.671295166015625,-0.515419065952301,0.5646482110023499,0.6954160928726196,-0.456537663936615,0.41931962966918945,0.7058898210525513,-0.5617954134941101,0.5595532059669495,0.696770429611206,-0.4861074984073639,0.42216795682907104,0.7082445621490479,-0.5938323736190796,0.5560856461524963,0.6864324808120728,-0.4293273687362671,0.42439237236976624,0.6977933049201965,-0.5297520756721497,0.5017640590667725,0.5761067867279053,0.031372521072626114,0.43316563963890076,0.5756258368492126,-0.0313689298927784,0.5780025720596313,0.6027509570121765,-0.41579657793045044,0.37447500228881836,0.6311846971511841,-0.49987727403640747,0.5908668637275696,0.7765257954597473,-0.13831117749214172,0.36793845891952515,0.8150970339775085,-0.20231038331985474,0.5780901312828064,0.8146690130233765,-0.11804009974002838,0.3748532831668854,0.8431755900382996,-0.18086647987365723,0.6294769644737244,0.8219728469848633,-0.2771783471107483,0.34655141830444336,0.8794848918914795,-0.37781795859336853
deadlift_1900021.jpg,0.5185317397117615,0.2824315130710602,-0.5323161482810974,0.5247008204460144,0.26495295763015747,-0.501947283744812,0.5282151699066162,0.26473233103752136,-0.5020366311073303,0.531447172164917,0.2647138237953186,-0.502154529094696,0.5126698613166809,0.26366519927978516,-0.5155940055847168,0.5078163146972656,0.2622808814048767,-0.5157283544540405,0.5027745366096497,0.2604747712612152,-0.5157814621925354,0.5331443548202515,0.26986420154571533,-0.3369922637939453,0.4922740161418915,0.26265209913253784,-0.39984187483787537,0.5217300653457642,0.2993834316730499,-0.47073471546173096,0.5082074403762817,0.29546645283699036,-0.4892317056655884,0.5509796738624573,0.3841012716293335,-0.20922639966011047,0.43447962403297424,0.37705501914024353,-0.3372438848018646,0.5480660200119019,0.5303121209144592,-0.1913824826478958,0.430544376373291,0.5337201952934265,-0.36179593205451965,0.5566127300262451,0.6464218497276306,-0.32205626368522644,0.4237099289894104,0.6536630988121033,-0.44022971391677856,0.5648657083511353,0.6744932532310486,-0.365215003490448,0.4189901053905487,0.6889276504516602,-0.4875720739364624,0.5599659085273743,0.6726654767990112,-0.3942375183105469,0.4227851629257202,0.6913864016532898,-0.5152606964111328,0.5566211938858032,0.6623745560646057,-0.3388515114784241,0.424737811088562,0.6799739599227905,-0.45277026295661926,0.5027433633804321,0.5688198804855347,0.029453851282596588,0.4336492717266083,0.5734078884124756,-0.029427852481603622,0.5874477028846741,0.6036344170570374,-0.3838295638561249,0.3768196702003479,0.6352988481521606,-0.4681852459907532,0.5894338488578796,0.7805906534194946,-0.1290903389453888,0.36732590198516846,0.8176454305648804,-0.20903213322162628,0.5768507122993469,0.8168118596076965,-0.11089643090963364,0.37469086050987244,0.8466255068778992,-0.1909414678812027,0.6285812258720398,0.8255599141120911,-0.26430872082710266,0.3494214415550232,0.8806728720664978,-0.3790987730026245
deadlift_1900031.jpg,0.5183623433113098,0.20843075215816498,-0.5420723557472229,0.5245823264122009,0.19030117988586426,-0.5131770968437195,0.5281164050102234,0.19040769338607788,-0.5132305026054382,0.5313525199890137,0.19041910767555237,-0.513344943523407,0.5124279260635376,0.18878398835659027,-0.5252173542976379,0.507258951663971,0.18792906403541565,-0.5253379940986633,0.5020621418952942,0.18710435926914215,-0.5253806710243225,0.5330792665481567,0.19478009641170502,-0.34879225492477417,0.4921236038208008,0.19111528992652893,-0.4044809341430664,0.5217145085334778,0.2264900803565979,-0.4805029630661011,0.5080101490020752,0.2223024219274521,-0.4969801604747772,0.5515022277832031,0.3181884288787842,-0.21563799679279327,0.434102863073349,0.3108144700527191,-0.33256372809410095,0.5503777265548706,0.4583357870578766,-0.1802329570055008,0.43049055337905884,0.4621585011482239,-0.35764822363853455,0.5588751435279846,0.5702545642852783,-0.3124769628047943,0.42365577816963196,0.5873394012451172,-0.4488903284072876,0.5678988695144653,0.6067249178886414,-0.3548010289669037,0.4184127449989319,0.6217043399810791,-0.49977028369903564,0.5649927854537964,0.6053609251976013,-0.3906880021095276,0.42278462648391724,0.6232427954673767,-0.523874044418335,0.5601980686187744,0.5967433452606201,-0.33107033371925354,0.42482790350914,0.6122130155563354,-0.46041253209114075,0.5031498074531555,0.5116305351257324,0.029115881770849228,0.4345910847187042,0.5120824575424194,-0.029286528006196022,0.5849173069000244,0.6047919988632202,-0.38312360644340515,0.3782092034816742,0.6367558240890503,-0.3548200726509094,0.5899547934532166,0.7843940854072571,-0.07052436470985413,0.3703399896621704,0.8200448155403137,-0.12489070743322372,0.5802078247070312,0.817305326461792,-0.0499761626124382,0.37731829285621643,0.8469473719596863,-0.11275686323642731,0.6277851462364197,0.8368266820907593,-0.20207928121089935,0.3466474115848541,0.8814710974693298,-0.29120883345603943
deadlift_1900041.jpg,0.5180713534355164,0.12690739333629608,-0.4076951742172241,0.5240070819854736,0.10987497121095657,-0.3819953203201294,0.5274234414100647,0.11019197851419449,-0.3820599317550659,0.530491292476654,0.11054834723472595,-0.3821411728858948,0.5119022727012634,0.10801976174116135,-0.39327844977378845,0.5067927837371826,0.10686684399843216,-0.3933124840259552,0.50180584192276,0.1056799665093422,-0.3933427035808563,0.5305363535881042,0.11585298925638199,-0.23109295964241028,0.492107093334198,0.11000148206949234,-0.28334560990333557,0.5215254426002502,0.14424897730350494,-0.3510744869709015,0.5072519183158875,0.1410326361656189,-0.36636096239089966,0.5515193939208984,0.24234740436077118,-0.11522456258535385,0.434188574552536,0.22734680771827698,-0.2237248569726944,0.5533433556556702,0.38156989216804504,-0.058692868798971176,0.43064242601394653,0.37142160534858704,-0.2181437909603119,0.5630283355712891,0.49581247568130493,-0.19656682014465332,0.4265515208244324,0.496979296207428,-0.32552841305732727,0.5696495175361633,0.529839813709259,-0.2397855669260025,0.42059603333473206,0.5329499244689941,-0.37016773223876953,0.566943883895874,0.5305473208427429,-0.282564252614975,0.4268095791339874,0.5320351719856262,-0.40649259090423584,0.5627796649932861,0.5187874436378479,-0.21702520549297333,0.429933100938797,0.5207385420799255,-0.34078508615493774,0.5124097466468811,0.4735433757305145,0.02953144907951355,0.44284433126449585,0.4702787697315216,-0.029695814475417137,0.5804033875465393,0.6107714176177979,-0.12589094042778015,0.39362284541130066,0.6377367377281189,-0.13186416029930115,0.5922520160675049,0.7888787984848022,0.09863296896219254,0.3727636933326721,0.8221389651298523,0.06893874704837799,0.5827043056488037,0.8195066452026367,0.11265834420919418,0.37953609228134155,0.8486161231994629,0.07969331741333008,0.635382890701294,0.8405631184577942,-0.030536502599716187,0.3492964804172516,0.8809581398963928,-0.09026078134775162
deadlift_1900051.jpg,0.5055018663406372,0.1136845275759697,-0.42068514227867126,0.5118507742881775,0.09689770638942719,-0.3979255259037018,0.5157329440116882,0.09712040424346924,-0.3979678452014923,0.5193138718605042,0.09765473753213882,-0.3980281949043274,0.4983006715774536,0.09531623870134354,-0.4083286225795746,0.49338164925575256,0.09442859143018723,-0.4083746075630188,0.48846596479415894,0.09354280680418015,-0.4083884656429291,0.5209126472473145,0.10214492678642273,-0.23227792978286743,0.4799824357032776,0.09735944867134094,-0.2804519534111023,0.5116192102432251,0.1333431452512741,-0.3552342355251312,0.49493053555488586,0.13089989125728607,-0.36931800842285156,0.5488074421882629,0.2163136601448059,-0.06800726801156998,0.4335772395133972,0.2001068890094757,-0.20755042135715485,0.5550364851951599,0.34246131777763367,0.025621479377150536,0.4308990240097046,0.32886993885040283,-0.17301435768604279,0.5727272629737854,0.4531780183315277,-0.12198127806186676,0.4313068687915802,0.4389644265174866,-0.27777099609375,0.57778000831604,0.485452264547348,-0.15842275321483612,0.4252476096153259,0.4789007306098938,-0.32417693734169006,0.5749520063400269,0.4846338927745819,-0.21463918685913086,0.43233975768089294,0.4780655801296234,-0.3594260513782501,0.5719413757324219,0.4751627743244171,-0.1475696861743927,0.43630537390708923,0.46608754992485046,-0.2923261821269989,0.5252453684806824,0.4596612751483917,0.04300304502248764,0.4555419385433197,0.45575693249702454,-0.04314526170492172,0.5741822123527527,0.6350505948066711,0.07001364976167679,0.420646071434021,0.6455337405204773,-0.07394441962242126,0.600100576877594,0.8036495447158813,0.2874133884906769,0.3749343454837799,0.8250627517700195,0.09517178684473038,0.5904117226600647,0.8294474482536316,0.2994249165058136,0.37976762652397156,0.8527980446815491,0.10257191210985184,0.6464722752571106,0.8497866988182068,0.15128697454929352,0.35111749172210693,0.8876597285270691,-0.08126553148031235
deadlift_2000001.jpg,0.3936839699745178,0.2729988396167755,-0.9675817489624023,0.39827588200569153,0.24275262653827667,-0.9572334885597229,0.40567630529403687,0.24121946096420288,-0.9572383165359497,0.4120594561100006,0.23653969168663025,-0.9574997425079346,0.38037773966789246,0.23690904676914215,-0.9402148127555847,0.376698762178421,0.2342476099729538,-0.940262496471405,0.37371137738227844,0.23268839716911316,-0.9402914643287659,0.4294065833091736,0.22523166239261627,-0.8062077760696411,0.3828161358833313,0.2302355021238327,-0.7225227952003479,0.4153711497783661,0.2953474819660187,-0.9037932753562927,0.3972669541835785,0.2964363992214203,-0.8796037435531616,0.5226369500160217,0.30858755111694336,-0.6132081151008606,0.3642209470272064,0.3382115364074707,-0.5374382138252258,0.5450487732887268,0.5217306613922119,-0.6628727316856384,0.37041881680488586,0.5193682909011841,-0.5571332573890686,0.5707178711891174,0.7048287987709045,-0.7865411043167114,0.371504008769989,0.6711219549179077,-0.6845428943634033,0.5776450037956238,0.7556811571121216,-0.8529723286628723,0.3607218563556671,0.7258097529411316,-0.7378826141357422,0.5678178668022156,0.7540223598480225,-0.8840085864067078,0.3753405213356018,0.7242737412452698,-0.7814029455184937,0.5624858736991882,0.7392399311065674,-0.8024103045463562,0.3818477392196655,0.7039906978607178,-0.7054337859153748,0.5126888155937195,0.48357218503952026,0.0002571197983343154,0.42685604095458984,0.4818177819252014,-4.779244409292005e-05,0.5159661769866943,0.6075594425201416,-0.5917237401008606,0.412467896938324,0.6207365393638611,-0.5051197409629822,0.5150874257087708,0.8282827734947205,-0.2191571295261383,0.4182979166507721,0.8423985838890076,-0.17147089540958405,0.513050377368927,0.8493509292602539,-0.1940297782421112,0.4262085556983948,0.8729397058486938,-0.14690925180912018,0.5072099566459656,0.9185249209403992,-0.4538291394710541,0.3978268504142761,0.9211887121200562,-0.39348065853118896
deadlift_200001.jpg,0.6759871244430542,0.4803761839866638,-0.5374286770820618,0.6823062896728516,0.45982614159584045,-0.5407150387763977,0.6864491105079651,0.4582217335700989,-0.5407663583755493,0.6906630992889404,0.45673489570617676,-0.540818452835083,0.6701522469520569,0.46141424775123596,-0.5449769496917725,0.6656703948974609,0.4606647491455078,-0.5450001955032349,0.6609129309654236,0.45983150601387024,-0.5450562834739685,0.6922522783279419,0.4528951942920685,-0.6841291189193726,0.6529006361961365,0.45382627844810486,-0.6511706113815308,0.6813478469848633,0.4951639771461487,-0.5134650468826294,0.6692018508911133,0.4945276081562042,-0.5200082659721375,0.6538836359977722,0.5235525965690613,-0.3931659162044525,0.5519888997077942,0.515717625617981,-0.5215479731559753,0.6719416379928589,0.6621574759483337,-0.38174882531166077,0.59396892786026,0.6959372758865356,-0.45173460245132446,0.6971772909164429,0.7969924211502075,-0.40902164578437805,0.5889956951141357,0.8161451816558838,-0.3531932830810547,0.7481103539466858,0.8401848673820496,-0.412820965051651,0.5819395184516907,0.8445944786071777,-0.357395201921463,0.7035447955131531,0.8299402594566345,-0.41459161043167114,0.5903056859970093,0.8477672338485718,-0.3768734037876129,0.6919040083885193,0.8218078017234802,-0.40627068281173706,0.5958928465843201,0.8378148674964905,-0.36123669147491455,0.6047662496566772,0.5716162919998169,0.004680352285504341,0.5411586165428162,0.581354558467865,-0.004586197901517153,0.7151669263839722,0.6953234076499939,-0.13129818439483643,0.6160212755203247,0.7144300937652588,-0.12874333560466766,0.7249578237533569,0.9002401828765869,-0.15785983204841614,0.6342540979385376,0.8936325311660767,-0.036997418850660324,0.7149070501327515,0.9229348301887512,-0.09545627236366272,0.6418227553367615,0.9151296615600586,-0.03032792918384075,0.7292192578315735,0.9574524164199829,-0.16384604573249817,0.6260035037994385,0.9590020775794983,-0.11142711341381073
deadlift_2000011.jpg,0.4120776951313019,0.3392021059989929,-0.9388964772224426,0.4174633324146271,0.2928078770637512,-0.9237430691719055,0.422848105430603,0.2834624946117401,-0.923809289932251,0.42831605672836304,0.27574580907821655,-0.9241143465042114,0.40273693203926086,0.3015151619911194,-0.9066476821899414,0.3983692526817322,0.2996681332588196,-0.9067296981811523,0.39448878169059753,0.2976855933666229,-0.9068039059638977,0.44540727138519287,0.2536635994911194,-0.7716032862663269,0.4034765362739563,0.28226423263549805,-0.6924392580986023,0.4286428689956665,0.35546061396598816,-0.8762502670288086,0.41358843445777893,0.3750061094760895,-0.8529443144798279,0.5404325127601624,0.3757587969303131,-0.6131199598312378,0.38943061232566833,0.4418359100818634,-0.5120291113853455,0.5742724537849426,0.6206878423690796,-0.6742293834686279,0.39735135436058044,0.5887607336044312,-0.5119659304618835,0.5996981859207153,0.7044829726219177,-0.8033533692359924,0.3916386067867279,0.7010374069213867,-0.6382381916046143,0.6127887964248657,0.7503286600112915,-0.8721861243247986,0.38588160276412964,0.7378216981887817,-0.6925489902496338,0.5918522477149963,0.7506306767463684,-0.9076755046844482,0.3971642553806305,0.7394659519195557,-0.7423349618911743,0.5840930938720703,0.7375940680503845,-0.8206120133399963,0.4013354480266571,0.7265955805778503,-0.6636077165603638,0.5432997941970825,0.5135774612426758,-0.006689275149255991,0.461476594209671,0.5190083384513855,0.006874474231153727,0.529542088508606,0.6360461115837097,-0.6151741743087769,0.5146744847297668,0.615265965461731,-0.5396472215652466,0.5183306932449341,0.8684968948364258,-0.2295912653207779,0.5280324816703796,0.8642280697822571,-0.1835222840309143,0.5143872499465942,0.8882822394371033,-0.2001531571149826,0.5162377953529358,0.8887031674385071,-0.157606303691864,0.5115346312522888,0.9431359767913818,-0.4474216401576996,0.6032354831695557,0.9383147954940796,-0.3975379168987274
deadlift_2000021.jpg,0.401650071144104,0.094655841588974,-0.8424461483955383,0.4064640700817108,0.0626119002699852,-0.8281393051147461,0.41221317648887634,0.058628909289836884,-0.8281795978546143,0.41798049211502075,0.054797809571027756,-0.8283838033676147,0.39326295256614685,0.07092934101819992,-0.810998797416687,0.3891372084617615,0.07287481427192688,-0.8111105561256409,0.38507625460624695,0.07418535649776459,-0.811195969581604,0.43376559019088745,0.053417857736349106,-0.6784378886222839,0.38979092240333557,0.07712108641862869,-0.6006448864936829,0.4145563244819641,0.10924963653087616,-0.7827584147453308,0.40088072419166565,0.11584603041410446,-0.7599061131477356,0.5220330357551575,0.1702786087989807,-0.5644840002059937,0.3753502666950226,0.2282874584197998,-0.4692339301109314,0.5567174553871155,0.36357197165489197,-0.5608294010162354,0.37949931621551514,0.393839955329895,-0.31728294491767883,0.5731884837150574,0.5472769141197205,-0.6550003290176392,0.37558236718177795,0.5460894107818604,-0.4828229248523712,0.5796076655387878,0.597094714641571,-0.7151216864585876,0.3712415397167206,0.5898900032043457,-0.5288872122764587,0.568978488445282,0.5985395908355713,-0.7606926560401917,0.3772432208061218,0.5891807079315186,-0.6986029744148254,0.5636594891548157,0.5814868807792664,-0.6731351613998413,0.3816774785518646,0.5773544907569885,-0.5306848883628845,0.5373227596282959,0.4294169843196869,-0.044154901057481766,0.4597693979740143,0.439008504152298,0.04411423206329346,0.5386397838592529,0.6429866552352905,-0.2646523416042328,0.46832337975502014,0.6224622130393982,-0.13863840699195862,0.5189193487167358,0.8550751805305481,0.10921497642993927,0.46913227438926697,0.8541914820671082,0.18351928889751434,0.5113767385482788,0.8778242468833923,0.1301528513431549,0.47092723846435547,0.8809376358985901,0.2034357339143753,0.5044381022453308,0.9351154565811157,-0.10113644599914551,0.5286627411842346,0.928264856338501,-0.008160087279975414
deadlift_2000031.jpg,0.45187750458717346,-0.04506787657737732,-0.5709393620491028,0.45775070786476135,-0.05794630944728851,-0.5520497560501099,0.46269628405570984,-0.0590132512152195,-0.5520864129066467,0.46738728880882263,-0.06072574108839035,-0.5520856976509094,0.44423919916152954,-0.05504486709833145,-0.5420638918876648,0.43981704115867615,-0.054064296185970306,-0.5421149730682373,0.43549075722694397,-0.053083669394254684,-0.5422981977462769,0.47642162442207336,-0.0530567392706871,-0.3925662040710449,0.433771550655365,-0.04413910582661629,-0.3520875573158264,0.46118107438087463,-0.03080340474843979,-0.5093989968299866,0.44665059447288513,-0.030185086652636528,-0.4971819818019867,0.5329275727272034,0.06027160584926605,-0.3029527962207794,0.3960091769695282,0.08569030463695526,-0.17458976805210114,0.556718647480011,0.23472805321216583,-0.2157713621854782,0.3912973403930664,0.24804145097732544,-0.05998191982507706,0.5692187547683716,0.390362411737442,-0.340158075094223,0.38339537382125854,0.3915063142776489,-0.21556735038757324,0.5744003057479858,0.43698951601982117,-0.3904916048049927,0.37871602177619934,0.4332672953605652,-0.2554006278514862,0.5644418001174927,0.43919801712036133,-0.44472235441207886,0.38549214601516724,0.4356262981891632,-0.3328925371170044,0.5599079728126526,0.42493680119514465,-0.36161890625953674,0.3902219831943512,0.4223906695842743,-0.24890796840190887,0.5371184945106506,0.36922532320022583,-0.037392210215330124,0.45900389552116394,0.3749697804450989,0.03738643601536751,0.5306676626205444,0.6232815384864807,-0.07559026777744293,0.4602060317993164,0.619892418384552,0.009877502918243408,0.5241779685020447,0.8502169847488403,0.20571057498455048,0.45788854360580444,0.8493173122406006,0.276791512966156,0.5146315097808838,0.8762905597686768,0.2180294394493103,0.4663025736808777,0.877117931842804,0.28923940658569336,0.508500337600708,0.929485559463501,-0.0052189212292432785,0.4685820937156677,0.923335611820221,0.07297845184803009
deadlift_2000041.jpg,0.4783758819103241,-0.07361694425344467,-0.21241489052772522,0.4918554425239563,-0.08325942605733871,-0.19668474793434143,0.49768394231796265,-0.08081106096506119,-0.19676783680915833,0.5053772926330566,-0.07897970080375671,-0.19677336513996124,0.47475379705429077,-0.08519034087657928,-0.19196385145187378,0.4685753583908081,-0.08411870896816254,-0.19198614358901978,0.4635069668292999,-0.0834079459309578,-0.19215209782123566,0.4828933775424957,-0.05968077853322029,-0.08005787432193756,0.4617978036403656,-0.0639866292476654,-0.06015869230031967,0.4824760854244232,-0.04899577423930168,-0.16748863458633423,0.46879085898399353,-0.04929552972316742,-0.16175323724746704,0.5412089228630066,0.04123985767364502,-0.03940244019031525,0.41447120904922485,0.062230486422777176,0.058012381196022034,0.5581666827201843,0.19334127008914948,-0.0018560661701485515,0.40383878350257874,0.21270178258419037,0.12121687829494476,0.5669420957565308,0.3397596478462219,-0.1547255516052246,0.39070507884025574,0.3507603406906128,-0.017958885058760643,0.5700666904449463,0.3824804425239563,-0.20374028384685516,0.38309022784233093,0.38945838809013367,-0.05447603762149811,0.5610178709030151,0.38265880942344666,-0.2428300976753235,0.3882783055305481,0.3886207938194275,-0.11837666481733322,0.5571838617324829,0.36860203742980957,-0.17267370223999023,0.39337781071662903,0.37768983840942383,-0.047225162386894226,0.5352576375007629,0.357773095369339,-0.042630743235349655,0.45843881368637085,0.3651244640350342,0.042792439460754395,0.5243539214134216,0.6116685271263123,-0.11334876716136932,0.462124764919281,0.6147381067276001,-0.017654281109571457,0.5237493515014648,0.8486402630805969,0.08916927129030228,0.45853832364082336,0.8466517329216003,0.19655877351760864,0.5192920565605164,0.8772137761116028,0.0964609906077385,0.47366079688072205,0.8746829628944397,0.20409011840820312,0.5077012181282043,0.9310166835784912,-0.10968269407749176,0.4402766525745392,0.9204199314117432,0.005050992127507925
deadlift_200011.jpg,0.6809026598930359,0.46574634313583374,-0.6709310412406921,0.6864438652992249,0.4454791247844696,-0.6731237769126892,0.6909075975418091,0.4436277151107788,-0.6729535460472107,0.6961631178855896,0.44158321619033813,-0.6730777621269226,0.6726314425468445,0.4463198781013489,-0.6766014695167542,0.6682532429695129,0.44508323073387146,-0.6766730546951294,0.6634999513626099,0.44412028789520264,-0.6766898036003113,0.701710045337677,0.43578407168388367,-0.5791743993759155,0.6566641926765442,0.44028812646865845,-0.5977246165275574,0.6883396506309509,0.4809599220752716,-0.624915361404419,0.6739183664321899,0.48170122504234314,-0.6307125091552734,0.7368651032447815,0.5132719278335571,-0.4456128478050232,0.6202347278594971,0.5294445753097534,-0.4123646318912506,0.7528743743896484,0.6731497645378113,-0.42581528425216675,0.6108397841453552,0.675616979598999,-0.37585321068763733,0.7567581534385681,0.8184551000595093,-0.38981789350509644,0.6016425490379333,0.8221947550773621,-0.31265372037887573,0.7650172114372253,0.8563911318778992,-0.35797902941703796,0.5981742143630981,0.8394486904144287,-0.15578630566596985,0.7472256422042847,0.8667435646057129,-0.34231722354888916,0.6027263402938843,0.8461689352989197,-0.3349444270133972,0.7409508228302002,0.8513281345367432,-0.38859832286834717,0.6077587008476257,0.841055154800415,-0.2935292422771454,0.7147949934005737,0.5141180157661438,-0.031128982082009315,0.6410995721817017,0.5199224352836609,0.030345387756824493,0.7220732569694519,0.6917497515678406,-0.06023668125271797,0.628031313419342,0.6881676912307739,-0.059985123574733734,0.7278549075126648,0.8947515487670898,0.006092087831348181,0.6221363544464111,0.8889217972755432,0.01444375328719616,0.7166184782981873,0.912882924079895,-0.00010115607437910512,0.6288236975669861,0.9140204787254333,0.009167158044874668,0.7231054902076721,0.9659218788146973,-0.12712925672531128,0.6230266094207764,0.9656568169593811,-0.08947298675775528
deadlift_200021.jpg,0.6882140040397644,0.4470972418785095,-0.42027124762535095,0.693984866142273,0.4273078441619873,-0.41725844144821167,0.6985424757003784,0.42629238963127136,-0.4172477126121521,0.7037312388420105,0.42506882548332214,-0.41740235686302185,0.679627537727356,0.427152156829834,-0.41763734817504883,0.6748731136322021,0.4259037375450134,-0.4176703989505768,0.6698076725006104,0.42470091581344604,-0.4177732765674591,0.7094379663467407,0.41940629482269287,-0.36591947078704834,0.662895917892456,0.41811010241508484,-0.37710291147232056,0.6958994269371033,0.4616783559322357,-0.3967296779155731,0.6802587509155273,0.46172019839286804,-0.39919793605804443,0.7434717416763306,0.5035406351089478,-0.3674691319465637,0.627075731754303,0.5188433527946472,-0.29309210181236267,0.7651965022087097,0.6673868298530579,-0.3332218825817108,0.6169175505638123,0.6719439029693604,-0.33878448605537415,0.7630391716957092,0.8265975713729858,-0.3086812198162079,0.6069959998130798,0.7706298828125,-0.26825618743896484,0.7749941349029541,0.8577722311019897,-0.3153962790966034,0.6061820387840271,0.8078476190567017,-0.25832247734069824,0.7544845938682556,0.8655503392219543,-0.3182126581668854,0.6122737526893616,0.8054742813110352,-0.2818042039871216,0.7460994124412537,0.8544303178787231,-0.3101649880409241,0.6167047023773193,0.8014096617698669,-0.27164360880851746,0.7270433902740479,0.5692136883735657,-0.02345181256532669,0.6524322032928467,0.5670956969261169,0.023052029311656952,0.7437794804573059,0.7111318111419678,-0.026792043820023537,0.6334460377693176,0.6893250942230225,-0.04770396277308464,0.7373799085617065,0.8981411457061768,-0.026229755952954292,0.635045051574707,0.9060669541358948,-0.030149539932608604,0.7247667908668518,0.925494909286499,-0.03259371966123581,0.6393793225288391,0.9295946955680847,-0.03368246927857399,0.743698239326477,0.9731845259666443,-0.10037071257829666,0.6275815367698669,0.9758659601211548,-0.0964464619755745
deadlift_200031.jpg,0.6899773478507996,0.3275906443595886,-0.4857785999774933,0.6967223286628723,0.3090963065624237,-0.47554975748062134,0.7017708420753479,0.3087058365345001,-0.4755830764770508,0.7066075205802917,0.3084428608417511,-0.47573232650756836,0.6816942691802979,0.3090965747833252,-0.47120970487594604,0.6761674284934998,0.30874210596084595,-0.47126638889312744,0.670251190662384,0.30854132771492004,-0.4715043902397156,0.7112256288528442,0.31097283959388733,-0.3682447671890259,0.6652814745903015,0.30951109528541565,-0.42298051714897156,0.6980034112930298,0.34531369805336,-0.4393532872200012,0.6825763583183289,0.3440186679363251,-0.4087536036968231,0.7480990290641785,0.40668147802352905,-0.33369243144989014,0.6247516870498657,0.4271372854709625,-0.32280996441841125,0.7674767971038818,0.5545979142189026,-0.31065914034843445,0.6185757517814636,0.5781931281089783,-0.2944464087486267,0.767447292804718,0.7018324732780457,-0.2976425290107727,0.6169882416725159,0.6866685152053833,-0.2516648769378662,0.7760007381439209,0.7374677062034607,-0.30418384075164795,0.6086156964302063,0.730865478515625,-0.24797601997852325,0.7641856670379639,0.7405497431755066,-0.31466689705848694,0.6165373921394348,0.7267186641693115,-0.26725637912750244,0.7571578621864319,0.7292577028274536,-0.30289897322654724,0.622193455696106,0.715268611907959,-0.25917917490005493,0.733892023563385,0.553378701210022,-0.01934967003762722,0.6545685529708862,0.539531946182251,0.019109994173049927,0.7426058053970337,0.7110537886619568,-0.06685519963502884,0.6418425440788269,0.683683454990387,-0.09850871562957764,0.737335205078125,0.9150280356407166,-0.0393807478249073,0.6393871903419495,0.9006500244140625,-0.06006167456507683,0.7254446148872375,0.9386574625968933,-0.04275645315647125,0.6452726125717163,0.9214755296707153,-0.05989224836230278,0.7417855858802795,0.9923994541168213,-0.12269827723503113,0.6352599263191223,0.9850254654884338,-0.1442783623933792
deadlift_200041.jpg,0.6872937679290771,0.20257918536663055,-0.4835808575153351,0.6937345266342163,0.18160811066627502,-0.4663841426372528,0.6995276808738708,0.1811278909444809,-0.4662988483905792,0.7046262621879578,0.18124891817569733,-0.46622559428215027,0.6793192625045776,0.18197542428970337,-0.4672500193119049,0.6731471419334412,0.18225377798080444,-0.4673081338405609,0.6683261394500732,0.18220368027687073,-0.46733006834983826,0.711057722568512,0.19132231175899506,-0.32770270109176636,0.662047266960144,0.1919754296541214,-0.3490046262741089,0.6942680478096008,0.22489210963249207,-0.4302065968513489,0.6785486340522766,0.22458840906620026,-0.4291348159313202,0.7483482360839844,0.32449641823768616,-0.23478864133358002,0.6240271925926208,0.3249526023864746,-0.2412898689508438,0.7633067965507507,0.4766014814376831,-0.13795986771583557,0.6099433302879333,0.4872731864452362,-0.17270119488239288,0.769373893737793,0.6329415440559387,-0.19588898122310638,0.604415774345398,0.6175711154937744,-0.2413516342639923,0.7742711901664734,0.6655861735343933,-0.22692203521728516,0.5997176766395569,0.6584903001785278,-0.2685137391090393,0.7651033997535706,0.6650628447532654,-0.2645004391670227,0.6096423268318176,0.6563704013824463,-0.3058200478553772,0.759010910987854,0.6559348106384277,-0.21348293125629425,0.6140907406806946,0.6436544060707092,-0.25925788283348083,0.72332763671875,0.5704073309898376,-0.009656096808612347,0.6515436172485352,0.5681228041648865,0.009306301362812519,0.7302530407905579,0.7322245240211487,0.10144996643066406,0.6476638913154602,0.7377086281776428,0.08501414209604263,0.7350574731826782,0.9070207476615906,0.32263752818107605,0.6410893201828003,0.9013749957084656,0.28664854168891907,0.727289617061615,0.9303181171417236,0.33738309144973755,0.649032711982727,0.9221092462539673,0.3001067340373993,0.7406793832778931,0.9870103597640991,0.20850417017936707,0.6379364132881165,0.9878090023994446,0.15553836524486542
deadlift_200051.jpg,0.6899476647377014,0.147391676902771,-0.4160741865634918,0.6990228295326233,0.12717245519161224,-0.3931504786014557,0.7041224241256714,0.12732669711112976,-0.39315587282180786,0.7091302275657654,0.1274389624595642,-0.39312508702278137,0.6827714443206787,0.1268945038318634,-0.39542511105537415,0.6760008931159973,0.12664155662059784,-0.3954032361507416,0.6696901321411133,0.1263197958469391,-0.39535367488861084,0.7156794667243958,0.1375817358493805,-0.2325742393732071,0.6618586182594299,0.13552168011665344,-0.24884149432182312,0.6997445821762085,0.17056804895401,-0.35488414764404297,0.6828280687332153,0.1700073927640915,-0.3587983250617981,0.7530449628829956,0.26172855496406555,-0.13054649531841278,0.6261826157569885,0.2678684592247009,-0.13637760281562805,0.7682271599769592,0.4219907224178314,-0.026303235441446304,0.6124371886253357,0.4302639067173004,-0.0686199814081192,0.7737166881561279,0.5675112009048462,-0.11829366534948349,0.6027835011482239,0.5628708600997925,-0.17201580107212067,0.77916419506073,0.6022849082946777,-0.15619033575057983,0.5995379686355591,0.6012188196182251,-0.20962032675743103,0.7721295952796936,0.6002131104469299,-0.20271573960781097,0.607172429561615,0.6006278395652771,-0.2529633641242981,0.7664746046066284,0.5897723436355591,-0.13959351181983948,0.6118097901344299,0.5901784896850586,-0.1934724599123001,0.7250804901123047,0.5643890500068665,-0.0008327875984832644,0.6506620645523071,0.5631667971611023,0.0006142196361906826,0.7328873872756958,0.7428642511367798,0.07945827394723892,0.6533824801445007,0.7431483864784241,0.06672467291355133,0.7384486794471741,0.9034159183502197,0.33102646470069885,0.6432636380195618,0.9038638472557068,0.30924805998802185,0.7309688925743103,0.9252403974533081,0.3481754660606384,0.6479499936103821,0.9218446612358093,0.32552751898765564,0.7436944842338562,0.9849010705947876,0.18800179660320282,0.6442636251449585,0.9850144982337952,0.15503476560115814
deadlift_200061.jpg,0.6895212531089783,0.14218087494373322,-0.4194923937320709,0.697220504283905,0.12110871076583862,-0.39808571338653564,0.7017612457275391,0.12073956429958344,-0.3980812728404999,0.7075163722038269,0.12052308022975922,-0.39805930852890015,0.6807132363319397,0.12207365036010742,-0.39840635657310486,0.6750527620315552,0.12235043942928314,-0.39840057492256165,0.668550431728363,0.12299569696187973,-0.39836642146110535,0.7145410776138306,0.1289733201265335,-0.2496858388185501,0.6628209948539734,0.13234248757362366,-0.2536171078681946,0.7000057697296143,0.16326873004436493,-0.36305850744247437,0.6812762022018433,0.16616111993789673,-0.36402952671051025,0.7568591833114624,0.2565532326698303,-0.15483585000038147,0.6298970580101013,0.26434168219566345,-0.14781557023525238,0.7692492604255676,0.4146048128604889,-0.059320542961359024,0.6150438189506531,0.42293164134025574,-0.07903602719306946,0.7739419937133789,0.5531544089317322,-0.13833807408809662,0.6043950319290161,0.5542339086532593,-0.16846533119678497,0.779058039188385,0.5924656987190247,-0.17188717424869537,0.6007198095321655,0.592505156993866,-0.20448999106884003,0.772734522819519,0.590242326259613,-0.2169942557811737,0.6083993911743164,0.5927306413650513,-0.24563735723495483,0.767008364200592,0.5788043737411499,-0.15865789353847504,0.6134414076805115,0.582567572593689,-0.18934908509254456,0.7255159616470337,0.5572503209114075,-0.0007083617383614182,0.653033435344696,0.5557523369789124,0.0005050939507782459,0.7295776605606079,0.7397522926330566,0.06290603429079056,0.6562647223472595,0.7343999147415161,0.05928413197398186,0.7390564680099487,0.9042370319366455,0.29637086391448975,0.646873414516449,0.9047757387161255,0.28347161412239075,0.731407880783081,0.9264716506004333,0.31084904074668884,0.6518707871437073,0.923134446144104,0.29752427339553833,0.7389724850654602,0.9861400127410889,0.14251556992530823,0.6444951891899109,0.9831733703613281,0.12663963437080383
deadlift_200071.jpg,0.6892022490501404,0.14336779713630676,-0.3802067041397095,0.6979776620864868,0.12316451966762543,-0.3575361669063568,0.703063428401947,0.12288086116313934,-0.3575507402420044,0.7074794769287109,0.12257242202758789,-0.35751408338546753,0.6818528771400452,0.12413883209228516,-0.3570326864719391,0.6753553748130798,0.12462182343006134,-0.357002854347229,0.669694185256958,0.1252383291721344,-0.3569527268409729,0.7149633765220642,0.12965801358222961,-0.21149571239948273,0.664417028427124,0.13328121602535248,-0.21123629808425903,0.700593113899231,0.16466376185417175,-0.32535627484321594,0.6805461049079895,0.1679568737745285,-0.3251998722553253,0.756252646446228,0.2537768483161926,-0.12989279627799988,0.6301366686820984,0.26598307490348816,-0.10558179020881653,0.7694388628005981,0.41554152965545654,-0.04340421408414841,0.6193187236785889,0.4188302457332611,-0.03693048655986786,0.773386538028717,0.5520932674407959,-0.13134631514549255,0.6064700484275818,0.5513149499893188,-0.13814076781272888,0.7798178791999817,0.5912925004959106,-0.16711947321891785,0.6019267439842224,0.588657796382904,-0.17497195303440094,0.7734330296516418,0.5890406370162964,-0.2118970900774002,0.6082119345664978,0.5889168381690979,-0.21880316734313965,0.7673429846763611,0.5781224370002747,-0.15141651034355164,0.6133893728256226,0.5796399116516113,-0.16020049154758453,0.7255443930625916,0.5591691732406616,-0.003291147528216243,0.6543188095092773,0.5565695762634277,0.003073406405746937,0.726654052734375,0.7418283224105835,0.05155117064714432,0.6557825803756714,0.7325934767723083,0.06376572698354721,0.7368501424789429,0.9058679342269897,0.28258466720581055,0.6471660733222961,0.9071128964424133,0.28078755736351013,0.7299171686172485,0.9284115433692932,0.2963147759437561,0.6526795625686646,0.9271742105484009,0.29391956329345703,0.7349773049354553,0.9851112961769104,0.12776389718055725,0.6431490778923035,0.9835447669029236,0.1275562047958374
deadlift_200081.jpg,0.688177764415741,0.1405819207429886,-0.374016135931015,0.6970214247703552,0.11988459527492523,-0.35085204243659973,0.7030985355377197,0.11900720745325089,-0.35085898637771606,0.7073878049850464,0.11833161115646362,-0.35080987215042114,0.6807254552841187,0.12186738103628159,-0.3500475287437439,0.6740380525588989,0.12235623598098755,-0.3500329852104187,0.6692246794700623,0.12287172675132751,-0.35001105070114136,0.7148304581642151,0.1250084638595581,-0.20585982501506805,0.6638345122337341,0.12961360812187195,-0.20398840308189392,0.6993459463119507,0.1619507372379303,-0.3198792338371277,0.6793149709701538,0.1652744710445404,-0.31925421953201294,0.7576538920402527,0.2570069432258606,-0.12858392298221588,0.6278285384178162,0.2660233974456787,-0.10997150093317032,0.7678185105323792,0.4192611277103424,-0.05095180496573448,0.6192941665649414,0.41702091693878174,-0.048576582223176956,0.7735589146614075,0.5582506656646729,-0.14426328241825104,0.6076708436012268,0.5528666377067566,-0.15035387873649597,0.7803463339805603,0.597223162651062,-0.18088775873184204,0.6038728952407837,0.5901706218719482,-0.1900588721036911,0.7731090784072876,0.5947791337966919,-0.22605901956558228,0.6106642484664917,0.5902096033096313,-0.23374031484127045,0.7666980624198914,0.5835195183753967,-0.16460725665092468,0.6158649921417236,0.5809418559074402,-0.17258992791175842,0.7283449769020081,0.5682003498077393,-0.0046052876859903336,0.6549930572509766,0.5629794001579285,0.004381463397294283,0.7278727293014526,0.7448166608810425,0.06747911125421524,0.6532213091850281,0.7351570129394531,0.08427625149488449,0.7368947267532349,0.9035379886627197,0.34278208017349243,0.6479777097702026,0.9048734307289124,0.3347567319869995,0.7295276522636414,0.9251919984817505,0.36174657940864563,0.6546084880828857,0.9249900579452515,0.3519051969051361,0.7352604269981384,0.9826228022575378,0.20018531382083893,0.6406559348106384,0.981482207775116,0.1906518042087555
deadlift_200091.jpg,0.6878279447555542,0.14344285428524017,-0.43464964628219604,0.6957467794418335,0.12293319404125214,-0.4131026864051819,0.7014569640159607,0.12148172408342361,-0.41303399205207825,0.7064570784568787,0.12001807242631912,-0.4128262400627136,0.6793674230575562,0.12382549792528152,-0.4126555025577545,0.6734837889671326,0.1267881691455841,-0.4127005636692047,0.6687408089637756,0.12905141711235046,-0.4126270115375519,0.7123842835426331,0.13535062968730927,-0.2577248215675354,0.6623623967170715,0.14487463235855103,-0.2589518129825592,0.699329674243927,0.16250865161418915,-0.37779510021209717,0.679216206073761,0.16719667613506317,-0.377755731344223,0.7563058137893677,0.27067041397094727,-0.13926656544208527,0.6267486810684204,0.27941957116127014,-0.18927253782749176,0.7693834900856018,0.4259319305419922,-0.09409258514642715,0.6199236512184143,0.43912559747695923,-0.13075487315654755,0.7731053233146667,0.5679980516433716,-0.17663703858852386,0.6086239218711853,0.5771944522857666,-0.23080506920814514,0.7796451449394226,0.6076170206069946,-0.21119029819965363,0.6025235652923584,0.6195585131645203,-0.27231043577194214,0.7713127732276917,0.6033428311347961,-0.2534686326980591,0.6111571192741394,0.6201407313346863,-0.31259533762931824,0.7654001116752625,0.5873793363571167,-0.1957511007785797,0.6167707443237305,0.6052425503730774,-0.25135013461112976,0.7236745953559875,0.5834022760391235,4.193837594357319e-05,0.6514341831207275,0.5787744522094727,-0.00020470208255574107,0.7301992774009705,0.7479129433631897,0.1039479598402977,0.6486808657646179,0.7480428814888,0.08135221153497696,0.7365925908088684,0.9031569361686707,0.3702305555343628,0.644822895526886,0.9049429893493652,0.32117360830307007,0.7288689017295837,0.9240771532058716,0.389559805393219,0.6520610451698303,0.9232671856880188,0.3384542465209961,0.7370498776435852,0.9825576543807983,0.24923370778560638,0.6402184963226318,0.979314923286438,0.18779800832271576
deadlift_200101.jpg,0.6879852414131165,0.25204142928123474,-0.7761630415916443,0.6954347491264343,0.22882716357707977,-0.7640799283981323,0.7013177275657654,0.22770139575004578,-0.7639361023902893,0.7061038613319397,0.22680744528770447,-0.7639899849891663,0.6794423460960388,0.23022520542144775,-0.7640436887741089,0.6737216114997864,0.23069261014461517,-0.7641936540603638,0.6692034006118774,0.2307511419057846,-0.7641333937644958,0.7114150524139404,0.22997252643108368,-0.6073998808860779,0.6630473732948303,0.2336069494485855,-0.609244704246521,0.6983506083488464,0.2689521908760071,-0.7118000388145447,0.6790765523910522,0.2718169093132019,-0.7123364210128784,0.7531872987747192,0.34702327847480774,-0.43001607060432434,0.6268025636672974,0.3523455262184143,-0.43677324056625366,0.7708399295806885,0.4833323061466217,-0.33792492747306824,0.6156370639801025,0.4939294159412384,-0.3597480058670044,0.7733300924301147,0.6178373098373413,-0.381102591753006,0.6030965447425842,0.6298496127128601,-0.4259917438030243,0.7798738479614258,0.6520156264305115,-0.41233155131340027,0.5987851619720459,0.6621881723403931,-0.46151813864707947,0.7738828063011169,0.6502373814582825,-0.4563733637332916,0.6078614592552185,0.6641215682029724,-0.5024418234825134,0.7685010433197021,0.6361075043678284,-0.4009389281272888,0.6125423312187195,0.6528406143188477,-0.44522348046302795,0.7235210537910461,0.5727466940879822,0.00010914077574852854,0.6536863446235657,0.569003701210022,-0.0002711936249397695,0.7345083951950073,0.7390994429588318,0.06486717611551285,0.6431435942649841,0.7376222610473633,0.017234647646546364,0.7374271154403687,0.9067322611808777,0.28737547993659973,0.6436736583709717,0.9064998030662537,0.17846345901489258,0.7280579805374146,0.9309543967247009,0.3044681251049042,0.6514490246772766,0.9259556531906128,0.18664388358592987,0.7388842701911926,0.9811455011367798,0.178593710064888,0.6384319067001343,0.9780992865562439,0.004506546072661877
deadlift_200111.jpg,0.6859012246131897,0.3869435489177704,-0.6111114025115967,0.6938634514808655,0.36528444290161133,-0.6024747490882874,0.6996719241142273,0.3639030456542969,-0.6023396253585815,0.7049891948699951,0.3631707429885864,-0.6023589968681335,0.6780423521995544,0.3682278096675873,-0.6022173762321472,0.6729880571365356,0.3686448335647583,-0.6022655963897705,0.6687239408493042,0.36886703968048096,-0.6021716594696045,0.7116337418556213,0.36171120405197144,-0.5018682479858398,0.6627954244613647,0.3654799461364746,-0.5009203553199768,0.6964887976646423,0.40149369835853577,-0.5667476654052734,0.677530825138092,0.4028947651386261,-0.5667221546173096,0.7529662847518921,0.46004387736320496,-0.3796887993812561,0.6282546520233154,0.45668843388557434,-0.3755362927913666,0.7650576829910278,0.6138110756874084,-0.32407599687576294,0.6200759410858154,0.6039180159568787,-0.31026965379714966,0.7690368890762329,0.7274254560470581,-0.309181809425354,0.6046132445335388,0.7192680239677429,-0.35124966502189636,0.7759556174278259,0.7644139528274536,-0.33683842420578003,0.6015447378158569,0.7599627375602722,-0.33589276671409607,0.7702256441116333,0.7650117874145508,-0.4016740918159485,0.6104357242584229,0.7595281004905701,-0.33413517475128174,0.7640933990478516,0.7580384016036987,-0.3220324218273163,0.6135997772216797,0.7515787482261658,-0.4048556983470917,0.7315446138381958,0.5693013668060303,-0.0035921919625252485,0.6572048664093018,0.56207674741745,0.003273980924859643,0.7445822954177856,0.7337929010391235,0.02034394070506096,0.6393725872039795,0.7327115535736084,0.00740820961073041,0.7405979633331299,0.9136613011360168,0.06412015110254288,0.6421588659286499,0.9088480472564697,0.07494088262319565,0.7300567030906677,0.9344082474708557,0.06444034725427628,0.6498755216598511,0.928653359413147,0.07775428146123886,0.7421115040779114,0.9854279160499573,-0.030336974188685417,0.6324256658554077,0.9811188578605652,-0.019723722711205482
deadlift_200121.jpg,0.6884759664535522,0.4587041735649109,-0.4301456809043884,0.6954562664031982,0.4332636892795563,-0.4289962947368622,0.7007670998573303,0.4317041039466858,-0.4290040135383606,0.7056840062141418,0.4302968382835388,-0.42923036217689514,0.6816885471343994,0.4334326982498169,-0.43201473355293274,0.676828920841217,0.43226826190948486,-0.43202638626098633,0.6727461218833923,0.4311509132385254,-0.43205881118774414,0.7119198441505432,0.425367146730423,-0.38909998536109924,0.6656168699264526,0.4275170564651489,-0.41447287797927856,0.697777509689331,0.471640408039093,-0.40801525115966797,0.6799773573875427,0.47115352749824524,-0.41295140981674194,0.753325879573822,0.5077317357063293,-0.33434584736824036,0.6295591592788696,0.5113134384155273,-0.3161393404006958,0.7635842561721802,0.6705256700515747,-0.2784003019332886,0.6250371336936951,0.6712266802787781,-0.279797226190567,0.7660714387893677,0.7964630722999573,-0.27455320954322815,0.6075032353401184,0.7915229201316833,-0.27885177731513977,0.7723262906074524,0.8274363279342651,-0.26489338278770447,0.6015894412994385,0.8202558159828186,-0.2631511092185974,0.7650474905967712,0.8285590410232544,-0.27754348516464233,0.6096069812774658,0.8193046450614929,-0.2668502628803253,0.7586361169815063,0.8196787238121033,-0.2727256715297699,0.6141201853752136,0.8147187232971191,-0.28523191809654236,0.7305324673652649,0.5792920589447021,-0.003551916452124715,0.6555135250091553,0.5594305396080017,0.003231193171814084,0.743774950504303,0.7223551273345947,0.01948869787156582,0.6446370482444763,0.7122030258178711,-0.00902009941637516,0.7376653552055359,0.9108529090881348,0.0010018475586548448,0.639232873916626,0.9084551334381104,-0.019121164456009865,0.7271775603294373,0.9322780966758728,-0.0037168010603636503,0.6456278562545776,0.9278825521469116,-0.02366890385746956,0.7447037100791931,0.9834875464439392,-0.05801357328891754,0.6348980665206909,0.9798735976219177,-0.09143050014972687
deadlift_200131.jpg,0.6900573372840881,0.4845946729183197,-0.39737966656684875,0.6970070600509644,0.46346697211265564,-0.3906412422657013,0.702427089214325,0.4616747200489044,-0.39070531725883484,0.7068939208984375,0.45968741178512573,-0.3909628093242645,0.6823975443840027,0.46409478783607483,-0.39575091004371643,0.6768993735313416,0.462844580411911,-0.3957488238811493,0.6724013090133667,0.4613608419895172,-0.395799845457077,0.7135007381439209,0.45010900497436523,-0.33243119716644287,0.6647706627845764,0.45300963521003723,-0.3625839948654175,0.6994701623916626,0.495822012424469,-0.3732970654964447,0.680466890335083,0.4968741238117218,-0.3810921311378479,0.7514557242393494,0.531432032585144,-0.27738192677497864,0.6311243176460266,0.5346848964691162,-0.29957759380340576,0.7652023434638977,0.6954245567321777,-0.27917736768722534,0.6237452030181885,0.6893091201782227,-0.2970295250415802,0.7639227509498596,0.8457382917404175,-0.2801001965999603,0.6112920641899109,0.8408018946647644,-0.28270450234413147,0.770572304725647,0.8799129724502563,-0.27383437752723694,0.6057926416397095,0.8641263246536255,-0.26514390110969543,0.7705538272857666,0.87022465467453,-0.2881341278553009,0.6163327097892761,0.873058557510376,-0.28739288449287415,0.7552798390388489,0.8749622106552124,-0.28244760632514954,0.6235679984092712,0.8656250238418579,-0.28621211647987366,0.7276341319084167,0.5790051221847534,-0.002690342953428626,0.6545290350914001,0.5647773146629333,0.0023583583533763885,0.7451522350311279,0.7153810262680054,0.010079625993967056,0.6437498331069946,0.7030400037765503,-0.03635324910283089,0.7364860773086548,0.9109224081039429,-0.041179876774549484,0.6394355297088623,0.9075995683670044,-0.04148126393556595,0.7263242602348328,0.9330713748931885,-0.04801778867840767,0.6454597115516663,0.926507294178009,-0.04534449055790901,0.7407850027084351,0.9824351668357849,-0.10813841968774796,0.6366989612579346,0.9793831706047058,-0.11700978130102158
deadlift_2100001.jpg,0.41366270184516907,0.38697314262390137,-0.9541769027709961,0.42189761996269226,0.3762575685977936,-0.9437569975852966,0.4253459572792053,0.3860674500465393,-0.9436569213867188,0.43599697947502136,0.38980162143707275,-0.9437465071678162,0.4075775742530823,0.3736054599285126,-0.9271961450576782,0.39999455213546753,0.3860052227973938,-0.9273533225059509,0.39674481749534607,0.39146652817726135,-0.9275372624397278,0.4494418799877167,0.35538914799690247,-0.7994126677513123,0.39877191185951233,0.39014604687690735,-0.7260616421699524,0.43326184153556824,0.4127047657966614,-0.8943823575973511,0.4176589548587799,0.4030609428882599,-0.8727054595947266,0.5329849123954773,0.37620726227760315,-0.6114917397499084,0.39064401388168335,0.4095192849636078,-0.5271862745285034,0.5576408505439758,0.6057716608047485,-0.6161326169967651,0.3832618296146393,0.6786995530128479,-0.5109551548957825,0.5715400576591492,0.7491906881332397,-0.677986741065979,0.3810891807079315,0.7605555057525635,-0.6033288240432739,0.5804314017295837,0.7833802103996277,-0.720302402973175,0.3746696412563324,0.7742700576782227,-0.6393502950668335,0.5702914595603943,0.781649112701416,-0.752073347568512,0.3852623403072357,0.7776685953140259,-0.6768199801445007,0.5639841556549072,0.773479700088501,-0.6903256773948669,0.3901209533214569,0.7714976072311401,-0.6199619770050049,0.5929868817329407,0.5207675695419312,-0.024033503606915474,0.5105814933776855,0.5165197849273682,0.0239879097789526,0.5346985459327698,0.6232472062110901,-0.418652206659317,0.4206331968307495,0.6209102869033813,-0.3516004681587219,0.5177152752876282,0.8704150915145874,-0.10091980546712875,0.4498433470726013,0.8580424785614014,-0.07233444601297379,0.518071711063385,0.8906651735305786,-0.07885455340147018,0.461465984582901,0.8904969692230225,-0.05167257785797119,0.504272997379303,0.9563871622085571,-0.2735000550746918,0.41866761445999146,0.9449159502983093,-0.2394018918275833
deadlift_2100011.jpg,0.39178863167762756,0.20113874971866608,-0.8989036679267883,0.3962821364402771,0.1725255250930786,-0.8822393417358398,0.4011487662792206,0.16903185844421387,-0.8822625875473022,0.4066399037837982,0.16485968232154846,-0.8825100064277649,0.38356098532676697,0.17762970924377441,-0.8660364747047424,0.37928861379623413,0.17810672521591187,-0.8661326169967651,0.3755054175853729,0.17764237523078918,-0.8661743998527527,0.4268251657485962,0.15411514043807983,-0.7185644507408142,0.3822529911994934,0.17089535295963287,-0.6449382305145264,0.406943678855896,0.21481391787528992,-0.8326959013938904,0.39269956946372986,0.2192114293575287,-0.8111929297447205,0.5163534879684448,0.2589748501777649,-0.5659298300743103,0.3686579465866089,0.302670955657959,-0.4449664354324341,0.544391393661499,0.45708394050598145,-0.5846074819564819,0.37619850039482117,0.4898190498352051,-0.40946343541145325,0.5628863573074341,0.650052547454834,-0.6856863498687744,0.37345564365386963,0.6420262455940247,-0.5360709428787231,0.5718086361885071,0.6907682418823242,-0.7462918758392334,0.36155396699905396,0.6752241849899292,-0.5849243402481079,0.5619314312934875,0.6932933926582336,-0.7848692536354065,0.3744243383407593,0.675108015537262,-0.6377670168876648,0.5558919906616211,0.6766102313995361,-0.7030208110809326,0.37991729378700256,0.6633315682411194,-0.5610520839691162,0.5270995497703552,0.45719480514526367,-0.031276680529117584,0.4462588429450989,0.46155846118927,0.031415391713380814,0.5091136693954468,0.6028815507888794,-0.5389851331710815,0.4277653396129608,0.5936095714569092,-0.45732372999191284,0.5026061534881592,0.8627784848213196,-0.26703259348869324,0.436899870634079,0.8445384502410889,-0.1851554811000824,0.49492591619491577,0.8882680535316467,-0.2537674605846405,0.44963255524635315,0.8712352514266968,-0.16933202743530273,0.4929254353046417,0.9528833031654358,-0.5195189118385315,0.41492322087287903,0.9385332465171814,-0.4151352643966675
deadlift_2100021.jpg,0.433674693107605,0.046384382992982864,-0.9691092371940613,0.439118891954422,0.020696116611361504,-0.9603211283683777,0.4446922838687897,0.019984440878033638,-0.9603258967399597,0.44993072748184204,0.017787471413612366,-0.9605296850204468,0.42463284730911255,0.017408600077033043,-0.9463034868240356,0.42072904109954834,0.015465959906578064,-0.946465253829956,0.4170478880405426,0.013333229348063469,-0.9465989470481873,0.45712175965309143,0.010430545546114445,-0.7935875654220581,0.41554582118988037,0.012582370080053806,-0.7291934490203857,0.445902943611145,0.05991875380277634,-0.8983673453330994,0.4296433627605438,0.059716928750276566,-0.8798209428787231,0.5261050462722778,0.10328611731529236,-0.6344485878944397,0.38718289136886597,0.14672547578811646,-0.4844851791858673,0.5494791865348816,0.3016183078289032,-0.6069431900978088,0.3861416280269623,0.3215104639530182,-0.3867948651313782,0.5656095743179321,0.47391900420188904,-0.7231783270835876,0.37904486060142517,0.4775802493095398,-0.5272845029830933,0.5720804333686829,0.5196342468261719,-0.7887706160545349,0.3752882182598114,0.5152633786201477,-0.5697677731513977,0.5628834962844849,0.5206202864646912,-0.8374002575874329,0.38112208247184753,0.516890823841095,-0.6450584530830383,0.5592705011367798,0.5079123377799988,-0.7434260845184326,0.38559767603874207,0.5050565004348755,-0.5600094199180603,0.53486567735672,0.3801890015602112,-0.04160172864794731,0.4599476158618927,0.386572003364563,0.04171352460980415,0.5311407446861267,0.6152851581573486,-0.33321526646614075,0.44902366399765015,0.6160449981689453,-0.02241065353155136,0.5179771780967712,0.8556946516036987,0.09308958798646927,0.44867265224456787,0.8417373895645142,0.2542804181575775,0.5078467130661011,0.8811026811599731,0.10414806008338928,0.45924389362335205,0.8721239566802979,0.2674103379249573,0.5041473507881165,0.9376744627952576,-0.41564276814460754,0.41768941283226013,0.9252092838287354,0.04251028224825859
deadlift_2100031.jpg,0.47300684452056885,-0.08382289111614227,-0.42727434635162354,0.4837895929813385,-0.10617873072624207,-0.40165188908576965,0.48987987637519836,-0.10477468371391296,-0.40173864364624023,0.49453839659690857,-0.0944969579577446,-0.40174469351768494,0.4662979245185852,-0.10833235830068588,-0.3967738747596741,0.4605705142021179,-0.10815763473510742,-0.39677274227142334,0.45527854561805725,-0.10872427374124527,-0.39690399169921875,0.5031483173370361,-0.08005408942699432,-0.2345360964536667,0.4522237479686737,-0.09557181596755981,-0.2164270579814911,0.4799676537513733,-0.04981960728764534,-0.36459073424339294,0.4636646807193756,-0.050600189715623856,-0.3593646287918091,0.5499197840690613,0.05495763197541237,-0.16175296902656555,0.40944018959999084,0.07247940450906754,-0.05483536422252655,0.5616830587387085,0.2127934843301773,-0.1104709804058075,0.3984549343585968,0.23115889728069305,0.031836628913879395,0.5659733414649963,0.3621992766857147,-0.27369460463523865,0.3881572186946869,0.3734568655490875,-0.13812068104743958,0.5707199573516846,0.40808799862861633,-0.3323580324649811,0.38019800186157227,0.41349318623542786,-0.18232060968875885,0.5637022852897644,0.4083229899406433,-0.38264456391334534,0.38959500193595886,0.41182515025138855,-0.2518662214279175,0.5601694583892822,0.3938920795917511,-0.29564014077186584,0.3944424092769623,0.40006083250045776,-0.16973203420639038,0.5355727672576904,0.3653773069381714,-0.033947501331567764,0.4598388671875,0.37186121940612793,0.03398444503545761,0.5236790180206299,0.6200543642044067,-0.09977052360773087,0.4568333625793457,0.6212645769119263,-0.01810857467353344,0.5225154757499695,0.8546319007873535,0.18117515742778778,0.4550246000289917,0.8473966717720032,0.24255003035068512,0.5172090530395508,0.8777036070823669,0.19113215804100037,0.469316303730011,0.8740183711051941,0.2537934482097626,0.5067420601844788,0.9358673095703125,-0.08010567724704742,0.4268415868282318,0.9253983497619629,0.03572435304522514
deadlift_2100041.jpg,0.503818154335022,-0.06952748447656631,-0.22284580767154694,0.5106449723243713,-0.08016378432512283,-0.21118570864200592,0.5117734670639038,-0.07223998755216599,-0.21130089461803436,0.5151227116584778,-0.07151529937982559,-0.21136577427387238,0.5003082752227783,-0.08144187927246094,-0.20326901972293854,0.4925955832004547,-0.0717310830950737,-0.20328713953495026,0.488802433013916,-0.0714488998055458,-0.2034589797258377,0.5186313986778259,-0.0601106695830822,-0.0948672816157341,0.4832157492637634,-0.06020374968647957,-0.06062294915318489,0.5073461532592773,-0.044863853603601456,-0.17594246566295624,0.4949393570423126,-0.04039142280817032,-0.16618295013904572,0.5600317716598511,0.042061176151037216,-0.06052476167678833,0.43861427903175354,0.06796170026063919,0.08214913308620453,0.5659835338592529,0.18682189285755157,-0.038171324878931046,0.4181131422519684,0.21716614067554474,0.13905030488967896,0.564363420009613,0.33173689246177673,-0.18476946651935577,0.39289408922195435,0.350698858499527,-0.004170232452452183,0.5670642852783203,0.3815206289291382,-0.23398087918758392,0.3811648190021515,0.38888517022132874,-0.04161365330219269,0.5561009049415588,0.3830398619174957,-0.27718454599380493,0.38991162180900574,0.38882339000701904,-0.1038377434015274,0.5523123145103455,0.36776936054229736,-0.20414584875106812,0.3959852159023285,0.3787153363227844,-0.03363672271370888,0.5278477668762207,0.35325559973716736,-0.0561671257019043,0.46566951274871826,0.35787031054496765,0.056330032646656036,0.5191583037376404,0.6130726933479309,-0.08835775405168533,0.46621447801589966,0.6110605001449585,0.012617350555956364,0.5222127437591553,0.853139340877533,0.07564070075750351,0.4763259291648865,0.8483834862709045,0.19294686615467072,0.5196099281311035,0.880533754825592,0.06994104385375977,0.4875759780406952,0.8779280781745911,0.1977749615907669,0.5012263059616089,0.9283797144889832,-0.15972720086574554,0.43126338720321655,0.9163480997085571,0.002404072554782033
deadlift_2100051.jpg,0.5115039348602295,-0.06538891047239304,-0.2568625807762146,0.5213547945022583,-0.07887668907642365,-0.2441336065530777,0.5254979133605957,-0.07614681869745255,-0.2441987693309784,0.5302731990814209,-0.07346249371767044,-0.24421818554401398,0.5078434348106384,-0.07967598736286163,-0.2312813252210617,0.5022663474082947,-0.0776451975107193,-0.2312961220741272,0.4980032742023468,-0.0765242651104927,-0.23142109811306,0.5361120104789734,-0.0502360537648201,-0.12421716749668121,0.493080735206604,-0.05961134657263756,-0.06499913334846497,0.5179867148399353,-0.037720076739788055,-0.20885583758354187,0.503234326839447,-0.037158459424972534,-0.19201058149337769,0.5711382627487183,0.041903913021087646,-0.07652566581964493,0.4501025974750519,0.061689868569374084,0.08465447276830673,0.5739559531211853,0.18872970342636108,-0.058405909687280655,0.42155370116233826,0.21227791905403137,0.15819965302944183,0.5711421370506287,0.3273719251155853,-0.2197083681821823,0.39964771270751953,0.33865612745285034,0.0057624103501439095,0.5714525580406189,0.37448960542678833,-0.2712935209274292,0.3906075060367584,0.37735238671302795,-0.034235402941703796,0.5623145699501038,0.37451881170272827,-0.3123168647289276,0.3955788314342499,0.3729609549045563,-0.09330622106790543,0.5595779418945312,0.3610245883464813,-0.23855939507484436,0.40025871992111206,0.3622482419013977,-0.022246193140745163,0.5350107550621033,0.34457001090049744,-0.0572575181722641,0.4617276191711426,0.3448978364467621,0.05730728432536125,0.5252882838249207,0.6076964735984802,-0.09951771050691605,0.4640730619430542,0.6033271551132202,-0.008198300376534462,0.5258340239524841,0.8465162515640259,0.062313515692949295,0.4645436108112335,0.8382008075714111,0.17837361991405487,0.5235826373100281,0.8720855116844177,0.06188873574137688,0.47807642817497253,0.8639155626296997,0.1838570088148117,0.5038016438484192,0.9255457520484924,-0.16851110756397247,0.431922048330307,0.9103007912635803,-0.014419370330870152
deadlift_2100061.jpg,0.5218752026557922,-0.08064261823892593,-0.3278844654560089,0.5294225215911865,-0.09199898689985275,-0.3118271231651306,0.532884418964386,-0.08774344623088837,-0.3118755519390106,0.5385841131210327,-0.08324121683835983,-0.3118828535079956,0.5164863467216492,-0.09729140251874924,-0.30214372277259827,0.5106610655784607,-0.09649643301963806,-0.30216020345687866,0.5064621567726135,-0.07886210829019547,-0.30227282643318176,0.5468241572380066,-0.05805469676852226,-0.18276147544384003,0.5026586055755615,-0.06204858794808388,-0.13822413980960846,0.529029130935669,-0.04851246252655983,-0.2777329981327057,0.5138679146766663,-0.04915548861026764,-0.265144944190979,0.5747417211532593,0.0392623245716095,-0.12461765110492706,0.45607414841651917,0.05787605047225952,0.018253060057759285,0.5777310729026794,0.18467570841312408,-0.07183113694190979,0.4244522452354431,0.2072358876466751,0.10335206985473633,0.5725271105766296,0.32989001274108887,-0.21681371331214905,0.404631644487381,0.33734428882598877,-0.04161945730447769,0.5714333057403564,0.3776405453681946,-0.2647213041782379,0.3971022367477417,0.378825306892395,-0.07868237793445587,0.5627291798591614,0.3778325021266937,-0.3056163787841797,0.4017431139945984,0.37521785497665405,-0.1394169181585312,0.559748113155365,0.36598166823387146,-0.23461012542247772,0.4066382646560669,0.3637516498565674,-0.06964382529258728,0.5360928773880005,0.34701722860336304,-0.05601491406559944,0.4619559943675995,0.34697726368904114,0.056031204760074615,0.5288218855857849,0.6121937036514282,-0.10003785043954849,0.4660509526729584,0.6088260412216187,0.009773850440979004,0.5262144207954407,0.8407275676727295,0.09276732057332993,0.4677790403366089,0.8333491683006287,0.21955108642578125,0.5252906084060669,0.8651179075241089,0.09564241021871567,0.48023396730422974,0.8610091209411621,0.22676777839660645,0.5096211433410645,0.9143897294998169,-0.1415451318025589,0.4356347620487213,0.9038172960281372,0.02251208946108818
deadlift_2100071.jpg,0.5250595808029175,-0.0792124941945076,-0.24033287167549133,0.532152533531189,-0.08807621896266937,-0.22514274716377258,0.5355378985404968,-0.08712656795978546,-0.22524967789649963,0.5397186279296875,-0.08600736409425735,-0.22530534863471985,0.5200691819190979,-0.08888186514377594,-0.21481963992118835,0.5150370597839355,-0.08845987170934677,-0.2148217409849167,0.5109812617301941,-0.08679758012294769,-0.2149193286895752,0.543427050113678,-0.06835819780826569,-0.10875983536243439,0.5054669976234436,-0.07052844762802124,-0.05985397472977638,0.5298783183097839,-0.055918138474226,-0.19524963200092316,0.5165501236915588,-0.05671174079179764,-0.1814260184764862,0.5705322027206421,0.04068990424275398,-0.08916094899177551,0.4574972093105316,0.05356427654623985,0.0899282842874527,0.5687757730484009,0.1843920648097992,-0.06502840667963028,0.42844828963279724,0.2065664529800415,0.15482568740844727,0.5649388432502747,0.3378335237503052,-0.20320233702659607,0.4041237235069275,0.34170517325401306,0.004507021512836218,0.5629268884658813,0.38280189037323,-0.2552258372306824,0.3949688971042633,0.38113635778427124,-0.03218486160039902,0.5538631081581116,0.38309457898139954,-0.29080963134765625,0.3994622230529785,0.3778599500656128,-0.09747321158647537,0.5509678721427917,0.3723852336406708,-0.21927472949028015,0.4044404625892639,0.3683817982673645,-0.026568396016955376,0.5310301184654236,0.35047709941864014,-0.07272613048553467,0.4623774588108063,0.3503223657608032,0.07288800179958344,0.5237292647361755,0.6155253648757935,-0.10380955040454865,0.4654214680194855,0.6091238856315613,0.040158532559871674,0.522052526473999,0.8413575291633606,0.08799714595079422,0.47211599349975586,0.8327638506889343,0.25686317682266235,0.5228808522224426,0.8673645853996277,0.09264857321977615,0.48340633511543274,0.8627278804779053,0.2644505202770233,0.5021837949752808,0.9103672504425049,-0.13739243149757385,0.43351081013679504,0.9001370668411255,0.07144589722156525
deadlift_2100081.jpg,0.49743396043777466,-0.06736096739768982,-0.3684259355068207,0.5084640383720398,-0.0771079733967781,-0.3526032865047455,0.5138160586357117,-0.07415425777435303,-0.3526668846607208,0.5190753936767578,-0.07173331081867218,-0.3527109920978546,0.495003879070282,-0.08138629794120789,-0.34291404485702515,0.4915187656879425,-0.08108840882778168,-0.3429270386695862,0.48817121982574463,-0.08096444606781006,-0.3430229425430298,0.5321142077445984,-0.06397359818220139,-0.22095084190368652,0.4850902557373047,-0.06770213693380356,-0.17148829996585846,0.5055936574935913,-0.03996233642101288,-0.3185562789440155,0.49055904150009155,-0.040078263729810715,-0.30593758821487427,0.5601899027824402,0.065373994410038,-0.1668810248374939,0.4382302463054657,0.0803578570485115,-0.0022249892354011536,0.5602704286575317,0.21205592155456543,-0.11461784690618515,0.41502806544303894,0.2358052134513855,0.09578752517700195,0.5630106329917908,0.3669334948062897,-0.22224630415439606,0.4037107825279236,0.3704991936683655,-0.03987961634993553,0.5644661784172058,0.40733930468559265,-0.26555266976356506,0.39610758423805237,0.40951305627822876,-0.07166831195354462,0.5572221875190735,0.407556414604187,-0.3081195056438446,0.40406104922294617,0.4078653156757355,-0.1324862837791443,0.5532448887825012,0.3965621590614319,-0.24002978205680847,0.40968480706214905,0.3962484896183014,-0.06747657805681229,0.5344914197921753,0.36692264676094055,-0.06873667985200882,0.4615735113620758,0.3660052418708801,0.06875966489315033,0.5264841914176941,0.6179677248001099,-0.06318394094705582,0.4574127793312073,0.6087614297866821,0.03983531892299652,0.5286827087402344,0.8404868841171265,0.1591808795928955,0.46944719552993774,0.8285819292068481,0.28364133834838867,0.5290423035621643,0.8672682046890259,0.16514311730861664,0.4823223650455475,0.8567557334899902,0.2944128215312958,0.5049529671669006,0.9131774306297302,-0.06772654503583908,0.4341982901096344,0.9028246402740479,0.10571157187223434
deadlift_2100091.jpg,0.4045933187007904,-0.0012827099999412894,-0.6900728344917297,0.4082188010215759,-0.030878903344273567,-0.7085673213005066,0.41225141286849976,-0.04052069038152695,-0.7084800004959106,0.4165106415748596,-0.05485721305012703,-0.7085521817207336,0.4012666940689087,-0.021166307851672173,-0.669784665107727,0.4004203677177429,-0.021989261731505394,-0.6699079871177673,0.40008261799812317,-0.026497196406126022,-0.6699525117874146,0.43811315298080444,-0.0328250527381897,-0.6820729374885559,0.4171702265739441,-0.029491178691387177,-0.5024229288101196,0.4204574227333069,-0.008999736979603767,-0.6719107031822205,0.4135487675666809,0.002819964662194252,-0.6200641393661499,0.5302174687385559,0.0972762331366539,-0.6145486831665039,0.41984695196151733,0.09973004460334778,-0.3037247061729431,0.5537574291229248,0.23262746632099152,-0.6087100505828857,0.40887242555618286,0.28379717469215393,-0.1836136430501938,0.5665321946144104,0.44984880089759827,-0.6506716012954712,0.4024934768676758,0.44626787304878235,-0.2699436545372009,0.5690956115722656,0.5002820491790771,-0.7032051086425781,0.39703255891799927,0.482282429933548,-0.2885231673717499,0.5595294833183289,0.5023637413978577,-0.7348020076751709,0.4033348858356476,0.4814070463180542,-0.3538109064102173,0.5547417402267456,0.48681721091270447,-0.6623385548591614,0.4073341488838196,0.46881335973739624,-0.2980474531650543,0.5394653081893921,0.3667834401130676,-0.10090918093919754,0.4685267210006714,0.36977145075798035,0.10078602284193039,0.5305114388465881,0.620078444480896,-0.12604625523090363,0.45906588435173035,0.612785279750824,0.1750229001045227,0.5320733189582825,0.8394553065299988,0.03360307961702347,0.4725192189216614,0.8265211582183838,0.37305501103401184,0.5339020490646362,0.8668516278266907,0.03640832379460335,0.4875529408454895,0.8546275496482849,0.3831968307495117,0.5026254057884216,0.916107177734375,-0.17571066319942474,0.43351414799690247,0.9011768102645874,0.23159654438495636
deadlift_2100101.jpg,0.37961405515670776,0.19242778420448303,-0.6911114454269409,0.38152915239334106,0.16610583662986755,-0.7029847502708435,0.3859226107597351,0.16278567910194397,-0.7028833031654358,0.3907559812068939,0.15865962207317352,-0.7029427289962769,0.37449386715888977,0.16866734623908997,-0.6642771363258362,0.3730641305446625,0.16767597198486328,-0.6643425226211548,0.37199893593788147,0.16602420806884766,-0.6643563508987427,0.41422414779663086,0.14311854541301727,-0.6633970737457275,0.3902360200881958,0.1524537205696106,-0.4872170686721802,0.3961666524410248,0.20237722992897034,-0.668592631816864,0.38767439126968384,0.2056422382593155,-0.617571234703064,0.5177966952323914,0.22272680699825287,-0.6000499129295349,0.40146875381469727,0.24416011571884155,-0.2703736126422882,0.5423268675804138,0.4087831377983093,-0.6272649765014648,0.40528860688209534,0.4348071217536926,-0.16508030891418457,0.5615168213844299,0.5936552882194519,-0.6862503290176392,0.409898966550827,0.5771355628967285,-0.2635450065135956,0.5699556469917297,0.6398732662200928,-0.7402257323265076,0.4042340815067291,0.6119865775108337,-0.2788987457752228,0.5560782551765442,0.6379793286323547,-0.7570537328720093,0.41083529591560364,0.6132767200469971,-0.3335377871990204,0.5505815148353577,0.6229408979415894,-0.6911848187446594,0.4150290787220001,0.6010178923606873,-0.28689298033714294,0.5471562147140503,0.39656487107276917,-0.10452928394079208,0.47468987107276917,0.39817196130752563,0.104474738240242,0.5215400457382202,0.6006295680999756,-0.4201987087726593,0.4538379907608032,0.5976081490516663,-0.1378016173839569,0.5256292223930359,0.8388993144035339,-0.31075555086135864,0.4660557806491852,0.8240235447883606,0.02853476256132126,0.5300123691558838,0.8681735396385193,-0.3102312684059143,0.48396068811416626,0.8510283827781677,0.03754144161939621,0.49419596791267395,0.9122498631477356,-0.5102141499519348,0.43385371565818787,0.8978641033172607,-0.10611988604068756
deadlift_2100111.jpg,0.37885135412216187,0.312791109085083,-0.5993430614471436,0.3787936568260193,0.2873346209526062,-0.611200749874115,0.3826195299625397,0.2841918468475342,-0.6111208200454712,0.38650795817375183,0.2804701626300812,-0.6111984252929688,0.37200644612312317,0.29048028588294983,-0.5759814381599426,0.3709978759288788,0.28934288024902344,-0.5759996771812439,0.37027329206466675,0.2878555953502655,-0.5760452747344971,0.4087761342525482,0.25953197479248047,-0.5989835262298584,0.3880762457847595,0.26981446146965027,-0.4266175925731659,0.3967791497707367,0.32083770632743835,-0.5840898156166077,0.38959845900535583,0.32437461614608765,-0.5363428592681885,0.5172898769378662,0.3123927414417267,-0.5579121708869934,0.40276259183883667,0.33037832379341125,-0.24819305539131165,0.5438604354858398,0.5049706697463989,-0.5944650173187256,0.41272273659706116,0.5089876055717468,-0.16607026755809784,0.5655204057693481,0.6824050545692444,-0.6324431300163269,0.4114646315574646,0.6529406309127808,-0.2309189736843109,0.5741206407546997,0.7308418154716492,-0.6810444593429565,0.4102212190628052,0.6897252798080444,-0.2618575692176819,0.5609821677207947,0.7377546429634094,-0.6944745779037476,0.42027345299720764,0.69246506690979,-0.30601489543914795,0.554202675819397,0.7245633602142334,-0.6370086669921875,0.42217209935188293,0.6798508167266846,-0.25332945585250854,0.5509054660797119,0.47211065888404846,-0.09850793331861496,0.4781593382358551,0.4507658779621124,0.09851337224245071,0.5033749938011169,0.6150885224342346,-0.4201267957687378,0.4092963933944702,0.596750795841217,-0.21578526496887207,0.5265024900436401,0.8383587598800659,-0.2838764190673828,0.47084900736808777,0.7993602156639099,-0.027610832825303078,0.530712366104126,0.8664452433586121,-0.27640432119369507,0.4875771701335907,0.826751708984375,-0.012468564324080944,0.5016785860061646,0.8997105360031128,-0.4211248457431793,0.43290889263153076,0.8775562644004822,-0.11519666761159897
deadlift_2100121.jpg,0.39080098271369934,0.3268449604511261,-0.6481371521949768,0.39045846462249756,0.3044795095920563,-0.6627512574195862,0.39389732480049133,0.3013959228992462,-0.6626811623573303,0.3977546989917755,0.29776084423065186,-0.66282057762146,0.38387221097946167,0.3072637915611267,-0.6237077713012695,0.38259077072143555,0.30627238750457764,-0.6237925291061401,0.3816591203212738,0.3050493597984314,-0.6238805651664734,0.41793444752693176,0.2778676152229309,-0.6511730551719666,0.3997489809989929,0.287857323884964,-0.473910927772522,0.40752974152565,0.33621394634246826,-0.6374130249023438,0.40005460381507874,0.3391858637332916,-0.5859562158584595,0.5248671770095825,0.33656424283981323,-0.6171178817749023,0.4134785830974579,0.3549201190471649,-0.26720961928367615,0.5497516989707947,0.5268758535385132,-0.6445637941360474,0.4156372845172882,0.5261552929878235,-0.1650495082139969,0.5696985721588135,0.6911517381668091,-0.6891584992408752,0.4209335446357727,0.6606215834617615,-0.23067259788513184,0.5768359303474426,0.7365335822105408,-0.7487528324127197,0.4199668765068054,0.7007339000701904,-0.24517454206943512,0.5648199915885925,0.7448776364326477,-0.7654659152030945,0.431490033864975,0.7027666568756104,-0.29649046063423157,0.557748556137085,0.7313550114631653,-0.6953199505805969,0.43370896577835083,0.6887648105621338,-0.2536235451698303,0.5717006325721741,0.48178723454475403,-0.1122584342956543,0.49840542674064636,0.4700641334056854,0.11246777325868607,0.505815863609314,0.659561276435852,-0.32999616861343384,0.42950549721717834,0.6007875204086304,0.000880872190464288,0.5301268696784973,0.8363304734230042,-0.1446128487586975,0.47774049639701843,0.7944466471672058,0.30609214305877686,0.5338771939277649,0.8665500283241272,-0.13793450593948364,0.5078027248382568,0.804780900478363,0.332521915435791,0.4996914863586426,0.9011301398277283,-0.26439109444618225,0.4370083212852478,0.8653298020362854,0.2588934600353241
deadlift_2100131.jpg,0.3971848785877228,0.31478849053382874,-0.7167044281959534,0.3974667191505432,0.29252904653549194,-0.7237634062767029,0.40075138211250305,0.2893243432044983,-0.7237141132354736,0.4046558737754822,0.2853553593158722,-0.7239255905151367,0.39109495282173157,0.29549115896224976,-0.6878339052200317,0.389753133058548,0.29451778531074524,-0.6879078149795532,0.38854268193244934,0.2934066653251648,-0.6880186796188354,0.4249354302883148,0.26738008856773376,-0.6836081743240356,0.4060797393321991,0.27772796154022217,-0.5205509066581726,0.41271358728408813,0.32411855459213257,-0.6966642737388611,0.4054979085922241,0.3273683190345764,-0.6489072442054749,0.5323410630226135,0.3266753852367401,-0.6572204828262329,0.4162932336330414,0.3550078272819519,-0.32292306423187256,0.5545358061790466,0.5243350267410278,-0.7363292574882507,0.42671453952789307,0.5299246311187744,-0.27904292941093445,0.5722798109054565,0.6870649456977844,-0.8034117221832275,0.4339856207370758,0.6606412529945374,-0.3793718218803406,0.584537923336029,0.7328739762306213,-0.8793250322341919,0.4312133193016052,0.7011377811431885,-0.406019389629364,0.5721521973609924,0.7401586174964905,-0.8961622714996338,0.4423595070838928,0.6995140314102173,-0.4595393240451813,0.5641844272613525,0.7254448533058167,-0.8125502467155457,0.44500601291656494,0.6874047517776489,-0.4054354727268219,0.584157407283783,0.48081085085868835,-0.10487321019172668,0.5087797045707703,0.4768086373806,0.10507723689079285,0.5134361982345581,0.6628931760787964,-0.4131070673465729,0.43685677647590637,0.5927537083625793,-0.1746654063463211,0.5388249158859253,0.8039414286613464,-0.12386231869459152,0.4925118684768677,0.774752140045166,0.12202319502830505,0.55515056848526,0.8173657655715942,-0.08805305510759354,0.5192708373069763,0.7981691360473633,0.1504378467798233,0.5174940824508667,0.8718990683555603,-0.18296200037002563,0.44228440523147583,0.8602544069290161,0.07436338812112808
deadlift_2100141.jpg,0.3965330123901367,0.2489747405052185,-0.6749337315559387,0.3976812958717346,0.22768878936767578,-0.6827970743179321,0.4013253152370453,0.22551189363002777,-0.6827800273895264,0.40533247590065,0.22300183773040771,-0.6829511523246765,0.39104440808296204,0.22999724745750427,-0.6439364552497864,0.3900061845779419,0.22950299084186554,-0.6440405249595642,0.38913771510124207,0.229080468416214,-0.6441778540611267,0.42786988615989685,0.2124784290790558,-0.6503234505653381,0.40759772062301636,0.21942085027694702,-0.47357413172721863,0.4143911302089691,0.26153892278671265,-0.6582959294319153,0.4072348177433014,0.264433890581131,-0.6065134406089783,0.5357638001441956,0.2836565673351288,-0.6453720927238464,0.4270470440387726,0.31113964319229126,-0.27252399921417236,0.5579914450645447,0.4756665527820587,-0.718412458896637,0.43918636441230774,0.4875651001930237,-0.22860977053642273,0.5753738284111023,0.6460665464401245,-0.7710397839546204,0.4417280852794647,0.6219591498374939,-0.3438621163368225,0.5854905843734741,0.687246561050415,-0.8491827845573425,0.43963655829429626,0.6608744263648987,-0.37086182832717896,0.5728048086166382,0.6904439330101013,-0.8628562092781067,0.448586106300354,0.6597581505775452,-0.42252618074417114,0.5656573176383972,0.6761554479598999,-0.7785905003547668,0.45139726996421814,0.6476346850395203,-0.3698858320713043,0.5988644957542419,0.46368008852005005,-0.12281171977519989,0.5293746590614319,0.4648527503013611,0.12296031415462494,0.5353456735610962,0.6453359127044678,-0.40383380651474,0.4638862609863281,0.5929487347602844,-0.11231928318738937,0.5493334531784058,0.808333694934845,-0.1312241107225418,0.49557599425315857,0.7876366376876831,0.15626615285873413,0.5669866800308228,0.8294718265533447,-0.10902471095323563,0.5153412222862244,0.8121737241744995,0.18243949115276337,0.5175077319145203,0.8765334486961365,-0.2087986320257187,0.4427824020385742,0.8611096143722534,0.08226055651903152
deadlift_2100151.jpg,0.4030458331108093,0.09075235575437546,-0.6390146017074585,0.4064931273460388,0.06517458707094193,-0.6484342217445374,0.41035374999046326,0.06239762902259827,-0.6484469771385193,0.4147798717021942,0.058578670024871826,-0.648619532585144,0.3994222581386566,0.06825004518032074,-0.6113422513008118,0.3981449007987976,0.06832198053598404,-0.6114170551300049,0.3970346748828888,0.06809000670909882,-0.6115217208862305,0.4363425672054291,0.051984719932079315,-0.627519965171814,0.41369950771331787,0.06280149519443512,-0.4472888708114624,0.4195536673069,0.1077566146850586,-0.6230169534683228,0.4114803671836853,0.11060576885938644,-0.5726220607757568,0.5370773077011108,0.15566402673721313,-0.6565666794776917,0.4414391815662384,0.2141481339931488,-0.2046843320131302,0.5651495456695557,0.35447219014167786,-0.7223188281059265,0.448190838098526,0.3781513571739197,-0.14195992052555084,0.5802968144416809,0.5266545414924622,-0.7484756708145142,0.45021185278892517,0.5194238424301147,-0.2738497853279114,0.589560329914093,0.5659668445587158,-0.8213934302330017,0.44522714614868164,0.5553845167160034,-0.29207172989845276,0.576396107673645,0.5666345953941345,-0.8407719135284424,0.45021769404411316,0.5570053458213806,-0.364923894405365,0.5708487629890442,0.5532689094543457,-0.7562317252159119,0.45532578229904175,0.5480731725692749,-0.31784725189208984,0.606961190700531,0.37358707189559937,-0.14302991330623627,0.540404736995697,0.394395649433136,0.14301492273807526,0.572262167930603,0.6040096282958984,-0.3007763624191284,0.5023425817489624,0.5861502289772034,0.10539378970861435,0.5638017654418945,0.8117519617080688,-0.12007849663496017,0.5049231052398682,0.7897071838378906,0.32370293140411377,0.5715530514717102,0.8425205945968628,-0.1110008955001831,0.5200721025466919,0.8127063512802124,0.3379388153553009,0.5250399708747864,0.8839707970619202,-0.26022905111312866,0.45660439133644104,0.8661310076713562,0.22612588107585907
deadlift_2100161.jpg,0.4202733039855957,0.018953004851937294,-0.5832129120826721,0.4254947602748871,0.004705309867858887,-0.6050752401351929,0.428347110748291,0.003276767674833536,-0.6051262617111206,0.4308105409145355,0.001862258417531848,-0.6053355932235718,0.4227069914340973,0.006697501055896282,-0.5568677186965942,0.42314139008522034,0.006982147693634033,-0.5568630695343018,0.42342016100883484,0.0071728588081896305,-0.5570410490036011,0.45223456621170044,0.00021372808259911835,-0.6052106618881226,0.4401264786720276,0.0049847024492919445,-0.4102106988430023,0.42888322472572327,0.029467619955539703,-0.5888506174087524,0.42511042952537537,0.031355954706668854,-0.5229309797286987,0.5373864769935608,0.09739898890256882,-0.6415554881095886,0.4543239176273346,0.13904568552970886,-0.18744061887264252,0.5717939734458923,0.28151780366897583,-0.71522456407547,0.452767014503479,0.29866376519203186,-0.1386791318655014,0.5845779776573181,0.438780814409256,-0.7444560527801514,0.4507637619972229,0.4441954791545868,-0.26510828733444214,0.5930096507072449,0.47912564873695374,-0.8182834386825562,0.44547560811042786,0.4828924536705017,-0.28511980175971985,0.579033613204956,0.4830268323421478,-0.8349623084068298,0.45087307691574097,0.4844686686992645,-0.3569716513156891,0.5753771066665649,0.4711412787437439,-0.751459002494812,0.4551953673362732,0.4728788137435913,-0.3106216788291931,0.5982998609542847,0.3369876742362976,-0.1434677243232727,0.5412585139274597,0.3466343879699707,0.1435166746377945,0.5642459392547607,0.5699657201766968,-0.22586865723133087,0.51386958360672,0.5611663460731506,0.10582982003688812,0.5628274083137512,0.8053900599479675,-0.07594719529151917,0.5181921720504761,0.7723840475082397,0.277922660112381,0.5748352408409119,0.8409531712532043,-0.07114462554454803,0.5346987843513489,0.8042662739753723,0.28707677125930786,0.5104793906211853,0.881516695022583,-0.22634731233119965,0.463296502828598,0.8651117086410522,0.1567675620317459
deadlift_2100171.jpg,,,,,,,,,,,,,,,,,,,,,,,,,,,,,,,,,,,,,,,,,,,,,,,,,,,,,,,,,,,,,,,,,,,,,,,,,,,,,,,,,,,,,,,,,,,,,,,,,,,
deadlift_2100181.jpg,0.5533454418182373,-0.01777517795562744,-0.41439637541770935,0.5625573396682739,-0.03238317370414734,-0.40355804562568665,0.5664619207382202,-0.029627948999404907,-0.4036068916320801,0.5701621174812317,-0.027319878339767456,-0.40367886424064636,0.5520574450492859,-0.036569297313690186,-0.39280322194099426,0.5491446256637573,-0.0370485782623291,-0.3928375244140625,0.540813148021698,-0.045697689056396484,-0.39292436838150024,0.5759646892547607,-0.01621749997138977,-0.27184614539146423,0.5396372675895691,-0.030609041452407837,-0.22082336246967316,0.5580600500106812,0.00457686185836792,-0.359559565782547,0.5491216778755188,0.0026082098484039307,-0.3452751040458679,0.6001979112625122,0.06374770402908325,-0.22473882138729095,0.4962817430496216,0.07099950313568115,-0.019725535064935684,0.5900644659996033,0.2076563984155655,-0.17012864351272583,0.4749668836593628,0.224106103181839,0.08101726323366165,0.5875369310379028,0.3374277949333191,-0.272566020488739,0.45557621121406555,0.35311248898506165,-0.04819618910551071,0.587193489074707,0.3736518323421478,-0.3165804147720337,0.4471372365951538,0.3847731351852417,-0.0762767568230629,0.5761222243309021,0.37354496121406555,-0.35755953192710876,0.457962304353714,0.38291773200035095,-0.13880062103271484,0.5734773278236389,0.36201319098472595,-0.2896960377693176,0.46390560269355774,0.3736322224140167,-0.07705803215503693,0.5705443620681763,0.34461510181427,-0.0848698616027832,0.5135458111763,0.34764158725738525,0.08489931374788284,0.5640757083892822,0.5922694206237793,-0.13430604338645935,0.5185549855232239,0.5779892206192017,0.0653773620724678,0.567719042301178,0.8332045078277588,-0.004667188506573439,0.5187283754348755,0.8106377720832825,0.21763047575950623,0.5762511491775513,0.8677568435668945,-0.006174508947879076,0.5321564078330994,0.8484420776367188,0.21998415887355804,0.5276920795440674,0.8923622369766235,-0.22555390000343323,0.4765244424343109,0.8809576034545898,0.04418576881289482
deadlift_2200001.jpg,0.4056916832923889,0.38709667325019836,0.01057837437838316,0.40339505672454834,0.3715490996837616,0.004219945054501295,0.4046546220779419,0.36931097507476807,0.004132379312068224,0.40604105591773987,0.36683401465415955,0.004172890447080135,0.4034477472305298,0.3710514008998871,0.011120986193418503,0.40455612540245056,0.369170606136322,0.011258542537689209,0.4056463837623596,0.3669542670249939,0.011116016656160355,0.4208669662475586,0.3563212454319,-0.03126182407140732,0.41732507944107056,0.3588716685771942,-0.00021042436128482223,0.4195917844772339,0.3907734751701355,6.754221249138936e-05,0.4200998544692993,0.39178669452667236,0.009194447658956051,0.46604296565055847,0.40541407465934753,-0.01950003392994404,0.4608980119228363,0.3899121880531311,-0.02026195079088211,0.47110360860824585,0.4912346601486206,-0.00861440971493721,0.46567851305007935,0.45094406604766846,-0.09229076653718948,0.46282827854156494,0.5685175061225891,0.07136635482311249,0.4610581398010254,0.5682761073112488,-0.1638185977935791,0.4706403613090515,0.5906645655632019,0.09296366572380066,0.4546131491661072,0.5832152962684631,-0.15915517508983612,0.47059503197669983,0.5909268856048584,0.09569556266069412,0.453342080116272,0.5822035670280457,-0.16040822863578796,0.46832218766212463,0.5792759656906128,0.07695937901735306,0.4608452618122101,0.5757811069488525,-0.1660923808813095,0.4817589223384857,0.5021562576293945,0.02043002098798752,0.4699762761592865,0.49694353342056274,-0.021078171208500862,0.49918925762176514,0.6755490899085999,-0.052249763160943985,0.48470887541770935,0.6666397452354431,-0.07926049828529358,0.4998151659965515,0.7310585975646973,-0.11030592769384384,0.48305442929267883,0.7341179847717285,-0.21806161105632782,0.5018466711044312,0.7328048944473267,-0.11530061066150665,0.4786968529224396,0.7390450239181519,-0.22921089828014374,0.5035648345947266,0.7475119829177856,-0.1647692769765854,0.48922300338745117,0.7548666000366211,-0.28497013449668884
deadlift_2200011.jpg,0.39229974150657654,0.3623303174972534,0.015172522515058517,0.3884147107601166,0.3461211621761322,-0.014310748316347599,0.3898422420024872,0.3444042205810547,-0.014363152906298637,0.3914923369884491,0.34253931045532227,-0.014390060678124428,0.38805750012397766,0.345605731010437,0.021498240530490875,0.38902390003204346,0.34393516182899475,0.021536286920309067,0.39020293951034546,0.34230300784111023,0.0214239452034235,0.4074445962905884,0.33172470331192017,-0.10972025245428085,0.40565112233161926,0.3338569104671478,0.049087222665548325,0.40604010224342346,0.36817771196365356,-0.017916344106197357,0.4059242308139801,0.3680934011936188,0.029924843460321426,0.453050822019577,0.3834723234176636,-0.14753450453281403,0.4595350921154022,0.38398802280426025,0.0762324407696724,0.46564775705337524,0.4654269814491272,-0.2748962342739105,0.46143609285354614,0.48111453652381897,0.04529137536883354,0.46788108348846436,0.5677463412284851,-0.28730085492134094,0.4215331971645355,0.5954630374908447,0.01659340038895607,0.47276100516319275,0.5994176864624023,-0.3005327880382538,0.4125366508960724,0.6219135522842407,0.043204013258218765,0.4617499113082886,0.599745512008667,-0.259138286113739,0.40634211897850037,0.6259000301361084,0.014002742245793343,0.4592052400112152,0.581688404083252,-0.2726646065711975,0.4112512469291687,0.6188324093818665,0.0051547568291425705,0.47390925884246826,0.6097738742828369,-0.045516397804021835,0.45884865522384644,0.6125204563140869,0.04491998627781868,0.49602776765823364,0.6867422461509705,-0.18674638867378235,0.4626327157020569,0.705371618270874,0.23067207634449005,0.4891986548900604,0.7034281492233276,-0.40541011095046997,0.4564695358276367,0.6835571527481079,0.16867537796497345,0.4961930811405182,0.7115335464477539,-0.4232306480407715,0.4559667706489563,0.6828763484954834,0.16916997730731964,0.484687477350235,0.6915538311004639,-0.44092658162117004,0.44488075375556946,0.685261607170105,0.2336195409297943
deadlift_2200021.jpg,0.3900037407875061,0.2885436415672302,0.04726969450712204,0.3921065926551819,0.27049869298934937,0.012553817592561245,0.3942909240722656,0.2695785164833069,0.012452217750251293,0.3965906500816345,0.2685014009475708,0.012395243160426617,0.3900160491466522,0.27029430866241455,0.055776197463274,0.390753835439682,0.26936906576156616,0.05579889193177223,0.391842246055603,0.26819419860839844,0.05575449764728546,0.41517508029937744,0.26463305950164795,-0.10302920639514923,0.4099143147468567,0.2662351429462433,0.09598950296640396,0.40043115615844727,0.30042019486427307,0.008935626596212387,0.3984798491001129,0.3005419969558716,0.06713574379682541,0.44957831501960754,0.3269754946231842,-0.19743980467319489,0.46386799216270447,0.3304639160633087,0.16133441030979156,0.4587906002998352,0.41080161929130554,-0.36311444640159607,0.46537959575653076,0.4441298246383667,0.19247840344905853,0.46503937244415283,0.5131957530975342,-0.42400991916656494,0.4241046607494354,0.5602053999900818,0.1423216313123703,0.46360260248184204,0.5431321859359741,-0.4582299590110779,0.4125938415527344,0.5879945755004883,0.16666892170906067,0.45326271653175354,0.5429901480674744,-0.42479202151298523,0.4037162661552429,0.5935726165771484,0.12489283829927444,0.45156338810920715,0.5342007279396057,-0.4115927815437317,0.40945351123809814,0.5855094194412231,0.12369690090417862,0.4656125605106354,0.5947319269180298,-0.08879921585321426,0.4694654643535614,0.5822315216064453,0.08845490962266922,0.4825359284877777,0.6642733812332153,-0.1911320835351944,0.4616861641407013,0.6252891421318054,0.2715159058570862,0.48675525188446045,0.7156214118003845,-0.2848953306674957,0.4649728834629059,0.6803510189056396,0.20419980585575104,0.492876261472702,0.7191342115402222,-0.2918686866760254,0.4700517952442169,0.695270299911499,0.19911445677280426,0.48578840494155884,0.7468763589859009,-0.34564581513404846,0.44591015577316284,0.7130460143089294,0.17740650475025177
deadlift_2200031.jpg,0.40653201937675476,0.2783198356628418,0.03582929074764252,0.4104079604148865,0.24744479358196259,0.012026045471429825,0.41248467564582825,0.23884019255638123,0.011920719407498837,0.41473227739334106,0.23349736630916595,0.011941813863813877,0.4088963270187378,0.26437047123908997,0.05463317409157753,0.40976524353027344,0.2654934227466583,0.05466840788722038,0.41070255637168884,0.23780116438865662,0.054575495421886444,0.43177559971809387,0.24590446054935455,-0.05493380129337311,0.4264492392539978,0.24807849526405334,0.1398431956768036,0.41627681255340576,0.2864680290222168,0.015316585078835487,0.4142545759677887,0.2970617711544037,0.07139457762241364,0.45904019474983215,0.3028702139854431,-0.18016043305397034,0.4692792594432831,0.296841025352478,0.25320959091186523,0.46519386768341064,0.37028443813323975,-0.29388710856437683,0.4955664575099945,0.3698004484176636,0.2966071367263794,0.45884695649147034,0.4314924478530884,-0.40660133957862854,0.4846733808517456,0.44292929768562317,0.25384414196014404,0.46348559856414795,0.4590258002281189,-0.3737652003765106,0.48170390725135803,0.4650888741016388,0.2808014750480652,0.45464614033699036,0.45750534534454346,-0.30746838450431824,0.4732920527458191,0.4679635465145111,0.2414046972990036,0.4539303779602051,0.4509810507297516,-0.30474570393562317,0.4744473695755005,0.45955684781074524,0.23703475296497345,0.4847206771373749,0.5233396887779236,-0.1392691284418106,0.4962380528450012,0.49671685695648193,0.13918009400367737,0.45810383558273315,0.5113968253135681,-0.3921066224575043,0.46996381878852844,0.5464566946029663,0.427303284406662,0.4696877598762512,0.6781029105186462,-0.5513473749160767,0.46759670972824097,0.6440388560295105,0.57114177942276,0.483573853969574,0.7158899903297424,-0.5684681534767151,0.4756772220134735,0.6692512035369873,0.5828895568847656,0.4323090612888336,0.6878353357315063,-0.6862896680831909,0.4204743802547455,0.6576509475708008,0.564153790473938
deadlift_2200041.jpg,0.4282359778881073,0.13781093060970306,-0.031132644042372704,0.4319938123226166,0.11663153022527695,-0.06917767971754074,0.4344639182090759,0.11533937603235245,-0.06911815702915192,0.4369617700576782,0.11445014923810959,-0.06912684440612793,0.42784515023231506,0.11856602877378464,-0.0038924599066376686,0.4273410439491272,0.11834518611431122,-0.004875356797128916,0.42350342869758606,0.11501060426235199,-0.006336902268230915,0.45071935653686523,0.12012672424316406,-0.06546963006258011,0.4305902421474457,0.11798159033060074,0.03975541144609451,0.43729275465011597,0.15090243518352509,0.01007107738405466,0.43414145708084106,0.15188054740428925,-0.028286822140216827,0.47538796067237854,0.1949419230222702,-0.22298404574394226,0.4793817698955536,0.19401846826076508,0.2056940346956253,0.47938886284828186,0.27606335282325745,-0.36162588000297546,0.49252232909202576,0.27931472659111023,0.2750631868839264,0.4685378074645996,0.35202327370643616,-0.4157900810241699,0.4821220338344574,0.34736621379852295,0.1976727545261383,0.46858349442481995,0.3721432685852051,-0.4556815028190613,0.4830569922924042,0.3705541789531708,0.2177349478006363,0.46357059478759766,0.3691096007823944,-0.4184447228908539,0.47389745712280273,0.35959553718566895,0.16854079067707062,0.4634913504123688,0.3641326427459717,-0.3975623846054077,0.47424235939979553,0.3562471568584442,0.17680324614048004,0.4776090979576111,0.4148377776145935,-0.14493753015995026,0.4990905821323395,0.4135066270828247,0.1449550986289978,0.44872453808784485,0.5096104741096497,-0.1533609926700592,0.4730283319950104,0.5395268201828003,0.31605294346809387,0.47793111205101013,0.623585045337677,-0.10526006668806076,0.4696592688560486,0.676529049873352,0.395535945892334,0.49393874406814575,0.63871169090271,-0.10020677745342255,0.4797664284706116,0.7079629898071289,0.4027959704399109,0.45050498843193054,0.662719190120697,-0.13913080096244812,0.43583616614341736,0.7163455486297607,0.37952837347984314
deadlift_2200051.jpg,0.4519655406475067,0.11356883496046066,-0.054652515798807144,0.4584689140319824,0.09815727919340134,-0.07712911814451218,0.4603709578514099,0.09792552888393402,-0.07720138877630234,0.46242743730545044,0.09775412827730179,-0.07724429666996002,0.45658573508262634,0.09740382432937622,-0.03767627477645874,0.4571821093559265,0.09661044180393219,-0.03771352767944336,0.45777320861816406,0.09544277936220169,-0.037839554250240326,0.4766126573085785,0.10316381603479385,-0.10444361716508865,0.4709699749946594,0.099587082862854,0.05385435000061989,0.45817163586616516,0.12763699889183044,-0.05681966245174408,0.45509618520736694,0.12711666524410248,-0.016886379569768906,0.48337528109550476,0.17916198074817657,-0.21267017722129822,0.49686935544013977,0.1800920069217682,0.19423601031303406,0.4871024787425995,0.26926514506340027,-0.3211652338504791,0.4922478497028351,0.2756531536579132,0.25889918208122253,0.476966917514801,0.3420957922935486,-0.36310717463493347,0.47751563787460327,0.34661874175071716,0.1971786767244339,0.47803205251693726,0.3667798638343811,-0.4050467610359192,0.47869664430618286,0.3647260069847107,0.20572800934314728,0.47187137603759766,0.36145660281181335,-0.38411349058151245,0.4711664915084839,0.36350348591804504,0.16085869073867798,0.4715222120285034,0.3564754128456116,-0.35495033860206604,0.4722541570663452,0.35935574769973755,0.17637696862220764,0.4746677279472351,0.3925803303718567,-0.12842124700546265,0.4960111975669861,0.3927921652793884,0.12845724821090698,0.4671449661254883,0.5494008660316467,-0.11056526005268097,0.47382688522338867,0.540152370929718,0.18476176261901855,0.4875592291355133,0.6636847853660583,-0.05517006292939186,0.4819262623786926,0.6915397047996521,0.24160818755626678,0.4985102415084839,0.6734306216239929,-0.05339917913079262,0.4910164177417755,0.7206332087516785,0.24580152332782745,0.45019787549972534,0.6752369403839111,-0.14110827445983887,0.447292298078537,0.7330083250999451,0.19363059103488922
deadlift_2200061.jpg,0.47150999307632446,0.11829525977373123,-0.08247994631528854,0.47761183977127075,0.10347552597522736,-0.10091408342123032,0.4795421361923218,0.10331739485263824,-0.10099267214536667,0.4815540909767151,0.10320859402418137,-0.10104133933782578,0.47557565569877625,0.10295364260673523,-0.0656522810459137,0.47595515847206116,0.10236335545778275,-0.06562822312116623,0.4766339361667633,0.10155495256185532,-0.06566225737333298,0.49459031224250793,0.1081211194396019,-0.11984191089868546,0.48922058939933777,0.1050109788775444,0.03540697321295738,0.4768831431865692,0.13245739042758942,-0.08377494663000107,0.4738386273384094,0.1320422887802124,-0.039856500923633575,0.49265256524086,0.183521568775177,-0.20985640585422516,0.5078202486038208,0.18373575806617737,0.18045200407505035,0.4907474219799042,0.2771218717098236,-0.29511407017707825,0.49898335337638855,0.2840110659599304,0.25013020634651184,0.4786126911640167,0.34395062923431396,-0.2978564202785492,0.4826553165912628,0.3511236906051636,0.1902325600385666,0.4748418927192688,0.3635410666465759,-0.3361181914806366,0.4806876480579376,0.3666161298751831,0.1982918381690979,0.4726211130619049,0.35985106229782104,-0.3171725571155548,0.47332125902175903,0.3655681908130646,0.15412339568138123,0.4730667173862457,0.35529428720474243,-0.29019248485565186,0.47510507702827454,0.3614978790283203,0.1700572371482849,0.4727679193019867,0.39651933312416077,-0.12403853982686996,0.49566322565078735,0.4006127715110779,0.12410332262516022,0.46646156907081604,0.5520259141921997,-0.09317495673894882,0.4757336378097534,0.5381712317466736,0.16545221209526062,0.49154406785964966,0.6862738728523254,-0.029603075236082077,0.4885117709636688,0.6986721754074097,0.24154481291770935,0.5021999478340149,0.7054616808891296,-0.025639262050390244,0.49434810876846313,0.711119532585144,0.24653151631355286,0.45012304186820984,0.6927642822265625,-0.09318077564239502,0.44933703541755676,0.7240263819694519,0.1960262805223465
deadlift_2300001.jpg,0.5554929375648499,0.5253978967666626,0.14132879674434662,0.5572757720947266,0.524589478969574,0.13762062788009644,0.5592671632766724,0.5233031511306763,0.1377158761024475,0.5611860156059265,0.5222315192222595,0.13764961063861847,0.5509690642356873,0.5262126326560974,0.13640019297599792,0.5430221557617188,0.5030480027198792,0.13640575110912323,0.5407955050468445,0.5034841895103455,0.13632427155971527,0.5612285733222961,0.4813603162765503,0.10508162528276443,0.5313502550125122,0.4906417727470398,0.10075051337480545,0.5596066117286682,0.5161498188972473,0.13018886744976044,0.5449178814888,0.4933032989501953,0.12800578773021698,0.5860579013824463,0.4647911489009857,0.056151382625103,0.5129355192184448,0.4726963937282562,0.06924951076507568,0.5832147002220154,0.5386578440666199,0.13063496351242065,0.5076005458831787,0.5457223057746887,0.12239445745944977,0.5745639204978943,0.5874269604682922,0.181095153093338,0.5048064589500427,0.6277783513069153,0.18925407528877258,0.5806272625923157,0.5998722314834595,0.170588418841362,0.4989301264286041,0.6480209231376648,0.19494979083538055,0.5711104869842529,0.5974228978157043,0.17594371736049652,0.5044567584991455,0.6568195819854736,0.1826619803905487,0.5692828297615051,0.5881949067115784,0.18188174068927765,0.5070455074310303,0.6465520262718201,0.18586622178554535,0.574489176273346,0.45435914397239685,-0.005328062456101179,0.5156267285346985,0.44018322229385376,0.0049980259500443935,0.6284765005111694,0.6038797497749329,-0.0750085636973381,0.4961819052696228,0.6024917960166931,-0.09613815695047379,0.6504217386245728,0.62092125415802,0.16108499467372894,0.4930393099784851,0.6457731127738953,0.16121596097946167,0.6501539945602417,0.6112366318702698,0.18962475657463074,0.49584177136421204,0.6418617963790894,0.1926593780517578,0.6541559100151062,0.6196725368499756,0.17458783090114594,0.48779743909835815,0.682304859161377,0.18118895590305328
deadlift_2300011.jpg,0.5650239586830139,0.2686317563056946,-0.3749932646751404,0.5657482743263245,0.2600434422492981,-0.3516114056110382,0.5678759813308716,0.26124563813209534,-0.35163846611976624,0.5697119832038879,0.26232004165649414,-0.35162246227264404,0.5577045679092407,0.2595565915107727,-0.3706691563129425,0.5534756183624268,0.2659047544002533,-0.370732843875885,0.5497969388961792,0.26986902952194214,-0.3707627058029175,0.5677036046981812,0.28962796926498413,-0.2138744443655014,0.5416275858879089,0.2935124933719635,-0.3039585053920746,0.568017303943634,0.28939133882522583,-0.323706716299057,0.5574356317520142,0.2948680520057678,-0.349082887172699,0.5825838446617126,0.3429182469844818,-0.07037696987390518,0.5095990300178528,0.3536304235458374,-0.2876809239387512,0.5814376473426819,0.4256739616394043,-0.00764328520745039,0.502780556678772,0.43390795588493347,-0.2933869957923889,0.5841888785362244,0.49802809953689575,-0.07253938168287277,0.49579331278800964,0.521892786026001,-0.34530529379844666,0.5876251459121704,0.518393874168396,-0.09388966858386993,0.49137362837791443,0.5439399480819702,-0.3838748633861542,0.584026038646698,0.5157464146614075,-0.1134108155965805,0.4958367943763733,0.5465235114097595,-0.40043067932128906,0.5815629959106445,0.5072384476661682,-0.0839390829205513,0.49868637323379517,0.5386558771133423,-0.35286837816238403,0.5581007599830627,0.46653497219085693,0.06637618690729141,0.5135225653648376,0.46769607067108154,-0.06636670231819153,0.5673287510871887,0.6003761291503906,0.1821545511484146,0.5132158994674683,0.5976296663284302,-0.024267112836241722,0.5821554064750671,0.6329811811447144,0.3651275634765625,0.5132959485054016,0.687410295009613,0.1329725831747055,0.6187385320663452,0.6365243196487427,0.3783554136753082,0.5075790286064148,0.6925052404403687,0.14413303136825562,0.5836762189865112,0.693189263343811,0.29513972997665405,0.5292761921882629,0.7373132705688477,0.02298993431031704
deadlift_2300021.jpg,0.5330473780632019,0.2017548680305481,-0.3178918659687042,0.5346664786338806,0.19020521640777588,-0.29442065954208374,0.5369386672973633,0.19044195115566254,-0.2944556474685669,0.5391003489494324,0.1906699240207672,-0.29447418451309204,0.5272272229194641,0.19014646112918854,-0.3071684241294861,0.5241479277610779,0.1926092803478241,-0.30721718072891235,0.5209993720054626,0.19383715093135834,-0.3072551488876343,0.5406765341758728,0.20177212357521057,-0.16594882309436798,0.5217753052711487,0.20542748272418976,-0.22221027314662933,0.5375947952270508,0.21745601296424866,-0.2690528333187103,0.5273662805557251,0.21981047093868256,-0.28580769896507263,0.5614113211631775,0.3056676983833313,-0.037387359887361526,0.4833035171031952,0.3353690207004547,-0.1992039680480957,0.5672295093536377,0.4057500958442688,0.036344368010759354,0.48844093084335327,0.43154338002204895,-0.19449736177921295,0.5801129937171936,0.4818940758705139,-0.05085033178329468,0.4907870292663574,0.48980292677879333,-0.2626950740814209,0.5853803157806396,0.5105863809585571,-0.07339069247245789,0.48670169711112976,0.5249341130256653,-0.29885366559028625,0.5838657021522522,0.5018704533576965,-0.10709521174430847,0.49186819791793823,0.5273582339286804,-0.32030197978019714,0.5806866884231567,0.49211612343788147,-0.06782490760087967,0.4949862062931061,0.5140116810798645,-0.2720498740673065,0.5502918362617493,0.4640229642391205,0.054390713572502136,0.5103018283843994,0.46115151047706604,-0.054455067962408066,0.5555309057235718,0.5935000777244568,0.07578513771295547,0.5137960910797119,0.5942012071609497,-0.03326789662241936,0.5635308027267456,0.6756588220596313,0.25660911202430725,0.5107177495956421,0.6934736371040344,0.14673800766468048,0.5842990279197693,0.6942721605300903,0.2677186131477356,0.5071474313735962,0.7040119767189026,0.15763568878173828,0.5715351700782776,0.7331219911575317,0.16391827166080475,0.5223497152328491,0.7458749413490295,0.029464803636074066
deadlift_2300031.jpg,0.5303835868835449,0.18754202127456665,-0.3033949136734009,0.532407820224762,0.17544421553611755,-0.2815001904964447,0.5348600745201111,0.17551574110984802,-0.2815440893173218,0.5373396277427673,0.1756182610988617,-0.28157100081443787,0.5233040452003479,0.17510037124156952,-0.2932477593421936,0.519819974899292,0.1756802499294281,-0.2932854890823364,0.5160561800003052,0.17589496076107025,-0.2933233976364136,0.5371350049972534,0.18202263116836548,-0.15492771565914154,0.5129215121269226,0.1830885112285614,-0.20816326141357422,0.5343749523162842,0.2026568353176117,-0.25530290603637695,0.5231298208236694,0.2040054053068161,-0.2708844542503357,0.5590988993644714,0.28483936190605164,-0.03961935266852379,0.4783845543861389,0.3125218451023102,-0.17179574072360992,0.5641967058181763,0.3871835172176361,0.029965993016958237,0.48179352283477783,0.40812182426452637,-0.15882860124111176,0.5789026618003845,0.4731968343257904,-0.06416204571723938,0.4897429049015045,0.47734373807907104,-0.23797601461410522,0.585860013961792,0.5090786218643188,-0.08995356410741806,0.485381543636322,0.5217773914337158,-0.2733437120914459,0.5836208462715149,0.4953466057777405,-0.12385649234056473,0.48745670914649963,0.5241922736167908,-0.2997564971446991,0.580119788646698,0.48433616757392883,-0.08090255409479141,0.49055466055870056,0.5040773153305054,-0.2493448555469513,0.5479444265365601,0.4606267213821411,0.04619941860437393,0.5093730688095093,0.45772042870521545,-0.04628298431634903,0.5525683164596558,0.5924930572509766,0.03285067901015282,0.5127760767936707,0.5945611596107483,-0.04598735645413399,0.55800861120224,0.6952625513076782,0.2303379327058792,0.5098753571510315,0.7106630206108093,0.14122533798217773,0.5555217862129211,0.7137220501899719,0.24268029630184174,0.5075312852859497,0.7228103876113892,0.15214067697525024,0.5639390349388123,0.7472488284111023,0.12929801642894745,0.5202484726905823,0.7596458196640015,0.015094953589141369
deadlift_2300041.jpg,0.5676864981651306,0.2595866322517395,-0.5592629909515381,0.5719371438026428,0.24614442884922028,-0.5397965312004089,0.5743077993392944,0.24583818018436432,-0.539803147315979,0.5767343044281006,0.24561680853366852,-0.5398311614990234,0.5626515746116638,0.2438351809978485,-0.5543137788772583,0.5584307909011841,0.2427557408809662,-0.5544771552085876,0.5541676878929138,0.24085134267807007,-0.5545575022697449,0.5755870938301086,0.2473611682653427,-0.39449092745780945,0.5444987416267395,0.2387036681175232,-0.46417510509490967,0.5699853301048279,0.2707229256629944,-0.5016680955886841,0.558582603931427,0.26862865686416626,-0.5218712687492371,0.5847923159599304,0.3101429343223572,-0.2329150289297104,0.4952629804611206,0.3187218904495239,-0.39177000522613525,0.5858460068702698,0.41414424777030945,-0.16156840324401855,0.48401185870170593,0.43368270993232727,-0.39075949788093567,0.5903657674789429,0.5018980503082275,-0.23455031216144562,0.48969289660453796,0.5294508337974548,-0.4562707841396332,0.5923387408256531,0.5286962985992432,-0.25704583525657654,0.48627564311027527,0.5603417158126831,-0.4967094659805298,0.58903568983078,0.5270059108734131,-0.2926870882511139,0.4923190474510193,0.5617503523826599,-0.5185824632644653,0.5864658355712891,0.5188318490982056,-0.251273512840271,0.49442365765571594,0.5517991185188293,-0.46537506580352783,0.5516945123672485,0.4700486361980438,0.0512937568128109,0.5091508626937866,0.47265633940696716,-0.051337432116270065,0.5578404068946838,0.6004114747047424,0.07625402510166168,0.5126967430114746,0.6048130989074707,-0.0746789500117302,0.5577407479286194,0.7104928493499756,0.26314228773117065,0.512389063835144,0.7206130027770996,0.09541720896959305,0.5525997877120972,0.7247994542121887,0.2749394476413727,0.5111393332481384,0.7332225441932678,0.10527335107326508,0.5737732648849487,0.7622754573822021,0.16941171884536743,0.5216184258460999,0.7715251445770264,-0.03757172450423241
deadlift_2300051.jpg,0.5972173810005188,0.44343578815460205,-0.6627189517021179,0.6047117710113525,0.43189501762390137,-0.6538183689117432,0.6075168251991272,0.43100205063819885,-0.6537724733352661,0.6103136539459229,0.4299425780773163,-0.6538971662521362,0.5946317911148071,0.4300910532474518,-0.66419517993927,0.5901550650596619,0.42791879177093506,-0.6643502116203308,0.5856990814208984,0.42527779936790466,-0.6644115447998047,0.6105275750160217,0.42105746269226074,-0.5372054576873779,0.576306164264679,0.41289883852005005,-0.5846300721168518,0.5989577174186707,0.44825226068496704,-0.6116971969604492,0.585519552230835,0.4445347785949707,-0.6257750391960144,0.6145139336585999,0.4301021695137024,-0.37968796491622925,0.5256943106651306,0.4329923391342163,-0.4571588933467865,0.6111951470375061,0.515981912612915,-0.34206831455230713,0.5116997957229614,0.5330681800842285,-0.4581742584705353,0.6099560856819153,0.5997579097747803,-0.4354531466960907,0.5093538165092468,0.6226857304573059,-0.5359039902687073,0.6159651279449463,0.6232990622520447,-0.4679822325706482,0.5016844868659973,0.6547449231147766,-0.5808497071266174,0.610240638256073,0.6224474310874939,-0.49756118655204773,0.5077340006828308,0.6548131108283997,-0.6016330122947693,0.6064742803573608,0.6142528653144836,-0.4509529173374176,0.5116589665412903,0.6460705399513245,-0.5476394891738892,0.5724985599517822,0.46195709705352783,0.031544651836156845,0.518444836139679,0.46405839920043945,-0.03144166246056557,0.5951149463653564,0.5643554925918579,0.028452521190047264,0.5277549624443054,0.5733140707015991,-0.06504842638969421,0.5724064111709595,0.5942575931549072,0.28267544507980347,0.5280386209487915,0.6537142395973206,0.12527848780155182,0.5661134123802185,0.5889047980308533,0.3086858093738556,0.526398777961731,0.6590211391448975,0.13985298573970795,0.571772038936615,0.6363001465797424,0.2475862056016922,0.5377864837646484,0.6945827603340149,0.03140540048480034
deadlift_2300061.jpg,0.5828382968902588,0.3701755106449127,-0.5845010876655579,0.5893694162368774,0.35380348563194275,-0.5765923857688904,0.5915825366973877,0.35331422090530396,-0.5765596628189087,0.5937922596931458,0.35258230566978455,-0.5766494274139404,0.5820954442024231,0.34964966773986816,-0.5864114761352539,0.5786889791488647,0.34636354446411133,-0.5865432024002075,0.5748361349105835,0.343077152967453,-0.5865916609764099,0.5923345685005188,0.3427443504333496,-0.464319109916687,0.5641782879829407,0.3299960792064667,-0.5117985606193542,0.5821329355239868,0.3798375129699707,-0.5354267954826355,0.5728487372398376,0.37532392144203186,-0.549507737159729,0.6011618375778198,0.36755675077438354,-0.30477485060691833,0.5155911445617676,0.37962132692337036,-0.38473719358444214,0.5992995500564575,0.44789931178092957,-0.2154572308063507,0.5004265308380127,0.48355719447135925,-0.3484415113925934,0.5964727401733398,0.5435481071472168,-0.26734301447868347,0.4961117208003998,0.5737729668617249,-0.40632227063179016,0.5992103219032288,0.5656495690345764,-0.2846256494522095,0.49098145961761475,0.6022008657455444,-0.4374113082885742,0.5925840139389038,0.5652866959571838,-0.31194007396698,0.49772965908050537,0.6011562347412109,-0.4568810760974884,0.5895166397094727,0.556940495967865,-0.2786337733268738,0.5004395246505737,0.5929975509643555,-0.41468140482902527,0.5609045624732971,0.42801564931869507,0.03354862704873085,0.5168279409408569,0.4238347113132477,-0.03353722020983696,0.5664166808128357,0.5739087462425232,0.10394914448261261,0.5206731557846069,0.5675964951515198,-0.20773392915725708,0.5513700842857361,0.6497552990913391,0.36497989296913147,0.5201452970504761,0.7207401990890503,-0.10408297181129456,0.5449911952018738,0.6549380421638489,0.38744884729385376,0.5203327536582947,0.7349830269813538,-0.0985812097787857,0.5579187870025635,0.7172852754592896,0.3168700039386749,0.5247140526771545,0.7700585126876831,-0.23234686255455017
deadlift_2400001.jpg,0.6176719069480896,0.4991305470466614,-0.6355516314506531,0.6230792999267578,0.49529457092285156,-0.6366334557533264,0.6252452731132507,0.4948107898235321,-0.6365982890129089,0.6274856925010681,0.49397239089012146,-0.636737585067749,0.6160277128219604,0.4925832450389862,-0.6486491560935974,0.6127867102622986,0.4901670813560486,-0.6488174200057983,0.6092513203620911,0.4872831106185913,-0.6489099264144897,0.6268240213394165,0.47939056158065796,-0.5392757654190063,0.597955048084259,0.47052285075187683,-0.5914239883422852,0.617467999458313,0.4970134198665619,-0.5865766406059265,0.608600378036499,0.4923686683177948,-0.6022812724113464,0.6346551775932312,0.4569966197013855,-0.3738802671432495,0.547520101070404,0.45013415813446045,-0.4589611291885376,0.6483729481697083,0.5442950129508972,-0.29749351739883423,0.5379258394241333,0.5476409792900085,-0.4342852532863617,0.6406611800193787,0.6284880042076111,-0.37760764360427856,0.5369252562522888,0.6303777694702148,-0.499758780002594,0.6481127142906189,0.6562910079956055,-0.4042849540710449,0.5324187874794006,0.655659556388855,-0.5386649370193481,0.6434474587440491,0.6582049131393433,-0.4358087182044983,0.5382923483848572,0.6605449914932251,-0.5626219511032104,0.6386613249778748,0.6506361961364746,-0.3928925096988678,0.542704164981842,0.6423421502113342,-0.5113075971603394,0.5922877788543701,0.4710654020309448,0.044246722012758255,0.5372037291526794,0.46151334047317505,-0.044104449450969696,0.618290901184082,0.5970562696456909,0.005727837327867746,0.5403009653091431,0.5922555923461914,-0.12803736329078674,0.5981834530830383,0.6176348924636841,0.3088489770889282,0.5567712783813477,0.6263506412506104,0.15659143030643463,0.5918996334075928,0.608600914478302,0.3399049639701843,0.5564836263656616,0.621636152267456,0.1859765350818634,0.5945220589637756,0.6551276445388794,0.3055077791213989,0.5723443627357483,0.671991229057312,0.13494674861431122
deadlift_2400011.jpg,0.6336313486099243,0.41043445467948914,-0.6391515731811523,0.6396259665489197,0.3979455828666687,-0.6305249333381653,0.6426312923431396,0.39713233709335327,-0.6305027008056641,0.6458970904350281,0.3960329294204712,-0.6306467652320862,0.6299377679824829,0.39531174302101135,-0.6425170302391052,0.6250166296958923,0.3925255537033081,-0.6426799893379211,0.6197876334190369,0.38938820362091064,-0.6427633166313171,0.6471503973007202,0.3856772482395172,-0.5147328972816467,0.6064597964286804,0.37728187441825867,-0.5702733993530273,0.6357014775276184,0.4175158143043518,-0.5871199369430542,0.6222231984138489,0.4133226275444031,-0.6038238406181335,0.6505813598632812,0.40325504541397095,-0.34064894914627075,0.5545591711997986,0.39828842878341675,-0.4413512051105499,0.6419771313667297,0.4778866171836853,-0.22846651077270508,0.5369889140129089,0.49812325835227966,-0.4157041013240814,0.6360449194908142,0.5647002458572388,-0.2515311539173126,0.5302117466926575,0.5929580926895142,-0.4759424328804016,0.6411674618721008,0.5907284021377563,-0.2627035677433014,0.5258010029792786,0.6124441623687744,-0.5138992071151733,0.638039231300354,0.5924493074417114,-0.2939831018447876,0.5310752987861633,0.6192867159843445,-0.5303534269332886,0.633751630783081,0.5830910801887512,-0.2638641893863678,0.5367171764373779,0.6029762625694275,-0.4843747913837433,0.598702073097229,0.4174015522003174,0.03992675989866257,0.5417697429656982,0.4148132801055908,-0.039803918451070786,0.6188047528266907,0.534525454044342,-0.13126225769519806,0.5449126958847046,0.5308935642242432,-0.2575688064098358,0.5964024662971497,0.6251077651977539,0.13677717745304108,0.5322766900062561,0.6345131993293762,0.0021103485487401485,0.5869780778884888,0.6345189809799194,0.16048479080200195,0.529571533203125,0.6390947103500366,0.02400106005370617,0.6148955225944519,0.6824645400047302,0.07186434417963028,0.5488942265510559,0.6964459419250488,-0.09256470203399658
deadlift_2400021.jpg,0.6290196180343628,0.37239956855773926,-0.7110007405281067,0.6365724205970764,0.3548651933670044,-0.6948922872543335,0.6402763724327087,0.3539535105228424,-0.6949337124824524,0.6440175175666809,0.3528428077697754,-0.695111095905304,0.6259013414382935,0.3526291847229004,-0.7069342136383057,0.6215113997459412,0.3503094017505646,-0.7071163058280945,0.6171871423721313,0.34765854477882385,-0.7072328329086304,0.6453266143798828,0.3438930809497833,-0.5579335689544678,0.606550931930542,0.3354475796222687,-0.6134058833122253,0.6296700239181519,0.38085809350013733,-0.6537397503852844,0.6176872849464417,0.3770727813243866,-0.6699483394622803,0.6539093255996704,0.37495461106300354,-0.40245571732521057,0.5472736954689026,0.3657756745815277,-0.5064504146575928,0.6486743688583374,0.4672178626060486,-0.3736685812473297,0.5331972241401672,0.4741540253162384,-0.5339735150337219,0.6474664807319641,0.5611091256141663,-0.4510795772075653,0.5220662951469421,0.5908470749855042,-0.5994165539741516,0.6539075970649719,0.5930696129798889,-0.4815349280834198,0.5145421028137207,0.6170373558998108,-0.6506363153457642,0.6468915939331055,0.5928051471710205,-0.5123682618141174,0.5262147188186646,0.6206411123275757,-0.6652125716209412,0.6434505581855774,0.5829419493675232,-0.4658014476299286,0.5307784080505371,0.6124768257141113,-0.608688473701477,0.603890597820282,0.41277486085891724,0.033231139183044434,0.5450989603996277,0.4095965623855591,-0.033049486577510834,0.6236875057220459,0.5177634954452515,-0.16250570118427277,0.5339815616607666,0.5268232822418213,-0.3293910622596741,0.6005266904830933,0.5497245192527771,0.21893519163131714,0.543150007724762,0.5536508560180664,0.04659629985690117,0.5958731174468994,0.5475417375564575,0.25631454586982727,0.5442882180213928,0.5499319434165955,0.08375317603349686,0.6025500893592834,0.5898702144622803,0.19990979135036469,0.5487383604049683,0.5964442491531372,0.007769165560603142
deadlift_2400031.jpg,0.6226773858070374,0.33623918890953064,-0.6194198131561279,0.6289684176445007,0.32046857476234436,-0.6026289463043213,0.6327889561653137,0.3198395073413849,-0.6027002930641174,0.6362946629524231,0.3186768591403961,-0.6028689742088318,0.6171097159385681,0.3179050087928772,-0.6134040355682373,0.6128098368644714,0.31604474782943726,-0.6135451793670654,0.6085420846939087,0.31402072310447693,-0.6136059165000916,0.6390715837478638,0.312734991312027,-0.47471046447753906,0.5932280421257019,0.3029715120792389,-0.5216525197029114,0.6253083348274231,0.3503960371017456,-0.5666650533676147,0.610571563243866,0.34820619225502014,-0.5801092982292175,0.6522010564804077,0.36607950925827026,-0.3615350127220154,0.5398263335227966,0.3541233539581299,-0.4337209165096283,0.6495695114135742,0.4780415892601013,-0.3553923964500427,0.5250646471977234,0.47745054960250854,-0.44923895597457886,0.647693395614624,0.5730524659156799,-0.4214026629924774,0.5190421342849731,0.5991682410240173,-0.5073722004890442,0.6541189551353455,0.6014180183410645,-0.4487657845020294,0.5083617568016052,0.6286505460739136,-0.5478407740592957,0.6480433940887451,0.6010684370994568,-0.4749341607093811,0.5194150805473328,0.6300588250160217,-0.564353346824646,0.6438576579093933,0.5918527841567993,-0.4335986375808716,0.5248507261276245,0.6204752326011658,-0.5159505605697632,0.6021104454994202,0.45335260033607483,0.016487037762999535,0.5416925549507141,0.4482414722442627,-0.016372663900256157,0.6269176006317139,0.5309617519378662,-0.26283106207847595,0.5202934145927429,0.5585755705833435,-0.3042927086353302,0.5960190296173096,0.5352873206138611,0.10773341357707977,0.5427125692367554,0.5332614183425903,0.0925605297088623,0.5908193588256836,0.5289920568466187,0.14661534130573273,0.5470475554466248,0.5228603482246399,0.1349911391735077,0.5933248400688171,0.5686966776847839,0.11982352286577225,0.5462184548377991,0.5627782940864563,0.11202218383550644
deadlift_2400041.jpg,0.6144556403160095,0.11163973063230515,-0.7331231832504272,0.6187146306037903,0.10625851154327393,-0.70728600025177,0.6222599744796753,0.10767121613025665,-0.7073802947998047,0.626181960105896,0.10888390243053436,-0.7075520753860474,0.605722188949585,0.10109902173280716,-0.7186172008514404,0.6004815697669983,0.09974547475576401,-0.7187046408653259,0.5958637595176697,0.09886761009693146,-0.7187973260879517,0.6313654780387878,0.1115933284163475,-0.5461398959159851,0.5869730114936829,0.10051368921995163,-0.5964967012405396,0.6198261976242065,0.12233375012874603,-0.6714961528778076,0.604566752910614,0.12279506027698517,-0.68623948097229,0.6564828753471375,0.2083940953016281,-0.3882301151752472,0.5349245667457581,0.21312624216079712,-0.5026575922966003,0.6552436947822571,0.34322601556777954,-0.35281386971473694,0.5261388421058655,0.3553728759288788,-0.5073038339614868,0.6546311974525452,0.4464254081249237,-0.43072518706321716,0.5148981213569641,0.4763562083244324,-0.5909839868545532,0.6607642769813538,0.478776216506958,-0.4685380756855011,0.5054358243942261,0.5050964951515198,-0.6443066000938416,0.6532650589942932,0.48188021779060364,-0.49960505962371826,0.5164295434951782,0.5099436640739441,-0.67215496301651,0.6487054824829102,0.4711582660675049,-0.44499680399894714,0.5227919220924377,0.4996042847633362,-0.6037852764129639,0.6044123768806458,0.3681989908218384,0.03236968070268631,0.5463169813156128,0.36505746841430664,-0.032411810010671616,0.625832200050354,0.5450829863548279,-0.09855780750513077,0.5512024164199829,0.5381174087524414,-0.23346400260925293,0.6067555546760559,0.6599316596984863,0.29617759585380554,0.5533425211906433,0.6936874389648438,0.09740766137838364,0.5993823409080505,0.666823148727417,0.32643601298332214,0.5624452829360962,0.6921952366828918,0.12360941618680954,0.6210328340530396,0.7446128726005554,0.1756540685892105,0.5590344071388245,0.7590484619140625,-0.05201299488544464
deadlift_2400051.jpg,0.5730558633804321,0.016791420057415962,-0.5645641088485718,0.586742103099823,-0.02662436105310917,-0.5474802851676941,0.59004145860672,-0.02672944776713848,-0.5475747585296631,0.5933285355567932,-0.026810478419065475,-0.5477421283721924,0.575846254825592,-0.025664804503321648,-0.5560906529426575,0.5717296004295349,-0.025209525600075722,-0.5561714768409729,0.5597396492958069,0.012238901108503342,-0.5563260316848755,0.5902871489524841,0.01778658851981163,-0.42109644412994385,0.5546443462371826,0.010599560104310513,-0.45694705843925476,0.579109251499176,0.02085956558585167,-0.5147665739059448,0.5680297613143921,0.018851809203624725,-0.5253751277923584,0.6349573135375977,0.08280623704195023,-0.30770114064216614,0.5133523941040039,0.0905902087688446,-0.3769117593765259,0.6443473696708679,0.21257485449314117,-0.2660350799560547,0.507797360420227,0.2249184101819992,-0.37323886156082153,0.6593297719955444,0.3518357276916504,-0.3275655508041382,0.5034571290016174,0.3492591977119446,-0.44313186407089233,0.6650950312614441,0.3837302029132843,-0.3638894259929657,0.49236586689949036,0.38403549790382385,-0.4849277436733246,0.6581834554672241,0.3835883140563965,-0.3977476954460144,0.5035135746002197,0.3877101540565491,-0.5190334916114807,0.6536819338798523,0.3740975260734558,-0.34244829416275024,0.5098984241485596,0.37922921776771545,-0.4580555558204651,0.6001802682876587,0.2880915105342865,0.01466946117579937,0.5384762287139893,0.2954062223434448,-0.014715037308633327,0.6071788668632507,0.4565654695034027,-0.05747781693935394,0.5508655309677124,0.46347156167030334,-0.04239192232489586,0.6034852266311646,0.540098249912262,0.3655085563659668,0.5548397302627563,0.5948056578636169,0.32564422488212585,0.6106323003768921,0.5859130620956421,0.39886415004730225,0.5582453012466431,0.6140758395195007,0.35482871532440186,0.6158112287521362,0.6434427499771118,0.2524380385875702,0.5511868000030518,0.6495564579963684,0.18819142878055573
deadlift_2400061.jpg,0.5639723539352417,-0.011803433299064636,-0.40988689661026,0.568588376045227,-0.02659038081765175,-0.39618226885795593,0.5718991160392761,-0.02687063440680504,-0.3962216079235077,0.5752278566360474,-0.027057169005274773,-0.396302193403244,0.5581119060516357,-0.025506187230348587,-0.40027037262916565,0.5545039772987366,-0.024996424093842506,-0.400365948677063,0.5507965087890625,-0.023813148960471153,-0.4005368649959564,0.5803438425064087,-0.010548656806349754,-0.2796841263771057,0.542350709438324,-0.010122483596205711,-0.29635176062583923,0.569675862789154,0.007154152728617191,-0.36339130997657776,0.5570335388183594,0.008337407372891903,-0.36832472681999207,0.6262280941009521,0.08169743418693542,-0.1711481362581253,0.5001695156097412,0.0950038731098175,-0.22078624367713928,0.6430276036262512,0.2166067510843277,-0.11030597984790802,0.49253377318382263,0.2275407314300537,-0.16776879131793976,0.6537542343139648,0.352952778339386,-0.2036886215209961,0.488057404756546,0.3549014627933502,-0.23576666414737701,0.6592891812324524,0.38674506545066833,-0.23792505264282227,0.47885867953300476,0.3883582353591919,-0.26737019419670105,0.6520586609840393,0.3875841796398163,-0.27567416429519653,0.4886239469051361,0.3908778429031372,-0.31242406368255615,0.6481772065162659,0.3769851326942444,-0.22027002274990082,0.49478498101234436,0.37847068905830383,-0.2540571987628937,0.6060141921043396,0.33262521028518677,0.016332294791936874,0.5370162725448608,0.33475634455680847,-0.016497178003191948,0.6005731225013733,0.5543279051780701,-0.05541249364614487,0.5423451066017151,0.5516983270645142,-0.05279969424009323,0.5948458313941956,0.6893149614334106,0.2632102966308594,0.5347913503646851,0.687220573425293,0.23965278267860413,0.588746964931488,0.6928279995918274,0.28454315662384033,0.5358299612998962,0.6916523575782776,0.26034191250801086,0.5960780382156372,0.7542026042938232,0.11802966147661209,0.5222004055976868,0.7441277503967285,0.0888986811041832
deadlift_2400071.jpg,0.5662460923194885,0.006930627394467592,-0.7189792394638062,0.5743395090103149,-0.013708529062569141,-0.7060348391532898,0.5797630548477173,-0.014587377198040485,-0.7060629725456238,0.5851671695709229,-0.015348242595791817,-0.7062157392501831,0.5588392615318298,-0.012473857030272484,-0.7036010026931763,0.5536954402923584,-0.012534067034721375,-0.7037326097488403,0.5485832095146179,-0.012573909945786,-0.7038900256156921,0.5938777327537537,-0.014087116345763206,-0.5481351017951965,0.5478631854057312,0.0015668163541704416,-0.5370599031448364,0.5767067670822144,0.022533101961016655,-0.6529141664505005,0.5580747723579407,0.024031614884734154,-0.6499971747398376,0.6421388983726501,0.07625256478786469,-0.37929221987724304,0.49717578291893005,0.08719567954540253,-0.3897600769996643,0.6494065523147583,0.23549792170524597,-0.30655422806739807,0.48647019267082214,0.24551722407341003,-0.3343958258628845,0.653943657875061,0.3782794177532196,-0.4066849946975708,0.48058652877807617,0.3874616324901581,-0.43983346223831177,0.6619372963905334,0.4157882630825043,-0.44591110944747925,0.46944543719291687,0.4204663038253784,-0.48292145133018494,0.6541728377342224,0.41844892501831055,-0.4941248297691345,0.48080024123191833,0.42144152522087097,-0.5312782526016235,0.6488617062568665,0.407259076833725,-0.42688149213790894,0.4883970022201538,0.4108574688434601,-0.4601393938064575,0.60073322057724,0.34188202023506165,0.007461664266884327,0.535709798336029,0.3420464098453522,-0.007541316095739603,0.5985700488090515,0.5617711544036865,-0.025006433948874474,0.5357687473297119,0.5558362007141113,0.004279997665435076,0.5912295579910278,0.7104353308677673,0.34408360719680786,0.5315824151039124,0.7186839580535889,0.3252446949481964,0.5832226276397705,0.7286017537117004,0.37063178420066833,0.5358769297599792,0.7373061180114746,0.3485938012599945,0.596323549747467,0.7744081020355225,0.20532973110675812,0.5277021527290344,0.7910031676292419,0.16222506761550903
deadlift_2400081.jpg,0.5486524105072021,0.25920483469963074,-0.7573309540748596,0.560122549533844,0.23738111555576324,-0.8669022917747498,0.5678346157073975,0.23557092249393463,-0.866598904132843,0.5746198892593384,0.2335694581270218,-0.8668561577796936,0.5404247045516968,0.23559826612472534,-0.7190231084823608,0.534284770488739,0.2323768436908722,-0.7172250747680664,0.5289835333824158,0.22969000041484833,-0.7117986083030701,0.5843495726585388,0.22211259603500366,-0.7774274349212646,0.5190870761871338,0.21717055141925812,-0.5957053899765015,0.5602320432662964,0.27069154381752014,-0.8056097626686096,0.5378625988960266,0.26981982588768005,-0.730126142501831,0.6285054087638855,0.2738341987133026,-0.5454844236373901,0.4759480357170105,0.27891257405281067,-0.5320950746536255,0.6260121464729309,0.4131133556365967,-0.4565008580684662,0.4793655276298523,0.4258761405944824,-0.44816309213638306,0.6302076578140259,0.5482001304626465,-0.48737701773643494,0.4701400399208069,0.5517033338546753,-0.5217381715774536,0.6358410716056824,0.5878507494926453,-0.5133981108665466,0.4614550471305847,0.5878455638885498,-0.5568467378616333,0.6276114583015442,0.589365541934967,-0.5362091660499573,0.47186803817749023,0.5870294570922852,-0.5981040596961975,0.6227468848228455,0.5742914080619812,-0.49935418367385864,0.47656872868537903,0.5749911665916443,-0.5400637984275818,0.5933940410614014,0.3557116687297821,0.001513105002231896,0.5128629207611084,0.34901049733161926,-0.0013031852431595325,0.5906563997268677,0.5400959849357605,-0.23071065545082092,0.5108863115310669,0.5244286060333252,-0.13964299857616425,0.5793083310127258,0.7307875752449036,-0.004764159210026264,0.5146710872650146,0.7249743342399597,-0.015540365129709244,0.5633847713470459,0.7362805008888245,0.007828244008123875,0.5188263058662415,0.7405397295951843,-0.00541574414819479,0.5777101516723633,0.7985496520996094,-0.18401622772216797,0.5064147114753723,0.8044489622116089,-0.20265597105026245
deadlift_2400091.jpg,0.536288857460022,0.4830898642539978,-0.37478378415107727,0.5429847240447998,0.4824366569519043,-0.4071304500102997,0.5480830669403076,0.4804536700248718,-0.40704232454299927,0.5532350540161133,0.47730132937431335,-0.40715810656547546,0.5296732187271118,0.4835246205329895,-0.4034716486930847,0.5252687335014343,0.48228394985198975,-0.40349000692367554,0.5207276344299316,0.4813028872013092,-0.4034767150878906,0.5626938939094543,0.45308566093444824,-0.4412636458873749,0.5061260461807251,0.4575459659099579,-0.4276826083660126,0.5437824130058289,0.46625691652297974,-0.37080180644989014,0.5291256904602051,0.46571871638298035,-0.3675242066383362,0.6163245439529419,0.4030245542526245,-0.3645428717136383,0.47133639454841614,0.3895229399204254,-0.3530712127685547,0.6283789873123169,0.4651309847831726,-0.31144100427627563,0.46897274255752563,0.5045562386512756,-0.2923327684402466,0.629505455493927,0.6246169805526733,-0.32922232151031494,0.4658520519733429,0.6028898358345032,-0.31782761216163635,0.6364055871963501,0.6624785661697388,-0.36671456694602966,0.45691412687301636,0.6405202150344849,-0.3504185676574707,0.6265860795974731,0.6616387367248535,-0.38253411650657654,0.4694591164588928,0.6395543217658997,-0.37890177965164185,0.6197812557220459,0.6460644006729126,-0.3390265703201294,0.47533443570137024,0.6243667006492615,-0.33198410272598267,0.5852200388908386,0.36837640404701233,0.0019009874667972326,0.5071893930435181,0.3636942505836487,-0.001642361399717629,0.5964661240577698,0.5272506475448608,-0.22965046763420105,0.4918183982372284,0.5240659117698669,-0.2162155956029892,0.5756508708000183,0.6818274259567261,-0.020201731473207474,0.5125453472137451,0.7034668922424316,-0.025153467431664467,0.5677074193954468,0.6985612511634827,-0.004783169832080603,0.5190690755844116,0.7321771383285522,-0.010843945667147636,0.5845292210578918,0.7465398907661438,-0.13651588559150696,0.4994364082813263,0.7621704339981079,-0.15713119506835938
deadlift_2500001.jpg,0.6559382081031799,0.4976428151130676,-0.7631126642227173,0.6607326865196228,0.47956138849258423,-0.7610318064689636,0.6619097590446472,0.47309795022010803,-0.761006236076355,0.6625928282737732,0.4692031145095825,-0.7611302137374878,0.654473066329956,0.48314276337623596,-0.7596893906593323,0.6508949398994446,0.4827745258808136,-0.7597147822380066,0.6475571990013123,0.4826318025588989,-0.7594934701919556,0.6509929895401001,0.443799763917923,-0.5927097201347351,0.6216380000114441,0.4823223948478699,-0.7983887195587158,0.6492802500724792,0.4971200227737427,-0.7011626958847046,0.6418434381484985,0.5006232261657715,-0.6569388508796692,0.6450546979904175,0.4458484649658203,-0.4461097717285156,0.5363235473632812,0.503042459487915,-0.7080944180488586,0.6059426665306091,0.5605872869491577,-0.40494221448898315,0.5156602263450623,0.6750879287719727,-0.736395537853241,0.5913435816764832,0.7033781409263611,-0.4708312153816223,0.5280764698982239,0.817126989364624,-0.7969647645950317,0.5924004912376404,0.7347151041030884,-0.5145090818405151,0.5216947197914124,0.8494535684585571,-0.8757985830307007,0.5848600268363953,0.7352457046508789,-0.5316675305366516,0.5397452116012573,0.8446303606033325,-0.8822155594825745,0.5807952880859375,0.7251907587051392,-0.48617568612098694,0.5437615513801575,0.8167402744293213,-0.8047348260879517,0.5851737260818481,0.46332138776779175,0.06172561272978783,0.5132026672363281,0.4098527133464813,-0.06125617399811745,0.5870237350463867,0.6301363110542297,0.2608841061592102,0.5170668363571167,0.6443377733230591,0.014386904425919056,0.5813702344894409,0.7235517501831055,0.6458328366279602,0.4979655146598816,0.7704435586929321,0.32278433442115784,0.5744487643241882,0.7343853712081909,0.6810600161552429,0.48529818654060364,0.7837677001953125,0.3492332398891449,0.5972427129745483,0.7778567671775818,0.5951744318008423,0.5320777297019958,0.8338193893432617,0.2139759063720703
deadlift_2500011.jpg,0.6544089913368225,0.4730624258518219,-0.7919790744781494,0.6618604063987732,0.45544302463531494,-0.7803338170051575,0.6631683707237244,0.4530045688152313,-0.7803780436515808,0.6645721793174744,0.44843852519989014,-0.7803499102592468,0.6543903946876526,0.4575483202934265,-0.8022142052650452,0.650310218334198,0.4570235013961792,-0.8023865222930908,0.6457526087760925,0.4568810760974884,-0.8025814294815063,0.6514097452163696,0.42823389172554016,-0.6417290568351746,0.626487135887146,0.4438934624195099,-0.7802374958992004,0.6471604108810425,0.4770562946796417,-0.7319261431694031,0.6395169496536255,0.4793804883956909,-0.7525517344474792,0.6522666811943054,0.4573470652103424,-0.45387378334999084,0.5489370822906494,0.4864565134048462,-0.6674226522445679,0.6317814588546753,0.5877554416656494,-0.41724592447280884,0.5296324491500854,0.6522589325904846,-0.7009913921356201,0.6230223178863525,0.7263599038124084,-0.5126197338104248,0.556374192237854,0.7797983884811401,-0.7663896679878235,0.6281079053878784,0.7593721747398376,-0.555722177028656,0.5554392337799072,0.8116587400436401,-0.8409024477005005,0.6182613968849182,0.760529637336731,-0.5821399092674255,0.5758877396583557,0.8076966404914856,-0.8476287126541138,0.6115558743476868,0.7505072951316833,-0.5294039845466614,0.5767831206321716,0.7903805375099182,-0.7735803723335266,0.5894411206245422,0.48201102018356323,0.07605228573083878,0.5215175151824951,0.4535536766052246,-0.07562759518623352,0.6095594167709351,0.6383626461029053,0.2575288414955139,0.5217372179031372,0.672287106513977,-0.03258264437317848,0.5801154971122742,0.7245304584503174,0.6420924663543701,0.4920586347579956,0.7677991390228271,0.2736724615097046,0.5680138468742371,0.732604444026947,0.6785861253738403,0.4783765375614166,0.7773295640945435,0.30216184258461,0.6047096848487854,0.7902366518974304,0.6117414832115173,0.522523820400238,0.8325010538101196,0.18225683271884918
deadlift_2500021.jpg,0.6642611622810364,0.3255639672279358,-0.6090927124023438,0.6711491942405701,0.30863869190216064,-0.5970181226730347,0.6720759272575378,0.30766311287879944,-0.5970292687416077,0.6731197237968445,0.3056355118751526,-0.5969416499137878,0.6659777760505676,0.30532196164131165,-0.6232203245162964,0.6627236604690552,0.3016798794269562,-0.6234092712402344,0.6575798392295837,0.29738759994506836,-0.6236861944198608,0.6617308855056763,0.28854942321777344,-0.48869168758392334,0.6383289098739624,0.284888356924057,-0.6095873713493347,0.6568184494972229,0.3352510929107666,-0.562008798122406,0.64959716796875,0.3339003026485443,-0.5965949296951294,0.6454738974571228,0.32885220646858215,-0.32464444637298584,0.5709442496299744,0.3669763207435608,-0.5744251012802124,0.6156625747680664,0.4285891652107239,-0.19834299385547638,0.5470010042190552,0.5227828621864319,-0.5810032486915588,0.5789976716041565,0.5025578141212463,-0.1614060252904892,0.5580953359603882,0.6523818969726562,-0.560023307800293,0.5687598586082458,0.5244929194450378,-0.16958118975162506,0.5517987012863159,0.6865324974060059,-0.6074627637863159,0.566775918006897,0.5206780433654785,-0.17453856766223907,0.5788376927375793,0.6816797852516174,-0.6133391261100769,0.5681702494621277,0.5134554505348206,-0.16420120000839233,0.575541079044342,0.666447639465332,-0.5631584525108337,0.5924322605133057,0.46107542514801025,0.06881456077098846,0.5456774830818176,0.4699530303478241,-0.06859103590250015,0.5981661677360535,0.5691227316856384,0.32310277223587036,0.5368207693099976,0.5918660163879395,0.18071642518043518,0.5831632018089294,0.6490939855575562,0.6413352489471436,0.5138487219810486,0.6799216866493225,0.4765259325504303,0.5730164051055908,0.6617246866226196,0.6716236472129822,0.5019482374191284,0.68902188539505,0.5030152797698975,0.6022135019302368,0.6830295920372009,0.612160325050354,0.5488898158073425,0.7436254620552063,0.40218207240104675
deadlift_2500031.jpg,,,,,,,,,,,,,,,,,,,,,,,,,,,,,,,,,,,,,,,,,,,,,,,,,,,,,,,,,,,,,,,,,,,,,,,,,,,,,,,,,,,,,,,,,,,,,,,,,,,
deadlift_2500041.jpg,0.5832782983779907,0.02684617042541504,-0.29522705078125,0.5820958018302917,0.012668161652982235,-0.2780607342720032,0.5830447673797607,0.012941746972501278,-0.2780971825122833,0.5839203596115112,0.013198673725128174,-0.2781096398830414,0.5746809244155884,0.012106447480618954,-0.31323596835136414,0.5703582167625427,0.011986522935330868,-0.313308447599411,0.5657286047935486,0.011905760504305363,-0.31348636746406555,0.5718371868133545,0.02015894651412964,-0.17853116989135742,0.5479831695556641,0.019774824380874634,-0.33646708726882935,0.5789398550987244,0.045128460973501205,-0.25451788306236267,0.5695192813873291,0.046589408069849014,-0.3000996708869934,0.5781798958778381,0.14844784140586853,-0.05779150500893593,0.4953870177268982,0.13893364369869232,-0.37321949005126953,0.5854987502098083,0.29184162616729736,0.007747740019112825,0.4988139867782593,0.32208818197250366,-0.38387250900268555,0.5960560441017151,0.425295889377594,-0.04132871702313423,0.5030747056007385,0.4841459393501282,-0.36969321966171265,0.6030074954032898,0.4636998176574707,-0.058940187096595764,0.500813364982605,0.523337721824646,-0.4084242284297943,0.6005268692970276,0.4675091505050659,-0.09076812118291855,0.5112537145614624,0.5250791311264038,-0.42998653650283813,0.5951898694038391,0.4538581967353821,-0.05853794142603874,0.5134168267250061,0.5118430256843567,-0.378084659576416,0.5644529461860657,0.39429906010627747,0.08245155960321426,0.5175857543945312,0.39680343866348267,-0.08262251317501068,0.554638147354126,0.5707236528396606,0.12227543443441391,0.5183312892913818,0.5762556195259094,-0.034160319715738297,0.5398255586624146,0.7038993835449219,0.3986779451370239,0.5056027770042419,0.7104102373123169,0.23133911192417145,0.5277875065803528,0.7244881391525269,0.41812101006507874,0.4984605014324188,0.723334014415741,0.2496016025543213,0.547829270362854,0.7377249598503113,0.30882522463798523,0.5308366417884827,0.7871831059455872,0.10595103353261948
deadlift_2500051.jpg,0.5713611245155334,0.03341026231646538,-0.17036785185337067,0.5719668865203857,0.0169350765645504,-0.15047477185726166,0.572440505027771,0.01731843501329422,-0.15051713585853577,0.5728737115859985,0.017837822437286377,-0.1504969447851181,0.5671690106391907,0.0170106440782547,-0.19754792749881744,0.5640851259231567,0.01747037097811699,-0.19756725430488586,0.5611133575439453,0.01807733252644539,-0.19775709509849548,0.5614078044891357,0.025799809023737907,-0.04748695343732834,0.5471295714378357,0.026514390483498573,-0.25916609168052673,0.5647010803222656,0.04948590695858002,-0.12772749364376068,0.559907853603363,0.05110619217157364,-0.18879127502441406,0.5596567988395691,0.15022747218608856,0.09879453480243683,0.5014554858207703,0.15055379271507263,-0.35704347491264343,0.5745999813079834,0.30874118208885193,0.15830890834331512,0.49755576252937317,0.32377853989601135,-0.3940128982067108,0.5922332406044006,0.4368874728679657,0.05309857800602913,0.503294050693512,0.4914455711841583,-0.3992222547531128,0.5956718325614929,0.4735286831855774,0.03736846148967743,0.5019057989120483,0.5345878005027771,-0.4485100507736206,0.5950841903686523,0.4765244424343109,-0.0039129918441176414,0.5135103464126587,0.53444904088974,-0.4637666642665863,0.5904787182807922,0.46422839164733887,0.03054988384246826,0.51481032371521,0.5225381851196289,-0.40469497442245483,0.5584642291069031,0.4393806755542755,0.13412126898765564,0.518540620803833,0.44307297468185425,-0.13431963324546814,0.5542532205581665,0.6479862928390503,0.22822017967700958,0.5178598761558533,0.6648696660995483,-0.09156465530395508,0.5394474864006042,0.8407342433929443,0.41081705689430237,0.4958626627922058,0.8715121150016785,0.043010663241147995,0.5280446410179138,0.8730131387710571,0.4220818877220154,0.4963727295398712,0.880395233631134,0.046411193907260895,0.5753476023674011,0.885569155216217,0.3244437873363495,0.5431751608848572,0.927541971206665,-0.11286521703004837
deadlift_2500061.jpg,0.5779523253440857,0.034464478492736816,-0.2303415834903717,0.5784822702407837,0.017543332651257515,-0.20958076417446136,0.5788289904594421,0.017848297953605652,-0.20961488783359528,0.5790663957595825,0.018287697806954384,-0.20959149301052094,0.5728285312652588,0.01715809665620327,-0.2528676688671112,0.5687857270240784,0.017288321629166603,-0.2529141902923584,0.5645086169242859,0.017676720395684242,-0.2530917823314667,0.5659943222999573,0.025568079203367233,-0.0847172662615776,0.5483558773994446,0.026157651096582413,-0.2914315462112427,0.5705457329750061,0.051072873175144196,-0.18178606033325195,0.5655964612960815,0.05174320191144943,-0.23992952704429626,0.5633310079574585,0.15066781640052795,0.08770700544118881,0.5011728405952454,0.14692333340644836,-0.3836514353752136,0.5759854912757874,0.3072320818901062,0.18307361006736755,0.49750107526779175,0.32395482063293457,-0.4488087296485901,0.5924351215362549,0.4368686378002167,0.10827301442623138,0.5032543540000916,0.5010133385658264,-0.473778635263443,0.5962937474250793,0.47912052273750305,0.09579282253980637,0.5025427341461182,0.5444324612617493,-0.5305789709091187,0.5953515768051147,0.4811236560344696,0.051651760935783386,0.5137780904769897,0.5431347489356995,-0.5485151410102844,0.5906607508659363,0.4695884585380554,0.08575212210416794,0.5149314999580383,0.5284239649772644,-0.4803811013698578,0.5588639974594116,0.4547034502029419,0.1445024609565735,0.5196909308433533,0.459753155708313,-0.1447162926197052,0.5571401715278625,0.6655463576316833,0.23862704634666443,0.515507161617279,0.6894234418869019,-0.07131768763065338,0.5425223708152771,0.8610162734985352,0.4312635362148285,0.49764397740364075,0.8883437514305115,0.12292494624853134,0.5306804776191711,0.8884462714195251,0.44098377227783203,0.49561673402786255,0.9176047444343567,0.13241362571716309,0.593470573425293,0.9120919704437256,0.33555832505226135,0.5458778738975525,0.9298465251922607,-0.02962225116789341
deadlift_2500071.jpg,0.6283509135246277,0.1583496779203415,-0.43190109729766846,0.6336174607276917,0.1364191621541977,-0.4047497808933258,0.6345347166061401,0.13563066720962524,-0.404730886220932,0.6353062391281128,0.1346820890903473,-0.4046653211116791,0.6272240877151489,0.1327175498008728,-0.448977530002594,0.6230745911598206,0.12887057662010193,-0.44907429814338684,0.6179113388061523,0.12439627945423126,-0.4491751492023468,0.6203855276107788,0.12789207696914673,-0.2448168396949768,0.5949367880821228,0.11371635645627975,-0.4502350687980652,0.6190460324287415,0.17477957904338837,-0.36803579330444336,0.611903190612793,0.16988830268383026,-0.42736709117889404,0.5921133160591125,0.24047936499118805,-0.034846849739551544,0.5225346684455872,0.2268878072500229,-0.48536068201065063,0.5819534063339233,0.3900468647480011,0.0895402655005455,0.49754080176353455,0.4103985130786896,-0.5292452573776245,0.5898604989051819,0.5108804702758789,0.030538707971572876,0.5025699734687805,0.5849385857582092,-0.5425716042518616,0.59602290391922,0.549680769443512,0.05276273936033249,0.5003877878189087,0.6227588057518005,-0.5935771465301514,0.5955597758293152,0.5519721508026123,0.0036048023030161858,0.5132268071174622,0.6231414079666138,-0.6017550230026245,0.5909154415130615,0.5362185835838318,0.009104453958570957,0.5146209597587585,0.611089289188385,-0.5446892380714417,0.5582958459854126,0.5191730260848999,0.13547413051128387,0.5170238018035889,0.5230286717414856,-0.13571904599666595,0.5573244690895081,0.7000908255577087,0.3435995876789093,0.5105842351913452,0.7214963436126709,-0.09318365901708603,0.5437870025634766,0.8656339645385742,0.6086166501045227,0.4978431463241577,0.9011396765708923,0.04575818404555321,0.5314004421234131,0.8997222185134888,0.6279348134994507,0.49471521377563477,0.9288968443870544,0.050105758011341095,0.595343291759491,0.9136075973510742,0.5395610928535461,0.538824737071991,0.962587296962738,-0.11479444056749344
deadlift_2500081.jpg,0.6530859470367432,0.32796117663383484,-0.5823765397071838,0.658302366733551,0.3075735569000244,-0.5680636167526245,0.6588795781135559,0.3048420250415802,-0.5679982304573059,0.6593762040138245,0.30176541209220886,-0.5679314136505127,0.6540232300758362,0.3075414299964905,-0.6100872159004211,0.6515040993690491,0.3051581382751465,-0.6102415323257446,0.6487210988998413,0.30264368653297424,-0.6103435158729553,0.6448736190795898,0.28487080335617065,-0.4439529478549957,0.62911456823349,0.2880379557609558,-0.6387384533882141,0.6447377800941467,0.33410125970840454,-0.5287503004074097,0.6377366781234741,0.33405211567878723,-0.5851353406906128,0.604598879814148,0.33255505561828613,-0.2644711434841156,0.5314027667045593,0.36176973581314087,-0.6184176802635193,0.5924167633056641,0.4706839621067047,-0.1721973568201065,0.5031333565711975,0.53974449634552,-0.6501966714859009,0.5873454809188843,0.5895553827285767,-0.23560374975204468,0.51087486743927,0.6879130601882935,-0.6510443091392517,0.5922306776046753,0.6285977959632874,-0.24890242516994476,0.5074209570884705,0.7279757261276245,-0.7004002928733826,0.5926575064659119,0.6300056576728821,-0.28398436307907104,0.5205508470535278,0.7269166707992554,-0.7041013240814209,0.5865432620048523,0.608433187007904,-0.2533801198005676,0.5239917039871216,0.7108074426651001,-0.6515828371047974,0.5652305483818054,0.5581561923027039,0.12660223245620728,0.5170343518257141,0.5730396509170532,-0.12682804465293884,0.5654112100601196,0.7227120399475098,0.36196935176849365,0.5106833577156067,0.7567503452301025,-0.04517730697989464,0.5479783415794373,0.872422456741333,0.6391274929046631,0.5014005899429321,0.9134995937347412,0.10382156074047089,0.536267101764679,0.8908385634422302,0.6616042852401733,0.4949473440647125,0.9416381120681763,0.11151210963726044,0.598358690738678,0.9195756912231445,0.586372971534729,0.5383750796318054,0.9726274013519287,-0.04167499765753746
deadlift_2500091.jpg,0.6544025540351868,0.4338682293891907,-0.7634828686714172,0.6600887179374695,0.41345056891441345,-0.7539170980453491,0.661016047000885,0.4100312888622284,-0.753876268863678,0.6619089841842651,0.40648290514945984,-0.7539381384849548,0.6553599238395691,0.41672664880752563,-0.7871732711791992,0.6527084112167358,0.41571736335754395,-0.7873733639717102,0.6499196887016296,0.41457849740982056,-0.787542462348938,0.649704098701477,0.38824760913848877,-0.62684565782547,0.6311261057853699,0.4023653566837311,-0.7778478860855103,0.6469926834106445,0.438654363155365,-0.7047353386878967,0.6401805281639099,0.4417705535888672,-0.7490896582603455,0.6194497346878052,0.40486940741539,-0.40402236580848694,0.5391693115234375,0.4618549346923828,-0.695389986038208,0.6017882823944092,0.5428493618965149,-0.2628539502620697,0.515096127986908,0.6416977643966675,-0.7102563381195068,0.5963602066040039,0.677686333656311,-0.27658310532569885,0.520836353302002,0.7868090867996216,-0.7345567941665649,0.5985126495361328,0.7110311985015869,-0.284180611371994,0.5145710706710815,0.8202296495437622,-0.7908869981765747,0.6000649929046631,0.7128563523292542,-0.32479798793792725,0.5288248658180237,0.8145438432693481,-0.8039410710334778,0.5940002202987671,0.7043558955192566,-0.29464176297187805,0.5329024791717529,0.8017586469650269,-0.740353524684906,0.5658626556396484,0.5462936162948608,0.11098642647266388,0.5173447728157043,0.5700362324714661,-0.11096217483282089,0.5667665600776672,0.7197608351707458,0.2841363549232483,0.5285888910293579,0.7456246018409729,-0.037144795060157776,0.5511083006858826,0.8635145425796509,0.5470056533813477,0.50385981798172,0.9082745909690857,0.14013655483722687,0.5358107089996338,0.8837832808494568,0.566366970539093,0.4967508316040039,0.9325711727142334,0.1515646129846573,0.5951012372970581,0.9160877466201782,0.4746507704257965,0.5382616519927979,0.9656263589859009,-0.016390956938266754
deadlift_2500101.jpg,0.6523081660270691,0.4647839367389679,-0.6060876250267029,0.6570121645927429,0.4464825987815857,-0.6040804982185364,0.6576635241508484,0.4420791268348694,-0.6040612459182739,0.6582103967666626,0.4373975992202759,-0.6041138172149658,0.6531845927238464,0.45035070180892944,-0.6382143497467041,0.651104748249054,0.4494563341140747,-0.6384067535400391,0.6487953662872314,0.4484470784664154,-0.6386099457740784,0.6469791531562805,0.4193640351295471,-0.5131040215492249,0.633872926235199,0.4372663199901581,-0.6661648154258728,0.6460445523262024,0.4658324420452118,-0.5597514510154724,0.6403822302818298,0.46790584921836853,-0.6048983931541443,0.6167358756065369,0.41996270418167114,-0.35340389609336853,0.5566415190696716,0.49887728691101074,-0.6250381469726562,0.6010391116142273,0.5335062146186829,-0.1668952852487564,0.5593230128288269,0.645118236541748,-0.6648272275924683,0.6116054654121399,0.6448971033096313,-0.16108474135398865,0.5857449173927307,0.7541075944900513,-0.6976606249809265,0.6150049567222595,0.66061931848526,-0.19144749641418457,0.578502357006073,0.7810935378074646,-0.7561891674995422,0.6164377927780151,0.6699734330177307,-0.23627859354019165,0.5889203548431396,0.7823476791381836,-0.7652179598808289,0.6121546030044556,0.6681743860244751,-0.18385089933872223,0.5923181772232056,0.7707316875457764,-0.7030274868011475,0.5707746148109436,0.6073604822158813,0.09315808862447739,0.5409237742424011,0.6417527794837952,-0.09330570697784424,0.596553385257721,0.7215337157249451,0.3403588831424713,0.5533112287521362,0.7646756768226624,0.17298012971878052,0.5764220356941223,0.8419486880302429,0.6746414303779602,0.5338335633277893,0.8795050978660583,0.5079214572906494,0.5627846121788025,0.8652434349060059,0.7069249749183655,0.5289644002914429,0.9012607336044312,0.5389961004257202,0.6012474894523621,0.8893237709999084,0.6480873823165894,0.5679079294204712,0.9390153884887695,0.44666406512260437
deadlift_2500111.jpg,0.6533955335617065,0.46424946188926697,-0.4612928330898285,0.6598584055900574,0.44500499963760376,-0.4634656012058258,0.6600974202156067,0.44118812680244446,-0.4635287821292877,0.6600779294967651,0.4364929497241974,-0.4635413885116577,0.6569042205810547,0.446744829416275,-0.49560752511024475,0.6550194621086121,0.4449479877948761,-0.4957595467567444,0.65285724401474,0.4429101347923279,-0.4959450662136078,0.6454656720161438,0.4158361554145813,-0.4779221713542938,0.636637806892395,0.4303998649120331,-0.5574122667312622,0.643126368522644,0.4661722481250763,-0.4256851375102997,0.6382890939712524,0.46735626459121704,-0.4676678478717804,0.6038406491279602,0.4099556505680084,-0.24569132924079895,0.5832023024559021,0.4936074912548065,-0.5195004940032959,0.5791210532188416,0.4773504436016083,-0.06803745776414871,0.5654508471488953,0.645965039730072,-0.555045485496521,0.5774949193000793,0.5530233383178711,0.016051629558205605,0.5980011820793152,0.7488040328025818,-0.6456918120384216,0.5708916187286377,0.5432324409484863,0.014755915850400925,0.5914595723152161,0.7701160907745361,-0.697889506816864,0.5744419097900391,0.5480819940567017,-0.00472281314432621,0.6032325625419617,0.7663486003875732,-0.7153137922286987,0.5790042281150818,0.55665123462677,0.008213021792471409,0.6047734022140503,0.7563670873641968,-0.6479857563972473,0.5678445100784302,0.6361474990844727,0.09160280227661133,0.549330472946167,0.6613288521766663,-0.0917264074087143,0.5915704965591431,0.733557403087616,0.38333559036254883,0.5615807771682739,0.7723276019096375,0.21308988332748413,0.5729244947433472,0.8444368839263916,0.7415644526481628,0.539901077747345,0.880769670009613,0.5688405632972717,0.5584139227867126,0.8613315224647522,0.7758976817131042,0.5303635597229004,0.8953630924224854,0.6023461222648621,0.5990670323371887,0.885407030582428,0.7358121275901794,0.5710515975952148,0.9361937642097473,0.5366939902305603
deadlift_2500121.jpg,0.6535163521766663,0.37633633613586426,-0.4790750741958618,0.6598605513572693,0.3596281409263611,-0.46858322620391846,0.660354733467102,0.35819095373153687,-0.4686388373374939,0.6608045101165771,0.35646286606788635,-0.4686882793903351,0.6559205651283264,0.35751092433929443,-0.5071254372596741,0.653376042842865,0.3544325530529022,-0.5072780847549438,0.6502302885055542,0.35064640641212463,-0.5074197053909302,0.6463861465454102,0.3375999927520752,-0.4241611063480377,0.6310098767280579,0.3338492214679718,-0.544647216796875,0.6455121636390686,0.38367190957069397,-0.4310891926288605,0.639630138874054,0.3811286985874176,-0.4824943542480469,0.6173922419548035,0.38191255927085876,-0.23437955975532532,0.5645074248313904,0.4066358804702759,-0.5265146493911743,0.5993748903274536,0.5132958889007568,-0.10575161874294281,0.5482494235038757,0.5688089728355408,-0.5611613988876343,0.5924611687660217,0.6266855597496033,-0.1556360125541687,0.570042073726654,0.7231362462043762,-0.6038971543312073,0.5868968367576599,0.6556152105331421,-0.1664644181728363,0.5647461414337158,0.7579700946807861,-0.6577516794204712,0.5903729796409607,0.6588497757911682,-0.19913214445114136,0.5752944350242615,0.7486961483955383,-0.6939232349395752,0.5924012660980225,0.6526272296905518,-0.17252595722675323,0.5791823267936707,0.7490545511245728,-0.6117793321609497,0.5772820711135864,0.5868787169456482,0.09328130632638931,0.5430054068565369,0.6017880439758301,-0.09345196187496185,0.5898402333259583,0.7146301865577698,0.32330554723739624,0.5505792498588562,0.7460663914680481,0.0965888649225235,0.5655254125595093,0.8524061441421509,0.5448900461196899,0.5413770079612732,0.8821799159049988,0.4117114245891571,0.552166759967804,0.8744784593582153,0.5657637715339661,0.5301652550697327,0.9001041054725647,0.44201943278312683,0.5969334840774536,0.9018784165382385,0.5000774264335632,0.5882344841957092,0.9277665615081787,0.29668331146240234
deadlift_2500131.jpg,0.5918095111846924,0.2069685012102127,-0.048468347638845444,0.5915008187294006,0.1943318098783493,-0.0528651587665081,0.5876874327659607,0.19245187938213348,-0.052972156554460526,0.5885903835296631,0.19233493506908417,-0.05301942303776741,0.5914871096611023,0.19497495889663696,-0.07532047480344772,0.5917669534683228,0.19540077447891235,-0.07530569285154343,0.5927171111106873,0.19616630673408508,-0.07545562833547592,0.5828973650932312,0.18976692855358124,-0.04607035964727402,0.5879608988761902,0.1957106739282608,-0.1468285769224167,0.5915529727935791,0.2169640213251114,-0.038343291729688644,0.5909568071365356,0.21710878610610962,-0.06806467473506927,0.5513848066329956,0.2912055552005768,0.017392059788107872,0.578401505947113,0.29292264580726624,-0.1944681704044342,0.5429431200027466,0.4291001260280609,0.03422652930021286,0.5730714797973633,0.4293866455554962,-0.21216821670532227,0.5516641736030579,0.5151222348213196,-0.033976249396800995,0.5730704069137573,0.5246093273162842,-0.19738872349262238,0.5506966710090637,0.541179895401001,-0.040729109197854996,0.5738375782966614,0.5396549105644226,-0.22203446924686432,0.5583755373954773,0.5361465811729431,-0.06429443508386612,0.5752283334732056,0.5349279046058655,-0.22208599746227264,0.5598458647727966,0.5269262790679932,-0.04667523130774498,0.573538601398468,0.5382046103477478,-0.19791081547737122,0.5362828373908997,0.5111634731292725,0.08455745875835419,0.5402123332023621,0.513323187828064,-0.084874227643013,0.5493031144142151,0.671036958694458,0.12886132299900055,0.5461920499801636,0.6792420744895935,-0.024860413745045662,0.5532087683677673,0.8460014462471008,0.23198352754116058,0.5473257899284363,0.8762673139572144,0.08443795144557953,0.5460244417190552,0.87680983543396,0.23755380511283875,0.5363750457763672,0.8932963013648987,0.0893045961856842,0.5862375497817993,0.8934354782104492,0.16197405755519867,0.5872341990470886,0.9238240718841553,-0.01074741967022419
deadlift_2500141.jpg,0.5299009680747986,0.11911454796791077,0.048285242170095444,0.533993124961853,0.11761866509914398,0.027719082310795784,0.5311137437820435,0.11748846620321274,0.027619970962405205,0.5285006761550903,0.11745646595954895,0.027589786797761917,0.5305705666542053,0.11323173344135284,0.02214655466377735,0.5325729250907898,0.1137692779302597,0.022147782146930695,0.5361372828483582,0.1145956814289093,0.021907063201069832,0.5279909372329712,0.1275920271873474,-0.03525300323963165,0.5429993867874146,0.11843583732843399,-0.06104249507188797,0.5291395783424377,0.12069074809551239,0.03102388046681881,0.5348830819129944,0.12310544401407242,0.02372017875313759,0.5127224922180176,0.2209189534187317,-0.015222115442156792,0.5698732137680054,0.20302250981330872,-0.12183775752782822,0.49010470509529114,0.33949363231658936,-0.014130529947578907,0.5796594023704529,0.3333420753479004,-0.11546845734119415,0.5173773169517517,0.433930367231369,-0.062336329370737076,0.5674166083335876,0.4145362377166748,-0.1097596138715744,0.5241072177886963,0.4600244164466858,-0.09971317648887634,0.5662416815757751,0.4371411204338074,-0.13052497804164886,0.5292512774467468,0.4594104290008545,-0.10394947230815887,0.5675395131111145,0.4336756467819214,-0.14275787770748138,0.528960108757019,0.4493430256843567,-0.06753536313772202,0.56775963306427,0.4255126118659973,-0.11656694859266281,0.5149844884872437,0.44876372814178467,0.06802959740161896,0.5399634838104248,0.45505523681640625,-0.06834191828966141,0.5365249514579773,0.5831825733184814,0.21627026796340942,0.5544887185096741,0.6441637873649597,-0.02086620405316353,0.5378318428993225,0.6943861842155457,0.5490142703056335,0.5473116636276245,0.8511489629745483,0.10483516752719879,0.5350516438484192,0.7102077603340149,0.5772494077682495,0.5383597612380981,0.8806226253509521,0.1119481548666954,0.5547708868980408,0.7246028184890747,0.5234983563423157,0.5877189636230469,0.9061245322227478,-0.017389001324772835
deadlift_2500151.jpg,0.5476241707801819,0.03556971997022629,-0.4040534198284149,0.5488722324371338,0.025133946910500526,-0.34905779361724854,0.5503453016281128,0.02602550946176052,-0.3492351472377777,0.55208420753479,0.026755986735224724,-0.3493618667125702,0.5408183932304382,0.022596385329961777,-0.37299054861068726,0.5366183519363403,0.022222397848963737,-0.3728889226913452,0.5319116115570068,0.02184613049030304,-0.37288573384284973,0.5465425252914429,0.03002212569117546,-0.2086859494447708,0.5177639722824097,0.025518788024783134,-0.33827343583106995,0.5465338230133057,0.049830708652734756,-0.31855353713035583,0.5385496020317078,0.049707233905792236,-0.34675300121307373,0.549410879611969,0.15424448251724243,-0.023211177438497543,0.4871240556240082,0.13566598296165466,-0.36005982756614685,0.5279051065444946,0.29488998651504517,0.03262581303715706,0.4973437488079071,0.3152754604816437,-0.3804532587528229,0.5222799181938171,0.4288109242916107,-0.0975557267665863,0.5137524604797363,0.4621237814426422,-0.15759962797164917,0.536241888999939,0.4726601541042328,-0.13917548954486847,0.5137151479721069,0.5016900300979614,-0.37569138407707214,0.5303406715393066,0.47585347294807434,-0.17478057742118835,0.5274249911308289,0.5014866590499878,-0.4575762450695038,0.5508550405502319,0.46272480487823486,-0.1190352812409401,0.524950385093689,0.4862969219684601,-0.22977066040039062,0.5337055921554565,0.4133274555206299,0.12248067557811737,0.5146594643592834,0.41116243600845337,-0.12276070564985275,0.5452778935432434,0.5954595804214478,0.2383308857679367,0.5490666627883911,0.6292017102241516,-0.13715530931949615,0.52511066198349,0.7141358852386475,0.602946937084198,0.5449066758155823,0.8497852683067322,0.019339310005307198,0.5108345150947571,0.7271863222122192,0.6324059367179871,0.5333393812179565,0.8805784583091736,0.02655952237546444,0.5585231184959412,0.7758780717849731,0.5501673817634583,0.593081533908844,0.9061411619186401,-0.14280681312084198
deadlift_2500161.jpg,0.5688931345939636,0.033764492720365524,-0.31946149468421936,0.5708619356155396,0.0179914478212595,-0.2865995466709137,0.5721940994262695,0.01844652183353901,-0.28675583004951477,0.5735765099525452,0.018722044304013252,-0.28680065274238586,0.5628231167793274,0.016583438962697983,-0.3235550820827484,0.5587542057037354,0.01679290272295475,-0.3235587477684021,0.5547446012496948,0.016480272635817528,-0.32367512583732605,0.5642117857933044,0.02417227439582348,-0.13028761744499207,0.5405585169792175,0.022067293524742126,-0.29782143235206604,0.5659827589988708,0.052076827734708786,-0.2556650638580322,0.5583256483078003,0.05112919956445694,-0.30314770340919495,0.5618468523025513,0.1549190878868103,0.046056244522333145,0.49849674105644226,0.13336904346942902,-0.35470008850097656,0.5378647446632385,0.2903207540512085,0.08414909988641739,0.49391746520996094,0.31166571378707886,-0.4041506052017212,0.5776880383491516,0.38966450095176697,-0.08711794763803482,0.5074294805526733,0.4497489929199219,-0.2675628364086151,0.5883876085281372,0.4225577414035797,-0.12303555756807327,0.5025526285171509,0.4873772859573364,-0.4735174775123596,0.5870023369789124,0.4144545793533325,-0.1607298105955124,0.5154080986976624,0.48404836654663086,-0.5311269164085388,0.5883094668388367,0.40379586815834045,-0.1176828071475029,0.51685631275177,0.47137320041656494,-0.25059378147125244,0.536806046962738,0.4304453134536743,0.1357298046350479,0.5180571675300598,0.42779308557510376,-0.1357363760471344,0.5499603748321533,0.6097716689109802,0.3460591435432434,0.5466307997703552,0.6368693709373474,-0.10207371413707733,0.5312994122505188,0.7533429265022278,0.6489239931106567,0.5434055328369141,0.8550847172737122,0.0313778854906559,0.5169259905815125,0.7743328809738159,0.6703636050224304,0.5303183197975159,0.8860176801681519,0.033153023570775986,0.5639187097549438,0.8068000078201294,0.564540684223175,0.5918253064155579,0.9063625931739807,-0.15217643976211548
deadlift_2500171.jpg,0.6272366046905518,0.12837982177734375,-0.3855871558189392,0.6286600828170776,0.10933748632669449,-0.35882362723350525,0.6289466619491577,0.10864220559597015,-0.3588690757751465,0.6289977431297302,0.10776253789663315,-0.35883527994155884,0.6231594681739807,0.10764626413583755,-0.4143627882003784,0.6191034913063049,0.10576199740171432,-0.4144248962402344,0.6142765879631042,0.10325217992067337,-0.4145651161670685,0.6096134185791016,0.10406715422868729,-0.15321741998195648,0.5905939936637878,0.09799965471029282,-0.45747989416122437,0.6176717877388,0.1426881104707718,-0.3199492394924164,0.6120741963386536,0.1409740447998047,-0.3942137658596039,0.5842751860618591,0.20849353075027466,-0.0440276600420475,0.5221121907234192,0.2032342255115509,-0.5188462734222412,0.5536596179008484,0.3313700258731842,0.0333450511097908,0.5048234462738037,0.37557071447372437,-0.5780922174453735,0.5785155892372131,0.39506739377975464,-0.06016385555267334,0.5124450325965881,0.5153447389602661,-0.5791141986846924,0.5917801260948181,0.43877652287483215,-0.07683931291103363,0.5070999264717102,0.5448273420333862,-0.6490218043327332,0.5912421941757202,0.46084466576576233,-0.1145501658320427,0.5228523015975952,0.5420754551887512,-0.6584959030151367,0.5900440812110901,0.41930025815963745,-0.08339805155992508,0.527216374874115,0.5328855514526367,-0.5806182026863098,0.54599529504776,0.45954209566116333,0.14121897518634796,0.5198951363563538,0.46297186613082886,-0.14128193259239197,0.5549563765525818,0.6272655129432678,0.3915298283100128,0.5501845479011536,0.6500961780548096,-0.00038558911182917655,0.5324556827545166,0.7626987099647522,0.6840787529945374,0.5480106472969055,0.8611701130867004,0.22066347301006317,0.5192839503288269,0.8026091456413269,0.7078676819801331,0.5296502709388733,0.8956858515739441,0.23466286063194275,0.5666197538375854,0.8184549808502197,0.638673722743988,0.5929006934165955,0.9099898338317871,0.07782475650310516
deadlift_2500181.jpg,0.6556580066680908,0.3065539598464966,-0.7337390780448914,0.6597713828086853,0.2847132980823517,-0.7183781266212463,0.6602201461791992,0.2824356257915497,-0.7183005213737488,0.6607075929641724,0.27989041805267334,-0.7182493805885315,0.6557824015617371,0.2852453589439392,-0.7643864750862122,0.6530053615570068,0.2835499048233032,-0.7645864486694336,0.6499716639518738,0.2816926836967468,-0.7647877931594849,0.6449390053749084,0.26401761174201965,-0.5764359831809998,0.6286877989768982,0.26917314529418945,-0.7909490466117859,0.6479004621505737,0.3154648244380951,-0.6726540327072144,0.6426137089729309,0.315051406621933,-0.7349529266357422,0.606766939163208,0.3196406662464142,-0.35509729385375977,0.5356916785240173,0.35629400610923767,-0.7446197271347046,0.5857400894165039,0.45087283849716187,-0.16462327539920807,0.5057032704353333,0.5118301510810852,-0.7624598741531372,0.5790708661079407,0.5578727722167969,-0.14124315977096558,0.5150766372680664,0.6806986927986145,-0.7741338610649109,0.5848403573036194,0.5922331213951111,-0.14035989344120026,0.5082536339759827,0.7293707728385925,-0.8307400345802307,0.5836385488510132,0.5934379696846008,-0.18170562386512756,0.5206863284111023,0.7275010943412781,-0.8446211218833923,0.5860105156898499,0.5786141157150269,-0.15848612785339355,0.5262811779975891,0.7078124284744263,-0.7789722681045532,0.5644440054893494,0.522068977355957,0.13380786776542664,0.5178939700126648,0.544535219669342,-0.13382546603679657,0.5653625726699829,0.6937421560287476,0.4070529639720917,0.5250940322875977,0.7310164570808411,-0.04432770982384682,0.5436435341835022,0.8572794795036316,0.7641431093215942,0.5190228223800659,0.9008379578590393,0.1355055719614029,0.5281827449798584,0.8839185833930969,0.7939976453781128,0.5042193531990051,0.9274086952209473,0.1439412385225296,0.5905219316482544,0.9029648900032043,0.6993468403816223,0.5381252765655518,0.9649199843406677,-0.038129933178424835
deadlift_2500191.jpg,0.659595787525177,0.43989190459251404,-0.8795821666717529,0.6667352318763733,0.41820472478866577,-0.8689683079719543,0.6681469678878784,0.4144493043422699,-0.868925154209137,0.6697218418121338,0.41007494926452637,-0.8689514398574829,0.6617247462272644,0.42103514075279236,-0.9071040749549866,0.659297525882721,0.41958731412887573,-0.9073692560195923,0.656694769859314,0.41805368661880493,-0.9076430797576904,0.6617838740348816,0.38264375925064087,-0.7237855195999146,0.6409717202186584,0.3980826437473297,-0.8963189721107483,0.654204785823822,0.442535400390625,-0.8124765753746033,0.647515594959259,0.4451551139354706,-0.8630372881889343,0.6395131349563599,0.379137247800827,-0.47963565587997437,0.5412614941596985,0.47302839159965515,-0.81099534034729,0.6222060918807983,0.5111076831817627,-0.31591737270355225,0.5060114860534668,0.6299995183944702,-0.849505603313446,0.6421539187431335,0.6500639319419861,-0.3300866186618805,0.5183521509170532,0.7878624200820923,-0.8873999714851379,0.6471783518791199,0.6803721785545349,-0.3398599922657013,0.5136489272117615,0.8197939395904541,-0.9582341909408569,0.6463099122047424,0.6887221336364746,-0.3839346170425415,0.5254451632499695,0.8180468082427979,-0.9735161066055298,0.63994300365448,0.6793705224990845,-0.34952446818351746,0.5293296575546265,0.8060302734375,-0.8955096006393433,0.5803232789039612,0.5417972207069397,0.1302804797887802,0.518775463104248,0.5705322623252869,-0.13043875992298126,0.583447277545929,0.707061231136322,0.3610754609107971,0.5415505766868591,0.7337504029273987,0.0058433134108781815,0.5456053018569946,0.8494139909744263,0.6938728094100952,0.5188507437705994,0.8938384056091309,0.3526800870895386,0.5363649129867554,0.8761124610900879,0.723789393901825,0.504413366317749,0.9179017543792725,0.37998488545417786,0.5952110290527344,0.9031356573104858,0.6247566342353821,0.5384579300880432,0.9483162760734558,0.2183961272239685
deadlift_2500201.jpg,0.6649264097213745,0.4821593463420868,-0.7276697754859924,0.6726481318473816,0.4605045020580292,-0.7132106423377991,0.6736217737197876,0.45727938413619995,-0.7132342457771301,0.6745429635047913,0.4536176919937134,-0.713279128074646,0.6676859259605408,0.46263551712036133,-0.7550239562988281,0.6651989221572876,0.4610607922077179,-0.7552458047866821,0.6625053286552429,0.4594159722328186,-0.7554958462715149,0.6611190438270569,0.42960646748542786,-0.5770661234855652,0.6445750594139099,0.4418604075908661,-0.7653452157974243,0.6570950150489807,0.4873432219028473,-0.6655358672142029,0.6515478491783142,0.4878236949443817,-0.7207592129707336,0.6337326169013977,0.43263718485832214,-0.3646124005317688,0.5420307517051697,0.5019762516021729,-0.7013986110687256,0.6138108968734741,0.5576191544532776,-0.18008190393447876,0.5090394616127014,0.6716640591621399,-0.717828094959259,0.6242231726646423,0.6871766448020935,-0.31992092728614807,0.5197708606719971,0.8202188014984131,-0.7311660647392273,0.6277593970298767,0.7193428874015808,-0.21415725350379944,0.5151233077049255,0.8534049391746521,-0.7914661169052124,0.6272628307342529,0.7344270348548889,-0.2566533088684082,0.5255529284477234,0.8489060401916504,-0.8072180151939392,0.6219093799591064,0.7189726829528809,-0.2856009602546692,0.5302106142044067,0.8367757797241211,-0.738486111164093,0.5762344598770142,0.5755717754364014,0.11924835294485092,0.5127320289611816,0.6173099279403687,-0.11917479336261749,0.5925999283790588,0.7137576341629028,0.20207267999649048,0.5460659861564636,0.7447644472122192,0.027354849502444267,0.5677512884140015,0.8580873012542725,0.5379053950309753,0.5202271938323975,0.8907572627067566,0.35185757279396057,0.5522395968437195,0.8824723362922668,0.5686725378036499,0.5059967637062073,0.9133172631263733,0.37929704785346985,0.6044867634773254,0.9044848084449768,0.49220672249794006,0.5544079542160034,0.9415211081504822,0.2611647844314575
deadlift_2500211.jpg,0.6615737676620483,0.49064958095550537,-0.637256383895874,0.6683828234672546,0.47298040986061096,-0.6245123744010925,0.6693716645240784,0.4701874256134033,-0.6245609521865845,0.6703208684921265,0.46708056330680847,-0.6246278882026672,0.6639277338981628,0.4741680920124054,-0.6628554463386536,0.6617423295974731,0.47223544120788574,-0.6630342602729797,0.6593669652938843,0.47005245089530945,-0.663215696811676,0.6566287875175476,0.44164741039276123,-0.5071171522140503,0.6420719623565674,0.4502899944782257,-0.6774958372116089,0.6549825072288513,0.4937213957309723,-0.5823191404342651,0.6497851014137268,0.49335741996765137,-0.6328819990158081,0.6361691355705261,0.4560485780239105,-0.3217110335826874,0.5496622920036316,0.51223224401474,-0.667837381362915,0.6117784380912781,0.5816506147384644,-0.199843630194664,0.5201707482337952,0.6732679009437561,-0.648586094379425,0.6154903769493103,0.7127598524093628,-0.23701541125774384,0.5645045042037964,0.771462082862854,-0.6423327326774597,0.6187623739242554,0.7450783848762512,-0.23721010982990265,0.5563613176345825,0.8116830587387085,-0.6949329972267151,0.6190508604049683,0.7487451434135437,-0.27766117453575134,0.574464738368988,0.7941778302192688,-0.7062861323356628,0.6152591705322266,0.7401929497718811,-0.250708669424057,0.5782048106193542,0.779292106628418,-0.647709310054779,0.5741764307022095,0.5920835137367249,0.10449247062206268,0.5141783356666565,0.6162007451057434,-0.10426470637321472,0.5962391495704651,0.7077116370201111,-0.039578281342983246,0.5511668920516968,0.7352452874183655,-0.23204681277275085,0.5654817819595337,0.8534862995147705,0.19374299049377441,0.5181572437286377,0.8947272300720215,-0.022819465026259422,0.550341010093689,0.8867244124412537,0.21195457875728607,0.5060527920722961,0.9168148636817932,-0.007500201463699341,0.6003575921058655,0.9056846499443054,0.11449078470468521,0.550413966178894,0.9432706236839294,-0.14097684621810913
deadlift_2500221.jpg,0.6676556468009949,0.4610244631767273,-0.6612729430198669,0.6753036975860596,0.44159799814224243,-0.6468406319618225,0.6761420369148254,0.43916428089141846,-0.6469208002090454,0.6769096255302429,0.43639495968818665,-0.6470270752906799,0.6711090207099915,0.4423483610153198,-0.6856717467308044,0.6687597632408142,0.44053447246551514,-0.6858479380607605,0.666080892086029,0.4383893609046936,-0.6860091090202332,0.6615312099456787,0.41727298498153687,-0.5214912295341492,0.6453847885131836,0.422547310590744,-0.6968280673027039,0.658951997756958,0.46742257475852966,-0.604127049446106,0.6539159417152405,0.466835618019104,-0.6554273962974548,0.6373879313468933,0.4414059817790985,-0.32889971137046814,0.5502229928970337,0.48002785444259644,-0.6548804640769958,0.610173761844635,0.5733305811882019,-0.22465425729751587,0.5213697552680969,0.6607552170753479,-0.665566623210907,0.611617922782898,0.7099367380142212,-0.26253122091293335,0.5443400740623474,0.7915433049201965,-0.6669368147850037,0.6172584295272827,0.7393293380737305,-0.2747015953063965,0.5363558530807495,0.8317152261734009,-0.7265141606330872,0.6144735813140869,0.7450611591339111,-0.31630629301071167,0.5471850633621216,0.8265966773033142,-0.739147961139679,0.6135321259498596,0.7348846197128296,-0.2806161344051361,0.5552923679351807,0.8105776309967041,-0.6727871298789978,0.5732078552246094,0.5724133253097534,0.10584034025669098,0.5094324350357056,0.6042800545692444,-0.10571744292974472,0.5921580195426941,0.7056411504745483,0.09727659821510315,0.5496347546577454,0.7356106042861938,-0.2420511394739151,0.5612742304801941,0.8600022196769714,0.3738642930984497,0.5187869071960449,0.8932898640632629,-0.03463097661733627,0.547636091709137,0.8777847290039062,0.3959473669528961,0.5030125975608826,0.9208191633224487,-0.020244885236024857,0.5991116166114807,0.9085339903831482,0.3118797540664673,0.5552712678909302,0.9408046007156372,-0.16157235205173492
deadlift_2500231.jpg,0.6626847982406616,0.25301605463027954,-0.5013906955718994,0.6686230301856995,0.2346469908952713,-0.47763606905937195,0.66900634765625,0.2340681105852127,-0.4777483642101288,0.6693732738494873,0.23322200775146484,-0.47787219285964966,0.6645352840423584,0.23290057480335236,-0.5170031189918518,0.6619167327880859,0.23053155839443207,-0.517056941986084,0.6589022278785706,0.22717231512069702,-0.5171475410461426,0.6534098982810974,0.22200584411621094,-0.3471793830394745,0.6384303569793701,0.21378059685230255,-0.5248386859893799,0.6547082662582397,0.2650269865989685,-0.4483102262020111,0.6490280628204346,0.26248466968536377,-0.4997352659702301,0.6258403062820435,0.31639450788497925,-0.151517853140831,0.5590627193450928,0.29655948281288147,-0.5706506371498108,0.5831308960914612,0.45108115673065186,-0.08739766478538513,0.5213882327079773,0.4857287108898163,-0.627865731716156,0.5700210928916931,0.5740702152252197,-0.13663499057292938,0.5162911415100098,0.6398856043815613,-0.6198915243148804,0.5774083733558655,0.6124098300933838,-0.1487015038728714,0.5089475512504578,0.6823446750640869,-0.6753849387168884,0.5664103031158447,0.6125537157058716,-0.18140806257724762,0.5196897983551025,0.6859292984008789,-0.6805773973464966,0.5634790658950806,0.5984346866607666,-0.15478625893592834,0.5235720276832581,0.6696641445159912,-0.6229156851768494,0.5417909026145935,0.49309828877449036,0.1180366575717926,0.49694907665252686,0.499040424823761,-0.11807354539632797,0.5624463558197021,0.669704020023346,0.1689046174287796,0.5291082262992859,0.6903846263885498,-0.17529454827308655,0.5583680868148804,0.8548409938812256,0.38147982954978943,0.5143722891807556,0.8931666016578674,-0.04626233130693436,0.5456445217132568,0.876096248626709,0.39486023783683777,0.4970094859600067,0.9179449081420898,-0.04100999981164932,0.5987352132797241,0.9081436991691589,0.3139711618423462,0.5715662240982056,0.9298043847084045,-0.18218466639518738
deadlift_2500241.jpg,,,,,,,,,,,,,,,,,,,,,,,,,,,,,,,,,,,,,,,,,,,,,,,,,,,,,,,,,,,,,,,,,,,,,,,,,,,,,,,,,,,,,,,,,,,,,,,,,,,
deadlift_2500251.jpg,0.18213215470314026,0.38854607939720154,-0.3617779612541199,0.18579505383968353,0.3743548095226288,-0.3402433395385742,0.18905824422836304,0.3747784197330475,-0.340259850025177,0.1921321302652359,0.375224769115448,-0.34026142954826355,0.17589005827903748,0.37375909090042114,-0.34347161650657654,0.1719486117362976,0.3739855885505676,-0.34351348876953125,0.16790635883808136,0.37435242533683777,-0.3435693681240082,0.19561251997947693,0.3820204734802246,-0.21410129964351654,0.16172364354133606,0.38271060585975647,-0.23416352272033691,0.1873345971107483,0.4050076901912689,-0.31586286425590515,0.175955131649971,0.40382686257362366,-0.3213794529438019,0.23454120755195618,0.4824467897415161,-0.13194577395915985,0.12770041823387146,0.48748767375946045,-0.16325782239437103,0.28177711367607117,0.5617831945419312,-0.06258304417133331,0.08035271614789963,0.5787534117698669,-0.1411629170179367,0.30639636516571045,0.6745129823684692,-0.14219032227993011,0.08656755089759827,0.7020880579948425,-0.21793340146541595,0.3127403259277344,0.7029556035995483,-0.1685362607240677,0.08776936680078506,0.7389657497406006,-0.24489499628543854,0.30309727787971497,0.7062996029853821,-0.19932755827903748,0.0970163494348526,0.7394710183143616,-0.276870459318161,0.29939183592796326,0.6975812315940857,-0.15542741119861603,0.09820662438869476,0.7285531163215637,-0.23251381516456604,0.21572765707969666,0.700802743434906,0.020594557747244835,0.16398091614246368,0.700700581073761,-0.020653102546930313,0.2230173498392105,0.8283675909042358,0.09929091483354568,0.16377457976341248,0.8382415771484375,0.05189928784966469,0.21166406571865082,0.9316620826721191,0.3642411231994629,0.16531473398208618,0.946869432926178,0.29586756229400635,0.20383188128471375,0.9445016384124756,0.38575607538223267,0.16678933799266815,0.9570549726486206,0.3152729868888855,0.21518094837665558,0.9680226445198059,0.28777045011520386,0.17196771502494812,0.975700318813324,0.19621844589710236
deadlift_2500261.jpg,0.18214593827724457,0.38658425211906433,-0.3599229156970978,0.18592186272144318,0.37286296486854553,-0.3379253149032593,0.18917058408260345,0.3734924793243408,-0.33793944120407104,0.1922709047794342,0.37411847710609436,-0.3379467725753784,0.1758909672498703,0.37194743752479553,-0.3414280116558075,0.17193223536014557,0.3721839487552643,-0.34145334362983704,0.1678806096315384,0.37271156907081604,-0.341499000787735,0.19584020972251892,0.3812091052532196,-0.2093626707792282,0.1616627275943756,0.3818461000919342,-0.2308606654405594,0.1874317228794098,0.40403780341148376,-0.3132142424583435,0.17594768106937408,0.4030073881149292,-0.31901413202285767,0.23464010655879974,0.4827392101287842,-0.11950536072254181,0.12668830156326294,0.48751288652420044,-0.1634218841791153,0.2821926772594452,0.5617890357971191,-0.03573191910982132,0.0802563726902008,0.5793232917785645,-0.14167067408561707,0.3061918318271637,0.6743242740631104,-0.11311773955821991,0.08583635836839676,0.7023976445198059,-0.21740280091762543,0.3124895989894867,0.7043558359146118,-0.14011436700820923,0.08731631934642792,0.7396246790885925,-0.24487636983394623,0.30266985297203064,0.7066806554794312,-0.1724134236574173,0.09691714495420456,0.7397492527961731,-0.27674683928489685,0.2989629805088043,0.6979514360427856,-0.127236008644104,0.09822260588407516,0.7293605208396912,-0.23178623616695404,0.2157362401485443,0.7007932662963867,0.0247456394135952,0.1633734256029129,0.7008000612258911,-0.02477078326046467,0.21683642268180847,0.8293999433517456,0.1065782755613327,0.16251812875270844,0.8349186182022095,0.05155538395047188,0.2106497883796692,0.9328242540359497,0.3937160074710846,0.16268719732761383,0.946074366569519,0.31245139241218567,0.20253008604049683,0.9454421401023865,0.4179152250289917,0.1630915105342865,0.9570426344871521,0.3348613679409027,0.21510468423366547,0.9702869653701782,0.32194337248802185,0.17002582550048828,0.9769136309623718,0.2165095955133438
deadlift_2500271.jpg,0.18214260041713715,0.3854053020477295,-0.360291451215744,0.18594427406787872,0.3720763325691223,-0.3383433222770691,0.1891857087612152,0.3727854788303375,-0.33835604786872864,0.1922919899225235,0.37348344922065735,-0.3383671045303345,0.1758815199136734,0.3711146116256714,-0.3417092263698578,0.17190313339233398,0.3713853657245636,-0.3417263627052307,0.1678532510995865,0.3719940483570099,-0.3417649567127228,0.19593431055545807,0.380704790353775,-0.20996256172657013,0.16162319481372833,0.3813605308532715,-0.231001079082489,0.18749448657035828,0.4034079313278198,-0.31364744901657104,0.1759377121925354,0.4024319648742676,-0.3192172944545746,0.23470312356948853,0.48274263739585876,-0.12008603662252426,0.12641365826129913,0.4874863922595978,-0.1645621359348297,0.2823648154735565,0.5618568658828735,-0.040566541254520416,0.08013313263654709,0.5795547962188721,-0.14306363463401794,0.3057394027709961,0.6742990016937256,-0.12103579938411713,0.08528623729944229,0.7024809122085571,-0.21708866953849792,0.3114291727542877,0.7055128812789917,-0.14720980823040009,0.08701658248901367,0.7399190068244934,-0.24479161202907562,0.3023184835910797,0.7070935368537903,-0.17817501723766327,0.09681877493858337,0.7398556470870972,-0.276676744222641,0.2986288368701935,0.6986168622970581,-0.13451263308525085,0.09822260588407516,0.7297168970108032,-0.2315276712179184,0.21600134670734406,0.700104296207428,0.024645887315273285,0.16289640963077545,0.7006986141204834,-0.024687398225069046,0.2189066857099533,0.829365611076355,0.1060054674744606,0.1623702496290207,0.8323966264724731,0.05240912362933159,0.21065841615200043,0.9345024824142456,0.38022086024284363,0.16126054525375366,0.9466408491134644,0.30926594138145447,0.20261287689208984,0.946941614151001,0.4014156758785248,0.16167011857032776,0.9570474624633789,0.330729603767395,0.21977286040782928,0.9793076515197754,0.2986680567264557,0.1681326925754547,0.977942168712616,0.21223832666873932
deadlift_2500281.jpg,0.18181166052818298,0.3864007294178009,-0.14625690877437592,0.18662475049495697,0.3763050436973572,-0.12657007575035095,0.19009341299533844,0.37670156359672546,-0.12660740315914154,0.19328288733959198,0.3767223060131073,-0.1267015039920807,0.17620506882667542,0.3759681284427643,-0.1250280886888504,0.17282652854919434,0.3762114942073822,-0.12493418157100677,0.1685364842414856,0.3759184181690216,-0.12496178597211838,0.20005297660827637,0.3852657377719879,-0.04354826733469963,0.16828231513500214,0.38109275698661804,-0.03620978817343712,0.18787217140197754,0.3998129665851593,-0.11646683514118195,0.17843560874462128,0.3953854739665985,-0.11434772610664368,0.23428049683570862,0.437295526266098,-0.06531284749507904,0.1527014523744583,0.44544413685798645,-0.02657623402774334,0.23962335288524628,0.39812982082366943,-0.202206090092659,0.12531878054141998,0.4323773980140686,-0.1346997767686844,0.2038407325744629,0.32530683279037476,-0.27076321840286255,0.1297600418329239,0.348615825176239,-0.2101125568151474,0.19522346556186676,0.3080257773399353,-0.3012339770793915,0.12919338047504425,0.3270864188671112,-0.23935751616954803,0.1878320574760437,0.307364821434021,-0.2754516005516052,0.13315045833587646,0.3264619708061218,-0.23483850061893463,0.19047723710536957,0.31020426750183105,-0.26497915387153625,0.1353982836008072,0.3366731107234955,-0.21381179988384247,0.22469139099121094,0.6134679317474365,-0.0204804465174675,0.17725031077861786,0.6137317419052124,0.020608169957995415,0.23682139813899994,0.6924132108688354,-0.17040123045444489,0.17679837346076965,0.6819553971290588,-0.11003715544939041,0.22883526980876923,0.8098877668380737,-0.09972552955150604,0.17749713361263275,0.7778834104537964,-0.042326051741838455,0.2288472205400467,0.8254063725471497,-0.09700313955545425,0.18434685468673706,0.7965624332427979,-0.038144033402204514,0.22526444494724274,0.8529009222984314,-0.17838169634342194,0.15612293779850006,0.8063227534294128,-0.11042316257953644
deadlift_2500291.jpg,0.1817033886909485,0.39128607511520386,-0.16560056805610657,0.18604935705661774,0.38340991735458374,-0.15271572768688202,0.18921302258968353,0.3833676278591156,-0.15272417664527893,0.1921868622303009,0.3832618296146393,-0.1527864634990692,0.17623108625411987,0.3840354382991791,-0.15292733907699585,0.17301608622074127,0.3843923807144165,-0.1529189646244049,0.16938276588916779,0.38458696007728577,-0.15297295153141022,0.19770604372024536,0.39112570881843567,-0.08746398985385895,0.16839192807674408,0.3921172618865967,-0.0881461650133133,0.18780671060085297,0.40240028500556946,-0.14121213555335999,0.17838597297668457,0.4013824760913849,-0.14144818484783173,0.21440447866916656,0.4335857927799225,-0.07979733496904373,0.1650129109621048,0.43956512212753296,-0.06951618194580078,0.22159062325954437,0.37697136402130127,-0.15593357384204865,0.1497909277677536,0.38005027174949646,-0.12047796696424484,0.18365775048732758,0.3047860562801361,-0.22954756021499634,0.14443978667259216,0.31656500697135925,-0.13507728278636932,0.1731986105442047,0.289128839969635,-0.21591924130916595,0.14174634218215942,0.29961860179901123,-0.1455407589673996,0.17017166316509247,0.2898271679878235,-0.16949211061000824,0.14295320212841034,0.3024589419364929,-0.14357757568359375,0.173357754945755,0.28879982233047485,-0.18340368568897247,0.1444256454706192,0.3101586103439331,-0.13773833215236664,0.2208460122346878,0.5915559530258179,-0.014050685800611973,0.1836826205253601,0.592031717300415,0.01393439993262291,0.2297663539648056,0.6501590013504028,-0.0969787985086441,0.18575674295425415,0.6407053470611572,-0.06161029636859894,0.20586851239204407,0.7288904190063477,-0.045783042907714844,0.176370307803154,0.7218704223632812,0.0036398316733539104,0.20355366170406342,0.7384873032569885,-0.04399622604250908,0.18011698126792908,0.7311627864837646,0.007237560581415892,0.20388278365135193,0.7529457807540894,-0.09995510429143906,0.1584087312221527,0.7535921931266785,-0.04237476363778114
deadlift_2500301.jpg,0.21093590557575226,0.39314883947372437,-0.1670442670583725,0.21367666125297546,0.3850768208503723,-0.16359545290470123,0.2160612791776657,0.38470280170440674,-0.16360031068325043,0.2184060662984848,0.38436970114707947,-0.16364827752113342,0.2073649913072586,0.38641297817230225,-0.160024031996727,0.2053423672914505,0.3869449496269226,-0.16008393466472626,0.20336326956748962,0.38743022084236145,-0.1601758599281311,0.22341462969779968,0.39093127846717834,-0.12007720023393631,0.20319437980651855,0.39430156350135803,-0.10628272593021393,0.21689210832118988,0.40252768993377686,-0.14920219779014587,0.20921704173088074,0.40293553471565247,-0.14436836540699005,0.22800832986831665,0.4199126660823822,-0.11352888494729996,0.20585474371910095,0.4324513375759125,-0.07329897582530975,0.21906018257141113,0.3595348298549652,-0.1684771329164505,0.17571279406547546,0.38056933879852295,-0.10638169944286346,0.18558798730373383,0.3096429109573364,-0.1911381334066391,0.18178759515285492,0.331418514251709,-0.10982508957386017,0.17581170797348022,0.29539281129837036,-0.186469167470932,0.18443363904953003,0.31863898038864136,-0.11905067414045334,0.17644470930099487,0.2980678081512451,-0.1638648808002472,0.18534158170223236,0.3184373378753662,-0.1155124232172966,0.1798402965068817,0.3046361207962036,-0.163608118891716,0.18433219194412231,0.3238540291786194,-0.11111976206302643,0.24141356348991394,0.5812758207321167,-0.016584767028689384,0.22875724732875824,0.5839301347732544,0.016195399686694145,0.24062545597553253,0.624480664730072,0.09572293609380722,0.24255932867527008,0.6290059685707092,0.14381155371665955,0.2533028721809387,0.6505759954452515,0.03191017359495163,0.2526247501373291,0.6586703658103943,0.20287704467773438,0.25666266679763794,0.651497483253479,0.09904837608337402,0.2550658881664276,0.6600885391235352,0.20842286944389343,0.24228374660015106,0.6836910843849182,0.15749479830265045,0.24300332367420197,0.6887187361717224,0.2056911140680313
deadlift_2500311.jpg,0.20278403162956238,0.3760106861591339,-0.16193322837352753,0.2059277892112732,0.3673948645591736,-0.15791158378124237,0.2087218016386032,0.36651208996772766,-0.15792562067508698,0.2114838808774948,0.3657166659832001,-0.15796341001987457,0.1983441859483719,0.3700188100337982,-0.15855199098587036,0.19581343233585358,0.370919406414032,-0.1585584431886673,0.19326592981815338,0.37180349230766296,-0.15864446759223938,0.2167990654706955,0.3699381947517395,-0.10730697214603424,0.19149133563041687,0.37802016735076904,-0.11136624962091446,0.2089306265115738,0.3829900622367859,-0.13898320496082306,0.20034407079219818,0.3858638405799866,-0.14057955145835876,0.21925632655620575,0.39903220534324646,-0.07238515466451645,0.19618545472621918,0.41096997261047363,-0.08703333884477615,0.21783198416233063,0.39555269479751587,-0.0829680785536766,0.18350373208522797,0.39332079887390137,-0.13127870857715607,0.18949876725673676,0.3514869809150696,-0.10228614509105682,0.1841413378715515,0.34334230422973633,-0.15697434544563293,0.18011219799518585,0.3400269150733948,-0.11355815082788467,0.18499349057674408,0.3308214247226715,-0.16876435279846191,0.18113872408866882,0.3358374834060669,-0.10760804265737534,0.183340385556221,0.32654058933258057,-0.1619923710823059,0.18389162421226501,0.3414475619792938,-0.09943100064992905,0.1831076443195343,0.3321933448314667,-0.1401049643754959,0.2387644648551941,0.5565115809440613,-0.00020069505262654275,0.21862605214118958,0.559168815612793,-0.00024021550780162215,0.23829683661460876,0.6202189326286316,0.12553100287914276,0.2311708778142929,0.629704475402832,0.07230592519044876,0.24551449716091156,0.6774848699569702,0.22460392117500305,0.24466060101985931,0.6741119623184204,0.15356343984603882,0.24734053015708923,0.6908968687057495,0.23964542150497437,0.24620561301708221,0.688495397567749,0.1620987355709076,0.2414526641368866,0.6926549673080444,0.21251828968524933,0.23874743282794952,0.6942163705825806,0.1583205759525299
deadlift_2500321.jpg,0.2062428891658783,0.3848212659358978,-0.037472233176231384,0.20991483330726624,0.38167962431907654,-0.04354221746325493,0.21113146841526031,0.38182970881462097,-0.043538741767406464,0.21242143213748932,0.38211551308631897,-0.043538082391023636,0.20798830687999725,0.38182276487350464,-0.031149515882134438,0.2078864723443985,0.3821050822734833,-0.031199606135487556,0.20785795152187347,0.3824102282524109,-0.031239382922649384,0.21735718846321106,0.3889637291431427,-0.05635354295372963,0.21200639009475708,0.3888324797153473,-0.0007442876813001931,0.20879097282886505,0.3906494677066803,-0.0397648960351944,0.20610873401165009,0.39150741696357727,-0.023865098133683205,0.21739092469215393,0.4184715747833252,-0.079910047352314,0.2155407816171646,0.4251917600631714,0.04174412414431572,0.19305628538131714,0.37947914004325867,-0.09305401891469955,0.192735955119133,0.38758528232574463,0.05442486330866814,0.1709824949502945,0.3139578402042389,-0.08441527932882309,0.17919448018074036,0.32988041639328003,0.020882487297058105,0.16395285725593567,0.29891327023506165,-0.09609408676624298,0.17822469770908356,0.318673312664032,0.02188502438366413,0.16615739464759827,0.2981930375099182,-0.07841258496046066,0.17801441252231598,0.3142891228199005,0.013887601904571056,0.16792181134223938,0.30480116605758667,-0.0768355131149292,0.17811842262744904,0.3183668851852417,0.01640276052057743,0.2378477156162262,0.5683454871177673,-0.04777562618255615,0.23771467804908752,0.5676511526107788,0.04731076955795288,0.22802694141864777,0.607711672782898,0.03305904194712639,0.23011669516563416,0.6031251549720764,0.11386902630329132,0.24062083661556244,0.6560205221176147,-0.017822908237576485,0.24678544700145721,0.6540988683700562,0.025643520057201385,0.23782113194465637,0.657060980796814,-0.020339202135801315,0.2514747083187103,0.6576654314994812,0.0168718621134758,0.23692962527275085,0.689481794834137,-0.03275001049041748,0.2421424239873886,0.6934046149253845,0.0017724750796332955
deadlift_2500331.jpg,0.2045750468969345,0.3917052745819092,-0.11546983569860458,0.2087387889623642,0.38679444789886475,-0.1138434186577797,0.21065232157707214,0.38674092292785645,-0.11386462301015854,0.21257440745830536,0.38679686188697815,-0.11391465365886688,0.2043992131948471,0.38715264201164246,-0.10271411389112473,0.20323966443538666,0.3873964846134186,-0.1027466431260109,0.20206891000270844,0.3876701891422272,-0.10276620090007782,0.21870779991149902,0.3922143280506134,-0.0891045480966568,0.20445483922958374,0.3930703401565552,-0.038029808551073074,0.2088640183210373,0.3974611461162567,-0.10401534289121628,0.2037348747253418,0.39855828881263733,-0.08938697725534439,0.21848973631858826,0.41912543773651123,-0.11198259890079498,0.2057114988565445,0.42855948209762573,0.01373318675905466,0.20253683626651764,0.3737242817878723,-0.1851472407579422,0.1817231923341751,0.3904823660850525,-0.00032657396513968706,0.1708495020866394,0.31653186678886414,-0.18461565673351288,0.171308696269989,0.3345225155353546,-0.04203424230217934,0.16229072213172913,0.3017309904098511,-0.2083894908428192,0.16948792338371277,0.32078611850738525,-0.05217161029577255,0.16210715472698212,0.3009778559207916,-0.18449871242046356,0.17002584040164948,0.31784480810165405,-0.05743533372879028,0.16490116715431213,0.3077734112739563,-0.17694638669490814,0.17080973088741302,0.3234734535217285,-0.04778604954481125,0.2401074320077896,0.5664597153663635,-0.05137313902378082,0.2326432764530182,0.5648097395896912,0.05106152966618538,0.22646234929561615,0.615630030632019,-0.03887756168842316,0.23656602203845978,0.6044938564300537,0.07838239520788193,0.23976176977157593,0.6659925580024719,-0.00575244752690196,0.2657583951950073,0.6550200581550598,0.041352592408657074,0.24332043528556824,0.6754935383796692,-0.0015356878284364939,0.27274397015571594,0.6587950587272644,0.0391000472009182,0.2402837872505188,0.6952855587005615,-0.028856823220849037,0.25178590416908264,0.6926567554473877,0.008845387026667595
deadlift_2500341.jpg,0.2061302214860916,0.3912981152534485,-0.12087218463420868,0.20691631734371185,0.38441118597984314,-0.114369697868824,0.20863649249076843,0.3841768503189087,-0.11437078565359116,0.21058468520641327,0.38413920998573303,-0.11437026411294937,0.20187115669250488,0.3859249949455261,-0.11337693780660629,0.20097097754478455,0.38630974292755127,-0.11339013278484344,0.20006723701953888,0.3868551552295685,-0.11346730589866638,0.21623416244983673,0.38537269830703735,-0.07119450718164444,0.19820338487625122,0.3906939625740051,-0.06581119447946548,0.2111213356256485,0.3976374864578247,-0.10313635319471359,0.20476314425468445,0.39872443675994873,-0.10224847495555878,0.21882790327072144,0.42243728041648865,-0.06509712338447571,0.20438863337039948,0.4326556324958801,-0.02331620454788208,0.2142387479543686,0.3809027075767517,-0.10038585960865021,0.18948130309581757,0.3929770290851593,-0.07371870428323746,0.17882291972637177,0.3251698315143585,-0.1170627549290657,0.18178744614124298,0.3370237350463867,-0.09038393199443817,0.16802455484867096,0.31243860721588135,-0.13396771252155304,0.1806437075138092,0.32448115944862366,-0.1033085361123085,0.16754493117332458,0.3111521303653717,-0.12169958651065826,0.17991037666797638,0.3226793110370636,-0.11432868987321854,0.17136335372924805,0.31729328632354736,-0.11433437466621399,0.18042030930519104,0.3281788229942322,-0.09813123196363449,0.2457025647163391,0.5690363645553589,-0.013618084602057934,0.23340198397636414,0.5737434029579163,0.013318554498255253,0.2601006329059601,0.6247726678848267,0.029855184257030487,0.24664558470249176,0.637633204460144,0.07782702147960663,0.25223714113235474,0.7108248472213745,0.0006375443772412837,0.2545766532421112,0.7092017531394958,0.12420573085546494,0.2486383616924286,0.7218822240829468,0.04551519826054573,0.25638559460639954,0.712468147277832,0.1323147714138031,0.2610332667827606,0.7378588914871216,0.041721161454916,0.2565785050392151,0.7432554364204407,0.10403656959533691
deadlift_2500351.jpg,0.19525495171546936,0.3549402952194214,-0.22368691861629486,0.19842150807380676,0.34539976716041565,-0.2144383043050766,0.201375812292099,0.34459030628204346,-0.21443480253219604,0.2044062614440918,0.3438614010810852,-0.21451982855796814,0.19079069793224335,0.34765106439590454,-0.2091749608516693,0.1810716688632965,0.34034836292266846,-0.2091788649559021,0.18030381202697754,0.34145790338516235,-0.2092093527317047,0.2119644284248352,0.3480471670627594,-0.15265604853630066,0.18619415163993835,0.355241984128952,-0.12858723104000092,0.20387418568134308,0.36355870962142944,-0.19952687621116638,0.19346003234386444,0.36614567041397095,-0.19259586930274963,0.22332699596881866,0.38423699140548706,-0.1495298445224762,0.19168514013290405,0.40041282773017883,-0.08437127619981766,0.23354662954807281,0.3864133954048157,-0.2711981534957886,0.17541880905628204,0.40575191378593445,-0.1497260183095932,0.1844242513179779,0.3281443417072296,-0.33406010270118713,0.17382390797138214,0.352941632270813,-0.2074197381734848,0.1714581400156021,0.3111443817615509,-0.36120715737342834,0.174353688955307,0.3391473889350891,-0.22395864129066467,0.16923309862613678,0.3086158037185669,-0.3309468626976013,0.17153824865818024,0.33591216802597046,-0.22351498901844025,0.17309673130512238,0.3176194727420807,-0.32522648572921753,0.17734511196613312,0.34255728125572205,-0.21049122512340546,0.24499168992042542,0.532160222530365,-0.021980009973049164,0.2282802015542984,0.53867506980896,0.021775048226118088,0.2627266049385071,0.5472028255462646,-0.1636611521244049,0.24605408310890198,0.5661157369613647,-0.09026698768138885,0.2494177371263504,0.6438127160072327,-0.033736951649188995,0.24491828680038452,0.6538554430007935,0.04064665362238884,0.24588237702846527,0.6518093347549438,-0.020980067551136017,0.24356642365455627,0.662121057510376,0.05223873630166054,0.260429322719574,0.6892673373222351,-0.06654077023267746,0.23547488451004028,0.7027940154075623,0.0027816505171358585
deadlift_2500361.jpg,,,,,,,,,,,,,,,,,,,,,,,,,,,,,,,,,,,,,,,,,,,,,,,,,,,,,,,,,,,,,,,,,,,,,,,,,,,,,,,,,,,,,,,,,,,,,,,,,,,
deadlift_2500371.jpg,0.5699856281280518,0.026222437620162964,-0.25443384051322937,0.5672891736030579,0.011750311590731144,-0.23518003523349762,0.5674404501914978,0.011770038865506649,-0.2352531999349594,0.5675125122070312,0.011855154298245907,-0.23527571558952332,0.5621926188468933,0.011022210121154785,-0.2716979682445526,0.5585784912109375,0.010580182075500488,-0.27176088094711304,0.5544565320014954,0.010194092988967896,-0.27194634079933167,0.5542423129081726,0.01668626070022583,-0.13086555898189545,0.5372944474220276,0.014911532402038574,-0.2934807538986206,0.565535306930542,0.040737807750701904,-0.21232444047927856,0.5596792101860046,0.04057419300079346,-0.25917848944664,0.5660971999168396,0.14287042617797852,-0.003916344605386257,0.49071311950683594,0.1289331018924713,-0.3457231819629669,0.5737143754959106,0.29934582114219666,0.04884364455938339,0.4935564398765564,0.3220403790473938,-0.3699074685573578,0.5911433100700378,0.4325849413871765,-0.02643263153731823,0.5011201500892639,0.4818553626537323,-0.3684030771255493,0.5978405475616455,0.46882447600364685,-0.04647550359368324,0.5005847215652466,0.5233163237571716,-0.41030168533325195,0.5926633477210999,0.47238919138908386,-0.08035032451152802,0.5091034770011902,0.5257880687713623,-0.4335114657878876,0.5872237682342529,0.46505364775657654,-0.04546961560845375,0.5117932558059692,0.5124858617782593,-0.3774510622024536,0.549916684627533,0.4050745368003845,0.09229206293821335,0.5179455280303955,0.406236469745636,-0.09245606511831284,0.5491579174995422,0.595740795135498,0.10533573478460312,0.5284706950187683,0.5920532941818237,-0.0383610725402832,0.5449094772338867,0.7544282674789429,0.3294616639614105,0.5131217837333679,0.747863233089447,0.21956951916217804,0.5275956988334656,0.7593761086463928,0.3418903350830078,0.5060253739356995,0.7441744208335876,0.23678407073020935,0.5440667271614075,0.7800270318984985,0.2141059786081314,0.5227662920951843,0.7767908573150635,0.09081010520458221
deadlift_2500381.jpg,0.6230260133743286,0.14872725307941437,-0.3269125819206238,0.6276960968971252,0.12847821414470673,-0.304026335477829,0.6285260915756226,0.12763051688671112,-0.3040429353713989,0.6292861104011536,0.12663231790065765,-0.30399343371391296,0.6222686171531677,0.12557771801948547,-0.3505585491657257,0.6187097430229187,0.1220126673579216,-0.3506273925304413,0.6144612431526184,0.11779967695474625,-0.3507421910762787,0.6164892315864563,0.11935906112194061,-0.17203086614608765,0.5924732089042664,0.10629240423440933,-0.38445499539375305,0.6151190400123596,0.16419383883476257,-0.2725432515144348,0.6085301637649536,0.16052107512950897,-0.3340844213962555,0.5812700390815735,0.2259073108434677,-0.0018164508510380983,0.5205233693122864,0.21676139533519745,-0.43237102031707764,0.570338249206543,0.36854857206344604,0.11288874596357346,0.49367475509643555,0.3970070779323578,-0.4676283895969391,0.5883834958076477,0.4351244270801544,0.07421395182609558,0.5006200671195984,0.5610333681106567,-0.4780801832675934,0.592852771282196,0.46681663393974304,0.07256598770618439,0.4988466799259186,0.6022345423698425,-0.5300256013870239,0.5937355160713196,0.45711469650268555,0.033871062099933624,0.5088599920272827,0.6049816608428955,-0.5363340973854065,0.5900971293449402,0.44930416345596313,0.054661672562360764,0.5111001133918762,0.5911726951599121,-0.48015135526657104,0.5443581342697144,0.4979507029056549,0.12688398361206055,0.5122101306915283,0.5036841034889221,-0.1270316243171692,0.5491743087768555,0.6826601624488831,0.2682987153530121,0.5229045748710632,0.7027334570884705,-0.016363296657800674,0.5423285961151123,0.8572168946266174,0.4715912640094757,0.5119158625602722,0.888523519039154,0.20411944389343262,0.5276324152946472,0.8900300860404968,0.4851525127887726,0.5058859586715698,0.9055212140083313,0.21696536242961884,0.586185872554779,0.9060725569725037,0.3991270065307617,0.5547395944595337,0.9068135619163513,0.07804195582866669
deadlift_2500391.jpg,0.6488580703735352,0.3189654052257538,-0.7286635637283325,0.6548330783843994,0.29828011989593506,-0.7146834135055542,0.655813455581665,0.29611489176750183,-0.7145938277244568,0.65678471326828,0.2936887741088867,-0.7145668864250183,0.6491215229034424,0.2974598705768585,-0.7562732100486755,0.6458076238632202,0.2946178913116455,-0.7564604878425598,0.6421880722045898,0.29124900698661804,-0.7566669583320618,0.6420326232910156,0.27649790048599243,-0.5729018449783325,0.6210949420928955,0.27383553981781006,-0.7665637135505676,0.6404725313186646,0.32670560479164124,-0.6669327020645142,0.6324331760406494,0.32579103112220764,-0.7234681844711304,0.6086461544036865,0.3230195641517639,-0.3554139733314514,0.5257527828216553,0.3664414584636688,-0.7084311246871948,0.6030627489089966,0.4696900546550751,-0.15920716524124146,0.4992329776287079,0.5478354096412659,-0.7113685011863708,0.5908505916595459,0.5796029567718506,-0.13333973288536072,0.5058041214942932,0.688448429107666,-0.718439519405365,0.5930076241493225,0.6227841973304749,-0.1313447207212448,0.5024087429046631,0.7315226197242737,-0.7681795358657837,0.5956847667694092,0.6239278316497803,-0.16930653154850006,0.513947606086731,0.7282437086105347,-0.7853274941444397,0.5931736826896667,0.5969808101654053,-0.1486150473356247,0.5174694657325745,0.7131247520446777,-0.7246082425117493,0.5715809464454651,0.5391718149185181,0.11828663945198059,0.5157393217086792,0.562652587890625,-0.11846034973859787,0.5729085803031921,0.7181162238121033,0.43600744009017944,0.5143787860870361,0.7484353184700012,0.019937388598918915,0.5500902533531189,0.861066460609436,0.7967999577522278,0.5092738270759583,0.9090372920036316,0.20622661709785461,0.5377084612846375,0.8921293616294861,0.8290548324584961,0.4995550215244293,0.9350220561027527,0.21974103152751923,0.596849262714386,0.9160491228103638,0.7434499859809875,0.5485135316848755,0.9627781510353088,0.05957207828760147
deadlift_2500401.jpg,0.6516071557998657,0.4339900612831116,-0.706993818283081,0.6590477824211121,0.4132877290248871,-0.6971185803413391,0.6602254509925842,0.41002175211906433,-0.6971140503883362,0.6613124012947083,0.40656933188438416,-0.69716876745224,0.6538383364677429,0.4156150817871094,-0.7366278171539307,0.6512027382850647,0.414215624332428,-0.7368248701095581,0.6483777165412903,0.4126761853694916,-0.7370058298110962,0.6485807299613953,0.3859374225139618,-0.5816519260406494,0.6301305294036865,0.39800867438316345,-0.7614059448242188,0.6434835195541382,0.4401472806930542,-0.6528916954994202,0.6366000771522522,0.4416404366493225,-0.7056348919868469,0.6123417615890503,0.40772464871406555,-0.38554564118385315,0.5398098826408386,0.4715994596481323,-0.7059110999107361,0.5956096053123474,0.5410166382789612,-0.28224727511405945,0.5275500416755676,0.6426482796669006,-0.7324348092079163,0.5955216884613037,0.6825270056724548,-0.3371490240097046,0.5687461495399475,0.7377654314041138,-0.7508029341697693,0.599277675151825,0.7080965042114258,-0.3549844026565552,0.5512419939041138,0.7831090092658997,-0.8093194365501404,0.6057105660438538,0.7212994694709778,-0.3940619230270386,0.5600449442863464,0.7794448137283325,-0.8209141492843628,0.6011407375335693,0.7109478712081909,-0.35624629259109497,0.5675515532493591,0.7621452212333679,-0.7562453150749207,0.5713922381401062,0.5559006333351135,0.11609359830617905,0.5173923969268799,0.5972915291786194,-0.11616382002830505,0.5836580991744995,0.7148944139480591,0.30247485637664795,0.5351385474205017,0.7619541883468628,-0.10382656008005142,0.5503737330436707,0.8633795976638794,0.6018139719963074,0.5095880031585693,0.9125293493270874,0.049156852066516876,0.5382640957832336,0.8935933709144592,0.6259490847587585,0.49999794363975525,0.9339064955711365,0.056676190346479416,0.5958545804023743,0.9146698713302612,0.5381368398666382,0.5509350299835205,0.9625540971755981,-0.11023839563131332
deadlift_2500411.jpg,0.6481240391731262,0.4870764911174774,-0.796423077583313,0.6551045179367065,0.46996039152145386,-0.7831175923347473,0.6565282344818115,0.46701252460479736,-0.783153235912323,0.6579639911651611,0.4636470675468445,-0.7832671999931335,0.6494489908218384,0.4715636372566223,-0.8148649334907532,0.6466881036758423,0.46992745995521545,-0.8150796294212341,0.6436055302619934,0.4680515229701996,-0.8152725696563721,0.6494019627571106,0.44083738327026367,-0.6349925994873047,0.6246012449264526,0.4512403607368469,-0.777340292930603,0.641648530960083,0.48958510160446167,-0.729587197303772,0.6343299746513367,0.4912688434123993,-0.7714748978614807,0.6274614334106445,0.4400152862071991,-0.4136854410171509,0.533898115158081,0.505680501461029,-0.6729238629341125,0.5960811376571655,0.5566492676734924,-0.2687614858150482,0.5185286402702332,0.6644101738929749,-0.6934337615966797,0.6019784212112427,0.6920018792152405,-0.2939359247684479,0.5546464323997498,0.7893329858779907,-0.7443820238113403,0.6054229736328125,0.7195025086402893,-0.3070771396160126,0.5465423464775085,0.8204259276390076,-0.8054126501083374,0.6075656414031982,0.7297011613845825,-0.346162885427475,0.5459909439086914,0.8102225661277771,-0.8243735432624817,0.6014401316642761,0.7212600111961365,-0.31123825907707214,0.5559002161026001,0.804503321647644,-0.7541419863700867,0.5711147785186768,0.5660735368728638,0.10590589791536331,0.509727954864502,0.5943343043327332,-0.1055789664387703,0.5857518315315247,0.6969614624977112,0.1779986470937729,0.5341871380805969,0.7543746829032898,-0.15516622364521027,0.551934540271759,0.8423375487327576,0.5318514704704285,0.508672833442688,0.9057462811470032,0.04590127244591713,0.5387664437294006,0.8691214919090271,0.5575286149978638,0.4990174174308777,0.9231131672859192,0.05856720730662346,0.5878114700317383,0.8888067603111267,0.4593766927719116,0.5382696390151978,0.9688706398010254,-0.12317831069231033
deadlift_2500421.jpg,0.6493180990219116,0.48723283410072327,-0.741435706615448,0.6556580066680908,0.4718681871891022,-0.7276429533958435,0.6570160388946533,0.4693591296672821,-0.7276729345321655,0.6583137512207031,0.466528058052063,-0.7277955412864685,0.6500971913337708,0.4728797376155853,-0.7558744549751282,0.647330105304718,0.47100889682769775,-0.7560747265815735,0.6442335844039917,0.4686739146709442,-0.7562124729156494,0.6483972668647766,0.44228753447532654,-0.58380526304245,0.6252953410148621,0.4482300579547882,-0.7107387185096741,0.64371258020401,0.48928549885749817,-0.6768550872802734,0.6367374062538147,0.48892903327941895,-0.7141668796539307,0.6368802785873413,0.4607367217540741,-0.37477967143058777,0.5384873151779175,0.4903060793876648,-0.6055368781089783,0.6018685102462769,0.5708562731742859,-0.26379773020744324,0.5046347379684448,0.6201105117797852,-0.6278268098831177,0.6051620841026306,0.6920226216316223,-0.31394535303115845,0.5047196745872498,0.7455297112464905,-0.6764128804206848,0.60744708776474,0.7226048707962036,-0.329962819814682,0.49615049362182617,0.7762491106987,-0.7301265001296997,0.6085547804832458,0.7304663062095642,-0.3694426715373993,0.5062820911407471,0.775876522064209,-0.7473636269569397,0.601922869682312,0.7212564945220947,-0.33172646164894104,0.5130525827407837,0.7638673782348633,-0.68486088514328,0.5699594616889954,0.5667518973350525,0.08815141022205353,0.5085223317146301,0.5818333625793457,-0.08778471499681473,0.5794399976730347,0.6835050582885742,-0.05448403209447861,0.5229336023330688,0.7288379073143005,-0.36850422620773315,0.5515497922897339,0.841935396194458,0.2517935037612915,0.508762001991272,0.8966354131698608,-0.19178946316242218,0.5380576848983765,0.8622637391090393,0.27542436122894287,0.4960022568702698,0.9244165420532227,-0.181202232837677,0.5867375731468201,0.8769749402999878,0.16147376596927643,0.5360743999481201,0.9644082188606262,-0.3619418740272522
deadlift_2500431.jpg,0.6498094201087952,0.3984255790710449,-0.7092269659042358,0.6587067246437073,0.382821261882782,-0.6935976147651672,0.6601731777191162,0.3812578320503235,-0.6936331987380981,0.6614322066307068,0.37925466895103455,-0.6937284469604492,0.6519923806190491,0.3808591961860657,-0.7291221022605896,0.6484583020210266,0.3775699734687805,-0.7293325662612915,0.6443135738372803,0.3734211027622223,-0.7295066118240356,0.6499422788619995,0.35834044218063354,-0.5513713955879211,0.6247352361679077,0.35364940762519836,-0.7126928567886353,0.6421085000038147,0.40710166096687317,-0.6465937495231628,0.6336598992347717,0.40501099824905396,-0.693774402141571,0.6301084160804749,0.39735740423202515,-0.3558025658130646,0.5353813171386719,0.4299224019050598,-0.6570587754249573,0.6058433651924133,0.5325670838356018,-0.26039525866508484,0.5105184316635132,0.5933719277381897,-0.6776245832443237,0.6055518388748169,0.6721547245979309,-0.32464951276779175,0.509270429611206,0.7350211143493652,-0.715424120426178,0.6065613627433777,0.7017914056777954,-0.34456130862236023,0.5025487542152405,0.7599300146102905,-0.7773250937461853,0.6075483560562134,0.7032802700996399,-0.3839189112186432,0.515383243560791,0.7591423988342285,-0.7954314351081848,0.6018365621566772,0.6947858929634094,-0.34390875697135925,0.5183764100074768,0.7478627562522888,-0.7245416641235352,0.569124162197113,0.5552341341972351,0.09077154844999313,0.5069686770439148,0.5787967443466187,-0.09059026837348938,0.5845388174057007,0.6800675988197327,0.18504205346107483,0.5218337774276733,0.7278165221214294,-0.02810448408126831,0.5504990220069885,0.8153620958328247,0.5079747438430786,0.5037987232208252,0.8935343623161316,0.22983242571353912,0.5353187322616577,0.832513153553009,0.536911129951477,0.49016138911247253,0.917357325553894,0.24937240779399872,0.5834720134735107,0.8713018894195557,0.46872034668922424,0.5344488024711609,0.9397474527359009,0.11076712608337402
deadlift_2500441.jpg,,,,,,,,,,,,,,,,,,,,,,,,,,,,,,,,,,,,,,,,,,,,,,,,,,,,,,,,,,,,,,,,,,,,,,,,,,,,,,,,,,,,,,,,,,,,,,,,,,,
deadlift_2500451.jpg,0.5345150828361511,0.040051013231277466,0.1548701822757721,0.5297531485557556,0.024627238512039185,0.12226235121488571,0.5249488949775696,0.025428295135498047,0.12225192040205002,0.5193344354629517,0.026974469423294067,0.1222168505191803,0.5399264693260193,0.024710236117243767,0.12097091972827911,0.5431540012359619,0.02510872483253479,0.1210210993885994,0.546012282371521,0.025694161653518677,0.12084076553583145,0.5087611079216003,0.038566797971725464,0.0033806608989834785,0.5482015609741211,0.037599146366119385,-0.003568124258890748,0.5279576778411865,0.057700783014297485,0.11889352649450302,0.5364087224006653,0.05817645788192749,0.11718498170375824,0.46980464458465576,0.13419237732887268,-0.055014029145240784,0.56824791431427,0.15786834061145782,-0.06269878894090652,0.4716506600379944,0.3131018877029419,-0.06660506874322891,0.5784037709236145,0.2922217547893524,-0.0631723627448082,0.5000426173210144,0.47147342562675476,-0.04375005513429642,0.5816676020622253,0.42401793599128723,-0.012600312009453773,0.49878156185150146,0.5112709403038025,-0.060553885996341705,0.5894321203231812,0.4596078097820282,-0.017677078023552895,0.5038219690322876,0.5128160715103149,-0.06289133429527283,0.5845224857330322,0.4657615125179291,-0.031016528606414795,0.5053557753562927,0.4973049461841583,-0.046166613698005676,0.5820799469947815,0.44955918192863464,-0.01855904422700405,0.5010136961936951,0.40502992272377014,0.0015363689744845033,0.5625451803207397,0.41069161891937256,-0.0016170110320672393,0.5208795070648193,0.5863097310066223,0.10085752606391907,0.5641728043556213,0.5873062610626221,0.10887506604194641,0.5045932531356812,0.7589645981788635,0.2613082528114319,0.5370116829872131,0.7738661766052246,0.28078892827033997,0.5044645071029663,0.7922754287719727,0.27296310663223267,0.5334473848342896,0.7901895046234131,0.2948051393032074,0.5102190971374512,0.7716275453567505,0.21944333612918854,0.5638945698738098,0.7722764611244202,0.2298399657011032
deadlift_2500461.jpg,0.5344641804695129,0.04708416759967804,0.15278959274291992,0.5297755002975464,0.03120121918618679,0.12171147763729095,0.5251535177230835,0.03213877230882645,0.12167860567569733,0.5192255973815918,0.03414061293005943,0.12162959575653076,0.5387102365493774,0.030327051877975464,0.1187288910150528,0.5404953360557556,0.03052305057644844,0.11877557635307312,0.5428663492202759,0.030630018562078476,0.11861546337604523,0.508656919002533,0.043206844478845596,0.011474063619971275,0.5401111245155334,0.04001044109463692,-0.003557964228093624,0.5279616117477417,0.06335555762052536,0.1190742775797844,0.5354704260826111,0.06297820806503296,0.11664187908172607,0.4676808714866638,0.13405603170394897,-0.024685505777597427,0.5671996474266052,0.1547188013792038,-0.06283295899629593,0.48203468322753906,0.315419465303421,-0.04093795642256737,0.5869850516319275,0.30576038360595703,-0.04155530408024788,0.5009003281593323,0.47136634588241577,-0.020182793959975243,0.5718466639518738,0.41013720631599426,0.07962223887443542,0.49877962470054626,0.511087954044342,-0.035028599202632904,0.5874860286712646,0.442612886428833,0.08465956151485443,0.5046918392181396,0.5126879811286926,-0.03577075153589249,0.5788415670394897,0.44858598709106445,0.06721590459346771,0.5070126056671143,0.4951060116291046,-0.022400187328457832,0.5740340352058411,0.43100419640541077,0.07243368029594421,0.5020153522491455,0.40532270073890686,0.036778636276721954,0.5625830292701721,0.41188082098960876,-0.037025537341833115,0.5197418928146362,0.5872647166252136,0.20035310089588165,0.5607039332389832,0.5946241617202759,0.11656168848276138,0.5045869946479797,0.7602167725563049,0.4217492938041687,0.533038854598999,0.7739030718803406,0.3420722186565399,0.4999850392341614,0.7932402491569519,0.44095394015312195,0.5344039797782898,0.8009308576583862,0.3626292645931244,0.5216982960700989,0.7793686985969543,0.38323551416397095,0.5679365396499634,0.7886385321617126,0.2861548960208893
deadlift_2500471.jpg,0.5675002336502075,0.04352470859885216,-0.39390552043914795,0.5688989758491516,0.026350706815719604,-0.3682631850242615,0.5703318119049072,0.026586728170514107,-0.36830970644950867,0.5716842412948608,0.02718839980661869,-0.36831849813461304,0.560050904750824,0.02518114447593689,-0.3997654616832733,0.5548926591873169,0.024606991559267044,-0.39982375502586365,0.5495895147323608,0.024027008563280106,-0.3999488651752472,0.5623451471328735,0.031481146812438965,-0.21077026426792145,0.5386486053466797,0.029642226174473763,-0.35474127531051636,0.5637255907058716,0.06033345311880112,-0.3314642310142517,0.5543280839920044,0.060030970722436905,-0.3727906346321106,0.5628153681755066,0.14033594727516174,-0.03312787041068077,0.5010595917701721,0.139143705368042,-0.3675336241722107,0.575407087802887,0.29753246903419495,0.03310634195804596,0.4984128177165985,0.3167223036289215,-0.39084988832473755,0.5858380198478699,0.4171111285686493,-0.07405916601419449,0.5077845454216003,0.48207801580429077,-0.4469511806964874,0.5936700105667114,0.4615706205368042,-0.10431894659996033,0.5058613419532776,0.5266962051391602,-0.5037506818771362,0.590046226978302,0.46490901708602905,-0.1510309875011444,0.5169616937637329,0.5297446250915527,-0.5266085863113403,0.5866288542747498,0.447900652885437,-0.09875167906284332,0.5178080201148987,0.5135102868080139,-0.45709195733070374,0.5523768067359924,0.40887588262557983,0.09249284863471985,0.5206634998321533,0.4125381112098694,-0.09260361641645432,0.5515059232711792,0.5871621370315552,0.17661312222480774,0.523525059223175,0.5976830124855042,-0.0136253722012043,0.5509313941001892,0.7455936074256897,0.49028533697128296,0.5160189270973206,0.7721313238143921,0.30670976638793945,0.5392284989356995,0.7660444378852844,0.5145989656448364,0.5081654191017151,0.7948013544082642,0.3434028625488281,0.5656242370605469,0.8078052997589111,0.39968934655189514,0.5504492521286011,0.837774932384491,0.1489986777305603
deadlift_2500481.jpg,0.6268723011016846,0.12416638433933258,-0.4418191909790039,0.631081223487854,0.10416384786367416,-0.4178180396556854,0.6322416067123413,0.10438081622123718,-0.41782253980636597,0.6332682967185974,0.10457882285118103,-0.41780394315719604,0.6235362887382507,0.099746935069561,-0.4609529674053192,0.6186577677726746,0.09621752798557281,-0.46102458238601685,0.6128902435302734,0.09232468903064728,-0.46114495396614075,0.6187047958374023,0.10000564903020859,-0.2716759741306305,0.5894759297370911,0.08426657319068909,-0.47059813141822815,0.6208580732345581,0.13888844847679138,-0.3825657069683075,0.6119697690010071,0.1347617208957672,-0.4400399625301361,0.5860731601715088,0.2035466879606247,-0.07592345774173737,0.5235276222229004,0.19720323383808136,-0.49547672271728516,0.5829846858978271,0.3585551083087921,0.06630931049585342,0.49932655692100525,0.392121285200119,-0.5305231213569641,0.6017754077911377,0.4228682219982147,0.07436951249837875,0.5002287030220032,0.5650755763053894,-0.545417070388794,0.6054877042770386,0.45005524158477783,0.07770739495754242,0.49353519082069397,0.6055261492729187,-0.5953664779663086,0.6114518046379089,0.4381343722343445,0.04285173863172531,0.5067606568336487,0.6068535447120667,-0.6097779870033264,0.6075737476348877,0.43002188205718994,0.057838041335344315,0.5101068019866943,0.5939120650291443,-0.5511187314987183,0.5525902509689331,0.47556573152542114,0.10585055500268936,0.5153980255126953,0.4795641601085663,-0.10600533336400986,0.5508964657783508,0.6611283421516418,0.2656288743019104,0.526599645614624,0.6659924983978271,0.04381503537297249,0.5451068878173828,0.8129643797874451,0.5091670155525208,0.5083743333816528,0.8487659096717834,0.3356776237487793,0.5319464802742004,0.8396881818771362,0.5275654196739197,0.49636757373809814,0.862886905670166,0.35923707485198975,0.5788857936859131,0.8600024580955505,0.432162880897522,0.5526074767112732,0.8951765298843384,0.17338994145393372
deadlift_2500491.jpg,0.6599145531654358,0.3043232858181,-0.5982332825660706,0.665296733379364,0.28126612305641174,-0.5868828296661377,0.6656779646873474,0.2791197597980499,-0.5868799090385437,0.6660745143890381,0.276606947183609,-0.5868362188339233,0.6609519124031067,0.2804967164993286,-0.6369298100471497,0.6579506397247314,0.2777884304523468,-0.6371745467185974,0.654569685459137,0.27479618787765503,-0.6374499201774597,0.647747278213501,0.2566770911216736,-0.4817468822002411,0.6312574744224548,0.25851303339004517,-0.7109530568122864,0.6521952152252197,0.31345444917678833,-0.5492690801620483,0.6450453400611877,0.3134724199771881,-0.6159130334854126,0.608989953994751,0.30441173911094666,-0.3092942535877228,0.5325906872749329,0.35843518376350403,-0.6982170939445496,0.599052369594574,0.45171988010406494,-0.21268843114376068,0.5111818313598633,0.5242844223976135,-0.7310729622840881,0.600101888179779,0.5958292484283447,-0.24989193677902222,0.5138023495674133,0.6864322423934937,-0.7221649289131165,0.598871648311615,0.6282366514205933,-0.2562754154205322,0.5091279149055481,0.7310197353363037,-0.7794647812843323,0.6059853434562683,0.6373383402824402,-0.2944154143333435,0.5199671983718872,0.7302555441856384,-0.7932359576225281,0.6007018685340881,0.6258523464202881,-0.26823851466178894,0.5233474373817444,0.7118333578109741,-0.7278698682785034,0.5754557847976685,0.5053560137748718,0.11021535098552704,0.5257360935211182,0.548323929309845,-0.11026081442832947,0.6240626573562622,0.5790941715240479,0.2441239356994629,0.5572880506515503,0.6823602914810181,-0.11363092064857483,0.7088915705680847,0.6957574486732483,0.3745899498462677,0.5114963054656982,0.8749393820762634,0.11893372982740402,0.7106483578681946,0.7321479916572571,0.3857371211051941,0.5175284743309021,0.885543167591095,0.1351713240146637,0.7772558331489563,0.6969906687736511,0.30776992440223694,0.5936945676803589,0.9053329229354858,-0.0018886754987761378
deadlift_2500501.jpg,0.6600393652915955,0.4317401349544525,-0.8028185367584229,0.6676901578903198,0.4122587740421295,-0.7933337092399597,0.6690030694007874,0.40951356291770935,-0.7933180332183838,0.6704015135765076,0.40643996000289917,-0.7933636903762817,0.6625413298606873,0.41316574811935425,-0.8328371644020081,0.6599422693252563,0.4108145534992218,-0.8330690860748291,0.6570964455604553,0.40802937746047974,-0.8333308100700378,0.6582067608833313,0.3800530731678009,-0.6587556004524231,0.6379297375679016,0.3843812644481659,-0.8383649587631226,0.6537295579910278,0.4369215965270996,-0.7400801181793213,0.6469478607177734,0.4370571970939636,-0.7927287220954895,0.6259319186210632,0.3803301453590393,-0.44506773352622986,0.5368573069572449,0.4556502103805542,-0.7504979372024536,0.6166086792945862,0.5248222947120667,-0.28717392683029175,0.5211325883865356,0.6296284198760986,-0.7626895904541016,0.6065623164176941,0.6600444316864014,-0.31974631547927856,0.5440811514854431,0.7406880855560303,-0.7961509823799133,0.6044732332229614,0.6923415064811707,-0.33924657106399536,0.5427908301353455,0.7827628254890442,-0.8623775243759155,0.6053889989852905,0.6994451880455017,-0.3777123689651489,0.5587663650512695,0.7695968747138977,-0.8800649642944336,0.6016339659690857,0.6886717677116394,-0.33771541714668274,0.5637109875679016,0.7532051801681519,-0.8048211932182312,0.5777596831321716,0.5400806665420532,0.10104601830244064,0.5230392813682556,0.5810555219650269,-0.10098987072706223,0.586898684501648,0.6721751093864441,0.3705412447452545,0.5297505259513855,0.7365706562995911,0.10363978892564774,0.5957757830619812,0.7900488972663879,0.752139151096344,0.5074074268341064,0.9020329713821411,0.4098885655403137,0.5672708749771118,0.8073094487190247,0.7865203022956848,0.4999352693557739,0.9185092449188232,0.43370959162712097,0.6732453107833862,0.8482967615127563,0.6928228735923767,0.5343974232673645,0.9575478434562683,0.26869767904281616
deadlift_2500511.jpg,0.6607759594917297,0.4793867766857147,-0.7272819876670837,0.6693785786628723,0.4582380950450897,-0.7185590863227844,0.6709557175636292,0.45497238636016846,-0.7185699939727783,0.672455370426178,0.4513862729072571,-0.7186153531074524,0.6632125973701477,0.46052810549736023,-0.7582992315292358,0.6603522896766663,0.4587148427963257,-0.7585302591323853,0.6573903560638428,0.4567275941371918,-0.7587708234786987,0.6614536643028259,0.4264652132987976,-0.5984605550765991,0.640907883644104,0.4372158944606781,-0.7768324017524719,0.6543459296226501,0.4828247129917145,-0.6699072122573853,0.6475725769996643,0.4836970567703247,-0.7222232818603516,0.6378567814826965,0.43030285835266113,-0.4075133502483368,0.5342978239059448,0.5227142572402954,-0.7016090750694275,0.6115111112594604,0.5680214166641235,-0.2471732348203659,0.5175639390945435,0.6734774112701416,-0.710233747959137,0.6072534322738647,0.7069717645645142,-0.2438405305147171,0.5317670702934265,0.8168866634368896,-0.7160860896110535,0.6103441119194031,0.7369569540023804,-0.25665178894996643,0.5265960097312927,0.8571729063987732,-0.7772580981254578,0.609991729259491,0.7470943927764893,-0.2904589772224426,0.5395061373710632,0.8547525405883789,-0.7917024493217468,0.6037493348121643,0.7376277446746826,-0.25925323367118835,0.5460749268531799,0.8385985493659973,-0.7236473560333252,0.5700639486312866,0.581156849861145,0.09183654934167862,0.5130965709686279,0.6215585470199585,-0.09174573421478271,0.5968256592750549,0.6989608407020569,0.2720945477485657,0.5326771140098572,0.7574626207351685,0.14381614327430725,0.5777750015258789,0.8436548709869385,0.5929771661758423,0.5105773210525513,0.896647572517395,0.4713277220726013,0.5630285143852234,0.8641992211341858,0.6229758858680725,0.5038679242134094,0.9137789607048035,0.49910494685173035,0.6207982897758484,0.8952257037162781,0.5378099679946899,0.5398164391517639,0.9600444436073303,0.374906986951828
deadlift_2500521.jpg,0.6625260710716248,0.48756128549575806,-0.6895490884780884,0.6684645414352417,0.47070324420928955,-0.679828941822052,0.6693653464317322,0.46820783615112305,-0.6798670887947083,0.6701804399490356,0.4654698967933655,-0.6799575686454773,0.6637130379676819,0.47213274240493774,-0.7133491039276123,0.6609818339347839,0.47060829401016235,-0.713544487953186,0.657923698425293,0.46888402104377747,-0.7137402892112732,0.6556124091148376,0.4427943825721741,-0.5629391074180603,0.6377001404762268,0.4512733519077301,-0.7132954001426697,0.656177818775177,0.4907207190990448,-0.634438157081604,0.6500652432441711,0.4902910888195038,-0.6786612868309021,0.6378716826438904,0.4468146860599518,-0.3695703148841858,0.5357398390769958,0.5212791562080383,-0.6346045136451721,0.613760232925415,0.5677036643028259,-0.21902066469192505,0.5175336599349976,0.6744635105133057,-0.6470665335655212,0.612768828868866,0.6969727277755737,-0.21019558608531952,0.5272566080093384,0.8062148094177246,-0.6606858968734741,0.6173725128173828,0.7260662317276001,-0.216106578707695,0.5246257781982422,0.8407263159751892,-0.7128263115882874,0.6160081028938293,0.7371743321418762,-0.2516792416572571,0.5382639765739441,0.8308051824569702,-0.7301928400993347,0.6088785529136658,0.7290517091751099,-0.22476747632026672,0.5437144041061401,0.8137775659561157,-0.6684457659721375,0.5697841644287109,0.566544234752655,0.09860900044441223,0.5128258466720581,0.6034607291221619,-0.09844620525836945,0.5953110456466675,0.7024050951004028,0.11779191344976425,0.533035159111023,0.7479925155639648,-0.16715750098228455,0.5715385675430298,0.8430858850479126,0.3711657226085663,0.5106874108314514,0.8975121378898621,-0.007097751367837191,0.553429365158081,0.8645784854888916,0.39150935411453247,0.49985459446907043,0.9190065264701843,0.002567281248047948,0.6080977916717529,0.900722861289978,0.31122952699661255,0.5425673723220825,0.9574877619743347,-0.1420549601316452
deadlift_2500531.jpg,0.6693422794342041,0.4610796272754669,-0.6033600568771362,0.6762978434562683,0.4401986300945282,-0.5932777523994446,0.67705237865448,0.4377361238002777,-0.5933436751365662,0.6777725219726562,0.4348893165588379,-0.5934597849845886,0.672356367111206,0.44051966071128845,-0.6271647214889526,0.6699422001838684,0.43865442276000977,-0.6273192167282104,0.6673578023910522,0.4361751079559326,-0.6274551153182983,0.661565899848938,0.4150318503379822,-0.486258864402771,0.6458173990249634,0.4194755256175995,-0.6382989883422852,0.6602672934532166,0.4683458209037781,-0.5526465177536011,0.6548624634742737,0.4677749574184418,-0.5973905920982361,0.6292524337768555,0.43964093923568726,-0.31173208355903625,0.5370160341262817,0.49867767095565796,-0.5870468020439148,0.6036472320556641,0.5666618347167969,-0.18522602319717407,0.5203114151954651,0.6700900793075562,-0.5748302936553955,0.6096523404121399,0.703013002872467,-0.18166229128837585,0.5260580778121948,0.8043733239173889,-0.5606220364570618,0.6107171177864075,0.7316606044769287,-0.1924263834953308,0.520344078540802,0.840582013130188,-0.6070674657821655,0.610704243183136,0.7417946457862854,-0.22131618857383728,0.5296563506126404,0.8411626219749451,-0.6219004392623901,0.6057652235031128,0.7298634648323059,-0.19550932943820953,0.5339088439941406,0.8295583724975586,-0.5671769976615906,0.5687366724014282,0.5690295100212097,0.09905412048101425,0.506989598274231,0.6084268689155579,-0.09894845634698868,0.5924429297447205,0.6993080377578735,0.1152132898569107,0.5306633710861206,0.7491068243980408,-0.14640918374061584,0.5661636590957642,0.8549089431762695,0.358331561088562,0.5107588171958923,0.9058103561401367,0.030062133446335793,0.5523377060890198,0.8776602149009705,0.37862321734428406,0.4962998330593109,0.9317250847816467,0.04236843064427376,0.6037256717681885,0.9090865850448608,0.31488269567489624,0.5445459485054016,0.9637457728385925,-0.07998265326023102
deadlift_2500541.jpg,0.6676996350288391,0.2735481262207031,-0.4681696593761444,0.67406165599823,0.2547954320907593,-0.4400131106376648,0.674385130405426,0.2546422481536865,-0.44015175104141235,0.6746121048927307,0.2541380822658539,-0.44028908014297485,0.6700001955032349,0.25019213557243347,-0.4899635314941406,0.6672525405883789,0.24657218158245087,-0.48997631669044495,0.6641202569007874,0.242432102560997,-0.490003377199173,0.6563907265663147,0.2448321282863617,-0.32009658217430115,0.6413429379463196,0.23328109085559845,-0.5318454504013062,0.6573360562324524,0.2902214527130127,-0.413339227437973,0.6511992812156677,0.2859690487384796,-0.48165732622146606,0.6130465269088745,0.36755821108818054,-0.13951805233955383,0.5530703067779541,0.332593709230423,-0.5546539425849915,0.5891885757446289,0.515394389629364,-0.05966062843799591,0.5212286114692688,0.5283999443054199,-0.5845680832862854,0.5794645547866821,0.6446641087532043,-0.08297090977430344,0.5116248726844788,0.6958742141723633,-0.5626790523529053,0.5892480611801147,0.6713108420372009,-0.09114814549684525,0.5016289353370667,0.7478440403938293,-0.6145521998405457,0.5832235217094421,0.6801129579544067,-0.12455344200134277,0.5133556723594666,0.7527884840965271,-0.6220083832740784,0.5710240006446838,0.6674070358276367,-0.10081687569618225,0.5183318257331848,0.7350276708602905,-0.5664249658584595,0.5414694547653198,0.5430227518081665,0.11824609339237213,0.4931541383266449,0.535368800163269,-0.11827879399061203,0.5589611530303955,0.6883453726768494,0.16572269797325134,0.5254629850387573,0.7258387804031372,-0.09367266297340393,0.5574296116828918,0.8564130067825317,0.3970416486263275,0.510581910610199,0.9022722840309143,0.08354390412569046,0.5439786314964294,0.879841685295105,0.4147004783153534,0.493848592042923,0.9270340800285339,0.09482429921627045,0.6013724207878113,0.9085779786109924,0.34519463777542114,0.5536559224128723,0.9573448896408081,-0.02685592882335186
deadlift_2500551.jpg,0.6175287961959839,0.1350761353969574,-0.3257542550563812,0.6141859292984009,0.12235624343156815,-0.31329041719436646,0.6155096292495728,0.12329819053411484,-0.31335824728012085,0.6169635057449341,0.12423749268054962,-0.31341442465782166,0.6082295775413513,0.12132449448108673,-0.34713172912597656,0.6046936511993408,0.12096322327852249,-0.34713029861450195,0.6011541485786438,0.12060896307229996,-0.34729793667793274,0.6102166771888733,0.13404686748981476,-0.20685358345508575,0.5888721942901611,0.13040532171726227,-0.3579864203929901,0.6197716593742371,0.1543886959552765,-0.2781254053115845,0.6114209294319153,0.15290488302707672,-0.3224712312221527,0.6106823682785034,0.24398407340049744,-0.046916402876377106,0.5496387481689453,0.2131797820329666,-0.39029401540756226,0.5902224779129028,0.3714623749256134,0.039777472615242004,0.5137612223625183,0.37150123715400696,-0.40649357438087463,0.5987337231636047,0.48498523235321045,-0.04860007017850876,0.510556697845459,0.5319895148277283,-0.44424745440483093,0.6061975359916687,0.5069904923439026,-0.06690101325511932,0.5042957067489624,0.5697347521781921,-0.49721992015838623,0.6061092615127563,0.5084981918334961,-0.11003099381923676,0.5135282874107361,0.5720975995063782,-0.5115848183631897,0.5988256931304932,0.5037656426429749,-0.07008250057697296,0.5165841579437256,0.5601978898048401,-0.45007336139678955,0.5432383418083191,0.47683578729629517,0.1107133999466896,0.497182697057724,0.4682524800300598,-0.11074535548686981,0.5431567430496216,0.6670172214508057,0.16867269575595856,0.5190144181251526,0.6641168594360352,-0.10494954884052277,0.5468248128890991,0.8383873105049133,0.38126933574676514,0.5139001607894897,0.8905465006828308,0.03645772486925125,0.5355405211448669,0.8702964186668396,0.39488086104393005,0.4963473379611969,0.9123992323875427,0.044197700917720795,0.5922402739524841,0.8985970616340637,0.2952646315097809,0.5536881685256958,0.9405357241630554,-0.09493985027074814
deadlift_2500561.jpg,0.562894880771637,0.032762572169303894,-0.26972082257270813,0.5476513504981995,0.02012646570801735,-0.2504371702671051,0.5528386235237122,0.021796666085720062,-0.25051411986351013,0.5584061741828918,0.019887370988726616,-0.2505221664905548,0.5392680764198303,0.019730152562260628,-0.2855429947376251,0.5353116989135742,0.020116372033953667,-0.2855550944805145,0.540358304977417,0.02802443690598011,-0.28576019406318665,0.558230996131897,0.03584667295217514,-0.13255305588245392,0.5246087312698364,0.02993999607861042,-0.2885609269142151,0.5751926898956299,0.05392341688275337,-0.22095084190368652,0.5657683610916138,0.05839965119957924,-0.266074001789093,0.6060081720352173,0.16495122015476227,0.03486733138561249,0.5307970643043518,0.16039523482322693,-0.3573385775089264,0.5872064828872681,0.3372308909893036,0.11772198975086212,0.5091767311096191,0.34264805912971497,-0.3883953094482422,0.5986272096633911,0.45656487345695496,0.03015628457069397,0.5103312730789185,0.5148199796676636,-0.417229562997818,0.6035479307174683,0.4883326590061188,0.010773451998829842,0.5075751543045044,0.5509892702102661,-0.47091934084892273,0.6024277806282043,0.49067628383636475,-0.032905545085668564,0.5162672400474548,0.5487126708030701,-0.488543301820755,0.600228488445282,0.4789675772190094,0.00796498078852892,0.5197886228561401,0.538310706615448,-0.42516767978668213,0.5447185039520264,0.47168052196502686,0.1393265277147293,0.488334983587265,0.4563732147216797,-0.13944464921951294,0.5482800602912903,0.6718765497207642,0.2160310447216034,0.513546347618103,0.6876828670501709,-0.08078127354383469,0.5483555197715759,0.8628491759300232,0.38830363750457764,0.5048058032989502,0.8994314670562744,0.08726184815168381,0.5370604395866394,0.8855354189872742,0.41385045647621155,0.4942206144332886,0.9239747524261475,0.0981578379869461,0.5946387052536011,0.9149519205093384,0.32464075088500977,0.54173344373703,0.9587018489837646,-0.0406346432864666
deadlift_2500571.jpg,0.5639724135398865,0.023516643792390823,-0.27743464708328247,0.558984100818634,0.004824059084057808,-0.2537693381309509,0.5605779886245728,0.005231466609984636,-0.2538067400455475,0.5623382925987244,0.004812912549823523,-0.253828227519989,0.549653947353363,0.005395970307290554,-0.2917567491531372,0.5447788834571838,0.006890805438160896,-0.29172906279563904,0.5405486226081848,0.008864223025739193,-0.29182881116867065,0.5492957234382629,0.014050853438675404,-0.11840556561946869,0.5249035358428955,0.01838109828531742,-0.288756400346756,0.5636562705039978,0.0424768328666687,-0.22284135222434998,0.5537067651748657,0.045200224965810776,-0.2721088230609894,0.5700861811637878,0.14921098947525024,0.06303484737873077,0.5064969062805176,0.14830705523490906,-0.37006106972694397,0.5827838182449341,0.3154784142971039,0.16124071180820465,0.5028837323188782,0.33334168791770935,-0.4144867956638336,0.599453330039978,0.44295933842658997,0.08983144164085388,0.5075259804725647,0.5051118731498718,-0.4390377998352051,0.6055256128311157,0.4805850684642792,0.07385055720806122,0.5046087503433228,0.547412097454071,-0.4937724173069,0.605089545249939,0.4872642159461975,0.026076652109622955,0.51743483543396,0.5462158918380737,-0.5117323398590088,0.6017856597900391,0.4730854332447052,0.06619516015052795,0.5195145606994629,0.5335173606872559,-0.44675055146217346,0.550971269607544,0.4621537923812866,0.14097531139850616,0.49749571084976196,0.4583336412906647,-0.14110618829727173,0.5530439615249634,0.6693255305290222,0.2609459161758423,0.5143886208534241,0.6907380819320679,-0.06680437177419662,0.5493336319923401,0.8650293946266174,0.4770680367946625,0.5020419955253601,0.9051511287689209,0.10145270824432373,0.5354616045951843,0.8913580775260925,0.49194565415382385,0.4917817711830139,0.9320120215415955,0.11037639528512955,0.5986157059669495,0.9160142540931702,0.38578325510025024,0.5345709919929504,0.9712006449699402,-0.04176682233810425
deadlift_2500581.jpg,0.5989264845848083,0.08665511757135391,-0.3475351333618164,0.6003919839859009,0.06390844285488129,-0.3214802145957947,0.6026214361190796,0.06404031813144684,-0.3216010332107544,0.6047216057777405,0.06399348378181458,-0.32176077365875244,0.5844956040382385,0.06005365401506424,-0.36329421401023865,0.5737899541854858,0.05737802013754845,-0.36334484815597534,0.5555121898651123,0.054665807634592056,-0.36371341347694397,0.5895497798919678,0.06509269028902054,-0.20797879993915558,0.536672830581665,0.0558568574488163,-0.34481948614120483,0.5937530398368835,0.10727941989898682,-0.2936628460884094,0.5777111053466797,0.10383009165525436,-0.3455020785331726,0.5819395780563354,0.19157566130161285,-0.016951369121670723,0.5164306163787842,0.18461479246616364,-0.40112802386283875,0.5849010944366455,0.351561576128006,0.06005717068910599,0.5022932887077332,0.3727806806564331,-0.4360961616039276,0.5973917245864868,0.48064154386520386,-0.002375416923314333,0.4991229474544525,0.5492808222770691,-0.45500949025154114,0.6050060987472534,0.5217472314834595,-0.016460241749882698,0.4935646057128906,0.5943341851234436,-0.5060784816741943,0.6032208800315857,0.5234727263450623,-0.05368482694029808,0.508114755153656,0.5937225222587585,-0.5233896374702454,0.5994613170623779,0.5118944644927979,-0.02133827656507492,0.5122349262237549,0.5793782472610474,-0.4626501202583313,0.5507016777992249,0.4735846221446991,0.1298716813325882,0.5012670755386353,0.4772210121154785,-0.1300196498632431,0.5551726818084717,0.6902323961257935,0.3103262782096863,0.5095992684364319,0.7147082686424255,-0.05266115814447403,0.5482825636863708,0.8629685044288635,0.5310244560241699,0.5025593042373657,0.9045984148979187,0.11897153407335281,0.5313307642936707,0.8923020362854004,0.5462654829025269,0.4902966618537903,0.9348224401473999,0.1264675259590149,0.5980941653251648,0.9174215793609619,0.46882447600364685,0.5318643450737,0.977014422416687,-0.019389359280467033
deadlift_2500591.jpg,0.6407040953636169,0.24564403295516968,-0.5186381936073303,0.6469110250473022,0.22106747329235077,-0.4970412850379944,0.6480320692062378,0.22083166241645813,-0.4969964623451233,0.6488910913467407,0.22051264345645905,-0.4969928562641144,0.63656085729599,0.2155366688966751,-0.5290482044219971,0.6299091577529907,0.2109377384185791,-0.5291963815689087,0.6209463477134705,0.20571120083332062,-0.5292466282844543,0.6298424601554871,0.21373534202575684,-0.3539466857910156,0.5963695049285889,0.19681766629219055,-0.49990522861480713,0.630693256855011,0.26258668303489685,-0.46087178587913513,0.6200565695762634,0.2563748061656952,-0.5036933422088623,0.5971631407737732,0.28578776121139526,-0.17897771298885345,0.5225803256034851,0.32140621542930603,-0.49328067898750305,0.5868051052093506,0.4485176205635071,-0.08429108560085297,0.5016133785247803,0.4977293312549591,-0.5051754117012024,0.5914574265480042,0.5451573729515076,-0.10667407512664795,0.5047452449798584,0.6469895243644714,-0.4898419976234436,0.5911988019943237,0.5996065139770508,-0.11579076945781708,0.5006536841392517,0.6841554641723633,-0.5241770148277283,0.5911435484886169,0.5936276316642761,-0.14126156270503998,0.5123850107192993,0.6811593770980835,-0.5287953615188599,0.5913992524147034,0.5658879280090332,-0.11957497149705887,0.5158793330192566,0.6674107313156128,-0.49084043502807617,0.551707923412323,0.5413100123405457,0.11502233147621155,0.5015475749969482,0.5631713271141052,-0.11523112654685974,0.5548752546310425,0.7086264491081238,0.3040595054626465,0.5071412920951843,0.7445231676101685,-0.048605646938085556,0.5454145073890686,0.8681812882423401,0.5202550888061523,0.49020668864250183,0.9234448075294495,0.03233515843749046,0.5280641317367554,0.8953325152397156,0.537416398525238,0.4711121916770935,0.9498215317726135,0.0329182930290699,0.5942612886428833,0.9238702654838562,0.48281699419021606,0.5298535227775574,0.9837275147438049,-0.10466556996107101
deadlift_2500601.jpg,0.6479336023330688,0.3913644254207611,-0.5309694409370422,0.6546869277954102,0.3704011142253876,-0.5294229388237,0.655474066734314,0.36794131994247437,-0.5293670296669006,0.6562337875366211,0.36506834626197815,-0.5293993949890137,0.6487409472465515,0.36992284655570984,-0.5628023147583008,0.6450941562652588,0.36729270219802856,-0.5629885196685791,0.6406568288803101,0.3642009198665619,-0.5631362199783325,0.6418547034263611,0.34633177518844604,-0.44521331787109375,0.6202327609062195,0.34872058033943176,-0.594231367111206,0.6363275647163391,0.4000753164291382,-0.48824915289878845,0.628960371017456,0.39961886405944824,-0.5316523909568787,0.610296905040741,0.3666193187236786,-0.28612202405929565,0.5311973094940186,0.41852205991744995,-0.5700539350509644,0.5811021327972412,0.47951915860176086,-0.12104254215955734,0.5214215517044067,0.6006470322608948,-0.5997090935707092,0.5589296221733093,0.5698463916778564,-0.09460680931806564,0.5342381596565247,0.7234115600585938,-0.5916518568992615,0.5522050857543945,0.5971702933311462,-0.0846160501241684,0.5505182147026062,0.7482894062995911,-0.6321344971656799,0.5539409518241882,0.5959219336509705,-0.1014639213681221,0.5550846457481384,0.7482823133468628,-0.639226496219635,0.5551583766937256,0.5849829316139221,-0.09756562858819962,0.5582349300384521,0.7331581711769104,-0.5936020016670227,0.5568891167640686,0.5650961399078369,0.11160062998533249,0.5116310715675354,0.5939521193504333,-0.11190050095319748,0.569313108921051,0.7167261838912964,0.27646687626838684,0.5236768126487732,0.7480103969573975,0.05049031972885132,0.5459216237068176,0.8676016330718994,0.4984385371208191,0.49804720282554626,0.9133201837539673,0.24202916026115417,0.531071662902832,0.8880952000617981,0.5155314803123474,0.4795519709587097,0.9429716467857361,0.25741609930992126,0.5944039821624756,0.9184170365333557,0.4484889805316925,0.5371755361557007,0.9720862507820129,0.15456603467464447
deadlift_2500611.jpg,0.6499821543693542,0.44900164008140564,-0.6055652499198914,0.6550213098526001,0.4269942343235016,-0.5975320339202881,0.6553622484207153,0.42363178730010986,-0.5975310206413269,0.6557086110115051,0.41994085907936096,-0.597562849521637,0.6515359878540039,0.4296584129333496,-0.6344633102416992,0.6490910649299622,0.42840513586997986,-0.6346508860588074,0.6462453007698059,0.42691323161125183,-0.6348033547401428,0.6411704421043396,0.3998657763004303,-0.5044475197792053,0.6245468258857727,0.41388171911239624,-0.6701761484146118,0.6392812132835388,0.4547100365161896,-0.5601947903633118,0.6343417763710022,0.4563439190387726,-0.6089460849761963,0.6075809001922607,0.421542227268219,-0.3230501413345337,0.5330297946929932,0.49067366123199463,-0.6264563202857971,0.5760670900344849,0.5568475723266602,-0.1946597546339035,0.5210391879081726,0.6718028783798218,-0.6566260457038879,0.5792427062988281,0.714464545249939,-0.17889896035194397,0.5337715148925781,0.8128838539123535,-0.6421821713447571,0.5802412629127502,0.7441449761390686,-0.1715882420539856,0.5348652601242065,0.8506618738174438,-0.6868253350257874,0.5797500014305115,0.7520681023597717,-0.20898555219173431,0.5454714298248291,0.848524808883667,-0.6950868368148804,0.5803081393241882,0.7392981052398682,-0.19405274093151093,0.5501739382743835,0.833728551864624,-0.6454023122787476,0.5490233302116394,0.5568029880523682,0.10529187321662903,0.5089927911758423,0.5923914313316345,-0.10518164187669754,0.5662016272544861,0.711199939250946,0.014546685852110386,0.5353697538375854,0.7451972961425781,-0.157619446516037,0.5588632822036743,0.8634252548217773,0.18325169384479523,0.5142173767089844,0.8875928521156311,-0.008351435884833336,0.546981155872345,0.8904902935028076,0.1939670443534851,0.5020579695701599,0.9169390201568604,0.0014930128818377852,0.5979815125465393,0.9173979163169861,0.10027231276035309,0.5469362139701843,0.9344267249107361,-0.11305317282676697
deadlift_2500621.jpg,0.6554301977157593,0.4866524636745453,-0.6783888339996338,0.6602643132209778,0.46715104579925537,-0.6696403622627258,0.6611790060997009,0.46338263154029846,-0.6696698069572449,0.6620941162109375,0.4594189524650574,-0.6698064804077148,0.6554505825042725,0.4698905944824219,-0.6994511485099792,0.6526613831520081,0.46853137016296387,-0.6996673941612244,0.6495906114578247,0.4672189950942993,-0.6998530030250549,0.6511672139167786,0.438042014837265,-0.555509626865387,0.6293877959251404,0.4544907808303833,-0.6874077320098877,0.6486015915870667,0.4890972971916199,-0.6239265203475952,0.6423596739768982,0.4910396635532379,-0.6629698872566223,0.6303735375404358,0.4401988685131073,-0.36321374773979187,0.5377588272094727,0.5294564366340637,-0.6054335832595825,0.601725697517395,0.5679987072944641,-0.22226788103580475,0.5221458077430725,0.6821423768997192,-0.6226294040679932,0.6028551459312439,0.7203192710876465,-0.21690279245376587,0.5315542221069336,0.8113754391670227,-0.6338280439376831,0.6051971912384033,0.7422813177108765,-0.21926230192184448,0.5320141315460205,0.8545519709587097,-0.6806572079658508,0.607979953289032,0.7529295086860657,-0.2519019842147827,0.5430471301078796,0.8508328199386597,-0.6947915554046631,0.6037017703056335,0.7461161017417908,-0.23040980100631714,0.5476660132408142,0.8340960741043091,-0.640078604221344,0.5660619139671326,0.5611337423324585,0.09132305532693863,0.5081583857536316,0.595634937286377,-0.09113223105669022,0.5854222178459167,0.7044045329093933,-0.0012033934472128749,0.5352878570556641,0.7366447448730469,-0.17983585596084595,0.5805972814559937,0.8635386228561401,0.1949702352285385,0.517431378364563,0.8878051042556763,-0.010656462050974369,0.5665031671524048,0.8916909694671631,0.21001951396465302,0.5086769461631775,0.9163718223571777,0.0012167779495939612,0.6072918772697449,0.9114307761192322,0.12143625319004059,0.5564334988594055,0.9360380172729492,-0.1263379156589508
deadlift_2500631.jpg,0.6558218002319336,0.48812514543533325,-0.6543723344802856,0.6598090529441833,0.46795883774757385,-0.644802987575531,0.6609093546867371,0.46456316113471985,-0.6448719501495361,0.6619325280189514,0.4611380398273468,-0.6450286507606506,0.6541860103607178,0.4701254069805145,-0.674333930015564,0.6511615514755249,0.4687950611114502,-0.6745347380638123,0.6478604674339294,0.46729719638824463,-0.6746917963027954,0.6512414216995239,0.43935397267341614,-0.5245233774185181,0.6280590891838074,0.45139434933662415,-0.6549591422080994,0.650641143321991,0.4915638267993927,-0.5975408554077148,0.6437862515449524,0.4931313097476959,-0.6361146569252014,0.6322506666183472,0.44903135299682617,-0.33389347791671753,0.5363778471946716,0.5183234810829163,-0.5736615657806396,0.6081916093826294,0.5720906257629395,-0.2139367312192917,0.5229288935661316,0.6866183876991272,-0.5856204628944397,0.6109700798988342,0.7206512689590454,-0.2390114963054657,0.5307944416999817,0.7964461445808411,-0.5932877063751221,0.6121469140052795,0.7495139241218567,-0.24722474813461304,0.5306333899497986,0.8295372724533081,-0.6391823291778564,0.613549530506134,0.7593279480934143,-0.2819749712944031,0.5416428446769714,0.8208603858947754,-0.6548183560371399,0.6089567542076111,0.7488808631896973,-0.2537993788719177,0.545525848865509,0.8057345151901245,-0.6003103256225586,0.5707501769065857,0.5689383745193481,0.08900704234838486,0.5042393803596497,0.6030110120773315,-0.08872811496257782,0.6062832474708557,0.7010048627853394,-0.10147757083177567,0.5349452495574951,0.7325978875160217,-0.2836349606513977,0.5736818313598633,0.855974555015564,0.10265794396400452,0.5174828171730042,0.8895134925842285,-0.11958382278680801,0.5616740584373474,0.8792662024497986,0.11834334582090378,0.5091251730918884,0.9160483479499817,-0.10822160542011261,0.605799674987793,0.9108999371528625,0.023419449105858803,0.55555659532547,0.9381296038627625,-0.2456008642911911
deadlift_2500641.jpg,0.6644992232322693,0.43148642778396606,-0.6483708620071411,0.6712913513183594,0.4090936779975891,-0.6384259462356567,0.6726284027099609,0.40643951296806335,-0.6384601593017578,0.6740750074386597,0.4035349190235138,-0.6385813355445862,0.665202260017395,0.4102862477302551,-0.6719657778739929,0.6619635820388794,0.40860477089881897,-0.6721687316894531,0.6583261489868164,0.4066505432128906,-0.6723036170005798,0.6612640023231506,0.3889099657535553,-0.5206065773963928,0.6355668306350708,0.3928951323032379,-0.6710817813873291,0.6559600830078125,0.4394076466560364,-0.593259871006012,0.6488825082778931,0.43947702646255493,-0.6375402212142944,0.635836660861969,0.4178115725517273,-0.3451758623123169,0.5424033999443054,0.4752970337867737,-0.6131221652030945,0.6117389798164368,0.5537198781967163,-0.23922665417194366,0.5275258421897888,0.6366396546363831,-0.6140653491020203,0.6108512282371521,0.6950181722640991,-0.269008070230484,0.5301669836044312,0.7587302923202515,-0.6140692830085754,0.609889805316925,0.7235441207885742,-0.2811046540737152,0.5271793603897095,0.7934180498123169,-0.6632944941520691,0.6107677221298218,0.7295869588851929,-0.3166333734989166,0.5375192165374756,0.7880236506462097,-0.6786918640136719,0.6062382459640503,0.7186628580093384,-0.28449952602386475,0.5406782627105713,0.7737784385681152,-0.6208215951919556,0.5702041387557983,0.574442446231842,0.090408556163311,0.5057451725006104,0.5996167063713074,-0.09014951437711716,0.5964909791946411,0.7160710692405701,0.1902145892381668,0.5318393111228943,0.7592763900756836,-0.059218838810920715,0.565915048122406,0.8565840721130371,0.4007202088832855,0.5160799622535706,0.8982651829719543,0.10944297909736633,0.552966833114624,0.8813779950141907,0.41864773631095886,0.5051060914993286,0.9240005612373352,0.12046673148870468,0.6048385500907898,0.9135157465934753,0.3579379618167877,0.5500634908676147,0.9596455693244934,0.002635639626532793
deadlift_2500651.jpg,0.6603734493255615,0.1662566065788269,-0.4105527102947235,0.6648831963539124,0.1437685489654541,-0.3895944058895111,0.6632950901985168,0.1434662789106369,-0.38969549536705017,0.6616955995559692,0.14277581870555878,-0.3898215591907501,0.6605625152587891,0.14219707250595093,-0.42889174818992615,0.6558240652084351,0.14049659669399261,-0.4289414584636688,0.6495403051376343,0.13770288228988647,-0.4290103018283844,0.6406936645507812,0.14015930891036987,-0.27225929498672485,0.6213527321815491,0.13373801112174988,-0.4483034312725067,0.6527032852172852,0.1843472570180893,-0.36294612288475037,0.6456495523452759,0.18247394263744354,-0.41395655274391174,0.6325119137763977,0.25693821907043457,-0.11103948205709457,0.5448716282844543,0.23627789318561554,-0.493888795375824,0.6061199903488159,0.4108826518058777,-0.03493935242295265,0.5235775709152222,0.43897366523742676,-0.5099830031394958,0.6075775027275085,0.5519483089447021,-0.08632731437683105,0.5128058791160583,0.6127064824104309,-0.5022546648979187,0.6067380309104919,0.591461181640625,-0.10447324812412262,0.5022194385528564,0.6456018090248108,-0.5528913736343384,0.6097961664199829,0.5925256609916687,-0.1367034763097763,0.5140164494514465,0.6452304720878601,-0.5704063177108765,0.604415774345398,0.5803142786026001,-0.10294759273529053,0.5187256336212158,0.634677529335022,-0.5097512006759644,0.5430881977081299,0.4719374477863312,0.11541067063808441,0.48947522044181824,0.4840681850910187,-0.11551360040903091,0.5480523705482483,0.6800724267959595,0.18219490349292755,0.5227003693580627,0.7047819495201111,-0.1230279728770256,0.5503128170967102,0.8539509177207947,0.387523353099823,0.5159104466438293,0.8944714069366455,0.0245949886739254,0.5376569628715515,0.8812021613121033,0.40222176909446716,0.5044330954551697,0.9229406714439392,0.03197424113750458,0.6044197678565979,0.9128389358520508,0.3223593831062317,0.5647055506706238,0.9547621011734009,-0.10666153579950333
deadlift_2500661.jpg,0.5885594487190247,0.057844873517751694,-0.22979016602039337,0.581089198589325,0.04492275044322014,-0.21857383847236633,0.583852231502533,0.047411106526851654,-0.21865622699260712,0.5842351317405701,0.048120398074388504,-0.21871007978916168,0.5749042630195618,0.04266103729605675,-0.24789278209209442,0.5786463618278503,0.048406727612018585,-0.24788331985473633,0.5764592885971069,0.04927347972989082,-0.24804620444774628,0.5810121297836304,0.06306292861700058,-0.13358664512634277,0.5715188384056091,0.06547654420137405,-0.2639164328575134,0.5787481665611267,0.062000978738069534,-0.19288396835327148,0.5740055441856384,0.0644146054983139,-0.23048529028892517,0.6096431612968445,0.17969910800457,0.012622622773051262,0.5475300550460815,0.169527068734169,-0.3203345537185669,0.6028621196746826,0.33001041412353516,0.08318375051021576,0.5387144088745117,0.35722970962524414,-0.33231407403945923,0.6060305833816528,0.4484782814979553,-0.003452207427471876,0.5162970423698425,0.49367043375968933,-0.3647838532924652,0.6105385422706604,0.4825391471385956,-0.025519315153360367,0.506119966506958,0.5317293405532837,-0.41680803894996643,0.6119769215583801,0.48596951365470886,-0.06643588840961456,0.5209540724754333,0.5310623645782471,-0.4334345757961273,0.6079098582267761,0.4709867238998413,-0.024889659136533737,0.5309816598892212,0.5155651569366455,-0.37313777208328247,0.537261426448822,0.43274959921836853,0.11536170542240143,0.49210697412490845,0.42966428399086,-0.11541734635829926,0.5465248823165894,0.6404314637184143,0.10302699357271194,0.5189873576164246,0.6526408791542053,-0.11752243340015411,0.5494882464408875,0.8533383011817932,0.2850128710269928,0.516358494758606,0.8860636949539185,0.05116217955946922,0.5354438424110413,0.8803732395172119,0.2947576940059662,0.5041679739952087,0.9160169959068298,0.0630560889840126,0.594721257686615,0.9126123785972595,0.17068856954574585,0.5610485076904297,0.9360288977622986,-0.09029288589954376
deadlift_2500671.jpg,0.5665646195411682,0.02355186454951763,-0.3390250504016876,0.5693109631538391,0.008755192160606384,-0.3134104609489441,0.5714805722236633,0.01055764127522707,-0.3134758770465851,0.5742038488388062,0.012692471034824848,-0.3135269284248352,0.5581278204917908,0.006705884356051683,-0.34686005115509033,0.5541195273399353,0.00702209398150444,-0.3468721807003021,0.5494011044502258,0.007476340979337692,-0.3469766676425934,0.5675488114356995,0.021535124629735947,-0.1678396314382553,0.5383312106132507,0.02594366855919361,-0.31655198335647583,0.5627842545509338,0.04134122282266617,-0.28141680359840393,0.5529672503471375,0.044611480087041855,-0.32445117831230164,0.5982697010040283,0.15365532040596008,0.018240978941321373,0.5171985030174255,0.15091580152511597,-0.37597471475601196,0.5918435454368591,0.3109820783138275,0.11105888336896896,0.511046826839447,0.3357723355293274,-0.41042134165763855,0.6046543717384338,0.4466676414012909,0.038520798087120056,0.5080447196960449,0.5009230375289917,-0.4428609311580658,0.6092237234115601,0.4817688763141632,0.02271188423037529,0.5044776797294617,0.5372766852378845,-0.4970036447048187,0.6095285415649414,0.4897913932800293,-0.023303482681512833,0.5175609588623047,0.5365967750549316,-0.5139783024787903,0.6059780120849609,0.47447076439857483,0.01600378006696701,0.5214729905128479,0.5260177254676819,-0.45029059052467346,0.5432960391044617,0.45213890075683594,0.13099665939807892,0.4948100447654724,0.4480242133140564,-0.13109876215457916,0.548735499382019,0.6558063626289368,0.24030251801013947,0.5074770450592041,0.6713502407073975,-0.10587095469236374,0.5497760772705078,0.8560805320739746,0.46001678705215454,0.5046647191047668,0.8957101702690125,0.05462338775396347,0.5353860259056091,0.8849198818206787,0.4734547436237335,0.4943881630897522,0.920140266418457,0.06563815474510193,0.5925853848457336,0.9145079851150513,0.35939428210258484,0.5452212691307068,0.9480623602867126,-0.08554621785879135
deadlift_2500681.jpg,0.5698335766792297,0.020891405642032623,-0.3281864821910858,0.5696972608566284,0.007473641540855169,-0.301972359418869,0.571130096912384,0.008663726039230824,-0.302022784948349,0.5724391937255859,0.009294981136918068,-0.3020336329936981,0.558760941028595,0.005744336638599634,-0.3401239812374115,0.5531988739967346,0.004994586110115051,-0.3401581048965454,0.5466465353965759,0.004032637923955917,-0.3403088450431824,0.5602066516876221,0.01530023105442524,-0.1511160433292389,0.5309607982635498,0.015416288748383522,-0.32233285903930664,0.5648078918457031,0.039040420204401016,-0.26757991313934326,0.5542256236076355,0.042643237859010696,-0.31720462441444397,0.5745551586151123,0.15617236495018005,0.047331683337688446,0.5031172037124634,0.1405237764120102,-0.39649686217308044,0.5889685750007629,0.3102015256881714,0.14975987374782562,0.5008333921432495,0.3268812298774719,-0.4425140619277954,0.6044936776161194,0.4503386616706848,0.06589657813310623,0.504055380821228,0.4994606375694275,-0.47402438521385193,0.6075676083564758,0.48661190271377563,0.04922090098261833,0.5012935400009155,0.5390393733978271,-0.5302854776382446,0.6081464290618896,0.4883924722671509,0.00046939749154262245,0.5169668793678284,0.5379205346107483,-0.5474727153778076,0.6045293211936951,0.4751376211643219,0.04194309562444687,0.5198491215705872,0.5258728265762329,-0.48099836707115173,0.5458709001541138,0.45901498198509216,0.1452447772026062,0.49530723690986633,0.4615633189678192,-0.14538100361824036,0.5531030893325806,0.6626958847045898,0.3027079701423645,0.5094476342201233,0.6791747808456421,-0.08510267734527588,0.5508731007575989,0.8583361506462097,0.5580456852912903,0.5005433559417725,0.8992562294006348,0.07924935221672058,0.5362092852592468,0.8878298401832581,0.5757153034210205,0.49134156107902527,0.9253658056259155,0.08743380755186081,0.5926657319068909,0.9149142503738403,0.4749028980731964,0.5392391085624695,0.960554838180542,-0.07615391910076141
deadlift_2500691.jpg,0.5860627293586731,0.0856366753578186,-0.39612457156181335,0.5856300592422485,0.06448456645011902,-0.3697463572025299,0.5870460867881775,0.06468936800956726,-0.36975568532943726,0.5884619951248169,0.06463340669870377,-0.36974069476127625,0.5785446166992188,0.060039881616830826,-0.4037814438343048,0.5763782262802124,0.05675063654780388,-0.40385645627975464,0.5726916790008545,0.052893202751874924,-0.403900682926178,0.5812578797340393,0.06342849135398865,-0.2064572125673294,0.557749330997467,0.04840531945228577,-0.3616720139980316,0.5806868672370911,0.10433721542358398,-0.33216238021850586,0.5739176869392395,0.10116178542375565,-0.3771454095840454,0.5835583806037903,0.1871144026517868,-0.012589210644364357,0.5090001821517944,0.17489878833293915,-0.407206267118454,0.5890495777130127,0.34164494276046753,0.07322780787944794,0.49741679430007935,0.3681931793689728,-0.45124420523643494,0.6019877195358276,0.475577712059021,-0.01469049695879221,0.496585488319397,0.5430266857147217,-0.4906996488571167,0.6064194440841675,0.5181230306625366,-0.03335447609424591,0.4931839108467102,0.5889877676963806,-0.5453686118125916,0.6046634912490845,0.519153356552124,-0.07567205280065536,0.5078664422035217,0.5873486995697021,-0.5622818470001221,0.600763738155365,0.5069563388824463,-0.03551197052001953,0.5119436979293823,0.5723814368247986,-0.49772071838378906,0.5469538569450378,0.4789781868457794,0.13368289172649384,0.49757346510887146,0.48788169026374817,-0.13378508388996124,0.5558290481567383,0.678508996963501,0.31142938137054443,0.5113800764083862,0.6986134648323059,-0.0660862922668457,0.550197958946228,0.8632780909538269,0.5480712652206421,0.5016377568244934,0.9052609801292419,0.07519374042749405,0.5355269908905029,0.8929378986358643,0.5648380517959595,0.4920627474784851,0.9347907900810242,0.07703039050102234,0.5966095328330994,0.9196721315383911,0.4792574942111969,0.5379841327667236,0.9770180583000183,-0.09089808911085129
deadlift_2500701.jpg,0.6371240615844727,0.22344784438610077,-0.49426496028900146,0.642398476600647,0.19757239520549774,-0.47301289439201355,0.6429522037506104,0.19681072235107422,-0.47293928265571594,0.6435085535049438,0.19619303941726685,-0.47288385033607483,0.6367180347442627,0.19132423400878906,-0.5084816217422485,0.6331415176391602,0.18542079627513885,-0.508586585521698,0.6288349628448486,0.17926813662052155,-0.5085877776145935,0.626560628414154,0.1838677078485489,-0.3188813328742981,0.6069124937057495,0.16278313100337982,-0.48733454942703247,0.6268442273139954,0.2370857298374176,-0.4325418770313263,0.6205068230628967,0.23049315810203552,-0.4805113971233368,0.5884895324707031,0.2556157112121582,-0.12973488867282867,0.5281484127044678,0.2645377516746521,-0.49335411190986633,0.5889516472816467,0.40993377566337585,-0.020250407978892326,0.49504050612449646,0.393382728099823,-0.5085607767105103,0.5954104065895081,0.49998193979263306,-0.03262091800570488,0.5002725124359131,0.5725292563438416,-0.4975772500038147,0.5928016901016235,0.5400179028511047,-0.04396684467792511,0.4965924620628357,0.6108020544052124,-0.5411628484725952,0.5975152254104614,0.5496912002563477,-0.0987267792224884,0.5116358399391174,0.5971491932868958,-0.5474876165390015,0.5914686322212219,0.5348221063613892,-0.03765638917684555,0.5145941376686096,0.5747464895248413,-0.5004438757896423,0.5485407114028931,0.5235610008239746,0.13143499195575714,0.4990442991256714,0.5505085587501526,-0.1317460536956787,0.5483801364898682,0.7038639783859253,0.3818982243537903,0.512377917766571,0.7373034954071045,-0.024160118773579597,0.5463501811027527,0.8628830909729004,0.637873649597168,0.49592143297195435,0.9406176805496216,0.08635832369327545,0.5302885174751282,0.891846239566803,0.660025954246521,0.4805568754673004,0.9433022141456604,0.08980239182710648,0.594476044178009,0.9200619459152222,0.6038764715194702,0.5384042859077454,0.9807126522064209,-0.060040924698114395
deadlift_2500711.jpg,0.6542288661003113,0.3961789309978485,-0.560674786567688,0.6610504984855652,0.3742722272872925,-0.557982325553894,0.6616150140762329,0.37101635336875916,-0.5579326152801514,0.6622442007064819,0.36743462085723877,-0.5579718947410583,0.6566441655158997,0.37555432319641113,-0.5934551358222961,0.6539408564567566,0.37329429388046265,-0.5936371684074402,0.6510758996009827,0.3708050549030304,-0.593781590461731,0.6471251249313354,0.3472708761692047,-0.4726748764514923,0.6291628479957581,0.3542528748512268,-0.6320076584815979,0.6439896821975708,0.4009423553943634,-0.517166256904602,0.6366434097290039,0.40270355343818665,-0.5637385845184326,0.6112754344940186,0.3552168011665344,-0.30520108342170715,0.5325109362602234,0.4205196797847748,-0.6044117212295532,0.5891448259353638,0.5052157640457153,-0.17864756286144257,0.5121952295303345,0.6157294511795044,-0.6128154397010803,0.5949390530586243,0.639699399471283,-0.18463866412639618,0.5329011678695679,0.7389337420463562,-0.591752290725708,0.58197021484375,0.6691151857376099,-0.19070178270339966,0.522854745388031,0.780846893787384,-0.6372215151786804,0.5840421319007874,0.6802003979682922,-0.22253940999507904,0.5365190505981445,0.7694622278213501,-0.6460349559783936,0.5914483666419983,0.6661182641983032,-0.1982208639383316,0.5416011214256287,0.7537695169448853,-0.5949254631996155,0.562847375869751,0.5323858261108398,0.12267926335334778,0.5055830478668213,0.5774295330047607,-0.12289157509803772,0.5754292011260986,0.7018647789955139,0.30375930666923523,0.5210675001144409,0.7418600916862488,0.045193929225206375,0.5481789112091064,0.8600667119026184,0.537896990776062,0.5054880380630493,0.9322203993797302,0.24672791361808777,0.5368779301643372,0.8915033936500549,0.5571339130401611,0.4946756064891815,0.9424187541007996,0.2623400390148163,0.5956684947013855,0.9199491143226624,0.487976610660553,0.5427367091178894,0.9804059267044067,0.14074604213237762
deadlift_2500721.jpg,0.6503024697303772,0.4586070477962494,-0.7054615020751953,0.6560713648796082,0.4359305202960968,-0.7015292644500732,0.6571894884109497,0.43204188346862793,-0.7015207409858704,0.6582887172698975,0.42765775322914124,-0.7015755772590637,0.6510564684867859,0.43743225932121277,-0.7352800965309143,0.6481602191925049,0.4352404773235321,-0.7355316877365112,0.6454389095306396,0.43285149335861206,-0.735824704170227,0.6488739848136902,0.403798371553421,-0.5944396257400513,0.6275176405906677,0.4198811948299408,-0.746035635471344,0.6433180570602417,0.46122196316719055,-0.6527782082557678,0.6367065906524658,0.4627000689506531,-0.6976003646850586,0.6196475625038147,0.41203773021698,-0.38188013434410095,0.5325945019721985,0.47468850016593933,-0.6951510310173035,0.5883896350860596,0.5286550521850586,-0.20201751589775085,0.5137410163879395,0.6691778898239136,-0.74930340051651,0.5781944394111633,0.6554453372955322,-0.16948121786117554,0.5287045836448669,0.8176003098487854,-0.7718903422355652,0.5749654769897461,0.6837698817253113,-0.1657058149576187,0.5216110348701477,0.8550896644592285,-0.825327455997467,0.5757035613059998,0.6935893297195435,-0.20009177923202515,0.5344976186752319,0.8552029728889465,-0.8404229879379272,0.5734928250312805,0.6847448348999023,-0.18310478329658508,0.5392705798149109,0.8410035967826843,-0.7775924801826477,0.562322199344635,0.5615978837013245,0.11737897247076035,0.5055902004241943,0.5964279174804688,-0.11736943572759628,0.5900788903236389,0.7011605501174927,0.12803593277931213,0.5329386591911316,0.7406960129737854,-0.14674526453018188,0.5759496092796326,0.8535848259925842,0.3940349519252777,0.5102909803390503,0.9102379679679871,0.05072889104485512,0.5638810396194458,0.8802586793899536,0.4152699112892151,0.49635541439056396,0.9273808002471924,0.06465720385313034,0.6022034287452698,0.9060914516448975,0.3274969756603241,0.5494685769081116,0.9579578042030334,-0.08489127457141876
deadlift_2500731.jpg,0.6542691588401794,0.4822445809841156,-0.6352004408836365,0.659177839756012,0.46262338757514954,-0.6341594457626343,0.6597031354904175,0.4584774076938629,-0.6341582536697388,0.6603010296821594,0.45317912101745605,-0.6342611312866211,0.6552001237869263,0.4660795032978058,-0.6664902567863464,0.6529671549797058,0.4647568166255951,-0.6666887402534485,0.6505028605461121,0.46331697702407837,-0.6668447852134705,0.6494271755218506,0.42923885583877563,-0.5489482879638672,0.6321730017662048,0.446306437253952,-0.6924457550048828,0.6465337872505188,0.4807144105434418,-0.5893645882606506,0.6416181325912476,0.48368436098098755,-0.6319305896759033,0.6223141551017761,0.4250853955745697,-0.37267953157424927,0.5372394919395447,0.4884675443172455,-0.6350020170211792,0.5910398364067078,0.5662072896957397,-0.2621138095855713,0.5234482884407043,0.6599134802818298,-0.6481279134750366,0.590361475944519,0.7086191773414612,-0.2731916308403015,0.5527933835983276,0.7825828790664673,-0.6484937071800232,0.5954924821853638,0.7349315881729126,-0.2829436659812927,0.5409603714942932,0.8157373070716858,-0.698451042175293,0.5939816832542419,0.7475547194480896,-0.319200724363327,0.5513806939125061,0.8107085227966309,-0.7116087079048157,0.588432252407074,0.7402879595756531,-0.28925466537475586,0.5539290904998779,0.7957392930984497,-0.6541823148727417,0.5616459250450134,0.5585393905639648,0.0961328074336052,0.5078368782997131,0.5925079584121704,-0.09600604325532913,0.5869863033294678,0.7032066583633423,0.14231280982494354,0.5368359684944153,0.7382045388221741,-0.05731974169611931,0.5743363499641418,0.8541110754013062,0.36484426259994507,0.5123490691184998,0.8899925947189331,0.147844135761261,0.5607432126998901,0.8803040385246277,0.38257256150245667,0.5026058554649353,0.9098988771438599,0.16267448663711548,0.602256178855896,0.9008995890617371,0.29879215359687805,0.553155243396759,0.9388062953948975,0.04740219935774803
deadlift_2500741.jpg,0.6541346907615662,0.45220857858657837,-0.6679955720901489,0.6612100005149841,0.43091681599617004,-0.659273087978363,0.6625428795814514,0.42812877893447876,-0.6592806577682495,0.6640040278434753,0.4248020648956299,-0.659334123134613,0.6558573842048645,0.43138986825942993,-0.6963376998901367,0.6532955169677734,0.4290664792060852,-0.6965503096580505,0.6504572033882141,0.42640960216522217,-0.6967097520828247,0.6513399481773376,0.4013455808162689,-0.536581814289093,0.630691647529602,0.40778499841690063,-0.703962504863739,0.6466475129127502,0.45859038829803467,-0.6097761392593384,0.6407173275947571,0.4569110572338104,-0.6588490605354309,0.6229189038276672,0.4275037944316864,-0.35044482350349426,0.5371817350387573,0.47369036078453064,-0.6543853878974915,0.5985792279243469,0.5709060430526733,-0.2362455427646637,0.5219796895980835,0.6542632579803467,-0.6676095128059387,0.5953997373580933,0.7009083032608032,-0.2918415367603302,0.5381901860237122,0.7828433513641357,-0.6800758838653564,0.5986891984939575,0.7352399826049805,-0.3115314245223999,0.530394971370697,0.8198583722114563,-0.7448224425315857,0.598849892616272,0.7394574284553528,-0.3539038300514221,0.5375379323959351,0.8191766738891602,-0.7573639154434204,0.5923865437507629,0.7312118411064148,-0.3118766248226166,0.541617214679718,0.8064872622489929,-0.6873660683631897,0.566280722618103,0.5939894318580627,0.09840299189090729,0.5085985064506531,0.6377420425415039,-0.09849503636360168,0.5857797861099243,0.7313893437385559,0.3755100965499878,0.5348118543624878,0.7728899717330933,0.13359345495700836,0.5667930841445923,0.8548986911773682,0.7209859490394592,0.5130462050437927,0.8943012952804565,0.44793790578842163,0.5504124164581299,0.8706048130989075,0.7539794445037842,0.5021025538444519,0.9160921573638916,0.4752286672592163,0.6025645732879639,0.9015108942985535,0.6976414322853088,0.5539487600326538,0.9396004676818848,0.36221760511398315
deadlift_2500751.jpg,0.6511684060096741,0.2139752060174942,-0.4539172053337097,0.6577335596084595,0.19419656693935394,-0.42654651403427124,0.6593104004859924,0.19411326944828033,-0.4266425669193268,0.6612527370452881,0.19372770190238953,-0.4267674684524536,0.6522343158721924,0.19058768451213837,-0.46272024512290955,0.6502309441566467,0.1874845325946808,-0.4627004861831665,0.649088978767395,0.18362069129943848,-0.462761253118515,0.647146463394165,0.1902434229850769,-0.2839471697807312,0.6261480450630188,0.17692333459854126,-0.4456012547016144,0.6436818838119507,0.22832748293876648,-0.3980673849582672,0.6381016969680786,0.22531192004680634,-0.44467785954475403,0.6187238693237305,0.2989797294139862,-0.10654238611459732,0.5387962460517883,0.27681389451026917,-0.4780968725681305,0.5980520844459534,0.4396471381187439,-0.04623645171523094,0.5124976634979248,0.47181257605552673,-0.5105188488960266,0.587260901927948,0.5753010511398315,-0.1312827169895172,0.5092475414276123,0.633390486240387,-0.5133363008499146,0.5858960747718811,0.620728075504303,-0.16418768465518951,0.4984273314476013,0.6697407960891724,-0.5680923461914062,0.5828721523284912,0.6192813515663147,-0.19401924312114716,0.5100027322769165,0.6783466339111328,-0.5879844427108765,0.574037492275238,0.6040679216384888,-0.15048958361148834,0.5148507952690125,0.6638074517250061,-0.522688090801239,0.5404481887817383,0.5027774572372437,0.10501623153686523,0.4940955936908722,0.5048828721046448,-0.1049865111708641,0.5448718667030334,0.6865741014480591,0.0739210993051529,0.5262654423713684,0.6862162947654724,-0.1675436943769455,0.49741071462631226,0.8405335545539856,0.28270867466926575,0.4595505893230438,0.8511554002761841,0.061036426573991776,0.4756697118282318,0.8570986390113831,0.2962876558303833,0.43340790271759033,0.8714245557785034,0.07780881226062775,0.5374135375022888,0.9064413905143738,0.19859418272972107,0.4982686936855316,0.9303455948829651,-0.058286480605602264
deadlift_2500761.jpg,,,,,,,,,,,,,,,,,,,,,,,,,,,,,,,,,,,,,,,,,,,,,,,,,,,,,,,,,,,,,,,,,,,,,,,,,,,,,,,,,,,,,,,,,,,,,,,,,,,
deadlift_2500771.jpg,0.5366968512535095,0.0406164824962616,0.1253959685564041,0.5290523767471313,0.02574893832206726,0.0907495766878128,0.5212153196334839,0.02702125906944275,0.09072625637054443,0.5165310502052307,0.023292332887649536,0.09071697294712067,0.5407188534736633,0.02436712384223938,0.08542593568563461,0.5427026152610779,0.0243875402957201,0.08546890318393707,0.5441591143608093,0.024610280990600586,0.08528687804937363,0.5055314302444458,0.03695136308670044,-0.033390820026397705,0.5421373844146729,0.034951478242874146,-0.057198211550712585,0.5280454754829407,0.06011426821351051,0.0882023423910141,0.536880373954773,0.061759382486343384,0.08192600309848785,0.47553521394729614,0.13275529444217682,-0.05790213122963905,0.5603921413421631,0.1550220400094986,-0.1347033828496933,0.47741782665252686,0.32149559259414673,-0.06608184427022934,0.5842753648757935,0.3207860291004181,-0.1212640032172203,0.49823063611984253,0.4747600555419922,-0.05613420531153679,0.5695702433586121,0.4424881935119629,-0.05411476641893387,0.4982644319534302,0.5158668756484985,-0.07399000972509384,0.5654845833778381,0.4895191490650177,-0.0626891627907753,0.5051814317703247,0.5195504426956177,-0.08165792375802994,0.5491651892662048,0.48628342151641846,-0.08261973410844803,0.507633626461029,0.5031662583351135,-0.060922373086214066,0.5482261776924133,0.4761662781238556,-0.06228010728955269,0.49985751509666443,0.41375604271888733,0.04472251236438751,0.5487344861030579,0.4065273702144623,-0.044768933206796646,0.5137535929679871,0.5886024832725525,0.15493689477443695,0.5629985332489014,0.5917936563491821,0.07129456102848053,0.5109972953796387,0.7506884336471558,0.3108983039855957,0.535136878490448,0.7548814415931702,0.2280755341053009,0.5067067742347717,0.7748629450798035,0.3212408125400543,0.5262444019317627,0.7738500237464905,0.24045917391777039,0.5268031358718872,0.7648099064826965,0.2704976499080658,0.5621398687362671,0.7657442092895508,0.1766148954629898
deadlift_2500781.jpg,0.5491095185279846,0.032138220965862274,-0.3040541708469391,0.549203097820282,0.01717355288565159,-0.2847026288509369,0.5503724217414856,0.017900804057717323,-0.284786194562912,0.5517276525497437,0.017642244696617126,-0.28481388092041016,0.5427799820899963,0.015912014991044998,-0.31492921710014343,0.5423526167869568,0.015620909631252289,-0.3149908781051636,0.5397964119911194,0.015436992049217224,-0.31517544388771057,0.542316198348999,0.024613261222839355,-0.1670582890510559,0.5265242457389832,0.022488456219434738,-0.30352842807769775,0.5452872514724731,0.05068541690707207,-0.2567988336086273,0.5391829609870911,0.05070646107196808,-0.29605039954185486,0.5476955771446228,0.13623689115047455,-0.043236277997493744,0.49562063813209534,0.1341669261455536,-0.3405165672302246,0.56158846616745,0.2892090976238251,0.00742354104295373,0.4986361563205719,0.3205459415912628,-0.35825154185295105,0.5787248611450195,0.41548997163772583,-0.08804266154766083,0.5084052681922913,0.4793819487094879,-0.3768480122089386,0.5858566164970398,0.4578269124031067,-0.11787068843841553,0.5067318677902222,0.5243747234344482,-0.4231208860874176,0.5852422118186951,0.46121132373809814,-0.15597094595432281,0.5170530080795288,0.525495171546936,-0.44616299867630005,0.579788863658905,0.44575202465057373,-0.10868088901042938,0.5183094143867493,0.509836733341217,-0.3864518702030182,0.5400415658950806,0.40681225061416626,0.0916450247168541,0.5173634886741638,0.4062263071537018,-0.09172692894935608,0.543651819229126,0.5881383419036865,0.16911347210407257,0.5194438099861145,0.5929766893386841,-0.015572003088891506,0.5404032468795776,0.7408347129821777,0.4438982307910919,0.5100411176681519,0.762884795665741,0.23862843215465546,0.528455913066864,0.7642344832420349,0.4647263288497925,0.4993606507778168,0.7923345565795898,0.2569681406021118,0.58404541015625,0.7797518372535706,0.365005224943161,0.5537194609642029,0.8188958168029785,0.12135185301303864
deadlift_2500791.jpg,0.6014202833175659,0.0691106840968132,-0.4419063329696655,0.6039953231811523,0.0503493957221508,-0.4170531630516052,0.6055417656898499,0.050622474402189255,-0.4170991778373718,0.6067545413970947,0.05140594393014908,-0.41710516810417175,0.5958164930343628,0.04700040444731712,-0.4527924954891205,0.5916407704353333,0.04467036947607994,-0.4528757333755493,0.5864384174346924,0.041866056621074677,-0.45298922061920166,0.5932554602622986,0.05142728611826897,-0.26575759053230286,0.5642206072807312,0.039762694388628006,-0.43016311526298523,0.5961277484893799,0.08511561155319214,-0.38192078471183777,0.5874698758125305,0.08137346059083939,-0.429053395986557,0.5823547840118408,0.1650821417570114,-0.0925525650382042,0.511301577091217,0.15956954658031464,-0.44333359599113464,0.5846737027168274,0.30933713912963867,-0.01663297228515148,0.5025154948234558,0.35403701663017273,-0.4643191695213318,0.5956687331199646,0.4350268840789795,-0.10300114750862122,0.505189836025238,0.5299227237701416,-0.4903448522090912,0.6030108332633972,0.47591009736061096,-0.12995056807994843,0.5024505257606506,0.5713983178138733,-0.5429263710975647,0.5989883542060852,0.4793928265571594,-0.16543139517307281,0.5117685794830322,0.5701243281364441,-0.5663513541221619,0.5933420658111572,0.46349266171455383,-0.12281309813261032,0.514043927192688,0.5589649081230164,-0.5003458857536316,0.5591089129447937,0.4375614523887634,0.09372249245643616,0.5186103582382202,0.44187334179878235,-0.09375668317079544,0.55218106508255,0.6238466501235962,0.2373417168855667,0.5179578065872192,0.6212936639785767,0.020963342860341072,0.5472636818885803,0.7622506022453308,0.48853054642677307,0.5076436996459961,0.7820041179656982,0.2835654318332672,0.5338186621665955,0.7870137691497803,0.5070703625679016,0.49445027112960815,0.8067034482955933,0.3022823929786682,0.5777451395988464,0.8213729858398438,0.4095931053161621,0.5498524308204651,0.8445313572883606,0.1362420618534088
deadlift_2500801.jpg,0.65365070104599,0.24492985010147095,-0.5539949536323547,0.6611026525497437,0.2193668782711029,-0.534633457660675,0.6616513729095459,0.21769286692142487,-0.5345989465713501,0.6619552969932556,0.21595458686351776,-0.5345271229743958,0.6558610200881958,0.21695923805236816,-0.5847378969192505,0.6524823307991028,0.21339306235313416,-0.5848663449287415,0.6485922932624817,0.20948022603988647,-0.5851042866706848,0.641959011554718,0.20161516964435577,-0.39960768818855286,0.6225757598876953,0.19682301580905914,-0.6315130591392517,0.6430839896202087,0.26019972562789917,-0.49695438146591187,0.6359007954597473,0.25819289684295654,-0.5640929937362671,0.6161377429962158,0.2831321060657501,-0.21853381395339966,0.5234493017196655,0.309145450592041,-0.6301794648170471,0.5903584957122803,0.42962443828582764,-0.06508943438529968,0.5022184252738953,0.4881739318370819,-0.6461639404296875,0.5883029103279114,0.5520651340484619,-0.09013248234987259,0.5136909484863281,0.6510162949562073,-0.6225754618644714,0.5836083292961121,0.5933375358581543,-0.10974674671888351,0.5054098963737488,0.6825519800186157,-0.6771576404571533,0.5827528834342957,0.5958786606788635,-0.14026355743408203,0.5156365036964417,0.6964830160140991,-0.6825740337371826,0.5832887887954712,0.5702027678489685,-0.10478126257658005,0.5198553800582886,0.6713715195655823,-0.6248658299446106,0.5676181316375732,0.5353128910064697,0.11605064570903778,0.5194250345230103,0.5484251976013184,-0.11621106415987015,0.5582952499389648,0.6981703042984009,0.3994935154914856,0.5137608051300049,0.7244426012039185,0.10451801866292953,0.545922040939331,0.8599033951759338,0.7451707124710083,0.5095636248588562,0.8897923827171326,0.424439936876297,0.5318595767021179,0.8910819292068481,0.775914192199707,0.49401232600212097,0.9166757464408875,0.4489482641220093,0.5916666388511658,0.9081897139549255,0.6916425824165344,0.5530041456222534,0.9939948320388794,0.2895832657814026
deadlift_2500811.jpg,0.6617449522018433,0.4012554883956909,-0.6660442352294922,0.6689656972885132,0.3821496367454529,-0.66309654712677,0.6698752641677856,0.3796209692955017,-0.6630518436431885,0.6707688570022583,0.3766603171825409,-0.6630168557167053,0.6637230515480042,0.38196271657943726,-0.705613911151886,0.6605921387672424,0.37926533818244934,-0.7058311700820923,0.6572584509849548,0.3761506676673889,-0.7061623930931091,0.6550735235214233,0.3506503701210022,-0.5662052035331726,0.6368366479873657,0.35489022731781006,-0.760140597820282,0.6527405381202698,0.4097276031970978,-0.6181814074516296,0.6438166499137878,0.41041985154151917,-0.6746959090232849,0.608599841594696,0.36107757687568665,-0.3963022530078888,0.5419832468032837,0.4430094063282013,-0.7254769206047058,0.5582302808761597,0.4212568402290344,-0.1329628974199295,0.519614040851593,0.6105005741119385,-0.7784998416900635,0.5441574454307556,0.5249617099761963,-0.02792338840663433,0.5205454230308533,0.7627955675125122,-0.8222365975379944,0.5241777300834656,0.5318343639373779,-0.023243701085448265,0.5134305953979492,0.7936121821403503,-0.8959059119224548,0.5248152613639832,0.5326811075210571,-0.04384355992078781,0.5201893448829651,0.7890555262565613,-0.9092050790786743,0.5327087640762329,0.54744553565979,-0.034619178622961044,0.5210559368133545,0.7769247889518738,-0.8313491344451904,0.5727980732917786,0.5500198602676392,0.11460927873849869,0.5224118828773499,0.6060081720352173,-0.11465373635292053,0.5730208158493042,0.6798370480537415,0.4743928015232086,0.5228618383407593,0.7351757287979126,0.23091422021389008,0.5472117066383362,0.82649165391922,0.9183992743492126,0.5112098455429077,0.8891804814338684,0.6422841548919678,0.5324791669845581,0.8863565325737,0.9613425731658936,0.49870049953460693,0.8890677690505981,0.678636908531189,0.5829047560691833,0.8558987379074097,0.8921079635620117,0.5535681843757629,0.9373162388801575,0.5514929890632629
deadlift_2500821.jpg,0.6653361916542053,0.4630718231201172,-0.691685676574707,0.671939492225647,0.4413153827190399,-0.6864963173866272,0.673602819442749,0.4363098442554474,-0.6865093111991882,0.6748420596122742,0.4317728579044342,-0.686517596244812,0.664993405342102,0.4450606405735016,-0.7210932970046997,0.6614298224449158,0.4438033998012543,-0.7213272452354431,0.6577833890914917,0.44230419397354126,-0.7215773463249207,0.6613969206809998,0.40683096647262573,-0.5784041881561279,0.640521228313446,0.4234824776649475,-0.7343927621841431,0.6594317555427551,0.46691542863845825,-0.6393187046051025,0.6500292420387268,0.47212880849838257,-0.6849066615104675,0.6282972693443298,0.4110061526298523,-0.4160214364528656,0.5408979058265686,0.49350765347480774,-0.6741138100624084,0.5984050631523132,0.5385750532150269,-0.25439342856407166,0.5084545016288757,0.6848339438438416,-0.6947588324546814,0.6002858877182007,0.6717984676361084,-0.22875498235225677,0.5226125121116638,0.8048229813575745,-0.7169710397720337,0.6003212332725525,0.6952292323112488,-0.23964419960975647,0.5358361005783081,0.8463426232337952,-0.7794612646102905,0.598304808139801,0.7034487128257751,-0.26337337493896484,0.5549623370170593,0.8356022238731384,-0.7909963726997375,0.5941635966300964,0.7000355124473572,-0.23947349190711975,0.5423970818519592,0.8084253668785095,-0.7252534627914429,0.5628513693809509,0.5784088373184204,0.10705908387899399,0.5122233033180237,0.6201308965682983,-0.10753802210092545,0.5700847506523132,0.708577573299408,0.3905925452709198,0.5131652355194092,0.7502680420875549,0.21425774693489075,0.5461050271987915,0.8157095909118652,0.7514246702194214,0.49456679821014404,0.8698156476020813,0.5577756762504578,0.5317694544792175,0.8453062176704407,0.7864096164703369,0.4809097349643707,0.8778461217880249,0.5894949436187744,0.579637348651886,0.8682670593261719,0.7188766598701477,0.534816563129425,0.9383111000061035,0.48278436064720154
deadlift_2500831.jpg,0.6609233021736145,0.4952411949634552,-0.7865442037582397,0.6670834422111511,0.4779128134250641,-0.7852327227592468,0.6684391498565674,0.47467684745788574,-0.7851985096931458,0.6697744727134705,0.47126349806785583,-0.7852694988250732,0.6613554358482361,0.4799656271934509,-0.8149923086166382,0.6583158373832703,0.47833922505378723,-0.8151944279670715,0.6549450755119324,0.47656628489494324,-0.8154680132865906,0.6580750942230225,0.44450515508651733,-0.6741611361503601,0.6350136399269104,0.45661768317222595,-0.8064839839935303,0.6556984782218933,0.4967852830886841,-0.7314110398292542,0.6481336951255798,0.49720069766044617,-0.7704534530639648,0.6454969644546509,0.4437194764614105,-0.4696929156780243,0.5376394987106323,0.5116931200027466,-0.7156096696853638,0.6108154058456421,0.5422094464302063,-0.2413615733385086,0.5087353587150574,0.6661285161972046,-0.7474439144134521,0.6183670163154602,0.6569578051567078,-0.17699767649173737,0.5186783671379089,0.8288470506668091,-0.7966488003730774,0.6227510571479797,0.6806623935699463,-0.17695024609565735,0.5141188502311707,0.8637278079986572,-0.8569298982620239,0.6213635802268982,0.6898905634880066,-0.20552793145179749,0.5189234614372253,0.8556141257286072,-0.8759949803352356,0.6144275069236755,0.6846646666526794,-0.1872139275074005,0.5222973227500916,0.8396918177604675,-0.8064373135566711,0.5722528696060181,0.567409098148346,0.10148103535175323,0.4994667172431946,0.6025972366333008,-0.1017904281616211,0.606264054775238,0.7041361927986145,0.33678770065307617,0.5120376348495483,0.754615843296051,0.17370779812335968,0.5620396137237549,0.8067583441734314,0.7209875583648682,0.5006120204925537,0.8949512839317322,0.5233955979347229,0.5459679365158081,0.8360738158226013,0.7585063576698303,0.4881925582885742,0.8990129232406616,0.5539467930793762,0.5883038640022278,0.8700147867202759,0.6832784414291382,0.5324265956878662,0.9622213840484619,0.42274072766304016
deadlift_2500841.jpg,0.6631354689598083,0.49244245886802673,-0.605361819267273,0.6697169542312622,0.47467344999313354,-0.6036190390586853,0.670698881149292,0.47160547971725464,-0.6036070585250854,0.6715883612632751,0.4680950939655304,-0.6036671996116638,0.6649566292762756,0.4754532277584076,-0.6352144479751587,0.6624490022659302,0.4730091392993927,-0.6354262232780457,0.6596336364746094,0.47021812200546265,-0.635684072971344,0.656319797039032,0.43831634521484375,-0.5207776427268982,0.640212893486023,0.4467446506023407,-0.6597520709037781,0.6565784215927124,0.4943980872631073,-0.5630773305892944,0.6507435441017151,0.49297502636909485,-0.603975236415863,0.6311632990837097,0.4379601776599884,-0.3585905432701111,0.5403778553009033,0.51832115650177,-0.6202054619789124,0.602903425693512,0.5289511680603027,-0.1865764707326889,0.5138458013534546,0.6749975085258484,-0.6606993079185486,0.6005662679672241,0.6393997669219971,-0.06248191371560097,0.5199705362319946,0.8308548927307129,-0.6689969301223755,0.604156494140625,0.6623745560646057,-0.043875642120838165,0.5140470266342163,0.8677433729171753,-0.7153409719467163,0.6030137538909912,0.6719275712966919,-0.06771014630794525,0.5225893259048462,0.8661922812461853,-0.7238883972167969,0.5974336862564087,0.6675518155097961,-0.0680980533361435,0.5235071778297424,0.8520752787590027,-0.6728553175926208,0.5741613507270813,0.578007161617279,0.09494072943925858,0.504574179649353,0.6235247254371643,-0.09507014602422714,0.6365533471107483,0.6904058456420898,0.15705899894237518,0.5148972868919373,0.7344111204147339,-0.08146072924137115,0.5811064839363098,0.780116081237793,0.46827104687690735,0.5106004476547241,0.8724122643470764,0.1917988806962967,0.5638043880462646,0.7877540588378906,0.49781563878059387,0.5019382834434509,0.8834174871444702,0.21641704440116882,0.6036369800567627,0.8511314392089844,0.465641587972641,0.5369977355003357,0.9354551434516907,0.1305147260427475
deadlift_2500851.jpg,0.6748564839363098,0.37379223108291626,-0.5785642266273499,0.6819877624511719,0.356275737285614,-0.5588887333869934,0.6826784610748291,0.3541906476020813,-0.5589498281478882,0.6832175850868225,0.3507365882396698,-0.5590594410896301,0.6773508191108704,0.3568674623966217,-0.6016588807106018,0.6748360991477966,0.3553933799266815,-0.6017985939979553,0.6716042757034302,0.3538956642150879,-0.6019562482833862,0.6659354567527771,0.33341503143310547,-0.4499950110912323,0.647950291633606,0.3413793444633484,-0.627191960811615,0.6664485931396484,0.3817930519580841,-0.5249033570289612,0.6606232523918152,0.381990522146225,-0.5812792181968689,0.6281359791755676,0.3757505714893341,-0.2786868214607239,0.5478939414024353,0.42605018615722656,-0.6209659576416016,0.595463216304779,0.5049155950546265,-0.168418750166893,0.5153912901878357,0.5953919887542725,-0.6544895768165588,0.5953598618507385,0.6356260180473328,-0.16327229142189026,0.5152910351753235,0.7403790950775146,-0.6541215181350708,0.5974841713905334,0.6616479754447937,-0.17484740912914276,0.510784924030304,0.7783787846565247,-0.710723340511322,0.5937719941139221,0.6719955205917358,-0.20802737772464752,0.521431565284729,0.7774573564529419,-0.7180418372154236,0.5895009636878967,0.6616248488426208,-0.18040762841701508,0.5231449604034424,0.7618261575698853,-0.657929003238678,0.5668242573738098,0.555133581161499,0.09646446257829666,0.5030497908592224,0.5807306170463562,-0.09653197973966599,0.5815563797950745,0.7187249064445496,0.2280503809452057,0.5157430768013,0.7291328310966492,0.039516035467386246,0.5197940468788147,0.8768249750137329,0.4988507330417633,0.49771878123283386,0.9056053161621094,0.31241703033447266,0.4997345507144928,0.9009618759155273,0.521014928817749,0.4831344783306122,0.9195281863212585,0.3337848484516144,0.5552709698677063,0.9383121728897095,0.43687617778778076,0.5289302468299866,0.966078519821167,0.20905984938144684
deadlift_2500861.jpg,0.6209890246391296,0.13967736065387726,-0.34756243228912354,0.6209669709205627,0.13336756825447083,-0.3311862349510193,0.6215651631355286,0.13309098780155182,-0.33130645751953125,0.621881365776062,0.13277506828308105,-0.3314163386821747,0.6171476244926453,0.13259688019752502,-0.3586295247077942,0.6152743697166443,0.13196004927158356,-0.35859236121177673,0.6133232116699219,0.13122966885566711,-0.35873275995254517,0.612026572227478,0.127542182803154,-0.2245919406414032,0.6013374328613281,0.12654328346252441,-0.34712275862693787,0.6177546977996826,0.1464104801416397,-0.3024427592754364,0.6141616106033325,0.14530791342258453,-0.3381318151950836,0.6196497678756714,0.2203352451324463,-0.08245572447776794,0.5470388531684875,0.20471832156181335,-0.37448981404304504,0.589573323726654,0.3612852692604065,-0.01696961559355259,0.5173225998878479,0.3760085105895996,-0.3789394795894623,0.5999268889427185,0.4825493395328522,-0.08233944326639175,0.5101837515830994,0.5481442213058472,-0.3888937830924988,0.60422283411026,0.5194030404090881,-0.10854944586753845,0.5019108653068542,0.5866492986679077,-0.43669968843460083,0.6014170050621033,0.5234215259552002,-0.1493094563484192,0.512214720249176,0.5867494344711304,-0.4509168267250061,0.595876932144165,0.5096827745437622,-0.10249015688896179,0.5160510540008545,0.5738636255264282,-0.3954348862171173,0.5397806763648987,0.4509679675102234,0.09165766835212708,0.49701300263404846,0.4462086260318756,-0.09180149435997009,0.5362810492515564,0.622809886932373,0.173148974776268,0.5083520412445068,0.6297954320907593,0.02366720885038376,0.5034686923027039,0.7808813452720642,0.4219977557659149,0.47573837637901306,0.7978391051292419,0.2859416902065277,0.48916956782341003,0.8005320429801941,0.44168874621391296,0.4627114236354828,0.8192372918128967,0.306964248418808,0.5264531970024109,0.8317748308181763,0.3530966341495514,0.5040045976638794,0.8603277206420898,0.18961381912231445
deadlift_2500871.jpg,0.5560275912284851,0.030163820832967758,-0.2882259488105774,0.5540027022361755,0.018884746357798576,-0.2836659848690033,0.5544728636741638,0.019200166687369347,-0.2837258279323578,0.5547714829444885,0.019471853971481323,-0.2838050425052643,0.549214243888855,0.018603511154651642,-0.3039718568325043,0.5463114380836487,0.018801629543304443,-0.30394142866134644,0.5437296628952026,0.019104691222310066,-0.3040938675403595,0.5481427907943726,0.025712652131915092,-0.22573460638523102,0.552400529384613,0.030475351959466934,-0.3160018026828766,0.5572032928466797,0.046810898929834366,-0.2611488401889801,0.5526669025421143,0.05100245028734207,-0.2871738076210022,0.5983386635780334,0.15112292766571045,-0.1091274842619896,0.5356181859970093,0.1460934430360794,-0.3521597981452942,0.5772229433059692,0.3171386420726776,-0.038182877004146576,0.509787380695343,0.3243721127510071,-0.34622952342033386,0.5933451056480408,0.4479467570781708,-0.08784116059541702,0.5090190768241882,0.4934503734111786,-0.36656537652015686,0.5975301861763,0.4833206534385681,-0.1106274202466011,0.5040697455406189,0.53639155626297,-0.41736724972724915,0.5982316732406616,0.48549291491508484,-0.15332846343517303,0.5146936774253845,0.5348024368286133,-0.4380891025066376,0.5939329862594604,0.47136396169662476,-0.1055455431342125,0.5169815421104431,0.5240533351898193,-0.37766361236572266,0.5373766422271729,0.41148507595062256,0.08800897747278214,0.4957004189491272,0.4124941825866699,-0.08825604617595673,0.5448570847511292,0.6057672500610352,0.20671874284744263,0.5118616819381714,0.6008471250534058,0.03679852932691574,0.5155848860740662,0.7569410800933838,0.4638025462627411,0.4855996370315552,0.751983642578125,0.3899506628513336,0.5103458166122437,0.7729751467704773,0.5027896165847778,0.46503978967666626,0.7917526364326477,0.4191552698612213,0.5394229292869568,0.821149468421936,0.44264620542526245,0.5143386721611023,0.8216235637664795,0.28453534841537476
deadlift_2500881.jpg,0.5605213642120361,0.02749749645590782,-0.26300352811813354,0.5566516518592834,0.011278570629656315,-0.24246813356876373,0.5569177269935608,0.011476161889731884,-0.2425106018781662,0.5570946931838989,0.011608039028942585,-0.24252822995185852,0.5511242747306824,0.011863834224641323,-0.28172144293785095,0.5475490689277649,0.01266612857580185,-0.2817254662513733,0.5434790253639221,0.013608562760055065,-0.28184324502944946,0.5439593195915222,0.020221304148435593,-0.12689264118671417,0.5297634601593018,0.025058221071958542,-0.3019316494464874,0.5579163432121277,0.04243582859635353,-0.21565912663936615,0.55218505859375,0.04493455961346626,-0.26604926586151123,0.5657690763473511,0.15198279917240143,0.04462237283587456,0.5216150879859924,0.15373770892620087,-0.3790295422077179,0.5770730972290039,0.3074783682823181,0.13690832257270813,0.5128017067909241,0.3352682888507843,-0.4123992919921875,0.5959475040435791,0.44001495838165283,0.08354371041059494,0.5076457858085632,0.49713829159736633,-0.4317791759967804,0.6030310392379761,0.47816047072410583,0.07198765128850937,0.5047991275787354,0.5388558506965637,-0.4858134984970093,0.6046457290649414,0.4812542796134949,0.027289655059576035,0.5162512063980103,0.5382170081138611,-0.5010268092155457,0.5990138649940491,0.47403383255004883,0.0609162263572216,0.5184100866317749,0.5233674049377441,-0.4388062655925751,0.539078950881958,0.43128031492233276,0.1315212994813919,0.4980572760105133,0.4425850808620453,-0.13174983859062195,0.5489407181739807,0.6253359317779541,0.22525909543037415,0.5126092433929443,0.6375869512557983,-0.06987907737493515,0.5388248562812805,0.8304911255836487,0.44238218665122986,0.4975270926952362,0.8507694602012634,0.09801777452230453,0.5284766554832458,0.863335907459259,0.4565776586532593,0.4847855865955353,0.8843346238136292,0.10708554834127426,0.5814410448074341,0.891203761100769,0.35912805795669556,0.546076774597168,0.8811455368995667,-0.03325258567929268
deadlift_2500891.jpg,0.575853705406189,0.04107760637998581,-0.32104814052581787,0.5745413303375244,0.020126568153500557,-0.30030760169029236,0.5743885040283203,0.020352933555841446,-0.30036112666130066,0.5761032104492188,0.02049778774380684,-0.30034831166267395,0.5744336247444153,0.01905949041247368,-0.3526272773742676,0.5736809372901917,0.018544239923357964,-0.35266703367233276,0.5722304582595825,0.017927145585417747,-0.352827250957489,0.5706690549850464,0.027948422357439995,-0.173944890499115,0.5611438155174255,0.027656253427267075,-0.40626657009124756,0.565875768661499,0.06326359510421753,-0.2682841122150421,0.5536158084869385,0.06285826116800308,-0.3366878926753998,0.5725858807563782,0.16965554654598236,0.011423963122069836,0.5252989530563354,0.1597478985786438,-0.4715005159378052,0.5780782103538513,0.33067020773887634,0.12229432910680771,0.510027289390564,0.35478317737579346,-0.5334044098854065,0.5973078608512878,0.4598901569843292,0.053660597652196884,0.5023126602172852,0.5291640162467957,-0.5479845404624939,0.6031435132026672,0.4975613057613373,0.03616708889603615,0.49899986386299133,0.5769049525260925,-0.6142047643661499,0.6018500924110413,0.5005874633789062,-0.007458365522325039,0.5094899535179138,0.5756849646568298,-0.6325585246086121,0.5980541110038757,0.4901871681213379,0.03019109182059765,0.5123070478439331,0.5591666102409363,-0.5555728077888489,0.546751081943512,0.4570794105529785,0.15352244675159454,0.5060665607452393,0.47060030698776245,-0.15375345945358276,0.5499725341796875,0.6584717631340027,0.41675013303756714,0.5133644938468933,0.6847039461135864,-0.028013018891215324,0.546352744102478,0.8532596230506897,0.7453880906105042,0.49830570816993713,0.8947247266769409,0.17762449383735657,0.5305237174034119,0.8886473774909973,0.7713397145271301,0.48631516098976135,0.9211056232452393,0.1888391524553299,0.5977222323417664,0.9106752872467041,0.6794647574424744,0.5451311469078064,0.9573201537132263,0.02056852914392948
deadlift_2500901.jpg,0.6338037252426147,0.1533600389957428,-0.48547089099884033,0.6392737030982971,0.11578173190355301,-0.4594162702560425,0.6400706171989441,0.1158389300107956,-0.45938798785209656,0.6408240795135498,0.11655576527118683,-0.45930784940719604,0.6317951679229736,0.09575135260820389,-0.5035863518714905,0.6270795464515686,0.07595165073871613,-0.5036997199058533,0.6217271685600281,0.044402651488780975,-0.5037902593612671,0.6215690970420837,0.10634489357471466,-0.2796667516231537,0.5995748043060303,0.055717308074235916,-0.5003969073295593,0.6204701066017151,0.18045692145824432,-0.4194282591342926,0.6095609664916992,0.1651153266429901,-0.47879427671432495,0.593478262424469,0.2516459822654724,-0.08718721568584442,0.5337392091751099,0.1946791261434555,-0.5311781764030457,0.5794713497161865,0.39612430334091187,0.10123598575592041,0.5104833245277405,0.4028047025203705,-0.5801318883895874,0.5961454510688782,0.5143613815307617,-0.09213294088840485,0.5025872588157654,0.5643978714942932,-0.592499852180481,0.5996608734130859,0.5655794143676758,-0.10697410255670547,0.5004348158836365,0.5847541093826294,-0.6439491510391235,0.5989447832107544,0.5620854496955872,-0.1420421302318573,0.5171917080879211,0.5831443071365356,-0.6536173224449158,0.5969115495681763,0.5426404476165771,-0.11173231899738312,0.5187283158302307,0.5852084755897522,-0.5952886939048767,0.5504668354988098,0.5038096308708191,0.13820423185825348,0.5065227746963501,0.5087303519248962,-0.13842830061912537,0.552068829536438,0.68763267993927,0.4436893165111542,0.5136124491691589,0.7105709314346313,-0.18700991570949554,0.546520471572876,0.8588327765464783,0.7809979319572449,0.4989084303379059,0.9034385681152344,-0.14552335441112518,0.5312438607215881,0.8879259824752808,0.8086465001106262,0.4859199821949005,0.9268677830696106,-0.1514478474855423,0.5966402292251587,0.9151962995529175,0.7349395155906677,0.543093740940094,0.9652442336082458,-0.33647629618644714
deadlift_2500911.jpg,0.648483157157898,0.35190629959106445,-0.7178135514259338,0.6549772620201111,0.33072608709335327,-0.7008610367774963,0.6558062434196472,0.32899022102355957,-0.7008377313613892,0.6565806865692139,0.327266663312912,-0.7008711099624634,0.6496770977973938,0.3276451826095581,-0.7450497150421143,0.6466115117073059,0.32362595200538635,-0.7452512383460999,0.6431605219841003,0.3188537061214447,-0.7454216480255127,0.6423549056053162,0.31102073192596436,-0.5539456009864807,0.6226249933242798,0.3060831129550934,-0.757233202457428,0.6372891068458557,0.36236944794654846,-0.6535881161689758,0.6290881037712097,0.36007553339004517,-0.7127482891082764,0.6068659424781799,0.35498160123825073,-0.33950909972190857,0.5380669832229614,0.41362932324409485,-0.7190760970115662,0.5913141965866089,0.5088785886764526,-0.22497138381004333,0.5168829560279846,0.5884236693382263,-0.7595576047897339,0.5941897630691528,0.637460470199585,-0.30209076404571533,0.5159793496131897,0.7154355645179749,-0.7807320952415466,0.5976161956787109,0.6718524694442749,-0.3193480670452118,0.5118396282196045,0.7523132562637329,-0.8415000438690186,0.5968449115753174,0.6728019118309021,-0.36130622029304504,0.5289652347564697,0.7417046427726746,-0.8542659878730774,0.5944446325302124,0.6639871001243591,-0.32356348633766174,0.5317814946174622,0.7289090752601624,-0.7862375378608704,0.5608547925949097,0.5519209504127502,0.13168293237686157,0.507329523563385,0.5767914056777954,-0.1318705826997757,0.5597172975540161,0.7107924222946167,0.42815494537353516,0.5136688351631165,0.7582873702049255,-0.10053882002830505,0.551021933555603,0.8705299496650696,0.7917158603668213,0.5084373950958252,0.911596417427063,0.04403674229979515,0.5368802547454834,0.8923361301422119,0.8233063220977783,0.49683696031570435,0.9378390908241272,0.05049560219049454,0.6012205481529236,0.9197178483009338,0.7457877397537231,0.5467135310173035,0.9698114991188049,-0.12684698402881622
deadlift_2500921.jpg,0.6547123789787292,0.44269973039627075,-0.746139407157898,0.6605007648468018,0.4215696156024933,-0.7327452898025513,0.661435067653656,0.4184107184410095,-0.7327499985694885,0.6623530983924866,0.4148491621017456,-0.7328288555145264,0.6551065444946289,0.4233134686946869,-0.7718162536621094,0.6519702076911926,0.4216104745864868,-0.7720581889152527,0.6485214233398438,0.41970089077949524,-0.7722543478012085,0.6490132808685303,0.39522379636764526,-0.5945554971694946,0.6268908381462097,0.40481698513031006,-0.7707729339599609,0.647075355052948,0.44956308603286743,-0.6833726763725281,0.6390250325202942,0.45134422183036804,-0.7351682186126709,0.621781587600708,0.4106399118900299,-0.3861318826675415,0.5383354425430298,0.49159377813339233,-0.7070835828781128,0.5894781947135925,0.5455535650253296,-0.25848525762557983,0.5173467993736267,0.6606306433677673,-0.7244977355003357,0.594222903251648,0.7060216665267944,-0.3000069856643677,0.5218042731285095,0.7959410548210144,-0.7414892911911011,0.5963872671127319,0.7328891158103943,-0.31505680084228516,0.5172224044799805,0.8334497213363647,-0.8013547658920288,0.5963628888130188,0.7414334416389465,-0.3536873161792755,0.5296642780303955,0.832118034362793,-0.8145645260810852,0.593576967716217,0.7301201820373535,-0.31893378496170044,0.5328623652458191,0.8189893364906311,-0.7477643489837646,0.5662582516670227,0.57551109790802,0.11045653373003006,0.5073081851005554,0.6175521016120911,-0.11046342551708221,0.5909438729286194,0.7204800248146057,0.30078229308128357,0.5268766283988953,0.7563602924346924,0.06886959075927734,0.5551671385765076,0.8571856021881104,0.6089367270469666,0.5130515694618225,0.90074223279953,0.35610178112983704,0.5466965436935425,0.8900600671768188,0.6362385153770447,0.5039837956428528,0.9215444922447205,0.37938424944877625,0.6023076772689819,0.9107815027236938,0.557526707649231,0.5543031692504883,0.9562731981277466,0.25046393275260925
deadlift_2600001.jpg,0.41528910398483276,0.37977853417396545,-0.6926110982894897,0.3836437463760376,0.32536378502845764,-0.5739850401878357,0.385429710149765,0.32220596075057983,-0.5740231871604919,0.3962255120277405,0.3186306357383728,-0.5741111636161804,0.37322312593460083,0.330043226480484,-0.5489178895950317,0.3733122944831848,0.32968664169311523,-0.5487107038497925,0.373921275138855,0.3294541537761688,-0.5487242937088013,0.4122607111930847,0.3127707540988922,-0.5743529200553894,0.3885353207588196,0.32212889194488525,-0.407054603099823,0.43293851613998413,0.3927156627178192,-0.5411914587020874,0.4013268053531647,0.3656556308269501,-0.5046926736831665,0.5268623232841492,0.4402408301830292,-0.5613972544670105,0.4583972692489624,0.4023098945617676,-0.24439558386802673,0.5258764624595642,0.6080648899078369,-0.6401960849761963,0.4700152277946472,0.5680451989173889,-0.19650427997112274,0.5095311403274536,0.7358843684196472,-0.6835144758224487,0.4754032790660858,0.7860915064811707,-0.2544024586677551,0.5134377479553223,0.767020583152771,-0.74301677942276,0.47367170453071594,0.752518892288208,-0.25969451665878296,0.5014835000038147,0.7610823512077332,-0.7525680065155029,0.47393810749053955,0.7439411878585815,-0.30195218324661255,0.4977330267429352,0.7505322098731995,-0.6882278919219971,0.477786660194397,0.7585318684577942,-0.27363303303718567,0.5157819986343384,0.6047534346580505,-0.10154442489147186,0.4688572287559509,0.5793752670288086,0.1013989970088005,0.4803735315799713,0.643922746181488,-0.48262467980384827,0.40365880727767944,0.516272246837616,0.023708609864115715,0.4761176109313965,0.8513968586921692,-0.350953072309494,0.43420928716659546,0.6962355971336365,0.25290900468826294,0.48451510071754456,0.8821616172790527,-0.34140512347221375,0.45015862584114075,0.7290564775466919,0.2719901502132416,0.453580766916275,0.9237686395645142,-0.4772881269454956,0.3828994631767273,0.7368705868721008,0.19731925427913666
deadlift_2600011.jpg,0.35482683777809143,0.390248566865921,-0.2817057967185974,0.352713942527771,0.36328497529029846,-0.30555400252342224,0.35588058829307556,0.3591817617416382,-0.3056037724018097,0.35932859778404236,0.35513973236083984,-0.30571895837783813,0.3492685854434967,0.3699069619178772,-0.26104316115379333,0.35023441910743713,0.37050649523735046,-0.26090365648269653,0.3515048921108246,0.37115710973739624,-0.2609108090400696,0.3755455017089844,0.34450191259384155,-0.38759031891822815,0.3688506484031677,0.35933658480644226,-0.17556124925613403,0.37290847301483154,0.3942941129207611,-0.29926222562789917,0.3716883957386017,0.39798703789711,-0.24099931120872498,0.4535272419452667,0.4233803153038025,-0.42504265904426575,0.4428098797798157,0.40114471316337585,-0.06330480426549911,0.475254625082016,0.6121238470077515,-0.5037683248519897,0.4800039827823639,0.5613595247268677,-0.020589372143149376,0.4745367467403412,0.7905221581459045,-0.5255754590034485,0.48449549078941345,0.7237464189529419,-0.04230845719575882,0.516018807888031,0.8022422194480896,-0.5758326053619385,0.4791659414768219,0.7442433834075928,-0.03360353037714958,0.5045427083969116,0.8063088059425354,-0.5793107748031616,0.4920949637889862,0.7424672245979309,-0.06793119758367538,0.4975752532482147,0.7966617941856384,-0.527681291103363,0.4950551390647888,0.737291693687439,-0.057884328067302704,0.4804570972919464,0.6250411868095398,-0.10849154740571976,0.45124486088752747,0.600732147693634,0.10798200219869614,0.46981081366539,0.5711390376091003,-0.5232671499252319,0.38620635867118835,0.5127368569374084,0.01830991357564926,0.467149943113327,0.8359374403953552,-0.4657716453075409,0.42857497930526733,0.6963773965835571,0.19126732647418976,0.4767455458641052,0.8704137802124023,-0.4606263041496277,0.44717928767204285,0.7241789698600769,0.20736266672611237,0.4460274577140808,0.9254237413406372,-0.5753746032714844,0.388619989156723,0.7534645795822144,0.14574775099754333
deadlift_2600021.jpg,0.35493001341819763,0.37816619873046875,-0.12177678197622299,0.34888336062431335,0.35600754618644714,-0.14714612066745758,0.3505859375,0.3531308174133301,-0.14718787372112274,0.3524479568004608,0.35020825266838074,-0.1472609043121338,0.3482010066509247,0.35941216349601746,-0.1054699718952179,0.3492043614387512,0.3590295612812042,-0.10530984401702881,0.3503246605396271,0.35864657163619995,-0.10529825836420059,0.3721851110458374,0.3368126451969147,-0.24236774444580078,0.36909088492393494,0.3454989492893219,-0.05502883344888687,0.3726707696914673,0.3849800229072571,-0.15533775091171265,0.37114840745925903,0.38758566975593567,-0.10114792734384537,0.4416379928588867,0.41395726799964905,-0.3469926118850708,0.44712451100349426,0.41620689630508423,0.020612448453903198,0.4600841701030731,0.5946674346923828,-0.39988404512405396,0.4851174056529999,0.5604169368743896,0.019425448030233383,0.4637111723423004,0.7870270609855652,-0.4038825035095215,0.49424585700035095,0.7252613306045532,-0.02171357348561287,0.4750862121582031,0.8227214217185974,-0.4415627121925354,0.48910024762153625,0.7551172971725464,-0.010516303591430187,0.46554598212242126,0.8272692561149597,-0.4393153786659241,0.49252593517303467,0.7599477767944336,-0.04069298878312111,0.46454134583473206,0.8140869736671448,-0.40273916721343994,0.4943522810935974,0.7522953748703003,-0.036480437964200974,0.4714662730693817,0.6294457316398621,-0.11110097914934158,0.4586088955402374,0.6188259720802307,0.1106133759021759,0.4601181447505951,0.6327384114265442,-0.3491317629814148,0.40372419357299805,0.5860337018966675,0.13666433095932007,0.47511234879493713,0.8687766194343567,-0.40400230884552,0.43995922803878784,0.7429906129837036,0.2668269872665405,0.49045005440711975,0.9031156897544861,-0.4123953878879547,0.4562831521034241,0.7682747840881348,0.2781837284564972,0.45095574855804443,0.9301580786705017,-0.5314253568649292,0.40186670422554016,0.7939229607582092,0.24399475753307343
deadlift_2600031.jpg,0.36365368962287903,0.18591251969337463,-0.28285354375839233,0.3606608510017395,0.16960571706295013,-0.3112984299659729,0.36249569058418274,0.1676853895187378,-0.3113486170768738,0.3645542860031128,0.16539090871810913,-0.31145572662353516,0.36056801676750183,0.17060071229934692,-0.2677401602268219,0.36216843128204346,0.16948054730892181,-0.2676156461238861,0.3640269339084625,0.1678614318370819,-0.2677356004714966,0.3843054473400116,0.1545412838459015,-0.36794883012771606,0.3852507472038269,0.1553209125995636,-0.2029561847448349,0.38126733899116516,0.19620373845100403,-0.30807676911354065,0.38143986463546753,0.19896316528320312,-0.2532500922679901,0.444759339094162,0.2601504325866699,-0.5173161029815674,0.47221189737319946,0.24052006006240845,-0.05578255280852318,0.463349312543869,0.47438690066337585,-0.5652537941932678,0.5259937047958374,0.3900115191936493,0.02286866307258606,0.4579318165779114,0.6671472191810608,-0.49997296929359436,0.5188501477241516,0.5395776629447937,0.0406220480799675,0.46039482951164246,0.7316070795059204,-0.5518704056739807,0.5152103304862976,0.5722216963768005,0.053495388478040695,0.4545310437679291,0.7321845889091492,-0.5441844463348389,0.5020625591278076,0.5781721472740173,0.020197367295622826,0.45360738039016724,0.7176946997642517,-0.4952964782714844,0.5024417042732239,0.5665057897567749,0.024216385558247566,0.4990784227848053,0.5413516759872437,-0.1315842568874359,0.5130815505981445,0.5147557258605957,0.13097158074378967,0.4760720133781433,0.6880176663398743,0.13192671537399292,0.4673202931880951,0.661738395690918,0.40259772539138794,0.49231910705566406,0.8690770268440247,0.4523504674434662,0.5042897462844849,0.8208680748939514,0.7508534789085388,0.4977768063545227,0.8984248042106628,0.48158931732177734,0.5252140164375305,0.8507385849952698,0.7835196852684021,0.4598444998264313,0.9219173192977905,0.3986782431602478,0.44507119059562683,0.8319411277770996,0.7208877205848694
deadlift_2600041.jpg,0.44028499722480774,0.19497168064117432,0.28663045167922974,0.46446692943573,0.17955097556114197,0.2677049934864044,0.46609124541282654,0.178834930062294,0.2676512897014618,0.46572554111480713,0.17811493575572968,0.26769059896469116,0.4721098840236664,0.1793699711561203,0.3043973743915558,0.47588831186294556,0.17864754796028137,0.30441808700561523,0.47960954904556274,0.17788471281528473,0.3041952848434448,0.4935302436351776,0.1756957620382309,0.19711852073669434,0.5034223198890686,0.17420227825641632,0.3621228337287903,0.4471707344055176,0.20633286237716675,0.2629856765270233,0.4647652506828308,0.2062322348356247,0.3108401596546173,0.4988062083721161,0.22514964640140533,0.024854442104697227,0.5455856323242188,0.24111133813858032,0.426763117313385,0.49511221051216125,0.33914124965667725,-0.11249244958162308,0.5354374647140503,0.3583618998527527,0.4662739336490631,0.47359272837638855,0.4267858862876892,-0.20087236166000366,0.49190810322761536,0.45051613450050354,0.4076504111289978,0.4659782648086548,0.45768213272094727,-0.2431098371744156,0.4824133813381195,0.4686446189880371,0.4224685728549957,0.4621902108192444,0.45413997769355774,-0.2219061404466629,0.47550642490386963,0.46939048171043396,0.38457033038139343,0.46764856576919556,0.4496142864227295,-0.1921314150094986,0.48247388005256653,0.4696362316608429,0.39202672243118286,0.5346476435661316,0.46993112564086914,-0.14197061955928802,0.555272102355957,0.48056158423423767,0.14176355302333832,0.49426737427711487,0.6816847920417786,-0.23824694752693176,0.48676690459251404,0.6390819549560547,0.238886758685112,0.49594011902809143,0.8946563005447388,-0.44323304295539856,0.5001232028007507,0.8002794981002808,0.2809840440750122,0.4980033338069916,0.9280487298965454,-0.4704715609550476,0.5113636255264282,0.8296651840209961,0.2709181010723114,0.44445016980171204,0.9245460629463196,-0.5912719964981079,0.45080867409706116,0.8221461176872253,0.271575391292572
deadlift_2600051.jpg,0.4703550934791565,0.2252245843410492,0.3117028772830963,0.47775593400001526,0.22503963112831116,0.29309919476509094,0.47920724749565125,0.22459538280963898,0.29303985834121704,0.48034247756004333,0.22455620765686035,0.2930457890033722,0.4779518246650696,0.226665660738945,0.32604485750198364,0.47811993956565857,0.22727036476135254,0.3260931968688965,0.48158299922943115,0.22796094417572021,0.32588961720466614,0.49432170391082764,0.22713662683963776,0.22635604441165924,0.5060927867889404,0.22962209582328796,0.3778988718986511,0.47537440061569214,0.2285338044166565,0.2892753779888153,0.4792463183403015,0.23705212771892548,0.3329443633556366,0.5100937485694885,0.25673067569732666,0.060101788491010666,0.5374249219894409,0.309000700712204,0.41767412424087524,0.5040774345397949,0.30026718974113464,-0.1455247849225998,0.5263115763664246,0.41310739517211914,0.4664035141468048,0.4810846745967865,0.3834722340106964,-0.2982763946056366,0.4846493601799011,0.5088462233543396,0.4400085508823395,0.47050201892852783,0.4056345224380493,-0.3480457663536072,0.47973644733428955,0.5303961634635925,0.4570898115634918,0.4701714515686035,0.40552452206611633,-0.2879624664783478,0.47154703736305237,0.5339012742042542,0.42178887128829956,0.4728182256221771,0.4025082588195801,-0.2776893377304077,0.47388866543769836,0.5260760188102722,0.4265812337398529,0.5171573758125305,0.4925590455532074,-0.13511821627616882,0.536941409111023,0.4870705008506775,0.134867861866951,0.4940369725227356,0.6909924149513245,-0.2041958123445511,0.488016277551651,0.646476149559021,0.28208252787590027,0.49799954891204834,0.8928205966949463,-0.39277827739715576,0.49787044525146484,0.8031120300292969,0.34041711688041687,0.5044645071029663,0.9295226335525513,-0.4165531098842621,0.5081855058670044,0.8311721086502075,0.33960455656051636,0.441182404756546,0.9207920432090759,-0.5240176916122437,0.45360735058784485,0.835461437702179,0.32822877168655396
deadlift_2600061.jpg,0.4775084853172302,0.21721188724040985,0.2303832322359085,0.48166361451148987,0.20450347661972046,0.202086940407753,0.48273584246635437,0.203591451048851,0.2020236849784851,0.48371264338493347,0.20287783443927765,0.2020411342382431,0.48235073685646057,0.20479530096054077,0.23845435678958893,0.48286622762680054,0.20409590005874634,0.23852534592151642,0.48491761088371277,0.2034350484609604,0.23828741908073425,0.4955258071422577,0.20010708272457123,0.10524430871009827,0.5050854086875916,0.1997891366481781,0.27249351143836975,0.4821723401546478,0.22515903413295746,0.19952033460140228,0.4836425185203552,0.2269214689731598,0.24782900512218475,0.5090616941452026,0.22718188166618347,-0.05506444722414017,0.5380325317382812,0.2583008408546448,0.3406826853752136,0.49627944827079773,0.30860716104507446,-0.16952160000801086,0.5311120748519897,0.3681335747241974,0.4081249237060547,0.482914000749588,0.3806191682815552,-0.42596957087516785,0.4892808198928833,0.4274970293045044,0.38252487778663635,0.4745886027812958,0.40733709931373596,-0.4730030298233032,0.4849873483181,0.4611026346683502,0.4019928276538849,0.4735316336154938,0.40458565950393677,-0.4490569531917572,0.48166894912719727,0.4770401418209076,0.363851398229599,0.4763562083244324,0.4005570709705353,-0.4180569648742676,0.48432597517967224,0.4518696963787079,0.3678571581840515,0.5137416124343872,0.48798051476478577,-0.14881525933742523,0.5331137776374817,0.4958248436450958,0.14849287271499634,0.49259722232818604,0.6886304616928101,-0.21109835803508759,0.48958835005760193,0.6431222558021545,0.3051793873310089,0.49739086627960205,0.8919990658760071,-0.35602718591690063,0.4983735680580139,0.8008754253387451,0.38915351033210754,0.5080282688140869,0.9324674010276794,-0.37473970651626587,0.5096818208694458,0.8278923630714417,0.39476802945137024,0.4407291114330292,0.918977677822113,-0.48364102840423584,0.4537021219730377,0.8350544571876526,0.37184926867485046
deadlift_2600071.jpg,0.48099657893180847,0.2718747854232788,0.3691273331642151,0.48476308584213257,0.25976303219795227,0.3503749966621399,0.48573699593544006,0.25848129391670227,0.350323885679245,0.48674407601356506,0.25739359855651855,0.35033175349235535,0.4850229024887085,0.2609409689903259,0.38214948773384094,0.485160768032074,0.26032474637031555,0.38222235441207886,0.4861713945865631,0.2597343921661377,0.3820010721683502,0.4970493018627167,0.2508867084980011,0.2756025195121765,0.5048556327819824,0.2529047727584839,0.423210471868515,0.48452994227409363,0.2759917080402374,0.34289756417274475,0.4856952428817749,0.2778703570365906,0.3853796422481537,0.511141836643219,0.2512767016887665,0.10386399924755096,0.5326327681541443,0.2813977003097534,0.4472236633300781,0.5012568831443787,0.32128778100013733,-0.09482035040855408,0.5286379456520081,0.40131881833076477,0.4819071888923645,0.47870105504989624,0.3854999244213104,-0.2727460265159607,0.4839392602443695,0.49051445722579956,0.4435536563396454,0.4706844687461853,0.40562891960144043,-0.31680089235305786,0.47767725586891174,0.5145546197891235,0.45669785141944885,0.46970054507255554,0.4049255847930908,-0.29643914103507996,0.46988794207572937,0.5202038884162903,0.42119166254997253,0.47222715616226196,0.40357479453086853,-0.2663540542125702,0.47191429138183594,0.508927047252655,0.4300549626350403,0.5091306567192078,0.49504169821739197,-0.13474836945533752,0.5284905433654785,0.49642854928970337,0.1343252807855606,0.49050775170326233,0.6945175528526306,-0.19955481588840485,0.4903397560119629,0.6440814137458801,0.297921359539032,0.49851587414741516,0.8953831791877747,-0.4125072658061981,0.5013244152069092,0.7945894598960876,0.3565095365047455,0.5109996199607849,0.9365156292915344,-0.4406549632549286,0.5127542018890381,0.8213294148445129,0.37761399149894714,0.44253242015838623,0.9230648279190063,-0.5488529801368713,0.45589813590049744,0.8274487257003784,0.32798928022384644
deadlift_2600081.jpg,0.4793453812599182,0.11444869637489319,-0.2167745977640152,0.4840318262577057,0.0961543470621109,-0.2514720857143402,0.48589417338371277,0.09609312564134598,-0.25149911642074585,0.4876531660556793,0.09614108502864838,-0.2515469193458557,0.4833410084247589,0.09339626878499985,-0.2045668065547943,0.48381245136260986,0.09170883893966675,-0.2045605629682541,0.4846762716770172,0.09001246839761734,-0.2048439234495163,0.4990048408508301,0.09383116662502289,-0.32126373052597046,0.5044322609901428,0.08496887236833572,-0.11142721772193909,0.4870187044143677,0.12798428535461426,-0.23455579578876495,0.4862423837184906,0.12587986886501312,-0.17360125482082367,0.5261926651000977,0.17274439334869385,-0.41720739006996155,0.535589873790741,0.13887719810009003,0.36997973918914795,0.5030019879341125,0.32595714926719666,-0.45944496989250183,0.5179455280303955,0.2653971016407013,0.17900367081165314,0.4836725890636444,0.43814578652381897,-0.449823260307312,0.4795422852039337,0.3977940082550049,0.19720081984996796,0.4797201454639435,0.46835950016975403,-0.5005871653556824,0.470033198595047,0.42374446988105774,0.15654203295707703,0.47697973251342773,0.47949036955833435,-0.5003600120544434,0.4646257162094116,0.4303811490535736,0.1710704118013382,0.47722750902175903,0.4696797728538513,-0.4485892951488495,0.4703724682331085,0.3956444561481476,0.247060626745224,0.5493571758270264,0.4348878562450409,-0.15498137474060059,0.5546464323997498,0.41425296664237976,0.15479329228401184,0.5034927129745483,0.6678898930549622,-0.1819661259651184,0.5014729499816895,0.6116900444030762,0.3051118850708008,0.4982377886772156,0.8941903114318848,-0.178520068526268,0.5082926154136658,0.784207820892334,0.47660624980926514,0.5114061236381531,0.9368786215782166,-0.1861361861228943,0.5224182605743408,0.820428192615509,0.48976123332977295,0.44348499178886414,0.9205974340438843,-0.3215058147907257,0.45315173268318176,0.8258216977119446,0.4236372411251068
deadlift_2600091.jpg,0.38286417722702026,0.16937240958213806,-0.3403835594654083,0.38122865557670593,0.1465913951396942,-0.37044668197631836,0.38315168023109436,0.14517910778522491,-0.3705296218395233,0.3851599395275116,0.143657848238945,-0.37066155672073364,0.38081440329551697,0.14630010724067688,-0.31829413771629333,0.38227614760398865,0.14489373564720154,-0.3182070851325989,0.3838575780391693,0.14331500232219696,-0.3183027505874634,0.40589335560798645,0.1360265165567398,-0.44530123472213745,0.40449076890945435,0.13354237377643585,-0.21222306787967682,0.3996557295322418,0.1813010275363922,-0.3622867166996002,0.398700088262558,0.18067169189453125,-0.29450592398643494,0.467529296875,0.2163003534078598,-0.5440662503242493,0.4865270256996155,0.210726797580719,0.011212593875825405,0.4828902781009674,0.4265556037425995,-0.5904120206832886,0.5190565586090088,0.3256372809410095,0.08588983118534088,0.457473486661911,0.6090195178985596,-0.5500301718711853,0.48432260751724243,0.5380654335021973,0.031003866344690323,0.45475447177886963,0.6532807946205139,-0.6153849959373474,0.4767856299877167,0.5819604396820068,0.02433287911117077,0.4475589394569397,0.649897038936615,-0.607181966304779,0.4731214940547943,0.5785857439041138,-0.016189908608794212,0.44747796654701233,0.6395547389984131,-0.545384407043457,0.48629090189933777,0.5695886611938477,0.015245172195136547,0.5429472327232361,0.5039272904396057,-0.15900874137878418,0.5536150336265564,0.4399797320365906,0.15874391794204712,0.48123329877853394,0.7032935619354248,0.08802953362464905,0.4776647388935089,0.6321521997451782,0.5627275705337524,0.4991447329521179,0.8909705877304077,0.386043906211853,0.5003266930580139,0.7893434166908264,1.002012848854065,0.514386773109436,0.9283246397972107,0.4115130305290222,0.5168763399124146,0.8220901489257812,1.0442533493041992,0.45130661129951477,0.9291033148765564,0.30792251229286194,0.43748006224632263,0.8307995200157166,1.0099382400512695
deadlift_2600101.jpg,0.3614746034145355,0.33925575017929077,-0.28571727871894836,0.3582448661327362,0.31511253118515015,-0.3170943558216095,0.36006271839141846,0.31246188282966614,-0.3171035945415497,0.36214038729667664,0.30974406003952026,-0.3171612024307251,0.3578559458255768,0.31610560417175293,-0.263976126909256,0.3591799736022949,0.31446579098701477,-0.2639178931713104,0.3606988489627838,0.31265130639076233,-0.26392367482185364,0.38491708040237427,0.2933945953845978,-0.4105670154094696,0.3828091025352478,0.2929746210575104,-0.17310428619384766,0.378434956073761,0.35035306215286255,-0.31652647256851196,0.37733232975006104,0.350340336561203,-0.24752546846866608,0.4468662142753601,0.39002472162246704,-0.5285348296165466,0.47206130623817444,0.36147287487983704,0.005200216080993414,0.45782795548439026,0.5822852849960327,-0.6040484309196472,0.5345088243484497,0.47480595111846924,0.09854230284690857,0.4528547525405884,0.7742070555686951,-0.5556678175926208,0.5367022752761841,0.607399046421051,0.1203865334391594,0.455063134431839,0.8285424113273621,-0.6124849319458008,0.5380259156227112,0.6379421353340149,0.1437082439661026,0.4464219808578491,0.8314847350120544,-0.6008186936378479,0.5284855365753174,0.6424718499183655,0.1044752299785614,0.44518643617630005,0.8139031529426575,-0.549105703830719,0.5303360223770142,0.635374128818512,0.10422054678201675,0.5314974188804626,0.6497297286987305,-0.1727442443370819,0.5434663891792297,0.5953989624977112,0.1723581701517105,0.4192962944507599,0.6752099990844727,-0.06000613793730736,0.43880531191825867,0.5911949872970581,0.5075362324714661,0.49313220381736755,0.8715318441390991,0.0661512017250061,0.49734216928482056,0.7507643699645996,0.7064332962036133,0.5098222494125366,0.9069157242774963,0.08896605670452118,0.5158290266990662,0.7768769860267639,0.7247104644775391,0.4483945965766907,0.9367609024047852,0.023961203172802925,0.4336422383785248,0.8135486245155334,0.7422997951507568
deadlift_2600111.jpg,0.34859785437583923,0.40177252888679504,-0.25981655716896057,0.34605446457862854,0.38159212470054626,-0.28674453496932983,0.34847408533096313,0.379152774810791,-0.2867167890071869,0.3513179421424866,0.3766821026802063,-0.2867666482925415,0.34482625126838684,0.3827667236328125,-0.23329360783100128,0.3459717333316803,0.381472647190094,-0.23321948945522308,0.3472462296485901,0.3801330626010895,-0.23326058685779572,0.37681862711906433,0.3614750802516937,-0.35626524686813354,0.3722122013568878,0.36093443632125854,-0.12897735834121704,0.36849889159202576,0.4147157073020935,-0.2840394377708435,0.36621344089508057,0.4147990047931671,-0.21560503542423248,0.4436388611793518,0.4437555968761444,-0.5029625296592712,0.4484785497188568,0.40695494413375854,0.07260498404502869,0.4564245939254761,0.6426675319671631,-0.581915557384491,0.5211021900177002,0.5628734827041626,0.15293069183826447,0.45924416184425354,0.8265405297279358,-0.5154434442520142,0.525268018245697,0.6882063746452332,0.14028961956501007,0.4608714282512665,0.8846102952957153,-0.5757285356521606,0.5235327482223511,0.7198216915130615,0.15961766242980957,0.44894441962242126,0.8852657675743103,-0.5671289563179016,0.5173369646072388,0.7260236740112305,0.11718246340751648,0.44866377115249634,0.8625882267951965,-0.5110339522361755,0.5212275981903076,0.7148823142051697,0.12074000388383865,0.5470408797264099,0.6645774245262146,-0.17944447696208954,0.5386699438095093,0.6506240963935852,0.1791311353445053,0.4043023884296417,0.5742433071136475,-0.2406371682882309,0.40145108103752136,0.532066285610199,0.31621673703193665,0.4440746009349823,0.7929449081420898,-0.04200698807835579,0.44472429156303406,0.7281096577644348,0.4179282486438751,0.4718922972679138,0.8222541809082031,-0.01796918921172619,0.4635693430900574,0.7598328590393066,0.4264087677001953,0.388686865568161,0.8531060218811035,-0.02287929132580757,0.3847619593143463,0.7822086811065674,0.4391261339187622
deadlift_2600121.jpg,0.3536650836467743,0.3651195168495178,-0.2898036241531372,0.3539923429489136,0.3444991707801819,-0.313724160194397,0.35626208782196045,0.34204670786857605,-0.3137262463569641,0.35861632227897644,0.33958274126052856,-0.31379929184913635,0.35270920395851135,0.34523314237594604,-0.2632032632827759,0.35377299785614014,0.343394011259079,-0.2631649672985077,0.35504576563835144,0.34134796261787415,-0.26317736506462097,0.37771353125572205,0.3295418918132782,-0.37197446823120117,0.3763611912727356,0.3289611041545868,-0.14924676716327667,0.3703102767467499,0.3759039640426636,-0.3095403015613556,0.3679819405078888,0.37805068492889404,-0.24466592073440552,0.4449094533920288,0.42367392778396606,-0.5022880434989929,0.45171868801116943,0.3961586058139801,0.058647315949201584,0.4623376727104187,0.6233024001121521,-0.5862376689910889,0.4888227880001068,0.5445849299430847,0.16806738078594208,0.4575454592704773,0.8074354529380798,-0.5677706599235535,0.5120230913162231,0.6439133286476135,0.19283312559127808,0.4608463644981384,0.8527675867080688,-0.6348682641983032,0.5188456177711487,0.6688738465309143,0.22199536859989166,0.44975629448890686,0.8606812953948975,-0.621655285358429,0.51615971326828,0.6717841029167175,0.1793566346168518,0.4498443901538849,0.8450765609741211,-0.560907781124115,0.5127962827682495,0.6625613570213318,0.1765708476305008,0.5588163137435913,0.6388892531394958,-0.16771893203258514,0.5470889210700989,0.6162356734275818,0.1676294058561325,0.4243405759334564,0.6057360172271729,-0.36810919642448425,0.4200473725795746,0.5496059656143188,0.289232462644577,0.4723101854324341,0.826107382774353,-0.1747211515903473,0.4500238001346588,0.7486437559127808,0.4559221863746643,0.4987550973892212,0.8725073337554932,-0.15548299252986908,0.48092424869537354,0.7757855653762817,0.4860489070415497,0.3977828025817871,0.9281632304191589,-0.2137557417154312,0.4043167531490326,0.7979310154914856,0.5099305510520935
deadlift_2600131.jpg,0.3657420873641968,0.19395054876804352,-0.27434733510017395,0.3685550391674042,0.17038314044475555,-0.30162668228149414,0.3709612786769867,0.16927406191825867,-0.3016805648803711,0.3732929825782776,0.16800087690353394,-0.30175846815109253,0.36735647916793823,0.17110320925712585,-0.25176841020584106,0.3690725564956665,0.1702820509672165,-0.25179141759872437,0.37084969878196716,0.16900111734867096,-0.2519160807132721,0.39251062273979187,0.16592110693454742,-0.36613723635673523,0.39084383845329285,0.16329345107078552,-0.14439314603805542,0.3804205060005188,0.20817998051643372,-0.2947136163711548,0.378023236989975,0.2103576511144638,-0.22998648881912231,0.45031753182411194,0.27115777134895325,-0.48156267404556274,0.4486382305622101,0.25897249579429626,0.052717383950948715,0.46689698100090027,0.4859709143638611,-0.5264928340911865,0.4902181029319763,0.4304395020008087,0.10586970299482346,0.4601397216320038,0.6913859844207764,-0.5548104643821716,0.4960569143295288,0.5842092633247375,0.029774725437164307,0.4619627892971039,0.7371447086334229,-0.5646069049835205,0.5162769556045532,0.5973772406578064,0.03948936238884926,0.45140472054481506,0.7448786497116089,-0.6150108575820923,0.5120285153388977,0.5979351997375488,-0.009658821858465672,0.4517500102519989,0.7306805849075317,-0.5207766890525818,0.5115667581558228,0.5908185243606567,0.008221199735999107,0.5795938372612,0.4930880665779114,-0.16838011145591736,0.55464106798172,0.47769826650619507,0.16851264238357544,0.4659155309200287,0.6508184671401978,-0.209535613656044,0.450332373380661,0.5757738351821899,0.3174213767051697,0.4794779419898987,0.8502901792526245,-0.000473872380098328,0.45624732971191406,0.7559831142425537,0.5939478278160095,0.5001099705696106,0.8936517238616943,0.01974129118025303,0.47285446524620056,0.7777810096740723,0.6201028227806091,0.41994205117225647,0.9407485723495483,-0.06483639776706696,0.39956265687942505,0.8065012693405151,0.5955958962440491
deadlift_2600141.jpg,,,,,,,,,,,,,,,,,,,,,,,,,,,,,,,,,,,,,,,,,,,,,,,,,,,,,,,,,,,,,,,,,,,,,,,,,,,,,,,,,,,,,,,,,,,,,,,,,,,
deadlift_2600151.jpg,0.4855435788631439,0.38087034225463867,0.33934178948402405,0.4937911033630371,0.37231743335723877,0.33448249101638794,0.49555379152297974,0.3726309835910797,0.3344835638999939,0.49830830097198486,0.3709266781806946,0.3343730866909027,0.492472380399704,0.37266820669174194,0.363117516040802,0.49285539984703064,0.37281590700149536,0.3631698489189148,0.49323782324790955,0.3729936480522156,0.3631598651409149,0.5108686089515686,0.3744964599609375,0.3036029040813446,0.5049313902854919,0.3760041892528534,0.43380123376846313,0.4896409809589386,0.3899194896221161,0.3276415765285492,0.487106055021286,0.3902543783187866,0.36484092473983765,0.5240240097045898,0.386377215385437,0.19053314626216888,0.5117465257644653,0.4242519736289978,0.4727427661418915,0.5254916548728943,0.3150693476200104,0.21635188162326813,0.48833128809928894,0.4513184130191803,0.5995977520942688,0.5283931493759155,0.24641846120357513,0.4418327510356903,0.4702509939670563,0.4037027955055237,0.6992344260215759,0.5283673405647278,0.23034295439720154,0.4658578336238861,0.46777698397636414,0.39441269636154175,0.7287667393684387,0.5277833938598633,0.23041418194770813,0.4713939428329468,0.4687415063381195,0.38909652829170227,0.7221710681915283,0.5287971496582031,0.237267404794693,0.4508730471134186,0.4683285653591156,0.3912317156791687,0.6989293694496155,0.49678024649620056,0.5519862771034241,-0.11318672448396683,0.49778273701667786,0.5677386522293091,0.11309660971164703,0.5010043382644653,0.7016106247901917,-0.24603420495986938,0.4904801547527313,0.6874125599861145,0.14079314470291138,0.49744001030921936,0.888206422328949,-0.399558961391449,0.5014620423316956,0.8163425922393799,0.13710442185401917,0.5134344100952148,0.9210524559020996,-0.417044073343277,0.5138294100761414,0.8470216393470764,0.13411714136600494,0.447505384683609,0.9111518263816833,-0.5191498398780823,0.4612545669078827,0.8508725762367249,0.10445087403059006
deadlift_2600161.jpg,0.4816950261592865,0.3521086871623993,0.3845592141151428,0.4915219843387604,0.35191431641578674,0.3689534068107605,0.4919317662715912,0.35302209854125977,0.3689202070236206,0.49229028820991516,0.3528693616390228,0.3689078390598297,0.4863586127758026,0.3405905067920685,0.39840924739837646,0.4877169728279114,0.3397088646888733,0.3985332250595093,0.4890626072883606,0.33884790539741516,0.3984428346157074,0.4998154044151306,0.33278852701187134,0.30559104681015015,0.5028848052024841,0.3316476047039032,0.43982091546058655,0.4872914254665375,0.3565517067909241,0.36166539788246155,0.4869919717311859,0.3565053641796112,0.40067437291145325,0.5188574194908142,0.34618404507637024,0.14203089475631714,0.5316804647445679,0.36159202456474304,0.4718219041824341,0.5062202215194702,0.3924930691719055,-0.08458193391561508,0.5211783647537231,0.4216678738594055,0.4821414053440094,0.48922890424728394,0.3852856457233429,-0.2711133658885956,0.48010239005088806,0.41985371708869934,0.4397468864917755,0.4855322539806366,0.3990615904331207,-0.32400980591773987,0.46919476985931396,0.4430471956729889,0.44794219732284546,0.48642539978027344,0.396366149187088,-0.30228373408317566,0.4672432541847229,0.43962275981903076,0.42223647236824036,0.48790571093559265,0.39347580075263977,-0.2673724889755249,0.46801555156707764,0.4361841380596161,0.42763060331344604,0.49828851222991943,0.5197770595550537,-0.12080445885658264,0.5079700946807861,0.5367369055747986,0.12059541791677475,0.49555253982543945,0.6934964656829834,-0.28601202368736267,0.4959017038345337,0.6411723494529724,0.052980974316596985,0.4996735155582428,0.8926311135292053,-0.5275720357894897,0.49351245164871216,0.7882381677627563,-0.07366745173931122,0.5152720808982849,0.9210183620452881,-0.5573024153709412,0.5012698173522949,0.8219860792160034,-0.09350743889808655,0.447474867105484,0.9106698632240295,-0.6618683338165283,0.45226576924324036,0.8172705769538879,-0.15042302012443542
deadlift_2600171.jpg,0.5002591609954834,0.3318765163421631,0.4790557026863098,0.5043303966522217,0.3214751183986664,0.4564190208911896,0.5040876865386963,0.3207189440727234,0.4564219117164612,0.5035487413406372,0.3199904263019562,0.45642533898353577,0.5067679286003113,0.32118508219718933,0.4817744195461273,0.5088115930557251,0.32090654969215393,0.4818820655345917,0.5108850598335266,0.320658802986145,0.4817386269569397,0.509323000907898,0.31392738223075867,0.35765522718429565,0.5223352909088135,0.3171551525592804,0.47614970803260803,0.5017454028129578,0.3355967104434967,0.4453592598438263,0.5047281384468079,0.33621564507484436,0.4792778789997101,0.5143558979034424,0.3194220960140228,0.1582784652709961,0.5571014881134033,0.34712642431259155,0.477162629365921,0.4909335970878601,0.36297428607940674,-0.04556429013609886,0.5465309619903564,0.3962570130825043,0.47209426760673523,0.4797478914260864,0.3813818693161011,-0.23567409813404083,0.49338823556900024,0.4255198538303375,0.40245553851127625,0.4735913872718811,0.39943304657936096,-0.29304859042167664,0.48066848516464233,0.4367888867855072,0.4053478538990021,0.4744769036769867,0.40314415097236633,-0.26947250962257385,0.4724847674369812,0.4353337585926056,0.37956005334854126,0.4771207273006439,0.3984925150871277,-0.23164252936840057,0.47517725825309753,0.43186843395233154,0.390809029340744,0.4985812306404114,0.497391015291214,-0.12369227409362793,0.527213990688324,0.5186858177185059,0.12339172512292862,0.4952087998390198,0.6916748881340027,-0.23170551657676697,0.5015572905540466,0.6321370601654053,0.19263580441474915,0.4996879994869232,0.8826084733009338,-0.46376365423202515,0.5039867758750916,0.7741295695304871,0.12320204079151154,0.5156828165054321,0.9149129986763,-0.48912563920021057,0.5116726160049438,0.8006327152252197,0.1081768199801445,0.4470880925655365,0.8994291424751282,-0.5898773670196533,0.4593791663646698,0.8159071803092957,0.06666116416454315
deadlift_2700001.jpg,0.3735016882419586,0.39371708035469055,-0.37959685921669006,0.3737468719482422,0.3744969666004181,-0.4041516184806824,0.37567049264907837,0.37233272194862366,-0.40419286489486694,0.3777402937412262,0.37039437890052795,-0.40435540676116943,0.37134620547294617,0.3754603862762451,-0.36214789748191833,0.37151214480400085,0.3740983009338379,-0.3620782494544983,0.3718319535255432,0.3724663555622101,-0.36205968260765076,0.3945100009441376,0.35545456409454346,-0.45550182461738586,0.3897908627986908,0.3602777123451233,-0.2651563286781311,0.38631898164749146,0.4041983187198639,-0.39242061972618103,0.3831665813922882,0.40689781308174133,-0.3373347222805023,0.46641215682029724,0.4540309011936188,-0.49210408329963684,0.4200974106788635,0.443914532661438,-0.119355708360672,0.4779748022556305,0.6051382422447205,-0.5351706147193909,0.42144161462783813,0.5838765501976013,-0.04220152273774147,0.47232407331466675,0.7443139553070068,-0.5350465178489685,0.40112626552581787,0.7063627243041992,-0.0935252383351326,0.4757552146911621,0.7849252223968506,-0.5890775918960571,0.3937424421310425,0.7325340509414673,-0.0961717739701271,0.4654267132282257,0.7837153673171997,-0.5839508175849915,0.3955135941505432,0.7361600995063782,-0.14313063025474548,0.46159693598747253,0.772331178188324,-0.5329708456993103,0.4006878733634949,0.7284098863601685,-0.11531177908182144,0.46353262662887573,0.6396875977516174,-0.12265706807374954,0.43573305010795593,0.6320153474807739,0.12231840938329697,0.4576559066772461,0.8026867508888245,0.04324889928102493,0.42473968863487244,0.7796419858932495,0.34149911999702454,0.4738663136959076,0.90785813331604,0.2617649435997009,0.44724327325820923,0.9019666314125061,0.6359483003616333,0.4874279797077179,0.9312712550163269,0.27879640460014343,0.46141040325164795,0.9242553114891052,0.6632071733474731,0.4260105490684509,0.9911835789680481,0.17524194717407227,0.40546002984046936,0.9091819524765015,0.6031426191329956
deadlift_2700011.jpg,0.3933812975883484,0.22554326057434082,-0.40720903873443604,0.398925244808197,0.20798903703689575,-0.4115105867385864,0.4021332561969757,0.20672838389873505,-0.4115855395793915,0.4057656526565552,0.20522789657115936,-0.411734014749527,0.3911283612251282,0.2096499502658844,-0.38085171580314636,0.38914772868156433,0.20964019000530243,-0.3807869553565979,0.3873436748981476,0.20943515002727509,-0.3807935118675232,0.4208763539791107,0.20526620745658875,-0.3667152225971222,0.3978240191936493,0.21008767187595367,-0.22777749598026276,0.4036666452884674,0.23935726284980774,-0.3859037756919861,0.39564409852027893,0.2403322011232376,-0.3459334969520569,0.46412384510040283,0.3154769241809845,-0.39859041571617126,0.4202248752117157,0.3174700438976288,-0.028089575469493866,0.4795612096786499,0.4612017869949341,-0.41798731684684753,0.42570507526397705,0.4878943860530853,0.04422673210501671,0.483273983001709,0.5870108604431152,-0.3998268246650696,0.4056485891342163,0.5738807916641235,-0.04252147674560547,0.4870348572731018,0.6222586631774902,-0.4422563314437866,0.4013737440109253,0.5980532169342041,-0.05043759196996689,0.47985583543777466,0.6210459470748901,-0.4563780725002289,0.40329232811927795,0.602861762046814,-0.09398631006479263,0.4767616093158722,0.6112831830978394,-0.4027935862541199,0.40618398785591125,0.5964393019676208,-0.06318409740924835,0.4724620282649994,0.577246367931366,-0.12175188213586807,0.44146105647087097,0.5572684407234192,0.12145844846963882,0.4691840708255768,0.7595600485801697,-0.08560733497142792,0.44132882356643677,0.7321377992630005,0.23144511878490448,0.4761580228805542,0.903668224811554,0.05820465460419655,0.4442674219608307,0.8762072324752808,0.3786497414112091,0.48945170640945435,0.9314177632331848,0.06305026262998581,0.4562850594520569,0.9022327065467834,0.3897566497325897,0.4279448091983795,0.9565259218215942,-0.07529838383197784,0.3911736309528351,0.9027198553085327,0.3072507083415985
deadlift_2700021.jpg,0.3943341374397278,0.14512863755226135,-0.2007782906293869,0.42072126269340515,0.10724542289972305,-0.2199130356311798,0.4337095022201538,0.10816358029842377,-0.2200787514448166,0.4424816370010376,0.10916478931903839,-0.22018972039222717,0.40351206064224243,0.10577987879514694,-0.1811033934354782,0.41279321908950806,0.10578320920467377,-0.18097348511219025,0.4194231927394867,0.10582244396209717,-0.18106722831726074,0.467436820268631,0.13953235745429993,-0.2437557727098465,0.42198261618614197,0.14145947992801666,-0.07026353478431702,0.42520102858543396,0.15143543481826782,-0.20619474351406097,0.4138079285621643,0.15182790160179138,-0.15570947527885437,0.47447293996810913,0.21842709183692932,-0.345680296421051,0.45909443497657776,0.24290761351585388,0.11471898853778839,0.480489045381546,0.37574315071105957,-0.3983840048313141,0.44678565859794617,0.38331595063209534,0.19222991168498993,0.48842230439186096,0.4805764853954315,-0.42894697189331055,0.4166126251220703,0.5138800144195557,0.11448395252227783,0.49055612087249756,0.5114724040031433,-0.4831986427307129,0.4088950455188751,0.5210397243499756,0.11363451182842255,0.48338258266448975,0.5108601450920105,-0.48666316270828247,0.4071844816207886,0.5211230516433716,0.06928246468305588,0.4814518988132477,0.5019376873970032,-0.4287164509296417,0.41065433621406555,0.5173940658569336,0.09351895749568939,0.47794458270072937,0.5068760514259338,-0.14669030904769897,0.4510199725627899,0.504073441028595,0.14669488370418549,0.46094322204589844,0.7119707465171814,-0.15064440667629242,0.4364550709724426,0.705936074256897,0.2374226599931717,0.4728584885597229,0.9030865430831909,-0.10442344099283218,0.44225651025772095,0.8612434267997742,0.38955268263816833,0.4875132143497467,0.9305381178855896,-0.10631656646728516,0.45532557368278503,0.8907161355018616,0.3988722562789917,0.41644251346588135,0.9496578574180603,-0.23446844518184662,0.38035205006599426,0.8921747207641602,0.32854896783828735
deadlift_2700031.jpg,0.406002014875412,0.12447220832109451,-0.21937821805477142,0.43631666898727417,0.10604321956634521,-0.22900591790676117,0.4536862075328827,0.10617268830537796,-0.2291431725025177,0.46384868025779724,0.10623364895582199,-0.22925075888633728,0.42754876613616943,0.10631147027015686,-0.19306476414203644,0.4385523200035095,0.10670096427202225,-0.1929665207862854,0.44433704018592834,0.10697213560342789,-0.19297410547733307,0.4843406081199646,0.11632560938596725,-0.21586348116397858,0.45583614706993103,0.11500311642885208,-0.05622851848602295,0.4383602738380432,0.14336565136909485,-0.21133336424827576,0.43803495168685913,0.14394520223140717,-0.16497427225112915,0.48816341161727905,0.21720875799655914,-0.3190113306045532,0.46148645877838135,0.2338436394929886,0.14314764738082886,0.4841546416282654,0.3628166913986206,-0.3707578778266907,0.45328396558761597,0.37064501643180847,0.2201719731092453,0.49223145842552185,0.4753131866455078,-0.385736882686615,0.41914814710617065,0.49377381801605225,0.12110958993434906,0.4935615658760071,0.5076242089271545,-0.42828062176704407,0.40813037753105164,0.5022953152656555,0.11721885204315186,0.48570317029953003,0.5056901574134827,-0.43438881635665894,0.4059695601463318,0.5030997395515442,0.0713486298918724,0.4838143289089203,0.4954097867012024,-0.38472750782966614,0.4115530550479889,0.497292697429657,0.09775299578905106,0.4793468415737152,0.5022516846656799,-0.14958640933036804,0.44929102063179016,0.49810245633125305,0.1496218889951706,0.46121612191200256,0.7117705345153809,-0.1639396846294403,0.43996647000312805,0.7044389247894287,0.22598616778850555,0.47110170125961304,0.9013848900794983,-0.12797780334949493,0.4484362006187439,0.8585130572319031,0.3833906948566437,0.4870349168777466,0.9376801252365112,-0.13268235325813293,0.463335782289505,0.8869078159332275,0.3923252820968628,0.410948246717453,0.9431940913200378,-0.27236059308052063,0.39805367588996887,0.8887879848480225,0.32376304268836975
deadlift_2700041.jpg,0.415792852640152,0.12475563585758209,-0.11450433731079102,0.43756961822509766,0.10775968432426453,-0.1367514282464981,0.458007276058197,0.10791362822055817,-0.13686798512935638,0.4684601426124573,0.10808657854795456,-0.13694263994693756,0.4375015199184418,0.10800942033529282,-0.09569540619850159,0.4472949802875519,0.10829849541187286,-0.09561730176210403,0.45214593410491943,0.1084665060043335,-0.09566307812929153,0.48875606060028076,0.11897504329681396,-0.17585846781730652,0.46592220664024353,0.11764165759086609,0.006584582384675741,0.44015365839004517,0.14418089389801025,-0.12433342635631561,0.44756457209587097,0.14336898922920227,-0.07141533493995667,0.493235319852829,0.20973174273967743,-0.3057117164134979,0.47401443123817444,0.23076771199703217,0.17773358523845673,0.4917612671852112,0.35424068570137024,-0.3741768002510071,0.4612793028354645,0.36887452006340027,0.23824572563171387,0.49100685119628906,0.4741285443305969,-0.38138097524642944,0.43103089928627014,0.4927189350128174,0.16187800467014313,0.4922015964984894,0.5044792890548706,-0.4247969686985016,0.42231255769729614,0.4965663552284241,0.1650746762752533,0.4842785894870758,0.5037626028060913,-0.4207417368888855,0.41979947686195374,0.4950554370880127,0.12255633622407913,0.4825349450111389,0.4929770529270172,-0.37676531076431274,0.42410901188850403,0.48840048909187317,0.14054860174655914,0.4809463620185852,0.4946806728839874,-0.1525765210390091,0.458217591047287,0.4931672513484955,0.15255776047706604,0.4617534875869751,0.7073734998703003,-0.13762468099594116,0.4482574760913849,0.6923943161964417,0.2201882004737854,0.4700385332107544,0.9000707268714905,-0.0939968079328537,0.45489880442619324,0.8518997430801392,0.33825555443763733,0.4877859354019165,0.9381381273269653,-0.09647193551063538,0.46837908029556274,0.8810916543006897,0.34454214572906494,0.4054401218891144,0.9427616596221924,-0.2289159893989563,0.4035451114177704,0.8810595870018005,0.27679750323295593
deadlift_2700051.jpg,0.4336470365524292,0.12521812319755554,-0.160598024725914,0.4450156092643738,0.10772212594747543,-0.17753027379512787,0.458856999874115,0.10770789533853531,-0.17765766382217407,0.4701162576675415,0.10800684988498688,-0.1777380108833313,0.45053932070732117,0.1079043596982956,-0.14190445840358734,0.45589831471443176,0.1079670786857605,-0.14181235432624817,0.45790979266166687,0.108016736805439,-0.14185254275798798,0.48950979113578796,0.11857730895280838,-0.18598227202892303,0.4707089066505432,0.11746316403150558,-0.02701316587626934,0.446934312582016,0.14408501982688904,-0.1585252732038498,0.45509234070777893,0.14414623379707336,-0.11250113695859909,0.4979836046695709,0.20949728786945343,-0.2895495295524597,0.4790881872177124,0.22663643956184387,0.1561780422925949,0.49412500858306885,0.35245898365974426,-0.3382812738418579,0.46165215969085693,0.36845752596855164,0.22294530272483826,0.48117586970329285,0.47725674510002136,-0.33579903841018677,0.4354504644870758,0.489536315202713,0.1326083093881607,0.4821120798587799,0.5092347264289856,-0.3731829524040222,0.426203191280365,0.4936189353466034,0.12945397198200226,0.4712367057800293,0.5070404410362244,-0.3762856721878052,0.4225105941295624,0.4910282492637634,0.08644609153270721,0.46914976835250854,0.49642011523246765,-0.33419644832611084,0.42778700590133667,0.484120637178421,0.110628642141819,0.4819856882095337,0.48679766058921814,-0.14713767170906067,0.4613979160785675,0.4882356524467468,0.14712479710578918,0.45924267172813416,0.6989400386810303,-0.1518428921699524,0.44508442282676697,0.6731000542640686,0.21919812262058258,0.470089852809906,0.8971502780914307,-0.1254877895116806,0.4573775827884674,0.8485799431800842,0.31414124369621277,0.4886905550956726,0.936547577381134,-0.1297430396080017,0.4707965552806854,0.8789308071136475,0.3197648227214813,0.4016856253147125,0.9307371973991394,-0.27027401328086853,0.40750494599342346,0.87715744972229,0.25028330087661743
deadlift_2700061.jpg,0.38771864771842957,0.1892750859260559,-0.2717483341693878,0.3899461627006531,0.17418445646762848,-0.29916641116142273,0.3930819630622864,0.1744239330291748,-0.2991710901260376,0.39611414074897766,0.17421047389507294,-0.29921552538871765,0.38767847418785095,0.17358066141605377,-0.2535530626773834,0.3881913721561432,0.17374572157859802,-0.25350043177604675,0.3886769413948059,0.17385433614253998,-0.25353243947029114,0.41178977489471436,0.17917443811893463,-0.3532659709453583,0.40327757596969604,0.18069131672382355,-0.14680029451847076,0.39931580424308777,0.20467783510684967,-0.28623703122138977,0.3968485891819,0.2045690268278122,-0.22645258903503418,0.4667510688304901,0.23946455121040344,-0.4168661832809448,0.43038326501846313,0.27068790793418884,0.007308014668524265,0.47998788952827454,0.4199208915233612,-0.4685770273208618,0.4179671108722687,0.4003295600414276,0.10529794543981552,0.47399309277534485,0.5776650309562683,-0.4805297553539276,0.40403279662132263,0.518816351890564,0.03931086137890816,0.47945156693458557,0.610918402671814,-0.5291714668273926,0.3998355567455292,0.5474324226379395,0.03670066222548485,0.46939268708229065,0.6105372905731201,-0.5329383015632629,0.4011540412902832,0.5558851957321167,-0.011524336412549019,0.4655313789844513,0.5970848202705383,-0.48137542605400085,0.40439489483833313,0.5418170690536499,0.01629151590168476,0.4762935936450958,0.531221330165863,-0.14686255156993866,0.4443015456199646,0.5186188220977783,0.14694803953170776,0.4626016616821289,0.707499623298645,-0.020703019574284554,0.439520001411438,0.6883212327957153,0.3629564046859741,0.4664991796016693,0.896679699420929,0.13011379539966583,0.4482204020023346,0.8504090905189514,0.6381615400314331,0.4863869249820709,0.9354204535484314,0.13800980150699615,0.46543988585472107,0.8767091631889343,0.6619179248809814,0.40463337302207947,0.9379738569259644,-0.010588139295578003,0.3953462541103363,0.8875646591186523,0.5911702513694763
deadlift_2700071.jpg,0.3634008467197418,0.35800933837890625,-0.2959423065185547,0.3648633658885956,0.33774593472480774,-0.31901443004608154,0.3687031865119934,0.334987998008728,-0.319053053855896,0.37285804748535156,0.3317975103855133,-0.31915798783302307,0.3601889908313751,0.34090641140937805,-0.2756122648715973,0.36026620864868164,0.34081849455833435,-0.2755873501300812,0.36060449481010437,0.34027478098869324,-0.27560654282569885,0.3928275406360626,0.32443541288375854,-0.356401652097702,0.37826159596443176,0.33455243706703186,-0.1598544865846634,0.38228505849838257,0.3679206371307373,-0.3037901222705841,0.375667542219162,0.3703693747520447,-0.24701568484306335,0.450400173664093,0.4045650362968445,-0.41423848271369934,0.4087027609348297,0.4108007550239563,-0.0069188568741083145,0.47382768988609314,0.5597658157348633,-0.47586339712142944,0.404839426279068,0.5409786701202393,0.09547271579504013,0.4737372100353241,0.7040485143661499,-0.4885479509830475,0.3902638554573059,0.6339728832244873,0.02808169461786747,0.48114731907844543,0.742813766002655,-0.5380994081497192,0.3858164846897125,0.6793799996376038,0.022576982155442238,0.4685809016227722,0.7429133057594299,-0.5404996275901794,0.38751497864723206,0.684735894203186,-0.024942317977547646,0.4628428518772125,0.7292109131813049,-0.4884231686592102,0.3909558057785034,0.6717344522476196,0.004446019884198904,0.4673975706100464,0.6539357900619507,-0.13593599200248718,0.432669073343277,0.6481092572212219,0.1359635293483734,0.4608973264694214,0.7896620631217957,0.05196882784366608,0.4290700852870941,0.7854212522506714,0.3543606102466583,0.46919432282447815,0.9130287170410156,0.28485697507858276,0.45079004764556885,0.9163260459899902,0.6145287156105042,0.4908432066440582,0.943566620349884,0.30412647128105164,0.4693760871887207,0.9188950657844543,0.6391765475273132,0.4080909192562103,0.9650877118110657,0.19652199745178223,0.4018194079399109,0.9320093989372253,0.5792964696884155
deadlift_2700081.jpg,0.3546766936779022,0.4451839029788971,-0.3037142753601074,0.35480406880378723,0.423996239900589,-0.3273296356201172,0.35744303464889526,0.4215658903121948,-0.327394962310791,0.36033356189727783,0.4190719723701477,-0.32751405239105225,0.35238000750541687,0.4252106249332428,-0.2868505120277405,0.35318523645401,0.4237012565135956,-0.2869059443473816,0.3543098270893097,0.42204174399375916,-0.28702324628829956,0.378593385219574,0.4084862172603607,-0.3707756996154785,0.37254178524017334,0.4109390377998352,-0.1915847808122635,0.3712879419326782,0.4532180428504944,-0.3139757812023163,0.36742103099823,0.45382893085479736,-0.2621494233608246,0.4511866569519043,0.4845642149448395,-0.40702903270721436,0.39750465750694275,0.4768543243408203,-0.06518308073282242,0.47417208552360535,0.6392586827278137,-0.4507259726524353,0.40043580532073975,0.5893691778182983,0.07508213073015213,0.4729490578174591,0.7814812660217285,-0.46406251192092896,0.3828731179237366,0.6713618636131287,0.08353454619646072,0.4815438985824585,0.8184604048728943,-0.508293092250824,0.3808426260948181,0.7025677561759949,0.08940501511096954,0.4699207842350006,0.8164159059524536,-0.5128595232963562,0.38199135661125183,0.7049792408943176,0.05034835636615753,0.4640216529369354,0.8021056056022644,-0.46504250168800354,0.3856898248195648,0.7009852528572083,0.06587766110897064,0.47025859355926514,0.7243826985359192,-0.10612116754055023,0.42456379532814026,0.7018837928771973,0.10621333867311478,0.4633793532848358,0.8372043371200562,0.10928239673376083,0.41880908608436584,0.8284088373184204,0.32201889157295227,0.47045835852622986,0.9486618638038635,0.3823784589767456,0.4436356723308563,0.9343637228012085,0.5862863063812256,0.4907180666923523,0.9537861347198486,0.407748818397522,0.45795008540153503,0.9486698508262634,0.6128304600715637,0.43793433904647827,0.9985103011131287,0.3391677737236023,0.4027753174304962,0.9602668881416321,0.564737856388092
deadlift_2700091.jpg,0.3636951148509979,0.452091246843338,-0.3773905634880066,0.363254189491272,0.4330456256866455,-0.3977814018726349,0.36537548899650574,0.43056046962738037,-0.39781925082206726,0.36761394143104553,0.4281391203403473,-0.39796388149261475,0.36061981320381165,0.43381839990615845,-0.36293503642082214,0.36094385385513306,0.4317544400691986,-0.36300644278526306,0.3613986372947693,0.42962658405303955,-0.3631175458431244,0.3835105001926422,0.41508010029792786,-0.42784321308135986,0.3762378990650177,0.41586431860923767,-0.27247464656829834,0.3778456151485443,0.4582199156284332,-0.3815135955810547,0.3736370801925659,0.45855119824409485,-0.33659520745277405,0.4565286934375763,0.4883371889591217,-0.44369956851005554,0.40089479088783264,0.4708062410354614,-0.1430417150259018,0.4720732867717743,0.6336577534675598,-0.47379544377326965,0.40020525455474854,0.5936222672462463,-0.02678144909441471,0.4707660377025604,0.7709276080131531,-0.5033184289932251,0.38673922419548035,0.6805326342582703,-0.04272539168596268,0.4762035012245178,0.817083477973938,-0.5501317381858826,0.3867725729942322,0.7014080286026001,-0.04164447262883186,0.4628705084323883,0.8138659000396729,-0.5528163313865662,0.38415324687957764,0.7013227939605713,-0.07852201908826828,0.45821234583854675,0.7987022399902344,-0.5042176842689514,0.38976699113845825,0.695590078830719,-0.058632493019104004,0.48105522990226746,0.7037757635116577,-0.0961923599243164,0.43196457624435425,0.6763244867324829,0.09620214998722076,0.46432197093963623,0.8211402297019958,0.08444701135158539,0.41266918182373047,0.8033270239830017,0.3012755811214447,0.47237667441368103,0.9363378882408142,0.3244103491306305,0.4414898753166199,0.9083042740821838,0.5627888441085815,0.4919310212135315,0.9546428918838501,0.3463287055492401,0.45494526624679565,0.9250978827476501,0.5896241068840027,0.43999147415161133,0.9815564751625061,0.27835407853126526,0.4013209939002991,0.9379903078079224,0.551564633846283
deadlift_2700101.jpg,0.3617372214794159,0.45072945952415466,-0.4009201228618622,0.3624279797077179,0.4336366355419159,-0.4194129407405853,0.3646226227283478,0.43164756894111633,-0.4194285571575165,0.3669027090072632,0.4296112060546875,-0.4195719063282013,0.3595335781574249,0.434003621339798,-0.38684219121932983,0.3597801625728607,0.43225157260894775,-0.386934369802475,0.3601078987121582,0.4303533732891083,-0.3870355784893036,0.38244810700416565,0.418323814868927,-0.44270050525665283,0.37442338466644287,0.41748300194740295,-0.2989436388015747,0.37645137310028076,0.45806846022605896,-0.40306392312049866,0.37141892313957214,0.45716989040374756,-0.3614870309829712,0.45613232254981995,0.4989997148513794,-0.4510107636451721,0.3974401354789734,0.4638682007789612,-0.17484751343727112,0.4705846905708313,0.6398995518684387,-0.4859350919723511,0.40254756808280945,0.5766379237174988,-0.059736188501119614,0.47058385610580444,0.7746744751930237,-0.5240851640701294,0.3887084126472473,0.6509418487548828,-0.06069398671388626,0.4756251275539398,0.8177793622016907,-0.5726239681243896,0.3860921859741211,0.665823757648468,-0.05987636372447014,0.4619520604610443,0.8134440183639526,-0.5747695565223694,0.3803211748600006,0.667986273765564,-0.09583280980587006,0.45698246359825134,0.7985668778419495,-0.5256955027580261,0.3850134313106537,0.6655320525169373,-0.07601714134216309,0.4815391004085541,0.6934583187103271,-0.08547883480787277,0.4333043098449707,0.6629091501235962,0.08547621220350266,0.4614162743091583,0.8198370337486267,0.08359309285879135,0.41297101974487305,0.7975211143493652,0.2877199947834015,0.472538024187088,0.9339015483856201,0.30536261200904846,0.44141244888305664,0.9012911319732666,0.5174676775932312,0.490603506565094,0.9536452293395996,0.32472285628318787,0.45458313822746277,0.9171975255012512,0.5410429835319519,0.4405779242515564,0.980623185634613,0.25168362259864807,0.40089938044548035,0.9322286248207092,0.49446600675582886
deadlift_2700111.jpg,0.3676066994667053,0.4211384654045105,-0.3117315471172333,0.3708806335926056,0.4010554552078247,-0.3322896659374237,0.37347713112831116,0.399509459733963,-0.332319438457489,0.3759818375110626,0.3979931175708771,-0.3324412405490875,0.36787357926368713,0.40192756056785583,-0.29679661989212036,0.36838480830192566,0.4009202718734741,-0.2968118488788605,0.36893099546432495,0.3998279869556427,-0.2968975901603699,0.3915594816207886,0.3942411243915558,-0.37262868881225586,0.38439884781837463,0.39431509375572205,-0.21595236659049988,0.3823522925376892,0.4331342577934265,-0.32169201970100403,0.37836208939552307,0.43316811323165894,-0.27610859274864197,0.4554602801799774,0.47852766513824463,-0.412254273891449,0.41000595688819885,0.4687363803386688,-0.08467543870210648,0.4719471335411072,0.6248899102210999,-0.43754878640174866,0.4074590504169464,0.59018474817276,0.00468218931928277,0.47229525446891785,0.7569035291671753,-0.45249155163764954,0.3923319876194,0.6920672655105591,-0.023468459025025368,0.4772014617919922,0.8022783994674683,-0.4992125630378723,0.39147359132766724,0.723699688911438,-0.017983516678214073,0.4629528224468231,0.8004206418991089,-0.4988805651664734,0.38414353132247925,0.7259584069252014,-0.06124604493379593,0.45769602060317993,0.7826403975486755,-0.4522075057029724,0.3899898827075958,0.7184379696846008,-0.04192192479968071,0.4875307083129883,0.6801678538322449,-0.09267128258943558,0.4417308270931244,0.6563740372657776,0.09272439777851105,0.46197712421417236,0.8239748477935791,-0.027684150263667107,0.4152351915836334,0.8007317185401917,0.19531328976154327,0.4753850996494293,0.9581895470619202,0.153788760304451,0.4441022574901581,0.9271689653396606,0.3590722680091858,0.4959718585014343,0.9600416421890259,0.1693384051322937,0.4578724503517151,0.9465498328208923,0.3738251328468323,0.4475094974040985,1.005203127861023,0.14019377529621124,0.40638267993927,0.9737216234207153,0.3291863799095154
deadlift_2700121.jpg,0.3641591966152191,0.28039613366127014,-0.3449539542198181,0.36716997623443604,0.26127931475639343,-0.36656683683395386,0.3697958290576935,0.26000654697418213,-0.3665943145751953,0.3724953532218933,0.2584591507911682,-0.366666704416275,0.36428171396255493,0.2621144950389862,-0.3276868462562561,0.3648621439933777,0.26171571016311646,-0.3276999294757843,0.36551138758659363,0.2611851990222931,-0.32776233553886414,0.39188656210899353,0.25228309631347656,-0.39849960803985596,0.3835657835006714,0.2566109597682953,-0.22517447173595428,0.37990686297416687,0.29508328437805176,-0.3516981899738312,0.3758228123188019,0.29594483971595764,-0.30126428604125977,0.4589836001396179,0.34807056188583374,-0.45332038402557373,0.4100396931171417,0.349455863237381,-0.051755499094724655,0.4739096462726593,0.4943884611129761,-0.48023220896720886,0.4138605296611786,0.4798699617385864,0.03682566434144974,0.4768742620944977,0.6444784998893738,-0.4743219316005707,0.39427095651626587,0.6094217896461487,-0.02363213524222374,0.4811261296272278,0.6802100539207458,-0.5242598056793213,0.39169320464134216,0.6413744688034058,-0.02166757732629776,0.4659225046634674,0.6830379366874695,-0.5258315205574036,0.3881114721298218,0.6567530632019043,-0.06794370710849762,0.4623515009880066,0.670612633228302,-0.4723489582538605,0.3951230049133301,0.6398149728775024,-0.0442071370780468,0.4903855621814728,0.572994589805603,-0.11516765505075455,0.4492180645465851,0.5624907612800598,0.1151595264673233,0.4680160582065582,0.7530325055122375,-0.06984172761440277,0.41959574818611145,0.7261145710945129,0.30997705459594727,0.4740411341190338,0.9260478615760803,0.032055243849754333,0.43856915831565857,0.870054304599762,0.5199481844902039,0.4902382493019104,0.9571048021316528,0.03446695953607559,0.43734171986579895,0.8968092799186707,0.5374379754066467,0.4237174391746521,0.9462417364120483,-0.08601432293653488,0.38784632086753845,0.9022433161735535,0.48678621649742126
deadlift_2700131.jpg,0.43759721517562866,0.2579026222229004,-0.053806181997060776,0.4442005157470703,0.24537824094295502,-0.07691820710897446,0.44619572162628174,0.24505534768104553,-0.07705449312925339,0.44817203283309937,0.244770348072052,-0.07711831480264664,0.44182249903678894,0.24442285299301147,-0.04703252390027046,0.44160979986190796,0.24367210268974304,-0.047002483159303665,0.44139713048934937,0.24291905760765076,-0.04724566265940666,0.45764589309692383,0.2438209503889084,-0.11271769553422928,0.4483121335506439,0.2406642735004425,0.02172813005745411,0.4409540295600891,0.26893243193626404,-0.060264769941568375,0.43833494186401367,0.267627090215683,-0.02132789045572281,0.47770750522613525,0.28755858540534973,-0.1959594041109085,0.44383010268211365,0.3018036484718323,0.16748985648155212,0.4854089319705963,0.36972203850746155,-0.28859204053878784,0.43487006425857544,0.39006295800209045,0.25158241391181946,0.4803370237350464,0.47909557819366455,-0.41362330317497253,0.4039815068244934,0.4925174415111542,0.19763189554214478,0.48105719685554504,0.5133165717124939,-0.46326592564582825,0.3936201333999634,0.5166535973548889,0.20400652289390564,0.4666655361652374,0.5110288262367249,-0.4710373282432556,0.39116260409355164,0.5191124081611633,0.16069278120994568,0.46287399530410767,0.5061712265014648,-0.4163358509540558,0.401466429233551,0.5112221837043762,0.17833589017391205,0.4947316348552704,0.5206654667854309,-0.11940347403287888,0.4672069549560547,0.5264025926589966,0.11943568289279938,0.46811044216156006,0.7073907852172852,-0.1741180270910263,0.4335137903690338,0.6919808983802795,0.14165599644184113,0.47428467869758606,0.8962728977203369,-0.18941237032413483,0.4356294572353363,0.8525933027267456,0.18955367803573608,0.49055811762809753,0.93120938539505,-0.1970425397157669,0.4433174431324005,0.8803813457489014,0.18847398459911346,0.42576563358306885,0.9290211796760559,-0.3143124282360077,0.38767001032829285,0.8943665623664856,0.11311443150043488
deadlift_2700141.jpg,0.47257688641548157,0.12801457941532135,-0.2035730481147766,0.4824029207229614,0.11619336158037186,-0.21029038727283478,0.4854815602302551,0.11689029633998871,-0.21058253943920135,0.4889245927333832,0.11759894341230392,-0.2106705605983734,0.47813642024993896,0.11526203900575638,-0.17025817930698395,0.4778018891811371,0.11561231315135956,-0.16999153792858124,0.4774271249771118,0.11577240377664566,-0.16997739672660828,0.5040149092674255,0.13137376308441162,-0.19987162947654724,0.4876624047756195,0.12550726532936096,-0.06443556398153305,0.4773147702217102,0.15115369856357574,-0.193796768784523,0.4717141389846802,0.14741255342960358,-0.1418529450893402,0.5063953995704651,0.226969912648201,-0.33254900574684143,0.46544820070266724,0.250495582818985,0.09854037314653397,0.5036250352859497,0.36395224928855896,-0.39199718832969666,0.4484163820743561,0.378252238035202,0.17396746575832367,0.4958942234516144,0.4751589894294739,-0.4453611373901367,0.4107969105243683,0.4816613793373108,0.1325082778930664,0.4973675608634949,0.5138500928878784,-0.5025742650032043,0.40009579062461853,0.5057318210601807,0.12258152663707733,0.48481428623199463,0.5090811848640442,-0.5053166747093201,0.39879676699638367,0.5076847672462463,0.06869951635599136,0.4821711480617523,0.4981134235858917,-0.4452010989189148,0.40569183230400085,0.5021088123321533,0.10036833584308624,0.4942968487739563,0.49879592657089233,-0.14608891308307648,0.47384554147720337,0.498602032661438,0.14613492786884308,0.4643757939338684,0.6993760466575623,-0.13085125386714935,0.43929582834243774,0.6823520064353943,0.21824005246162415,0.4742521047592163,0.8928484320640564,-0.04828798770904541,0.4387895166873932,0.8485646843910217,0.3415302336215973,0.4889829456806183,0.9284048080444336,-0.047215890139341354,0.4439433515071869,0.8664568662643433,0.32993069291114807,0.4158473610877991,0.9207542538642883,-0.1781262308359146,0.38737326860427856,0.8881725668907166,0.28861644864082336
deadlift_2700151.jpg,0.47858771681785583,0.13006608188152313,-0.2658703029155731,0.4890928566455841,0.11820660531520844,-0.27471238374710083,0.4930977523326874,0.11851975321769714,-0.27486616373062134,0.49714383482933044,0.11891422420740128,-0.27496442198753357,0.4818153977394104,0.1175621971487999,-0.23779436945915222,0.48067617416381836,0.11730820685625076,-0.23766686022281647,0.4797075688838959,0.11695241928100586,-0.23765094578266144,0.5100741982460022,0.12920792400836945,-0.22886855900287628,0.49042320251464844,0.1259281039237976,-0.07992104440927505,0.4851750135421753,0.15096108615398407,-0.2571968138217926,0.4777848422527313,0.1476149708032608,-0.20939356088638306,0.5135269165039062,0.22447650134563446,-0.3637780547142029,0.47026723623275757,0.24541452527046204,0.08497621864080429,0.5117567777633667,0.35267630219459534,-0.42250096797943115,0.4542008936405182,0.37198206782341003,0.16422343254089355,0.49648648500442505,0.47817352414131165,-0.4595701992511749,0.41744476556777954,0.4771939218044281,0.10805555433034897,0.49801358580589294,0.5106913447380066,-0.5131526589393616,0.40637561678886414,0.5027598738670349,0.1029963493347168,0.48921212553977966,0.5075961351394653,-0.5123230218887329,0.4034811854362488,0.5057960152626038,0.04647674784064293,0.48726311326026917,0.4975369870662689,-0.4573129415512085,0.4092445373535156,0.49833399057388306,0.07566316425800323,0.49105122685432434,0.4991214871406555,-0.1492142230272293,0.46955811977386475,0.4970456063747406,0.1491878479719162,0.4658331871032715,0.7016721963882446,-0.1436411589384079,0.44074735045433044,0.6762934923171997,0.26869094371795654,0.474409282207489,0.8947857618331909,-0.08574604988098145,0.440384179353714,0.8435735702514648,0.42802730202674866,0.4895465672016144,0.9297149777412415,-0.08773589134216309,0.4476366639137268,0.8690962195396423,0.43319419026374817,0.41868677735328674,0.926259458065033,-0.2194988876581192,0.38701820373535156,0.8836057186126709,0.3467663824558258
deadlift_2800001.jpg,0.5125141143798828,0.17120403051376343,-0.45725181698799133,0.5178737044334412,0.15246106684207916,-0.44021525979042053,0.5203905701637268,0.15198968350887299,-0.44027695059776306,0.5248087644577026,0.15200099349021912,-0.4403488039970398,0.5110707879066467,0.15415102243423462,-0.43858206272125244,0.5087978839874268,0.15483707189559937,-0.4386117160320282,0.5057636499404907,0.1557169109582901,-0.4386958181858063,0.5294439196586609,0.16114619374275208,-0.287905216217041,0.5021929144859314,0.165694922208786,-0.2879451811313629,0.5193261504173279,0.18799380958080292,-0.39956626296043396,0.5101855993270874,0.1888578236103058,-0.39769479632377625,0.560912013053894,0.26706185936927795,-0.18748034536838531,0.466421514749527,0.2694608271121979,-0.15298517048358917,0.5726627111434937,0.4023195505142212,-0.1094631627202034,0.4512970745563507,0.40419450402259827,-0.07214406132698059,0.5789079666137695,0.5282931923866272,-0.22181661427021027,0.43280497193336487,0.5143806338310242,-0.18509238958358765,0.5866755247116089,0.5641414523124695,-0.25850948691368103,0.42417290806770325,0.5430740714073181,-0.2179746925830841,0.5914995670318604,0.5615798234939575,-0.3035445809364319,0.4281887114048004,0.5453522205352783,-0.26981449127197266,0.5708363652229309,0.5534130334854126,-0.2412310540676117,0.4364352822303772,0.5364764332771301,-0.20699983835220337,0.5335527062416077,0.4868195950984955,-0.007442703004926443,0.47833478450775146,0.48860761523246765,0.007335206959396601,0.5415067672729492,0.6862416863441467,-0.04840127378702164,0.47733786702156067,0.674692690372467,-0.013006622903048992,0.5377724766731262,0.8675639629364014,0.14284703135490417,0.46544137597084045,0.8396289348602295,0.17937345802783966,0.5331118702888489,0.8862228989601135,0.1507830172777176,0.46921494603157043,0.8589140772819519,0.1896154284477234,0.5448866486549377,0.9182417392730713,-0.03167050704360008,0.47685760259628296,0.891514241695404,0.017729325219988823
deadlift_2800011.jpg,0.5297393202781677,0.17563191056251526,-0.19402913749217987,0.5297579765319824,0.15979459881782532,-0.19804181158542633,0.5300739407539368,0.15978319942951202,-0.19808751344680786,0.530553936958313,0.15989086031913757,-0.19819439947605133,0.5281338095664978,0.1594974398612976,-0.20838218927383423,0.5273825526237488,0.15925709903240204,-0.20842240750789642,0.5266483426094055,0.15905267000198364,-0.20855508744716644,0.5282807350158691,0.16948819160461426,-0.16843466460704803,0.536685585975647,0.16368767619132996,-0.19695346057415009,0.5304916501045227,0.1931588500738144,-0.17676258087158203,0.5376855731010437,0.19007407128810883,-0.19107027351856232,0.5315226912498474,0.27385959029197693,-0.14695312082767487,0.5186752676963806,0.26597222685813904,-0.12528873980045319,0.5508474707603455,0.4190981090068817,-0.13718770444393158,0.5113090872764587,0.3904850482940674,-0.1511344462633133,0.5439345240592957,0.5418071150779724,-0.17653025686740875,0.5246664881706238,0.5005441904067993,-0.25625914335250854,0.5550636053085327,0.5795782208442688,-0.20762935280799866,0.527293860912323,0.5364747643470764,-0.2931118905544281,0.5409202575683594,0.5773347616195679,-0.23587875068187714,0.5329587459564209,0.533879280090332,-0.3102406859397888,0.5260487198829651,0.5642671585083008,-0.18975035846233368,0.531521737575531,0.5217319130897522,-0.2674121558666229,0.5289758443832397,0.5131881833076477,-0.021294377744197845,0.5129225254058838,0.5038751363754272,0.021367372944951057,0.5363942980766296,0.6904674768447876,-0.026023507118225098,0.5018360614776611,0.6894360780715942,0.03289758786559105,0.5498164296150208,0.8669748902320862,0.20101308822631836,0.49036136269569397,0.8473161458969116,0.23579886555671692,0.5465613603591919,0.8850033283233643,0.21311868727207184,0.4909156262874603,0.8683913946151733,0.24775324761867523,0.5510665774345398,0.9221920371055603,0.05985729396343231,0.46734920144081116,0.8920109272003174,0.09972643107175827
deadlift_2800021.jpg,0.5303085446357727,0.19108396768569946,-0.4695763885974884,0.5355788469314575,0.1753161996603012,-0.4491209089756012,0.5395873188972473,0.17535533010959625,-0.44917669892311096,0.5436112284660339,0.1754896193742752,-0.44924667477607727,0.5229342579841614,0.1745114028453827,-0.4556562006473541,0.5184627175331116,0.17397382855415344,-0.45571762323379517,0.5140832662582397,0.17345650494098663,-0.4558243751525879,0.5451526045799255,0.1825263500213623,-0.28907614946365356,0.5074604749679565,0.1794249266386032,-0.3247809112071991,0.5356689691543579,0.20874767005443573,-0.4087860882282257,0.5213720202445984,0.20734356343746185,-0.41760748624801636,0.5684384703636169,0.2824119031429291,-0.1853673905134201,0.49301087856292725,0.2898339033126831,-0.19957320392131805,0.5880731344223022,0.42669790983200073,-0.11589325964450836,0.5019041895866394,0.41486769914627075,-0.13985547423362732,0.6193711161613464,0.5351029634475708,-0.24121490120887756,0.4734860956668854,0.534670352935791,-0.24830104410648346,0.6318755745887756,0.5676145553588867,-0.2773517668247223,0.4731232225894928,0.5761449337005615,-0.2818439304828644,0.6254999041557312,0.5723398923873901,-0.3234003484249115,0.4726594388484955,0.5781780481338501,-0.33201178908348083,0.6180070042610168,0.5623717308044434,-0.26216596364974976,0.47468581795692444,0.5622341632843018,-0.2695496380329132,0.5506320595741272,0.5126241445541382,-0.0061953323893249035,0.5041946172714233,0.5132234692573547,0.006112952716648579,0.5552350878715515,0.7008966207504272,-0.020462367683649063,0.4959757626056671,0.6979203820228577,-0.010659205727279186,0.5588127970695496,0.8717877864837646,0.22760795056819916,0.490944504737854,0.8686766028404236,0.2274283915758133,0.5542001724243164,0.8920629620552063,0.24094253778457642,0.49664241075515747,0.8924890160560608,0.24102595448493958,0.5727511048316956,0.9274290204048157,0.06283894926309586,0.47540396451950073,0.9319002628326416,0.06280280649662018
deadlift_2800031.jpg,0.5069767236709595,0.1392550766468048,-0.4861978590488434,0.5100356936454773,0.12323237210512161,-0.4687594175338745,0.5128909945487976,0.1228875070810318,-0.4688083529472351,0.5161624550819397,0.12267660349607468,-0.46887147426605225,0.5025873780250549,0.12384741753339767,-0.4675295054912567,0.49992623925209045,0.12391489744186401,-0.4675813317298889,0.49728724360466003,0.12412269413471222,-0.46765831112861633,0.5221330523490906,0.12900598347187042,-0.31461474299430847,0.49411603808403015,0.13081248104572296,-0.31269222497940063,0.5128781795501709,0.15615034103393555,-0.42531871795654297,0.5027367472648621,0.1556665301322937,-0.424323171377182,0.5544677972793579,0.22401191294193268,-0.18553969264030457,0.46447518467903137,0.22986894845962524,-0.1730491816997528,0.5770248770713806,0.36069798469543457,-0.10734568536281586,0.44345933198928833,0.34283265471458435,-0.10090253502130508,0.5967305898666382,0.47668394446372986,-0.24399666488170624,0.4313466250896454,0.4485477805137634,-0.22982250154018402,0.606524646282196,0.5097178816795349,-0.2824055254459381,0.4413040280342102,0.4573148190975189,-0.2672681510448456,0.6051785945892334,0.5208704471588135,-0.3285921514034271,0.4287792146205902,0.4710732698440552,-0.316386342048645,0.5913075804710388,0.5011925101280212,-0.2645503282546997,0.43584203720092773,0.46238869428634644,-0.2511562705039978,0.5333430171012878,0.45737314224243164,-0.007305133156478405,0.4761170446872711,0.4541358947753906,0.007157000247389078,0.543921172618866,0.6375269889831543,-0.06980152428150177,0.48486948013305664,0.6429244875907898,-0.05007628723978996,0.540061354637146,0.8202771544456482,0.15260829031467438,0.47270065546035767,0.8194925785064697,0.16238652169704437,0.538925051689148,0.8413375616073608,0.16326096653938293,0.47267013788223267,0.840366542339325,0.17444075644016266,0.5458982586860657,0.8761668801307678,0.019974680617451668,0.4600113332271576,0.8850338459014893,-0.007649540435522795
deadlift_2800041.jpg,0.49445194005966187,0.17548492550849915,-0.63400799036026,0.4965994656085968,0.15797123312950134,-0.6195948719978333,0.5025120973587036,0.1593746542930603,-0.6196045279502869,0.5061748027801514,0.15928728878498077,-0.6197158694267273,0.4903169572353363,0.15798379480838776,-0.6235824823379517,0.4879870116710663,0.15846483409404755,-0.6236790418624878,0.48634761571884155,0.15796047449111938,-0.6238281726837158,0.5116944909095764,0.16246306896209717,-0.46670499444007874,0.4831914007663727,0.16043217480182648,-0.48753198981285095,0.5008189082145691,0.1899888962507248,-0.5699626803398132,0.49145016074180603,0.1888960897922516,-0.575996458530426,0.5414113402366638,0.23877288401126862,-0.27680280804634094,0.4434075355529785,0.22870777547359467,-0.3520326018333435,0.5561296939849854,0.35066255927085876,-0.19175884127616882,0.4264712631702423,0.3451601266860962,-0.32271137833595276,0.567616879940033,0.42369553446769714,-0.29194074869155884,0.4315609335899353,0.4586414396762848,-0.42676326632499695,0.5772412419319153,0.46677860617637634,-0.30544009804725647,0.4351678192615509,0.4866575002670288,-0.4676293432712555,0.5697386860847473,0.466519296169281,-0.3724454641342163,0.4317258596420288,0.4923080801963806,-0.4981749653816223,0.5603450536727905,0.4576483368873596,-0.32276982069015503,0.4386984705924988,0.4809667468070984,-0.4411374628543854,0.5283829569816589,0.390628844499588,0.01027011964470148,0.45841386914253235,0.3841986656188965,-0.010100123472511768,0.5435127019882202,0.5335463285446167,-0.09676770120859146,0.4549933969974518,0.5060693025588989,-0.26782846450805664,0.5309890508651733,0.6940098404884338,0.10894788801670074,0.45392873883247375,0.6750965714454651,-0.046976182609796524,0.534286379814148,0.7192601561546326,0.12121278792619705,0.45544421672821045,0.6937103271484375,-0.03208399564027786,0.5253543257713318,0.7244117856025696,-0.038982562720775604,0.4517698884010315,0.737711489200592,-0.20519514381885529
deadlift_2800051.jpg,0.49578702449798584,0.159727543592453,-0.47635725140571594,0.49867862462997437,0.152090385556221,-0.4789084494113922,0.5017257332801819,0.15216635167598724,-0.47900253534317017,0.5046445727348328,0.15192142128944397,-0.47914430499076843,0.4923582971096039,0.14946378767490387,-0.46424198150634766,0.48929470777511597,0.14977435767650604,-0.46428024768829346,0.48350149393081665,0.1347537785768509,-0.46436816453933716,0.50807785987854,0.14228054881095886,-0.3210001289844513,0.48179998993873596,0.13590219616889954,-0.36060306429862976,0.4998111426830292,0.17687085270881653,-0.46732887625694275,0.4894161522388458,0.17638185620307922,-0.42666444182395935,0.5375329852104187,0.2227945327758789,-0.16145282983779907,0.43653690814971924,0.20720209181308746,-0.2632361948490143,0.5507236123085022,0.3268357813358307,-0.06817079335451126,0.42541131377220154,0.33116763830184937,-0.22752229869365692,0.5574303269386292,0.4081186056137085,-0.14921873807907104,0.4316834509372711,0.43768641352653503,-0.2898494601249695,0.5645228624343872,0.43106961250305176,-0.16622501611709595,0.4331744611263275,0.4653474986553192,-0.31888332962989807,0.5603951811790466,0.4290802478790283,-0.2008354812860489,0.43207406997680664,0.46809786558151245,-0.3442062437534332,0.5530655980110168,0.4217064380645752,-0.16571973264217377,0.4386378228664398,0.45777222514152527,-0.3011116683483124,0.5131028890609741,0.38207384943962097,0.022540299221873283,0.45534464716911316,0.37175101041793823,-0.022528838366270065,0.5411909222602844,0.49909815192222595,-0.05068589001893997,0.4606722593307495,0.4592494070529938,-0.2560558617115021,0.5299099087715149,0.6229603290557861,0.1404598504304886,0.45721668004989624,0.6186308264732361,-0.03992443531751633,0.5214747190475464,0.6406430006027222,0.15419448912143707,0.4572778046131134,0.6374288201332092,-0.022324245423078537,0.5295207500457764,0.6690030694007874,0.04337781295180321,0.46393778920173645,0.6788310408592224,-0.1521371752023697
deadlift_2800061.jpg,0.49339359998703003,0.17512811720371246,-0.29484283924102783,0.4951810836791992,0.16062554717063904,-0.2783709168434143,0.4979358911514282,0.16125734150409698,-0.27842724323272705,0.5009603500366211,0.16071012616157532,-0.27846211194992065,0.4901362657546997,0.16171830892562866,-0.2865959405899048,0.4889264702796936,0.1616324633359909,-0.2865771949291229,0.48715218901634216,0.143948033452034,-0.28658396005630493,0.5072364211082458,0.16000209748744965,-0.165701225399971,0.48331937193870544,0.15513187646865845,-0.2080690711736679,0.5028659105300903,0.18926294147968292,-0.25169721245765686,0.48730266094207764,0.19033215939998627,-0.26205870509147644,0.5268221497535706,0.2411353588104248,-0.08910095691680908,0.44465377926826477,0.23286020755767822,-0.13800382614135742,0.532476544380188,0.35357001423835754,-0.05464060604572296,0.4398448169231415,0.3530135750770569,-0.14265921711921692,0.5510370135307312,0.41277214884757996,-0.16445349156856537,0.4481525421142578,0.45511725544929504,-0.2233419269323349,0.558253288269043,0.4283267557621002,-0.1924719363451004,0.44744738936424255,0.4833572804927826,-0.2607033848762512,0.5564752221107483,0.4206673800945282,-0.2232159972190857,0.45251986384391785,0.4837089478969574,-0.2615385055541992,0.5486485958099365,0.4147760570049286,-0.18067069351673126,0.45657166838645935,0.4731733202934265,-0.22618378698825836,0.5065381526947021,0.41344693303108215,-0.0014644127804785967,0.45639148354530334,0.4069938659667969,0.0014535085065290332,0.5053598880767822,0.5308086276054382,-0.0674469843506813,0.4740211069583893,0.4779868721961975,-0.1389169842004776,0.5017521381378174,0.6556705236434937,0.022367406636476517,0.4663293659687042,0.6392756104469299,0.01836005598306656,0.49928614497184753,0.6716458201408386,0.024903571233153343,0.46624594926834106,0.663898766040802,0.02859126590192318,0.5020779967308044,0.6993769407272339,-0.0901099443435669,0.45896226167678833,0.687337338924408,-0.08168292045593262
deadlift_2800071.jpg,0.50355064868927,0.15301315486431122,-0.3640897572040558,0.519840657711029,0.1296989917755127,-0.34950146079063416,0.5241201519966125,0.12987104058265686,-0.3495260775089264,0.5285142064094543,0.12999829649925232,-0.34955358505249023,0.502231240272522,0.14134077727794647,-0.35021814703941345,0.5035237073898315,0.12798605859279633,-0.3502332270145416,0.4995620846748352,0.12524278461933136,-0.35026806592941284,0.5344766974449158,0.13477391004562378,-0.21577763557434082,0.49424153566360474,0.13050681352615356,-0.22406233847141266,0.5215199589729309,0.15786902606487274,-0.3144114911556244,0.5049872398376465,0.15672680735588074,-0.3161805272102356,0.5568560361862183,0.22075393795967102,-0.09706573188304901,0.4642367362976074,0.20457077026367188,-0.12192143499851227,0.5540443062782288,0.3359192907810211,-0.013083803467452526,0.44461897015571594,0.30810463428497314,-0.09003417938947678,0.5561758279800415,0.4146066904067993,-0.09964323788881302,0.4556303918361664,0.3719533383846283,-0.22255678474903107,0.5601034164428711,0.4391237795352936,-0.12460709363222122,0.45696714520454407,0.3941699266433716,-0.24634908139705658,0.5582870244979858,0.4350513517856598,-0.1601412296295166,0.4616260230541229,0.3876229226589203,-0.2635636329650879,0.5526845455169678,0.42463260889053345,-0.11572350561618805,0.46378594636917114,0.38052991032600403,-0.22404927015304565,0.5323883891105652,0.40765631198883057,-0.0038831376004964113,0.4780256152153015,0.4013105630874634,0.0038360622711479664,0.5289574265480042,0.5644270777702332,-0.045890189707279205,0.4829268753528595,0.5427291989326477,-0.10339939594268799,0.5300326943397522,0.7199375629425049,0.054527658969163895,0.47097063064575195,0.6927247643470764,0.059627965092659,0.5235812664031982,0.7422424554824829,0.05550603196024895,0.471616268157959,0.726465106010437,0.06595861911773682,0.5299203991889954,0.7652438879013062,-0.09593507647514343,0.47155195474624634,0.7555923461914062,-0.07921212166547775
deadlift_2800081.jpg,0.5154979825019836,0.1133577972650528,-0.3610704243183136,0.524586021900177,0.09616081416606903,-0.34536781907081604,0.5291420817375183,0.09637973457574844,-0.34544408321380615,0.5337039232254028,0.09667959064245224,-0.345503032207489,0.5080847144126892,0.09437009692192078,-0.34681564569473267,0.5073254108428955,0.09311021119356155,-0.34684768319129944,0.5055174231529236,0.09305477142333984,-0.34691914916038513,0.5333122611045837,0.0927186980843544,-0.20496375858783722,0.4949750304222107,0.0930793359875679,-0.21284350752830505,0.5235530734062195,0.12702958285808563,-0.3043020963668823,0.5072081089019775,0.12472596764564514,-0.3069305419921875,0.5601239800453186,0.18562734127044678,-0.08094242215156555,0.46045929193496704,0.17863044142723083,-0.09647662937641144,0.5610669851303101,0.3127298653125763,-0.001404526294209063,0.44361457228660583,0.3019873797893524,-0.0810423269867897,0.572571337223053,0.4103943407535553,-0.11089126020669937,0.4504959285259247,0.3681882321834564,-0.2614135146141052,0.5792226791381836,0.44118547439575195,-0.1424553245306015,0.44850853085517883,0.3916603624820709,-0.3031150996685028,0.5767591595649719,0.4406892955303192,-0.18314069509506226,0.4523954689502716,0.38227301836013794,-0.3408835530281067,0.5692596435546875,0.4284299612045288,-0.12932173907756805,0.4559125006198883,0.37454360723495483,-0.278513640165329,0.5274215340614319,0.4026503562927246,-0.00592794269323349,0.4749917685985565,0.40235191583633423,0.005916394758969545,0.529965877532959,0.5815629959106445,-0.025519514456391335,0.4761093258857727,0.5568032264709473,-0.021957485005259514,0.5338810086250305,0.7433215379714966,0.12585848569869995,0.46983271837234497,0.7387858629226685,0.1380118727684021,0.5280424952507019,0.7504734396934509,0.1290399581193924,0.47095394134521484,0.7515394687652588,0.14224816858768463,0.5361717939376831,0.7899206280708313,-0.07003908604383469,0.4636040925979614,0.7587694525718689,-0.030113626271486282
deadlift_2800091.jpg,0.5102837681770325,0.13129210472106934,-0.17772701382637024,0.5145044922828674,0.11549660563468933,-0.17907986044883728,0.5179265737533569,0.11543069779872894,-0.17912767827510834,0.5218624472618103,0.1154182106256485,-0.17922110855579376,0.5062578916549683,0.11488789319992065,-0.1820290982723236,0.5049225687980652,0.11426789313554764,-0.18203423917293549,0.5032997131347656,0.11369654536247253,-0.18215425312519073,0.5279446244239807,0.11916162818670273,-0.13584212958812714,0.49841684103012085,0.11834154278039932,-0.1496889442205429,0.5151484608650208,0.1463632434606552,-0.15635837614536285,0.5052066445350647,0.14571480453014374,-0.16054587066173553,0.5262953042984009,0.21110765635967255,-0.09823642671108246,0.4870781898498535,0.20558160543441772,-0.08565367758274078,0.5121889710426331,0.3215048313140869,-0.06280570477247238,0.4795145094394684,0.32799890637397766,-0.05983084812760353,0.5050069689750671,0.44709286093711853,-0.10920382291078568,0.4541811943054199,0.4283320903778076,-0.12612281739711761,0.5052803754806519,0.4854782521724701,-0.1365005224943161,0.4547962248325348,0.46999678015708923,-0.15381751954555511,0.5026341676712036,0.47747722268104553,-0.16534468531608582,0.45544734597206116,0.47826603055000305,-0.17839698493480682,0.5021828413009644,0.4597693085670471,-0.12185239791870117,0.45791733264923096,0.46025654673576355,-0.13857194781303406,0.5245176553726196,0.41941139101982117,-0.009613003581762314,0.4868938624858856,0.42890769243240356,0.009587799198925495,0.5257540345191956,0.5972456932067871,-0.03368271514773369,0.4773637354373932,0.6178386211395264,0.01680617593228817,0.531452476978302,0.7811341881752014,0.15179099142551422,0.4688456952571869,0.7871211767196655,0.18345756828784943,0.5273581743240356,0.7953333258628845,0.16135701537132263,0.4705241620540619,0.8073982000350952,0.19115948677062988,0.5349105596542358,0.823405385017395,0.01890818029642105,0.4601586163043976,0.8297433853149414,0.046416591852903366
deadlift_2800101.jpg,0.5125202536582947,0.12763813138008118,-0.41183555126190186,0.5191084742546082,0.11074888706207275,-0.3904329538345337,0.5236797332763672,0.1109013631939888,-0.3905322253704071,0.5284015536308289,0.11114832758903503,-0.3905831575393677,0.5085121989250183,0.10196831077337265,-0.39905160665512085,0.5056704878807068,0.1019468605518341,-0.3991102874279022,0.5023126006126404,0.10179215669631958,-0.399242103099823,0.5294341444969177,0.10358880460262299,-0.2213563472032547,0.4963357746601105,0.1071433499455452,-0.2791594862937927,0.5185586810112,0.1448986828327179,-0.3531366288661957,0.5030092597007751,0.1432712823152542,-0.3641757667064667,0.5546668171882629,0.21289119124412537,-0.13713258504867554,0.4619024693965912,0.2132442444562912,-0.18399174511432648,0.5611118078231812,0.339537650346756,-0.06912746280431747,0.45168086886405945,0.3356592655181885,-0.12363724410533905,0.5919763445854187,0.45012059807777405,-0.16849900782108307,0.44714057445526123,0.4934648275375366,-0.20942436158657074,0.6049850583076477,0.486623078584671,-0.19906632602214813,0.4346523582935333,0.5447292327880859,-0.24059954285621643,0.5952093601226807,0.48147308826446533,-0.22546912729740143,0.4394197165966034,0.5507822036743164,-0.29506155848503113,0.5926095843315125,0.46497273445129395,-0.18302008509635925,0.44661790132522583,0.5364088416099548,-0.23161086440086365,0.5253921151161194,0.44007208943367004,0.0022777849808335304,0.48201438784599304,0.4502417743206024,-0.0023440299555659294,0.5326414704322815,0.634459912776947,-0.0294977854937315,0.4744262099266052,0.630539059638977,0.009691252373158932,0.5320358872413635,0.8141644597053528,0.17594608664512634,0.46616044640541077,0.7913699746131897,0.2575952112674713,0.5285812020301819,0.8319915533065796,0.18535250425338745,0.46389567852020264,0.8060541152954102,0.2735680639743805,0.5313048362731934,0.8455822467803955,0.015289993956685066,0.4585682153701782,0.8448180556297302,0.1098933219909668
deadlift_2800111.jpg,0.5565869212150574,0.1107630729675293,-0.3906295597553253,0.5649077296257019,0.09703575074672699,-0.3666263818740845,0.568527340888977,0.09785474836826324,-0.3667190670967102,0.5724726915359497,0.09877968579530716,-0.3667508065700531,0.5518556237220764,0.09287602454423904,-0.3724794089794159,0.545843780040741,0.09191127121448517,-0.37249431014060974,0.5259293913841248,0.10284680128097534,-0.3725896179676056,0.5750294923782349,0.10239861905574799,-0.21349485218524933,0.5308185815811157,0.0994916707277298,-0.23447230458259583,0.5627809762954712,0.12659403681755066,-0.3261662423610687,0.5459772348403931,0.12212515622377396,-0.33363446593284607,0.5705386400222778,0.203214630484581,-0.09643010795116425,0.4780339300632477,0.18469148874282837,-0.11610778421163559,0.56731778383255,0.31082969903945923,-0.015332479029893875,0.459262490272522,0.30678701400756836,-0.053915951400995255,0.5780335068702698,0.3960445523262024,-0.11907117813825607,0.45355695486068726,0.39970359206199646,-0.17340630292892456,0.5930231213569641,0.42251256108283997,-0.14812201261520386,0.4375564157962799,0.41839179396629333,-0.20489685237407684,0.581478476524353,0.4208197593688965,-0.181184783577919,0.4510754346847534,0.42361098527908325,-0.2472592145204544,0.5771361589431763,0.4096235930919647,-0.13520382344722748,0.45687371492385864,0.4152209758758545,-0.19114041328430176,0.5329094529151917,0.41228431463241577,-0.0015170257538557053,0.4800521433353424,0.4122733175754547,0.0015077975112944841,0.5320546627044678,0.5920416712760925,-0.01767326146364212,0.4737320840358734,0.5799933671951294,-0.008589045144617558,0.5362341403961182,0.7900245785713196,0.11749280989170074,0.46623337268829346,0.7391118407249451,0.1605490893125534,0.5308048725128174,0.8025763630867004,0.11849332600831985,0.46643775701522827,0.7588768005371094,0.1670795977115631,0.5367417931556702,0.8223106265068054,-0.034723471850156784,0.45983201265335083,0.7940222024917603,0.02006986178457737
deadlift_2800121.jpg,0.5580624938011169,0.08319210261106491,-0.33085867762565613,0.5694199204444885,0.06612049043178558,-0.30863016843795776,0.550852358341217,0.08355394750833511,-0.3087591230869293,0.5549421310424805,0.0853729173541069,-0.3088225722312927,0.534554660320282,0.07578182965517044,-0.30987629294395447,0.5301947593688965,0.07342887669801712,-0.3098407983779907,0.5222600102424622,0.07245369255542755,-0.30987098813056946,0.5576658844947815,0.09213384985923767,-0.16228899359703064,0.5388435125350952,0.07567662745714188,-0.16983184218406677,0.5669453740119934,0.09855148196220398,-0.27316048741340637,0.5457993149757385,0.0968547910451889,-0.2757014036178589,0.564243733882904,0.1783735305070877,-0.08109650760889053,0.48651963472366333,0.1579122394323349,-0.017344718798995018,0.5619781613349915,0.2891559302806854,-0.02178054302930832,0.4560825526714325,0.27785101532936096,0.06049652397632599,0.5622853636741638,0.35294991731643677,-0.1401446908712387,0.437618225812912,0.3316407799720764,-0.07909117639064789,0.5663167238235474,0.37462395429611206,-0.1774856150150299,0.42898789048194885,0.3467526137828827,-0.10839938372373581,0.5620366334915161,0.3663996756076813,-0.20979800820350647,0.4302007853984833,0.33918696641921997,-0.1540689468383789,0.5589392185211182,0.356714129447937,-0.1558365821838379,0.4361983835697174,0.3341573178768158,-0.09995154291391373,0.533616840839386,0.37331920862197876,-0.01871189847588539,0.4798792004585266,0.3780202567577362,0.01884518936276436,0.5377843976020813,0.5440089106559753,-0.03633386269211769,0.46267029643058777,0.5335509777069092,-0.015643075108528137,0.556026816368103,0.6969015598297119,0.08088505268096924,0.44828733801841736,0.650519609451294,0.15032610297203064,0.548648476600647,0.7461951375007629,0.08303012698888779,0.4632992744445801,0.7044863104820251,0.15797343850135803,0.5589836239814758,0.7506990432739258,-0.06947781145572662,0.44366455078125,0.711241602897644,0.01875227876007557
deadlift_2800131.jpg,0.5448432564735413,0.1014379933476448,-0.349648118019104,0.5537062287330627,0.0881505087018013,-0.3325049579143524,0.5525180697441101,0.09391391277313232,-0.3325994610786438,0.5563964247703552,0.09524974972009659,-0.3326647877693176,0.5370190143585205,0.08762840926647186,-0.33326783776283264,0.5330584049224854,0.08551044762134552,-0.33326494693756104,0.5285279154777527,0.08379685878753662,-0.3333236277103424,0.5590734481811523,0.09885556995868683,-0.19283922016620636,0.5266844630241394,0.08338150382041931,-0.2032800018787384,0.564856231212616,0.09051649272441864,-0.29547664523124695,0.5463628172874451,0.09306659549474716,-0.2979523539543152,0.5667492151260376,0.16737906634807587,-0.08385773748159409,0.4894343316555023,0.14570297300815582,-0.05914580449461937,0.5598475933074951,0.25440263748168945,-0.0010639970423653722,0.4635535776615143,0.2696077525615692,0.025713030248880386,0.5620685815811157,0.3027959167957306,-0.11501962691545486,0.4433053433895111,0.3188697099685669,-0.0841965526342392,0.5633426308631897,0.318244606256485,-0.14986328780651093,0.43606680631637573,0.3330366015434265,-0.10996732860803604,0.5619322657585144,0.30915260314941406,-0.1825215071439743,0.435081422328949,0.328430712223053,-0.15399646759033203,0.5582321882247925,0.30216073989868164,-0.13134890794754028,0.4398694336414337,0.32066673040390015,-0.10326708853244781,0.535564124584198,0.3447163701057434,-0.015785666182637215,0.48362839221954346,0.3453003168106079,0.015935570001602173,0.54506516456604,0.5048726201057434,-0.04447652027010918,0.46307745575904846,0.495354026556015,-0.03572995588183403,0.5560771226882935,0.6623531579971313,0.06052515283226967,0.44994181394577026,0.6089823246002197,0.1150018647313118,0.550003170967102,0.6861231327056885,0.06251509487628937,0.4617825150489807,0.6611256003379822,0.12298190593719482,0.5645759701728821,0.7091378569602966,-0.0875256136059761,0.44415614008903503,0.6610683798789978,-0.014992652460932732
deadlift_2800141.jpg,0.5611840486526489,0.09991201013326645,-0.3880891799926758,0.5741977095603943,0.07518775016069412,-0.369684100151062,0.577907383441925,0.07466430962085724,-0.36970818042755127,0.5813145041465759,0.07510872185230255,-0.36977720260620117,0.5585131049156189,0.082393579185009,-0.3764806091785431,0.5519234538078308,0.08522029966115952,-0.37652286887168884,0.5479874014854431,0.08638996630907059,-0.3765435218811035,0.5822283029556274,0.08190697431564331,-0.22753173112869263,0.5415223836898804,0.08927905559539795,-0.2630266547203064,0.5682958960533142,0.10579359531402588,-0.33116525411605835,0.5527197122573853,0.1097886860370636,-0.34101539850234985,0.5817689299583435,0.18181493878364563,-0.1039891391992569,0.4984079599380493,0.1641145646572113,-0.16729097068309784,0.5687629580497742,0.267437607049942,-0.03206492215394974,0.4781169593334198,0.27955764532089233,-0.12836533784866333,0.5675124526023865,0.3647281527519226,-0.11811831593513489,0.4910303056240082,0.3646048605442047,-0.20537903904914856,0.5686141848564148,0.38456082344055176,-0.14135734736919403,0.4909849762916565,0.38329264521598816,-0.2351435124874115,0.5690346956253052,0.390337198972702,-0.17470750212669373,0.4989215135574341,0.37955525517463684,-0.25424790382385254,0.5648378729820251,0.3762250244617462,-0.13403047621250153,0.5006572604179382,0.37297266721725464,-0.2137259542942047,0.5472882390022278,0.36205360293388367,0.0005897627561353147,0.4968920350074768,0.3506808280944824,-0.0005398810608312488,0.5447969436645508,0.5227859616279602,-0.04396241530776024,0.48046958446502686,0.49110350012779236,-0.11266429722309113,0.5506668090820312,0.7028992772102356,0.045319847762584686,0.47412678599357605,0.6361037492752075,0.018219824880361557,0.5456207990646362,0.7217360734939575,0.04527430981397629,0.47652825713157654,0.6557080745697021,0.02511592023074627,0.5541343092918396,0.7253087162971497,-0.09749234467744827,0.47368118166923523,0.6925333738327026,-0.1146514043211937
deadlift_2800151.jpg,0.5284430980682373,0.09709878265857697,-0.35093843936920166,0.5282694101333618,0.07868107408285141,-0.3354419767856598,0.5316094756126404,0.0779867172241211,-0.3355335295200348,0.5321158170700073,0.077372245490551,-0.3356489837169647,0.5312459468841553,0.08169817179441452,-0.3310280442237854,0.5308588147163391,0.08281087130308151,-0.3310375213623047,0.5334938168525696,0.08365457504987717,-0.33105432987213135,0.5435704588890076,0.08401767164468765,-0.20714470744132996,0.523140549659729,0.0906963050365448,-0.1900993287563324,0.5300117135047913,0.10836398601531982,-0.300121933221817,0.5252301692962646,0.11013450473546982,-0.2955392003059387,0.575691819190979,0.18777461349964142,-0.12328074872493744,0.4834844470024109,0.17265255749225616,-0.051288943737745285,0.5646637678146362,0.2949826717376709,-0.08034098148345947,0.4619520306587219,0.28810521960258484,-0.04748879745602608,0.5655035376548767,0.41881993412971497,-0.17183785140514374,0.4710642099380493,0.3574489951133728,-0.2000167965888977,0.5682373642921448,0.4509679675102234,-0.21267910301685333,0.4648219347000122,0.3814132809638977,-0.2330576777458191,0.5684233903884888,0.4492705464363098,-0.24834829568862915,0.4701523780822754,0.3731441795825958,-0.26871591806411743,0.5643958449363708,0.43485718965530396,-0.18721391260623932,0.47418212890625,0.3653445243835449,-0.21746745705604553,0.5446460247039795,0.36769363284111023,-0.022362012416124344,0.4916530251502991,0.3663793206214905,0.022418564185500145,0.540690541267395,0.5558507442474365,-0.03724880516529083,0.48188912868499756,0.5508058071136475,0.012977861799299717,0.5392550230026245,0.7276155948638916,0.05074544623494148,0.480703204870224,0.7405479550361633,0.13283373415470123,0.5384793877601624,0.7520887851715088,0.05697765573859215,0.4847288727760315,0.7423235774040222,0.131947860121727,0.5356778502464294,0.7647022008895874,-0.07366267591714859,0.4751648008823395,0.7656354308128357,-0.024586891755461693
deadlift_2800161.jpg,0.5047327280044556,0.10892926156520844,-0.30779266357421875,0.5076648592948914,0.09349380433559418,-0.29440373182296753,0.511111855506897,0.08879154175519943,-0.2944885194301605,0.5133677124977112,0.0877213180065155,-0.2946026027202606,0.5020795464515686,0.09498672187328339,-0.2986355721950531,0.49915704131126404,0.09629901498556137,-0.29860934615135193,0.4976970851421356,0.096572145819664,-0.29863500595092773,0.5148405432701111,0.10586462914943695,-0.19581694900989532,0.48821866512298584,0.11126475781202316,-0.20497187972068787,0.5074551105499268,0.13214446604251862,-0.2685701251029968,0.4970000386238098,0.13269203901290894,-0.27395278215408325,0.5186633467674255,0.21782448887825012,-0.12374065816402435,0.48090440034866333,0.21832400560379028,-0.13263481855392456,0.5554620027542114,0.358927458524704,-0.08601082861423492,0.47750958800315857,0.35221466422080994,-0.1263413280248642,0.5454715490341187,0.48605066537857056,-0.14293172955513,0.48228204250335693,0.4875117540359497,-0.2014656513929367,0.5512829422950745,0.5207713842391968,-0.17129236459732056,0.4784606397151947,0.5279029607772827,-0.23356536030769348,0.5456148982048035,0.5193101167678833,-0.20549869537353516,0.4865836203098297,0.531787097454071,-0.2628534138202667,0.5419677495956421,0.5079363584518433,-0.157791405916214,0.4883166551589966,0.5189357399940491,-0.21618792414665222,0.5096067786216736,0.4455948770046234,-0.021103929728269577,0.4797884523868561,0.4479129910469055,0.021179163828492165,0.5378908514976501,0.6338697671890259,-0.015291321091353893,0.48075827956199646,0.629500687122345,0.038579996675252914,0.5378373265266418,0.787445068359375,0.16770605742931366,0.47549495100975037,0.7758503556251526,0.20917482674121857,0.5352805852890015,0.8245461583137512,0.1768663376569748,0.4799254834651947,0.8244069218635559,0.2172272652387619,0.5264028906822205,0.844995379447937,0.04226553440093994,0.46873989701271057,0.8404238224029541,0.08204755187034607
deadlift_2800171.jpg,0.5049723386764526,0.13934539258480072,-0.03283868730068207,0.4999736249446869,0.11233369261026382,-0.04877118393778801,0.49891769886016846,0.12302183359861374,-0.04874652996659279,0.4964526295661926,0.1226796805858612,-0.04880153387784958,0.5042665004730225,0.12627463042736053,-0.0569380484521389,0.5009995102882385,0.12747223675251007,-0.05693491920828819,0.5034725666046143,0.12824727594852448,-0.05704118683934212,0.4909828305244446,0.12805110216140747,-0.09849782288074493,0.5158883333206177,0.12956328690052032,-0.13403673470020294,0.5022987127304077,0.16031861305236816,-0.04437439888715744,0.5022187829017639,0.16167901456356049,-0.054648853838443756,0.44791367650032043,0.24437864124774933,-0.07388868927955627,0.5540135502815247,0.24728567898273468,-0.1931750625371933,0.43106159567832947,0.40961846709251404,-0.058127086609601974,0.567465603351593,0.39157405495643616,-0.21116751432418823,0.4413798451423645,0.5274346470832825,-0.02803715690970421,0.5818713903427124,0.5196081399917603,-0.17423395812511444,0.43236371874809265,0.558941662311554,-0.03187849000096321,0.5927926301956177,0.5590360164642334,-0.18185710906982422,0.43134254217147827,0.5623547434806824,-0.04519794508814812,0.5937144756317139,0.5550750494003296,-0.17750023305416107,0.4363599717617035,0.5493518710136414,-0.03333244100213051,0.5860169529914856,0.5442153215408325,-0.16908293962478638,0.4863477051258087,0.47782373428344727,0.03475946560502052,0.5226550698280334,0.4908769726753235,-0.035084571689367294,0.49576470255851746,0.6682034134864807,0.07996588200330734,0.5144426822662354,0.6704142689704895,0.015259132720530033,0.5202748775482178,0.8344602584838867,0.2140303999185562,0.49510428309440613,0.8457162380218506,0.12204001843929291,0.5175365209579468,0.8495513200759888,0.22064949572086334,0.49064794182777405,0.8740258812904358,0.12921227514743805,0.5240528583526611,0.8760338425636292,0.14644257724285126,0.5054352879524231,0.8806045651435852,0.06989788264036179
deadlift_2800181.jpg,0.507900595664978,0.139402836561203,-0.5244433879852295,0.5049545168876648,0.11829936504364014,-0.5073418021202087,0.4996282756328583,0.12276771664619446,-0.5073860883712769,0.5019201040267944,0.12250583618879318,-0.5074522495269775,0.5046279430389404,0.12480980902910233,-0.5064668655395508,0.5023147463798523,0.12540821731090546,-0.506537139415741,0.5035437941551208,0.1259174793958664,-0.5066529512405396,0.49862048029899597,0.1268652230501175,-0.36199501156806946,0.509873628616333,0.1293267011642456,-0.3595516085624695,0.5046136379241943,0.15654081106185913,-0.4655613899230957,0.504783570766449,0.1561707705259323,-0.46511709690093994,0.5348796844482422,0.2342316061258316,-0.2293151319026947,0.4779629111289978,0.2342623770236969,-0.23374082148075104,0.5464503765106201,0.38001078367233276,-0.15072371065616608,0.46479469537734985,0.3811938762664795,-0.17089031636714935,0.5754724740982056,0.5140587687492371,-0.25119248032569885,0.4594506323337555,0.5104080438613892,-0.2701180577278137,0.5870351791381836,0.5519784092903137,-0.28695157170295715,0.4527944326400757,0.5480457544326782,-0.30322152376174927,0.5792432427406311,0.5569113492965698,-0.3306185305118561,0.4629220962524414,0.5530024170875549,-0.3507653474807739,0.5681434869766235,0.5425597429275513,-0.2699700891971588,0.47070297598838806,0.5362391471862793,-0.28919997811317444,0.5224196314811707,0.4561815559864044,0.023648826405405998,0.5002222061157227,0.4598546624183655,-0.023483097553253174,0.5321823358535767,0.6462094783782959,-0.004256955347955227,0.49772077798843384,0.6445292830467224,0.014089350588619709,0.5392628908157349,0.8126814365386963,0.22313138842582703,0.4858289659023285,0.8208311200141907,0.2218208611011505,0.5348784327507019,0.8311081528663635,0.2389899343252182,0.48790451884269714,0.8407712578773499,0.2387792319059372,0.5477914810180664,0.8673524856567383,0.08773573487997055,0.49508538842201233,0.872479259967804,0.08232079446315765
deadlift_2800191.jpg,0.5547454953193665,0.12435401231050491,-0.4140850901603699,0.5657960176467896,0.10131985694169998,-0.4017135202884674,0.5686468482017517,0.10244038701057434,-0.4017736613750458,0.5719000101089478,0.10320515185594559,-0.40185487270355225,0.5526262521743774,0.09973324835300446,-0.4017976224422455,0.5284557938575745,0.12450981140136719,-0.4018261134624481,0.5250637531280518,0.12396596372127533,-0.4019106328487396,0.5730978846549988,0.10888717323541641,-0.2623099088668823,0.5334205031394958,0.10895927250385284,-0.344255656003952,0.5581129193305969,0.1426697075366974,-0.3726797103881836,0.541645884513855,0.13967914879322052,-0.36937305331230164,0.5670671463012695,0.2309730350971222,-0.09290424734354019,0.4788088798522949,0.2139933854341507,-0.19303087890148163,0.5686236023902893,0.3529277443885803,0.004472401458770037,0.46050432324409485,0.35872501134872437,-0.1353873759508133,0.5744954943656921,0.45064130425453186,-0.08354528248310089,0.45533230900764465,0.47970929741859436,-0.22842884063720703,0.5789266228675842,0.4797276258468628,-0.1060635894536972,0.4480057656764984,0.5120945572853088,-0.26210907101631165,0.5776644349098206,0.48248663544654846,-0.14864958822727203,0.4593120515346527,0.5137603878974915,-0.2977340519428253,0.5710124373435974,0.470531165599823,-0.10308467596769333,0.4667702615261078,0.5006464719772339,-0.24465519189834595,0.5305955410003662,0.433411568403244,0.011406635865569115,0.484283983707428,0.44422584772109985,-0.011371647007763386,0.5423210263252258,0.6042642593383789,-0.021657735109329224,0.47535327076911926,0.6123499870300293,-0.05657664313912392,0.5399513244628906,0.7975807785987854,0.08647692203521729,0.4845503866672516,0.7971936464309692,0.09144746512174606,0.5355498194694519,0.818789005279541,0.08724696934223175,0.48557132482528687,0.818459153175354,0.09738262742757797,0.5488645434379578,0.8562182784080505,-0.07152653485536575,0.4755086600780487,0.8460761308670044,-0.05785355716943741
deadlift_2900001.jpg,,,,,,,,,,,,,,,,,,,,,,,,,,,,,,,,,,,,,,,,,,,,,,,,,,,,,,,,,,,,,,,,,,,,,,,,,,,,,,,,,,,,,,,,,,,,,,,,,,,
deadlift_2900011.jpg,0.3459874987602234,0.5517311096191406,-0.030761031433939934,0.33822697401046753,0.5354050993919373,-0.056362517178058624,0.33881622552871704,0.530737042427063,-0.056405555456876755,0.33945173025131226,0.5266803503036499,-0.0564567930996418,0.3385204076766968,0.5390749573707581,-0.021182093769311905,0.3390544056892395,0.5375746488571167,-0.021180111914873123,0.3396340012550354,0.5361365079879761,-0.02124059945344925,0.3496561050415039,0.5056039094924927,-0.11417064815759659,0.34904658794403076,0.5120791792869568,0.045724056661129,0.35701045393943787,0.5487428307533264,-0.04603884741663933,0.35759246349334717,0.552044153213501,0.0004640723345801234,0.38911718130111694,0.5368725061416626,-0.22478853166103363,0.41857030987739563,0.5267323851585388,0.19215025007724762,0.41458606719970703,0.6934524774551392,-0.2627600431442261,0.4421907663345337,0.6806302666664124,0.22598138451576233,0.401525616645813,0.8244165778160095,-0.21118153631687164,0.42698973417282104,0.8027343153953552,0.18512241542339325,0.4000396728515625,0.8466313481330872,-0.24396482110023499,0.4179825186729431,0.8218434453010559,0.1948191076517105,0.3911741375923157,0.8375507593154907,-0.21636009216308594,0.41078948974609375,0.8344413042068481,0.16282697021961212,0.3897899091243744,0.8258368372917175,-0.19933420419692993,0.41419342160224915,0.8192207217216492,0.1684945523738861,0.5449971556663513,0.6762376427650452,-0.1304653286933899,0.5668737292289734,0.6592204570770264,0.1306486427783966,0.39155250787734985,0.7545903325080872,-0.08726818859577179,0.4239498972892761,0.7266392111778259,0.15955433249473572,0.34240055084228516,0.8425047397613525,0.07656342536211014,0.3403923809528351,0.8166335821151733,0.27532723546028137,0.3482462763786316,0.8540248274803162,0.09502225369215012,0.3370221257209778,0.8373773097991943,0.2858249843120575,0.2900385558605194,0.8447660803794861,0.0927748829126358,0.2892273962497711,0.8059413433074951,0.2549256682395935
deadlift_2900021.jpg,0.34747618436813354,0.5497189164161682,0.04308224469423294,0.33984217047691345,0.5334432125091553,0.015156797133386135,0.3401753604412079,0.5296586751937866,0.015102013945579529,0.34052973985671997,0.5260465741157532,0.015050817281007767,0.3402245342731476,0.5357857346534729,0.04982857406139374,0.3407711088657379,0.5339199304580688,0.049827635288238525,0.3412993848323822,0.5320490598678589,0.04974435642361641,0.34972602128982544,0.5058817267417908,-0.052669163793325424,0.34977805614471436,0.5117273330688477,0.10408288985490799,0.3580453097820282,0.5474783778190613,0.023906780406832695,0.35870152711868286,0.5499064326286316,0.06945759803056717,0.38786646723747253,0.5367038249969482,-0.17221245169639587,0.4177158772945404,0.5263914465904236,0.23839567601680756,0.41275903582572937,0.693418562412262,-0.19568556547164917,0.44556328654289246,0.6714422702789307,0.2851613461971283,0.4016462564468384,0.8242361545562744,-0.10429216921329498,0.42954736948013306,0.8008275628089905,0.27719438076019287,0.4000391364097595,0.8473563194274902,-0.12784910202026367,0.4220165014266968,0.8185328245162964,0.29509106278419495,0.3915403187274933,0.8405895829200745,-0.10013840347528458,0.4161405563354492,0.824370801448822,0.26260173320770264,0.3903554379940033,0.8335363864898682,-0.09106314927339554,0.41839513182640076,0.817137598991394,0.26235049962997437,0.5453704595565796,0.6814314723014832,-0.13069993257522583,0.5672985911369324,0.6624605655670166,0.1307949423789978,0.39084377884864807,0.7587348818778992,-0.1002635583281517,0.4254903495311737,0.7274515628814697,0.19449786841869354,0.45450353622436523,0.9258246421813965,0.052557434886693954,0.46367937326431274,0.8901820778846741,0.2812337577342987,0.48297595977783203,0.9361076354980469,0.07212521880865097,0.48603448271751404,0.9045174717903137,0.2892684042453766,0.41724035143852234,0.9942300319671631,0.10194031894207001,0.4308662712574005,0.9567480087280273,0.2868265211582184
deadlift_2900031.jpg,0.3453271985054016,0.4734051525592804,0.028531242161989212,0.3402024209499359,0.4524645209312439,0.005468146875500679,0.341048926115036,0.4504825174808502,0.005390559323132038,0.342202365398407,0.44829174876213074,0.005322240758687258,0.3402211368083954,0.4536527991294861,0.03958027437329292,0.34079593420028687,0.4524880647659302,0.039578523486852646,0.34141281247138977,0.45098960399627686,0.03948448970913887,0.3560979664325714,0.44174012541770935,-0.049328990280628204,0.3547561764717102,0.4410495460033417,0.10193625837564468,0.3580351769924164,0.4800126254558563,0.012504100799560547,0.35796329379081726,0.48243430256843567,0.05683830752968788,0.39235129952430725,0.5073360204696655,-0.15937083959579468,0.4201206564903259,0.49967923760414124,0.2317012995481491,0.4134543538093567,0.6821848750114441,-0.17082442343235016,0.44295719265937805,0.6621576547622681,0.2690786123275757,0.4032445549964905,0.8152899146080017,-0.10043630748987198,0.4269391596317291,0.7910043597221375,0.26325860619544983,0.40140771865844727,0.8393028378486633,-0.12679095566272736,0.4168243706226349,0.8124566674232483,0.2768446207046509,0.3941706120967865,0.8365970253944397,-0.10180994868278503,0.41606849431991577,0.8057765364646912,0.24705873429775238,0.39447125792503357,0.8294321894645691,-0.08861912786960602,0.41832125186920166,0.803289532661438,0.2490275502204895,0.5484236478805542,0.644461989402771,-0.12211256474256516,0.5754536390304565,0.6327078938484192,0.12216140329837799,0.4104257822036743,0.767396867275238,-0.0866738110780716,0.4459696412086487,0.7314648032188416,0.18238472938537598,0.4622858464717865,0.9493221044540405,0.07107079774141312,0.49691295623779297,0.8718586564064026,0.28549924492836,0.47797688841819763,0.9600962400436401,0.0907210260629654,0.5141732096672058,0.8522146344184875,0.29758626222610474,0.40925130248069763,0.9698833227157593,0.11400839686393738,0.4748161733150482,0.8850814700126648,0.305477112531662
deadlift_2900041.jpg,0.3531585931777954,0.24966949224472046,0.015034551732242107,0.36093854904174805,0.2357383370399475,-0.008029100485146046,0.36332377791404724,0.2358965128660202,-0.008309237658977509,0.36584678292274475,0.23600783944129944,-0.008353321813046932,0.3604213297367096,0.23541143536567688,0.022825919091701508,0.36222827434539795,0.23526927828788757,0.02283237688243389,0.3640446066856384,0.23493582010269165,0.022754468023777008,0.38314124941825867,0.2444046586751938,-0.1109945997595787,0.3815358281135559,0.2417372763156891,0.09096328169107437,0.3624570965766907,0.267229288816452,-0.013049768283963203,0.3620896339416504,0.26585742831230164,0.04229232296347618,0.4043332636356354,0.338894784450531,-0.23749111592769623,0.4201370179653168,0.32454216480255127,0.22577881813049316,0.4256717562675476,0.4840828478336334,-0.23396167159080505,0.4503413438796997,0.47252291440963745,0.26613008975982666,0.434283047914505,0.5802156329154968,-0.13952279090881348,0.45409345626831055,0.5953453779220581,0.23801851272583008,0.4436121881008148,0.5944833755493164,-0.15338118374347687,0.4552685618400574,0.6149678826332092,0.2566555142402649,0.4444814622402191,0.5955288410186768,-0.1418410688638687,0.45411738753318787,0.6157269477844238,0.19177354872226715,0.44443291425704956,0.5930132269859314,-0.1248919889330864,0.4536004662513733,0.6096611618995667,0.2083028107881546,0.5530173778533936,0.5236316323280334,-0.15629942715168,0.5614467859268188,0.5037121772766113,0.1568242460489273,0.4832841157913208,0.7402636408805847,-0.16512101888656616,0.46895092725753784,0.6959447860717773,0.19238075613975525,0.492870956659317,0.916979193687439,-0.034124989062547684,0.5017257332801819,0.8603118062019348,0.2911035716533661,0.5043067932128906,0.9250071048736572,-0.01913752779364586,0.5150499939918518,0.8700152039527893,0.29919758439064026,0.4549020230770111,0.9369031190872192,-0.05618257075548172,0.48057985305786133,0.8966178297996521,0.26553666591644287
deadlift_2900051.jpg,,,,,,,,,,,,,,,,,,,,,,,,,,,,,,,,,,,,,,,,,,,,,,,,,,,,,,,,,,,,,,,,,,,,,,,,,,,,,,,,,,,,,,,,,,,,,,,,,,,
deadlift_2900061.jpg,0.5032642483711243,0.045154422521591187,0.007420400623232126,0.5156280398368835,0.03446754813194275,-0.020024992525577545,0.5170997977256775,0.03548628091812134,-0.02018054760992527,0.5186137557029724,0.03672155737876892,-0.02034170739352703,0.5150251388549805,0.033951133489608765,0.024834809824824333,0.5159839391708374,0.0345495343208313,0.024908365681767464,0.5170777440071106,0.03534236550331116,0.024858536198735237,0.5284399390220642,0.05444872006773949,-0.09097478538751602,0.5280457735061646,0.05241533741354942,0.10735347867012024,0.5020252466201782,0.06472820043563843,-0.01390114426612854,0.5013729333877563,0.06502261757850647,0.0433385968208313,0.5014634132385254,0.15884748101234436,-0.21538788080215454,0.5273684859275818,0.18286816775798798,0.22557999193668365,0.4762338101863861,0.3102641999721527,-0.2931554913520813,0.5284454822540283,0.35603877902030945,0.25645703077316284,0.4654056131839752,0.40229088068008423,-0.2710365355014801,0.4945913553237915,0.4573061764240265,0.22437280416488647,0.47185564041137695,0.42580446600914,-0.29516226053237915,0.4899662137031555,0.485760360956192,0.24074067175388336,0.47631752490997314,0.42423519492149353,-0.29002660512924194,0.48290345072746277,0.4795036315917969,0.20795316994190216,0.47423842549324036,0.418501079082489,-0.26887035369873047,0.4828172028064728,0.4693986177444458,0.20776131749153137,0.47222644090652466,0.4578503966331482,-0.14355258643627167,0.48162490129470825,0.4618081748485565,0.14353720843791962,0.4753563702106476,0.7041050791740417,-0.1712639033794403,0.46455034613609314,0.6706157922744751,0.14125417172908783,0.49310606718063354,0.9398577213287354,-0.14619846642017365,0.45780622959136963,0.8821521997451782,0.1742997169494629,0.5065389275550842,0.9837357401847839,-0.14926184713840485,0.4665267765522003,0.9231638312339783,0.17280982434749603,0.4612216055393219,0.9779597520828247,-0.25415703654289246,0.4055696427822113,0.9114694595336914,0.10209312289953232
deadlift_2900071.jpg,0.5042245388031006,0.04688930884003639,0.008381743915379047,0.516719400882721,0.035425834357738495,-0.020006658509373665,0.518052339553833,0.036660827696323395,-0.02015952207148075,0.5194035172462463,0.03805277496576309,-0.020317574962973595,0.5167279839515686,0.03437383100390434,0.024528617039322853,0.5180572271347046,0.034831345081329346,0.02461528591811657,0.5195395350456238,0.03550133854150772,0.024586331099271774,0.5285870432853699,0.055359065532684326,-0.0942307636141777,0.530353844165802,0.05333908274769783,0.09575069695711136,0.5027668476104736,0.06677962094545364,-0.013753090985119343,0.5025601983070374,0.06640864163637161,0.04308544099330902,0.5009649991989136,0.15806114673614502,-0.22066965699195862,0.5293996334075928,0.18286527693271637,0.21443414688110352,0.47609201073646545,0.30767300724983215,-0.2527281641960144,0.5384430289268494,0.3569853901863098,0.25465497374534607,0.4656069874763489,0.3757798373699188,-0.12814663350582123,0.4937348961830139,0.4564659893512726,0.24966049194335938,0.4713277816772461,0.3872995972633362,-0.13734731078147888,0.48603174090385437,0.4826749563217163,0.2740825116634369,0.4762420058250427,0.38416755199432373,-0.12647134065628052,0.4760662317276001,0.4709007143974304,0.23912492394447327,0.4743860363960266,0.3830966651439667,-0.12106289714574814,0.4768783152103424,0.46332576870918274,0.23380164802074432,0.47260794043540955,0.4594857394695282,-0.1435534656047821,0.49795955419540405,0.46557167172431946,0.14353761076927185,0.47357359528541565,0.7063977718353271,-0.14626111090183258,0.47271156311035156,0.6821684837341309,0.1618567407131195,0.48207125067710876,0.9427355527877808,-0.13356931507587433,0.4788218140602112,0.8962249159812927,0.2096710205078125,0.4932934641838074,0.9856372475624084,-0.13579072058200836,0.4892878830432892,0.9321991801261902,0.21180295944213867,0.4529217481613159,0.9784192442893982,-0.2225988656282425,0.436269611120224,0.9347025752067566,0.16513949632644653
deadlift_2900081.jpg,0.4300447106361389,0.12388788908720016,0.10515482723712921,0.440185010433197,0.10488005727529526,0.06766518205404282,0.4419880211353302,0.10501613467931747,0.06754379719495773,0.4439372718334198,0.10528672486543655,0.0674159973859787,0.4405346214771271,0.10445504635572433,0.1145712211728096,0.4424494802951813,0.10422862321138382,0.11461975425481796,0.44476744532585144,0.10404358804225922,0.11443159729242325,0.45681676268577576,0.11555832624435425,-0.05449933186173439,0.460974782705307,0.11510220915079117,0.1531917303800583,0.43603649735450745,0.14209923148155212,0.06542608141899109,0.4359146058559418,0.14147980511188507,0.12595234811306,0.4665323793888092,0.2099093496799469,-0.20420268177986145,0.5293468236923218,0.23038162291049957,0.23480603098869324,0.461573988199234,0.36885324120521545,-0.2547060251235962,0.5400391221046448,0.39994028210639954,0.25186461210250854,0.4647740125656128,0.4519633948802948,-0.17923416197299957,0.5141823291778564,0.5189656615257263,0.2320067286491394,0.4620142877101898,0.4726158678531647,-0.1969980150461197,0.5130859017372131,0.5503882765769958,0.2657145857810974,0.4733234941959381,0.4661831259727478,-0.18315710127353668,0.4957443177700043,0.5358396172523499,0.2335953563451767,0.4739035367965698,0.4484098553657532,-0.17249701917171478,0.4970746636390686,0.5176554918289185,0.21816477179527283,0.4924026429653168,0.519311785697937,-0.14168189465999603,0.5144858956336975,0.524324357509613,0.14146338403224945,0.479492723941803,0.7477794289588928,-0.10852409899234772,0.48083052039146423,0.7484956383705139,0.15793320536613464,0.4825693368911743,0.9893144965171814,-0.05951134115457535,0.49397149682044983,0.9776312708854675,0.21501462161540985,0.49906498193740845,1.0206249952316284,-0.058257196098566055,0.5042029023170471,1.0141491889953613,0.21866290271282196,0.45486319065093994,1.0385934114456177,-0.14382238686084747,0.4585041105747223,1.025770902633667,0.14886517822742462
deadlift_2900091.jpg,0.3766869306564331,0.37091124057769775,-0.048396095633506775,0.37361231446266174,0.34662580490112305,-0.07493355125188828,0.374826580286026,0.34437593817710876,-0.07509849965572357,0.3762277066707611,0.3421041965484619,-0.0752345398068428,0.373494416475296,0.34799638390541077,-0.042544104158878326,0.37441450357437134,0.34671470522880554,-0.04238085076212883,0.3756095767021179,0.34571099281311035,-0.042583122849464417,0.39096277952194214,0.3372281491756439,-0.14479872584342957,0.38972437381744385,0.34205013513565063,0.004497736692428589,0.39051276445388794,0.3813714385032654,-0.06569445878267288,0.3895195424556732,0.3825477063655853,-0.02291654422879219,0.4403432607650757,0.38963887095451355,-0.1975603848695755,0.4727768301963806,0.40237554907798767,0.0705026164650917,0.4590328335762024,0.4884113669395447,-0.18683482706546783,0.5358447432518005,0.4867075979709625,0.09434206038713455,0.4656386971473694,0.6058923006057739,-0.11729323863983154,0.5245572328567505,0.553655743598938,0.0637565478682518,0.46649736166000366,0.6275730729103088,-0.12870818376541138,0.5288695693016052,0.5683243870735168,0.07038191705942154,0.47336024045944214,0.6235109567642212,-0.12189527601003647,0.5160231590270996,0.5612320899963379,0.04674220085144043,0.4737808406352997,0.6163058876991272,-0.11241864413022995,0.5134487152099609,0.556010365486145,0.0512986034154892,0.47859907150268555,0.6292381882667542,-0.1051279753446579,0.49875685572624207,0.629406750202179,0.10435492545366287,0.47504594922065735,0.7839094400405884,0.016780849546194077,0.47548988461494446,0.7856955528259277,0.22583454847335815,0.4725707769393921,0.9813509583473206,0.17424632608890533,0.4788247048854828,0.9717015027999878,0.39683324098587036,0.48471710085868835,1.017001748085022,0.19085578620433807,0.4870719313621521,1.0038233995437622,0.4154020845890045,0.45257991552352905,1.0224285125732422,0.1485411673784256,0.4445088803768158,1.012482762336731,0.3777414858341217
deadlift_3000001.jpg,0.36474037170410156,0.3908214867115021,-0.41037824749946594,0.36924588680267334,0.3714921772480011,-0.4348437488079071,0.37228816747665405,0.37002643942832947,-0.43489202857017517,0.3754306733608246,0.3686062693595886,-0.4350805878639221,0.36619308590888977,0.37173619866371155,-0.3925384283065796,0.36715397238731384,0.3704602122306824,-0.3925783038139343,0.3684215545654297,0.3692072927951813,-0.39265844225883484,0.39619335532188416,0.36412155628204346,-0.468342125415802,0.3883916735649109,0.36501359939575195,-0.2803705632686615,0.3798925578594208,0.40728336572647095,-0.41463932394981384,0.3758034408092499,0.40580788254737854,-0.36049944162368774,0.4556385576725006,0.4523323178291321,-0.4776323735713959,0.3994622528553009,0.42297422885894775,-0.14516478776931763,0.48073625564575195,0.6019707322120667,-0.5204166769981384,0.40747585892677307,0.5305211544036865,-0.04960183799266815,0.49067166447639465,0.7532380223274231,-0.5505244135856628,0.3944580852985382,0.6433157324790955,-0.08310158550739288,0.5064898729324341,0.7856921553611755,-0.6002527475357056,0.3906082212924957,0.6677369475364685,-0.08445726335048676,0.4938528835773468,0.7846458554267883,-0.598985493183136,0.38863250613212585,0.6724755167961121,-0.12562911212444305,0.48805347084999084,0.7736157178878784,-0.551221489906311,0.39359790086746216,0.6667360663414001,-0.10227037221193314,0.47539108991622925,0.6806222796440125,-0.10776087641716003,0.4383693337440491,0.6431438326835632,0.10740981996059418,0.4619925916194916,0.7803562879562378,0.13802474737167358,0.44029125571250916,0.754321277141571,0.39920997619628906,0.4788017272949219,0.882908284664154,0.4413190484046936,0.4656510353088379,0.8506584167480469,0.7390267252922058,0.4970730245113373,0.8884329199790955,0.472357839345932,0.4807591140270233,0.8622720241546631,0.7743068337440491,0.4668165445327759,0.9438384175300598,0.4237562417984009,0.42727723717689514,0.8964608311653137,0.7515427470207214
deadlift_300001.jpg,,,,,,,,,,,,,,,,,,,,,,,,,,,,,,,,,,,,,,,,,,,,,,,,,,,,,,,,,,,,,,,,,,,,,,,,,,,,,,,,,,,,,,,,,,,,,,,,,,,
deadlift_3000011.jpg,0.36683934926986694,0.310435950756073,-0.43123859167099,0.3706950545310974,0.29272016882896423,-0.4468366205692291,0.37364837527275085,0.2917975187301636,-0.4468855559825897,0.37690436840057373,0.2907700538635254,-0.447054922580719,0.3655663728713989,0.29283028841018677,-0.4143528640270233,0.36479347944259644,0.2921324074268341,-0.4143664240837097,0.3641456961631775,0.29135575890541077,-0.41444242000579834,0.39728614687919617,0.2898549735546112,-0.4526976943016052,0.38026103377342224,0.29092535376548767,-0.30844756960868835,0.3790549337863922,0.327072411775589,-0.42819011211395264,0.37328776717185974,0.32686761021614075,-0.386327862739563,0.4724782407283783,0.3838852345943451,-0.4649462103843689,0.39713171124458313,0.3762035369873047,-0.15237948298454285,0.499663382768631,0.5210419297218323,-0.4734903872013092,0.41685760021209717,0.4975670576095581,-0.03949078544974327,0.5150066018104553,0.6585739254951477,-0.4694797694683075,0.4115794897079468,0.6158096790313721,-0.056852638721466064,0.5242059826850891,0.6885195970535278,-0.5132810473442078,0.4115324020385742,0.6367365121841431,-0.05446682497859001,0.5141434669494629,0.68972247838974,-0.519269585609436,0.4091908633708954,0.6391556262969971,-0.09621905535459518,0.5081570744514465,0.6815540790557861,-0.47066643834114075,0.41268351674079895,0.6307435035705566,-0.07459472864866257,0.49409326910972595,0.5721436142921448,-0.09063281863927841,0.45118099451065063,0.561326265335083,0.09055978804826736,0.4928334951400757,0.7174897193908691,0.033888161182403564,0.4411608874797821,0.699043333530426,0.3308343291282654,0.49573010206222534,0.8609438538551331,0.21060998737812042,0.455048531293869,0.804660439491272,0.6278644800186157,0.5168548226356506,0.8697711229324341,0.22238150238990784,0.4649905264377594,0.8231537938117981,0.6556670069694519,0.4639896750450134,0.8952197432518005,0.11721871048212051,0.40822523832321167,0.8450315594673157,0.6059361696243286
deadlift_3000021.jpg,0.4623810350894928,0.13182614743709564,-0.32494038343429565,0.4519214630126953,0.08818463236093521,-0.33446016907691956,0.45477598905563354,0.08873441070318222,-0.3346482515335083,0.4576495587825775,0.08936124294996262,-0.3347659707069397,0.44608548283576965,0.08774085342884064,-0.30814382433891296,0.44449183344841003,0.08814460784196854,-0.30807143449783325,0.44293203949928284,0.08859344571828842,-0.3081992566585541,0.47030109167099,0.12704958021640778,-0.3129272162914276,0.44623610377311707,0.10159195959568024,-0.19416563212871552,0.46436771750450134,0.13420487940311432,-0.31391441822052,0.4584289491176605,0.13551804423332214,-0.2791549861431122,0.4946367144584656,0.19950813055038452,-0.34553197026252747,0.4255717396736145,0.23305797576904297,-0.02484527789056301,0.5095982551574707,0.35484495759010315,-0.36975398659706116,0.42890647053718567,0.36059948801994324,0.04809010028839111,0.515383780002594,0.4813447594642639,-0.41850754618644714,0.41206833720207214,0.48018091917037964,-0.03251252695918083,0.5257487297058105,0.5163513422012329,-0.4699230194091797,0.40946799516677856,0.5068357586860657,-0.040996890515089035,0.5141854882240295,0.5205948352813721,-0.4859074354171753,0.4080887734889984,0.5090624690055847,-0.09016288816928864,0.5081731677055359,0.5102119445800781,-0.42452019453048706,0.41261833906173706,0.5014713406562805,-0.05529563128948212,0.5035929679870605,0.460949569940567,-0.10544749349355698,0.45967090129852295,0.47005805373191833,0.10565619170665741,0.4941757619380951,0.6377559304237366,-0.10465468466281891,0.4479397237300873,0.6323434710502625,0.1968577653169632,0.49328163266181946,0.8526440262794495,0.010881329886615276,0.45237046480178833,0.8090013265609741,0.39096757769584656,0.5142586827278137,0.8610596656799316,0.011792846955358982,0.46323302388191223,0.8278270959854126,0.40231096744537354,0.46086159348487854,0.8900867104530334,-0.14566801488399506,0.4081617295742035,0.8489967584609985,0.29062360525131226
deadlift_3000031.jpg,0.4771430194377899,0.06792782247066498,-0.37608909606933594,0.4867716431617737,0.052702806890010834,-0.37895509600639343,0.4914299249649048,0.052412621676921844,-0.3790890574455261,0.4963226318359375,0.05235723406076431,-0.3792014718055725,0.477162629365921,0.05383516475558281,-0.34965160489082336,0.4750000238418579,0.054254766553640366,-0.34956076741218567,0.4730043411254883,0.05470726639032364,-0.3495805561542511,0.5097628235816956,0.0627928078174591,-0.30677518248558044,0.48197442293167114,0.06295987963676453,-0.1758420616388321,0.48629289865493774,0.0869106873869896,-0.35567885637283325,0.4761445224285126,0.08600012212991714,-0.31749090552330017,0.5247023701667786,0.1693696230649948,-0.3697996437549591,0.4643392860889435,0.19391104578971863,0.05929908528923988,0.5212324857711792,0.3217460811138153,-0.4183366596698761,0.44708096981048584,0.3297063410282135,0.16363292932510376,0.5152726769447327,0.4544017016887665,-0.4980435371398926,0.41300952434539795,0.4494301378726959,0.05664268881082535,0.5192781686782837,0.4903353750705719,-0.5545670986175537,0.406869500875473,0.47732263803482056,0.05746717378497124,0.5084585547447205,0.48618099093437195,-0.5612203478813171,0.40416744351387024,0.47722357511520386,0.003075852058827877,0.5061233639717102,0.4764983355998993,-0.4998765289783478,0.41087132692337036,0.4714962840080261,0.03166161850094795,0.5107182264328003,0.4571942687034607,-0.14084047079086304,0.4731751084327698,0.4609130322933197,0.14086130261421204,0.4889185130596161,0.6443767547607422,-0.1466532200574875,0.45072486996650696,0.627836287021637,0.2553711533546448,0.4933001697063446,0.8487390875816345,-0.0470508448779583,0.45690879225730896,0.806697428226471,0.4614889323711395,0.5123127102851868,0.862528383731842,-0.047083236277103424,0.4689570665359497,0.8283253312110901,0.4740101099014282,0.44025763869285583,0.8847054243087769,-0.20652832090854645,0.40851500630378723,0.8437413573265076,0.3782352805137634
deadlift_3000041.jpg,0.4874070882797241,0.07320267707109451,-0.35814520716667175,0.497164785861969,0.05820423364639282,-0.35367918014526367,0.5017729997634888,0.05829586833715439,-0.35383540391921997,0.5067614316940308,0.058466676622629166,-0.3539609909057617,0.4886103570461273,0.05853726714849472,-0.3262559771537781,0.4870191812515259,0.05877351760864258,-0.32617810368537903,0.48547399044036865,0.05894201248884201,-0.3262030780315399,0.5205440521240234,0.06994855403900146,-0.27900686860084534,0.49334850907325745,0.06822947412729263,-0.15633518993854523,0.49577662348747253,0.09295140206813812,-0.3287756145000458,0.4859713315963745,0.0916399285197258,-0.29322412610054016,0.5309780836105347,0.18061968684196472,-0.3490790128707886,0.4741043746471405,0.19943836331367493,0.07237353920936584,0.5313412547111511,0.32525867223739624,-0.3806294798851013,0.45586487650871277,0.33355745673179626,0.16123910248279572,0.5151347517967224,0.4450821280479431,-0.4114426076412201,0.4196549654006958,0.44500893354415894,0.043107207864522934,0.515573263168335,0.48371654748916626,-0.4543038308620453,0.4108382761478424,0.4722861051559448,0.03757648542523384,0.5059220194816589,0.47804397344589233,-0.46589401364326477,0.4099718928337097,0.471110075712204,-0.010735592804849148,0.5050033330917358,0.4677014648914337,-0.4137193262577057,0.4166157841682434,0.464470237493515,0.019562100991606712,0.5079584717750549,0.4735369384288788,-0.1418548971414566,0.46960359811782837,0.46991559863090515,0.1417900025844574,0.48155146837234497,0.659834623336792,-0.13100571930408478,0.4583684206008911,0.6377672553062439,0.27107542753219604,0.49095815420150757,0.8499963283538818,-0.03518940135836601,0.4573637545108795,0.8058663010597229,0.4899125099182129,0.5050763487815857,0.8720791339874268,-0.03432296961545944,0.47114285826683044,0.8338988423347473,0.5045052170753479,0.43090030550956726,0.887417197227478,-0.18212518095970154,0.40849190950393677,0.8459135890007019,0.42473965883255005
deadlift_3000051.jpg,0.485344260931015,0.07281269133090973,-0.35728010535240173,0.49679282307624817,0.05903996527194977,-0.3535235822200775,0.5014567971229553,0.059354379773139954,-0.3536648750305176,0.506036102771759,0.05979283154010773,-0.3537856936454773,0.487235963344574,0.05829433351755142,-0.3284650444984436,0.48508420586586,0.05808565393090248,-0.3283923268318176,0.48310938477516174,0.05782220512628555,-0.3283902406692505,0.518878698348999,0.0700390562415123,-0.27612337470054626,0.491467148065567,0.0668613389134407,-0.1651860773563385,0.4942520260810852,0.092697873711586,-0.32521000504493713,0.48262691497802734,0.09008751064538956,-0.2931700050830841,0.5312503576278687,0.17836691439151764,-0.3362341821193695,0.4770328402519226,0.1851269006729126,0.056242864578962326,0.528304398059845,0.3252318799495697,-0.33692291378974915,0.4624869227409363,0.3245740830898285,0.13447566330432892,0.5145714282989502,0.44477054476737976,-0.3110889494419098,0.42598989605903625,0.4239834249019623,0.02357790619134903,0.5109740495681763,0.48115259408950806,-0.3396298289299011,0.41483399271965027,0.45434027910232544,0.015184967778623104,0.5040066242218018,0.47829359769821167,-0.3580368161201477,0.416807621717453,0.45587030053138733,-0.030234621837735176,0.5038479566574097,0.4684329926967621,-0.3143656551837921,0.4228176474571228,0.4455396831035614,0.0008619658765383065,0.5055269598960876,0.46813803911209106,-0.1339796930551529,0.46766701340675354,0.4618302285671234,0.13386131823062897,0.48250049352645874,0.6641995310783386,-0.10740585625171661,0.45674315094947815,0.6417364478111267,0.274343341588974,0.4957185685634613,0.8508391380310059,-0.028729937970638275,0.45615386962890625,0.8058499097824097,0.48511508107185364,0.5063406229019165,0.8748160600662231,-0.030440503731369972,0.4709656834602356,0.8337149024009705,0.4977642595767975,0.43783456087112427,0.8941268920898438,-0.18386927247047424,0.4072067141532898,0.8466551303863525,0.4161004424095154
deadlift_3000061.jpg,0.3723268508911133,0.3147484362125397,-0.4925798177719116,0.3730233907699585,0.2947269678115845,-0.5173956155776978,0.375702440738678,0.2933073043823242,-0.517355740070343,0.37861648201942444,0.2918124198913574,-0.5174354314804077,0.37055179476737976,0.2948399782180786,-0.4760694205760956,0.371198445558548,0.2935834228992462,-0.4760558009147644,0.37205156683921814,0.29225999116897583,-0.47601231932640076,0.39966151118278503,0.28153663873672485,-0.5484762191772461,0.389849454164505,0.2838584780693054,-0.3598708510398865,0.3861014246940613,0.32747650146484375,-0.4957452416419983,0.3819880783557892,0.32679545879364014,-0.44143161177635193,0.48571375012397766,0.35150471329689026,-0.537068247795105,0.4098927676677704,0.33434513211250305,-0.2102213352918625,0.5105034112930298,0.484493225812912,-0.5610272288322449,0.4126146733760834,0.4595765769481659,-0.10002633929252625,0.5052892565727234,0.6368433833122253,-0.5636165142059326,0.4024139940738678,0.574655294418335,-0.14228253066539764,0.51109778881073,0.66621994972229,-0.6098125576972961,0.39433854818344116,0.599436342716217,-0.1458899825811386,0.5010287165641785,0.6644762754440308,-0.6107578873634338,0.39464330673217773,0.6043692827224731,-0.195887953042984,0.49230146408081055,0.6516813635826111,-0.5635021328926086,0.3994505703449249,0.5938849449157715,-0.16364949941635132,0.4880515933036804,0.554372251033783,-0.12850920855998993,0.44567883014678955,0.5238432288169861,0.1284761130809784,0.48032158613204956,0.6856644153594971,-0.037413716316223145,0.4467928111553192,0.6672632694244385,0.38009434938430786,0.4921034276485443,0.850918173789978,0.13875313103199005,0.4532366394996643,0.8067998290061951,0.7173795700073242,0.5021504163742065,0.8790392279624939,0.15187259018421173,0.4691983163356781,0.8342775702476501,0.7480720281600952,0.44164207577705383,0.8989914059638977,0.016468411311507225,0.4115898311138153,0.8531935811042786,0.6773110032081604
deadlift_3000071.jpg,0.357657790184021,0.4988043010234833,-0.46933871507644653,0.35420289635658264,0.4824775755405426,-0.49890729784965515,0.3563908338546753,0.47976773977279663,-0.49897927045822144,0.35885313153266907,0.4768078625202179,-0.4991390109062195,0.3515133559703827,0.4816957712173462,-0.45915430784225464,0.3519068658351898,0.478759229183197,-0.4590606689453125,0.35233649611473083,0.4758429527282715,-0.45902490615844727,0.374188095331192,0.453124076128006,-0.5421828627586365,0.3631674647331238,0.4544104337692261,-0.36086469888687134,0.37138068675994873,0.4968210756778717,-0.47287872433662415,0.3680047392845154,0.4966634213924408,-0.4208296239376068,0.4596386253833771,0.4779071807861328,-0.5271238684654236,0.3964819312095642,0.4583433270454407,-0.1943243443965912,0.5044819116592407,0.6245055198669434,-0.5860432982444763,0.4150237441062927,0.5591029524803162,-0.12225886434316635,0.5030978918075562,0.7651954889297485,-0.5943982601165771,0.3947291076183319,0.6587573885917664,-0.17647060751914978,0.5113023519515991,0.7937734127044678,-0.6398727893829346,0.3911488652229309,0.6785091161727905,-0.17163309454917908,0.5002488493919373,0.7942781448364258,-0.6253300905227661,0.38508620858192444,0.6742739081382751,-0.21377874910831451,0.4911028742790222,0.7812318801879883,-0.5890339612960815,0.3869563937187195,0.6709766983985901,-0.19467824697494507,0.4607537090778351,0.6277967095375061,-0.12532560527324677,0.43085774779319763,0.6013917326927185,0.12526169419288635,0.4420924782752991,0.7113714218139648,-0.06426331400871277,0.4250565469264984,0.6973254084587097,0.3513559103012085,0.4725469946861267,0.8509435057640076,0.1269787698984146,0.4484313428401947,0.8090144395828247,0.6348888278007507,0.4860484004020691,0.8697077631950378,0.1451493352651596,0.46226659417152405,0.8329107761383057,0.6851356625556946,0.44681915640830994,0.89886873960495,0.08004315942525864,0.4133094847202301,0.8527871966362,0.5800879001617432
deadlift_3000081.jpg,0.36363381147384644,0.5154155492782593,-0.615866482257843,0.36225205659866333,0.502764880657196,-0.6426756978034973,0.3661886155605316,0.5003703832626343,-0.6427554488182068,0.3699464201927185,0.49697333574295044,-0.642957329750061,0.3557433485984802,0.5014986395835876,-0.6109920144081116,0.3540342152118683,0.49855837225914,-0.6109463572502136,0.35337117314338684,0.4958893656730652,-0.6109000444412231,0.38525763154029846,0.46993255615234375,-0.65024733543396,0.3639647662639618,0.47287195920944214,-0.5054700970649719,0.3796502947807312,0.5135964751243591,-0.6051693558692932,0.37238752841949463,0.5138771533966064,-0.5632257461547852,0.4655637741088867,0.4921603798866272,-0.5798711180686951,0.3858099579811096,0.4642069935798645,-0.31130343675613403,0.5051085948944092,0.6281718015670776,-0.6175143122673035,0.40797898173332214,0.5679458975791931,-0.20122887194156647,0.5109838247299194,0.7686558365821838,-0.6477202773094177,0.39296209812164307,0.6711564660072327,-0.231691375374794,0.5231292247772217,0.7994087338447571,-0.6936984658241272,0.39131322503089905,0.695988655090332,-0.22988666594028473,0.5128406882286072,0.8036028742790222,-0.6909776329994202,0.385040819644928,0.6935620903968811,-0.2761287987232208,0.5034908056259155,0.7901107668876648,-0.6473065614700317,0.39092206954956055,0.6918197870254517,-0.2505123019218445,0.4709729850292206,0.6075610518455505,-0.10327896475791931,0.43098217248916626,0.5784959197044373,0.10351619869470596,0.45745447278022766,0.7310332655906677,-0.03729778155684471,0.42417746782302856,0.6964477300643921,0.23160028457641602,0.47634419798851013,0.8456152081489563,0.12715677917003632,0.442939817905426,0.8142467141151428,0.5132753252983093,0.49049776792526245,0.8840001225471497,0.13918206095695496,0.4554625451564789,0.8343390822410583,0.5409730672836304,0.4712637662887573,0.8997601270675659,0.03863927349448204,0.413638174533844,0.858690619468689,0.4664009213447571
deadlift_3000091.jpg,0.37165161967277527,0.5141841173171997,-0.7318929433822632,0.3688901364803314,0.5000864863395691,-0.7529118657112122,0.3729138672351837,0.4974157512187958,-0.7529632449150085,0.3769798278808594,0.49370235204696655,-0.7531145811080933,0.3606770634651184,0.4992637634277344,-0.7232425212860107,0.3590184450149536,0.4969119131565094,-0.7231934666633606,0.35696646571159363,0.4941747784614563,-0.7231737375259399,0.39056506752967834,0.4682879149913788,-0.7240788340568542,0.36627182364463806,0.47323617339134216,-0.5874363780021667,0.38756340742111206,0.5121908783912659,-0.7078647017478943,0.37838220596313477,0.5129708647727966,-0.6681870818138123,0.4694727659225464,0.49610722064971924,-0.6095221638679504,0.3772120475769043,0.47109735012054443,-0.3818882405757904,0.5053675174713135,0.628871738910675,-0.6494184136390686,0.39742156863212585,0.5844907760620117,-0.3151678144931793,0.5109474658966064,0.773375391960144,-0.6892836689949036,0.3925391733646393,0.6931275129318237,-0.3825446367263794,0.5230093598365784,0.8032507300376892,-0.7357483506202698,0.3921586275100708,0.7251402735710144,-0.38885965943336487,0.5114675760269165,0.8061830401420593,-0.7376709580421448,0.38916000723838806,0.7191469073295593,-0.432583749294281,0.501693606376648,0.7963429093360901,-0.6903710961341858,0.39281749725341797,0.7142110466957092,-0.4005697965621948,0.47125616669654846,0.5851094126701355,-0.09116527438163757,0.43261149525642395,0.5638588666915894,0.09136972576379776,0.47798022627830505,0.7176793217658997,-0.21837963163852692,0.42547720670700073,0.6964974999427795,0.3445708155632019,0.4850319027900696,0.8461411595344543,-0.15872059762477875,0.4392932653427124,0.8209086656570435,0.664187490940094,0.4941513240337372,0.878338634967804,-0.1599915772676468,0.45032867789268494,0.837561309337616,0.6914314031600952,0.4817836880683899,0.9007101058959961,-0.33416399359703064,0.41113483905792236,0.8587779402732849,0.6055757403373718
deadlift_3000101.jpg,0.36301878094673157,0.4906398057937622,-0.604691207408905,0.3599136173725128,0.4755140542984009,-0.6334664225578308,0.36345335841178894,0.4726119637489319,-0.633499264717102,0.36720582842826843,0.46930351853370667,-0.633611261844635,0.3544015884399414,0.4759717583656311,-0.5956943035125732,0.35426583886146545,0.4738520681858063,-0.5956333875656128,0.3541944622993469,0.471736878156662,-0.5955888628959656,0.38403281569480896,0.4475872814655304,-0.6596687436103821,0.36763620376586914,0.4528827369213104,-0.4852042496204376,0.37957391142845154,0.48982998728752136,-0.6016278862953186,0.3735719919204712,0.4902832806110382,-0.5515887141227722,0.46660301089286804,0.4833865165710449,-0.6022402048110962,0.3873562812805176,0.4573926627635956,-0.3113323748111725,0.5020424127578735,0.6183291673660278,-0.6359562277793884,0.4019928276538849,0.5878334045410156,-0.23288029432296753,0.509728193283081,0.7570139765739441,-0.6626120209693909,0.3952133357524872,0.6993502974510193,-0.2965349853038788,0.5225774645805359,0.7868718504905701,-0.7109222412109375,0.39218997955322266,0.7118210792541504,-0.3030826449394226,0.5112922191619873,0.7893674969673157,-0.7092061638832092,0.39129602909088135,0.7213690280914307,-0.34848660230636597,0.5020214319229126,0.7798222899436951,-0.6627324819564819,0.39510631561279297,0.7145487666130066,-0.3164157569408417,0.4756019711494446,0.6037794947624207,-0.09477771073579788,0.4351873993873596,0.5814167261123657,0.09506411850452423,0.4803619980812073,0.7380547523498535,0.07976959645748138,0.4277767241001129,0.705734372138977,0.4088388681411743,0.4854317605495453,0.8464924097061157,0.31691768765449524,0.4405743479728699,0.8219242691993713,0.7945712208747864,0.49605274200439453,0.8827901482582092,0.3359875977039337,0.4527163803577423,0.8372521996498108,0.8312911987304688,0.48067349195480347,0.9023904800415039,0.22989320755004883,0.4141245484352112,0.8674372434616089,0.7716286182403564
deadlift_300011.jpg,,,,,,,,,,,,,,,,,,,,,,,,,,,,,,,,,,,,,,,,,,,,,,,,,,,,,,,,,,,,,,,,,,,,,,,,,,,,,,,,,,,,,,,,,,,,,,,,,,,
deadlift_3000111.jpg,0.37724584341049194,0.311498761177063,-0.5190575122833252,0.38046011328697205,0.29050618410110474,-0.5268293619155884,0.3842034935951233,0.2887848913669586,-0.5268553495407104,0.38824158906936646,0.2868112325668335,-0.5270068049430847,0.3734806776046753,0.2921845614910126,-0.4945320785045624,0.3721264600753784,0.29186514019966125,-0.49461105465888977,0.3708309531211853,0.2915055751800537,-0.4947189390659332,0.40553969144821167,0.2837470471858978,-0.4960063397884369,0.3846091628074646,0.2879418730735779,-0.3519514203071594,0.39005452394485474,0.3246021866798401,-0.5028609037399292,0.38149330019950867,0.3276863098144531,-0.4610814154148102,0.4723479151725769,0.3705318570137024,-0.5085973739624023,0.40451520681381226,0.3749915361404419,-0.14752790331840515,0.5016905665397644,0.5153894424438477,-0.5433678030967712,0.41207143664360046,0.4981749951839447,-0.053409475833177567,0.51058429479599,0.6573669910430908,-0.5643569231033325,0.4187634289264679,0.6088226437568665,-0.11706118285655975,0.5177693367004395,0.6860619783401489,-0.6146377921104431,0.41640612483024597,0.636834442615509,-0.11985604465007782,0.5090619325637817,0.6864902973175049,-0.6244044899940491,0.4151715934276581,0.637941837310791,-0.16412648558616638,0.5036235451698303,0.6777632832527161,-0.5670042634010315,0.41818228363990784,0.6279217004776001,-0.13669875264167786,0.5168814063072205,0.5414378046989441,-0.11014369875192642,0.47529715299606323,0.5430459380149841,0.11021540313959122,0.4911898374557495,0.699909508228302,-0.23313461244106293,0.43236586451530457,0.6833878755569458,0.12621179223060608,0.49165967106819153,0.8577836155891418,-0.10702426731586456,0.44322454929351807,0.8216346502304077,0.35227203369140625,0.5100614428520203,0.874724805355072,-0.10164395719766617,0.4686950445175171,0.8430207371711731,0.3707284927368164,0.4616292715072632,0.9046759605407715,-0.22136220335960388,0.40673717856407166,0.8603965044021606,0.30546367168426514
deadlift_3000121.jpg,0.43759530782699585,0.09347199648618698,-0.4469203054904938,0.4516456723213196,0.07744072377681732,-0.4573797285556793,0.4557516276836395,0.07588264346122742,-0.45754140615463257,0.4601326286792755,0.07405290752649307,-0.45769932866096497,0.4448164701461792,0.08040503412485123,-0.42074233293533325,0.4442345201969147,0.0812128409743309,-0.4207130968570709,0.443843811750412,0.08177284151315689,-0.4208031892776489,0.46941956877708435,0.07521910965442657,-0.4364756941795349,0.45485684275627136,0.08259230852127075,-0.2730654776096344,0.4458869397640228,0.10160022228956223,-0.43646377325057983,0.4361841082572937,0.1040324941277504,-0.3885776698589325,0.4967885911464691,0.19151055812835693,-0.47685903310775757,0.4307936728000641,0.209859699010849,-0.0674973577260971,0.5143641233444214,0.3465239703655243,-0.5202396512031555,0.43121272325515747,0.3431459367275238,0.007367267273366451,0.5188762545585632,0.47457271814346313,-0.5590314865112305,0.41860973834991455,0.46843668818473816,-0.09337911009788513,0.5213040709495544,0.5176854729652405,-0.6203070878982544,0.41454192996025085,0.4947808086872101,-0.10375574976205826,0.5111982822418213,0.5159124135971069,-0.6316072344779968,0.4126376807689667,0.4977942109107971,-0.1595708727836609,0.5092466473579407,0.5043596625328064,-0.5637667179107666,0.41654109954833984,0.49209773540496826,-0.1193697601556778,0.5312358736991882,0.4341221749782562,-0.12550833821296692,0.48408201336860657,0.43960025906562805,0.1257290244102478,0.5096513628959656,0.6164095401763916,-0.2056853324174881,0.4583374559879303,0.6174700260162354,0.12119794636964798,0.49403509497642517,0.8532577753067017,-0.10994643718004227,0.462313711643219,0.8106852173805237,0.2756759226322174,0.5073029398918152,0.8706401586532593,-0.10914923250675201,0.47604164481163025,0.8401609063148499,0.28346768021583557,0.4541199803352356,0.8883011937141418,-0.2648988366127014,0.40673401951789856,0.8529609441757202,0.16966424882411957
deadlift_3000131.jpg,0.48320093750953674,0.07823193073272705,-0.4244784116744995,0.49276745319366455,0.061399269849061966,-0.41982895135879517,0.497435063123703,0.06153362989425659,-0.419978529214859,0.5023002624511719,0.0616847462952137,-0.4201098084449768,0.48470339179039,0.060888588428497314,-0.39085114002227783,0.4834977388381958,0.060692138969898224,-0.39078855514526367,0.48248329758644104,0.06049070879817009,-0.3907851278781891,0.5159553289413452,0.06974268704652786,-0.3415081202983856,0.49170786142349243,0.06909393519163132,-0.2146850973367691,0.4911528527736664,0.09806741774082184,-0.3938855528831482,0.48259031772613525,0.0961993858218193,-0.3566414713859558,0.5184901356697083,0.17749838531017303,-0.41086143255233765,0.471497505903244,0.19782418012619019,0.038065776228904724,0.5251443982124329,0.3248555362224579,-0.4482634365558624,0.4543115496635437,0.33097949624061584,0.14271678030490875,0.5192117094993591,0.46124377846717834,-0.4809315502643585,0.4185686707496643,0.44156578183174133,0.0330304354429245,0.5211227536201477,0.4933970272541046,-0.5353664755821228,0.41067951917648315,0.467267781496048,0.03869067505002022,0.5099485516548157,0.49217504262924194,-0.5366973876953125,0.40802860260009766,0.46929240226745605,-0.01744983159005642,0.5087738633155823,0.4835236072540283,-0.479796826839447,0.41272488236427307,0.46498608589172363,0.007804006338119507,0.5298126339912415,0.45874160528182983,-0.14777033030986786,0.4941149055957794,0.46184858679771423,0.14775450527668,0.5083808898925781,0.648108959197998,-0.143032968044281,0.4579245150089264,0.6290708184242249,0.3362548053264618,0.4946173131465912,0.8534891605377197,-0.04961007833480835,0.4585038423538208,0.8079821467399597,0.5668261051177979,0.5069817304611206,0.8734762668609619,-0.04990227520465851,0.4738301634788513,0.8353865146636963,0.5836513042449951,0.446699321269989,0.8907061219215393,-0.20464211702346802,0.406121164560318,0.8507101535797119,0.5062134265899658
deadlift_3000141.jpg,0.4845324158668518,0.08070921152830124,-0.3951987326145172,0.493503600358963,0.06287069618701935,-0.3884943127632141,0.4982970654964447,0.062313616275787354,-0.38863468170166016,0.5029914379119873,0.062056418508291245,-0.3887617886066437,0.4833775460720062,0.0640346109867096,-0.3639375865459442,0.4811210334300995,0.0641360804438591,-0.3638720214366913,0.4793362319469452,0.06409615278244019,-0.3638651967048645,0.5166009664535522,0.06945380568504333,-0.3031195402145386,0.4894578754901886,0.0701090395450592,-0.19584573805332184,0.495915949344635,0.09940104186534882,-0.36127519607543945,0.48413708806037903,0.10026188939809799,-0.33001330494880676,0.5307605266571045,0.17852310836315155,-0.3660423159599304,0.47844746708869934,0.19382847845554352,0.03968675062060356,0.5313102602958679,0.3160693645477295,-0.3952164053916931,0.4644416570663452,0.3285597264766693,0.12607493996620178,0.522417426109314,0.44987741112709045,-0.42146942019462585,0.4241068959236145,0.43809980154037476,0.01099737361073494,0.5241239070892334,0.48735401034355164,-0.465640664100647,0.41480275988578796,0.46574705839157104,0.00901445746421814,0.5149141550064087,0.483443021774292,-0.47143709659576416,0.41117164492607117,0.4696451723575592,-0.04085543379187584,0.5142091512680054,0.47470295429229736,-0.4217051863670349,0.416202187538147,0.4636981189250946,-0.012460755184292793,0.5271876454353333,0.4615311622619629,-0.13987520337104797,0.4930412173271179,0.4627545177936554,0.1398235410451889,0.5071104764938354,0.6587954163551331,-0.14512775838375092,0.45970386266708374,0.636526346206665,0.2542944550514221,0.4935912489891052,0.8537288308143616,-0.05614455044269562,0.45628997683525085,0.8089970946311951,0.4499019384384155,0.5047712922096252,0.8750010132789612,-0.05612308531999588,0.4652808904647827,0.8326823711395264,0.46354416012763977,0.4389883875846863,0.8903779983520508,-0.2042860984802246,0.4025580585002899,0.8480144143104553,0.38464638590812683
deadlift_3000151.jpg,0.48643335700035095,0.07739059627056122,-0.38093820214271545,0.4964039921760559,0.0598030723631382,-0.37501487135887146,0.5015237331390381,0.05897567421197891,-0.3751732110977173,0.5067312121391296,0.05853292718529701,-0.3753223717212677,0.4849190413951874,0.06145067140460014,-0.3515397310256958,0.48189598321914673,0.06181873381137848,-0.3514561653137207,0.47932112216949463,0.06204754114151001,-0.3514525294303894,0.5196000337600708,0.0656716525554657,-0.284599632024765,0.4869072735309601,0.06878411024808884,-0.1807543933391571,0.497604101896286,0.09862425923347473,-0.3435443639755249,0.48529544472694397,0.09851911664009094,-0.3135705590248108,0.5313829183578491,0.17743508517742157,-0.3368968367576599,0.47906753420829773,0.18866297602653503,0.058102015405893326,0.530032217502594,0.3210848569869995,-0.34036874771118164,0.46771439909935,0.32550081610679626,0.14936652779579163,0.521669328212738,0.45088687539100647,-0.33708420395851135,0.4297557473182678,0.43595564365386963,0.033473409712314606,0.5238401889801025,0.48689788579940796,-0.37133583426475525,0.4203980267047882,0.4638359546661377,0.028187142685055733,0.5145420432090759,0.4844861626625061,-0.38351500034332275,0.41713958978652954,0.46454617381095886,-0.020673001185059547,0.5131348967552185,0.47525057196617126,-0.3388018310070038,0.42450159788131714,0.4581529498100281,0.010001536458730698,0.50733882188797,0.46250373125076294,-0.13692110776901245,0.4777075946331024,0.4622214436531067,0.13687428832054138,0.49368026852607727,0.6612112522125244,-0.13268795609474182,0.4590199589729309,0.6374039053916931,0.24752606451511383,0.49390456080436707,0.8534643650054932,-0.04101932793855667,0.4564475417137146,0.8087831139564514,0.4518190920352936,0.5049799084663391,0.8751453757286072,-0.04036972299218178,0.46547362208366394,0.8331862688064575,0.4647544324398041,0.44160568714141846,0.8907655477523804,-0.19199885427951813,0.4031464755535126,0.8487071394920349,0.37520453333854675
deadlift_3000161.jpg,0.4243124723434448,0.1307206153869629,-0.38968053460121155,0.43167415261268616,0.11031163483858109,-0.39570918679237366,0.43631410598754883,0.10837328433990479,-0.39579257369041443,0.4412447512149811,0.10668385028839111,-0.39590856432914734,0.4227590560913086,0.11308936774730682,-0.3631422817707062,0.42099428176879883,0.11305052787065506,-0.3631243407726288,0.41960474848747253,0.11291070282459259,-0.36317241191864014,0.4576106667518616,0.10797017067670822,-0.3512025475502014,0.4302099943161011,0.11285475641489029,-0.20639586448669434,0.43902429938316345,0.14467915892601013,-0.36987003684043884,0.4291873574256897,0.14772142469882965,-0.32727333903312683,0.5123598575592041,0.21134264767169952,-0.3779211640357971,0.43451443314552307,0.21984454989433289,-0.009490733966231346,0.5241718292236328,0.3601266145706177,-0.38928520679473877,0.4464230239391327,0.35689184069633484,0.08305871486663818,0.5209537744522095,0.4919447600841522,-0.3906635046005249,0.42783063650131226,0.4714674949645996,0.011610718443989754,0.5239161252975464,0.5269762873649597,-0.43024304509162903,0.4195549786090851,0.5015605688095093,-0.02214612253010273,0.5149061679840088,0.5282370448112488,-0.44769495725631714,0.4168628752231598,0.5048462748527527,-0.06794071197509766,0.5124825239181519,0.5164930820465088,-0.39583855867385864,0.4241214692592621,0.4958550035953522,-0.0027891630306839943,0.5032951831817627,0.4741884469985962,-0.12600292265415192,0.4628118872642517,0.4758567810058594,0.125897616147995,0.49365493655204773,0.6614538431167603,-0.0728314220905304,0.4564097225666046,0.640231728553772,0.2684425413608551,0.49382591247558594,0.8529678583145142,0.11654271185398102,0.4568137526512146,0.8093446493148804,0.5494576692581177,0.5038111209869385,0.875886082649231,0.12642443180084229,0.46561190485954285,0.8338173031806946,0.570940375328064,0.4436785876750946,0.8916112184524536,-0.026075344532728195,0.4034940004348755,0.8494552373886108,0.48426276445388794
deadlift_3000171.jpg,0.3754040002822876,0.40992534160614014,-0.6044609546661377,0.37265387177467346,0.3927764594554901,-0.6269199252128601,0.3750346302986145,0.3905424475669861,-0.626941442489624,0.3776443600654602,0.3881925940513611,-0.6271151304244995,0.3694239556789398,0.39351144433021545,-0.5874170660972595,0.36952322721481323,0.3919485807418823,-0.5874143838882446,0.3696841597557068,0.39023682475090027,-0.5874214768409729,0.39784902334213257,0.37270528078079224,-0.637194037437439,0.3845575749874115,0.37516289949417114,-0.45930910110473633,0.3916270434856415,0.41555702686309814,-0.5986981987953186,0.3872726261615753,0.41646498441696167,-0.5473383069038391,0.4891691505908966,0.43321239948272705,-0.6138389706611633,0.41658371686935425,0.3878331780433655,-0.2836742103099823,0.5155054330825806,0.5697899460792542,-0.6213123798370361,0.4248664975166321,0.5227586030960083,-0.16905231773853302,0.5163439512252808,0.7055582404136658,-0.6170860528945923,0.4073469042778015,0.6377430558204651,-0.2025667130947113,0.5230255722999573,0.7407487034797668,-0.6729615330696106,0.4058152437210083,0.6638910174369812,-0.20825228095054626,0.5110765099525452,0.7403849363327026,-0.670566201210022,0.3996627926826477,0.6654641032218933,-0.2548891007900238,0.5059168934822083,0.7305938005447388,-0.6168129444122314,0.40780240297317505,0.6588878631591797,-0.2223741114139557,0.49495527148246765,0.6054798364639282,-0.12002227455377579,0.44742351770401,0.563031792640686,0.11967553198337555,0.4935874342918396,0.7467523217201233,0.14798282086849213,0.4515112042427063,0.7093784213066101,0.44026994705200195,0.4934314489364624,0.8683353662490845,0.4552702307701111,0.45866161584854126,0.8271369934082031,0.8433876037597656,0.5026957988739014,0.8855374455451965,0.48366549611091614,0.4689527750015259,0.842659056186676,0.8835920095443726,0.44405174255371094,0.9016755819320679,0.3812115788459778,0.4074910879135132,0.8611684441566467,0.8212520480155945
deadlift_300021.jpg,,,,,,,,,,,,,,,,,,,,,,,,,,,,,,,,,,,,,,,,,,,,,,,,,,,,,,,,,,,,,,,,,,,,,,,,,,,,,,,,,,,,,,,,,,,,,,,,,,,
deadlift_300031.jpg,0.8387365341186523,0.3441844582557678,-0.18330545723438263,0.8384315371513367,0.32446718215942383,-0.16980868577957153,0.8377341032028198,0.32319074869155884,-0.16991837322711945,0.8368844985961914,0.32166430354118347,-0.1700594127178192,0.836877167224884,0.32471293210983276,-0.20506198704242706,0.8352441191673279,0.32394516468048096,-0.2051248848438263,0.8334829807281494,0.32299163937568665,-0.20522071421146393,0.8222439885139465,0.31817179918289185,-0.10461538285017014,0.8198190331459045,0.3202548623085022,-0.26179832220077515,0.8317416906356812,0.35571563243865967,-0.15538424253463745,0.8296733498573303,0.3544734716415405,-0.20106127858161926,0.7755628228187561,0.37168043851852417,0.013655347749590874,0.7714821696281433,0.39837855100631714,-0.335786372423172,0.7591921091079712,0.49540215730667114,0.04798854887485504,0.7515988945960999,0.5362430810928345,-0.3300184905529022,0.7469847202301025,0.6062057018280029,0.004602324683219194,0.7435929775238037,0.6531327962875366,-0.2613223195075989,0.7459601759910583,0.6311113834381104,0.004402955062687397,0.7434497475624084,0.6669809222221375,-0.2946851849555969,0.7425405979156494,0.632297158241272,-0.025020377710461617,0.7468501329421997,0.6813236474990845,-0.29294198751449585,0.7399436831474304,0.6232902407646179,-0.009802027605473995,0.747028112411499,0.6683592796325684,-0.2606620788574219,0.6887792348861694,0.4964855909347534,0.11331261694431305,0.6582449674606323,0.4991644620895386,-0.11326179653406143,0.7638961672782898,0.5835584998130798,0.14620192348957062,0.715670645236969,0.6541463136672974,-0.16953274607658386,0.7381090521812439,0.6850484609603882,0.2718256711959839,0.7021065354347229,0.7184711694717407,0.046054862439632416,0.7234665751457214,0.6965266466140747,0.28332072496414185,0.6895025372505188,0.7191174030303955,0.06966181844472885,0.7716741561889648,0.7298533320426941,0.27456364035606384,0.7388696074485779,0.763277530670166,0.05947374925017357
deadlift_300041.jpg,0.8367982506752014,0.24310682713985443,-0.07252836227416992,0.8341341018676758,0.22387631237506866,-0.056681614369153976,0.8330355286598206,0.22291475534439087,-0.05680286884307861,0.8318379521369934,0.2217961698770523,-0.05692571401596069,0.8328619003295898,0.22503799200057983,-0.09157375991344452,0.8309900164604187,0.2250298112630844,-0.09158555418252945,0.8289825916290283,0.2247946858406067,-0.09162046015262604,0.8155799508094788,0.22183367609977722,0.009844077751040459,0.8134263753890991,0.2250535488128662,-0.14601372182369232,0.830772340297699,0.25668472051620483,-0.04575241729617119,0.8287259340286255,0.255905419588089,-0.09091164171695709,0.7743521332740784,0.30031970143318176,0.12329668551683426,0.7714584469795227,0.3279334306716919,-0.24017390608787537,0.7559268474578857,0.41882646083831787,0.1498449593782425,0.75139981508255,0.4598911702632904,-0.23846112191677094,0.7463415265083313,0.5395442247390747,0.08456544578075409,0.743060827255249,0.5723550915718079,-0.14984656870365143,0.7446921467781067,0.5683149695396423,0.08677813410758972,0.7404968738555908,0.5965019464492798,-0.16611066460609436,0.7407079935073853,0.567438006401062,0.06224023550748825,0.745751142501831,0.5950483083724976,-0.16391605138778687,0.7388953566551208,0.5574422478675842,0.07119295001029968,0.7450519800186157,0.5853625535964966,-0.14606717228889465,0.6881657838821411,0.46645185351371765,0.12252189964056015,0.665942907333374,0.47092998027801514,-0.12243784219026566,0.7612270712852478,0.5871327519416809,0.1931142807006836,0.7245419025421143,0.6244646906852722,-0.3540836274623871,0.743223249912262,0.7074883580207825,0.3076402544975281,0.7119268178939819,0.7810219526290894,-0.44932806491851807,0.7306178212165833,0.7230361700057983,0.3151128590106964,0.6911643743515015,0.8078555464744568,-0.4602641463279724,0.7760064005851746,0.7435036301612854,0.2745116651058197,0.7601431012153625,0.8217729926109314,-0.5677016973495483
deadlift_300051.jpg,0.8108487725257874,0.1534123569726944,-0.06890763342380524,0.8061132431030273,0.13481710851192474,-0.05572132021188736,0.8049194812774658,0.13423149287700653,-0.05582387372851372,0.8036240339279175,0.1334296613931656,-0.055945757776498795,0.8049819469451904,0.1360500007867813,-0.0872231051325798,0.8031718134880066,0.1365400105714798,-0.08720514178276062,0.8012068867683411,0.13682253658771515,-0.08718524128198624,0.7879578471183777,0.13854056596755981,0.007277405820786953,0.7858253717422485,0.1410679966211319,-0.13195347785949707,0.8064587116241455,0.1693197637796402,-0.04293510690331459,0.8040865063667297,0.16979379951953888,-0.0832236185669899,0.7581337094306946,0.240352064371109,0.1237008273601532,0.7596865892410278,0.2589038908481598,-0.2295987606048584,0.7433825135231018,0.3959285020828247,0.1444699615240097,0.7466552257537842,0.4118979871273041,-0.23796609044075012,0.7356175780296326,0.5182304978370667,0.11035184562206268,0.7429025173187256,0.5377915501594543,-0.16881559789180756,0.7336742877960205,0.5429769158363342,0.11324283480644226,0.7405803799629211,0.5656296610832214,-0.1963234394788742,0.7315635681152344,0.5442349910736084,0.08531535416841507,0.7465226054191589,0.5643270015716553,-0.18240483105182648,0.7306886911392212,0.5359456539154053,0.09614455699920654,0.7451666593551636,0.5553893446922302,-0.16330212354660034,0.6774775981903076,0.43174731731414795,0.12580683827400208,0.6617762446403503,0.44862446188926697,-0.1256650686264038,0.7581383585929871,0.5896158218383789,0.1766146719455719,0.7397375106811523,0.6288168430328369,-0.19703368842601776,0.733134388923645,0.7523669004440308,0.25228288769721985,0.7188507318496704,0.8288012742996216,-0.12645775079727173,0.7227874398231506,0.7673797011375427,0.2553536593914032,0.7024345993995667,0.8505377173423767,-0.12036767601966858,0.7688223123550415,0.8272820115089417,0.20718006789684296,0.7624111771583557,0.8686214685440063,-0.17094364762306213
deadlift_300061.jpg,0.7752556204795837,0.11897043883800507,-0.03528479486703873,0.7689599990844727,0.09918542206287384,-0.02394670620560646,0.767703652381897,0.0985526293516159,-0.024053607136011124,0.7662551999092102,0.09791230410337448,-0.024163255468010902,0.767855703830719,0.1003914549946785,-0.058505475521087646,0.7660118341445923,0.10074688494205475,-0.058517880737781525,0.7640246152877808,0.10105675458908081,-0.058546531945466995,0.7506281733512878,0.10411440581083298,0.03234667330980301,0.7494564652442932,0.1072927787899971,-0.1197095438838005,0.7698094844818115,0.13700340688228607,-0.011023943312466145,0.7678866982460022,0.1369391828775406,-0.055036623030900955,0.7276753187179565,0.2071601003408432,0.15337014198303223,0.7296686172485352,0.20628827810287476,-0.23263028264045715,0.7340738773345947,0.35346564650535583,0.1710577756166458,0.7329721450805664,0.3619895577430725,-0.24396584928035736,0.7363423705101013,0.4703861176967621,0.11719977855682373,0.7485047578811646,0.4838036298751831,-0.1510932594537735,0.7354696989059448,0.49383625388145447,0.12074010074138641,0.7486057281494141,0.5078480839729309,-0.17643149197101593,0.73336261510849,0.49406084418296814,0.09361477941274643,0.7531158328056335,0.5062892436981201,-0.16162016987800598,0.7320394515991211,0.48705723881721497,0.10236520320177078,0.7505049109458923,0.498765230178833,-0.14433017373085022,0.6567404866218567,0.41126975417137146,0.13329117000102997,0.6490979790687561,0.42783212661743164,-0.1331736147403717,0.7491170763969421,0.5831278562545776,0.1705438196659088,0.7424668073654175,0.6070142984390259,-0.1314506232738495,0.7246432900428772,0.7405127882957458,0.23362259566783905,0.7214458584785461,0.8276601433753967,-0.06075568124651909,0.7082083821296692,0.7591848373413086,0.23649969696998596,0.7052033543586731,0.8642935752868652,-0.05169415846467018,0.7651976346969604,0.8143284320831299,0.1919528990983963,0.769527018070221,0.8592468500137329,-0.10452510416507721
deadlift_300071.jpg,0.7614771723747253,0.1252690851688385,-0.03537620231509209,0.7551621198654175,0.1042698323726654,-0.019534623250365257,0.753747284412384,0.10310233384370804,-0.019639255478978157,0.7520865797996521,0.1020735651254654,-0.019733868539333344,0.7546111345291138,0.10539375245571136,-0.06139495596289635,0.7530481815338135,0.10515403002500534,-0.06145383417606354,0.7512367367744446,0.10504463315010071,-0.06154860183596611,0.7349715828895569,0.10712899267673492,0.05085327848792076,0.7351111173629761,0.10930684208869934,-0.1343470960855484,0.754982590675354,0.14203664660453796,-0.0059878285974264145,0.753158450126648,0.1420833021402359,-0.05961643531918526,0.7144896388053894,0.20632760226726532,0.17313426733016968,0.7150607705116272,0.20772626996040344,-0.25509828329086304,0.729396402835846,0.3454842269420624,0.18726831674575806,0.7182090878486633,0.356923371553421,-0.27328190207481384,0.737504780292511,0.4577396810054779,0.11167800426483154,0.7458208203315735,0.46352148056030273,-0.17448416352272034,0.7365651726722717,0.48336905241012573,0.11592408269643784,0.7475975751876831,0.4909096956253052,-0.19967392086982727,0.7369615435600281,0.48506706953048706,0.08669678866863251,0.7524787783622742,0.4885687828063965,-0.18221813440322876,0.7356255054473877,0.4775250256061554,0.09483911097049713,0.7496898770332336,0.4786032438278198,-0.16589519381523132,0.6540883779525757,0.43282830715179443,0.1396237015724182,0.6472308039665222,0.44476398825645447,-0.13954225182533264,0.7258147597312927,0.6216126084327698,0.16698899865150452,0.7313870787620544,0.6167948246002197,-0.11901164799928665,0.7233512997627258,0.7982792258262634,0.2687324285507202,0.7195284962654114,0.8461876511573792,-0.0340581014752388,0.7113614678382874,0.8132681250572205,0.27287039160728455,0.7037214040756226,0.878421425819397,-0.039169199764728546,0.7658949494361877,0.8449319005012512,0.22573579847812653,0.7711914777755737,0.8797792196273804,-0.08481839299201965
deadlift_300081.jpg,0.7607487440109253,0.12314043194055557,-0.08831848204135895,0.7539024353027344,0.10292540490627289,-0.07289432734251022,0.752565324306488,0.10203102231025696,-0.07300155609846115,0.750934362411499,0.10123087465763092,-0.0731019526720047,0.7531029582023621,0.10367106646299362,-0.11159699410200119,0.7513998746871948,0.10347331315279007,-0.1116441935300827,0.7493796944618225,0.10334697365760803,-0.11172029376029968,0.7345563173294067,0.10675794631242752,0.004852847196161747,0.7328198552131653,0.10847180336713791,-0.1718922108411789,0.7541581988334656,0.141230970621109,-0.0578286275267601,0.7521495819091797,0.14091016352176666,-0.10868766158819199,0.7173042297363281,0.2139451503753662,0.14178712666034698,0.7170818448066711,0.21534432470798492,-0.2824966013431549,0.728304922580719,0.34274792671203613,0.17170290648937225,0.7236312031745911,0.3687136471271515,-0.30204007029533386,0.7376352548599243,0.45281320810317993,0.09543920308351517,0.7504793405532837,0.4772389233112335,-0.19254271686077118,0.7373650074005127,0.49049368500709534,0.09557918459177017,0.7538853287696838,0.5057632327079773,-0.21926632523536682,0.7374857068061829,0.4902244210243225,0.06638558208942413,0.7612892389297485,0.5006811618804932,-0.20658129453659058,0.7363778948783875,0.48112377524375916,0.07847515493631363,0.7576577663421631,0.4899974465370178,-0.18524585664272308,0.669409453868866,0.44634076952934265,0.1447582095861435,0.6633781790733337,0.45612064003944397,-0.1447053700685501,0.7318045496940613,0.6415393352508545,0.20790866017341614,0.7235908508300781,0.643290638923645,-0.07565240561962128,0.7235928773880005,0.8011490106582642,0.34432753920555115,0.7187201976776123,0.8379677534103394,0.03159722313284874,0.7131197452545166,0.8165649175643921,0.35275399684906006,0.7030851244926453,0.8806110620498657,0.03325401619076729,0.7663021683692932,0.8397880792617798,0.29734092950820923,0.7710565328598022,0.8714675307273865,-0.06293186545372009
deadlift_300091.jpg,0.7682427167892456,0.12540163099765778,-0.08400990068912506,0.762942910194397,0.10485530644655228,-0.07190109044313431,0.7615004777908325,0.10387147963047028,-0.07198252528905869,0.7598134279251099,0.10306471586227417,-0.0720473900437355,0.7625014781951904,0.10518249124288559,-0.11234917491674423,0.7609328627586365,0.10455236583948135,-0.11242559552192688,0.7591244578361511,0.10402930527925491,-0.112547367811203,0.7417493462562561,0.10700719803571701,-0.007901052013039589,0.7432954907417297,0.10803412646055222,-0.1855294406414032,0.7607742547988892,0.14316532015800476,-0.055929433554410934,0.7593970894813538,0.14313626289367676,-0.10822447389364243,0.7122786641120911,0.20514090359210968,0.11494550108909607,0.723328709602356,0.21469618380069733,-0.2848588228225708,0.7123540043830872,0.3415512442588806,0.14062269032001495,0.7269755601882935,0.3696349561214447,-0.2730381190776825,0.7271804809570312,0.45125681161880493,0.08639014512300491,0.7533699870109558,0.474622905254364,-0.11373494565486908,0.7317607402801514,0.4820287823677063,0.06533659994602203,0.7572358846664429,0.5026593804359436,-0.12731488049030304,0.7328087687492371,0.4805428385734558,0.05560765787959099,0.7638368010520935,0.4971826672554016,-0.12095742672681808,0.7315480709075928,0.471082478761673,0.07183532416820526,0.7593064904212952,0.487287700176239,-0.10695446282625198,0.6821563839912415,0.45183151960372925,0.13574767112731934,0.7030878663063049,0.45687395334243774,-0.1360715925693512,0.7156856060028076,0.6552635431289673,0.20784033834934235,0.7255352139472961,0.6508760452270508,-0.021352343261241913,0.7209835052490234,0.8166350722312927,0.3370910882949829,0.719342827796936,0.8197210431098938,0.1278596669435501,0.7110944390296936,0.8451331257820129,0.34533530473709106,0.7053058743476868,0.8607866168022156,0.13822340965270996,0.7666379809379578,0.8502485752105713,0.2969925105571747,0.7685251832008362,0.8598937392234802,0.06568297743797302
deadlift_300101.jpg,0.7811362147331238,0.1450553685426712,-0.10114167630672455,0.7767826318740845,0.1239856407046318,-0.08886019885540009,0.7755762934684753,0.12287773191928864,-0.08893473446369171,0.7741754651069641,0.1217302605509758,-0.08884038776159286,0.7758801579475403,0.1242891401052475,-0.1372673213481903,0.7742020487785339,0.1236145868897438,-0.13734330236911774,0.772300124168396,0.12288091331720352,-0.13754859566688538,0.7574418187141418,0.12175683677196503,-0.0123209860175848,0.757350742816925,0.12333186715841293,-0.22068792581558228,0.774315595626831,0.1620195358991623,-0.059354640543460846,0.7726543545722961,0.16132600605487823,-0.12839722633361816,0.7223343253135681,0.21479520201683044,0.10479330271482468,0.7307612299919128,0.2257848083972931,-0.30854907631874084,0.7113076448440552,0.36353233456611633,0.1324615180492401,0.7286704778671265,0.38579386472702026,-0.31477412581443787,0.7234485149383545,0.46922653913497925,0.07769270986318588,0.7429491877555847,0.4981386065483093,-0.18685342371463776,0.7248383164405823,0.49671778082847595,0.06197267025709152,0.7393783330917358,0.5283347368240356,-0.21169991791248322,0.7299946546554565,0.4986349642276764,0.051262471824884415,0.7415247559547424,0.5287601351737976,-0.20778658986091614,0.7281790375709534,0.4870201647281647,0.0659048929810524,0.7426552176475525,0.5170883536338806,-0.18068107962608337,0.6935173869132996,0.463745653629303,0.13484692573547363,0.7140997648239136,0.4737270772457123,-0.1350139081478119,0.7179221510887146,0.6623814702033997,0.22850777208805084,0.7213008999824524,0.6689137816429138,-0.013445899821817875,0.7219398617744446,0.8152748346328735,0.3776971697807312,0.719394862651825,0.8440582156181335,0.1439519077539444,0.7116617560386658,0.8420426845550537,0.3874373733997345,0.7066290378570557,0.8793935179710388,0.15381883084774017,0.7668578624725342,0.8455842733383179,0.33329036831855774,0.7697206735610962,0.8707830905914307,0.06614141911268234
deadlift_300111.jpg,0.8085604906082153,0.16464972496032715,-0.10829002410173416,0.8064203262329102,0.1404728889465332,-0.09218444675207138,0.8054200410842896,0.13941162824630737,-0.09225890785455704,0.804220974445343,0.1383521556854248,-0.09203720837831497,0.8051632046699524,0.1427919566631317,-0.14157825708389282,0.8036462068557739,0.14332877099514008,-0.14162974059581757,0.8019425868988037,0.14366933703422546,-0.14181528985500336,0.7879791259765625,0.1401514858007431,-0.020605625584721565,0.786051869392395,0.14472079277038574,-0.21914076805114746,0.7993400692939758,0.1807868480682373,-0.06061180308461189,0.7974950671195984,0.17986001074314117,-0.1343502253293991,0.7407410740852356,0.23069702088832855,0.10045630484819412,0.7460679411888123,0.23984985053539276,-0.30720552802085876,0.7130282521247864,0.36795613169670105,0.1321394145488739,0.7301293015480042,0.39474716782569885,-0.3321220576763153,0.7202118635177612,0.48570945858955383,0.0781809613108635,0.7326644659042358,0.5139650702476501,-0.2649734616279602,0.7184110879898071,0.5243797898292542,0.07209444046020508,0.7193648219108582,0.5395532250404358,-0.2946169674396515,0.7241989970207214,0.5121138691902161,0.05036254972219467,0.7319319248199463,0.5377272963523865,-0.29512491822242737,0.7235383987426758,0.4885392189025879,0.06376084685325623,0.7334316968917847,0.5287796258926392,-0.2634083926677704,0.7048730254173279,0.4937562644481659,0.12830884754657745,0.7010603547096252,0.5017589926719666,-0.12841351330280304,0.739958643913269,0.6592788100242615,0.07557562738656998,0.7232047319412231,0.6696351170539856,-0.03620777651667595,0.7221085429191589,0.8035183548927307,0.12343602627515793,0.7185728549957275,0.8374791741371155,-0.040305037051439285,0.712256133556366,0.8499334454536438,0.12146390974521637,0.705565333366394,0.8759438395500183,-0.043358489871025085,0.7670080661773682,0.850054144859314,0.04781097173690796,0.767551600933075,0.8718002438545227,-0.1362345814704895
deadlift_300121.jpg,0.8225782513618469,0.2478066384792328,-0.10694217681884766,0.8206951022148132,0.22728665173053741,-0.0886576697230339,0.8195263743400574,0.22608943283557892,-0.0887463316321373,0.8181955218315125,0.22479237616062164,-0.08869168162345886,0.8198972940444946,0.2279389649629593,-0.13364239037036896,0.8183910846710205,0.22729644179344177,-0.1336803138256073,0.8167800307273865,0.22658517956733704,-0.1337791085243225,0.8009263277053833,0.2237754613161087,-0.009069054387509823,0.8002912998199463,0.22696614265441895,-0.20518413186073303,0.8135086297988892,0.26237475872039795,-0.06898336112499237,0.8122640252113342,0.26127350330352783,-0.13027946650981903,0.7481459975242615,0.29860806465148926,0.11455298960208893,0.7556873559951782,0.3140644133090973,-0.2923075258731842,0.7165497541427612,0.44624269008636475,0.1354638934135437,0.735501229763031,0.4617939293384552,-0.3245347738265991,0.720842182636261,0.5644850134849548,0.07381878793239594,0.7338227033615112,0.5761682391166687,-0.24876689910888672,0.7193750739097595,0.5931118130683899,0.07043120265007019,0.7251811623573303,0.6033802032470703,-0.27629709243774414,0.723258912563324,0.5922381281852722,0.04633786901831627,0.7339189648628235,0.6031986474990845,-0.27215394377708435,0.7232496738433838,0.5794503688812256,0.058781638741493225,0.7349364161491394,0.5917028784751892,-0.2454955130815506,0.7026157379150391,0.5265344977378845,0.1205686554312706,0.6966038346290588,0.5327188968658447,-0.12062350660562515,0.7400144338607788,0.6675928831100464,-0.0633949339389801,0.7288501858711243,0.6692821383476257,-0.232656329870224,0.7247371077537537,0.8319301009178162,-0.16014225780963898,0.7263996601104736,0.8395237326622009,-0.3034754693508148,0.7139113545417786,0.8500528931617737,-0.17621277272701263,0.710657000541687,0.8668724894523621,-0.3157847821712494,0.7652263641357422,0.8582754135131836,-0.2770760655403137,0.7667834758758545,0.8735290765762329,-0.4200124144554138
deadlift_300131.jpg,0.8305256962776184,0.3175760805606842,-0.006112140137702227,0.8291804194450378,0.2968507409095764,0.012560921721160412,0.8281294703483582,0.2957823574542999,0.012567228637635708,0.8268601298332214,0.2945636510848999,0.01261479128152132,0.8281822800636292,0.29652589559555054,-0.03296175226569176,0.8265159726142883,0.295379102230072,-0.03304896131157875,0.8246508240699768,0.29416316747665405,-0.03320302069187164,0.808571994304657,0.29270318150520325,0.08239377290010452,0.8076542615890503,0.292742520570755,-0.12173814326524734,0.8215953707695007,0.33323320746421814,0.02390332706272602,0.819653332233429,0.33202144503593445,-0.034970808774232864,0.7515345215797424,0.3645356595516205,0.175824835896492,0.7603915929794312,0.37085503339767456,-0.21376840770244598,0.7143288254737854,0.5096976161003113,0.18056456744670868,0.7400458455085754,0.5177602171897888,-0.23250626027584076,0.7187893986701965,0.6207715272903442,0.1086040660738945,0.7338590025901794,0.6313281059265137,-0.12946593761444092,0.716264009475708,0.6377576589584351,0.11362603306770325,0.7233520746231079,0.6557626724243164,-0.13716718554496765,0.7207620143890381,0.6385831832885742,0.0920620709657669,0.7299161553382874,0.6571903824806213,-0.12563659250736237,0.7212122082710266,0.6335950493812561,0.09530516713857651,0.7316568493843079,0.6460740566253662,-0.12051906436681747,0.709502637386322,0.6011098623275757,0.09657000005245209,0.7168845534324646,0.6000282168388367,-0.09682508558034897,0.7230961322784424,0.7403299808502197,0.057118844240903854,0.7159007787704468,0.7554548382759094,-0.07916589826345444,0.7251986861228943,0.7642064690589905,-0.10073868185281754,0.7243621349334717,0.7967193722724915,-0.2052372395992279,0.7182303667068481,0.7532262206077576,-0.12093149125576019,0.7103489637374878,0.7886635065078735,-0.21990635991096497,0.7518052458763123,0.7661517858505249,-0.170026496052742,0.7402957081794739,0.8217100501060486,-0.2647339403629303
deadlift_300141.jpg,0.834682047367096,0.3971943259239197,-0.03984611853957176,0.8329125642776489,0.37552860379219055,-0.028113774955272675,0.8317317962646484,0.3741927742958069,-0.028132740408182144,0.8303125500679016,0.3727315664291382,-0.028052423149347305,0.832331657409668,0.3756106495857239,-0.06752169877290726,0.8308390378952026,0.3744681179523468,-0.06762228906154633,0.8291364312171936,0.3732748329639435,-0.06775817275047302,0.813073456287384,0.36923858523368835,0.03055594675242901,0.8126932382583618,0.37019848823547363,-0.15136703848838806,0.826133668422699,0.4113836884498596,-0.015281228348612785,0.8245588541030884,0.4097560942173004,-0.06677712500095367,0.7559368014335632,0.43053364753723145,0.10817329585552216,0.7609122395515442,0.4383060932159424,-0.21559180319309235,0.7017558813095093,0.5035716891288757,0.1075870469212532,0.7290038466453552,0.5617398023605347,-0.22170135378837585,0.6937144994735718,0.5793210864067078,0.0411924347281456,0.7300952672958374,0.6860380172729492,-0.12424559146165848,0.6894956231117249,0.606363832950592,0.03998131304979324,0.7253685593605042,0.7185845375061035,-0.13398215174674988,0.6968649625778198,0.6065943241119385,0.022025981917977333,0.7324658036231995,0.7194061875343323,-0.1187749058008194,0.6995424628257751,0.5959349870681763,0.030594704672694206,0.7332305312156677,0.7067037224769592,-0.11304014176130295,0.7257654666900635,0.6329292058944702,0.08653081208467484,0.7329833507537842,0.6455987095832825,-0.08636321872472763,0.7069007158279419,0.7141616940498352,0.11198492348194122,0.6826404333114624,0.6913764476776123,-0.08900929242372513,0.7276087999343872,0.6386246681213379,0.22580257058143616,0.7231065630912781,0.6744852066040039,-0.04965320602059364,0.7306386232376099,0.6364606618881226,0.23580509424209595,0.7149971127510071,0.6743549108505249,-0.042202841490507126,0.7467463612556458,0.6052739024162292,0.26390472054481506,0.7445775270462036,0.6615211963653564,-0.028281046077609062
deadlift_3100001.jpg,,,,,,,,,,,,,,,,,,,,,,,,,,,,,,,,,,,,,,,,,,,,,,,,,,,,,,,,,,,,,,,,,,,,,,,,,,,,,,,,,,,,,,,,,,,,,,,,,,,
deadlift_3100011.jpg,,,,,,,,,,,,,,,,,,,,,,,,,,,,,,,,,,,,,,,,,,,,,,,,,,,,,,,,,,,,,,,,,,,,,,,,,,,,,,,,,,,,,,,,,,,,,,,,,,,
deadlift_3100021.jpg,,,,,,,,,,,,,,,,,,,,,,,,,,,,,,,,,,,,,,,,,,,,,,,,,,,,,,,,,,,,,,,,,,,,,,,,,,,,,,,,,,,,,,,,,,,,,,,,,,,
deadlift_3100031.jpg,,,,,,,,,,,,,,,,,,,,,,,,,,,,,,,,,,,,,,,,,,,,,,,,,,,,,,,,,,,,,,,,,,,,,,,,,,,,,,,,,,,,,,,,,,,,,,,,,,,
deadlift_3100041.jpg,0.3661942481994629,-0.008922725915908813,-0.28568699955940247,0.36932748556137085,-0.03211238980293274,-0.3204047381877899,0.37062177062034607,-0.02970615029335022,-0.32045310735702515,0.3716699481010437,-0.027925433591008186,-0.3205314874649048,0.3691571056842804,-0.033575981855392456,-0.2618218660354614,0.37043607234954834,-0.03295290470123291,-0.261822372674942,0.37150877714157104,-0.032530397176742554,-0.2620180547237396,0.39335596561431885,-0.014036834239959717,-0.40701019763946533,0.3913971781730652,-0.020129770040512085,-0.14691036939620972,0.3800416588783264,0.014401435852050781,-0.3130180537700653,0.3789198696613312,0.01461890246719122,-0.23696793615818024,0.45129406452178955,0.0731516182422638,-0.5289790034294128,0.46017080545425415,0.0664527416229248,0.06774146854877472,0.47219836711883545,0.29607436060905457,-0.568036675453186,0.49023598432540894,0.24780473113059998,0.14489857852458954,0.4537639319896698,0.4761776328086853,-0.5105737447738647,0.4728317856788635,0.4241580069065094,0.06003965809941292,0.44716453552246094,0.5225142240524292,-0.5763669610023499,0.47396087646484375,0.44942858815193176,0.07428945600986481,0.44304323196411133,0.5251038670539856,-0.5574032068252563,0.4850131869316101,0.443573921918869,0.018181433901190758,0.44357413053512573,0.5088551044464111,-0.5007355809211731,0.48732489347457886,0.4325806796550751,0.035750728100538254,0.5770887732505798,0.3503977954387665,-0.18272815644741058,0.5518791079521179,0.3298598825931549,0.1828971952199936,0.5029917359352112,0.5873245596885681,-0.17500562965869904,0.44470733404159546,0.48515257239341736,0.44949159026145935,0.47980445623397827,0.8229584693908691,-0.0584527812898159,0.45473983883857727,0.6839247345924377,0.7636905312538147,0.49416083097457886,0.8637657165527344,-0.05508516728878021,0.4661635160446167,0.7184709310531616,0.7920824885368347,0.4205928444862366,0.8584120273590088,-0.19406713545322418,0.3866562247276306,0.721200704574585,0.7688082456588745
deadlift_3100051.jpg,0.34235891699790955,0.20293061435222626,-0.22796531021595,0.33942487835884094,0.18217428028583527,-0.2560100555419922,0.34157219529151917,0.1787836104631424,-0.25602197647094727,0.3442379832267761,0.17509593069553375,-0.25607791543006897,0.3385699987411499,0.18375340104103088,-0.20613150298595428,0.339819997549057,0.18174678087234497,-0.20609518885612488,0.3413091003894806,0.1795322597026825,-0.2061200886964798,0.36979982256889343,0.15380102396011353,-0.33586329221725464,0.36396360397338867,0.15660050511360168,-0.11523061245679855,0.3631238639354706,0.2092575877904892,-0.25564730167388916,0.36016935110092163,0.21032468974590302,-0.1914990395307541,0.4438135325908661,0.2303580343723297,-0.46449121832847595,0.44347116351127625,0.20785628259181976,0.06787561625242233,0.46821269392967224,0.4240742623806,-0.4856591820716858,0.46479901671409607,0.36779043078422546,0.1275930404663086,0.4551795423030853,0.6129061579704285,-0.366604745388031,0.4651433825492859,0.5309499502182007,0.057165954262018204,0.4547339975833893,0.6571101546287537,-0.4082609713077545,0.46137818694114685,0.5711785554885864,0.07024584710597992,0.44622811675071716,0.6657342910766602,-0.3970896899700165,0.4587295949459076,0.5799766778945923,0.018251091241836548,0.4463583827018738,0.647398829460144,-0.3590911030769348,0.4638691246509552,0.5651319622993469,0.034140124917030334,0.575763463973999,0.4249386787414551,-0.15778915584087372,0.5575036406517029,0.412503182888031,0.1579124480485916,0.42335495352745056,0.5193194150924683,-0.1624223291873932,0.40533214807510376,0.4675356447696686,0.27406617999076843,0.4684046804904938,0.7268069982528687,0.07849224656820297,0.4645750820636749,0.6698040962219238,0.4086073338985443,0.49348926544189453,0.7506195306777954,0.10260260105133057,0.48884904384613037,0.6968203186988831,0.4190913736820221,0.4226240813732147,0.7934883236885071,0.11709782481193542,0.408443808555603,0.7387842535972595,0.43228769302368164
deadlift_3100061.jpg,0.3384847342967987,0.18053977191448212,-0.22120942175388336,0.33466485142707825,0.15897305309772491,-0.24853560328483582,0.3366642892360687,0.1552564948797226,-0.248542919754982,0.3389267921447754,0.15121112763881683,-0.24858064949512482,0.33353427052497864,0.16050124168395996,-0.1984984427690506,0.3345522880554199,0.15795573592185974,-0.19845254719257355,0.335771769285202,0.15494883060455322,-0.19846653938293457,0.35996943712234497,0.1326354295015335,-0.3238218128681183,0.356801301240921,0.13320153951644897,-0.10277305543422699,0.3593718409538269,0.1865311712026596,-0.2478218525648117,0.35736164450645447,0.18879754841327667,-0.1832982897758484,0.4351426362991333,0.21157771348953247,-0.46652910113334656,0.44340580701828003,0.1892884075641632,0.09122927486896515,0.4636458158493042,0.4056280255317688,-0.5058314800262451,0.4697417616844177,0.34832441806793213,0.14626376330852509,0.455324649810791,0.5958190560340881,-0.4116915762424469,0.46780821681022644,0.5319890975952148,0.08337457478046417,0.45593878626823425,0.6466178894042969,-0.465128630399704,0.46566474437713623,0.5542980432510376,0.09806465357542038,0.4465077519416809,0.6511958837509155,-0.44765716791152954,0.46448054909706116,0.577323853969574,0.04593105614185333,0.44632819294929504,0.6336100697517395,-0.40228956937789917,0.46825340390205383,0.5587096214294434,0.05971190705895424,0.5745025277137756,0.4117368161678314,-0.16272668540477753,0.562756359577179,0.3982115387916565,0.16281408071517944,0.42954638600349426,0.5163857340812683,-0.21843025088310242,0.415997713804245,0.44712841510772705,0.2656019330024719,0.46293511986732483,0.6963667869567871,0.049486566334962845,0.45650118589401245,0.6460413932800293,0.3961421549320221,0.4907027781009674,0.714703381061554,0.07584225386381149,0.4877566695213318,0.6740275621414185,0.4052109718322754,0.4049707055091858,0.7654954791069031,0.07655341923236847,0.39677438139915466,0.7326803207397461,0.39848989248275757
deadlift_3100071.jpg,,,,,,,,,,,,,,,,,,,,,,,,,,,,,,,,,,,,,,,,,,,,,,,,,,,,,,,,,,,,,,,,,,,,,,,,,,,,,,,,,,,,,,,,,,,,,,,,,,,
deadlift_3100081.jpg,,,,,,,,,,,,,,,,,,,,,,,,,,,,,,,,,,,,,,,,,,,,,,,,,,,,,,,,,,,,,,,,,,,,,,,,,,,,,,,,,,,,,,,,,,,,,,,,,,,
deadlift_3100091.jpg,,,,,,,,,,,,,,,,,,,,,,,,,,,,,,,,,,,,,,,,,,,,,,,,,,,,,,,,,,,,,,,,,,,,,,,,,,,,,,,,,,,,,,,,,,,,,,,,,,,
deadlift_3100101.jpg,0.3804529309272766,0.012573063373565674,-0.25155356526374817,0.38331931829452515,-0.00745353102684021,-0.283233106136322,0.3859047293663025,-0.009029686450958252,-0.2833206057548523,0.38848888874053955,-0.01050180196762085,-0.28344103693962097,0.38208597898483276,-0.00755763053894043,-0.23473413288593292,0.3830747604370117,-0.008266657590866089,-0.23474231362342834,0.38409435749053955,-0.008984118700027466,-0.234976664185524,0.40690067410469055,-0.012340755201876163,-0.3645380735397339,0.40523773431777954,-0.011374175548553467,-0.1498289853334427,0.3938062787055969,0.018448710441589355,-0.27599963545799255,0.39197319746017456,0.01835128664970398,-0.21327973902225494,0.46196284890174866,0.06047338247299194,-0.48268401622772217,0.4625892639160156,0.057208504527807236,0.045888885855674744,0.48268410563468933,0.271686851978302,-0.5024523735046387,0.49406901001930237,0.24169744551181793,0.12887805700302124,0.4653675854206085,0.4523392617702484,-0.43044331669807434,0.503960371017456,0.39056921005249023,0.07561927288770676,0.4617846608161926,0.497531920671463,-0.48491209745407104,0.4761028289794922,0.4408629238605499,0.08990595489740372,0.458188533782959,0.49895450472831726,-0.4700942933559418,0.47990038990974426,0.4450816810131073,0.04195421561598778,0.4593621492385864,0.4831019639968872,-0.42101746797561646,0.5058320164680481,0.41487938165664673,0.05543080344796181,0.586662232875824,0.3306021988391876,-0.15522949397563934,0.5604371428489685,0.31083518266677856,0.15536080300807953,0.5163957476615906,0.5426337122917175,-0.07424862682819366,0.48473870754241943,0.4876518249511719,0.34884729981422424,0.5001011490821838,0.7656078934669495,0.09922115504741669,0.4757809638977051,0.6447334885597229,0.6229162812232971,0.5224437117576599,0.8121001124382019,0.11070451140403748,0.48848283290863037,0.6767582893371582,0.648480236530304,0.42526769638061523,0.7872588038444519,0.01936265267431736,0.4083210825920105,0.6777437925338745,0.6308332681655884
deadlift_3100111.jpg,0.3638212978839874,0.20415672659873962,-0.18174487352371216,0.3595665395259857,0.1813909262418747,-0.21134518086910248,0.36171868443489075,0.17808516323566437,-0.2113465964794159,0.3642251193523407,0.17448851466178894,-0.211381733417511,0.3584347069263458,0.1827685683965683,-0.1597178876399994,0.35942861437797546,0.18061165511608124,-0.15967874228954315,0.3605577349662781,0.17828063666820526,-0.1597125083208084,0.38628527522087097,0.15322647988796234,-0.29407840967178345,0.38113006949424744,0.15527161955833435,-0.06447397917509079,0.38217827677726746,0.20986858010292053,-0.2106637954711914,0.37999603152275085,0.21095798909664154,-0.14395394921302795,0.45928123593330383,0.2373068928718567,-0.4398895502090454,0.457353413105011,0.2164117991924286,0.11932075023651123,0.47542667388916016,0.43113571405410767,-0.4695359468460083,0.4777205288410187,0.3799210488796234,0.15973234176635742,0.4653710424900055,0.6053244471549988,-0.3425869941711426,0.478386789560318,0.52327561378479,0.0823255255818367,0.46178942918777466,0.6489344239234924,-0.38678163290023804,0.47185227274894714,0.5585276484489441,0.09491079300642014,0.4558897912502289,0.6532999873161316,-0.37266823649406433,0.47042757272720337,0.5650516152381897,0.04859469085931778,0.45765194296836853,0.636462926864624,-0.33457812666893005,0.4760107696056366,0.5523461103439331,0.0603569820523262,0.58847975730896,0.44455772638320923,-0.15956419706344604,0.57499098777771,0.43076837062835693,0.15964600443840027,0.4385852813720703,0.5129365921020508,-0.19949917495250702,0.43029019236564636,0.43631711602211,0.2690321207046509,0.47475674748420715,0.6946477293968201,0.07203207910060883,0.4688071608543396,0.6436511278152466,0.37091800570487976,0.5012099146842957,0.7107263803482056,0.09907948970794678,0.4889008104801178,0.6736910343170166,0.37678274512290955,0.42526975274086,0.7747166752815247,0.11373698711395264,0.42046234011650085,0.7246692180633545,0.3802582919597626
deadlift_3100121.jpg,0.3597615659236908,0.18375709652900696,-0.19822119176387787,0.3560747504234314,0.16286218166351318,-0.22601644694805145,0.3579784631729126,0.1601194143295288,-0.22602780163288116,0.3601286709308624,0.1570153385400772,-0.22607821226119995,0.3552394211292267,0.16355213522911072,-0.17709589004516602,0.3563220202922821,0.16157661378383636,-0.17708450555801392,0.35753682255744934,0.15923835337162018,-0.1771189272403717,0.38194018602371216,0.14142650365829468,-0.29500120878219604,0.3776535391807556,0.14301253855228424,-0.07926888018846512,0.3775380849838257,0.1922430694103241,-0.22154776751995087,0.37592700123786926,0.19345684349536896,-0.15842771530151367,0.4564231336116791,0.2322573959827423,-0.4333116412162781,0.4539165794849396,0.2092886120080948,0.12099401652812958,0.4704248607158661,0.423793762922287,-0.4764966070652008,0.46433505415916443,0.3533274233341217,0.19917409121990204,0.46248823404312134,0.609987199306488,-0.3668326139450073,0.4571091830730438,0.4737856984138489,0.15545472502708435,0.4610288739204407,0.657046914100647,-0.39218661189079285,0.4595237970352173,0.5158507227897644,0.17528298497200012,0.45345497131347656,0.6609315872192383,-0.3980763256549835,0.4539806544780731,0.5191985368728638,0.12497694790363312,0.4542728066444397,0.6438553929328918,-0.35822880268096924,0.4544121325016022,0.49781692028045654,0.13362127542495728,0.5887253880500793,0.43124061822891235,-0.15937994420528412,0.576252281665802,0.41473495960235596,0.15946824848651886,0.4253627061843872,0.5157590508460999,-0.20338839292526245,0.44100844860076904,0.4499804973602295,0.2584424912929535,0.46592479944229126,0.7007948756217957,0.043226953595876694,0.46726730465888977,0.6528770327568054,0.36224162578582764,0.4932762384414673,0.7205589413642883,0.06863323599100113,0.48876655101776123,0.6836193799972534,0.36955612897872925,0.40937724709510803,0.7724067568778992,0.0812685638666153,0.41043955087661743,0.7315981388092041,0.36536678671836853
deadlift_3100131.jpg,,,,,,,,,,,,,,,,,,,,,,,,,,,,,,,,,,,,,,,,,,,,,,,,,,,,,,,,,,,,,,,,,,,,,,,,,,,,,,,,,,,,,,,,,,,,,,,,,,,
deadlift_3100141.jpg,,,,,,,,,,,,,,,,,,,,,,,,,,,,,,,,,,,,,,,,,,,,,,,,,,,,,,,,,,,,,,,,,,,,,,,,,,,,,,,,,,,,,,,,,,,,,,,,,,,
deadlift_3200001.jpg,0.40795618295669556,0.3431493937969208,-0.5478692650794983,0.4052935242652893,0.32311761379241943,-0.5621585249900818,0.40738123655319214,0.3204352855682373,-0.5621139407157898,0.40958893299102783,0.3175845444202423,-0.5621758699417114,0.4019174575805664,0.32650506496429443,-0.5301790833473206,0.4015519320964813,0.3259741961956024,-0.5303843021392822,0.40120574831962585,0.3251258134841919,-0.5304554104804993,0.4235641360282898,0.3075420558452606,-0.5431113839149475,0.4122588336467743,0.3134568929672241,-0.398695170879364,0.4231570363044739,0.34603261947631836,-0.5342888236045837,0.4187468886375427,0.3508787751197815,-0.4921592175960541,0.4844528138637543,0.3351072669029236,-0.5440614223480225,0.4360203146934509,0.37038248777389526,-0.18306125700473785,0.5204578638076782,0.4864969551563263,-0.5914523601531982,0.43880289793014526,0.46027424931526184,-0.07380230724811554,0.5267820954322815,0.6162745952606201,-0.6277800798416138,0.44469520449638367,0.5942563414573669,-0.14995519816875458,0.5267788171768188,0.6513584852218628,-0.6931472420692444,0.43613359332084656,0.6202535629272461,-0.15791037678718567,0.5172929763793945,0.6537742018699646,-0.6948794722557068,0.44662851095199585,0.6325249671936035,-0.21131594479084015,0.51520836353302,0.6438673734664917,-0.6329219937324524,0.4467911124229431,0.6150460839271545,-0.173029825091362,0.5932140946388245,0.4185643792152405,-0.11204070597887039,0.550980269908905,0.429704487323761,0.11218014359474182,0.49540412425994873,0.540098249912262,-0.2700461149215698,0.4703657925128937,0.53242427110672,-0.022197600454092026,0.5103657841682434,0.7065836191177368,-0.1694774031639099,0.48695892095565796,0.7013752460479736,0.059255924075841904,0.5235280394554138,0.7278257012367249,-0.1656980663537979,0.5037682056427002,0.731361448764801,0.06183817610144615,0.46430352330207825,0.7464638352394104,-0.2715548872947693,0.44318512082099915,0.7531738877296448,-0.02035708911716938
deadlift_3200011.jpg,0.4121223986148834,0.25171852111816406,-0.6247246265411377,0.4163054823875427,0.23271842300891876,-0.6197532415390015,0.42061853408813477,0.2304432988166809,-0.6197283267974854,0.4251394271850586,0.2283673882484436,-0.6197875142097473,0.4094817340373993,0.23602406680583954,-0.5956987738609314,0.40805670619010925,0.2363271862268448,-0.5959205031394958,0.4065327048301697,0.23656579852104187,-0.5959452390670776,0.4425868093967438,0.22868476808071136,-0.5424005389213562,0.4201144278049469,0.23482248187065125,-0.4299301207065582,0.424756795167923,0.26480188965797424,-0.591050386428833,0.4187401831150055,0.26717454195022583,-0.5600869059562683,0.49549657106399536,0.31261858344078064,-0.5247496962547302,0.43671542406082153,0.3340722322463989,-0.2007531076669693,0.5261102318763733,0.4710870385169983,-0.5420830845832825,0.44640207290649414,0.44992774724960327,-0.10395397990942001,0.5269218683242798,0.6114417910575867,-0.5931815505027771,0.4478051960468292,0.5774084329605103,-0.14697177708148956,0.5270597338676453,0.6421537399291992,-0.6560330986976624,0.44255006313323975,0.599653959274292,-0.14994236826896667,0.5169913172721863,0.6469671726226807,-0.6577728390693665,0.44676753878593445,0.603299081325531,-0.19867640733718872,0.5152113437652588,0.6344314813613892,-0.5981683731079102,0.4475422203540802,0.5937842726707458,-0.16669394075870514,0.5954092144966125,0.4184664487838745,-0.10888871550559998,0.5540319085121155,0.42429080605506897,0.10893228650093079,0.4855363667011261,0.5339247584342957,-0.2512085735797882,0.46650123596191406,0.5323559045791626,0.004255009815096855,0.510246992111206,0.702116847038269,-0.1516103595495224,0.48644545674324036,0.6901592016220093,0.07017061859369278,0.5235202312469482,0.7117889523506165,-0.14357836544513702,0.5018967986106873,0.7142847776412964,0.07312926650047302,0.46441760659217834,0.7417910099029541,-0.21551378071308136,0.4459373354911804,0.7435142397880554,0.009265845641493797
deadlift_3200021.jpg,0.41461125016212463,0.2489960789680481,-0.6220237016677856,0.42083197832107544,0.22984282672405243,-0.6195634603500366,0.4250355660915375,0.2278858870267868,-0.6195074319839478,0.42954444885253906,0.2258843332529068,-0.6195443272590637,0.41317060589790344,0.23204192519187927,-0.5976392030715942,0.41172313690185547,0.23193320631980896,-0.5978782176971436,0.410220742225647,0.23173128068447113,-0.5979320406913757,0.44695910811424255,0.22600626945495605,-0.5431024432182312,0.4241870641708374,0.23081018030643463,-0.44877907633781433,0.42733651399612427,0.26077941060066223,-0.5904962420463562,0.4192040264606476,0.2623116075992584,-0.5625706315040588,0.5010993480682373,0.3061049282550812,-0.5191863775253296,0.44026097655296326,0.32429978251457214,-0.22869446873664856,0.5305419564247131,0.46047207713127136,-0.5170877575874329,0.45813360810279846,0.4469422698020935,-0.14431627094745636,0.5326251983642578,0.6023144125938416,-0.5505375266075134,0.4607572555541992,0.579767107963562,-0.18230219185352325,0.5337844491004944,0.6308622360229492,-0.6053399443626404,0.46058517694473267,0.6066499948501587,-0.18374837934970856,0.5230358839035034,0.6378730535507202,-0.6039932370185852,0.4574325978755951,0.6063835620880127,-0.2305508404970169,0.521480917930603,0.6246931552886963,-0.5531037449836731,0.46346595883369446,0.6003198623657227,-0.2002752721309662,0.5955770611763,0.412593811750412,-0.09868673980236053,0.5542929768562317,0.41460809111595154,0.09867684543132782,0.4867798388004303,0.5316188335418701,-0.19904550909996033,0.47180044651031494,0.5275739431381226,0.02821318618953228,0.5105288028717041,0.7017831802368164,-0.08334393799304962,0.4875698983669281,0.6871897578239441,0.11748629063367844,0.5220308303833008,0.7139226198196411,-0.07352788746356964,0.5019999742507935,0.7094131708145142,0.12315408885478973,0.47423556447029114,0.7423988580703735,-0.12839080393314362,0.4525673985481262,0.7421800494194031,0.0749325305223465
deadlift_3200031.jpg,0.4165849983692169,0.2268085479736328,-0.6545823216438293,0.42167171835899353,0.2073753923177719,-0.6530206203460693,0.4250022768974304,0.2052495777606964,-0.6530031561851501,0.4286803603172302,0.20310425758361816,-0.6530959010124207,0.415802538394928,0.20950768887996674,-0.630037248134613,0.4148505628108978,0.20905503630638123,-0.630264937877655,0.41389742493629456,0.20849931240081787,-0.6303390264511108,0.4452020823955536,0.20254206657409668,-0.5824718475341797,0.4274681508541107,0.20888829231262207,-0.48283353447914124,0.4284861385822296,0.23917756974697113,-0.6253984570503235,0.42158544063568115,0.2410135120153427,-0.5957284569740295,0.5041570663452148,0.28640303015708923,-0.5617779493331909,0.4459402859210968,0.3040609061717987,-0.2677080035209656,0.5298874974250793,0.4415483772754669,-0.5881099104881287,0.4611753523349762,0.4339819550514221,-0.2012915164232254,0.5356190204620361,0.5786085724830627,-0.6251741647720337,0.4598824381828308,0.5693162083625793,-0.24905911087989807,0.5381296873092651,0.6117085814476013,-0.6843868494033813,0.4551244080066681,0.5942279100418091,-0.25555628538131714,0.5265292525291443,0.6182958483695984,-0.6812551617622375,0.456386536359787,0.6055806875228882,-0.3040860593318939,0.5243547558784485,0.606386125087738,-0.6269474625587463,0.463086873292923,0.594399631023407,-0.2691206932067871,0.5955318808555603,0.3957406282424927,-0.09562154114246368,0.5541954040527344,0.3970121145248413,0.09573113918304443,0.4942801892757416,0.527821958065033,-0.21928294003009796,0.4788299798965454,0.525590181350708,0.013238659128546715,0.5127551555633545,0.7057264447212219,-0.09301044046878815,0.49235910177230835,0.6843989491462708,0.12213025987148285,0.5227038860321045,0.7186527848243713,-0.08395850658416748,0.5039109587669373,0.7124952673912048,0.12892714142799377,0.47526729106903076,0.7452659010887146,-0.15998606383800507,0.462166428565979,0.7427390217781067,0.0655628964304924
deadlift_3200041.jpg,0.4220820963382721,0.1820468306541443,-0.499596506357193,0.42684024572372437,0.16308251023292542,-0.505730926990509,0.42979905009269714,0.16192825138568878,-0.5057042837142944,0.4331548810005188,0.16056235134601593,-0.5057473182678223,0.4222261607646942,0.1640324592590332,-0.48008912801742554,0.421758770942688,0.16367925703525543,-0.48026636242866516,0.42130205035209656,0.16314876079559326,-0.48032429814338684,0.4488826096057892,0.16230618953704834,-0.4742518961429596,0.4347997307777405,0.165948286652565,-0.3618685007095337,0.43209248781204224,0.19625049829483032,-0.48406246304512024,0.4270229637622833,0.1980651170015335,-0.45090818405151367,0.5066707730293274,0.25065135955810547,-0.4839300513267517,0.45744797587394714,0.27621105313301086,-0.1835484504699707,0.5296424031257629,0.4027508497238159,-0.5104053020477295,0.47106456756591797,0.41329526901245117,-0.17481277883052826,0.5356788039207458,0.5338373780250549,-0.5353962182998657,0.473431795835495,0.5459455847740173,-0.17635731399059296,0.5374371409416199,0.5709748864173889,-0.5868335366249084,0.46712252497673035,0.5763511061668396,-0.1750418245792389,0.5262458920478821,0.5736789107322693,-0.5807946920394897,0.46679916977882385,0.5814768671989441,-0.2186553180217743,0.5240188241004944,0.5643028616905212,-0.5348345041275024,0.4742935299873352,0.570986270904541,-0.19499868154525757,0.5988212823867798,0.38194796442985535,-0.09779439866542816,0.5580871105194092,0.38417693972587585,0.0979071706533432,0.5194257497787476,0.5279405117034912,-0.23065684735774994,0.4917537569999695,0.5232058167457581,0.009627635590732098,0.5268427133560181,0.7072622776031494,-0.1715729534626007,0.5073740482330322,0.7028303146362305,0.07159300148487091,0.5469875931739807,0.7360518574714661,-0.16909272968769073,0.52009117603302,0.7286650538444519,0.07461603730916977,0.4795646369457245,0.7552552223205566,-0.2604738473892212,0.4676365256309509,0.7527279257774353,0.013843677006661892
deadlift_3200051.jpg,0.42490503191947937,0.12060613930225372,-0.5058948993682861,0.43105348944664,0.10551083087921143,-0.5138749480247498,0.4338604807853699,0.10469835996627808,-0.51389080286026,0.4372025430202484,0.1041359081864357,-0.5139645934104919,0.4265429377555847,0.10631297528743744,-0.4836427867412567,0.4261692762374878,0.10612354427576065,-0.48378992080688477,0.4258963465690613,0.10594865679740906,-0.4838704764842987,0.45398181676864624,0.1097809225320816,-0.4905363917350769,0.4407011568546295,0.11089836806058884,-0.3577021360397339,0.43408578634262085,0.13624364137649536,-0.49418002367019653,0.428966224193573,0.1368524134159088,-0.4548136591911316,0.5109630823135376,0.20399117469787598,-0.5066320896148682,0.46257275342941284,0.23228342831134796,-0.1647913157939911,0.5303055047988892,0.36357879638671875,-0.5356664657592773,0.4720400273799896,0.3707711100578308,-0.13298504054546356,0.5360718965530396,0.49252814054489136,-0.5443506240844727,0.4708220362663269,0.5194941759109497,-0.17523914575576782,0.5366458296775818,0.5274750590324402,-0.6010042428970337,0.4654543697834015,0.547572672367096,-0.1722433716058731,0.5255351662635803,0.5328600406646729,-0.6180239915847778,0.46478796005249023,0.550673246383667,-0.21953432261943817,0.5235200524330139,0.5256094336509705,-0.5630461573600769,0.4701908528804779,0.540168046951294,-0.19467289745807648,0.5989596247673035,0.35042306780815125,-0.1077612116932869,0.5580565333366394,0.3659929037094116,0.10795784741640091,0.528433620929718,0.5276729464530945,-0.2210567593574524,0.503072202205658,0.5242586731910706,0.05472925677895546,0.5306354761123657,0.7135607600212097,-0.17025421559810638,0.5107595324516296,0.7132202982902527,0.15320642292499542,0.5512450933456421,0.7480468153953552,-0.15968607366085052,0.5256866216659546,0.7430860996246338,0.15851618349552155,0.47774919867515564,0.7584192752838135,-0.2564451992511749,0.4645090103149414,0.7571567893028259,0.08743234723806381
deadlift_3200061.jpg,0.4348194897174835,0.0656110942363739,-0.3715882897377014,0.4414011538028717,0.05026852339506149,-0.3727516829967499,0.44466298818588257,0.0495670884847641,-0.3727985620498657,0.44822752475738525,0.04879292473196983,-0.37285059690475464,0.4364650845527649,0.05101983994245529,-0.3456782102584839,0.43590977787971497,0.0510052889585495,-0.34578412771224976,0.4355001151561737,0.05113121122121811,-0.34583616256713867,0.46453842520713806,0.0546063594520092,-0.33561810851097107,0.4484562575817108,0.058949634432792664,-0.21809889376163483,0.44426169991493225,0.08142892271280289,-0.3570610284805298,0.4379078447818756,0.08219970762729645,-0.3222934305667877,0.516245424747467,0.15465976297855377,-0.3855714797973633,0.4681943953037262,0.18775683641433716,-0.04013000428676605,0.5325199961662292,0.31947192549705505,-0.398082435131073,0.47932130098342896,0.3257644772529602,0.01662570983171463,0.5356466770172119,0.45113763213157654,-0.4002136290073395,0.4725474417209625,0.47212448716163635,-0.05852452665567398,0.5361415147781372,0.479737251996994,-0.44676047563552856,0.46919623017311096,0.5021693110466003,-0.059818487614393234,0.5250665545463562,0.47964826226234436,-0.4412412941455841,0.46657922863960266,0.502878725528717,-0.1061420738697052,0.5231676697731018,0.4722159206867218,-0.39811885356903076,0.4704201817512512,0.4917624890804291,-0.07993847876787186,0.6067703366279602,0.3377029299736023,-0.10953045636415482,0.5623334050178528,0.35689282417297363,0.10965844243764877,0.539199709892273,0.5240002274513245,-0.19444894790649414,0.5037598609924316,0.5230317711830139,0.05096638947725296,0.537317156791687,0.7171040773391724,-0.1503385454416275,0.5127553343772888,0.7164982557296753,0.135300874710083,0.5591183304786682,0.7547505497932434,-0.14875803887844086,0.5279598832130432,0.7457001805305481,0.13905838131904602,0.4766659736633301,0.7610889673233032,-0.2529040277004242,0.4626559913158417,0.7621184587478638,0.0754309818148613
deadlift_3200071.jpg,0.46371719241142273,0.02683122083544731,-0.21672387421131134,0.4744594693183899,0.016684288159012794,-0.2278977483510971,0.4779053032398224,0.017213424667716026,-0.22791872918605804,0.4814908802509308,0.01781492866575718,-0.22790983319282532,0.47019097208976746,0.016005713492631912,-0.19379717111587524,0.47025248408317566,0.015971191227436066,-0.19385333359241486,0.470485121011734,0.01607060618698597,-0.1938663125038147,0.49414387345314026,0.029726210981607437,-0.2360762059688568,0.4834146201610565,0.029588017612695694,-0.08903593569993973,0.46898171305656433,0.04506903141736984,-0.21930693089962006,0.4636692702770233,0.045524533838033676,-0.17591121792793274,0.5244181156158447,0.14099399745464325,-0.32141560316085815,0.4870017468929291,0.15988293290138245,0.07021238654851913,0.5332934856414795,0.3048330843448639,-0.3504120111465454,0.4923309087753296,0.3061217963695526,0.11291960626840591,0.5185948610305786,0.43436676263809204,-0.3644986152648926,0.4699612557888031,0.44218161702156067,0.06579538434743881,0.5151482820510864,0.4672151207923889,-0.40966907143592834,0.470171719789505,0.46117955446243286,0.07351653277873993,0.5048463940620422,0.4688730537891388,-0.39349618554115295,0.46551671624183655,0.46356695890426636,0.03298583999276161,0.5061483979225159,0.45615676045417786,-0.3578604459762573,0.4688355624675751,0.4531221091747284,0.04739849269390106,0.6068956851959229,0.33424532413482666,-0.12699615955352783,0.569223165512085,0.3477221131324768,0.12705710530281067,0.5286819338798523,0.5028398633003235,-0.2582283616065979,0.4975094795227051,0.5081230401992798,0.009302714839577675,0.5356737971305847,0.7183107733726501,-0.2446284145116806,0.5156218409538269,0.715324342250824,0.04321875795722008,0.5569062829017639,0.7543824315071106,-0.24372105300426483,0.5312667489051819,0.7462978959083557,0.04451986402273178,0.4763023555278778,0.7644368410110474,-0.3281542658805847,0.4675849974155426,0.7619851231575012,-0.009553899057209492
deadlift_3200081.jpg,0.4704863131046295,-0.0032269121147692204,-0.3019721806049347,0.47981271147727966,-0.014972196891903877,-0.3177977204322815,0.4825870394706726,-0.01456834189593792,-0.31785881519317627,0.4853099286556244,-0.013777070678770542,-0.3179265558719635,0.4753657281398773,-0.013565904460847378,-0.28154879808425903,0.4750237464904785,-0.012388445436954498,-0.2815936803817749,0.47472041845321655,-0.011065446771681309,-0.2816586494445801,0.4945549964904785,-0.00012669428542722017,-0.3350438177585602,0.48441413044929504,0.0015463605523109436,-0.17669688165187836,0.47576621174812317,0.013759597204625607,-0.3065102696418762,0.4709673821926117,0.015483657829463482,-0.2597675025463104,0.5232145190238953,0.09459814429283142,-0.40276041626930237,0.4923781454563141,0.11600787937641144,-0.009403045289218426,0.5336228609085083,0.2512369155883789,-0.432567298412323,0.49783599376678467,0.2595006823539734,0.05177154019474983,0.5147416591644287,0.4023885130882263,-0.4398151636123657,0.4751902222633362,0.40759798884391785,-0.007091510109603405,0.5138487219810486,0.4337192475795746,-0.4916225075721741,0.46960580348968506,0.4323621392250061,-0.004772647749632597,0.5001992583274841,0.4326663911342621,-0.482748806476593,0.465215802192688,0.4388274848461151,-0.0543348453938961,0.5010221004486084,0.4229801595211029,-0.4360092580318451,0.47343766689300537,0.42465901374816895,-0.029360618442296982,0.5860064029693604,0.3138640820980072,-0.1252843737602234,0.558664858341217,0.3287629187107086,0.125406414270401,0.5335832834243774,0.5055612921714783,-0.20691771805286407,0.5021999478340149,0.49425193667411804,0.02647053264081478,0.5325677990913391,0.720189094543457,-0.1580071747303009,0.5198967456817627,0.7138906121253967,0.12189570814371109,0.5517405867576599,0.7564613223075867,-0.15781718492507935,0.5344827771186829,0.7436177730560303,0.12763220071792603,0.4737836718559265,0.7642215490341187,-0.27496084570884705,0.46847063302993774,0.7614519596099854,0.05049757659435272
deadlift_3200091.jpg,0.5005096793174744,-0.013878321275115013,-0.013416060246527195,0.5097847580909729,-0.024184415116906166,-0.02446591481566429,0.5123988389968872,-0.024045195430517197,-0.024616321548819542,0.514818549156189,-0.023278122767806053,-0.024645892903208733,0.5048673152923584,-0.022629864513874054,0.007735476363450289,0.5045048594474792,-0.02191437967121601,0.007736519444733858,0.5042030215263367,-0.02089955471456051,0.00757331820204854,0.5218777656555176,-0.011292259208858013,-0.0486859530210495,0.5123523473739624,-0.009950602427124977,0.09243245422840118,0.505899965763092,0.0013194381026551127,-0.022398648783564568,0.5002226233482361,0.002031137701123953,0.019119899719953537,0.5351468920707703,0.052237726747989655,-0.16244655847549438,0.5077492594718933,0.10655907541513443,0.20161482691764832,0.5576859712600708,0.16423743963241577,-0.24569810926914215,0.5105975270271301,0.2385968118906021,0.24897627532482147,0.5407569408416748,0.2915828824043274,-0.3201892673969269,0.4872361719608307,0.3609981834888458,0.19149333238601685,0.5437915921211243,0.3340431749820709,-0.35552307963371277,0.47901877760887146,0.408677875995636,0.19264981150627136,0.533561110496521,0.34300675988197327,-0.35241732001304626,0.47210532426834106,0.40962037444114685,0.15418976545333862,0.5313360691070557,0.3329125642776489,-0.3169807493686676,0.4796452820301056,0.39919498562812805,0.17227314412593842,0.588024377822876,0.2799348533153534,-0.12118955701589584,0.5586439967155457,0.3136886954307556,0.1213279739022255,0.5397660136222839,0.45429664850234985,-0.24386811256408691,0.5146544575691223,0.46467509865760803,-0.045538611710071564,0.5398568511009216,0.7191463112831116,-0.32946136593818665,0.5239664912223816,0.7123933434486389,-0.1182963028550148,0.5535586476325989,0.7533345818519592,-0.3394194543361664,0.5373448133468628,0.7422040104866028,-0.12988343834877014,0.4762973487377167,0.762856125831604,-0.44832637906074524,0.469423770904541,0.7609242796897888,-0.2129082828760147
deadlift_3200101.jpg,0.5093218684196472,-0.001697283354587853,0.0226911511272192,0.5169184803962708,-0.015011935494840145,0.014038707129657269,0.5194436311721802,-0.014358680695295334,0.013868313282728195,0.5219094753265381,-0.013283015228807926,0.013817832805216312,0.5120460391044617,-0.015339430421590805,0.045074526220560074,0.5106379985809326,-0.012964204885065556,0.0450955405831337,0.5100782513618469,-0.012009779922664165,0.044954292476177216,0.5326052904129028,-0.003960621543228626,-0.004789981059730053,0.5205377340316772,-0.0023000340443104506,0.13173304498195648,0.5145029425621033,0.013859451748430729,0.016012322157621384,0.5093716979026794,0.015134952962398529,0.05601637437939644,0.5470920205116272,0.05788931995630264,-0.1295335739850998,0.51520174741745,0.12136271595954895,0.24029399454593658,0.5659084916114807,0.14874400198459625,-0.2555522322654724,0.5123492479324341,0.2527342140674591,0.30621472001075745,0.5454349517822266,0.27477896213531494,-0.3407975137233734,0.49554818868637085,0.3566240668296814,0.24630026519298553,0.5454277396202087,0.33387577533721924,-0.37789615988731384,0.48054489493370056,0.3995601236820221,0.24932095408439636,0.5358486175537109,0.33218929171562195,-0.3679353892803192,0.4779392182826996,0.39764997363090515,0.21192985773086548,0.5340916514396667,0.3237653374671936,-0.33523860573768616,0.49270036816596985,0.37781938910484314,0.2282141000032425,0.582152247428894,0.30016493797302246,-0.11957275122404099,0.5515744686126709,0.3269736170768738,0.11970196664333344,0.5336126089096069,0.47029003500938416,-0.2429942786693573,0.5109398365020752,0.48140767216682434,-0.04767339676618576,0.5420930981636047,0.7096989750862122,-0.2941778898239136,0.5298057794570923,0.7115082740783691,-0.08437751233577728,0.5622055530548096,0.7525655031204224,-0.3020194172859192,0.5439997315406799,0.7427034378051758,-0.09122295677661896,0.49168092012405396,0.762820839881897,-0.39950668811798096,0.4773833453655243,0.7597993016242981,-0.1714990735054016
deadlift_400001.jpg,,,,,,,,,,,,,,,,,,,,,,,,,,,,,,,,,,,,,,,,,,,,,,,,,,,,,,,,,,,,,,,,,,,,,,,,,,,,,,,,,,,,,,,,,,,,,,,,,,,
deadlift_400011.jpg,0.83143550157547,0.4205159544944763,-0.14237529039382935,0.8310890197753906,0.4015463888645172,-0.1283562332391739,0.8302959203720093,0.40044283866882324,-0.12846077978610992,0.8293003439903259,0.3990350365638733,-0.12855136394500732,0.8297303915023804,0.40178295969963074,-0.16440923511981964,0.8281402587890625,0.4011955261230469,-0.1644362360239029,0.8263964056968689,0.400350958108902,-0.1644759327173233,0.8138795495033264,0.3960241675376892,-0.060878753662109375,0.8126785755157471,0.3979977071285248,-0.22119688987731934,0.8241139650344849,0.4327802062034607,-0.11361512541770935,0.8222826719284058,0.43150824308395386,-0.16009031236171722,0.7642242908477783,0.44429856538772583,0.06432566791772842,0.7670289874076843,0.4619331359863281,-0.3065482974052429,0.743367075920105,0.562656581401825,0.0755021795630455,0.7506247162818909,0.5882481932640076,-0.3175159990787506,0.7414711117744446,0.6663933992385864,0.013616908341646194,0.7343273162841797,0.6829096078872681,-0.24279649555683136,0.741624116897583,0.6887809634208679,0.01309880893677473,0.7335497140884399,0.7023215889930725,-0.27236032485961914,0.7397816181182861,0.6906073093414307,-0.012798631563782692,0.7384101748466492,0.7008379101753235,-0.26776301860809326,0.7374207973480225,0.6830458641052246,-0.0007797784055583179,0.7374807596206665,0.695175290107727,-0.24036283791065216,0.6643788814544678,0.5505406260490417,0.12190492451190948,0.6555650234222412,0.5585896968841553,-0.12188861519098282,0.7441757321357727,0.6373759508132935,0.23304031789302826,0.7480258941650391,0.6484069228172302,-0.1379741132259369,0.7263122200965881,0.7646649479866028,0.3669341504573822,0.7252285480499268,0.7937750816345215,-0.03253825008869171,0.7091189026832581,0.7811024188995361,0.37766870856285095,0.7040206789970398,0.8144057393074036,-0.022412238642573357,0.7670576572418213,0.8077582716941833,0.35266658663749695,0.7798816561698914,0.8380764722824097,-0.06590769439935684
deadlift_400021.jpg,0.831647515296936,0.42027390003204346,-0.14327308535575867,0.8310949802398682,0.40147262811660767,-0.1287507861852646,0.8303057551383972,0.40032756328582764,-0.12884758412837982,0.8293129801750183,0.3989225924015045,-0.12893560528755188,0.8297507166862488,0.4017041027545929,-0.16442790627479553,0.8281697034835815,0.4010215401649475,-0.16446031630039215,0.8264170289039612,0.4001113772392273,-0.16450169682502747,0.8138790726661682,0.3960074186325073,-0.060802578926086426,0.8125473856925964,0.3979281485080719,-0.21850688755512238,0.8243411183357239,0.4319632947444916,-0.1143372505903244,0.8224485516548157,0.430667906999588,-0.16031043231487274,0.7645314335823059,0.4441538155078888,0.058229561895132065,0.7666230797767639,0.4670209288597107,-0.2950287461280823,0.737571656703949,0.5612996816635132,0.07403406500816345,0.7505247592926025,0.5967588424682617,-0.29011186957359314,0.7349933981895447,0.6677745580673218,0.02074558101594448,0.743395209312439,0.6875633001327515,-0.20847125351428986,0.7363573908805847,0.6903762221336365,0.021842634305357933,0.7428727746009827,0.7043890357017517,-0.2357063889503479,0.7338151335716248,0.6940063238143921,-0.005089161451905966,0.7445119023323059,0.7100563645362854,-0.23243659734725952,0.7306245565414429,0.6857219934463501,0.006850104313343763,0.7463113069534302,0.6968171000480652,-0.2061924785375595,0.6628544330596924,0.5465757846832275,0.1210845559835434,0.6509840488433838,0.5560811161994934,-0.1210261732339859,0.7404783964157104,0.6289979219436646,0.28993865847587585,0.736092209815979,0.6482271552085876,-0.13409891724586487,0.725080668926239,0.7458030581474304,0.4677778482437134,0.7198889255523682,0.7912485003471375,-0.04174305871129036,0.7089225053787231,0.7640942931175232,0.4839863181114197,0.6989776492118835,0.8138225078582764,-0.034924719482660294,0.7663364410400391,0.7800963521003723,0.46603021025657654,0.7797943353652954,0.8288629055023193,-0.09649686515331268
deadlift_400031.jpg,0.8316922783851624,0.42023640871047974,-0.15132859349250793,0.8310889005661011,0.40147387981414795,-0.1357104629278183,0.830305278301239,0.4003179371356964,-0.1357911229133606,0.8293148875236511,0.3988969922065735,-0.13586755096912384,0.8297504186630249,0.40170159935951233,-0.17230118811130524,0.8281726837158203,0.4009735882282257,-0.172371044754982,0.826420783996582,0.4000125825405121,-0.17242346704006195,0.8139197826385498,0.39599525928497314,-0.06270132213830948,0.8124685287475586,0.3979213833808899,-0.22592958807945251,0.824337899684906,0.4317815601825714,-0.12067531794309616,0.8224382996559143,0.43051397800445557,-0.1684245616197586,0.7648593187332153,0.44413334131240845,0.05795271322131157,0.7662979960441589,0.469229519367218,-0.2996600270271301,0.7369282841682434,0.5606313347816467,0.07618598639965057,0.7504591345787048,0.5970961451530457,-0.2975282371044159,0.7334005832672119,0.6674985885620117,0.028368471190333366,0.7452651858329773,0.690424919128418,-0.2196516990661621,0.7345640659332275,0.6895954608917236,0.031874433159828186,0.7464362382888794,0.7072250247001648,-0.24781252443790436,0.7326400876045227,0.6939161419868469,0.003495326964184642,0.745668351650238,0.714845597743988,-0.24460263550281525,0.7296558618545532,0.6855071187019348,0.014146317727863789,0.7502291798591614,0.6993587613105774,-0.21767495572566986,0.6624730825424194,0.5445195436477661,0.12150687724351883,0.6495674252510071,0.5539461374282837,-0.12142566591501236,0.7407342195510864,0.6299763321876526,0.2729005217552185,0.7342973947525024,0.6475856304168701,-0.14678476750850677,0.7249640226364136,0.7495635151863098,0.4365968704223633,0.7180048823356628,0.7935813069343567,-0.06842514127492905,0.7089227437973022,0.7655006647109985,0.45118626952171326,0.6970303058624268,0.8186129927635193,-0.06287107616662979,0.7663254141807556,0.7871246337890625,0.4273328185081482,0.7797396779060364,0.8291304707527161,-0.13067780435085297
deadlift_400041.jpg,0.8311712145805359,0.41266173124313354,-0.15481124818325043,0.8307260274887085,0.3941608965396881,-0.13978342711925507,0.8300665020942688,0.3930613100528717,-0.13985873758792877,0.8291761875152588,0.3917973041534424,-0.13993532955646515,0.8292580842971802,0.39419955015182495,-0.17638897895812988,0.8277251124382019,0.3934091329574585,-0.17646478116512299,0.8260126113891602,0.39245447516441345,-0.1765202134847641,0.8138836622238159,0.3887529969215393,-0.06666480749845505,0.8120866417884827,0.3900628685951233,-0.23131123185157776,0.8239055871963501,0.42375877499580383,-0.12422791123390198,0.8219301104545593,0.4226222634315491,-0.17222252488136292,0.7651904225349426,0.4380076229572296,0.05693868175148964,0.7655568718910217,0.4609200060367584,-0.3060351014137268,0.737457275390625,0.5589167475700378,0.07675950974225998,0.7485280632972717,0.5904717445373535,-0.30610188841819763,0.7316074371337891,0.6626549363136292,0.028599970042705536,0.7435237169265747,0.6807090044021606,-0.23507268726825714,0.7313745617866516,0.678957462310791,0.03282010555267334,0.74252849817276,0.7016490697860718,-0.2630176544189453,0.729324996471405,0.6902958154678345,0.0045965141616761684,0.7439499497413635,0.7131357192993164,-0.25962159037590027,0.7267388105392456,0.6810674667358398,0.014476347714662552,0.7485209703445435,0.6944900751113892,-0.23224180936813354,0.6626623868942261,0.5367030501365662,0.12167525291442871,0.6485254764556885,0.5434531569480896,-0.12157284468412399,0.7408694624900818,0.6206369400024414,0.27941015362739563,0.7283787131309509,0.6323392391204834,-0.2046353667974472,0.7268365025520325,0.7422647476196289,0.4459286332130432,0.7183917760848999,0.7937178611755371,-0.17675504088401794,0.7122030854225159,0.7617073059082031,0.46036258339881897,0.6975370645523071,0.819881796836853,-0.17677633464336395,0.7678111791610718,0.7746224999427795,0.43113604187965393,0.7818904519081116,0.8296728134155273,-0.2604144811630249
deadlift_400051.jpg,0.8307034969329834,0.34152063727378845,-0.20397421717643738,0.8294721245765686,0.32298779487609863,-0.18553511798381805,0.828782856464386,0.32157304883003235,-0.1855890303850174,0.8278695940971375,0.320018470287323,-0.18564720451831818,0.8279398679733276,0.3235403597354889,-0.22539140284061432,0.8263078927993774,0.322786808013916,-0.22547635436058044,0.8245323896408081,0.32179027795791626,-0.22557444870471954,0.8126119375228882,0.3168039321899414,-0.09474097192287445,0.8095159530639648,0.3187934160232544,-0.2750619947910309,0.823327362537384,0.35429444909095764,-0.16731901466846466,0.8212557435035706,0.3538452684879303,-0.21964456140995026,0.7658917307853699,0.37529295682907104,0.041493818163871765,0.7638946175575256,0.40761956572532654,-0.3513537645339966,0.7477234601974487,0.4896215796470642,0.07830536365509033,0.7466651797294617,0.5445506572723389,-0.3526305854320526,0.7374326586723328,0.5861557126045227,0.03441200032830238,0.7404501438140869,0.6576441526412964,-0.27710050344467163,0.7374888062477112,0.5989645719528198,0.043010056018829346,0.7321394085884094,0.6833764314651489,-0.3139931857585907,0.7377343773841858,0.6034737825393677,0.007445506285876036,0.7369551062583923,0.6852235794067383,-0.3017919957637787,0.7355309724807739,0.5997469425201416,0.018266689032316208,0.7400087118148804,0.6743304133415222,-0.2721303105354309,0.6689700484275818,0.4934556782245636,0.1218637228012085,0.64885413646698,0.5062977075576782,-0.12180433422327042,0.7491958141326904,0.5711628198623657,0.25460588932037354,0.7073655724525452,0.6261807084083557,-0.18187585473060608,0.7171876430511475,0.6476901173591614,0.391286700963974,0.6998485326766968,0.6503692865371704,0.19369658827781677,0.7023155689239502,0.6540707349777222,0.40793099999427795,0.6927927732467651,0.6399123072624207,0.23840762674808502,0.738977313041687,0.6906181573867798,0.4181077182292938,0.7197341322898865,0.6892735958099365,0.30446723103523254
deadlift_400061.jpg,0.8259958028793335,0.23726433515548706,-0.18258391320705414,0.8238340616226196,0.21820327639579773,-0.154102623462677,0.8227739930152893,0.2175161987543106,-0.15419964492321014,0.8215904831886292,0.216684028506279,-0.15435338020324707,0.8220903277397156,0.2189491093158722,-0.2001388818025589,0.8200075030326843,0.21904756128787994,-0.2001822143793106,0.8179464936256409,0.21894590556621552,-0.20022769272327423,0.8049808740615845,0.22014889121055603,-0.05568859353661537,0.8018310070037842,0.2222173511981964,-0.24391010403633118,0.818296492099762,0.25474753975868225,-0.1380753368139267,0.8159838318824768,0.25424477458000183,-0.1985023468732834,0.7639532089233398,0.2945113480091095,0.08004419505596161,0.7627931833267212,0.32664141058921814,-0.34295403957366943,0.7490939497947693,0.4302280843257904,0.10085701942443848,0.7450891137123108,0.4454774558544159,-0.33954423666000366,0.7377201318740845,0.5321770310401917,0.03961949050426483,0.7383348941802979,0.5652814507484436,-0.26289910078048706,0.7373227477073669,0.5534631609916687,0.04331202805042267,0.7309864163398743,0.5906724333763123,-0.2893871068954468,0.7370557188987732,0.5532897114753723,0.011110286228358746,0.7386075258255005,0.5857924818992615,-0.27551940083503723,0.7354772090911865,0.545982837677002,0.023083947598934174,0.740034818649292,0.5777256488800049,-0.2540944516658783,0.671098530292511,0.44329389929771423,0.1298835724592209,0.6580178737640381,0.4599524140357971,-0.12960827350616455,0.7563254833221436,0.5722341537475586,0.212628573179245,0.7187903523445129,0.6226974725723267,-0.30211469531059265,0.7347275614738464,0.6892770528793335,0.3456229567527771,0.706081211566925,0.7465354204177856,-0.3134881854057312,0.7221335172653198,0.7038164138793945,0.3552943468093872,0.6898954510688782,0.7747545838356018,-0.3171970546245575,0.7598907947540283,0.7255038619041443,0.31263336539268494,0.7429340481758118,0.7783479690551758,-0.41871270537376404
deadlift_400071.jpg,0.7982686758041382,0.1484757363796234,0.013385131023824215,0.7933570146560669,0.12880201637744904,0.022418366745114326,0.7920304536819458,0.12785588204860687,0.022323550656437874,0.7904374003410339,0.12703262269496918,0.02218591794371605,0.7923071384429932,0.1308751404285431,-0.005637621972709894,0.7906327843666077,0.13123410940170288,-0.005614099558442831,0.7887784838676453,0.13142426311969757,-0.005576042458415031,0.776261031627655,0.1325332075357437,0.06036780774593353,0.7748176455497742,0.13560035824775696,-0.06295879930257797,0.7934643626213074,0.1648845672607422,0.029583482071757317,0.7916151881217957,0.16518144309520721,-0.006249684374779463,0.7468349933624268,0.23095247149467468,0.14622363448143005,0.7516288757324219,0.2533397972583771,-0.18028807640075684,0.7427091598510742,0.37729161977767944,0.14017945528030396,0.7411807179450989,0.40677544474601746,-0.176534041762352,0.7298707365989685,0.49042490124702454,0.09271200001239777,0.739831268787384,0.5276208519935608,-0.0809628814458847,0.7333261966705322,0.5217214822769165,0.09189746528863907,0.7458029389381409,0.5605595111846924,-0.0981513187289238,0.731673002243042,0.520925760269165,0.07189524173736572,0.7504412531852722,0.5571376085281372,-0.08634260296821594,0.7313070297241211,0.5149839520454407,0.08111031353473663,0.7478485107421875,0.5487094521522522,-0.07512594014406204,0.6671732664108276,0.4119073152542114,0.12865270674228668,0.6560104489326477,0.43487274646759033,-0.1283140927553177,0.7539324164390564,0.5681729912757874,0.1431392878293991,0.7402195334434509,0.6164658665657043,-0.2160482406616211,0.7350737452507019,0.7202891111373901,0.18601112067699432,0.7152157425880432,0.8123468160629272,-0.2189628630876541,0.720007061958313,0.7451468706130981,0.18592208623886108,0.7029939889907837,0.8371948003768921,-0.22030384838581085,0.7685765027999878,0.786038875579834,0.13735181093215942,0.7629035115242004,0.8354396224021912,-0.280029296875
deadlift_400081.jpg,0.7694361805915833,0.11614053696393967,-0.05126061663031578,0.7633641362190247,0.0973452478647232,-0.03856673091650009,0.7622537016868591,0.09674718976020813,-0.03865940496325493,0.7609546780586243,0.096061572432518,-0.03876533731818199,0.7621523141860962,0.0987648144364357,-0.07082340121269226,0.7603709697723389,0.09938216954469681,-0.07084439694881439,0.7584162950515747,0.09995493292808533,-0.07086946815252304,0.7457082867622375,0.10292505472898483,0.021987268701195717,0.7439768314361572,0.10690116137266159,-0.12040118873119354,0.7643199563026428,0.13526198267936707,-0.026009580120444298,0.7618709802627563,0.13606345653533936,-0.06719561666250229,0.7279967665672302,0.2069110870361328,0.13556566834449768,0.7300541400909424,0.2120521515607834,-0.22714863717556,0.7447689771652222,0.3568251430988312,0.14768022298812866,0.7404260635375977,0.36739155650138855,-0.240956649184227,0.7402305603027344,0.45810750126838684,0.08732912689447403,0.7437187433242798,0.4689984619617462,-0.14383874833583832,0.740191638469696,0.4787423014640808,0.08803056925535202,0.7500752210617065,0.4991472065448761,-0.16716668009757996,0.7400727868080139,0.4777895212173462,0.0627736896276474,0.7543894052505493,0.49828630685806274,-0.1543365865945816,0.7401885390281677,0.47285550832748413,0.07300069183111191,0.7519754767417908,0.4901988208293915,-0.13765397667884827,0.6635999083518982,0.4034402072429657,0.12800194323062897,0.6553661823272705,0.421138733625412,-0.12777890264987946,0.7482818365097046,0.5601259469985962,0.1340964436531067,0.7404097318649292,0.5876248478889465,-0.1316678673028946,0.7333595752716064,0.7285017371177673,0.19027982652187347,0.7383095026016235,0.8076868057250977,-0.15159554779529572,0.7182037830352783,0.7568891048431396,0.1918046772480011,0.7145900130271912,0.8344674110412598,-0.18675939738750458,0.7680617570877075,0.8088683485984802,0.1393723487854004,0.7923536896705627,0.8239172101020813,-0.1610674262046814
deadlift_400091.jpg,0.7588697075843811,0.1261826902627945,-0.0197672750800848,0.752914309501648,0.10604329407215118,-0.00533829303458333,0.7517582774162292,0.10479138791561127,-0.00544326938688755,0.7503160238265991,0.10363958030939102,-0.00555821368470788,0.7518126368522644,0.10737214982509613,-0.04395752027630806,0.7500665187835693,0.10719286650419235,-0.04400402307510376,0.7480544447898865,0.10698548704385757,-0.04407186061143875,0.7334915995597839,0.10743216425180435,0.06084337458014488,0.7325288653373718,0.10998297482728958,-0.10921195149421692,0.7526964545249939,0.14269907772541046,0.008231461979448795,0.7503103613853455,0.1426718831062317,-0.04115782305598259,0.7125809788703918,0.20396599173545837,0.1766391545534134,0.7128017544746399,0.20556846261024475,-0.2274123877286911,0.7414049506187439,0.3391079902648926,0.188497394323349,0.7257848381996155,0.3440881371498108,-0.25260066986083984,0.7452822923660278,0.4481050372123718,0.12330605089664459,0.7435230612754822,0.4478532671928406,-0.15764804184436798,0.7473236322402954,0.47026562690734863,0.12908071279525757,0.7477915287017822,0.4717700183391571,-0.1825769692659378,0.7483879923820496,0.4717424511909485,0.10106394439935684,0.7521566152572632,0.4709935486316681,-0.16695789992809296,0.7470265030860901,0.46589067578315735,0.10752107948064804,0.7502385377883911,0.4629901945590973,-0.14991573989391327,0.6491157412528992,0.41023626923561096,0.1311388611793518,0.6438484191894531,0.42159152030944824,-0.13100109994411469,0.7234240174293518,0.5711739659309387,0.14160332083702087,0.7242112755775452,0.6024199724197388,-0.13824763894081116,0.7240850329399109,0.7504868507385254,0.2404657006263733,0.7345489859580994,0.8339316248893738,-0.14050565659999847,0.7127933502197266,0.7763519287109375,0.2460528463125229,0.7126109600067139,0.870702862739563,-0.1306311935186386,0.7676694393157959,0.8258991837501526,0.19533085823059082,0.7825367450714111,0.8572972416877747,-0.14786522090435028
deadlift_400101.jpg,0.7610359191894531,0.12540914118289948,-0.0327858068048954,0.754542350769043,0.10543428361415863,-0.017396999523043633,0.753255307674408,0.10438485443592072,-0.01749226450920105,0.7516962289810181,0.10339099168777466,-0.017580928280949593,0.7536165118217468,0.10661295056343079,-0.058615826070308685,0.751933753490448,0.10659211128950119,-0.0586981326341629,0.7499794363975525,0.10654725879430771,-0.05880044773221016,0.7355140447616577,0.10861411690711975,0.05000235512852669,0.7337003946304321,0.11113734543323517,-0.13268469274044037,0.7546393871307373,0.14403590559959412,-0.004619935527443886,0.7523833513259888,0.14343897998332977,-0.05752856656908989,0.7152412533760071,0.2105914056301117,0.16704264283180237,0.717185914516449,0.2159792184829712,-0.2462734878063202,0.732430100440979,0.3348405063152313,0.18432554602622986,0.725929856300354,0.3559880256652832,-0.2504774332046509,0.7444333434104919,0.44748976826667786,0.10525193810462952,0.7432486414909363,0.4468863308429718,-0.10585800558328629,0.7467491626739502,0.47502169013023376,0.10449853539466858,0.7463513016700745,0.4734928011894226,-0.11923510581254959,0.7475199103355408,0.4751605689525604,0.07873421162366867,0.7511529326438904,0.46947771310806274,-0.11144072562456131,0.7455910444259644,0.4663359224796295,0.08914223313331604,0.7492042183876038,0.4596073627471924,-0.09890356659889221,0.6601317524909973,0.43764087557792664,0.1323210597038269,0.6582626104354858,0.4467598795890808,-0.13221873342990875,0.7165635824203491,0.6351853013038635,0.14655186235904694,0.7260103225708008,0.6096289157867432,-0.11047171801328659,0.7236744165420532,0.8102489113807678,0.20679974555969238,0.7311731576919556,0.8141933679580688,-0.036299191415309906,0.7126530408859253,0.8393910527229309,0.20690393447875977,0.715437114238739,0.845177948474884,-0.03260912373661995,0.7721445560455322,0.8497451543807983,0.14801090955734253,0.7889711856842041,0.8542275428771973,-0.10741082578897476
deadlift_400111.jpg,0.7728647589683533,0.12290804088115692,-0.04826147109270096,0.7673770189285278,0.1026189923286438,-0.03254632651805878,0.7661225199699402,0.10166215896606445,-0.032684575766325,0.7646169662475586,0.10077109932899475,-0.03258347511291504,0.7666007876396179,0.102961964905262,-0.09362252801656723,0.7649659514427185,0.10230252146720886,-0.0938299149274826,0.7630983591079712,0.10172911733388901,-0.09414055943489075,0.7470076680183411,0.10536761581897736,0.03404571861028671,0.7469839453697205,0.10643688589334488,-0.18256711959838867,0.7660000920295715,0.13943076133728027,-0.01208128035068512,0.7644553780555725,0.13915665447711945,-0.0863676518201828,0.7219589352607727,0.20745253562927246,0.13481973111629486,0.7252106070518494,0.2162831574678421,-0.2847893536090851,0.7276545166969299,0.34170177578926086,0.1509864330291748,0.7286351919174194,0.37145155668258667,-0.27492666244506836,0.7398235201835632,0.45455271005630493,0.09042976051568985,0.7510135769844055,0.48138710856437683,-0.14632371068000793,0.7425622344017029,0.4838793873786926,0.09181299805641174,0.7535972595214844,0.5100711584091187,-0.16513489186763763,0.7432500720024109,0.4826246500015259,0.07173895090818405,0.761196494102478,0.5061129331588745,-0.15615630149841309,0.7418984174728394,0.47355788946151733,0.0754002034664154,0.7581418752670288,0.4955490827560425,-0.13950115442276,0.6863651275634766,0.4546267092227936,0.132955402135849,0.6825114488601685,0.462693452835083,-0.1329399198293686,0.7236424684524536,0.6432854533195496,0.17311137914657593,0.7236640453338623,0.6478813886642456,-0.05106431245803833,0.7233428359031677,0.8055804967880249,0.24578982591629028,0.7279901504516602,0.8280308246612549,0.07230497896671295,0.7126243710517883,0.8329628705978394,0.25507858395576477,0.712958574295044,0.8648788332939148,0.07887475192546844,0.7715273499488831,0.8441504836082458,0.23584437370300293,0.7912158370018005,0.8579772710800171,-0.006665869615972042
deadlift_400121.jpg,0.7884377241134644,0.15819182991981506,-0.07261074334383011,0.7833719849586487,0.13837338984012604,-0.05663303658366203,0.7810984253883362,0.1372654139995575,-0.05673952400684357,0.778548002243042,0.13607855141162872,-0.056785449385643005,0.7846611142158508,0.13911326229572296,-0.10316388309001923,0.7835179567337036,0.13865414261817932,-0.10330762714147568,0.7821096181869507,0.13805952668190002,-0.10344690829515457,0.7606645822525024,0.13765849173069,0.023500462993979454,0.7666246294975281,0.1389489471912384,-0.19640366733074188,0.7801257371902466,0.17367269098758698,-0.0405503585934639,0.7806049585342407,0.17332200706005096,-0.09764333069324493,0.7284119725227356,0.22607636451721191,0.12610477209091187,0.7380448579788208,0.241563081741333,-0.29214414954185486,0.7132607102394104,0.36914312839508057,0.14045807719230652,0.7304770350456238,0.3991531729698181,-0.29878804087638855,0.723025918006897,0.4778018593788147,0.08291325718164444,0.7401211857795715,0.5081654191017151,-0.1908794492483139,0.7223836779594421,0.5016686916351318,0.07281402498483658,0.7252740859985352,0.5355867147445679,-0.21633419394493103,0.727679967880249,0.5002898573875427,0.05301318317651749,0.7424012422561646,0.5362602472305298,-0.2113076150417328,0.7272757291793823,0.494793564081192,0.06552062183618546,0.7324343919754028,0.5254050493240356,-0.18635344505310059,0.690807580947876,0.45711326599121094,0.13162970542907715,0.7065848112106323,0.47480660676956177,-0.13170620799064636,0.725338876247406,0.6461246609687805,0.18271829187870026,0.7139047980308533,0.6581555604934692,-0.029696429148316383,0.7228968739509583,0.8125292658805847,0.2681199014186859,0.7217282652854919,0.8363537192344666,0.09943527728319168,0.7116417288780212,0.8330652117729187,0.2799622416496277,0.7091054916381836,0.8764591813087463,0.10632219910621643,0.7704764008522034,0.850525438785553,0.25638332962989807,0.7747732996940613,0.8695170879364014,0.02681916579604149
deadlift_400131.jpg,0.8169136643409729,0.19249118864536285,-0.06394936144351959,0.8133672475814819,0.17252710461616516,-0.04577271640300751,0.8118824362754822,0.17148320376873016,-0.0458797849714756,0.8102574944496155,0.17028644680976868,-0.04589597508311272,0.8131206035614014,0.17347651720046997,-0.08824212849140167,0.811760663986206,0.1731998175382614,-0.08828820288181305,0.8102843761444092,0.17270207405090332,-0.08838362991809845,0.7935823202133179,0.17190523445606232,0.03478259593248367,0.7940351366996765,0.17378416657447815,-0.15858207643032074,0.8071010708808899,0.20667162537574768,-0.030335040763020515,0.8062426447868347,0.20530423521995544,-0.08527811616659164,0.7462568283081055,0.25473830103874207,0.1547701209783554,0.7518352270126343,0.2696112096309662,-0.2526794373989105,0.7186117172241211,0.373869925737381,0.1817808449268341,0.7316602468490601,0.41683229804039,-0.2901298701763153,0.7159634232521057,0.4962787628173828,0.12220028787851334,0.7296457290649414,0.5327221155166626,-0.21850323677062988,0.7187168002128601,0.5432511568069458,0.12100706994533539,0.7118526101112366,0.5365610718727112,-0.24293707311153412,0.7198038697242737,0.5365136861801147,0.09807678312063217,0.7274553775787354,0.5680995583534241,-0.24221187829971313,0.7179569005966187,0.5180285573005676,0.10803993046283722,0.7268439531326294,0.5562760829925537,-0.21612082421779633,0.7019050121307373,0.5035157799720764,0.12185239791870117,0.6937949657440186,0.5052788853645325,-0.1219983920454979,0.726584792137146,0.64894700050354,-0.017125630751252174,0.7169572114944458,0.6529355049133301,-0.2806764543056488,0.7290868163108826,0.8166451454162598,-0.10672400891780853,0.7221724987030029,0.8318935036659241,-0.4218161404132843,0.7169451117515564,0.8463996052742004,-0.12229115515947342,0.7124508619308472,0.8613590002059937,-0.44137781858444214,0.7702093720436096,0.8559927344322205,-0.2282291054725647,0.7720320820808411,0.8685634136199951,-0.5646608471870422
deadlift_400141.jpg,0.827282190322876,0.2596358060836792,-0.07188175618648529,0.8253841996192932,0.24076154828071594,-0.054892752319574356,0.8240042924880981,0.23964646458625793,-0.05500536412000656,0.8224488496780396,0.23831865191459656,-0.05504240840673447,0.8249174952507019,0.24139434099197388,-0.09546389430761337,0.8233982920646667,0.24090902507305145,-0.09550058841705322,0.8217946887016296,0.24025045335292816,-0.09558019787073135,0.8048813343048096,0.23611073195934296,0.01851886883378029,0.8059418797492981,0.23951810598373413,-0.16456152498722076,0.8177753686904907,0.2737633287906647,-0.04078042879700661,0.8170802593231201,0.2725946009159088,-0.09346073120832443,0.750806450843811,0.3088153898715973,0.13859635591506958,0.7594934105873108,0.33415237069129944,-0.25898605585098267,0.7203773856163025,0.44922369718551636,0.16102464497089386,0.7392238974571228,0.48775720596313477,-0.2928835153579712,0.7188945412635803,0.5708706378936768,0.09942440688610077,0.7297712564468384,0.5987299084663391,-0.24621044099330902,0.7206766605377197,0.5986868143081665,0.09971809387207031,0.7161527276039124,0.635430097579956,-0.27793025970458984,0.7220981121063232,0.6001246571540833,0.07526417076587677,0.7309369444847107,0.6351156234741211,-0.2716664671897888,0.7203680276870728,0.5937178134918213,0.08510594815015793,0.7289756536483765,0.6221593022346497,-0.24317139387130737,0.7017820477485657,0.537227213382721,0.11674239486455917,0.6903663873672485,0.5356788635253906,-0.11677039414644241,0.7414721250534058,0.6600595116615295,0.0074880365282297134,0.7290977239608765,0.6524066925048828,-0.3068448007106781,0.7306272983551025,0.8144866228103638,-0.024832118302583694,0.7283273935317993,0.8322091698646545,-0.3685716688632965,0.7169418931007385,0.8399764895439148,-0.03352946415543556,0.71734219789505,0.8592336177825928,-0.3776646554470062,0.763723611831665,0.8505215048789978,-0.11305441707372665,0.7697014212608337,0.8675113320350647,-0.4745134711265564
deadlift_500001.jpg,0.8337953686714172,0.32212671637535095,-0.030577238649129868,0.8318642973899841,0.30261367559432983,-0.010591769590973854,0.8306023478507996,0.30136606097221375,-0.010646321810781956,0.8291729688644409,0.30003729462623596,-0.010649139992892742,0.8314289450645447,0.30240342020988464,-0.05413142964243889,0.8299481868743896,0.30116716027259827,-0.05419806391000748,0.8283370733261108,0.2998929023742676,-0.05434699356555939,0.8109204173088074,0.2985702157020569,0.060610074549913406,0.8117696642875671,0.29945749044418335,-0.13585899770259857,0.8238735198974609,0.33710673451423645,-0.0015200229827314615,0.8224148154258728,0.33636853098869324,-0.0580596849322319,0.7527389526367188,0.3704904317855835,0.16316689550876617,0.7645546793937683,0.37850862741470337,-0.2382325679063797,0.7187546491622925,0.5093600153923035,0.15934760868549347,0.7425366044044495,0.5321054458618164,-0.2679841220378876,0.7193806767463684,0.6232773065567017,0.09200320392847061,0.7310304045677185,0.6466342210769653,-0.19202068448066711,0.7199056148529053,0.644917905330658,0.09133075177669525,0.7207815051078796,0.674223005771637,-0.21045534312725067,0.7218194603919983,0.6464548110961914,0.0666782557964325,0.73287433385849,0.6780863404273987,-0.1952558010816574,0.7218687534332275,0.6423870921134949,0.07717312127351761,0.729570746421814,0.6670351624488831,-0.18321019411087036,0.7040566802024841,0.5894722938537598,0.10789528489112854,0.7030807733535767,0.5896329879760742,-0.10798327624797821,0.7313653826713562,0.669409990310669,0.031483717262744904,0.7001104950904846,0.7115932106971741,-0.16541290283203125,0.7302647829055786,0.7036853432655334,0.060976721346378326,0.7201142907142639,0.7323575615882874,-0.2219952791929245,0.721161425113678,0.7070835828781128,0.05264318734407425,0.7157544493675232,0.7325439453125,-0.22840629518032074,0.7398418188095093,0.7007347941398621,0.021556731313467026,0.7447338700294495,0.7329201698303223,-0.2882482707500458
deadlift_500011.jpg,0.8345633745193481,0.3766707479953766,-0.050507690757513046,0.8329988718032837,0.35638687014579773,-0.034770116209983826,0.8316413164138794,0.3549133837223053,-0.03481416776776314,0.8300745487213135,0.3533780872821808,-0.03480367362499237,0.832793653011322,0.3564896881580353,-0.07573863863945007,0.8313961029052734,0.35519155859947205,-0.07580506801605225,0.8298353552818298,0.3537742495536804,-0.07592751085758209,0.8123633861541748,0.3520853817462921,0.03583185374736786,0.8135306239128113,0.35242077708244324,-0.15037645399570465,0.8244571685791016,0.3912186920642853,-0.021999774500727654,0.8232786655426025,0.39079052209854126,-0.07518977671861649,0.7567782998085022,0.41782379150390625,0.11807962507009506,0.7636382579803467,0.42272207140922546,-0.23279066383838654,0.7062962651252747,0.5295302867889404,0.14240007102489471,0.731236457824707,0.5473322868347168,-0.2671503722667694,0.7034116983413696,0.6165193319320679,0.0896611362695694,0.7276986837387085,0.6580246090888977,-0.21763578057289124,0.7026187777519226,0.6361795663833618,0.09247923642396927,0.7214685678482056,0.6878820061683655,-0.24093498289585114,0.7092593908309937,0.6377440690994263,0.06664209067821503,0.730627179145813,0.6882333755493164,-0.22606271505355835,0.7192360758781433,0.6327767968177795,0.07537206262350082,0.729190468788147,0.6830223798751831,-0.20954008400440216,0.7143890261650085,0.6202094554901123,0.08771134912967682,0.7162500619888306,0.6280415654182434,-0.08761551231145859,0.6974163055419922,0.6047195792198181,0.08165199309587479,0.6641992330551147,0.562886655330658,-0.10989650338888168,0.7134937047958374,0.5864035487174988,0.2437542974948883,0.7022392749786377,0.660126268863678,0.002831936813890934,0.7153311967849731,0.5853748917579651,0.25436243414878845,0.7000009417533875,0.6628875732421875,0.013548877090215683,0.724607527256012,0.5688380599021912,0.27283766865730286,0.737704336643219,0.6825004816055298,0.006068863440304995
deadlift_500021.jpg,0.83472740650177,0.4150041341781616,-0.13512815535068512,0.8335955739021301,0.3952902555465698,-0.12405027449131012,0.8322762250900269,0.3939058482646942,-0.12403123825788498,0.8307076096534729,0.39230847358703613,-0.12396993488073349,0.8333927989006042,0.3954424560070038,-0.16042883694171906,0.8321093916893005,0.39430147409439087,-0.1605806201696396,0.8306738138198853,0.3930421471595764,-0.16075512766838074,0.8133059144020081,0.3886958360671997,-0.06672941893339157,0.8143675327301025,0.39070022106170654,-0.23322901129722595,0.8241571187973022,0.428622305393219,-0.11037734150886536,0.8231529593467712,0.4286145567893982,-0.15826426446437836,0.7555046677589417,0.45010897517204285,0.017895592376589775,0.7623361945152283,0.46181175112724304,-0.2895951569080353,0.7091228365898132,0.5539747476577759,0.02109697088599205,0.7357519865036011,0.603754997253418,-0.3127150237560272,0.7085543870925903,0.6529418230056763,-0.04077201709151268,0.7308089137077332,0.725911021232605,-0.2428458333015442,0.7086915373802185,0.6740550994873047,-0.03641900792717934,0.7279383540153503,0.756117582321167,-0.26395976543426514,0.7118857502937317,0.6680654883384705,-0.0655633881688118,0.7382595539093018,0.7549237608909607,-0.249896839261055,0.7199116945266724,0.6662579774856567,-0.05502690374851227,0.7385021448135376,0.7436510920524597,-0.23492802679538727,0.7205842137336731,0.6300934553146362,0.0910198986530304,0.7164744138717651,0.641175389289856,-0.09077107161283493,0.7012189626693726,0.6704728603363037,0.03186996281147003,0.6861687898635864,0.6737139225006104,-0.12174362689256668,0.724209725856781,0.6181073188781738,0.00997476652264595,0.7063022255897522,0.6287742853164673,-0.1111462190747261,0.7298171520233154,0.6170820593833923,0.0065745091997087,0.7002947926521301,0.6273742914199829,-0.11493492126464844,0.7319945693016052,0.5667917132377625,-0.008167313411831856,0.7409654855728149,0.5812845826148987,-0.06631513684988022
deadlift_500031.jpg,0.8337832093238831,0.42217588424682617,-0.11481811106204987,0.8328449130058289,0.4006783068180084,-0.1151203140616417,0.8314052224159241,0.39918872714042664,-0.11519374698400497,0.8297179937362671,0.3975370526313782,-0.11522410809993744,0.832622766494751,0.400987833738327,-0.13736052811145782,0.8312886357307434,0.3998856842517853,-0.13748517632484436,0.8297916054725647,0.3986325263977051,-0.13768328726291656,0.8121734261512756,0.39489927887916565,-0.0349620059132576,0.8133596777915955,0.3970184624195099,-0.20603825151920319,0.82283616065979,0.4346458911895752,-0.09947919100522995,0.8218727111816406,0.43400269746780396,-0.1317550539970398,0.7532345652580261,0.4588446319103241,0.06550849974155426,0.764819324016571,0.4674667716026306,-0.24832850694656372,0.7150541543960571,0.5648187398910522,0.07980699092149734,0.7466135025024414,0.6059591174125671,-0.249190092086792,0.7140745520591736,0.6569381952285767,0.0049497634172439575,0.7451650500297546,0.7170594930648804,-0.1650540828704834,0.7126339673995972,0.6797875165939331,0.016105961054563522,0.7408823370933533,0.745678722858429,-0.1802605837583542,0.7193323969841003,0.6807578802108765,-0.023141605779528618,0.7495536804199219,0.7455466985702515,-0.17455032467842102,0.7231943011283875,0.6736825704574585,-0.01804269663989544,0.7497615814208984,0.7343310713768005,-0.1596064567565918,0.7264519929885864,0.6359160542488098,0.08279751986265182,0.7252180576324463,0.6384899616241455,-0.08286969363689423,0.7083610892295837,0.7851523756980896,-0.042521774768829346,0.7123165726661682,0.7858152389526367,-0.18449458479881287,0.7171537280082703,0.8970245122909546,-0.09569258987903595,0.7082549333572388,0.923893392086029,-0.24426276981830597,0.7159701585769653,0.9158335328102112,-0.10551318526268005,0.699908435344696,0.9415605068206787,-0.25306278467178345,0.7352625131607056,0.9184662699699402,-0.1897493451833725,0.738416850566864,0.9686492681503296,-0.341114342212677
deadlift_500041.jpg,0.8342125415802002,0.42061322927474976,-0.07679422944784164,0.8320662379264832,0.3994319438934326,-0.06878162175416946,0.8305771350860596,0.3981580138206482,-0.0689292922616005,0.8288536667823792,0.3967350125312805,-0.06903117150068283,0.8315301537513733,0.3998104929924011,-0.09691418707370758,0.829949140548706,0.39900070428848267,-0.09696906059980392,0.8282047510147095,0.39807212352752686,-0.09709935635328293,0.8114795088768005,0.3946325182914734,-0.014849650673568249,0.8117534518241882,0.3970103859901428,-0.15772320330142975,0.8232775926589966,0.43515583872795105,-0.05638112127780914,0.8220220804214478,0.43393462896347046,-0.0934639498591423,0.7530642151832581,0.46039116382598877,0.07999015599489212,0.7649926543235779,0.4662422239780426,-0.2166646122932434,0.7163318395614624,0.5667064189910889,0.09215640276670456,0.7472947835922241,0.6053646802902222,-0.21242867410182953,0.7148110866546631,0.6606764793395996,0.026370767503976822,0.7471981644630432,0.7208749651908875,-0.12361874431371689,0.7133826017379761,0.6846544742584229,0.03495129197835922,0.7437565922737122,0.7495872378349304,-0.1380811184644699,0.7194966673851013,0.6854525804519653,0.0006663610110990703,0.7521739602088928,0.7481657862663269,-0.13352389633655548,0.7235637307167053,0.6779733300209045,0.000565829046536237,0.7510936260223389,0.737034022808075,-0.11901778727769852,0.7249899506568909,0.641537606716156,0.08442595601081848,0.7262091040611267,0.6473153829574585,-0.08443280309438705,0.706641435623169,0.8107171058654785,-0.025572607293725014,0.7381467819213867,0.8092085719108582,-0.19939978420734406,0.7119141817092896,0.936764121055603,-0.05529428645968437,0.708942711353302,0.9569135904312134,-0.22585734724998474,0.7056777477264404,0.9570322036743164,-0.06369712948799133,0.6982961893081665,0.9755789041519165,-0.23057438433170319,0.7379871606826782,0.9665443301200867,-0.1403295248746872,0.7430307269096375,1.0083403587341309,-0.31081151962280273
deadlift_500051.jpg,0.8324929475784302,0.4204089641571045,-0.04717884212732315,0.8301798105239868,0.399704247713089,-0.03658909350633621,0.8287593722343445,0.3985345661640167,-0.036706604063510895,0.827098548412323,0.39713525772094727,-0.03678608685731888,0.8296735882759094,0.39977845549583435,-0.06948819011449814,0.8281469941139221,0.39890235662460327,-0.06950750201940536,0.8264368772506714,0.397797167301178,-0.06959500908851624,0.8099378347396851,0.39405494928359985,0.013816731981933117,0.8102945685386658,0.3950420916080475,-0.1353294998407364,0.8222043514251709,0.43461987376213074,-0.024280887097120285,0.8209973573684692,0.4331633150577545,-0.06691856682300568,0.7527697086334229,0.4603671729564667,0.09492937475442886,0.7640698552131653,0.4637226164340973,-0.20487052202224731,0.7170121669769287,0.573729395866394,0.10302630066871643,0.7475214004516602,0.595665454864502,-0.20671068131923676,0.7201184034347534,0.6656461358070374,0.05893649905920029,0.7460759282112122,0.7102189660072327,-0.13351766765117645,0.7214697003364563,0.6894542574882507,0.054674502462148666,0.7421694993972778,0.7366632223129272,-0.15127000212669373,0.7270260453224182,0.6902303099632263,0.03235301747918129,0.7505317330360413,0.7351466417312622,-0.14831429719924927,0.7266836762428284,0.6725491285324097,0.04354862868785858,0.7495357990264893,0.725036084651947,-0.13022924959659576,0.7224248647689819,0.6482535004615784,0.08757547289133072,0.7242394685745239,0.6545512080192566,-0.0875243991613388,0.7077009081840515,0.8074170351028442,-7.456452294718474e-05,0.7386786937713623,0.8124972581863403,-0.18750162422657013,0.7057454586029053,0.9226895570755005,-0.011534267105162144,0.703244149684906,0.9390066266059875,-0.21239669620990753,0.6973817944526672,0.941089391708374,-0.018119998276233673,0.6854197978973389,0.9549612402915955,-0.2190435230731964,0.7327994108200073,0.9471176862716675,-0.08436636626720428,0.7346302270889282,0.9790621399879456,-0.2763465940952301
deadlift_500061.jpg,0.833358108997345,0.4072064161300659,-0.0875401720404625,0.830625593662262,0.38834741711616516,-0.07602480798959732,0.8292921781539917,0.38699477910995483,-0.07601139694452286,0.8277202248573303,0.3854929506778717,-0.07591567188501358,0.8300788402557373,0.3883771300315857,-0.11030144989490509,0.828577995300293,0.3872634470462799,-0.11039871722459793,0.8268516063690186,0.3860967755317688,-0.11050650477409363,0.8106153011322021,0.38381659984588623,-0.016127150505781174,0.81053626537323,0.38483110070228577,-0.1739080250263214,0.8229711651802063,0.4212789237499237,-0.06260906159877777,0.8216364979743958,0.4208599925041199,-0.10775808244943619,0.7526221871376038,0.450700044631958,0.06321131438016891,0.7636931538581848,0.4525904655456543,-0.21946364641189575,0.7179021835327148,0.5637145042419434,0.0763118788599968,0.7443000674247742,0.5864500403404236,-0.23354537785053253,0.7249129414558411,0.6517701148986816,0.0353252999484539,0.7378455400466919,0.712361752986908,-0.18028812110424042,0.7269437313079834,0.6716614365577698,0.04123740270733833,0.7343106865882874,0.7406327724456787,-0.20140290260314941,0.73224276304245,0.6728594899177551,0.01210939884185791,0.7456558346748352,0.7412976026535034,-0.18211320042610168,0.7286515831947327,0.6597179174423218,0.020520079880952835,0.7466059327125549,0.7308003902435303,-0.1718887984752655,0.7276566028594971,0.6491047739982605,0.08578372746706009,0.7226558923721313,0.6539533138275146,-0.08567056059837341,0.7093210816383362,0.6713796257972717,0.014357018284499645,0.69448322057724,0.6655752658843994,-0.18184761703014374,0.7485902905464172,0.5903022885322571,0.011377066373825073,0.7043421864509583,0.5779606103897095,-0.1875791847705841,0.7578366994857788,0.5932194590568542,0.00836658850312233,0.7036789059638977,0.5756036639213562,-0.19229833781719208,0.7505362629890442,0.5263286828994751,-0.0293170977383852,0.7309144735336304,0.5241884589195251,-0.22860726714134216
deadlift_500071.jpg,0.8336811661720276,0.3496004641056061,-0.0546591617166996,0.8312246203422546,0.32915201783180237,-0.03929790109395981,0.8298560976982117,0.3276517987251282,-0.039296071976423264,0.8282788991928101,0.32597869634628296,-0.03923221677541733,0.8307716846466064,0.3293567895889282,-0.08457543700933456,0.8292816877365112,0.32817184925079346,-0.08465754240751266,0.8276246190071106,0.32692596316337585,-0.0848192498087883,0.8108475804328918,0.323101282119751,0.02339247055351734,0.8109827041625977,0.3254513442516327,-0.17470629513263702,0.8234639763832092,0.3640580177307129,-0.02847624383866787,0.8225063681602478,0.36294883489608765,-0.0874783992767334,0.7527062296867371,0.405400812625885,0.12267271429300308,0.7632972002029419,0.4069097638130188,-0.26698359847068787,0.716173529624939,0.5376078486442566,0.10921194404363632,0.7441869974136353,0.543415367603302,-0.3063414692878723,0.7269089818000793,0.6450170874595642,0.03334138169884682,0.7371730208396912,0.6633213758468628,-0.2412567138671875,0.7295056581497192,0.6602122187614441,0.03792893886566162,0.7338120937347412,0.6932215094566345,-0.2643067538738251,0.7322331666946411,0.66849285364151,0.01157490536570549,0.7398872971534729,0.6900275349617004,-0.2491537481546402,0.728723406791687,0.6534421443939209,0.01827285625040531,0.7410039305686951,0.6815292239189148,-0.2324204444885254,0.7221911549568176,0.6278813481330872,0.09884259849786758,0.7205250859260559,0.6338696479797363,-0.09895076602697372,0.7120072841644287,0.6478556990623474,0.18152442574501038,0.6998564600944519,0.6968708634376526,-0.1242700144648552,0.7395852208137512,0.6684530973434448,0.16769258677959442,0.7054683566093445,0.6738777756690979,-0.01894373632967472,0.7494423985481262,0.6746242642402649,0.162962406873703,0.7035930752754211,0.6686073541641235,-0.007646562065929174,0.7348083853721619,0.6542467474937439,0.15890799462795258,0.7286418080329895,0.6535015106201172,-0.006062742788344622
deadlift_500081.jpg,0.8330603241920471,0.25276994705200195,-0.10431241244077682,0.8305112719535828,0.22800549864768982,-0.08778751641511917,0.8291524648666382,0.22717060148715973,-0.08793073147535324,0.8276203274726868,0.2261131852865219,-0.08797714114189148,0.8300454616546631,0.22839103639125824,-0.12547913193702698,0.8285799026489258,0.22797131538391113,-0.1254776269197464,0.827015221118927,0.22729922831058502,-0.12553094327449799,0.8102962374687195,0.22697880864143372,-0.01586315780878067,0.8105846047401428,0.22949965298175812,-0.185662642121315,0.8228712677955627,0.26802074909210205,-0.07493272423744202,0.8218881487846375,0.26669299602508545,-0.12385241687297821,0.7568228840827942,0.31369689106941223,0.08941229432821274,0.7630550861358643,0.32283347845077515,-0.26381227374076843,0.7273607850074768,0.45967230200767517,0.08769014477729797,0.7409499287605286,0.4725489020347595,-0.30653440952301025,0.7285671234130859,0.5755084156990051,0.025460923090577126,0.7340943217277527,0.5903716087341309,-0.2750189006328583,0.7307488322257996,0.6005710363388062,0.021189643070101738,0.722118616104126,0.61427241563797,-0.3086561858654022,0.7327379584312439,0.6030513644218445,-0.0012185239465907216,0.734188437461853,0.6188236474990845,-0.3008330762386322,0.7309891581535339,0.5915276408195496,0.011508426629006863,0.7344624400138855,0.6058377027511597,-0.2725140452384949,0.7199090719223022,0.5344567894935608,0.09891334921121597,0.7049612402915955,0.5412890315055847,-0.0989982858300209,0.7388264536857605,0.6600464582443237,-0.01951887272298336,0.7245118618011475,0.667160153388977,-0.1973961889743805,0.7379661202430725,0.8200980424880981,-0.021750271320343018,0.7178462147712708,0.8146620988845825,-0.14382144808769226,0.7436887621879578,0.8520658612251282,-0.02871190384030342,0.7029508948326111,0.8407684564590454,-0.14436477422714233,0.7640189528465271,0.8529030084609985,-0.1093699261546135,0.7565516829490662,0.8611084222793579,-0.2282814383506775
deadlift_500091.jpg,0.8063249588012695,0.1790989190340042,-0.08995997160673141,0.8056700825691223,0.14395934343338013,-0.0766143873333931,0.8017356395721436,0.17056246101856232,-0.07687567174434662,0.8000532388687134,0.16971717774868011,-0.07699941098690033,0.8052990436553955,0.14412197470664978,-0.11696667224168777,0.7998635768890381,0.170399472117424,-0.11677081882953644,0.7976948618888855,0.16995792090892792,-0.11679164320230484,0.7829316258430481,0.16573764383792877,-0.0009095483110286295,0.7804065346717834,0.16713528335094452,-0.17776794731616974,0.7984523177146912,0.18511863052845,-0.05722019821405411,0.7969383597373962,0.18459105491638184,-0.10848107933998108,0.7509644627571106,0.24683640897274017,0.12508702278137207,0.7547001242637634,0.2507733404636383,-0.2612403631210327,0.727140486240387,0.3820495307445526,0.1628081202507019,0.7359948754310608,0.4005906879901886,-0.2982594072818756,0.7263590693473816,0.49086400866508484,0.1365392953157425,0.7340777516365051,0.5088948011398315,-0.24085508286952972,0.7291881442070007,0.5209593176841736,0.13872353732585907,0.7247281670570374,0.5360050201416016,-0.2709976136684418,0.7300063371658325,0.5214443206787109,0.11640114337205887,0.7346850633621216,0.5418412685394287,-0.2625027596950531,0.7307162880897522,0.5092237591743469,0.1238643154501915,0.7351609468460083,0.5290086269378662,-0.2366301417350769,0.7095792889595032,0.4828769564628601,0.11154033243656158,0.704426109790802,0.48537227511405945,-0.11158060282468796,0.7390711307525635,0.6533726453781128,0.09665285795927048,0.723213791847229,0.652611255645752,-0.08010454475879669,0.7367282509803772,0.8106962442398071,0.19380953907966614,0.7188202738761902,0.835693895816803,0.027591589838266373,0.7270019054412842,0.8287861943244934,0.19790992140769958,0.7041189074516296,0.865407407283783,0.033269260078668594,0.7680227160453796,0.8487370610237122,0.14189985394477844,0.7670171856880188,0.8757810592651367,-0.0458248145878315
deadlift_500101.jpg,0.7733097672462463,0.12304926663637161,-0.128701850771904,0.7665455341339111,0.10330789536237717,-0.11079028993844986,0.764763593673706,0.10384397208690643,-0.11089030653238297,0.7630308866500854,0.10294052958488464,-0.11093011498451233,0.7661828994750977,0.10371233522891998,-0.1571420133113861,0.7641363739967346,0.10459930449724197,-0.15716387331485748,0.7622044682502747,0.1041422188282013,-0.15731166303157806,0.7461127042770386,0.1080310195684433,-0.01957416720688343,0.7463955283164978,0.10902223736047745,-0.22829873859882355,0.7677715420722961,0.13754110038280487,-0.08999424427747726,0.7666124701499939,0.13766857981681824,-0.1500784456729889,0.7272548079490662,0.2120308130979538,0.11911739408969879,0.7288122177124023,0.22339840233325958,-0.3200171887874603,0.7198435068130493,0.3542158007621765,0.14199258387088776,0.7255924940109253,0.37754252552986145,-0.3171980679035187,0.7263109683990479,0.4523582458496094,0.04612044245004654,0.7382253408432007,0.4766641855239868,-0.1867041140794754,0.7291491627693176,0.47719594836235046,0.02591925673186779,0.7370265126228333,0.5024928450584412,-0.21165241301059723,0.7290374040603638,0.4742472469806671,0.005422820802778006,0.7456485033035278,0.4986303150653839,-0.20862187445163727,0.7286605834960938,0.4651714265346527,0.029139792546629906,0.7424036264419556,0.48912498354911804,-0.18193946778774261,0.7068336606025696,0.4709937572479248,0.13517692685127258,0.7103011012077332,0.47846150398254395,-0.13541649281978607,0.7233893275260925,0.6456601619720459,0.28643283247947693,0.7226912379264832,0.6649445295333862,-0.01580723375082016,0.7362271547317505,0.8058632612228394,0.4715315103530884,0.7186647057533264,0.8390716314315796,0.16693244874477386,0.7180048823356628,0.8363854289054871,0.48461002111434937,0.7040847539901733,0.8760781288146973,0.1796983927488327,0.7686551213264465,0.83702152967453,0.423500120639801,0.7683573365211487,0.8713523149490356,0.0800553634762764
deadlift_500111.jpg,0.762270987033844,0.12156079709529877,-0.10762083530426025,0.7570694088935852,0.1014867052435875,-0.09183000773191452,0.7557249665260315,0.1009037047624588,-0.09191349893808365,0.7540677785873413,0.1000661849975586,-0.09192947298288345,0.7562505006790161,0.10174033790826797,-0.13628320395946503,0.754632294178009,0.101474829018116,-0.13633735477924347,0.7528785467147827,0.10096947103738785,-0.13651162385940552,0.7368962168693542,0.10247471928596497,-0.01294405572116375,0.7377761006355286,0.10365046560764313,-0.21483050286769867,0.7563287615776062,0.13824765384197235,-0.07396439462900162,0.7549120187759399,0.13739816844463348,-0.13134542107582092,0.7131737470626831,0.21047189831733704,0.11719265580177307,0.7155937552452087,0.21491298079490662,-0.3111889660358429,0.7157719731330872,0.33376625180244446,0.13460983335971832,0.7185268402099609,0.3552394509315491,-0.31883734464645386,0.7174556851387024,0.44095197319984436,0.03243894875049591,0.7362629771232605,0.4592852294445038,-0.1914447396993637,0.7196468710899353,0.4698599576950073,0.014779957942664623,0.7346137166023254,0.4894341826438904,-0.21617715060710907,0.7204592823982239,0.465929239988327,-0.00483277952298522,0.7425061464309692,0.4848424792289734,-0.20943935215473175,0.7202998399734497,0.456274151802063,0.016448277980089188,0.7387613654136658,0.4757319986820221,-0.18667174875736237,0.7079194188117981,0.48160654306411743,0.13333357870578766,0.7251144051551819,0.481320858001709,-0.13352474570274353,0.7225123047828674,0.6527882814407349,0.27840492129325867,0.7251492738723755,0.6647588610649109,0.0038899455685168505,0.732408881187439,0.8137246966362,0.45601779222488403,0.7197784185409546,0.8311290144920349,0.20298640429973602,0.7149934768676758,0.843180239200592,0.4682975709438324,0.706344723701477,0.8663711547851562,0.21810534596443176,0.7676979303359985,0.842660665512085,0.40599265694618225,0.7682203054428101,0.864155650138855,0.12342726439237595
deadlift_500121.jpg,0.7613217234611511,0.1152852401137352,-0.09870152175426483,0.7556136250495911,0.0981631800532341,-0.08379469811916351,0.7543852925300598,0.09764719754457474,-0.08387388288974762,0.7529950737953186,0.09714791178703308,-0.0838843435049057,0.754668653011322,0.09799721091985703,-0.12672384083271027,0.7529903054237366,0.09752518683671951,-0.12678174674510956,0.7512760162353516,0.09714663028717041,-0.12694327533245087,0.7370811104774475,0.10375630110502243,-0.011698671616613865,0.737114667892456,0.10468631237745285,-0.20751513540744781,0.7550308704376221,0.13381758332252502,-0.06725332140922546,0.7532777190208435,0.1330939382314682,-0.12253360450267792,0.7121828198432922,0.20708206295967102,0.11553159356117249,0.7163316011428833,0.2123555988073349,-0.3035522997379303,0.7158190608024597,0.33196142315864563,0.1311504989862442,0.7209030389785767,0.3595954179763794,-0.31902047991752625,0.7182776927947998,0.4342869222164154,0.03589680418372154,0.735519528388977,0.4559609293937683,-0.20562170445919037,0.720170795917511,0.4623047411441803,0.028493544086813927,0.734595000743866,0.48411327600479126,-0.23220416903495789,0.7207371592521667,0.4570328891277313,0.00646984064951539,0.7422305345535278,0.47901031374931335,-0.23001907765865326,0.7205615639686584,0.44756847620010376,0.021166929975152016,0.7382588982582092,0.46968430280685425,-0.2026708871126175,0.7160423398017883,0.48565927147865295,0.129474475979805,0.7334480285644531,0.4832715392112732,-0.12962940335273743,0.7218189239501953,0.6578357219696045,0.2652442157268524,0.7317159175872803,0.6615151762962341,0.011653229594230652,0.7301033735275269,0.8208612203598022,0.4316163659095764,0.7208896279335022,0.82755446434021,0.2077580988407135,0.71028733253479,0.8527109622955322,0.442719429731369,0.7061163783073425,0.867384672164917,0.222202867269516,0.7683058977127075,0.8516351580619812,0.3852249085903168,0.7683380842208862,0.8678818345069885,0.13517116010189056
deadlift_500131.jpg,0.7668408155441284,0.11799892038106918,-0.09844229370355606,0.7613880634307861,0.09930888563394547,-0.08523319661617279,0.7600663900375366,0.09870463609695435,-0.0853143036365509,0.7586554288864136,0.09822919964790344,-0.08530507236719131,0.7610350847244263,0.0990937128663063,-0.12723973393440247,0.7596505284309387,0.0985034927725792,-0.12728804349899292,0.7581700086593628,0.09809119999408722,-0.12745288014411926,0.7442252039909363,0.10401884466409683,-0.014090614393353462,0.7439576387405396,0.1046590805053711,-0.2041621059179306,0.76078861951828,0.13708344101905823,-0.06679742783308029,0.7593880295753479,0.1364985853433609,-0.12121294438838959,0.7173264026641846,0.20758502185344696,0.11304135620594025,0.7199288010597229,0.20993447303771973,-0.2937920391559601,0.7156720757484436,0.3458194434642792,0.1307750791311264,0.7197557687759399,0.3588232696056366,-0.3215295970439911,0.7242676615715027,0.4348171353340149,0.035027917474508286,0.7352739572525024,0.46498435735702515,-0.2565065920352936,0.7269641160964966,0.4687689542770386,0.027589065954089165,0.7338183522224426,0.49297240376472473,-0.2872774004936218,0.731835663318634,0.4658242166042328,0.003006902290508151,0.7408618330955505,0.4901575744152069,-0.2844480574131012,0.7307063341140747,0.45604968070983887,0.019157307222485542,0.7381594777107239,0.47939762473106384,-0.25368425250053406,0.7258124947547913,0.48485204577445984,0.12557515501976013,0.7330095767974854,0.48116716742515564,-0.12568530440330505,0.7259202599525452,0.6547461748123169,0.22381806373596191,0.7299903631210327,0.6603705883026123,-0.026804842054843903,0.7290131449699402,0.8157601952552795,0.3593427836894989,0.7224063277244568,0.8286347985267639,0.11742988973855972,0.7105311155319214,0.8464202880859375,0.36675727367401123,0.7072131633758545,0.8697730302810669,0.12565962970256805,0.7677602767944336,0.8542078733444214,0.3063504993915558,0.767728865146637,0.8725780248641968,0.032216332852840424
deadlift_500141.jpg,0.769574761390686,0.1374683380126953,-0.08557483553886414,0.7657756805419922,0.1183781698346138,-0.072182796895504,0.7646232843399048,0.11794150620698929,-0.07227180153131485,0.7637507915496826,0.11757976561784744,-0.07227861136198044,0.7628791332244873,0.11865071952342987,-0.11095352470874786,0.7607519030570984,0.11846695840358734,-0.1109362542629242,0.7605881094932556,0.11832535266876221,-0.11100887507200241,0.7454540133476257,0.12276897579431534,-0.012757834047079086,0.7491434812545776,0.1237458735704422,-0.19074898958206177,0.7674197554588318,0.15504398941993713,-0.05961607024073601,0.7678970098495483,0.15475477278232574,-0.11027197539806366,0.7209280729293823,0.22015514969825745,0.0967990830540657,0.7297878861427307,0.22483445703983307,-0.27134597301483154,0.7082957029342651,0.3630439043045044,0.11957729607820511,0.7209064960479736,0.3830682635307312,-0.31339845061302185,0.7213305830955505,0.4720650911331177,0.0921558141708374,0.7359810471534729,0.49865931272506714,-0.28596916794776917,0.7173709273338318,0.5013227462768555,0.102732352912426,0.7353799939155579,0.5285903215408325,-0.318316787481308,0.7291418313980103,0.49645325541496277,0.07801471650600433,0.7399038672447205,0.5243686437606812,-0.30718252062797546,0.7283346652984619,0.4897036552429199,0.0799805149435997,0.7378984093666077,0.5156884789466858,-0.2815849184989929,0.7137912511825562,0.48825928568840027,0.11604341119527817,0.7324256896972656,0.4859218895435333,-0.11613503843545914,0.7152156233787537,0.6570396423339844,0.17230720818042755,0.7325807213783264,0.6631709337234497,-0.043323080986738205,0.7285318970680237,0.819409191608429,0.2832232415676117,0.7261010408401489,0.8242707848548889,0.06965629011392593,0.710884153842926,0.8542991876602173,0.2856993079185486,0.7124897837638855,0.8639468550682068,0.07750345021486282,0.7660616636276245,0.8551252484321594,0.21962317824363708,0.7672666907310486,0.8670176863670349,-0.0022551226429641247
deadlift_600001.jpg,0.5699108839035034,0.41476160287857056,0.058550264686346054,0.5683739185333252,0.4010063707828522,0.0616888590157032,0.5676047801971436,0.40025046467781067,0.061625488102436066,0.5668521523475647,0.3995843231678009,0.061610955744981766,0.5694332122802734,0.40037956833839417,0.04492143169045448,0.5693238973617554,0.3994644284248352,0.044922225177288055,0.5691756010055542,0.39877820014953613,0.04471832141280174,0.5589237213134766,0.3947088122367859,0.0653332993388176,0.5618491768836975,0.3957269489765167,-0.0095621757209301,0.5644364953041077,0.4227685332298279,0.06373509019613266,0.5655990839004517,0.4233264625072479,0.04195241630077362,0.5637038946151733,0.45907723903656006,0.07406434416770935,0.6115747690200806,0.4593926668167114,-0.04579029977321625,0.5496147871017456,0.5755334496498108,0.05589349940419197,0.5988115072250366,0.569652795791626,-0.08572421222925186,0.5656129717826843,0.6600088477134705,0.046128034591674805,0.6012699007987976,0.6578349471092224,-0.09025636315345764,0.5678205490112305,0.6774088740348816,0.048304423689842224,0.6047138571739197,0.6807011961936951,-0.09566305577754974,0.5755987167358398,0.6795003414154053,0.05878358706831932,0.5724432468414307,0.668172299861908,-0.08619478344917297,0.575278639793396,0.6724575161933899,0.04627536982297897,0.5706670880317688,0.6708609461784363,-0.08628104627132416,0.5927019715309143,0.5812459588050842,0.04065411910414696,0.6316308379173279,0.5835533142089844,-0.04101596772670746,0.5598031878471375,0.6881305575370789,0.1281253695487976,0.6099892258644104,0.6793222427368164,-0.002651607384905219,0.5392566919326782,0.8200792074203491,0.1368253529071808,0.5500320792198181,0.820222020149231,-0.0037900072056800127,0.5353488922119141,0.8457382917404175,0.13437166810035706,0.5391386151313782,0.8577168583869934,-0.0026473375037312508,0.5272721648216248,0.8601532578468323,0.08765031397342682,0.5173030495643616,0.8726106286048889,-0.044789791107177734
deadlift_600011.jpg,0.5543727874755859,0.4994216859340668,-0.6069339513778687,0.5552358627319336,0.4851905107498169,-0.6049128174781799,0.554425835609436,0.48540186882019043,-0.6048902273178101,0.5533114075660706,0.48563727736473083,-0.6049274206161499,0.5544301867485046,0.4834190309047699,-0.6204745769500732,0.5527269244194031,0.48284220695495605,-0.6206362843513489,0.5505988597869873,0.48267126083374023,-0.6208594441413879,0.5406638979911804,0.4745786786079407,-0.5178439021110535,0.532771110534668,0.48215624690055847,-0.5868341326713562,0.5503780841827393,0.5035708546638489,-0.5622942447662354,0.5490853190422058,0.5027269721031189,-0.5830110907554626,0.524824321269989,0.5000231266021729,-0.3302991986274719,0.5199369788169861,0.5329291224479675,-0.48086363077163696,0.5379306077957153,0.6442984342575073,-0.29265397787094116,0.5229150056838989,0.6655210852622986,-0.5008571743965149,0.5473702549934387,0.7565889358520508,-0.36976704001426697,0.5500176548957825,0.7627329230308533,-0.5584016442298889,0.549572765827179,0.7809092998504639,-0.3868134617805481,0.5492551326751709,0.7838887572288513,-0.6008807420730591,0.5440000295639038,0.7792476415634155,-0.415933758020401,0.5407426953315735,0.7827923893928528,-0.6096582412719727,0.5539487600326538,0.7791802287101746,-0.38420024514198303,0.5358180403709412,0.7682405114173889,-0.5631381273269653,0.5194175839424133,0.5687252283096313,0.054705698043107986,0.516827404499054,0.5731550455093384,-0.054733846336603165,0.5192490816116333,0.7087205052375793,-0.0031664171256124973,0.5189740061759949,0.6817445158958435,-0.16923975944519043,0.4919373393058777,0.8562499284744263,0.09988094866275787,0.4839484989643097,0.8504823446273804,-0.12159230560064316,0.4846765100955963,0.8764822483062744,0.10479884594678879,0.47446903586387634,0.8816920518875122,-0.12122539430856705,0.49387773871421814,0.8946864604949951,-0.018755026161670685,0.48769500851631165,0.8864510655403137,-0.2618333399295807
deadlift_600021.jpg,0.5164260268211365,0.5714779496192932,-0.5415163040161133,0.52131587266922,0.5663320422172546,-0.5636385679244995,0.5200724005699158,0.5649527907371521,-0.5635920763015747,0.5195658802986145,0.5623235702514648,-0.5637025833129883,0.525230348110199,0.5654247999191284,-0.5715832114219666,0.5263421535491943,0.5636643767356873,-0.5716272592544556,0.5282885432243347,0.5670259594917297,-0.5718061923980713,0.5201953649520874,0.5450178980827332,-0.5685698986053467,0.5267620086669922,0.5608769059181213,-0.602799117565155,0.5126838088035583,0.5621554851531982,-0.5264603495597839,0.5156648755073547,0.5621553659439087,-0.5373380184173584,0.4775885343551636,0.5267572999000549,-0.4458875060081482,0.5187399387359619,0.5545329451560974,-0.4828977584838867,0.4839231073856354,0.667373776435852,-0.3977758288383484,0.5312393307685852,0.6728948950767517,-0.4956861734390259,0.5217252969741821,0.7826977968215942,-0.4181048274040222,0.5504284501075745,0.7384376525878906,-0.5514681339263916,0.53873211145401,0.7984932065010071,-0.44211825728416443,0.5481234788894653,0.7554237246513367,-0.5859619379043579,0.5336246490478516,0.806391716003418,-0.4582656919956207,0.542364776134491,0.7564017176628113,-0.6009199023246765,0.5310843586921692,0.7989262342453003,-0.42637258768081665,0.5377195477485657,0.7493383884429932,-0.5605437755584717,0.45213133096694946,0.5463827848434448,0.029970472678542137,0.46854886412620544,0.5685873031616211,-0.029745033010840416,0.4599491357803345,0.7037528157234192,0.007177107036113739,0.49541300535202026,0.6905159950256348,-0.06613637506961823,0.4561067521572113,0.8601542711257935,0.1621844619512558,0.46700116991996765,0.8504130244255066,0.07043922692537308,0.4541007876396179,0.8823330402374268,0.14687146246433258,0.45867329835891724,0.8788166642189026,0.07825187593698502,0.46187227964401245,0.8923838138580322,0.07565930485725403,0.47843581438064575,0.8768593072891235,-0.05085556581616402
deadlift_600031.jpg,0.5487205982208252,0.49683642387390137,-0.5420137643814087,0.5459006428718567,0.4922308623790741,-0.5589852929115295,0.5421373844146729,0.48325788974761963,-0.5588794946670532,0.5393972992897034,0.4822741150856018,-0.5589741468429565,0.5512861013412476,0.4950735867023468,-0.5729356408119202,0.5520721673965454,0.4965004026889801,-0.5730258226394653,0.5526725649833679,0.498789519071579,-0.573176383972168,0.5217893719673157,0.4830383360385895,-0.5565851926803589,0.5423166751861572,0.5150960683822632,-0.6165780425071716,0.5396653413772583,0.49230387806892395,-0.5266945958137512,0.542251706123352,0.5014970302581787,-0.5451460480690002,0.44892215728759766,0.49353861808776855,-0.43829286098480225,0.5401965975761414,0.5463885068893433,-0.523335337638855,0.4462817907333374,0.6242856979370117,-0.3872717320919037,0.5457487106323242,0.6561181545257568,-0.5475257635116577,0.4946935772895813,0.726918637752533,-0.40113553404808044,0.5466117858886719,0.7380863428115845,-0.5796899199485779,0.49059930443763733,0.7607800960540771,-0.41653546690940857,0.557871401309967,0.7698585391044617,-0.6158034801483154,0.501914381980896,0.7671260237693787,-0.4350084066390991,0.549822211265564,0.771220326423645,-0.629532516002655,0.502612292766571,0.7617717385292053,-0.40960749983787537,0.5443797707557678,0.7569817304611206,-0.5879725813865662,0.4316874146461487,0.5189514756202698,0.052067819982767105,0.475688099861145,0.5477839112281799,-0.05200294777750969,0.44821223616600037,0.6983662247657776,0.05485541373491287,0.5081753730773926,0.6906160712242126,-0.06833288818597794,0.4445279836654663,0.844954252243042,0.22700880467891693,0.49201831221580505,0.8686342835426331,0.03150198236107826,0.4469212591648102,0.8779347538948059,0.2412845492362976,0.4741682708263397,0.8952914476394653,0.03533824905753136,0.468945175409317,0.8849253058433533,0.13697810471057892,0.520621120929718,0.8810024857521057,-0.09183260053396225
deadlift_600041.jpg,0.5544001460075378,0.42460328340530396,0.6815419793128967,0.5509113669395447,0.4138539731502533,0.6853989958763123,0.5473751425743103,0.4110771715641022,0.6855539679527283,0.5440399050712585,0.41032329201698303,0.6855910420417786,0.5572447180747986,0.4187384247779846,0.668127179145813,0.5580852627754211,0.4202248752117157,0.6682433485984802,0.5587280988693237,0.42212188243865967,0.6681574583053589,0.5445489883422852,0.4157294034957886,0.6212854981422424,0.5647823810577393,0.4301016926765442,0.5455458164215088,0.5437116026878357,0.42772284150123596,0.6574074625968933,0.5491504669189453,0.43154266476631165,0.6342610716819763,0.46327897906303406,0.44415998458862305,0.4979783296585083,0.5375258326530457,0.5051932334899902,0.37427982687950134,0.4371378719806671,0.5787896513938904,0.4864582121372223,0.5512286424636841,0.6173024773597717,0.3473700284957886,0.4409274458885193,0.68897944688797,0.5139644742012024,0.5455296635627747,0.6909940838813782,0.42016854882240295,0.44192734360694885,0.719146728515625,0.5177451372146606,0.5526688694953918,0.718241274356842,0.42099475860595703,0.4439179003238678,0.7199004292488098,0.5241290330886841,0.5472733974456787,0.7173903584480286,0.42729198932647705,0.4465670883655548,0.708000123500824,0.5163759589195251,0.5391138792037964,0.706467866897583,0.42636728286743164,0.4255726635456085,0.5196223855018616,0.05973287299275398,0.5051752924919128,0.5382944941520691,-0.059936001896858215,0.4400460124015808,0.6957485675811768,0.14997424185276031,0.5130807161331177,0.6900877356529236,-0.002132246969267726,0.436966210603714,0.843718409538269,0.21689783036708832,0.4883674383163452,0.870800256729126,0.016557468101382256,0.43833228945732117,0.8734332323074341,0.22059039771556854,0.48197636008262634,0.9034483432769775,0.012377363629639149,0.4564870297908783,0.875019907951355,0.1786404699087143,0.5101107358932495,0.8822720646858215,-0.061818283051252365
deadlift_600051.jpg,0.5613661408424377,0.28159934282302856,0.12341237813234329,0.557421863079071,0.26488202810287476,0.11303911358118057,0.5544583797454834,0.2633521854877472,0.11301123350858688,0.5511149764060974,0.2615353763103485,0.11301980167627335,0.5613739490509033,0.26781973242759705,0.08832095563411713,0.5614656209945679,0.26859503984451294,0.08836431056261063,0.5613640546798706,0.26939308643341064,0.08826761692762375,0.5383275747299194,0.263882577419281,0.07760345190763474,0.5522801876068115,0.2771223485469818,-0.030300311744213104,0.5520331859588623,0.29572343826293945,0.11805986613035202,0.5561566948890686,0.2990038990974426,0.08579428493976593,0.45893561840057373,0.346013605594635,0.12381205707788467,0.5469882488250732,0.3796885311603546,-0.09905975311994553,0.44086968898773193,0.480230450630188,0.18151746690273285,0.5504534840583801,0.5294761657714844,-0.12445341795682907,0.4331681430339813,0.5883327722549438,0.2314060628414154,0.5568899512290955,0.6371504068374634,-0.0855618491768837,0.4262979328632355,0.6135290265083313,0.2484089434146881,0.5616579055786133,0.6686834096908569,-0.10384095460176468,0.43533799052238464,0.6199213862419128,0.2313338816165924,0.5577111840248108,0.667264997959137,-0.10523459315299988,0.43871423602104187,0.6115456223487854,0.22642898559570312,0.5531425476074219,0.6548409461975098,-0.08421722054481506,0.43261799216270447,0.5215240716934204,0.10150723159313202,0.49426573514938354,0.5380228161811829,-0.10204090178012848,0.44128042459487915,0.6890489459037781,0.17908327281475067,0.5135380625724792,0.6900946497917175,0.0022130089346319437,0.4381347596645355,0.8423041701316833,0.30363547801971436,0.49289268255233765,0.8715732097625732,0.060914814472198486,0.433872789144516,0.873566746711731,0.3161658048629761,0.4819932281970978,0.9101295471191406,0.06620819121599197,0.4599669277667999,0.8727238774299622,0.2858198881149292,0.5201585292816162,0.8808650374412537,0.010343805886805058
deadlift_600061.jpg,0.5456207990646362,0.22393491864204407,0.10550146549940109,0.5392442941665649,0.2100030481815338,0.09164106845855713,0.5349709987640381,0.20907026529312134,0.09161903709173203,0.5305995941162109,0.20831063389778137,0.09158382564783096,0.5483322739601135,0.2120993435382843,0.06948595494031906,0.5504828691482544,0.2126440703868866,0.06950601190328598,0.5523023009300232,0.2133418768644333,0.06943774223327637,0.5220721364021301,0.21377524733543396,0.042808011174201965,0.5476189851760864,0.2204749435186386,-0.05413227900862694,0.5368120670318604,0.2360018789768219,0.0954078659415245,0.5460309386253357,0.23838460445404053,0.06680069863796234,0.4638742506504059,0.30189311504364014,0.11557581275701523,0.5490548014640808,0.3269845247268677,-0.1627361923456192,0.44677385687828064,0.422482430934906,0.1834290474653244,0.5534825921058655,0.47103503346443176,-0.16594383120536804,0.4459150731563568,0.520496129989624,0.2311510294675827,0.5559742450714111,0.5807383060455322,-0.0980091318488121,0.4412868916988373,0.5454287528991699,0.25353726744651794,0.559741735458374,0.610113263130188,-0.11217188090085983,0.4510864317417145,0.5494533181190491,0.23242133855819702,0.5562885999679565,0.6094269156455994,-0.10962217301130295,0.45446649193763733,0.541033923625946,0.22344599664211273,0.5517087578773499,0.5975096225738525,-0.0948125496506691,0.4386635422706604,0.5111035108566284,0.11442641913890839,0.4913480877876282,0.5236356854438782,-0.11470949649810791,0.44500985741615295,0.6788507699966431,0.1663682609796524,0.504772424697876,0.6905847191810608,-0.026871727779507637,0.43527060747146606,0.8421096205711365,0.260718435049057,0.4889366328716278,0.8788146376609802,-0.04282304272055626,0.4308103322982788,0.8716170191764832,0.2690138816833496,0.4796747863292694,0.9167050123214722,-0.04550397768616676,0.4653876721858978,0.8690916299819946,0.22265911102294922,0.5274032354354858,0.8911389708518982,-0.10933362692594528
deadlift_600071.jpg,0.5354291796684265,0.17980170249938965,0.11463064700365067,0.5286293625831604,0.16495269536972046,0.09945043921470642,0.525391697883606,0.16413892805576324,0.09942768514156342,0.522085964679718,0.16362589597702026,0.09936921298503876,0.5352036952972412,0.16656693816184998,0.07682879269123077,0.5367000102996826,0.16675814986228943,0.0768335834145546,0.538192629814148,0.16709943115711212,0.07676538825035095,0.5108450651168823,0.17115521430969238,0.04612075909972191,0.531178891658783,0.17514321208000183,-0.053388629108667374,0.5282760262489319,0.19283629953861237,0.10262648016214371,0.5353130102157593,0.1938229203224182,0.07346832007169724,0.45573124289512634,0.26986774802207947,0.1266641467809677,0.5396791696548462,0.2948724329471588,-0.17832018435001373,0.45704466104507446,0.39289575815200806,0.2028341293334961,0.5530313849449158,0.4291400909423828,-0.1713072657585144,0.46681657433509827,0.47592365741729736,0.25314074754714966,0.5612181425094604,0.5394241809844971,-0.061881110072135925,0.4650994539260864,0.49824532866477966,0.2756872773170471,0.5642764568328857,0.5694179534912109,-0.0690230280160904,0.4729243814945221,0.4978395998477936,0.25379839539527893,0.5606967806816101,0.5682932734489441,-0.06455995887517929,0.4757809042930603,0.4903102517127991,0.2445911467075348,0.557386040687561,0.5592092871665955,-0.05688865855336189,0.4384899139404297,0.4946165680885315,0.11404658854007721,0.4895440936088562,0.5058889389038086,-0.1142720952630043,0.44305655360221863,0.6695197820663452,0.17006628215312958,0.5039187073707581,0.6878744959831238,-0.03010835312306881,0.43439170718193054,0.8401808738708496,0.24136939644813538,0.4887952208518982,0.8780419230461121,-0.044614192098379135,0.42876556515693665,0.8709452152252197,0.2391238808631897,0.48024114966392517,0.9125329852104187,-0.04722581058740616,0.4563870429992676,0.8671523928642273,0.21413269639015198,0.5247739553451538,0.8936893939971924,-0.11168261617422104
deadlift_600081.jpg,0.5237566232681274,0.15375398099422455,0.1279945820569992,0.5171962976455688,0.1392425298690796,0.11075180023908615,0.5133828520774841,0.13892629742622375,0.11076093465089798,0.5094615817070007,0.13880889117717743,0.11073216050863266,0.5257371068000793,0.1400575488805771,0.0881245955824852,0.5280170440673828,0.1404026299715042,0.08806665986776352,0.5301938652992249,0.14094433188438416,0.08794142305850983,0.49972933530807495,0.14596816897392273,0.05311184749007225,0.5285479426383972,0.14993500709533691,-0.046632956713438034,0.5170494914054871,0.16812846064567566,0.11444003134965897,0.5273467302322388,0.16783015429973602,0.08547981083393097,0.4535934329032898,0.24820713698863983,0.12425313144922256,0.5359604358673096,0.2641045153141022,-0.18484234809875488,0.4558197855949402,0.37562668323516846,0.17090757191181183,0.5483589768409729,0.40318170189857483,-0.14320258796215057,0.4796172082424164,0.4449705481529236,0.19629015028476715,0.5613377094268799,0.5151715874671936,0.05372050777077675,0.4813995957374573,0.4645541310310364,0.21140597760677338,0.5638052225112915,0.5458576679229736,0.060293011367321014,0.4871980547904968,0.4607764482498169,0.194538414478302,0.5623883008956909,0.5417386889457703,0.06602206826210022,0.48924383521080017,0.45470839738845825,0.18842998147010803,0.5595045685768127,0.5313233733177185,0.061933401972055435,0.4453738033771515,0.4896176755428314,0.11766175925731659,0.4922524094581604,0.49837878346443176,-0.11794261634349823,0.44531357288360596,0.6630837917327881,0.22483374178409576,0.5031853914260864,0.685138463973999,-0.032509323209524155,0.4385105073451996,0.8398423790931702,0.3139626383781433,0.4901025593280792,0.8760639429092407,0.029889129102230072,0.4337981641292572,0.8734960556030273,0.3188568651676178,0.47946158051490784,0.911002516746521,0.03473164141178131,0.4739924669265747,0.860149621963501,0.292169988155365,0.5277366042137146,0.8942726254463196,-0.019737424328923225
deadlift_600091.jpg,0.5130707621574402,0.14160220324993134,0.1417524367570877,0.5074944496154785,0.12684938311576843,0.11870972812175751,0.5037477016448975,0.12640972435474396,0.11876006424427032,0.4996814429759979,0.12628385424613953,0.11872605234384537,0.5157229900360107,0.1282406598329544,0.10140165686607361,0.5179784893989563,0.12869514524936676,0.10137321054935455,0.5201176404953003,0.12925367057323456,0.10125788301229477,0.48999348282814026,0.13299117982387543,0.047918517142534256,0.5200689435005188,0.13808855414390564,-0.02871616557240486,0.5058661103248596,0.15582989156246185,0.1241055428981781,0.5156348943710327,0.1567869335412979,0.10194476693868637,0.4413474500179291,0.2360231578350067,0.10996199399232864,0.5300911664962769,0.25159594416618347,-0.16684187948703766,0.45261436700820923,0.34142789244651794,0.22077852487564087,0.543459951877594,0.3945356011390686,-0.10340586304664612,0.4964824616909027,0.3384722173213959,0.34458819031715393,0.560419499874115,0.5018619298934937,0.09675396233797073,0.49851444363594055,0.33962005376815796,0.37099742889404297,0.5647957921028137,0.5371440649032593,0.11258748918771744,0.5032572746276855,0.33036085963249207,0.3626366853713989,0.5640102624893188,0.5295426845550537,0.11046894639730453,0.5052081942558289,0.3321608006954193,0.34347254037857056,0.5601913928985596,0.5186517238616943,0.10325835645198822,0.4462084472179413,0.4895983934402466,0.110526904463768,0.49422237277030945,0.49680817127227783,-0.11079497635364532,0.4468167722225189,0.6634543538093567,0.22313740849494934,0.5014091730117798,0.6831969022750854,-0.027493974193930626,0.4345478415489197,0.8395731449127197,0.30992648005485535,0.4918883442878723,0.8772655129432678,0.03151778131723404,0.4287875294685364,0.8724485635757446,0.3167019188404083,0.48087185621261597,0.910357654094696,0.036690499633550644,0.4599995017051697,0.8617031574249268,0.30283528566360474,0.5272877216339111,0.8967409729957581,-0.004689319990575314
deadlift_600101.jpg,0.5049406290054321,0.1370210498571396,0.1354498714208603,0.4998219609260559,0.12304776161909103,0.11416614055633545,0.4962405860424042,0.12293196469545364,0.11422859877347946,0.4923248887062073,0.12312307208776474,0.11417778581380844,0.5075876116752625,0.12376265227794647,0.0964583083987236,0.5097173452377319,0.12411915510892868,0.09645023196935654,0.5117219686508179,0.12467625737190247,0.09635479003190994,0.4830808639526367,0.12997111678123474,0.05030561611056328,0.5119885206222534,0.13326643407344818,-0.027600927278399467,0.49785301089286804,0.15239812433719635,0.12051190435886383,0.5068624019622803,0.1534595638513565,0.09768204391002655,0.437806099653244,0.23141242563724518,0.11512694507837296,0.5228359699249268,0.24559906125068665,-0.15943042933940887,0.4554038643836975,0.3269869089126587,0.24743005633354187,0.5414480566978455,0.38697734475135803,-0.10605396330356598,0.501833975315094,0.3069247007369995,0.4028712213039398,0.5607227683067322,0.4954284131526947,0.08493202179670334,0.5047535300254822,0.30267053842544556,0.4348003566265106,0.5660582780838013,0.53038489818573,0.0999668762087822,0.5106183290481567,0.29377302527427673,0.4286693036556244,0.5651656985282898,0.5261159539222717,0.09738633781671524,0.5125176310539246,0.2978568971157074,0.40380004048347473,0.5605115294456482,0.516846239566803,0.09114853292703629,0.44800958037376404,0.48660552501678467,0.1075870543718338,0.4956170618534088,0.49264293909072876,-0.1078590378165245,0.447648823261261,0.6632102727890015,0.20603157579898834,0.5025942921638489,0.6809654235839844,-0.024623006582260132,0.43587011098861694,0.8390263915061951,0.28562209010124207,0.4910736382007599,0.8771271705627441,0.040260475128889084,0.431109219789505,0.8725391626358032,0.2915992736816406,0.4795367121696472,0.9109358787536621,0.04644392430782318,0.4615446925163269,0.8638002872467041,0.27305805683135986,0.5253739953041077,0.8956632018089294,0.008468879386782646
deadlift_600111.jpg,0.5019686222076416,0.13549618422985077,0.1700129210948944,0.4967654049396515,0.12135734409093857,0.14816494286060333,0.4935590326786041,0.12108223140239716,0.1481991708278656,0.4901142120361328,0.12124872207641602,0.14815878868103027,0.5035454034805298,0.12230624258518219,0.12816275656223297,0.5052419900894165,0.12248346209526062,0.12812770903110504,0.506788432598114,0.12291222810745239,0.1279897838830948,0.47960737347602844,0.12949758768081665,0.07166659086942673,0.5054852366447449,0.13106150925159454,-0.01611991971731186,0.4950677156448364,0.15109166502952576,0.14963258802890778,0.5028751492500305,0.15169109404087067,0.12415064126253128,0.4326574504375458,0.23652759194374084,0.1272788643836975,0.5198009610176086,0.24364852905273438,-0.16228607296943665,0.44890931248664856,0.3433404862880707,0.2001686841249466,0.5369443893432617,0.38397058844566345,-0.1301448792219162,0.4836083650588989,0.4057569205760956,0.2623671293258667,0.5569989681243896,0.4980914294719696,0.025843825191259384,0.4892723858356476,0.42105451226234436,0.2814428210258484,0.5629586577415466,0.5296400785446167,0.031724877655506134,0.4976519048213959,0.416609525680542,0.2664043605327606,0.5618639588356018,0.5263295769691467,0.03776223957538605,0.4987023174762726,0.41166046261787415,0.2565919756889343,0.5567041039466858,0.5178610682487488,0.03360997512936592,0.44935622811317444,0.48724302649497986,0.11150036752223969,0.49751707911491394,0.4914218783378601,-0.11171095818281174,0.45196977257728577,0.662272036075592,0.21079450845718384,0.5024242401123047,0.6803491115570068,-0.04988718405365944,0.43677225708961487,0.8401860594749451,0.29332640767097473,0.4922218918800354,0.8754469156265259,-0.01482644397765398,0.4311869740486145,0.8718271851539612,0.29820147156715393,0.4805203974246979,0.9108723402023315,-0.013597043231129646,0.46277913451194763,0.8654110431671143,0.27243635058403015,0.5288194417953491,0.8982685804367065,-0.07012750208377838
deadlift_600121.jpg,0.4984169006347656,0.13508360087871552,0.16815270483493805,0.4930174648761749,0.12083957344293594,0.14773525297641754,0.4897749125957489,0.12079411745071411,0.14776301383972168,0.48640161752700806,0.12117057293653488,0.14774011075496674,0.499469131231308,0.1208900660276413,0.12527646124362946,0.5010443925857544,0.12075430899858475,0.12524764239788055,0.502522349357605,0.12089303135871887,0.1251124143600464,0.4753706753253937,0.12960422039031982,0.07517755031585693,0.4998440146446228,0.12871621549129486,-0.02422093041241169,0.4915201961994171,0.15071561932563782,0.14896398782730103,0.4991596043109894,0.1504460722208023,0.12017188966274261,0.43078529834747314,0.24218037724494934,0.12878921627998352,0.517374575138092,0.2431945949792862,-0.16842599213123322,0.4386325478553772,0.366554856300354,0.1749517023563385,0.5357323288917542,0.38011041283607483,-0.13528653979301453,0.46953198313713074,0.43093690276145935,0.20251041650772095,0.5512656569480896,0.4941006898880005,-0.010443935170769691,0.47359535098075867,0.4503757953643799,0.2128494530916214,0.557966411113739,0.5269585251808167,-0.013007048517465591,0.4819670617580414,0.4462657570838928,0.19597767293453217,0.5575541853904724,0.5235923528671265,-0.011372036300599575,0.483362078666687,0.4389568269252777,0.19251827895641327,0.5504006743431091,0.5123299360275269,-0.006346463691443205,0.4478108286857605,0.48669570684432983,0.11286164820194244,0.4967119097709656,0.4910919964313507,-0.11299637705087662,0.4474373161792755,0.6614596247673035,0.2163076251745224,0.502388596534729,0.6802218556404114,-0.07193461060523987,0.43748193979263306,0.8406460285186768,0.30284813046455383,0.4921973645687103,0.8745808005332947,-0.05262412503361702,0.4318879544734955,0.8713712692260742,0.30702653527259827,0.48036783933639526,0.9095236659049988,-0.05413784459233284,0.461620956659317,0.8685629367828369,0.2745099365711212,0.5269530415534973,0.9011266231536865,-0.12251421064138412
deadlift_600131.jpg,0.49654096364974976,0.13345211744308472,0.15104156732559204,0.4912526309490204,0.11972232162952423,0.1331692487001419,0.4883768856525421,0.11987917870283127,0.13319166004657745,0.4852977395057678,0.12045546621084213,0.13316604495048523,0.4969862997531891,0.11950710415840149,0.10992838442325592,0.4983046352863312,0.1194152757525444,0.10990595072507858,0.49952030181884766,0.11962785571813583,0.10978863388299942,0.47376763820648193,0.1295190453529358,0.07179678231477737,0.4960364103317261,0.12804998457431793,-0.031002933159470558,0.49009495973587036,0.14929164946079254,0.13601957261562347,0.4969043731689453,0.14864853024482727,0.10641517490148544,0.4300203025341034,0.24096253514289856,0.1371811032295227,0.5152110457420349,0.2424321472644806,-0.17108359932899475,0.44088661670684814,0.35606515407562256,0.1995197832584381,0.5328298807144165,0.3791101574897766,-0.15263672173023224,0.46519479155540466,0.4292522072792053,0.23875568807125092,0.5467910766601562,0.4913550913333893,-0.038430169224739075,0.4689994156360626,0.44857314229011536,0.25398850440979004,0.5534864068031311,0.5236648917198181,-0.04296218976378441,0.4769969880580902,0.4443955719470978,0.23548683524131775,0.5529959201812744,0.5221624374389648,-0.036490004509687424,0.4783188998699188,0.43690383434295654,0.23009976744651794,0.5463817715644836,0.5105963945388794,-0.03162003681063652,0.44719362258911133,0.4842959940433502,0.11481618881225586,0.49657711386680603,0.4882042407989502,-0.11491651833057404,0.4480206072330475,0.6606804132461548,0.22280056774616241,0.501873254776001,0.6795545220375061,-0.0754539743065834,0.4381248354911804,0.8405181169509888,0.3197636902332306,0.49177804589271545,0.8739060163497925,-0.05120478570461273,0.431907057762146,0.871098518371582,0.32459428906440735,0.48081254959106445,0.908692479133606,-0.05204952135682106,0.46325188875198364,0.8681069016456604,0.293073832988739,0.5280672311782837,0.9019544124603271,-0.11964146047830582
deadlift_600141.jpg,0.4927690625190735,0.1340331882238388,0.16092273592948914,0.48754072189331055,0.11980105191469193,0.14269094169139862,0.4842633903026581,0.1199270486831665,0.1427120566368103,0.48073214292526245,0.12040962278842926,0.14268197119235992,0.49455752968788147,0.11944535374641418,0.11870069056749344,0.496332585811615,0.11932225525379181,0.11867059022188187,0.49794724583625793,0.11949099600315094,0.11854170262813568,0.4703480303287506,0.12906043231487274,0.07883436232805252,0.49495846033096313,0.12732383608818054,-0.027406854555010796,0.4856659173965454,0.14989160001277924,0.14487719535827637,0.4935588240623474,0.14939048886299133,0.11418811976909637,0.4284589886665344,0.2423226684331894,0.1446271389722824,0.5114654302597046,0.2414657175540924,-0.17293068766593933,0.4405583441257477,0.3565658926963806,0.20478878915309906,0.5298580527305603,0.3790591061115265,-0.15641015768051147,0.4585997462272644,0.4250807762145996,0.2401239275932312,0.5459110736846924,0.4923023283481598,-0.03992302715778351,0.4652164578437805,0.45050376653671265,0.2558788061141968,0.5531437993049622,0.5244467258453369,-0.04389171302318573,0.4736637473106384,0.4456477761268616,0.23769432306289673,0.552564799785614,0.5221944451332092,-0.038697969168424606,0.4756551682949066,0.437496155500412,0.23167504370212555,0.5460508465766907,0.5124672651290894,-0.03218234330415726,0.4470215141773224,0.48595130443573,0.11725036799907684,0.4956561028957367,0.4895917773246765,-0.11735884100198746,0.44820865988731384,0.6606197357177734,0.22607451677322388,0.5022731423377991,0.680020272731781,-0.07748068124055862,0.4382496774196625,0.8408629298210144,0.3270629048347473,0.49154502153396606,0.8737427592277527,-0.051166389137506485,0.43121275305747986,0.8709176182746887,0.3323610723018646,0.48197177052497864,0.9080432653427124,-0.05183770880103111,0.46168211102485657,0.8677065372467041,0.2975541949272156,0.5279698967933655,0.9042885899543762,-0.12278541177511215
deadlift_700001.jpg,,,,,,,,,,,,,,,,,,,,,,,,,,,,,,,,,,,,,,,,,,,,,,,,,,,,,,,,,,,,,,,,,,,,,,,,,,,,,,,,,,,,,,,,,,,,,,,,,,,
deadlift_700011.jpg,0.5937528610229492,0.4502476453781128,-0.11221858114004135,0.5933883190155029,0.4324423372745514,-0.09490414708852768,0.5925435423851013,0.43119704723358154,-0.09499846398830414,0.591597318649292,0.4297983944416046,-0.09506961703300476,0.5921531319618225,0.43250083923339844,-0.13448219001293182,0.5904259085655212,0.43138089776039124,-0.13453194499015808,0.5884382128715515,0.4299658536911011,-0.13459691405296326,0.5755091905593872,0.42206496000289917,-0.010596847161650658,0.5730856657028198,0.4235747158527374,-0.18891248106956482,0.5845622420310974,0.4618760943412781,-0.07756200432777405,0.5829561948776245,0.4597126841545105,-0.12930932641029358,0.5192352533340454,0.4892610013484955,0.11783269047737122,0.5123129487037659,0.4879528880119324,-0.2855373024940491,0.5062140822410583,0.6063479781150818,0.14761167764663696,0.49276018142700195,0.6178243160247803,-0.3034895658493042,0.49821674823760986,0.7097104787826538,0.08132021129131317,0.5047720074653625,0.7298159003257751,-0.24080348014831543,0.4986034631729126,0.7359061241149902,0.08174370974302292,0.5054759979248047,0.7475777268409729,-0.2718440890312195,0.49692827463150024,0.7345410585403442,0.05413588508963585,0.514917254447937,0.7463324069976807,-0.27013933658599854,0.49430206418037415,0.7252466678619385,0.06641069799661636,0.5133950710296631,0.7385146021842957,-0.2384827435016632,0.4253433644771576,0.6093170046806335,0.13151471316814423,0.4004468619823456,0.6108493208885193,-0.1315675526857376,0.5256260633468628,0.6679626703262329,0.21171516180038452,0.48509421944618225,0.6922879815101624,-0.351663738489151,0.5016896724700928,0.8155032396316528,0.3179360330104828,0.4784487187862396,0.860689640045166,-0.3113315999507904,0.4830988943576813,0.8375962376594543,0.32584092020988464,0.46576693654060364,0.878625750541687,-0.30659595131874084,0.5428054332733154,0.8569397926330566,0.2802187204360962,0.5329107046127319,0.8967805504798889,-0.3866519629955292
deadlift_700021.jpg,0.5937566757202148,0.3571069538593292,-0.036295969039201736,0.5941975116729736,0.3396584689617157,-0.018408548086881638,0.5934318900108337,0.3386349081993103,-0.018526751548051834,0.5926164984703064,0.337260901927948,-0.018622051924467087,0.5925275087356567,0.33876702189445496,-0.057237137109041214,0.5906705856323242,0.3371402621269226,-0.057248152792453766,0.5886539220809937,0.33514562249183655,-0.05730428546667099,0.5772244334220886,0.3320904076099396,0.06850451976060867,0.5732401609420776,0.3304055631160736,-0.10752680152654648,0.5845539569854736,0.3677927553653717,-0.0006214661407284439,0.582789957523346,0.3650304079055786,-0.05173090472817421,0.5274907946586609,0.40454885363578796,0.18708370625972748,0.5131041407585144,0.391992449760437,-0.20309966802597046,0.5057507753372192,0.4992519021034241,0.22456833720207214,0.4945356249809265,0.504489541053772,-0.21338129043579102,0.49869072437286377,0.5854053497314453,0.14010639488697052,0.5026996731758118,0.6049917936325073,-0.13452544808387756,0.5014603137969971,0.6229773759841919,0.14787837862968445,0.5012080073356628,0.643982470035553,-0.14702752232551575,0.4999154508113861,0.6094182729721069,0.12543867528438568,0.5104104280471802,0.6439727544784546,-0.14552082121372223,0.4980924725532532,0.6016523838043213,0.128391295671463,0.5090596675872803,0.6331623792648315,-0.1291591227054596,0.4282251000404358,0.5437287092208862,0.11987582594156265,0.4004434049129486,0.5357222557067871,-0.11990027874708176,0.5164774656295776,0.6195480227470398,0.20500396192073822,0.43202725052833557,0.6456453800201416,-0.45758160948753357,0.4883185029029846,0.6382486820220947,0.2397976517677307,0.4784650206565857,0.717578649520874,-0.44408172369003296,0.4800981879234314,0.6426112055778503,0.24173125624656677,0.47416502237319946,0.7229865193367004,-0.43883973360061646,0.5002101063728333,0.6322224736213684,0.2248261421918869,0.5324268341064453,0.7394856214523315,-0.48614010214805603
deadlift_700031.jpg,0.529606282711029,0.15364299714565277,-0.12814675271511078,0.52220618724823,0.14206361770629883,-0.11097802966833115,0.5222489833831787,0.14188118278980255,-0.11104142665863037,0.5225880146026611,0.14163389801979065,-0.11109797656536102,0.5201967358589172,0.1432565152645111,-0.1369570791721344,0.5186032652854919,0.1441069096326828,-0.1369955986738205,0.516906201839447,0.14521780610084534,-0.1370992511510849,0.5238743424415588,0.15192154049873352,-0.022828780114650726,0.5050932765007019,0.15793229639530182,-0.15081976354122162,0.5366676449775696,0.17343930900096893,-0.09349410980939865,0.5298351645469666,0.16838540136814117,-0.126063272356987,0.5259947180747986,0.31884974241256714,0.12152759730815887,0.4888470768928528,0.28389593958854675,-0.24444881081581116,0.4926578402519226,0.43179842829704285,0.20251885056495667,0.4801871180534363,0.42705151438713074,-0.26105526089668274,0.5119592547416687,0.5298374891281128,0.11146397888660431,0.5002121329307556,0.5444958806037903,-0.1686500757932663,0.5125925540924072,0.5512154698371887,0.09168460965156555,0.5008286237716675,0.5700448155403137,-0.1641714721918106,0.5107342600822449,0.5327311158180237,0.060995686799287796,0.5090888738632202,0.5675820112228394,-0.19912715256214142,0.5095652341842651,0.5280386209487915,0.09266950190067291,0.5084973573684692,0.5554251074790955,-0.1690378189086914,0.4277428686618805,0.47827276587486267,0.12277989834547043,0.40341511368751526,0.48621901869773865,-0.12243755161762238,0.5029801726341248,0.6290344595909119,0.15731540322303772,0.4917166829109192,0.6623579859733582,-0.2592266798019409,0.48051774501800537,0.6908467411994934,0.24539422988891602,0.47488144040107727,0.7575470209121704,-0.23963788151741028,0.4668235778808594,0.6665432453155518,0.24976763129234314,0.4664267897605896,0.8017240166664124,-0.23658905923366547,0.5071814656257629,0.7691820859909058,0.19308099150657654,0.5196056365966797,0.8402326703071594,-0.3028102517127991
deadlift_700041.jpg,0.4647742509841919,0.1253134310245514,-0.3254641592502594,0.4576379358768463,0.11019570380449295,-0.2903284728527069,0.4575114846229553,0.10926055163145065,-0.2904128432273865,0.45727652311325073,0.10842777788639069,-0.29051050543785095,0.45356571674346924,0.1136024072766304,-0.32655173540115356,0.4505959451198578,0.11486338824033737,-0.32660943269729614,0.44720110297203064,0.1162923201918602,-0.32661566138267517,0.44611769914627075,0.11771460622549057,-0.13276761770248413,0.4326697885990143,0.12693056464195251,-0.29341650009155273,0.4664386808872223,0.14060640335083008,-0.2670278549194336,0.4602791965007782,0.14200040698051453,-0.31381577253341675,0.4811686873435974,0.25290071964263916,0.05176601558923721,0.4271421432495117,0.24836468696594238,-0.3379499018192291,0.48465999960899353,0.3728927969932556,0.13518725335597992,0.44733044505119324,0.39204296469688416,-0.3561110496520996,0.510311484336853,0.486047625541687,0.04983316361904144,0.4868965446949005,0.5043613910675049,-0.34042221307754517,0.5189305543899536,0.5058229565620422,0.04212603345513344,0.4950481057167053,0.5326931476593018,-0.38784676790237427,0.5105676651000977,0.5080568790435791,-0.0005843741819262505,0.5006852746009827,0.5294721126556396,-0.3808665871620178,0.5089049935340881,0.5035569667816162,0.02904912456870079,0.49953407049179077,0.5236773490905762,-0.33725276589393616,0.40007486939430237,0.4323364198207855,0.12876833975315094,0.3724469542503357,0.4551796019077301,-0.12821629643440247,0.49215400218963623,0.589805543422699,0.16589456796646118,0.49155575037002563,0.6206604838371277,-0.2858373522758484,0.4710833728313446,0.7557903528213501,0.27299076318740845,0.4679032564163208,0.8056417107582092,-0.32040366530418396,0.45574823021888733,0.7671123743057251,0.27702364325523376,0.4559268355369568,0.818212628364563,-0.3233104944229126,0.5062969326972961,0.8087822198867798,0.22850583493709564,0.5153063535690308,0.8620294332504272,-0.4284878671169281
deadlift_700051.jpg,0.45475196838378906,0.11894379556179047,-0.2757476270198822,0.4463447332382202,0.10512219369411469,-0.2437901645898819,0.4462369680404663,0.10473595559597015,-0.24387477338314056,0.44606539607048035,0.10449327528476715,-0.2439614087343216,0.4419292211532593,0.10744207352399826,-0.27862030267715454,0.4387824237346649,0.1089683249592781,-0.2786760926246643,0.43535664677619934,0.11080128699541092,-0.278725266456604,0.43351858854293823,0.11467022448778152,-0.10340370237827301,0.4217807352542877,0.12196806818246841,-0.2589224576950073,0.45525309443473816,0.13573263585567474,-0.22340233623981476,0.448811411857605,0.13819053769111633,-0.26831918954849243,0.45375344157218933,0.24112434685230255,0.07245783507823944,0.41999903321266174,0.2371487021446228,-0.3374473452568054,0.4751254618167877,0.35538390278816223,0.13651281595230103,0.4320637285709381,0.36270278692245483,-0.3839893043041229,0.5101427435874939,0.4764247536659241,0.059264615178108215,0.4791313111782074,0.4889066815376282,-0.38352903723716736,0.5154569745063782,0.5028769373893738,0.05515015497803688,0.4862973392009735,0.5273493528366089,-0.42986389994621277,0.509246826171875,0.5072037577629089,0.01695311814546585,0.49505460262298584,0.5260541439056396,-0.426391065120697,0.5068334937095642,0.49721646308898926,0.04049504175782204,0.49333229660987854,0.5146094560623169,-0.38140782713890076,0.3950822949409485,0.4474596381187439,0.13814309239387512,0.3646914064884186,0.4647977650165558,-0.13782256841659546,0.48274487257003784,0.5871000289916992,0.24007226526737213,0.4821604788303375,0.611918568611145,-0.31387656927108765,0.46914559602737427,0.7576627135276794,0.39381143450737,0.46400636434555054,0.8186574578285217,-0.3408503532409668,0.45319560170173645,0.7808195352554321,0.4035901725292206,0.44435563683509827,0.8420215249061584,-0.34596747159957886,0.5138729810714722,0.8084644675254822,0.35296630859375,0.5152028799057007,0.8660652041435242,-0.4501202404499054
deadlift_700061.jpg,0.46109190583229065,0.11820264160633087,-0.2856612205505371,0.4541013538837433,0.10320711135864258,-0.2509726881980896,0.4540320932865143,0.10279610753059387,-0.25104349851608276,0.4537884294986725,0.10251326113939285,-0.25110530853271484,0.4501870572566986,0.104667529463768,-0.2811965346336365,0.44725459814071655,0.10563657432794571,-0.28125306963920593,0.44410282373428345,0.10701708495616913,-0.28131064772605896,0.44086283445358276,0.11192364245653152,-0.09995333850383759,0.42970436811447144,0.1191805824637413,-0.23726359009742737,0.4614555537700653,0.1337471306324005,-0.22934813797473907,0.4551267623901367,0.13688406348228455,-0.2675207853317261,0.4627818763256073,0.22917281091213226,0.08318725228309631,0.42533203959465027,0.23247970640659332,-0.32149991393089294,0.4728165864944458,0.3451191782951355,0.13133634626865387,0.43958422541618347,0.3603142499923706,-0.3617859482765198,0.501917839050293,0.4657682180404663,0.027639834210276604,0.47691184282302856,0.4804505705833435,-0.34012606739997864,0.5077109932899475,0.4946131706237793,0.020045286044478416,0.4826247990131378,0.5165005326271057,-0.38261017203330994,0.5058873295783997,0.5020372271537781,-0.017635587602853775,0.48932749032974243,0.5165690779685974,-0.37758076190948486,0.5032829642295837,0.4869478940963745,0.008001348003745079,0.4881596267223358,0.5024605393409729,-0.3373304009437561,0.4021841585636139,0.4580841362476349,0.13819271326065063,0.3700657784938812,0.4723748564720154,-0.1380297690629959,0.46896791458129883,0.5940800309181213,0.21772098541259766,0.46954405307769775,0.6360765099525452,-0.16575196385383606,0.4595949947834015,0.766460657119751,0.35585451126098633,0.4627864956855774,0.8225713968276978,-0.07623901218175888,0.445904403924942,0.797624945640564,0.3648925721645355,0.4460834860801697,0.8819453716278076,-0.07226845622062683,0.507754385471344,0.8165131211280823,0.3126625418663025,0.5169833302497864,0.8661139011383057,-0.1594565063714981
deadlift_700071.jpg,0.49451446533203125,0.12632155418395996,-0.22806312143802643,0.48956045508384705,0.10856126248836517,-0.20234711468219757,0.4895704984664917,0.10816586762666702,-0.20245689153671265,0.4894055426120758,0.10774242877960205,-0.20258280634880066,0.4852900803089142,0.10869384557008743,-0.23431745171546936,0.48201557993888855,0.10826253145933151,-0.2343723028898239,0.4785490334033966,0.10778994858264923,-0.23437784612178802,0.47584134340286255,0.11197622120380402,-0.07586278766393661,0.46254995465278625,0.11371203511953354,-0.23124732077121735,0.49217110872268677,0.1440611034631729,-0.1974056363105774,0.48602259159088135,0.14532749354839325,-0.23615486919879913,0.47660329937934875,0.23036475479602814,0.11899399757385254,0.446824848651886,0.2304535061120987,-0.31371384859085083,0.4757542908191681,0.36791929602622986,0.17119553685188293,0.45210257172584534,0.38323068618774414,-0.3511374890804291,0.49145328998565674,0.4779433310031891,0.07449730485677719,0.4804263412952423,0.4973319172859192,-0.31171590089797974,0.4981990456581116,0.5141134262084961,0.06485258787870407,0.48594266176223755,0.5318946242332458,-0.3498128652572632,0.49778154492378235,0.5163143277168274,0.030533576384186745,0.4917556643486023,0.5337321162223816,-0.34614360332489014,0.49609649181365967,0.5037214756011963,0.0545307993888855,0.4903770983219147,0.5214585661888123,-0.308878630399704,0.44620296359062195,0.49070438742637634,0.13937073945999146,0.4311315417289734,0.49790653586387634,-0.13934831321239471,0.4843622148036957,0.6527588963508606,0.19312649965286255,0.4714927077293396,0.6756607294082642,-0.08710873872041702,0.46852734684944153,0.8155525326728821,0.3482123911380768,0.4642948508262634,0.8706373572349548,0.051782526075839996,0.4525066614151001,0.8405864238739014,0.3559633493423462,0.4490562379360199,0.9178558588027954,0.05955073982477188,0.5088332891464233,0.8656766414642334,0.2800443470478058,0.5169203877449036,0.9127157330513,-0.039076562970876694
deadlift_700081.jpg,0.5487452745437622,0.2050521820783615,-0.18648628890514374,0.5496218800544739,0.1863228976726532,-0.16273489594459534,0.5493696331977844,0.185690239071846,-0.16284361481666565,0.5490320324897766,0.18499355018138885,-0.16285736858844757,0.5452565550804138,0.18524163961410522,-0.21117441356182098,0.5419099926948547,0.1839204579591751,-0.2111636996269226,0.538493812084198,0.18254129588603973,-0.2111203372478485,0.533453106880188,0.1854380965232849,-0.03805234655737877,0.5198572278022766,0.18426211178302765,-0.22708424925804138,0.5376554131507874,0.22059601545333862,-0.1395045965909958,0.5321033596992493,0.21979080140590668,-0.20299693942070007,0.4805125892162323,0.2838553190231323,0.14389456808567047,0.4787316620349884,0.28340423107147217,-0.3248760998249054,0.4782155156135559,0.41467034816741943,0.17439018189907074,0.4732794761657715,0.4311259090900421,-0.38256558775901794,0.4879249334335327,0.510934591293335,0.06347878277301788,0.48258739709854126,0.5462464094161987,-0.3514123558998108,0.48971036076545715,0.547639012336731,0.058463871479034424,0.4880005717277527,0.5771268606185913,-0.3901563584804535,0.4933064877986908,0.5459239482879639,0.027836937457323074,0.49404528737068176,0.5763025283813477,-0.3854724168777466,0.49260279536247253,0.5339243412017822,0.04500507563352585,0.4927707314491272,0.5669465661048889,-0.3472258448600769,0.44691070914268494,0.49703046679496765,0.14370164275169373,0.43002286553382874,0.5073166489601135,-0.14368918538093567,0.49088820815086365,0.6572885513305664,0.1944417506456375,0.48551398515701294,0.6753675937652588,-0.4050697684288025,0.4726598858833313,0.823789656162262,0.31333208084106445,0.4721498191356659,0.8676789402961731,-0.5291290283203125,0.45618927478790283,0.8491981625556946,0.3160252571105957,0.4505417048931122,0.9103901386260986,-0.5461539626121521,0.5112133026123047,0.8748844861984253,0.24189218878746033,0.5162270069122314,0.9070085883140564,-0.6762039065361023
deadlift_700091.jpg,0.5726295113563538,0.3628488779067993,-0.18554022908210754,0.5737383365631104,0.34614622592926025,-0.161214679479599,0.5728809833526611,0.3445528745651245,-0.16132235527038574,0.5720590949058533,0.34272557497024536,-0.16132314503192902,0.5729074478149414,0.3461027443408966,-0.2076767534017563,0.5714923739433289,0.3447590172290802,-0.20772391557693481,0.5700304508209229,0.3433045744895935,-0.20780529081821442,0.5569427013397217,0.3332327902317047,-0.0769997388124466,0.5531760454177856,0.3342161476612091,-0.28714239597320557,0.5603849291801453,0.37265223264694214,-0.14312566816806793,0.5584633350372314,0.37238451838493347,-0.20507311820983887,0.4821693003177643,0.3868264853954315,0.06084740161895752,0.49435725808143616,0.40302127599716187,-0.3806787133216858,0.47968655824661255,0.5192305445671082,0.09580902755260468,0.4930785000324249,0.5678644776344299,-0.43976467847824097,0.48636579513549805,0.6246255040168762,0.026222074404358864,0.4828436076641083,0.695280909538269,-0.41301336884498596,0.4856167733669281,0.6502588391304016,0.03261329606175423,0.48841747641563416,0.736728310585022,-0.46097511053085327,0.49094197154045105,0.6503640413284302,-0.0018246121471747756,0.4952746331691742,0.7336110472679138,-0.45242956280708313,0.48981913924217224,0.6427508592605591,0.008762164041399956,0.4940488040447235,0.7174202799797058,-0.4103599190711975,0.4422636032104492,0.5805672407150269,0.12777496874332428,0.4203842580318451,0.5829331874847412,-0.1276024430990219,0.5152680277824402,0.6069841980934143,0.09754360467195511,0.4814397692680359,0.6718006730079651,-0.20829364657402039,0.4774467647075653,0.7709872126579285,0.159222811460495,0.4663727581501007,0.7798271179199219,0.009915396571159363,0.4587509036064148,0.7962987422943115,0.16245727241039276,0.4487956762313843,0.789952278137207,0.031550921499729156,0.5123859643936157,0.8135259747505188,0.12223952263593674,0.5087922215461731,0.8251314759254456,0.00817857589572668
deadlift_700101.jpg,0.5777852535247803,0.514912486076355,-0.07695867121219635,0.5842605829238892,0.49818122386932373,-0.06125500425696373,0.5836060047149658,0.4965687096118927,-0.06131341680884361,0.5829189419746399,0.4947960674762726,-0.06125175952911377,0.5847119092941284,0.49666404724121094,-0.1076197698712349,0.5843848586082458,0.49427807331085205,-0.10764128714799881,0.5839921236038208,0.49171486496925354,-0.10778260231018066,0.5721095204353333,0.47771647572517395,0.0018839555559679866,0.5726186037063599,0.47564324736595154,-0.212705597281456,0.5655940771102905,0.518491804599762,-0.0491364486515522,0.5655336976051331,0.5157067179679871,-0.11049497127532959,0.4943941831588745,0.49742093682289124,0.12698237597942352,0.5127362012863159,0.4976741671562195,-0.3332579433917999,0.48037856817245483,0.62189781665802,0.1600077748298645,0.5027585625648499,0.6344748139381409,-0.42632919549942017,0.4961050748825073,0.7279439568519592,0.11180297285318375,0.49415862560272217,0.7587189674377441,-0.36654648184776306,0.4972030520439148,0.7520179152488708,0.12764491140842438,0.49219924211502075,0.7878178954124451,-0.4094447195529938,0.5071925520896912,0.756524384021759,0.09374977648258209,0.5018016695976257,0.7926493287086487,-0.4110461175441742,0.5049399733543396,0.7473674416542053,0.09495703130960464,0.5021220445632935,0.7818041443824768,-0.3762412369251251,0.4291597008705139,0.6506302952766418,0.13484551012516022,0.42159974575042725,0.6492942571640015,-0.13474826514720917,0.5176807045936584,0.671650767326355,0.12398082762956619,0.516307532787323,0.7274510860443115,-0.21223092079162598,0.49024006724357605,0.837058424949646,0.1969277262687683,0.467935174703598,0.8900378942489624,-0.10136652737855911,0.4708694815635681,0.8574301600456238,0.1996886283159256,0.447356641292572,0.9039194583892822,-0.09027863293886185,0.5254868865013123,0.8871760964393616,0.16612185537815094,0.5098363161087036,0.9590944647789001,-0.12868885695934296
deadlift_700111.jpg,0.5769514441490173,0.5011172294616699,-0.06374293565750122,0.5816646218299866,0.4871844947338104,-0.050424445420503616,0.5808255076408386,0.48541781306266785,-0.05052858218550682,0.5799435377120972,0.4834071397781372,-0.0505402609705925,0.5823240280151367,0.4878808856010437,-0.09228052943944931,0.5819812417030334,0.48687756061553955,-0.09228779375553131,0.5815616846084595,0.4857550263404846,-0.09239105880260468,0.5679638981819153,0.4713551104068756,0.014383479952812195,0.5699679851531982,0.47549110651016235,-0.17735670506954193,0.5656166076660156,0.5059769749641418,-0.03484993800520897,0.5654715299606323,0.5056854486465454,-0.09025431424379349,0.4960388243198395,0.5050655603408813,0.14229027926921844,0.5100606083869934,0.5200615525245667,-0.2871896028518677,0.48141756653785706,0.6288166046142578,0.17508050799369812,0.5017861723899841,0.6482534408569336,-0.34067127108573914,0.49408403038978577,0.724332869052887,0.1035342738032341,0.5066202282905579,0.7585996985435486,-0.2967992424964905,0.4976321756839752,0.7628723978996277,0.11109960824251175,0.504050612449646,0.7861121892929077,-0.3390873372554779,0.505840003490448,0.7669197916984558,0.0768669918179512,0.5139903426170349,0.7890813946723938,-0.3282102346420288,0.503455400466919,0.7583550214767456,0.08610960841178894,0.5129916667938232,0.7801501154899597,-0.2936800420284271,0.4163663983345032,0.6697899103164673,0.13541264832019806,0.41548070311546326,0.675805926322937,-0.1354507952928543,0.5241235494613647,0.6787839531898499,0.17178718745708466,0.5133521556854248,0.7238444685935974,-0.1753578782081604,0.49500197172164917,0.8441160321235657,0.2135189026594162,0.483980268239975,0.8763997554779053,-0.011453808285295963,0.47575968503952026,0.8677231073379517,0.21773652732372284,0.46462997794151306,0.8955296874046326,0.005660996772348881,0.5271661877632141,0.8780599236488342,0.22532279789447784,0.5343393683433533,0.9291925430297852,-0.03095168061554432
deadlift_700121.jpg,0.5714061260223389,0.5081663131713867,-0.09778718650341034,0.5759149789810181,0.491129994392395,-0.08384449779987335,0.5752464532852173,0.48934581875801086,-0.08393864333629608,0.5745270848274231,0.4873582720756531,-0.08395621180534363,0.5756900906562805,0.4909760653972626,-0.12330293655395508,0.5748617649078369,0.48935621976852417,-0.12334110587835312,0.5739520788192749,0.48757293820381165,-0.12343190610408783,0.5610799789428711,0.4725624620914459,0.008074454963207245,0.5607678890228271,0.47360122203826904,-0.1925850808620453,0.5607231259346008,0.5150261521339417,-0.06724286824464798,0.5596387982368469,0.5140421390533447,-0.11937502026557922,0.49615949392318726,0.5107375383377075,0.10850851237773895,0.5050058364868164,0.5290077328681946,-0.2927144765853882,0.4820801615715027,0.6242356300354004,0.1294499635696411,0.5046737194061279,0.6740393042564392,-0.3220757246017456,0.4998079538345337,0.7204176187515259,0.06676056981086731,0.5140951871871948,0.7748344540596008,-0.2787678837776184,0.5073202848434448,0.7602930068969727,0.06949594616889954,0.5124359130859375,0.7895013689994812,-0.32068637013435364,0.5100657343864441,0.7628300786018372,0.03802494332194328,0.5188396573066711,0.7935194373130798,-0.3140583336353302,0.5067365169525146,0.7569204568862915,0.05105694755911827,0.5171610713005066,0.7871671915054321,-0.2768703103065491,0.4153595268726349,0.6649028062820435,0.12880195677280426,0.4038076400756836,0.6786400079727173,-0.12889614701271057,0.5306233167648315,0.6710092425346375,0.19854475557804108,0.5088183283805847,0.7344958782196045,-0.18779972195625305,0.5064511895179749,0.8360906839370728,0.26139500737190247,0.48196303844451904,0.8785093426704407,-0.052422694861888885,0.48709800839424133,0.8587451577186584,0.26777419447898865,0.46183523535728455,0.8970521688461304,-0.036616504192352295,0.5514261722564697,0.8773255944252014,0.2674722969532013,0.5339019894599915,0.9230422377586365,-0.056941594928503036
deadlift_700131.jpg,0.5685768723487854,0.4978382885456085,-0.04490840062499046,0.5717088580131531,0.4801974892616272,-0.030383076518774033,0.5710828900337219,0.47880372405052185,-0.030475420877337456,0.5704171061515808,0.47717657685279846,-0.030503327026963234,0.5709950923919678,0.47991493344306946,-0.06729885935783386,0.5698540210723877,0.47855430841445923,-0.06731834262609482,0.5686121582984924,0.4770302176475525,-0.06739694625139236,0.5574742555618286,0.4675121009349823,0.04366670548915863,0.555006742477417,0.4681616425514221,-0.1241632029414177,0.5590931177139282,0.5064684748649597,-0.01461012288928032,0.5571954846382141,0.5049195885658264,-0.06286407262086868,0.49499303102493286,0.5256652235984802,0.15445692837238312,0.5005388855934143,0.5321386456489563,-0.22464299201965332,0.49117979407310486,0.6494791507720947,0.1586046665906906,0.5027455687522888,0.6774150133132935,-0.25830820202827454,0.5105757713317871,0.765880823135376,0.10677144676446915,0.515221357345581,0.7726889848709106,-0.22993037104606628,0.5182799696922302,0.7870884537696838,0.11307347565889359,0.51370769739151,0.7904139161109924,-0.2647017538547516,0.5174081325531006,0.7895281314849854,0.0846930667757988,0.5204758644104004,0.7911574244499207,-0.25595489144325256,0.5128756165504456,0.7835761308670044,0.09234964102506638,0.5187612771987915,0.7858002781867981,-0.22691191732883453,0.4136262536048889,0.6834911108016968,0.11766725033521652,0.3976593017578125,0.6887866854667664,-0.11778754740953445,0.5344461798667908,0.6714674830436707,0.19009383022785187,0.5061014890670776,0.7264179587364197,-0.2094806283712387,0.5020856857299805,0.8140884637832642,0.23095321655273438,0.47275009751319885,0.8884338140487671,-0.1631127893924713,0.48323142528533936,0.8302413821220398,0.23501212894916534,0.4579595625400543,0.9290183186531067,-0.15279455482959747,0.5496787428855896,0.8457162380218506,0.22902193665504456,0.5325332283973694,0.9386773705482483,-0.11188949644565582
deadlift_700141.jpg,0.5676283240318298,0.486099511384964,-0.03323187679052353,0.5714702010154724,0.4691441059112549,-0.016882723197340965,0.5702977776527405,0.4675966501235962,-0.016978075727820396,0.5688984394073486,0.4659365713596344,-0.01702215149998665,0.5699536204338074,0.46954864263534546,-0.05506511032581329,0.5684213042259216,0.4684719443321228,-0.055104125291109085,0.5668804049491882,0.46734559535980225,-0.05518735200166702,0.5525851845741272,0.45871680974960327,0.058942560106515884,0.5541374087333679,0.46011480689048767,-0.11184561252593994,0.5584840774536133,0.4979904890060425,-0.0019631884060800076,0.5558274388313293,0.49771347641944885,-0.0514373853802681,0.48929232358932495,0.530267059803009,0.1688813865184784,0.4926578104496002,0.5381050705909729,-0.211922749876976,0.4923862814903259,0.6487611532211304,0.16934078931808472,0.5004447102546692,0.6794547438621521,-0.24477918446063995,0.5090324282646179,0.7623084783554077,0.11439306288957596,0.5149438977241516,0.7789729833602905,-0.200273796916008,0.5156072378158569,0.7827204465866089,0.12017076462507248,0.5202938914299011,0.7915316820144653,-0.2274055927991867,0.5147072672843933,0.7844469547271729,0.09645333141088486,0.5206187963485718,0.8012176752090454,-0.2214052677154541,0.5107008218765259,0.779187798500061,0.1016649454832077,0.5188515782356262,0.7933855056762695,-0.19685445725917816,0.41374844312667847,0.6933550238609314,0.11522623896598816,0.3980098366737366,0.7023082971572876,-0.11533069610595703,0.5317192077636719,0.6713129281997681,0.21892954409122467,0.5044766664505005,0.7251691222190857,-0.2933208644390106,0.5005915760993958,0.7777326703071594,0.2645733058452606,0.47064417600631714,0.8853612542152405,-0.29802778363227844,0.4812268614768982,0.7910282611846924,0.2676638960838318,0.4560445547103882,0.9276936054229736,-0.296397864818573,0.5348156094551086,0.7948375344276428,0.26563525199890137,0.5323876142501831,0.9268216490745544,-0.33576470613479614
deadlift_800001.jpg,0.5805813670158386,0.4992397725582123,-0.0682695209980011,0.5853298306465149,0.48303696513175964,-0.052278511226177216,0.5846576690673828,0.4814392626285553,-0.05237530544400215,0.5838736295700073,0.47952574491500854,-0.05240805819630623,0.5844542384147644,0.48208028078079224,-0.09198219329118729,0.5834054350852966,0.480193555355072,-0.09201017767190933,0.5823102593421936,0.4781310558319092,-0.09208738058805466,0.5703938603401184,0.46688032150268555,0.03561811149120331,0.5697459578514099,0.4671493470668793,-0.11346639692783356,0.5683987140655518,0.5062822103500366,-0.03669954091310501,0.5673929452896118,0.5042278170585632,-0.0882808268070221,0.49898412823677063,0.5047565698623657,0.13872574269771576,0.5074886083602905,0.5156391859054565,-0.23312145471572876,0.4909704625606537,0.6263639330863953,0.1438559591770172,0.5018270611763,0.6469869017601013,-0.28472813963890076,0.5024046897888184,0.740599513053894,0.09380116313695908,0.5126050710678101,0.752649188041687,-0.2451896071434021,0.5073694586753845,0.7635195255279541,0.09630780667066574,0.5164715051651001,0.7702606916427612,-0.28021809458732605,0.5072051286697388,0.7657045722007751,0.06953021883964539,0.5196882486343384,0.7732205986976624,-0.27189382910728455,0.5034249424934387,0.758685827255249,0.07958386093378067,0.5175744891166687,0.766217052936554,-0.24158024787902832,0.41037803888320923,0.661734938621521,0.11856283247470856,0.39883679151535034,0.6731303930282593,-0.11863572150468826,0.5297340154647827,0.6900604367256165,0.18173980712890625,0.5039909482002258,0.7311700582504272,-0.15620344877243042,0.507210373878479,0.8450517654418945,0.22741715610027313,0.4690890610218048,0.8832780718803406,-0.026241518557071686,0.48659947514533997,0.865669310092926,0.23042155802249908,0.44837677478790283,0.9213187098503113,-0.01066579483449459,0.5532824397087097,0.8934460282325745,0.20911060273647308,0.5245810151100159,0.9350037574768066,-0.03145948424935341
deadlift_800011.jpg,0.5756610631942749,0.503659188747406,-0.06236084923148155,0.5795257091522217,0.4880518913269043,-0.04765517637133598,0.578832745552063,0.48633211851119995,-0.04775172844529152,0.5780483484268188,0.48435860872268677,-0.047790803015232086,0.5789983868598938,0.48835742473602295,-0.08691181242465973,0.5780700445175171,0.48713061213493347,-0.08694417029619217,0.5770712494850159,0.48572567105293274,-0.0870133712887764,0.5647915601730347,0.47262030839920044,0.02490375004708767,0.5644752383232117,0.4750725328922272,-0.1467999964952469,0.5642312169075012,0.5099968910217285,-0.032992955297231674,0.5631471276283264,0.5093820691108704,-0.08432585746049881,0.499094694852829,0.5111956000328064,0.13789613544940948,0.5051210522651672,0.528684675693512,-0.24849198758602142,0.4907625615596771,0.629488468170166,0.14628949761390686,0.5025457739830017,0.6665285229682922,-0.28790590167045593,0.5022713541984558,0.74481201171875,0.09426837414503098,0.5122776627540588,0.7703613042831421,-0.2513038218021393,0.507411777973175,0.7653979063034058,0.09940744191408157,0.5163577198982239,0.7895492315292358,-0.2866186201572418,0.5073295831680298,0.7693254351615906,0.07285260409116745,0.5185189843177795,0.7936602830886841,-0.27691367268562317,0.5034858584403992,0.7637680768966675,0.08022408932447433,0.5168324112892151,0.7859897017478943,-0.24757565557956696,0.4097895622253418,0.6641526818275452,0.1185096800327301,0.39849433302879333,0.6762470602989197,-0.11853417009115219,0.5291615724563599,0.6855348944664001,0.22304505109786987,0.5081897974014282,0.7255886793136597,-0.1956673413515091,0.5040619373321533,0.8102254867553711,0.3130786120891571,0.47509336471557617,0.8817628622055054,-0.11410898715257645,0.4843990206718445,0.8267737627029419,0.32093554735183716,0.4481450915336609,0.915035605430603,-0.10411690920591354,0.5427117943763733,0.8497423529624939,0.31555575132369995,0.5329883694648743,0.9290351867675781,-0.14157789945602417
deadlift_800021.jpg,0.5736504197120667,0.4976225197315216,-0.03912138193845749,0.5774491429328918,0.4815029501914978,-0.025014519691467285,0.5769408345222473,0.47992345690727234,-0.025123922154307365,0.5764068961143494,0.47805383801460266,-0.025202767923474312,0.5764278173446655,0.4817247986793518,-0.06137982755899429,0.5752910375595093,0.48056694865226746,-0.06142642721533775,0.5740929245948792,0.47919395565986633,-0.06149977073073387,0.5642810463905334,0.467717707157135,0.040139514952898026,0.5619939565658569,0.469131737947464,-0.12319890409708023,0.5631347298622131,0.5079648494720459,-0.011562974192202091,0.5615814924240112,0.506876528263092,-0.059172455221414566,0.4973698854446411,0.5196353197097778,0.1447571963071823,0.5025356411933899,0.5303130149841309,-0.21869593858718872,0.4908207356929779,0.6382321119308472,0.1545751839876175,0.5014467835426331,0.6710642576217651,-0.24499787390232086,0.5020216703414917,0.7498680949211121,0.1197856143116951,0.5134755969047546,0.7696959376335144,-0.19908897578716278,0.5070526003837585,0.7698801755905151,0.1278134286403656,0.5144312977790833,0.7885617613792419,-0.22517305612564087,0.5061042904853821,0.7732343077659607,0.10687173902988434,0.5189885497093201,0.7851732969284058,-0.22031889855861664,0.5021471381187439,0.7680283188819885,0.10884661972522736,0.5170965790748596,0.7785291075706482,-0.19654208421707153,0.41117188334465027,0.668889045715332,0.11332323402166367,0.39601442217826843,0.6835979223251343,-0.11330871284008026,0.5286468267440796,0.6807483434677124,0.23716069757938385,0.5023909211158752,0.7276533246040344,-0.2738899886608124,0.5035852789878845,0.7964937090873718,0.33423566818237305,0.47498032450675964,0.8811283707618713,-0.2553861737251282,0.48652318120002747,0.8138604760169983,0.34256914258003235,0.4493538439273834,0.9140404462814331,-0.25161245465278625,0.543332040309906,0.8229747414588928,0.33793142437934875,0.5323920249938965,0.9076264500617981,-0.2940765619277954
deadlift_800031.jpg,0.5697742104530334,0.4885499179363251,-0.07524200528860092,0.5712078213691711,0.4714241921901703,-0.06356175988912582,0.5702459812164307,0.4697003960609436,-0.06365244090557098,0.569151759147644,0.4678758978843689,-0.06374935805797577,0.5708540678024292,0.472007155418396,-0.09985148906707764,0.5698387026786804,0.4709107577800751,-0.09995003789663315,0.5687215328216553,0.4697034955024719,-0.10000546276569366,0.5550992488861084,0.4611399471759796,0.0016559552168473601,0.554338812828064,0.46259579062461853,-0.1632528156042099,0.5589730739593506,0.49941083788871765,-0.04793168976902962,0.5576818585395813,0.4993986487388611,-0.09504862874746323,0.49358847737312317,0.5250359177589417,0.10732126235961914,0.49400442838668823,0.5404689311981201,-0.22025610506534576,0.491632878780365,0.6466442346572876,0.1198330745100975,0.5011759996414185,0.6996381282806396,-0.27311983704566956,0.502275288105011,0.759369432926178,0.08621902018785477,0.5135778784751892,0.8065055012702942,-0.21260406076908112,0.5072169899940491,0.7765410542488098,0.09590703994035721,0.5147407650947571,0.8334792852401733,-0.22913102805614471,0.5061348080635071,0.780331015586853,0.07430272549390793,0.5197600722312927,0.8283570408821106,-0.23764920234680176,0.5021823644638062,0.7765492796897888,0.07561672478914261,0.5176923274993896,0.8177594542503357,-0.20696455240249634,0.4119091033935547,0.6822823286056519,0.10951118171215057,0.3958043158054352,0.7012020349502563,-0.10940970480442047,0.5296809077262878,0.6774119138717651,0.23872120678424835,0.4987044930458069,0.725986659526825,-0.3091309666633606,0.4984598755836487,0.7816599607467651,0.3350188136100769,0.4663234055042267,0.887212872505188,-0.30050402879714966,0.48391157388687134,0.7968655228614807,0.34414419531822205,0.44941484928131104,0.9240819215774536,-0.29809334874153137,0.5334053039550781,0.7983107566833496,0.33611351251602173,0.5322521328926086,0.9084004163742065,-0.35583463311195374
deadlift_800041.jpg,0.5680549740791321,0.48267385363578796,-0.07614926248788834,0.5678092837333679,0.4653332233428955,-0.0634647086262703,0.56684410572052,0.4637505114078522,-0.06355755031108856,0.5657837390899658,0.46205541491508484,-0.06364141404628754,0.5673553347587585,0.46574944257736206,-0.10041259974241257,0.5662489533424377,0.46466708183288574,-0.10049378126859665,0.5649588108062744,0.4634711742401123,-0.1005566194653511,0.5511481761932373,0.4564805030822754,0.001979874214157462,0.5488248467445374,0.45743289589881897,-0.16246052086353302,0.5576538443565369,0.49339261651039124,-0.04751567915081978,0.5561894774436951,0.49308615922927856,-0.09556214511394501,0.4921889901161194,0.5253374576568604,0.11341633647680283,0.48983702063560486,0.5371466875076294,-0.2409692108631134,0.4928945004940033,0.6491864323616028,0.12783928215503693,0.5008562207221985,0.6952217817306519,-0.2727249562740326,0.5049313306808472,0.7648446559906006,0.08788133412599564,0.5131288766860962,0.8110695481300354,-0.2353113442659378,0.5105476975440979,0.7822285890579224,0.09851004183292389,0.5141097903251648,0.834694504737854,-0.2644447684288025,0.5087695717811584,0.7868967652320862,0.07454483956098557,0.5192226767539978,0.831204891204834,-0.25963297486305237,0.5045194029808044,0.7824982404708862,0.07721522450447083,0.517300546169281,0.8211685419082642,-0.2310621589422226,0.41259798407554626,0.68748539686203,0.10636579990386963,0.3952051103115082,0.702401876449585,-0.10626102238893509,0.5306587815284729,0.6760785579681396,0.23770712316036224,0.49876609444618225,0.7278218865394592,-0.29952681064605713,0.4940800964832306,0.7854198217391968,0.3109017610549927,0.46518474817276,0.885071337223053,-0.2810319662094116,0.47900068759918213,0.7997428774833679,0.32151561975479126,0.44278350472450256,0.9121978878974915,-0.2768038809299469,0.522971510887146,0.8069973587989807,0.31693628430366516,0.5324527621269226,0.9047967791557312,-0.325071781873703
deadlift_800051.jpg,0.5757773518562317,0.46479153633117676,-0.09841874241828918,0.5735923051834106,0.4462459981441498,-0.08519235253334045,0.5724925994873047,0.4453176259994507,-0.0852975994348526,0.5713405609130859,0.44445937871932983,-0.08536072075366974,0.5730839371681213,0.44725048542022705,-0.12310315668582916,0.5717412233352661,0.446999728679657,-0.1231498047709465,0.5702540874481201,0.4466067850589752,-0.12323282659053802,0.556340217590332,0.4484727084636688,-0.015935495495796204,0.5529740452766418,0.448106586933136,-0.18574446439743042,0.5663074851036072,0.48060837388038635,-0.06915061920881271,0.5656222105026245,0.48069632053375244,-0.11832161992788315,0.5039006471633911,0.514556348323822,0.10070308297872543,0.5002763271331787,0.5259079337120056,-0.2714398503303528,0.49451541900634766,0.6386224031448364,0.11158437281847,0.5016887187957764,0.6763218641281128,-0.2916772961616516,0.5046665072441101,0.7532585859298706,0.06836720556020737,0.5125418305397034,0.7893523573875427,-0.2575581669807434,0.5100823640823364,0.7724689245223999,0.07502847164869308,0.5117543339729309,0.8142685890197754,-0.2949064075946808,0.50867760181427,0.7765225768089294,0.04348163306713104,0.517300009727478,0.8157004714012146,-0.28545185923576355,0.5044711828231812,0.7710288166999817,0.053751390427351,0.5167243480682373,0.8059968948364258,-0.25417929887771606,0.4156460165977478,0.6763068437576294,0.10899828374385834,0.39630529284477234,0.6935924291610718,-0.1088506281375885,0.5367496013641357,0.6768747568130493,0.16093100607395172,0.5143758654594421,0.7308610677719116,-0.18503707647323608,0.5016233325004578,0.8294747471809387,0.18645504117012024,0.4750308692455292,0.8607965111732483,-0.003029127139598131,0.48227280378341675,0.8498181700706482,0.18816158175468445,0.45289021730422974,0.8682490587234497,0.019034557044506073,0.5449517369270325,0.8743540644645691,0.1672651618719101,0.5306065082550049,0.9054754376411438,0.017091453075408936
deadlift_800061.jpg,0.5964184999465942,0.38912031054496765,-0.16388572752475739,0.5918591618537903,0.3743520975112915,-0.1496618539094925,0.5906268954277039,0.3736056089401245,-0.14976821839809418,0.5894100666046143,0.37243902683258057,-0.14985880255699158,0.5911230444908142,0.3744124472141266,-0.1879260390996933,0.5893535614013672,0.3740534782409668,-0.18796974420547485,0.5874815583229065,0.3734162747859955,-0.18803729116916656,0.5733382105827332,0.3722994029521942,-0.07781925797462463,0.5698891878128052,0.3752366900444031,-0.24981851875782013,0.587327241897583,0.40445300936698914,-0.13380806148052216,0.5859634280204773,0.4038677513599396,-0.18377117812633514,0.526206910610199,0.4526992738246918,0.05371111258864403,0.5152446627616882,0.45455461740493774,-0.3343416154384613,0.5059306025505066,0.5859749913215637,0.08000453561544418,0.5051165223121643,0.6112359762191772,-0.35923629999160767,0.506239652633667,0.7086939215660095,0.03798851743340492,0.5034803152084351,0.7330023646354675,-0.3208640515804291,0.5098543763160706,0.7336150407791138,0.04391930624842644,0.5011733770370483,0.7649399638175964,-0.3576197624206543,0.5085565447807312,0.7385891675949097,0.013288714922964573,0.507027268409729,0.7665212154388428,-0.3506409227848053,0.5044496655464172,0.7294538617134094,0.023005221039056778,0.507986843585968,0.7536775469779968,-0.31827062368392944,0.4320971369743347,0.5994700193405151,0.11409179866313934,0.40299415588378906,0.5999088287353516,-0.11382979899644852,0.5305423140525818,0.637593150138855,0.2439572811126709,0.5010220408439636,0.6912509202957153,-0.1907651722431183,0.501160740852356,0.7683629989624023,0.3765978515148163,0.4755619466304779,0.8301078677177429,-0.08439040929079056,0.482054740190506,0.7880513668060303,0.3872170150279999,0.45834749937057495,0.8452381491661072,-0.07401272654533386,0.5430018305778503,0.8090639114379883,0.36392953991889954,0.5291303396224976,0.8609604835510254,-0.12137238681316376
deadlift_800071.jpg,0.5370367765426636,0.3125171363353729,-0.0033517316915094852,0.536526083946228,0.3000712990760803,0.0035129855386912823,0.5363617539405823,0.3002280294895172,0.0033595028799027205,0.5361922383308411,0.3003230094909668,0.0032620413694530725,0.5351956486701965,0.29855066537857056,-0.028091423213481903,0.5337418913841248,0.29710355401039124,-0.028102457523345947,0.5323219299316406,0.29568424820899963,-0.028267525136470795,0.5110231637954712,0.27368006110191345,0.06302857398986816,0.5102656483650208,0.27502205967903137,-0.07946674525737762,0.5346507430076599,0.3231064975261688,0.024842968210577965,0.5328603386878967,0.32125842571258545,-0.01674973964691162,0.5180510878562927,0.35035303235054016,0.1780651956796646,0.5101319551467896,0.3446057438850403,-0.1749028116464615,0.4962841868400574,0.44536352157592773,0.20964965224266052,0.49465158581733704,0.4610171914100647,-0.2715798020362854,0.505851149559021,0.5255069732666016,0.12707361578941345,0.5042307376861572,0.5497363805770874,-0.32039377093315125,0.50858074426651,0.5447748899459839,0.1250646859407425,0.49852973222732544,0.567750871181488,-0.35717761516571045,0.5105956196784973,0.542371928691864,0.10170210152864456,0.5037938356399536,0.564237117767334,-0.3475269377231598,0.5080887675285339,0.5352380275726318,0.11384613066911697,0.5047605037689209,0.5583562850952148,-0.3177959620952606,0.43022239208221436,0.516085147857666,0.11990096420049667,0.41500750184059143,0.5110519528388977,-0.11971109360456467,0.5122414231300354,0.6349028944969177,0.10940505564212799,0.4884575605392456,0.6871969699859619,-0.2274673581123352,0.4700879752635956,0.7793388366699219,0.14052905142307281,0.4764147102832794,0.8451648354530334,-0.28230443596839905,0.4506599009037018,0.7970901727676392,0.13961805403232574,0.45920664072036743,0.8603013157844543,-0.28673645853996277,0.49671119451522827,0.8193389773368835,0.07986371219158173,0.5178662538528442,0.8775345683097839,-0.37171047925949097
deadlift_800081.jpg,0.47190895676612854,0.13617707788944244,-0.34009724855422974,0.4677276611328125,0.1200798898935318,-0.31037941575050354,0.4676651954650879,0.11985933780670166,-0.31045791506767273,0.4853663742542267,0.20223072171211243,-0.3105616569519043,0.4639250338077545,0.1261606365442276,-0.3413052260875702,0.46347033977508545,0.12623867392539978,-0.34137141704559326,0.45702680945396423,0.123031847178936,-0.34139007329940796,0.4807509779930115,0.21536168456077576,-0.1639450192451477,0.444071501493454,0.1403191238641739,-0.30091673135757446,0.49582716822624207,0.23201319575309753,-0.28429821133613586,0.4859439730644226,0.2335796356201172,-0.32428571581840515,0.5048463940620422,0.30278506875038147,-0.0010432773269712925,0.46580299735069275,0.3094247877597809,-0.3308003842830658,0.5232320427894592,0.3952704966068268,0.02923649735748768,0.4715176522731781,0.4018227756023407,-0.3569379448890686,0.5021011233329773,0.45136040449142456,-0.05281409993767738,0.481412798166275,0.49193274974823,-0.36359596252441406,0.5265161991119385,0.4639260172843933,-0.06833696365356445,0.48145610094070435,0.523131787776947,-0.4105982184410095,0.5236128568649292,0.45591095089912415,-0.09843948483467102,0.4881041944026947,0.5191795825958252,-0.4091881811618805,0.523446798324585,0.45441901683807373,-0.06895031034946442,0.4888548254966736,0.5115699172019958,-0.3639848828315735,0.4324685335159302,0.4708312153816223,0.11903674155473709,0.4123400151729584,0.47996219992637634,-0.11881693452596664,0.4993608593940735,0.6369251012802124,0.044855426996946335,0.49100401997566223,0.6567203998565674,-0.3400370180606842,0.4755382537841797,0.783585250377655,0.1751352995634079,0.47132283449172974,0.8476263880729675,-0.34601154923439026,0.4590151607990265,0.7988210320472717,0.1826981157064438,0.4665434956550598,0.8696115016937256,-0.3511195480823517,0.5033155083656311,0.8499568700790405,0.10394079983234406,0.5136593580245972,0.880578339099884,-0.47721371054649353
deadlift_800091.jpg,0.4543928802013397,0.1160348579287529,-0.2808348536491394,0.44614776968955994,0.10213603079319,-0.24607686698436737,0.44571569561958313,0.10185473412275314,-0.24614974856376648,0.4462393820285797,0.10397235304117203,-0.24621106684207916,0.44299644231796265,0.10407885164022446,-0.28176212310791016,0.4404134750366211,0.10523022711277008,-0.2817757725715637,0.4373083710670471,0.10635288059711456,-0.2818002700805664,0.4348362684249878,0.11561793088912964,-0.09502830356359482,0.42279139161109924,0.11990953236818314,-0.25124838948249817,0.45667508244514465,0.1345503330230713,-0.2235397845506668,0.4509448707103729,0.13736344873905182,-0.26885849237442017,0.4489784836769104,0.2373652160167694,0.06905071437358856,0.42549002170562744,0.23762717843055725,-0.3280457854270935,0.476713627576828,0.3537406921386719,0.10287050157785416,0.43460795283317566,0.3544309139251709,-0.38295891880989075,0.4939771592617035,0.4561397433280945,0.026389850303530693,0.473743736743927,0.4714525043964386,-0.39439070224761963,0.5222346782684326,0.4859931170940399,0.019108504056930542,0.4791688621044159,0.5021848678588867,-0.44347983598709106,0.5186370611190796,0.4830300211906433,-0.015749985352158546,0.48678338527679443,0.5024018883705139,-0.4394018352031708,0.5163015723228455,0.4756893217563629,0.008804691024124622,0.4866391122341156,0.49082326889038086,-0.39344435930252075,0.42322227358818054,0.45918411016464233,0.13592471182346344,0.3964710533618927,0.4720587432384491,-0.13596265017986298,0.4770847260951996,0.6410321593284607,0.0865507647395134,0.46202707290649414,0.6758986115455627,-0.18210145831108093,0.4680956304073334,0.7867431044578552,0.37157541513442993,0.4657748341560364,0.8807294368743896,-0.0891217514872551,0.4545608162879944,0.8068040609359741,0.3870212137699127,0.45985954999923706,0.9165970087051392,-0.08623414486646652,0.49783462285995483,0.8586907386779785,0.31671711802482605,0.5101789832115173,0.9119306802749634,-0.21661712229251862
deadlift_800101.jpg,0.4614202082157135,0.11695854365825653,-0.2401437610387802,0.45429933071136475,0.10255123674869537,-0.20763401687145233,0.45412537455558777,0.10243798047304153,-0.2077108919620514,0.4538666605949402,0.10239008814096451,-0.20775198936462402,0.4499618411064148,0.10357026010751724,-0.23839600384235382,0.44687917828559875,0.10423525422811508,-0.2384209930896759,0.44336190819740295,0.10489175468683243,-0.23849055171012878,0.44162192940711975,0.1119081899523735,-0.0597074031829834,0.4296874403953552,0.11628110706806183,-0.23301495611667633,0.4608149528503418,0.13453933596611023,-0.1829213947057724,0.4550071358680725,0.13498368859291077,-0.22162990272045135,0.45342496037483215,0.23599404096603394,0.11325771361589432,0.42628389596939087,0.22951707243919373,-0.32236447930336,0.47089990973472595,0.35032421350479126,0.1463710516691208,0.4376577138900757,0.36309173703193665,-0.356916606426239,0.49015018343925476,0.46504732966423035,0.04070032760500908,0.47306984663009644,0.4726337492465973,-0.4099523723125458,0.5018244385719299,0.4963752329349518,0.029194355010986328,0.47574129700660706,0.5060314536094666,-0.45834341645240784,0.5030667185783386,0.5004813075065613,-0.004832626320421696,0.48212355375289917,0.5086115598678589,-0.4617910385131836,0.5021023750305176,0.4874151349067688,0.021701736375689507,0.48213282227516174,0.49548497796058655,-0.41261041164398193,0.4417110085487366,0.4786006510257721,0.13506732881069183,0.4064219892024994,0.4867439270019531,-0.13515377044677734,0.4923146367073059,0.6546674370765686,0.12204845994710922,0.4613628387451172,0.680083692073822,-0.17563419044017792,0.46860259771347046,0.8209924697875977,0.2728548049926758,0.4636825919151306,0.8905336856842041,-0.09340781718492508,0.45242422819137573,0.8446301221847534,0.2758355438709259,0.45316630601882935,0.9251202344894409,-0.09247257560491562,0.5066841244697571,0.8766860365867615,0.1759771704673767,0.5122950673103333,0.922028660774231,-0.2151789665222168
deadlift_800111.jpg,0.4776986241340637,0.1153501495718956,-0.20029129087924957,0.4709530174732208,0.09811215102672577,-0.17521809041500092,0.4707373082637787,0.09783250838518143,-0.17527008056640625,0.4703496992588043,0.09747332334518433,-0.1752796769142151,0.4671577215194702,0.09925224632024765,-0.2136673480272293,0.46433576941490173,0.09979282319545746,-0.21371103823184967,0.46122655272483826,0.10033552348613739,-0.21383172273635864,0.45657414197921753,0.10635410249233246,-0.0491182804107666,0.447010338306427,0.11154580861330032,-0.2229326367378235,0.4764919579029083,0.1333237588405609,-0.15027308464050293,0.470842182636261,0.13449789583683014,-0.19888028502464294,0.45759117603302,0.23287297785282135,0.12348687648773193,0.43815910816192627,0.22757147252559662,-0.32263481616973877,0.4691471755504608,0.3652835488319397,0.18410724401474,0.44835007190704346,0.3811291456222534,-0.36684125661849976,0.48506826162338257,0.4734881520271301,0.09750182181596756,0.4771122634410858,0.4929664731025696,-0.3610972762107849,0.4905396103858948,0.5057152509689331,0.08691511303186417,0.47864019870758057,0.525542676448822,-0.4038589894771576,0.4955386817455292,0.5075088739395142,0.052414823323488235,0.4858262836933136,0.528397262096405,-0.4052898585796356,0.4949108064174652,0.4962138235569,0.07703065872192383,0.4850449860095978,0.5146216750144958,-0.3611065149307251,0.4585335850715637,0.5041797161102295,0.14077721536159515,0.44438639283180237,0.5056485533714294,-0.14091025292873383,0.4963987469673157,0.6715010404586792,0.1786903738975525,0.46626704931259155,0.6853213310241699,-0.09744782000780106,0.46332648396492004,0.8343247175216675,0.3483951985836029,0.46481049060821533,0.8944982886314392,0.04624324291944504,0.44634395837783813,0.8569318056106567,0.3574376106262207,0.4532116651535034,0.9271633625030518,0.05363040417432785,0.5062994956970215,0.8807865381240845,0.27360838651657104,0.5126834511756897,0.9277209043502808,-0.06878682971000671
deadlift_800121.jpg,0.5049715638160706,0.15794742107391357,-0.20757435262203217,0.5054238438606262,0.14099831879138947,-0.18714575469493866,0.5056125521659851,0.140871062874794,-0.1871785670518875,0.5038300156593323,0.1408507525920868,-0.18715813755989075,0.4994764029979706,0.13920745253562927,-0.2303769439458847,0.49523982405662537,0.1379043012857437,-0.23043601214885712,0.49080759286880493,0.1364939957857132,-0.23056688904762268,0.4915965497493744,0.142215758562088,-0.06660809367895126,0.47172895073890686,0.13726715743541718,-0.2609097361564636,0.4916616380214691,0.17383478581905365,-0.15725159645080566,0.485686719417572,0.17177610099315643,-0.21296729147434235,0.4622197449207306,0.2473413497209549,0.11905261874198914,0.4387962520122528,0.24392615258693695,-0.35309019684791565,0.47275954484939575,0.3908557593822479,0.17705968022346497,0.45832157135009766,0.3947592079639435,-0.39014023542404175,0.4814924895763397,0.4892009198665619,0.09295929968357086,0.4813424348831177,0.5105438232421875,-0.3575725257396698,0.4855978786945343,0.5217373967170715,0.08573443442583084,0.4821792244911194,0.5440729260444641,-0.3988795876502991,0.48997193574905396,0.5247631669044495,0.05254019796848297,0.4880654215812683,0.5463810563087463,-0.40218910574913025,0.4894631803035736,0.5117058753967285,0.07355996966362,0.48783808946609497,0.5345087051391602,-0.3569953739643097,0.4656204581260681,0.508084237575531,0.13992278277873993,0.4503434896469116,0.5062397122383118,-0.14002062380313873,0.4898415505886078,0.6869136095046997,0.2020833045244217,0.4659471809864044,0.6870162487030029,-0.06967553496360779,0.46654194593429565,0.8384003639221191,0.3458094894886017,0.4652385711669922,0.890624463558197,0.07691575586795807,0.44384095072746277,0.8823049664497375,0.3527649939060211,0.45253461599349976,0.9204686284065247,0.08383356034755707,0.5018583536148071,0.8900588750839233,0.2729451358318329,0.5092703104019165,0.9274113178253174,-0.038391388952732086
deadlift_800131.jpg,0.5703068375587463,0.25052550435066223,-0.08470707386732101,0.5726047158241272,0.2255370020866394,-0.066011942923069,0.5715139508247375,0.22346600890159607,-0.06604371964931488,0.5699886083602905,0.21218225359916687,-0.0659528598189354,0.5722197890281677,0.22302764654159546,-0.12055197358131409,0.5708404779434204,0.21992844343185425,-0.12057564407587051,0.5693570375442505,0.21706826984882355,-0.12068123370409012,0.5542683005332947,0.19454053044319153,0.017392663285136223,0.5536457896232605,0.20065635442733765,-0.2379503697156906,0.5578569769859314,0.24969692528247833,-0.048249222338199615,0.5568605661392212,0.2450527846813202,-0.11964603513479233,0.4797686040401459,0.2971205711364746,0.17558057606220245,0.494620144367218,0.29693686962127686,-0.33374637365341187,0.47196248173713684,0.41491812467575073,0.22414439916610718,0.4875344932079315,0.4418615698814392,-0.3939887285232544,0.47789672017097473,0.5281966924667358,0.16554971039295197,0.4814901053905487,0.5143069624900818,-0.37548479437828064,0.48036450147628784,0.5656010508537292,0.18104487657546997,0.48428916931152344,0.5891581773757935,-0.4195021986961365,0.488693505525589,0.5607182383537292,0.14566119015216827,0.4903358221054077,0.5827292799949646,-0.40375152230262756,0.4884200096130371,0.5468260049819946,0.14707355201244354,0.4901380240917206,0.5589481592178345,-0.36834338307380676,0.4559417963027954,0.5614638924598694,0.15156681835651398,0.4521278440952301,0.5555393695831299,-0.15160347521305084,0.4871964156627655,0.7034199237823486,0.08479423820972443,0.4902382791042328,0.695589005947113,-0.2437071055173874,0.4690643548965454,0.8593753576278687,0.044119663536548615,0.4685659110546112,0.8869566917419434,-0.2643338739871979,0.4479263424873352,0.8880922198295593,0.033230505883693695,0.45330148935317993,0.9167866110801697,-0.2713123857975006,0.5046032071113586,0.8848012089729309,-0.037825148552656174,0.5104575157165527,0.9265771508216858,-0.36526134610176086
deadlift_800141.jpg,0.5861396789550781,0.41683506965637207,0.04301773011684418,0.58954918384552,0.3997267782688141,0.06669826805591583,0.5885779857635498,0.39827921986579895,0.06659643352031708,0.5875077843666077,0.3960173428058624,0.0666971206665039,0.5899876952171326,0.39854735136032104,0.022931795567274094,0.5893250107765198,0.39650455117225647,0.022884739562869072,0.5885224938392639,0.3944390118122101,0.02278761751949787,0.5722737908363342,0.3823120594024658,0.1420280784368515,0.5727797150611877,0.3819463551044464,-0.05653304234147072,0.574245274066925,0.42334628105163574,0.07261199504137039,0.57414710521698,0.4208780825138092,0.015224537812173367,0.5006392002105713,0.4365971088409424,0.22447623312473297,0.51628178358078,0.4387127757072449,-0.15350405871868134,0.47972792387008667,0.5695189833641052,0.22321438789367676,0.50515216588974,0.584566056728363,-0.22284871339797974,0.497251033782959,0.6695029139518738,0.1588631421327591,0.5065719485282898,0.7019601464271545,-0.22083446383476257,0.49656784534454346,0.6961004137992859,0.17421206831932068,0.5028618574142456,0.7353686690330505,-0.2454524040222168,0.5063269734382629,0.6970742344856262,0.14948059618473053,0.500014066696167,0.7244323492050171,-0.22715935111045837,0.506054699420929,0.6863292455673218,0.14681905508041382,0.5098572969436646,0.7228325009346008,-0.2114846408367157,0.47844013571739197,0.6494020819664001,0.09463780373334885,0.4696095287799835,0.6508252024650574,-0.09483759850263596,0.5054312944412231,0.6962615251541138,0.037099722772836685,0.47301948070526123,0.7277436256408691,-0.30305731296539307,0.49231061339378357,0.8094221353530884,-0.27407464385032654,0.48171037435531616,0.7990803122520447,-0.6457915902137756,0.48407429456710815,0.8229436874389648,-0.3131626844406128,0.476205974817276,0.8032045364379883,-0.6836920380592346,0.505946159362793,0.836374044418335,-0.40638020634651184,0.5099815726280212,0.8264433145523071,-0.7784799337387085
deadlift_900001.jpg,0.5707078576087952,0.46678534150123596,0.30673739314079285,0.5717455148696899,0.45325779914855957,0.30335041880607605,0.5711696743965149,0.4520806074142456,0.3033428192138672,0.571480393409729,0.4506246745586395,0.30336377024650574,0.5716658234596252,0.45374035835266113,0.2875581383705139,0.571062445640564,0.4530826210975647,0.287593275308609,0.5704211592674255,0.4523961842060089,0.2875184714794159,0.5554950833320618,0.4449582099914551,0.2544763684272766,0.560786783695221,0.4493497610092163,0.18574258685112,0.5620341897010803,0.4732711911201477,0.29186782240867615,0.5634472370147705,0.4736846089363098,0.27173107862472534,0.47758662700653076,0.47529906034469604,0.2482120543718338,0.5577396750450134,0.506897509098053,0.06071416288614273,0.45002129673957825,0.5910246968269348,0.3021891713142395,0.5614084005355835,0.6438306570053101,0.04612572863698006,0.44572126865386963,0.6860745549201965,0.3562370836734772,0.5599092245101929,0.7594107985496521,0.09956435859203339,0.4357958436012268,0.707099199295044,0.37176668643951416,0.5634275078773499,0.7827654480934143,0.09129280596971512,0.4475563168525696,0.7125132083892822,0.36191269755363464,0.5587794780731201,0.7815765142440796,0.09842078387737274,0.45175787806510925,0.706613302230835,0.35479146242141724,0.5558452606201172,0.771955132484436,0.104795902967453,0.45182332396507263,0.6382114291191101,0.07749620079994202,0.49962085485458374,0.6503857374191284,-0.0782613530755043,0.46655428409576416,0.7017871737480164,0.320768803358078,0.531083345413208,0.7234992980957031,0.21601709723472595,0.4545896649360657,0.8252614140510559,0.3085283637046814,0.5066081881523132,0.8519130945205688,0.1781657487154007,0.4549444317817688,0.8568922877311707,0.3070088326931,0.49859991669654846,0.8834475874900818,0.17692741751670837,0.48901233077049255,0.8593842387199402,0.3095181882381439,0.5208359360694885,0.8579915165901184,0.17097288370132446
deadlift_900011.jpg,0.5661741495132446,0.4617549180984497,0.46459051966667175,0.5652135014533997,0.4462416470050812,0.4677744507789612,0.5645444989204407,0.4449447691440582,0.4677976071834564,0.5654036402702332,0.4435918927192688,0.4678553640842438,0.5667821168899536,0.44777747988700867,0.45583003759384155,0.5670503377914429,0.44776979088783264,0.45593884587287903,0.567225992679596,0.44782888889312744,0.45592042803764343,0.5492856502532959,0.4415839612483978,0.41793063282966614,0.559730589389801,0.44849693775177,0.3665749430656433,0.5588120222091675,0.46948230266571045,0.4451431632041931,0.5627871751785278,0.4713812470436096,0.43011167645454407,0.47463127970695496,0.4815060794353485,0.3788059651851654,0.56622713804245,0.514922559261322,0.2013789266347885,0.4468096196651459,0.5894027948379517,0.38365650177001953,0.5680819749832153,0.6483417749404907,0.1559191793203354,0.4423506557941437,0.6893327236175537,0.37829819321632385,0.5652170181274414,0.7699292302131653,0.19559624791145325,0.43382614850997925,0.709946870803833,0.38830214738845825,0.5684416890144348,0.793451189994812,0.19086971879005432,0.4465140998363495,0.7178540825843811,0.3836364448070526,0.5616688132286072,0.7946803569793701,0.20010937750339508,0.4506848454475403,0.7123649716377258,0.3763103485107422,0.5587955713272095,0.7862420678138733,0.20049776136875153,0.44139179587364197,0.6272562742233276,0.07171452790498734,0.49936220049858093,0.6451196074485779,-0.07239504158496857,0.4606949985027313,0.6998544931411743,0.28089895844459534,0.5361141562461853,0.7230090498924255,0.1677088737487793,0.4491998851299286,0.8260453343391418,0.20488756895065308,0.5076860785484314,0.8728426694869995,0.021567944437265396,0.447521835565567,0.8626512885093689,0.16227547824382782,0.49998733401298523,0.9017829895019531,0.005959981121122837,0.466919481754303,0.8644741773605347,0.16052557528018951,0.5269319415092468,0.8832505345344543,-0.012400885112583637
deadlift_900021.jpg,0.5649670958518982,0.4532862901687622,0.49362629652023315,0.5627769827842712,0.4395664930343628,0.4865967035293579,0.5614450573921204,0.43840599060058594,0.48659661412239075,0.5615120530128479,0.4370456635951996,0.48660269379615784,0.5662544965744019,0.4412814974784851,0.47946998476982117,0.5671499371528625,0.4415890574455261,0.47954511642456055,0.5679014325141907,0.44183892011642456,0.4795263409614563,0.5471709370613098,0.4360082745552063,0.40697354078292847,0.5615131258964539,0.44382989406585693,0.3765065371990204,0.5580132603645325,0.46105262637138367,0.4647617042064667,0.5631799697875977,0.4633418321609497,0.4558068811893463,0.4768607020378113,0.4807981848716736,0.36435577273368835,0.5666379332542419,0.519648015499115,0.21184489130973816,0.45103803277015686,0.5732207894325256,0.3830079138278961,0.5654031038284302,0.6389517188072205,0.17599357664585114,0.4468678832054138,0.6817646622657776,0.39397743344306946,0.5649224519729614,0.7614549398422241,0.23615024983882904,0.4386335611343384,0.6764148473739624,0.4019165635108948,0.5660800337791443,0.7822165489196777,0.23359209299087524,0.44988903403282166,0.6892816424369812,0.3982202410697937,0.5632219910621643,0.7908183336257935,0.2406470626592636,0.4543200731277466,0.693323016166687,0.3923335075378418,0.5608510375022888,0.7786252498626709,0.2405719757080078,0.43844515085220337,0.622055172920227,0.05927733704447746,0.4987991750240326,0.6407449245452881,-0.059811532497406006,0.4650826156139374,0.6924328804016113,0.26447877287864685,0.5414972305297852,0.7208694219589233,0.11243108659982681,0.4532800614833832,0.8327953815460205,0.06548012793064117,0.5137534737586975,0.8789165019989014,-0.017041265964508057,0.45067098736763,0.8637460470199585,0.04364357516169548,0.5067347288131714,0.9035042524337769,-0.03253212571144104,0.4764307737350464,0.8690265417098999,0.010645147413015366,0.5287799835205078,0.8918495178222656,-0.06258811801671982
deadlift_900031.jpg,0.56356281042099,0.41946861147880554,0.4521739184856415,0.5616436004638672,0.4050498902797699,0.4505417048931122,0.5598896145820618,0.40429022908210754,0.4505448043346405,0.5595718622207642,0.4049071967601776,0.4504948556423187,0.5666091442108154,0.4048417806625366,0.4337818920612335,0.5680228471755981,0.40429896116256714,0.4338236451148987,0.5693012475967407,0.40382102131843567,0.4337570071220398,0.546123743057251,0.39961814880371094,0.3940669298171997,0.5641229748725891,0.40368279814720154,0.3197478652000427,0.5562867522239685,0.4311223328113556,0.432460755109787,0.5613492727279663,0.4300503134727478,0.4106171727180481,0.4780481457710266,0.4609196186065674,0.3763052821159363,0.5616641640663147,0.479577898979187,0.1541287899017334,0.45278748869895935,0.5547000169754028,0.3835654854774475,0.56352698802948,0.611835241317749,0.12027343362569809,0.44901949167251587,0.6538960337638855,0.36680668592453003,0.5635913014411926,0.7368223667144775,0.18291416764259338,0.4428357779979706,0.6518891453742981,0.3678099513053894,0.5666208267211914,0.7794659733772278,0.1706625521183014,0.4526054561138153,0.6565617322921753,0.3621743321418762,0.5635182857513428,0.7790118455886841,0.1813688427209854,0.4547605514526367,0.6584476232528687,0.36171597242355347,0.5602986812591553,0.7764505743980408,0.18845996260643005,0.4366656243801117,0.5765653252601624,0.07595070451498032,0.4969116151332855,0.589214563369751,-0.07637031376361847,0.45098182559013367,0.6959260106086731,0.19569511711597443,0.5310255885124207,0.7123119831085205,0.0318538136780262,0.44778722524642944,0.8394731879234314,0.16897575557231903,0.5099489688873291,0.8837001323699951,0.027771638706326485,0.4435102343559265,0.8667452335357666,0.16259503364562988,0.5012061595916748,0.9105826616287231,0.023483963683247566,0.46766197681427,0.8683732748031616,0.10681817680597305,0.5367242693901062,0.8919175267219543,-0.0443725548684597
deadlift_900041.jpg,0.5481707453727722,0.25670599937438965,0.2923642098903656,0.5409784913063049,0.24322549998760223,0.28746405243873596,0.5367345809936523,0.24127157032489777,0.28744444251060486,0.5327909588813782,0.2393798679113388,0.28737667202949524,0.5512992739677429,0.24822156131267548,0.2693690359592438,0.5537588000297546,0.24976596236228943,0.26939600706100464,0.5562115907669067,0.25127944350242615,0.26928427815437317,0.5276818871498108,0.24368803203105927,0.2608799338340759,0.5581932663917542,0.25168853998184204,0.1632852703332901,0.5397738814353943,0.2657821476459503,0.27916982769966125,0.5503159761428833,0.26916763186454773,0.25540098547935486,0.47719696164131165,0.32273080945014954,0.30680525302886963,0.5556119680404663,0.3479342758655548,0.01922031305730343,0.45430049300193787,0.4384695291519165,0.27969932556152344,0.560623824596405,0.48281118273735046,-0.02398628182709217,0.45501333475112915,0.5493636727333069,0.3083506226539612,0.5586786866188049,0.6001676917076111,0.013870962895452976,0.45062461495399475,0.5766438245773315,0.28696146607398987,0.560110867023468,0.6266088485717773,-0.004428357817232609,0.45716702938079834,0.5775747299194336,0.3393860161304474,0.5596498847007751,0.6283463835716248,0.006718277931213379,0.46043696999549866,0.5692534446716309,0.3187636435031891,0.5568054914474487,0.6199078559875488,0.018728042021393776,0.437999427318573,0.514857828617096,0.09102261066436768,0.48733559250831604,0.5207717418670654,-0.09135615080595016,0.44805002212524414,0.6822558641433716,0.19987933337688446,0.5242555141448975,0.692540168762207,-0.0960184782743454,0.441516250371933,0.8446203470230103,0.3469298481941223,0.507722795009613,0.8874453902244568,-0.024295030161738396,0.4360809028148651,0.8756287693977356,0.3560600280761719,0.4972395896911621,0.9159766435623169,-0.020601531490683556,0.4646815359592438,0.8798884153366089,0.2982748746871948,0.5400614142417908,0.8954909443855286,-0.10321208834648132
deadlift_900051.jpg,0.5234529376029968,0.15882247686386108,0.24731683731079102,0.5139167904853821,0.14370884001255035,0.2051926702260971,0.5099025964736938,0.14306727051734924,0.20527365803718567,0.5057210326194763,0.1426205039024353,0.20514431595802307,0.5219237804412842,0.1456787884235382,0.18271903693675995,0.5234688520431519,0.14620257914066315,0.1825997531414032,0.524887204170227,0.1466982364654541,0.1824488341808319,0.4980049729347229,0.14981412887573242,0.14364004135131836,0.5221817493438721,0.15327225625514984,0.034832652658224106,0.5164473652839661,0.1744827926158905,0.2019881159067154,0.5258110761642456,0.17484025657176971,0.17228910326957703,0.45960378646850586,0.2554977238178253,0.19704918563365936,0.5495900511741638,0.27239781618118286,-0.12218027561903,0.45541900396347046,0.3761351406574249,0.22169873118400574,0.552860677242279,0.39920294284820557,-0.10405115783214569,0.46870195865631104,0.4604529142379761,0.24411799013614655,0.5577223896980286,0.5162814259529114,0.024630926549434662,0.46974554657936096,0.48427000641822815,0.2478870004415512,0.5605746507644653,0.544435441493988,0.02054424397647381,0.47730642557144165,0.48353636264801025,0.24300268292427063,0.5602567791938782,0.5428584814071655,0.03417878970503807,0.48047834634780884,0.47587114572525024,0.23604796826839447,0.5577366352081299,0.5312034487724304,0.03288770839571953,0.43842369318008423,0.48270851373672485,0.10989305377006531,0.48515379428863525,0.4959137439727783,-0.1100999265909195,0.45003339648246765,0.667860209941864,0.2394821047782898,0.5229401588439941,0.6854441165924072,-0.11818036437034607,0.44189202785491943,0.8444671034812927,0.3711228668689728,0.5049579739570618,0.885465681552887,-0.055825818330049515,0.43737876415252686,0.8741170167922974,0.37979018688201904,0.49441081285476685,0.9169834852218628,-0.0372789092361927,0.46909385919570923,0.8775935769081116,0.3311913311481476,0.5369971990585327,0.8953511714935303,-0.15109984576702118
deadlift_900061.jpg,0.5030936598777771,0.13535311818122864,0.24102531373500824,0.4962672293186188,0.11956585943698883,0.1814262866973877,0.4928669333457947,0.11954201757907867,0.18150736391544342,0.4892805516719818,0.11991514265537262,0.1814555525779724,0.5044605135917664,0.12084923684597015,0.16584466397762299,0.5069030523300171,0.12155811488628387,0.1657460629940033,0.5094440579414368,0.12250938266515732,0.16558866202831268,0.4830702245235443,0.12910176813602448,0.10117874294519424,0.5088205933570862,0.13153159618377686,0.027008414268493652,0.49781686067581177,0.15113766491413116,0.1803068220615387,0.5067673921585083,0.15260426700115204,0.15988877415657043,0.44638392329216003,0.240424245595932,0.13054399192333221,0.5444995164871216,0.2525591254234314,-0.12045109272003174,0.438078910112381,0.36471736431121826,0.15280508995056152,0.547596275806427,0.3858466148376465,-0.08343742042779922,0.4743576645851135,0.4284331798553467,0.183579221367836,0.5543308258056641,0.4936789274215698,0.11913218349218369,0.4812433421611786,0.44653183221817017,0.1953190714120865,0.5557795763015747,0.5249415040016174,0.13245593011379242,0.49033012986183167,0.4438508450984955,0.18334932625293732,0.5568228363990784,0.5230961441993713,0.1434376835823059,0.4916676878929138,0.4391360282897949,0.17679601907730103,0.5535399317741394,0.5081135034561157,0.12845927476882935,0.44396838545799255,0.48684921860694885,0.10833637416362762,0.49334293603897095,0.49598294496536255,-0.10849588364362717,0.452053427696228,0.6705994606018066,0.22425740957260132,0.5149357914924622,0.6900307536125183,-0.0604073591530323,0.44397208094596863,0.8473988175392151,0.31406018137931824,0.5077812671661377,0.8873158097267151,0.03857101872563362,0.43846040964126587,0.8777903914451599,0.3208135664463043,0.49651724100112915,0.9194669723510742,0.04648589715361595,0.4732448160648346,0.8682196140289307,0.29163068532943726,0.5369586944580078,0.8965309858322144,-0.00432739919051528
deadlift_900071.jpg,0.4928029179573059,0.13277241587638855,0.17052142322063446,0.48775848746299744,0.11902080476284027,0.13603995740413666,0.48464009165763855,0.11907093971967697,0.1361025869846344,0.48130857944488525,0.11951155960559845,0.13607102632522583,0.4954064190387726,0.1196577250957489,0.12505479156970978,0.4977147877216339,0.12009693682193756,0.12499931454658508,0.49988889694213867,0.12068748474121094,0.12490363419055939,0.47481292486190796,0.12766407430171967,0.04134558141231537,0.49997153878211975,0.13038188219070435,-0.009649351239204407,0.4876238703727722,0.14726893603801727,0.13520298898220062,0.49615344405174255,0.14785823225975037,0.12115506082773209,0.43502214550971985,0.24998392164707184,0.08471039682626724,0.5293036699295044,0.25628402829170227,-0.14323414862155914,0.4419524371623993,0.35722002387046814,0.16787253320217133,0.5447838306427002,0.3907901644706726,-0.08396995067596436,0.4804193377494812,0.3816896677017212,0.23399975895881653,0.5553683042526245,0.5024433732032776,0.08411815762519836,0.4849988520145416,0.39062610268592834,0.2597736120223999,0.5563060641288757,0.5347268581390381,0.09359932690858841,0.49498921632766724,0.38000860810279846,0.2472074329853058,0.5568239688873291,0.5313625931739807,0.09601662307977676,0.49869856238365173,0.3786573112010956,0.23255082964897156,0.5537838339805603,0.5172295570373535,0.09010746330022812,0.4480155408382416,0.4971010982990265,0.10745728015899658,0.49636855721473694,0.502349317073822,-0.1076844185590744,0.45517536997795105,0.6708002090454102,0.2736608386039734,0.5102020502090454,0.6912888288497925,-0.055375754833221436,0.4454188048839569,0.8461340069770813,0.41815435886383057,0.5071455240249634,0.8847026228904724,-0.0037652752362191677,0.44043195247650146,0.8770571947097778,0.4303838610649109,0.4968717694282532,0.9152039289474487,-0.001650072168558836,0.46819689869880676,0.8681876063346863,0.4075967073440552,0.5350609421730042,0.9011712670326233,-0.057019419968128204
deadlift_900081.jpg,0.4902748167514801,0.13618864119052887,0.12661704421043396,0.48521173000335693,0.12245494872331619,0.09862370789051056,0.4819480776786804,0.12280135601758957,0.09867788851261139,0.478498637676239,0.12370205670595169,0.0986405536532402,0.49288102984428406,0.12245592474937439,0.0863310769200325,0.49505409598350525,0.12260331958532333,0.08629333227872849,0.4970690906047821,0.12315408885478973,0.08617642521858215,0.4710104167461395,0.13198433816432953,0.01390720997005701,0.49652746319770813,0.1322348415851593,-0.04063088446855545,0.4833475649356842,0.152887761592865,0.10270886868238449,0.4928610622882843,0.15264835953712463,0.0871870294213295,0.42782455682754517,0.2479439675807953,0.065962053835392,0.5216286182403564,0.25132516026496887,-0.16795878112316132,0.433587908744812,0.3509199023246765,0.1956460326910019,0.5445421934127808,0.3884996175765991,-0.11492113023996353,0.4790550768375397,0.35759979486465454,0.34527701139450073,0.5554617047309875,0.497158020734787,0.04643779993057251,0.48131024837493896,0.362027108669281,0.37481948733329773,0.558066725730896,0.5318915247917175,0.05422510951757431,0.49057483673095703,0.3519640564918518,0.36256468296051025,0.557961642742157,0.5288692712783813,0.054727230221033096,0.4938492476940155,0.3521624803543091,0.3441939055919647,0.5535798668861389,0.5165084600448608,0.05211774632334709,0.4489537179470062,0.4970231354236603,0.10589469969272614,0.4991712272167206,0.4991745352745056,-0.10611233860254288,0.4542751908302307,0.6665965914726257,0.24452631175518036,0.5087792277336121,0.6872014999389648,-0.011949026957154274,0.44603031873703003,0.8449006676673889,0.3369075357913971,0.5084179639816284,0.8833917379379272,0.06022000312805176,0.44152218103408813,0.8748361468315125,0.3457646071910858,0.4989645779132843,0.9144424200057983,0.06656055152416229,0.47160038352012634,0.8606221675872803,0.33058202266693115,0.5357980132102966,0.9006301164627075,0.02542964182794094
deadlift_900091.jpg,0.49393966794013977,0.13456550240516663,0.14604221284389496,0.4886419177055359,0.11984504014253616,0.12517239153385162,0.48545750975608826,0.11973118036985397,0.12521053850650787,0.4818981885910034,0.12002179026603699,0.12520946562290192,0.49531856179237366,0.12052702158689499,0.10596923530101776,0.4969162344932556,0.120620958507061,0.10591349005699158,0.4983402490615845,0.12098272889852524,0.10576135665178299,0.4715355634689331,0.12834018468856812,0.05179130658507347,0.49664539098739624,0.12932582199573517,-0.036765191704034805,0.48709210753440857,0.15053772926330566,0.12713678181171417,0.49505358934402466,0.15074454247951508,0.10240088403224945,0.4292316436767578,0.2419288158416748,0.0975872129201889,0.5184926390647888,0.24818263947963715,-0.17340917885303497,0.4344399571418762,0.3770240843296051,0.13620135188102722,0.5442186594009399,0.3844071626663208,-0.14008529484272003,0.46983692049980164,0.44476309418678284,0.15475517511367798,0.5552850961685181,0.496584415435791,0.02868502028286457,0.47307392954826355,0.463991641998291,0.1651109904050827,0.5584468841552734,0.5296224355697632,0.030266491696238518,0.48061010241508484,0.4604015648365021,0.15075962245464325,0.5570039749145508,0.5291364192962646,0.03409206122159958,0.4828214943408966,0.4546131193637848,0.14795023202896118,0.5524952411651611,0.5180467963218689,0.03448956459760666,0.4491916298866272,0.4995724558830261,0.10870084166526794,0.5000663995742798,0.4984457194805145,-0.10901582986116409,0.45373469591140747,0.6658357381820679,0.23873043060302734,0.5085881948471069,0.6887588500976562,-0.021147269755601883,0.4435855746269226,0.8450004458427429,0.3451726734638214,0.5086328387260437,0.884502649307251,0.048069413751363754,0.43949806690216064,0.876224935054779,0.35384997725486755,0.4990251362323761,0.9190763831138611,0.05333210155367851,0.4718402326107025,0.8615822792053223,0.323135107755661,0.5375264286994934,0.9001970291137695,-0.009677140042185783
deadlift_900101.jpg,0.4965745210647583,0.13332228362560272,0.12109377980232239,0.4911344349384308,0.12032327800989151,0.1009906455874443,0.48786523938179016,0.12028253078460693,0.10100602358579636,0.48431622982025146,0.12066029757261276,0.1009901836514473,0.4987337291240692,0.12085244059562683,0.08292779326438904,0.5007141828536987,0.1211015060544014,0.0828920304775238,0.502656102180481,0.12163850665092468,0.08277225494384766,0.4730713963508606,0.12964214384555817,0.037060320377349854,0.5004374980926514,0.13003629446029663,-0.042479678988456726,0.48959916830062866,0.14928992092609406,0.10559306293725967,0.4985589385032654,0.14843390882015228,0.08265376836061478,0.4304708242416382,0.23984377086162567,0.0999920591711998,0.5193951725959778,0.24743475019931793,-0.16703589260578156,0.43885529041290283,0.3684716522693634,0.17078402638435364,0.543660581111908,0.38189205527305603,-0.1372465044260025,0.47171515226364136,0.4331411123275757,0.15861192345619202,0.554114043712616,0.49606242775917053,0.022482236847281456,0.4749799370765686,0.4522910714149475,0.2080567330121994,0.5570881962776184,0.528332531452179,0.021778397262096405,0.4819841682910919,0.44824478030204773,0.1813918799161911,0.5558062791824341,0.5273993611335754,0.03204821050167084,0.4843218922615051,0.44229429960250854,0.15097160637378693,0.5513218641281128,0.5180904269218445,0.02782980538904667,0.44907063245773315,0.4957716763019562,0.10708910971879959,0.49921363592147827,0.49525022506713867,-0.10740623623132706,0.4530053436756134,0.6651812791824341,0.19830909371376038,0.508934497833252,0.6874164342880249,-0.022324981167912483,0.4431379437446594,0.8461779356002808,0.3176790475845337,0.5100658535957336,0.883642852306366,0.02408245950937271,0.4384807050228119,0.8772552609443665,0.3406919538974762,0.5021734833717346,0.9198474287986755,0.027048401534557343,0.4693797528743744,0.8617661595344543,0.30222591757774353,0.537517786026001,0.8970485329627991,-0.03650744631886482
deadlift_900111.jpg,0.5032059550285339,0.15398281812667847,0.13257114589214325,0.49850985407829285,0.14193719625473022,0.12506452202796936,0.49549728631973267,0.1421845555305481,0.12507659196853638,0.4922563433647156,0.1427825540304184,0.12506219744682312,0.5042111873626709,0.1419726461172104,0.10599961876869202,0.504187822341919,0.14222751557826996,0.10597247630357742,0.5038129687309265,0.14283469319343567,0.10586122423410416,0.480813205242157,0.15057235956192017,0.054224736988544464,0.5071159601211548,0.15164954960346222,-0.023920483887195587,0.4958256781101227,0.16824562847614288,0.12695103883743286,0.4993649423122406,0.1671765297651291,0.10253093391656876,0.43600597977638245,0.24776463210582733,0.11586552113294601,0.5259565114974976,0.264800488948822,-0.1582634150981903,0.4390013515949249,0.3637455403804779,0.18594925105571747,0.5453947186470032,0.3985617756843567,-0.136990487575531,0.47102123498916626,0.44282108545303345,0.2048279196023941,0.5571383237838745,0.5086948275566101,-0.020262250676751137,0.4732775390148163,0.463426798582077,0.24442562460899353,0.5597387552261353,0.5416876077651978,-0.02524052932858467,0.48112717270851135,0.4613179862499237,0.2137976437807083,0.5573441982269287,0.5422373414039612,-0.024466391652822495,0.4836212992668152,0.4543142020702362,0.19266347587108612,0.5521317720413208,0.5305028557777405,-0.016893809661269188,0.44757431745529175,0.4914361834526062,0.10993078351020813,0.4970511794090271,0.49725642800331116,-0.11013873666524887,0.44972705841064453,0.6655923128128052,0.15088526904582977,0.510514497756958,0.6875868439674377,-0.051582735031843185,0.44235220551490784,0.8469472527503967,0.21032148599624634,0.5100502967834473,0.8836933374404907,-0.03726327046751976,0.43731632828712463,0.8780854344367981,0.21324729919433594,0.5012632608413696,0.9214216470718384,-0.03961291164159775,0.46945178508758545,0.8620085716247559,0.1588071882724762,0.5435207486152649,0.8970649838447571,-0.11723539233207703
deadlift_900121.jpg,0.5383597612380981,0.21002648770809174,0.1123199537396431,0.5337972640991211,0.19789177179336548,0.09543146938085556,0.5300325751304626,0.1977754831314087,0.09542454034090042,0.5261701345443726,0.1975831836462021,0.09541411697864532,0.5408586859703064,0.19811275601387024,0.07365921139717102,0.5418698191642761,0.19824761152267456,0.07366099953651428,0.5424433350563049,0.19844602048397064,0.0735718160867691,0.5149813294410706,0.20111848413944244,0.0345098152756691,0.5360568165779114,0.20381419360637665,-0.05966135486960411,0.5279737114906311,0.2205667942762375,0.10068826377391815,0.535094678401947,0.2216338962316513,0.07261655479669571,0.4535598158836365,0.28250595927238464,0.09202808886766434,0.5418444871902466,0.30778968334198,-0.17229576408863068,0.4496641755104065,0.41014888882637024,0.14951172471046448,0.5497046709060669,0.45926839113235474,-0.15200696885585785,0.4627777338027954,0.5156691074371338,0.18952205777168274,0.5568282008171082,0.5492035150527954,-0.05702121928334236,0.45748937129974365,0.5396633744239807,0.20843927562236786,0.5602414608001709,0.5845404267311096,-0.06535884737968445,0.46614211797714233,0.5426378846168518,0.19157275557518005,0.5575080513954163,0.5849242806434631,-0.067092165350914,0.47085556387901306,0.5352509617805481,0.1834581196308136,0.5521748065948486,0.5711195468902588,-0.05445472523570061,0.44485318660736084,0.5006256699562073,0.11082839965820312,0.497128963470459,0.5114195346832275,-0.11112282425165176,0.4497631788253784,0.6726176142692566,0.15682268142700195,0.512353777885437,0.6940168142318726,-0.031231049448251724,0.441729336977005,0.8464450240135193,0.23129762709140778,0.5101525783538818,0.8855657577514648,0.012085591442883015,0.4374004304409027,0.8772695064544678,0.23195436596870422,0.5012980103492737,0.9221441745758057,0.014844780787825584,0.4674989581108093,0.8618625402450562,0.1770990639925003,0.5421295166015625,0.8962677121162415,-0.045359157025814056
deadlift_900131.jpg,0.5580707788467407,0.31025728583335876,0.43340566754341125,0.5538732409477234,0.2904626727104187,0.42974311113357544,0.5504977703094482,0.288939505815506,0.4297495484352112,0.5469260811805725,0.2875399589538574,0.42978259921073914,0.5608420968055725,0.2925918400287628,0.4106389880180359,0.5621727108955383,0.29265186190605164,0.41071170568466187,0.5630477070808411,0.2927689850330353,0.41064774990081787,0.5361282825469971,0.29126542806625366,0.3677331805229187,0.5560842156410217,0.29927828907966614,0.2851366698741913,0.5487067699432373,0.3206508755683899,0.4139954149723053,0.5558217167854309,0.32355380058288574,0.38940003514289856,0.45862311124801636,0.36364543437957764,0.3514913320541382,0.551925539970398,0.3864043653011322,0.12388298660516739,0.44908803701400757,0.4983750283718109,0.3877478837966919,0.5565406084060669,0.5270047187805176,0.10670915246009827,0.4459996819496155,0.6048706769943237,0.4299023747444153,0.5644952058792114,0.6421113610267639,0.18502618372440338,0.4394647181034088,0.6309859752655029,0.4461420774459839,0.5677363276481628,0.6726011037826538,0.18242883682250977,0.4518994688987732,0.625934362411499,0.4402614235877991,0.5629547238349915,0.6721052527427673,0.1874672919511795,0.45837488770484924,0.6189048886299133,0.4281270205974579,0.558599591255188,0.6616840958595276,0.19009065628051758,0.43703681230545044,0.5337967276573181,0.09538093209266663,0.49712514877319336,0.5414281487464905,-0.09592797607183456,0.44431066513061523,0.6810775995254517,0.15423616766929626,0.5162325501441956,0.693513035774231,0.016316495835781097,0.44156694412231445,0.8461400270462036,0.07963588088750839,0.5108025670051575,0.8852372765541077,-0.0773056373000145,0.437934011220932,0.8786506056785583,0.06682541966438293,0.5020896196365356,0.92124342918396,-0.08872885257005692,0.4681181311607361,0.8689988851547241,0.021863192319869995,0.5363188982009888,0.8966763615608215,-0.14656510949134827
deadlift_900141.jpg,0.5624216198921204,0.38929781317710876,0.406862735748291,0.5588408708572388,0.3732791841030121,0.3990990221500397,0.5559022426605225,0.37209829688072205,0.3991049528121948,0.5528109669685364,0.3707686960697174,0.3991558253765106,0.564310610294342,0.37473300099372864,0.38632920384407043,0.5651141405105591,0.3749404847621918,0.3863927721977234,0.5655427575111389,0.37521111965179443,0.38634830713272095,0.5423310995101929,0.36932572722435,0.32524317502975464,0.5582442879676819,0.37689658999443054,0.2706972062587738,0.553916871547699,0.3989178240299225,0.3830774128437042,0.5594019293785095,0.40122684836387634,0.36685478687286377,0.4680352807044983,0.42928996682167053,0.30422037839889526,0.5568196177482605,0.4589320719242096,0.13236528635025024,0.45216286182403564,0.5574191808700562,0.3329720199108124,0.5603906512260437,0.602670431137085,0.12053752690553665,0.4429302215576172,0.6456942558288574,0.3756408393383026,0.5624716281890869,0.7102406620979309,0.18209072947502136,0.43283888697624207,0.6740121245384216,0.3919466733932495,0.5663383603096008,0.7386382222175598,0.1822468340396881,0.44845855236053467,0.6713967323303223,0.3858858048915863,0.562443733215332,0.7385434508323669,0.185881108045578,0.4526233971118927,0.6607277989387512,0.3745991885662079,0.5581271052360535,0.7262087464332581,0.1856766641139984,0.4347679316997528,0.5781036615371704,0.07790987938642502,0.4970947802066803,0.5977262854576111,-0.07849469780921936,0.45224255323410034,0.6827473640441895,0.18211378157138824,0.5252094864845276,0.6967093348503113,0.08806156367063522,0.4460617005825043,0.8457654118537903,0.04389939084649086,0.5107871890068054,0.8811296820640564,-0.08687268197536469,0.44122129678726196,0.8736612200737,0.02520315907895565,0.5017802119255066,0.9126139283180237,-0.10432398319244385,0.46368736028671265,0.8727274537086487,-0.005512448493391275,0.5337562561035156,0.897852897644043,-0.13976146280765533
deadlift_g1.jpg,0.4263153374195099,0.19768010079860687,0.1314096301794052,0.4332696497440338,0.18260909616947174,0.12125252932310104,0.434941828250885,0.18250860273838043,0.12123540788888931,0.4365499019622803,0.18263305723667145,0.12120497226715088,0.4316383898258209,0.18240796029567719,0.12624670565128326,0.43215084075927734,0.18218936026096344,0.12631645798683167,0.4327075183391571,0.18215051293373108,0.12624263763427734,0.4493018388748169,0.18723927438259125,0.09834661334753036,0.446296751499176,0.18804237246513367,0.1226145550608635,0.4324944317340851,0.21208570897579193,0.12077613919973373,0.4307495355606079,0.21189239621162415,0.12771785259246826,0.4698127508163452,0.25420430302619934,-0.022236952558159828,0.5107904672622681,0.2733250856399536,0.11266190558671951,0.5018953084945679,0.36577343940734863,-0.05874282121658325,0.5432412028312683,0.39168623089790344,0.07288440316915512,0.4986465573310852,0.44332584738731384,-0.04953532665967941,0.521845281124115,0.5020708441734314,0.03247584030032158,0.4975375235080719,0.458301305770874,-0.06967801600694656,0.5216431021690369,0.516933023929596,0.07017921656370163,0.49988970160484314,0.4525318443775177,-0.0554438978433609,0.5115458965301514,0.5161759257316589,0.03472409397363663,0.50214022397995,0.4495833218097687,-0.04486783593893051,0.5112575888633728,0.5099688768386841,0.09689301997423172,0.44217514991760254,0.49080967903137207,-0.04739375412464142,0.4809388220310211,0.5017337799072266,0.04625638946890831,0.47362953424453735,0.5213984847068787,0.3172278106212616,0.49803847074508667,0.5400208234786987,0.42245161533355713,0.4925072193145752,0.6572192907333374,0.43637412786483765,0.5025596022605896,0.6575663089752197,0.5631620287895203,0.5041983723640442,0.6847882866859436,0.4501175880432129,0.5003925561904907,0.6885777711868286,0.5806545615196228,0.4883863627910614,0.6731643080711365,0.438413143157959,0.4984099864959717,0.6812484860420227,0.588015615940094
deadlift_g10.jpg,0.3557654917240143,0.24939188361167908,-0.33169907331466675,0.3652293086051941,0.24132926762104034,-0.34523725509643555,0.37063899636268616,0.24262668192386627,-0.34520038962364197,0.37615615129470825,0.2440841794013977,-0.34518200159072876,0.3529740869998932,0.2372557818889618,-0.29898157715797424,0.35015395283699036,0.2357962727546692,-0.2988271415233612,0.34764185547828674,0.23449087142944336,-0.2986694276332855,0.3961523175239563,0.25262174010276794,-0.29822883009910583,0.3572978377342224,0.24039629101753235,-0.024378204718232155,0.3725679814815521,0.2635222375392914,-0.3037591278553009,0.3564772307872772,0.2594221532344818,-0.2402048110961914,0.48556968569755554,0.3295486867427826,-0.3509306013584137,0.3542608916759491,0.29035553336143494,0.13094419240951538,0.5142843723297119,0.41662776470184326,-0.4044744372367859,0.3639030158519745,0.35997650027275085,0.34945133328437805,0.47147321701049805,0.46906837821006775,-0.38318732380867004,0.356352299451828,0.41288241744041443,0.3296249210834503,0.4666593074798584,0.48761656880378723,-0.41352400183677673,0.3550814092159271,0.4329218566417694,0.3419641852378845,0.45278623700141907,0.4819081425666809,-0.4093218445777893,0.358374685049057,0.43603515625,0.2839199900627136,0.45280101895332336,0.4754906892776489,-0.3743029534816742,0.36232244968414307,0.4324782192707062,0.30661389231681824,0.47145235538482666,0.4671928882598877,-0.14929623901844025,0.39407527446746826,0.44576436281204224,0.1493566781282425,0.5286387801170349,0.5675523281097412,-0.11119337379932404,0.3732452392578125,0.495849609375,-0.05107578635215759,0.6124054193496704,0.687014102935791,0.09273119270801544,0.3934183716773987,0.6273697018623352,0.07997771352529526,0.6202353835105896,0.70116126537323,0.10114363580942154,0.42098113894462585,0.658009946346283,0.08554752916097641,0.603394091129303,0.7324862480163574,0.2497328221797943,0.3355996906757355,0.6324985027313232,-0.05852053686976433
deadlift_g11.jpg,,,,,,,,,,,,,,,,,,,,,,,,,,,,,,,,,,,,,,,,,,,,,,,,,,,,,,,,,,,,,,,,,,,,,,,,,,,,,,,,,,,,,,,,,,,,,,,,,,,
deadlift_g12.jpg,0.3029153048992157,0.414469838142395,-0.6377961039543152,0.30793124437332153,0.4022881090641022,-0.6643791794776917,0.31256893277168274,0.4010693430900574,-0.6643539071083069,0.31806936860084534,0.3996211886405945,-0.6645165681838989,0.30191370844841003,0.4035835564136505,-0.60459303855896,0.3020632863044739,0.4033864438533783,-0.6048020124435425,0.3024137318134308,0.4030314087867737,-0.6049429178237915,0.3530402183532715,0.39608827233314514,-0.6766087412834167,0.33098435401916504,0.3992375135421753,-0.4125213325023651,0.3256359100341797,0.4221598207950592,-0.6356218457221985,0.3170994222164154,0.42250606417655945,-0.558522641658783,0.48589369654655457,0.44086819887161255,-0.7580502033233643,0.38051334023475647,0.4511408805847168,-0.14949731528759003,0.5649117231369019,0.5359892249107361,-0.8043830990791321,0.4090556800365448,0.5237831473350525,-0.0792824998497963,0.5962561368942261,0.6276463270187378,-0.7376835346221924,0.41604602336883545,0.5965436697006226,-0.17261920869350433,0.6000351309776306,0.6498528122901917,-0.820814847946167,0.4155830144882202,0.6159924864768982,-0.17514312267303467,0.583185076713562,0.6542296409606934,-0.8154332637786865,0.42418286204338074,0.6171179413795471,-0.24903324246406555,0.5800251960754395,0.6470521092414856,-0.7373006343841553,0.4306149184703827,0.6108168959617615,-0.20595896244049072,0.7067699432373047,0.4864172637462616,-0.19219188392162323,0.6240637898445129,0.4933105409145355,0.19200004637241364,0.5340580940246582,0.5527855753898621,-0.4531950354576111,0.4396185278892517,0.5540250539779663,0.04836593195796013,0.5992377996444702,0.6688202023506165,-0.19376187026500702,0.5129940509796143,0.6552038192749023,0.2024473249912262,0.6257154941558838,0.6810956001281738,-0.16648037731647491,0.5459523797035217,0.66999351978302,0.21603000164031982,0.5530513525009155,0.7011249661445618,-0.2474588304758072,0.4599878191947937,0.6984562873840332,0.15887753665447235
deadlift_g13.jpg,0.2686119079589844,0.3775275647640228,-0.7142282128334045,0.27595266699790955,0.36572062969207764,-0.7346828579902649,0.28161346912384033,0.36446893215179443,-0.7346699833869934,0.2880091369152069,0.36295992136001587,-0.7348035573959351,0.26849737763404846,0.3668128252029419,-0.6777241826057434,0.2684374153614044,0.3665308952331543,-0.6780248284339905,0.2685604989528656,0.3661009967327118,-0.6781291365623474,0.3219328224658966,0.36001887917518616,-0.7154939770698547,0.298646479845047,0.3631557524204254,-0.4637589752674103,0.2908284366130829,0.3869766592979431,-0.7014815807342529,0.28060200810432434,0.38734978437423706,-0.6269097328186035,0.4458170235157013,0.4137597680091858,-0.7731921076774597,0.34273454546928406,0.42648324370384216,-0.1586785465478897,0.509890079498291,0.5149454474449158,-0.8017181158065796,0.36980560421943665,0.5090485215187073,-0.030763721093535423,0.5478806495666504,0.6075219511985779,-0.8001323342323303,0.37735989689826965,0.5868270397186279,-0.1110762357711792,0.5591461658477783,0.6204920411109924,-0.8981577754020691,0.37292465567588806,0.6067692041397095,-0.10257400572299957,0.5430180430412292,0.6210288405418396,-0.8918349742889404,0.3770582973957062,0.6068941950798035,-0.19093264639377594,0.5384641885757446,0.6173245906829834,-0.8012361526489258,0.383404403924942,0.5998967885971069,-0.14682930707931519,0.6522634029388428,0.4663397967815399,-0.20701059699058533,0.5735144019126892,0.4744318723678589,0.20710419118404388,0.5137338042259216,0.5766980648040771,-0.31976428627967834,0.4231455624103546,0.5687035322189331,0.09576156735420227,0.5092400312423706,0.7103303074836731,-0.17206956446170807,0.470829039812088,0.6961036920547485,0.2255956083536148,0.5428746342658997,0.7287814021110535,-0.16123175621032715,0.48950767517089844,0.7042033076286316,0.23787178099155426,0.4052472710609436,0.7412763237953186,-0.2871064245700836,0.3822806477546692,0.7344295978546143,0.14460280537605286
deadlift_g14.jpg,0.2997693717479706,0.2788316309452057,-0.7944201827049255,0.31272464990615845,0.2676319479942322,-0.7865804433822632,0.31925448775291443,0.26682204008102417,-0.7864809632301331,0.3264721930027008,0.2660655677318573,-0.7865378260612488,0.30282720923423767,0.2683253884315491,-0.7485591173171997,0.301850825548172,0.2680045962333679,-0.7488564848899841,0.30065593123435974,0.2675498425960541,-0.7489616274833679,0.3619927167892456,0.26682841777801514,-0.6679840683937073,0.33255812525749207,0.26699504256248474,-0.49838414788246155,0.31934893131256104,0.29016631841659546,-0.7473585605621338,0.3049294650554657,0.2904095947742462,-0.697370707988739,0.45872047543525696,0.3437642753124237,-0.6981589794158936,0.3415006101131439,0.3457876443862915,-0.16118124127388,0.5216245651245117,0.43124619126319885,-0.7431636452674866,0.3584943115711212,0.4273127317428589,-0.039266474545001984,0.55619215965271,0.528247594833374,-0.8144000768661499,0.3601815700531006,0.5103315114974976,-0.18293990194797516,0.5657863020896912,0.5501759052276611,-0.9306130409240723,0.36013197898864746,0.5296399593353271,-0.19992731511592865,0.5443568229675293,0.5547178983688354,-0.9197335839271545,0.36732161045074463,0.5289797186851501,-0.2839992940425873,0.5412271618843079,0.5457586646080017,-0.8160704374313354,0.37385115027427673,0.5226375460624695,-0.2141917198896408,0.6332765221595764,0.44263526797294617,-0.21795718371868134,0.5948345065116882,0.42803099751472473,0.21801811456680298,0.47071313858032227,0.5716512203216553,-0.3426268994808197,0.4229550361633301,0.5484411120414734,0.12747903168201447,0.5112622380256653,0.694978654384613,-0.1872435212135315,0.4735797345638275,0.6976867318153381,0.23934006690979004,0.5511810779571533,0.7107506394386292,-0.18926207721233368,0.5007838606834412,0.6959512829780579,0.248215451836586,0.3913344740867615,0.7378321886062622,-0.30848658084869385,0.3860892057418823,0.7333709001541138,0.12344636023044586
deadlift_g15.jpg,0.3930453956127167,0.2524966895580292,-0.41830968856811523,0.41330841183662415,0.2442149668931961,-0.4050229489803314,0.420475035905838,0.24417278170585632,-0.40478837490081787,0.42866888642311096,0.24433790147304535,-0.40466612577438354,0.40050095319747925,0.24344569444656372,-0.3716678321361542,0.39828312397003174,0.24292565882205963,-0.37195971608161926,0.3961063623428345,0.242277592420578,-0.3721064627170563,0.4647150933742523,0.25031086802482605,-0.29439908266067505,0.42757752537727356,0.24531187117099762,-0.15039797127246857,0.40856674313545227,0.2643141746520996,-0.37702688574790955,0.39205172657966614,0.2625652551651001,-0.3353416919708252,0.4944789409637451,0.3160703778266907,-0.38213327527046204,0.3917713761329651,0.3176180422306061,0.11341947317123413,0.493613064289093,0.3996654450893402,-0.4167177379131317,0.35250380635261536,0.3801722526550293,0.1711415946483612,0.5139477252960205,0.48109856247901917,-0.42472732067108154,0.33165910840034485,0.4538147747516632,0.07459412515163422,0.5249148011207581,0.49775445461273193,-0.49950656294822693,0.3214786946773529,0.46918004751205444,0.06955002248287201,0.5079318881034851,0.501991331577301,-0.47822365164756775,0.32987117767333984,0.4705292880535126,-0.001569051994010806,0.505910336971283,0.4945894777774811,-0.4187982380390167,0.339454710483551,0.46633341908454895,0.04401202127337456,0.6114233136177063,0.4236540198326111,-0.196488618850708,0.625117301940918,0.4211104214191437,0.19590263068675995,0.460299551486969,0.5421575903892517,-0.36552661657333374,0.41359251737594604,0.5330498218536377,0.02973792888224125,0.512809157371521,0.6900717616081238,-0.3503260016441345,0.41421034932136536,0.6832027435302734,0.04351168870925903,0.5179386138916016,0.7036296129226685,-0.34293133020401,0.46951910853385925,0.6904844641685486,0.04388854652643204,0.45099806785583496,0.7251201272010803,-0.45647701621055603,0.38338807225227356,0.7212572693824768,-0.08427856862545013
deadlift_g16.jpg,0.023594342172145844,0.14945818483829498,-0.0633082166314125,0.03921833261847496,0.11894841492176056,-0.08079395443201065,0.027726082131266594,0.11683561652898788,-0.08091006428003311,0.0186506025493145,0.11476613581180573,-0.08102323859930038,0.10850242525339127,0.12129171192646027,-0.054321471601724625,0.0866180956363678,0.12082786858081818,-0.05429188907146454,0.054011065512895584,0.12018564343452454,-0.054458148777484894,0.020446082577109337,0.11189720779657364,-0.08387748152017593,0.10599808394908905,0.11859725415706635,0.03353091701865196,0.03666531667113304,0.16483943164348602,-0.05553549528121948,0.03708227351307869,0.16841904819011688,-0.021686328575015068,0.1497117280960083,0.20223644375801086,-0.17126791179180145,0.09731630980968475,0.22340932488441467,0.16130919754505157,0.37403324246406555,0.38622304797172546,-0.22131949663162231,0.22610552608966827,0.36653271317481995,0.26307278871536255,0.5838063955307007,0.5586441159248352,-0.19936461746692657,0.21805895864963531,0.3997096121311188,0.23826782405376434,0.6718971729278564,0.6130719780921936,-0.2227807641029358,0.3559379279613495,0.460325688123703,0.24865755438804626,0.6159331798553467,0.5940593481063843,-0.22015193104743958,0.3206210434436798,0.4444205164909363,0.21582362055778503,0.6018955707550049,0.5833885073661804,-0.19405265152454376,0.3177972435951233,0.43880146741867065,0.2252178192138672,0.8197042942047119,0.5666290521621704,-0.09139224886894226,0.7484112977981567,0.5712860822677612,0.09143033623695374,1.1208992004394531,0.7326733469963074,-0.1579873263835907,0.8786940574645996,0.6784645915031433,0.030183594673871994,1.301234245300293,0.8816534876823425,-0.0853273868560791,1.2314618825912476,0.8727619647979736,0.07222256064414978,1.330145001411438,0.8875430226325989,-0.06586257368326187,1.2973512411117554,0.8926368355751038,0.07895555347204208,1.388822078704834,0.9532280564308167,-0.03370746225118637,1.3420741558074951,0.9454739093780518,0.08127377182245255
deadlift_g17.jpg,0.49188828468322754,0.3901090621948242,-0.07218089699745178,0.48118695616722107,0.36292997002601624,-0.21841953694820404,0.48797672986984253,0.3298592269420624,-0.2180926650762558,0.4886586368083954,0.32109329104423523,-0.21746160089969635,0.4864502549171448,0.38336876034736633,-0.19398541748523712,0.5037514567375183,0.4009597599506378,-0.1932743787765503,0.4990275800228119,0.4254036545753479,-0.19132781028747559,0.5090656876564026,0.28710076212882996,-0.18978044390678406,0.5136900544166565,0.4011443555355072,-0.022302184253931046,0.523002564907074,0.3381202816963196,-0.2226792424917221,0.5302921533584595,0.3945600986480713,-0.18044312298297882,0.6067882776260376,0.018330268561840057,-0.11647740006446838,0.5238795876502991,0.4247252345085144,0.10105107724666595,0.7254838347434998,-0.2564750909805298,-0.3680726885795593,0.6381115317344666,0.4935396909713745,-0.04702099785208702,0.593269944190979,0.19080539047718048,-0.7136818766593933,0.5583747029304504,0.49405965209007263,-0.5286234021186829,0.5661765336990356,0.26757845282554626,-0.7781650424003601,0.542818009853363,0.5144278407096863,-0.5944748520851135,0.5252852439880371,0.28506365418434143,-0.690321683883667,0.5298231244087219,0.49094679951667786,-0.5505484938621521,0.5371518135070801,0.25885745882987976,-0.6740217208862305,0.544019341468811,0.46226516366004944,-0.5262967348098755,0.9123244285583496,0.11478068679571152,-0.049149785190820694,0.8575650453567505,0.4678199589252472,0.04790542647242546,1.295613408088684,0.31056979298591614,0.31004419922828674,1.2394322156906128,0.6591941118240356,0.20490211248397827,1.6574357748031616,0.4269794523715973,0.7908263206481934,1.6130821704864502,0.8075281977653503,0.5229620337486267,1.7023506164550781,0.4424923360347748,0.8402184247970581,1.6612058877944946,0.812084436416626,0.5471389293670654,1.7740048170089722,0.48927146196365356,0.5137633085250854,1.7304720878601074,0.7898810505867004,0.11480576545000076
deadlift_g18.jpg,0.31628361344337463,0.6580427289009094,-0.7843129634857178,0.27977287769317627,0.6325254440307617,-0.83000248670578,0.2789304554462433,0.6168267726898193,-0.830436110496521,0.27827802300453186,0.6021251082420349,-0.8311927318572998,0.27852535247802734,0.6693906784057617,-0.8401670455932617,0.27582958340644836,0.6857596039772034,-0.8398646116256714,0.27313074469566345,0.7020479440689087,-0.8396791219711304,0.2698494791984558,0.5976290106773376,-0.6856192946434021,0.26294949650764465,0.7320756912231445,-0.739054262638092,0.33386942744255066,0.6399455070495605,-0.7305949926376343,0.330400675535202,0.6909525394439697,-0.7315337061882019,0.32540926337242126,0.4448968172073364,-0.4514669179916382,0.347488671541214,0.8008288741111755,-0.6061345934867859,0.45488643646240234,0.20514348149299622,-0.3679146468639374,0.47246888279914856,0.4240165650844574,-0.5927510857582092,0.4963594973087311,0.05947322025895119,-0.5282036066055298,0.3895760774612427,0.05832763388752937,-0.7192720174789429,0.4962015151977539,0.008934393525123596,-0.5739806890487671,0.3740621507167816,-0.04666939377784729,-0.8306116461753845,0.484779953956604,-0.0057978820987045765,-0.6453595161437988,0.3341134190559387,-0.008808332495391369,-0.794971764087677,0.4888104796409607,0.01895052008330822,-0.5611546635627747,0.34091922640800476,0.02203637920320034,-0.7161557078361511,0.7557393908500671,0.7025142312049866,0.010371548123657703,0.7773082256317139,0.8628562092781067,-0.011446122080087662,0.8691638112068176,0.49434977769851685,0.5734055042266846,0.8469812870025635,0.6281259059906006,0.45839646458625793,0.9457942843437195,0.42022624611854553,1.2135190963745117,0.9838920831680298,0.4425766170024872,1.0203551054000854,0.9542437791824341,0.4061308801174164,1.2851017713546753,0.9957152009010315,0.43116769194602966,1.0848618745803833,0.9872868061065674,0.384374737739563,1.2774218320846558,1.0535283088684082,0.3509003520011902,1.0302091836929321
deadlift_g19.jpg,,,,,,,,,,,,,,,,,,,,,,,,,,,,,,,,,,,,,,,,,,,,,,,,,,,,,,,,,,,,,,,,,,,,,,,,,,,,,,,,,,,,,,,,,,,,,,,,,,,
deadlift_g2.jpg,0.2202276736497879,0.2633453607559204,-0.1391739696264267,0.22453510761260986,0.2506915330886841,-0.16866753995418549,0.2267885059118271,0.250031977891922,-0.16873887181282043,0.22921881079673767,0.24929846823215485,-0.16887183487415314,0.2238391488790512,0.25048184394836426,-0.1091407909989357,0.2254861295223236,0.249766543507576,-0.1091650128364563,0.2272566556930542,0.24895675480365753,-0.10936581343412399,0.26014071702957153,0.24714557826519012,-0.2570646107196808,0.25758683681488037,0.24669073522090912,0.004932916723191738,0.23788785934448242,0.27407270669937134,-0.17101192474365234,0.23589958250522614,0.27345362305641174,-0.09391926974058151,0.3582872748374939,0.3003426194190979,-0.4022654891014099,0.35785773396492004,0.2989027202129364,0.1708853542804718,0.42211824655532837,0.4104555547237396,-0.443658709526062,0.4172939658164978,0.39793169498443604,0.1926882117986679,0.44234272837638855,0.5024327039718628,-0.34909069538116455,0.4158570170402527,0.48646411299705505,0.09532003104686737,0.44388675689697266,0.5149717926979065,-0.4060531258583069,0.4100714325904846,0.5007419586181641,0.09057912975549698,0.4287465810775757,0.517274022102356,-0.3947778046131134,0.4070720970630646,0.5012075901031494,0.041550613939762115,0.4295838177204132,0.5144970417022705,-0.3446432650089264,0.4127698242664337,0.496906042098999,0.0681711956858635,0.5552523136138916,0.3977566659450531,-0.17347657680511475,0.5308940410614014,0.4023246467113495,0.17366555333137512,0.4507349729537964,0.5046746730804443,-0.2793601453304291,0.4399290978908539,0.48990267515182495,0.05601808801293373,0.4912535846233368,0.6422688364982605,-0.2426403909921646,0.4923909902572632,0.6175143718719482,0.052128471434116364,0.5216407775878906,0.6617590188980103,-0.23912443220615387,0.5225165486335754,0.6331154108047485,0.0488765649497509,0.41939038038253784,0.6781678795814514,-0.33428749442100525,0.44306814670562744,0.6558873653411865,-0.04701734334230423
deadlift_g20.jpg,,,,,,,,,,,,,,,,,,,,,,,,,,,,,,,,,,,,,,,,,,,,,,,,,,,,,,,,,,,,,,,,,,,,,,,,,,,,,,,,,,,,,,,,,,,,,,,,,,,
deadlift_g21.jpg,,,,,,,,,,,,,,,,,,,,,,,,,,,,,,,,,,,,,,,,,,,,,,,,,,,,,,,,,,,,,,,,,,,,,,,,,,,,,,,,,,,,,,,,,,,,,,,,,,,
deadlift_g3.jpg,0.155030757188797,0.1693095862865448,-0.01301717758178711,0.16618549823760986,0.15662772953510284,-0.0694776102900505,0.16926071047782898,0.1568536013364792,-0.06958821415901184,0.17250609397888184,0.15710313618183136,-0.06969264894723892,0.16635024547576904,0.15551325678825378,0.023223543539643288,0.1696125864982605,0.15498074889183044,0.023190036416053772,0.17304933071136475,0.1545017659664154,0.022857610136270523,0.21034985780715942,0.16172054409980774,-0.23391450941562653,0.20954181253910065,0.1584198772907257,0.16996361315250397,0.17069894075393677,0.18359078466892242,-0.0698544979095459,0.16974762082099915,0.18318943679332733,0.04870610311627388,0.29579275846481323,0.23093357682228088,-0.4853093922138214,0.3270035684108734,0.22290849685668945,0.4305870234966278,0.37315499782562256,0.34531646966934204,-0.46790218353271484,0.4259929060935974,0.3224899172782898,0.4785163998603821,0.36417698860168457,0.42707559466362,-0.1534428596496582,0.4181578755378723,0.39975592494010925,0.36985719203948975,0.37164780497550964,0.441144734621048,-0.1910480260848999,0.4173373281955719,0.416028767824173,0.3965737223625183,0.36829671263694763,0.4385862648487091,-0.17184880375862122,0.4020542502403259,0.41530436277389526,0.3367227017879486,0.36888208985328674,0.43392273783683777,-0.13821740448474884,0.4021954834461212,0.4091413915157318,0.3383673429489136,0.547467052936554,0.3874971866607666,-0.27884170413017273,0.544884979724884,0.3829590678215027,0.27877846360206604,0.45629775524139404,0.5382656455039978,-0.3355007469654083,0.44426873326301575,0.5256466865539551,0.19649071991443634,0.4784198999404907,0.6967419385910034,-0.23645950853824615,0.47483983635902405,0.6831239461898804,0.3090582489967346,0.5083217620849609,0.7237968444824219,-0.23059062659740448,0.49648186564445496,0.7074179649353027,0.31352800130844116,0.3602980077266693,0.7318408489227295,-0.35401374101638794,0.3802074193954468,0.7156963348388672,0.2255883365869522
deadlift_g4.jpg,,,,,,,,,,,,,,,,,,,,,,,,,,,,,,,,,,,,,,,,,,,,,,,,,,,,,,,,,,,,,,,,,,,,,,,,,,,,,,,,,,,,,,,,,,,,,,,,,,,
deadlift_g5.jpg,0.7805413603782654,0.3885021209716797,0.012994782999157906,0.7831388115882874,0.3699651062488556,0.030449291691184044,0.782662034034729,0.36908039450645447,0.03033602610230446,0.7821136713027954,0.3681274652481079,0.030189061537384987,0.7817144989967346,0.3682749271392822,-0.001919188303872943,0.7802282571792603,0.36645764112472534,-0.0019422118784859776,0.7786124348640442,0.364549458026886,-0.0020332233980298042,0.7713639736175537,0.36026516556739807,0.08630649745464325,0.766907811164856,0.3566391170024872,-0.056487198919057846,0.7715101838111877,0.39976492524147034,0.0353107787668705,0.7696332931518555,0.3969919681549072,-0.0056387982331216335,0.7170078754425049,0.4116400480270386,0.16799886524677277,0.7238905429840088,0.4352746605873108,-0.15244384109973907,0.6957978010177612,0.5345180630683899,0.17996706068515778,0.6911824941635132,0.5466889142990112,-0.15112240612506866,0.6772222518920898,0.6216816306114197,0.13918352127075195,0.6972290277481079,0.6339210271835327,-0.030404377728700638,0.6755563616752625,0.6414876580238342,0.14157897233963013,0.6919254660606384,0.6714627146720886,-0.035501737147569656,0.6790253520011902,0.6434575319290161,0.13252106308937073,0.6979361176490784,0.6629123091697693,-0.026926234364509583,0.6781802773475647,0.6373966336250305,0.1315947324037552,0.6956672072410583,0.6514254212379456,-0.025053471326828003,0.5947028994560242,0.5238684415817261,0.10172151029109955,0.5998711585998535,0.5463302135467529,-0.10217862576246262,0.5840877890586853,0.587641716003418,0.28341782093048096,0.5944745540618896,0.6551152467727661,0.031499676406383514,0.5257656574249268,0.6436564922332764,0.2646446228027344,0.5054265856742859,0.6543241739273071,0.04290682449936867,0.5117526650428772,0.6454055309295654,0.2616880536079407,0.4845588803291321,0.6341512203216553,0.045361753553152084,0.5296375751495361,0.6994853019714355,0.2555651068687439,0.5034155249595642,0.7141106724739075,0.029073193669319153
deadlift_g6.jpg,0.6572660803794861,0.3805074393749237,-0.6758236289024353,0.6569738388061523,0.3995533287525177,-0.6850472092628479,0.6563462615013123,0.4040853977203369,-0.6851091384887695,0.6557136178016663,0.40867775678634644,-0.6854109764099121,0.6561154127120972,0.3870563209056854,-0.6751869916915894,0.6551142930984497,0.3826153576374054,-0.6753079891204834,0.654010534286499,0.37825220823287964,-0.6752604246139526,0.648978590965271,0.4073713719844818,-0.6426624059677124,0.6449506282806396,0.3638485372066498,-0.5957183837890625,0.6499229073524475,0.37587714195251465,-0.6506327390670776,0.6499817967414856,0.3628116846084595,-0.6376990675926208,0.6295768022537231,0.41536450386047363,-0.5846117734909058,0.6098212003707886,0.33485764265060425,-0.38851577043533325,0.6566272974014282,0.5649571418762207,-0.5995419025421143,0.582241952419281,0.39205533266067505,-0.12168669700622559,0.6191579103469849,0.7737171649932861,-0.6989155411720276,0.5571063756942749,0.5019668936729431,0.08042020350694656,0.6159250140190125,0.8178357481956482,-0.7402818202972412,0.545653223991394,0.5361260175704956,0.12149166315793991,0.6126517653465271,0.8109281659126282,-0.7612110376358032,0.553297221660614,0.535102128982544,0.0948699563741684,0.6107362508773804,0.7927765846252441,-0.7070783376693726,0.55812007188797,0.5264577865600586,0.08043821901082993,0.5270049571990967,0.4983709454536438,-0.09727513045072556,0.5211175680160522,0.48230496048927307,0.09731590747833252,0.48629212379455566,0.6342741847038269,0.07499390840530396,0.5398391485214233,0.5767196416854858,0.41097187995910645,0.4908566474914551,0.8216035962104797,0.33465832471847534,0.5934919714927673,0.6807418465614319,0.7651680111885071,0.5080780386924744,0.8117483258247375,0.3644956052303314,0.6112489104270935,0.6960495710372925,0.8028457760810852,0.44544699788093567,0.8735288381576538,0.30712732672691345,0.5714246034622192,0.7246158719062805,0.7787007093429565
deadlift_g7.jpg,0.5629599094390869,0.7407759428024292,-0.15852367877960205,0.5660670399665833,0.7452498078346252,-0.18227513134479523,0.5655825138092041,0.7423457503318787,-0.18237921595573425,0.5649960041046143,0.7395368218421936,-0.18237616121768951,0.5673536062240601,0.7498473525047302,-0.1877489537000656,0.5681248903274536,0.7501891851425171,-0.18795228004455566,0.5689505934715271,0.7507160305976868,-0.1885087788105011,0.5638500452041626,0.7243145108222961,-0.2213849127292633,0.5683870315551758,0.738219141960144,-0.24501724541187286,0.5575028657913208,0.7241455316543579,-0.16570796072483063,0.5602483153343201,0.7298345565795898,-0.1731887310743332,0.5486961007118225,0.6666356921195984,-0.24786829948425293,0.547008216381073,0.6930082440376282,-0.15771502256393433,0.4864458441734314,0.5843209028244019,-0.28864553570747375,0.48574382066726685,0.6127379536628723,-0.1873340606689453,0.470119833946228,0.6067197322845459,-0.42238107323646545,0.4602927267551422,0.5661953091621399,-0.21611285209655762,0.4593777358531952,0.5975070595741272,-0.4653201699256897,0.4526526629924774,0.5661786794662476,-0.2158210426568985,0.46681809425354004,0.5875723958015442,-0.4527641236782074,0.455210417509079,0.5500935316085815,-0.23864373564720154,0.4706893563270569,0.5911300778388977,-0.4199901819229126,0.4585013687610626,0.5531162619590759,-0.22256965935230255,0.4833452105522156,0.7391250133514404,-0.012920927256345749,0.478935182094574,0.7479190826416016,0.013273796066641808,0.5153715014457703,0.6714208126068115,-0.03959596902132034,0.5006489157676697,0.6658198237419128,0.05720609799027443,0.48661932349205017,0.7389993071556091,0.020931847393512726,0.49844786524772644,0.7622936367988586,-0.01697036810219288,0.47864818572998047,0.7601171135902405,0.055265240371227264,0.4947146475315094,0.7767900228500366,-0.0211823508143425,0.48158469796180725,0.7203938961029053,-0.014612729661166668,0.5047656893730164,0.789682149887085,-0.037697676569223404
deadlift_g8.jpg,,,,,,,,,,,,,,,,,,,,,,,,,,,,,,,,,,,,,,,,,,,,,,,,,,,,,,,,,,,,,,,,,,,,,,,,,,,,,,,,,,,,,,,,,,,,,,,,,,,
deadlift_g9.jpg,0.43456828594207764,0.40027791261672974,-0.386392205953598,0.44625189900398254,0.3909494876861572,-0.39777252078056335,0.4526992440223694,0.3905177414417267,-0.3978322446346283,0.4598012864589691,0.39007073640823364,-0.39795932173728943,0.43653929233551025,0.39198005199432373,-0.34916311502456665,0.4358683228492737,0.39217904210090637,-0.34914442896842957,0.43528270721435547,0.3922867178916931,-0.34921905398368835,0.49358779191970825,0.3932017385959625,-0.4041041135787964,0.46622714400291443,0.3948909044265747,-0.18682916462421417,0.454863965511322,0.41071152687072754,-0.38769713044166565,0.4429079592227936,0.4115992784500122,-0.32467296719551086,0.5859320759773254,0.44224652647972107,-0.46416905522346497,0.4579021632671356,0.4575674831867218,-0.03494703769683838,0.5921127796173096,0.5245006084442139,-0.48183301091194153,0.4689309597015381,0.5301514863967896,0.02320474199950695,0.5992523431777954,0.6028622984886169,-0.4604381322860718,0.47287195920944214,0.5902353525161743,-0.039884116500616074,0.6030359268188477,0.6232621073722839,-0.514541506767273,0.4617104232311249,0.6102114915847778,-0.044701915234327316,0.5797110795974731,0.6272614002227783,-0.5307238698005676,0.4740382134914398,0.6103050708770752,-0.09098483622074127,0.5760146975517273,0.6198862791061401,-0.46357670426368713,0.48467546701431274,0.6028532981872559,-0.061560142785310745,0.6564759612083435,0.5369938611984253,-0.12795229256153107,0.5655897259712219,0.5469639897346497,0.12769998610019684,0.6770621538162231,0.5794629454612732,-0.7170683145523071,0.4382614195346832,0.5587021708488464,0.053595416247844696,0.7374634146690369,0.6302749514579773,-0.5257362723350525,0.492491751909256,0.6369725465774536,0.26307961344718933,0.750845193862915,0.6399345993995667,-0.5034690499305725,0.5217930674552917,0.65453040599823,0.2824857831001282,0.7460080981254578,0.6447363495826721,-0.6065664887428284,0.4313035309314728,0.6703504323959351,0.22578321397304535
