image_name,keypoint_0_x,keypoint_1_x,keypoint_2_x,keypoint_3_x,keypoint_4_x,keypoint_5_x,keypoint_6_x,keypoint_7_x,keypoint_8_x,keypoint_9_x,keypoint_10_x,keypoint_11_x,keypoint_12_x,keypoint_13_x,keypoint_14_x,keypoint_15_x,keypoint_16_x,keypoint_17_x,keypoint_18_x,keypoint_19_x,keypoint_20_x,keypoint_21_x,keypoint_22_x,keypoint_23_x,keypoint_24_x,keypoint_25_x,keypoint_26_x,keypoint_27_x,keypoint_28_x,keypoint_29_x,keypoint_30_x,keypoint_31_x,keypoint_32_x,keypoint_0_y,keypoint_1_y,keypoint_2_y,keypoint_3_y,keypoint_4_y,keypoint_5_y,keypoint_6_y,keypoint_7_y,keypoint_8_y,keypoint_9_y,keypoint_10_y,keypoint_11_y,keypoint_12_y,keypoint_13_y,keypoint_14_y,keypoint_15_y,keypoint_16_y,keypoint_17_y,keypoint_18_y,keypoint_19_y,keypoint_20_y,keypoint_21_y,keypoint_22_y,keypoint_23_y,keypoint_24_y,keypoint_25_y,keypoint_26_y,keypoint_27_y,keypoint_28_y,keypoint_29_y,keypoint_30_y,keypoint_31_y,keypoint_32_y,keypoint_0_z,keypoint_1_z,keypoint_2_z,keypoint_3_z,keypoint_4_z,keypoint_5_z,keypoint_6_z,keypoint_7_z,keypoint_8_z,keypoint_9_z,keypoint_10_z,keypoint_11_z,keypoint_12_z,keypoint_13_z,keypoint_14_z,keypoint_15_z,keypoint_16_z,keypoint_17_z,keypoint_18_z,keypoint_19_z,keypoint_20_z,keypoint_21_z,keypoint_22_z,keypoint_23_z,keypoint_24_z,keypoint_25_z,keypoint_26_z,keypoint_27_z,keypoint_28_z,keypoint_29_z,keypoint_30_z,keypoint_31_z,keypoint_32_z
dbp_1000001.jpg,0.05014669522643089,0.2742132246494293,1.0461663007736206,0.05426374822854996,0.27507951855659485,1.0828144550323486,0.08896312862634659,0.2718420922756195,1.0830111503601074,0.0932350680232048,0.27313220500946045,1.0827966928482056,0.04582260921597481,0.2767890989780426,1.0726895332336426,0.033523108810186386,0.27798885107040405,1.0725775957107544,0.03415505215525627,0.2794942557811737,1.0724666118621826,0.12598836421966553,0.29533201456069946,1.1007024049758911,0.05219458416104317,0.29764553904533386,1.0564031600952148,0.10194169729948044,0.2759508490562439,1.0382840633392334,0.05651657655835152,0.28609463572502136,1.0248228311538696,0.22561150789260864,0.3352978527545929,0.878818154335022,0.14620855450630188,0.34795522689819336,0.8725616335868835,0.1512676328420639,0.2618834376335144,0.8022782802581787,0.04317088797688484,0.3156055808067322,0.739000141620636,0.04745781421661377,0.13768450915813446,0.8230510354042053,-0.1331430971622467,0.17192037403583527,0.6721871495246887,0.036850813776254654,0.11434648185968399,0.8029909133911133,-0.17840708792209625,0.14111080765724182,0.6377463936805725,0.026634518057107925,0.10956022143363953,0.8132675290107727,-0.2501811683177948,0.11704829335212708,0.6568071842193604,0.028778983280062675,0.11692418903112411,0.8183194994926453,-0.2362804114818573,0.1276121735572815,0.6701382994651794,0.3712209463119507,0.4710365831851959,-0.062438324093818665,0.3245042860507965,0.480947881937027,0.06310183554887772,0.3658464550971985,0.6199928522109985,-0.3802851438522339,0.3156302571296692,0.5585253834724426,-0.3343806862831116,0.4458814263343811,0.7561385035514832,-0.7392908334732056,0.4500275254249573,0.7546011805534363,-0.6737819910049438,0.47844475507736206,0.7999976873397827,-0.7776005268096924,0.5036568641662598,0.8020272254943848,-0.7133275866508484,0.3631635010242462,0.7450966835021973,-0.9547998905181885,0.4009830355644226,0.7651172280311584,-0.8877948522567749
dbp_100001.jpg,0.4051528871059418,0.5781407952308655,0.40972474217414856,0.4143315851688385,0.5751323699951172,0.42927086353302,0.4263931214809418,0.5715522766113281,0.42914241552352905,0.43127375841140747,0.567695677280426,0.42871829867362976,0.4036347568035126,0.5839150547981262,0.41744107007980347,0.39947229623794556,0.5887479782104492,0.4174310863018036,0.39821290969848633,0.5933149456977844,0.4169914126396179,0.45288583636283875,0.5788552165031433,0.4197058081626892,0.4210802912712097,0.6171042323112488,0.37364909052848816,0.4394935369491577,0.5866586565971375,0.3937694728374481,0.4160629212856293,0.6024399399757385,0.3780547082424164,0.5462784171104431,0.5629492998123169,0.3089727461338043,0.4013453423976898,0.6805846095085144,0.3927629292011261,0.6038081645965576,0.5071778893470764,0.2156335711479187,0.3495587110519409,0.685730516910553,0.05917414650321007,0.5673582553863525,0.3358302712440491,0.06751994043588638,0.27895015478134155,0.5285866856575012,-0.023920254781842232,0.5436420440673828,0.30264925956726074,0.0620720349252224,0.25014302134513855,0.4931894540786743,-0.02784762531518936,0.4837648272514343,0.2826094627380371,0.043345920741558075,0.2469572126865387,0.4916365444660187,0.057423364371061325,0.4852498769760132,0.3099195957183838,0.052208855748176575,0.25962895154953003,0.4748537242412567,-0.0028701673727482557,0.6294866800308228,0.6668481826782227,0.028405237942934036,0.5409477949142456,0.73835688829422,-0.027539532631635666,0.7221007943153381,0.6024680137634277,-0.03852105140686035,0.4261816143989563,0.7437079548835754,-0.12834936380386353,0.7873694896697998,0.6913253664970398,-0.30265381932258606,0.3953478932380676,0.7139756679534912,-0.4048738181591034,0.7984875440597534,0.7142828106880188,-0.3251183331012726,0.3912246823310852,0.7312230467796326,-0.4186599850654602,0.8048441410064697,0.7079938054084778,-0.37332895398139954,0.37797465920448303,0.6716274619102478,-0.45671847462654114
dbp_1000011.jpg,0.24227729439735413,0.36049172282218933,0.5339221954345703,0.2436782717704773,0.3622629940509796,0.5951566100120544,0.2452387809753418,0.3644004762172699,0.5950862765312195,0.246408611536026,0.36665090918540955,0.594737708568573,0.23854660987854004,0.3633204996585846,0.5549289584159851,0.23595882952213287,0.3667801320552826,0.5549202561378479,0.23385249078273773,0.3700483441352844,0.5547227263450623,0.24123647809028625,0.401924729347229,0.7593410611152649,0.22433489561080933,0.4008811116218567,0.5685765743255615,0.24824662506580353,0.3765069246292114,0.5837885737419128,0.23792175948619843,0.37933188676834106,0.5283549427986145,0.2759440541267395,0.46615147590637207,0.6990892291069031,0.16963836550712585,0.5365586876869202,0.44375741481781006,0.34192928671836853,0.48043012619018555,0.7607846856117249,0.09672515094280243,0.44104433059692383,0.3138584494590759,0.34926357865333557,0.3609672486782074,0.831806480884552,0.055234022438526154,0.2762696146965027,0.3886536657810211,0.3502664566040039,0.32865238189697266,0.8414482474327087,0.059937573969364166,0.24014268815517426,0.3951890170574188,0.34465599060058594,0.26953819394111633,0.8375579714775085,0.06791996210813522,0.23488515615463257,0.41694310307502747,0.3304419219493866,0.3067770302295685,0.826219379901886,0.07118500769138336,0.24577726423740387,0.39829984307289124,0.41210582852363586,0.6778628826141357,0.03736749663949013,0.35834529995918274,0.7195503115653992,-0.03729860857129097,0.43481525778770447,0.8689141869544983,-0.07780905812978745,0.305331289768219,0.96001797914505,-0.17742778360843658,0.3590397834777832,1.050744891166687,-0.10364628583192825,0.3190136253833771,1.085422396659851,-0.2998829483985901,0.3413086533546448,1.0692603588104248,-0.10321418941020966,0.31443506479263306,1.085503339767456,-0.30527910590171814,0.35056373476982117,1.1461677551269531,-0.15900589525699615,0.3472629189491272,1.1620081663131714,-0.3957042694091797
dbp_1000021.jpg,0.2094905823469162,0.3875372111797333,0.710658073425293,0.22216090559959412,0.3864893913269043,0.7454087138175964,0.22326691448688507,0.38660159707069397,0.7455137372016907,0.2234884649515152,0.386316180229187,0.7452253103256226,0.21411167085170746,0.392977237701416,0.7357041239738464,0.2127249389886856,0.3956455588340759,0.7358349561691284,0.21011166274547577,0.39812231063842773,0.7355912327766418,0.22264981269836426,0.40118902921676636,0.8004804253578186,0.19844049215316772,0.4181252717971802,0.7548865079879761,0.22069516777992249,0.39451727271080017,0.7204698920249939,0.21005496382713318,0.4178694486618042,0.7062848210334778,0.24101397395133972,0.40268674492836,0.722296416759491,0.17306262254714966,0.47276073694229126,0.5944896936416626,0.25105759501457214,0.38796183466911316,0.9017336368560791,0.12238539755344391,0.4795389473438263,0.6552309393882751,0.2309131771326065,0.3095409870147705,1.1009963750839233,0.08524075150489807,0.34428343176841736,0.85576331615448,0.17138567566871643,0.3194361925125122,1.1312334537506104,0.07934760302305222,0.3098664879798889,0.8897954821586609,0.17054200172424316,0.3206992745399475,1.131156325340271,0.08459265530109406,0.30834534764289856,0.9012396335601807,0.17249903082847595,0.3242579698562622,1.1042554378509521,0.08608975261449814,0.31453272700309753,0.8683528304100037,0.2856811583042145,0.5372074842453003,0.05175764486193657,0.26029589772224426,0.5716574192047119,-0.052000097930431366,0.35414013266563416,0.777832567691803,-0.11193332821130753,0.3173721730709076,0.8241023421287537,-0.24388264119625092,0.3092050552368164,1.0043894052505493,-0.2755410969257355,0.2300252765417099,0.9613852500915527,-0.37348684668540955,0.29794594645500183,1.0337868928909302,-0.29125407338142395,0.2188517153263092,0.9657073020935059,-0.37626954913139343,0.322234570980072,1.101904273033142,-0.36717864871025085,0.2281418740749359,1.0487524271011353,-0.411883145570755
dbp_1000031.jpg,0.15432386100292206,0.4469549059867859,0.49701258540153503,0.15604592859745026,0.43363869190216064,0.5260990262031555,0.16041018068790436,0.4306853115558624,0.5260540843009949,0.16497500240802765,0.4277953803539276,0.525649905204773,0.14572986960411072,0.44027480483055115,0.5363560914993286,0.1429254710674286,0.4427664577960968,0.5364055633544922,0.14009495079517365,0.4453263282775879,0.5361336469650269,0.18319369852542877,0.42873165011405945,0.5768460035324097,0.146304652094841,0.4534301459789276,0.6206393837928772,0.16373635828495026,0.4100151062011719,0.5049644112586975,0.1611029952764511,0.4624432325363159,0.5173565745353699,0.24785491824150085,0.3968930244445801,0.5049668550491333,0.16577230393886566,0.5207026600837708,0.5527585744857788,0.25963279604911804,0.40485483407974243,0.6501137614250183,0.13878484070301056,0.48738470673561096,0.7231972813606262,0.2271592617034912,0.36690419912338257,0.9133906960487366,0.1177162304520607,0.4285813271999359,0.955839991569519,0.18886171281337738,0.3590250611305237,0.9483177661895752,0.11479319632053375,0.4115391969680786,0.9929714798927307,0.18498669564723969,0.3581909239292145,0.9591636657714844,0.11477740854024887,0.405524879693985,0.9971636533737183,0.18687082827091217,0.36052975058555603,0.9233055114746094,0.11706957966089249,0.40593528747558594,0.9619276523590088,0.3364950120449066,0.5470688939094543,-0.007469175383448601,0.23829592764377594,0.594796359539032,0.00738412793725729,0.40865358710289,0.792672872543335,-0.22855496406555176,0.21976803243160248,0.8339242935180664,-0.19794580340385437,0.42554983496665955,1.099039912223816,-0.25181111693382263,0.20439033210277557,1.086478590965271,-0.2679029405117035,0.41821515560150146,1.1354814767837524,-0.25323864817619324,0.20959576964378357,1.1116974353790283,-0.27236321568489075,0.465954452753067,1.2040754556655884,-0.34085163474082947,0.219924658536911,1.1786636114120483,-0.3614882230758667
dbp_1000041.jpg,0.19307218492031097,0.39909857511520386,0.4757915735244751,0.2032846361398697,0.3837035000324249,0.5109269618988037,0.20651784539222717,0.3806455731391907,0.510951578617096,0.2088107317686081,0.37775009870529175,0.5105769634246826,0.187445729970932,0.3976874053478241,0.5173160433769226,0.18294861912727356,0.40206772089004517,0.5174378156661987,0.1776587814092636,0.40700995922088623,0.5172330737113953,0.2148539125919342,0.3804340660572052,0.601561963558197,0.16820542514324188,0.43623852729797363,0.6269687414169312,0.20915886759757996,0.39644861221313477,0.4995276629924774,0.1927836537361145,0.4137539863586426,0.5065694451332092,0.2552259564399719,0.399633526802063,0.5563953518867493,0.1781444251537323,0.5041397213935852,0.5877438187599182,0.3019316792488098,0.3979896605014801,0.6461787819862366,0.12258060276508331,0.5614970922470093,0.635295033454895,0.24874427914619446,0.38115519285202026,0.8042029738426208,0.11886552721261978,0.45303788781166077,0.7089165449142456,0.23862074315547943,0.3753187954425812,0.8152691721916199,0.11132153868675232,0.42934831976890564,0.7200653553009033,0.19829851388931274,0.38780492544174194,0.8354934453964233,0.1141025498509407,0.4189404249191284,0.7400134801864624,0.22943530976772308,0.38211122155189514,0.8147609233856201,0.11949273198843002,0.42848584055900574,0.7174946069717407,0.34166616201400757,0.5381545424461365,-0.010848166421055794,0.2551102638244629,0.6094144582748413,0.010701507329940796,0.4285397529602051,0.7615221738815308,-0.26564574241638184,0.2566273808479309,0.8511912226676941,-0.16146405041217804,0.4492727220058441,1.067855715751648,-0.22731679677963257,0.2684878706932068,1.0818673372268677,-0.20000889897346497,0.460109680891037,1.116012692451477,-0.22439220547676086,0.2839745581150055,1.1172419786453247,-0.19758841395378113,0.5257514119148254,1.1945523023605347,-0.3216725289821625,0.3095178008079529,1.2028429508209229,-0.2779918611049652
dbp_1000051.jpg,0.2152998149394989,0.366823673248291,0.5274251103401184,0.22722037136554718,0.3639638125896454,0.5666736364364624,0.23183760046958923,0.36179208755493164,0.5668081641197205,0.23585136234760284,0.3598169684410095,0.5665048360824585,0.21187347173690796,0.37312114238739014,0.5653565526008606,0.20414523780345917,0.3745417594909668,0.5654386878013611,0.19621068239212036,0.3794032633304596,0.5653346180915833,0.2398822009563446,0.3704877495765686,0.6679732203483582,0.1824367642402649,0.39381980895996094,0.6588037014007568,0.22986850142478943,0.3703781068325043,0.5556599497795105,0.21204820275306702,0.3795645833015442,0.5526840686798096,0.2850137948989868,0.38858550786972046,0.5996135473251343,0.18267743289470673,0.47364774346351624,0.6212512254714966,0.3406089246273041,0.38892072439193726,0.7155624628067017,0.11074922233819962,0.5148210525512695,0.6605828404426575,0.3590161204338074,0.29974091053009033,0.8605707883834839,0.09156407415866852,0.3964765667915344,0.795183002948761,0.35741156339645386,0.28533464670181274,0.869004487991333,0.09216079860925674,0.3581903576850891,0.8097488880157471,0.33767157793045044,0.28781548142433167,0.8652971386909485,0.10327843576669693,0.3491462171077728,0.8264269232749939,0.34487587213516235,0.29247793555259705,0.8573703169822693,0.10717794299125671,0.363088995218277,0.8002663254737854,0.37167856097221375,0.5666007399559021,-0.012751886621117592,0.2702077031135559,0.6146826148033142,0.01289069652557373,0.4539509117603302,0.7409394979476929,-0.3011665344238281,0.2836751639842987,0.7870169878005981,-0.31152328848838806,0.47605594992637634,1.0809204578399658,-0.34208473563194275,0.31367525458335876,1.084610104560852,-0.35583430528640747,0.46261030435562134,1.1264638900756836,-0.32648056745529175,0.3246890902519226,1.1086140871047974,-0.35827791690826416,0.5252466797828674,1.1807516813278198,-0.4200848340988159,0.32752349972724915,1.2320835590362549,-0.46907082200050354
dbp_1000061.jpg,0.22081834077835083,0.3750284016132355,0.7693731188774109,0.22941072285175323,0.3761146664619446,0.8065487146377563,0.2344660460948944,0.37447208166122437,0.8067618608474731,0.23946981132030487,0.3725743591785431,0.8063564300537109,0.21596363186836243,0.3856348991394043,0.8017362356185913,0.21123695373535156,0.39127036929130554,0.8017829060554504,0.2064642757177353,0.39725902676582336,0.8017398715019226,0.24885669350624084,0.386717826128006,0.8440959453582764,0.20223478972911835,0.422614723443985,0.8211205005645752,0.23276248574256897,0.37822315096855164,0.7693151831626892,0.21784649789333344,0.3868327736854553,0.7611005902290344,0.3052353858947754,0.38837555050849915,0.724206805229187,0.17476233839988708,0.4685032367706299,0.6448756456375122,0.3679814040660858,0.3003171682357788,0.8572028875350952,0.10326594859361649,0.39331525564193726,0.6563316583633423,0.38525646924972534,0.17675656080245972,1.0605738162994385,0.09559939056634903,0.25794416666030884,0.8580862283706665,0.3837584853172302,0.1407109498977661,1.0810900926589966,0.09672977030277252,0.21883468329906464,0.8790207505226135,0.3691229820251465,0.14011900126934052,1.0832113027572632,0.10336550325155258,0.21073505282402039,0.8952245712280273,0.3706687092781067,0.15494485199451447,1.0585705041885376,0.10657230764627457,0.22496052086353302,0.8631493449211121,0.3720248341560364,0.5649427771568298,0.003932191524654627,0.2706466317176819,0.6023892164230347,-0.0037957928143441677,0.4480189383029938,0.7135826945304871,-0.3291362226009369,0.296794593334198,0.8151701092720032,-0.30206719040870667,0.49466222524642944,1.0654447078704834,-0.4570152163505554,0.3273206651210785,1.083930253982544,-0.4092068672180176,0.48631471395492554,1.1178613901138306,-0.4742613136768341,0.3366718590259552,1.1107431650161743,-0.41745802760124207,0.5448510050773621,1.153562068939209,-0.6162942051887512,0.33404284715652466,1.2033617496490479,-0.5412458777427673
dbp_1000071.jpg,0.21586845815181732,0.3831181526184082,0.6802833676338196,0.2246168702840805,0.38175174593925476,0.7191787958145142,0.22986045479774475,0.38055628538131714,0.7194098234176636,0.23542308807373047,0.37928974628448486,0.7190729379653931,0.21090547740459442,0.39024922251701355,0.7121302485466003,0.2062850296497345,0.395551860332489,0.7121707797050476,0.2017967849969864,0.40115877985954285,0.7120776772499084,0.2469625025987625,0.3954898416996002,0.7802703380584717,0.19450470805168152,0.43092647194862366,0.7426208853721619,0.2297419160604477,0.38934946060180664,0.6893752813339233,0.2120530754327774,0.3983813524246216,0.6773189902305603,0.29943642020225525,0.4108823537826538,0.6843652129173279,0.16982153058052063,0.4818132221698761,0.6176813244819641,0.37229567766189575,0.34721675515174866,0.8416469097137451,0.10739564895629883,0.47613704204559326,0.6291376948356628,0.37907418608665466,0.24404816329479218,1.0654802322387695,0.09279860556125641,0.3387082517147064,0.7959461212158203,0.3806152641773224,0.2172333151102066,1.0884137153625488,0.08674418181180954,0.30691802501678467,0.8157179951667786,0.3686857223510742,0.2209700495004654,1.0934945344924927,0.09480223059654236,0.3013976514339447,0.8294318914413452,0.36735859513282776,0.2314506471157074,1.0669560432434082,0.1014513298869133,0.3145615756511688,0.7992745637893677,0.37455669045448303,0.5922282934188843,0.006588386837393045,0.26466163992881775,0.6291977167129517,-0.006383225787431002,0.45393994450569153,0.7455611228942871,-0.306861937046051,0.2954530417919159,0.8210011720657349,-0.33845362067222595,0.4887533187866211,1.0820666551589966,-0.4554198980331421,0.33270251750946045,1.0861879587173462,-0.44028204679489136,0.4769691824913025,1.1317390203475952,-0.4564903676509857,0.3414527177810669,1.1130340099334717,-0.4456669092178345,0.5361554026603699,1.1663473844528198,-0.5832383036613464,0.34741827845573425,1.1907323598861694,-0.5673397779464722
dbp_1000081.jpg,0.21748821437358856,0.41784706711769104,0.5677164793014526,0.221878319978714,0.41271814703941345,0.6152498722076416,0.22716347873210907,0.41161248087882996,0.6154355406761169,0.23237992823123932,0.4100785255432129,0.6150913238525391,0.2074471414089203,0.4193696677684784,0.6080764532089233,0.20204314589500427,0.42265069484710693,0.6081495881080627,0.19607876241207123,0.4258570373058319,0.6080417037010193,0.2375224381685257,0.4189353585243225,0.7420014142990112,0.1857626736164093,0.4485810101032257,0.6968353986740112,0.2311473786830902,0.42393219470977783,0.5994316339492798,0.2113879770040512,0.4317208230495453,0.5868608951568604,0.29140380024909973,0.4438059628009796,0.6847692728042603,0.16262207925319672,0.5171393752098083,0.6198389530181885,0.34104934334754944,0.40893125534057617,0.8490393161773682,0.08829399943351746,0.5781388282775879,0.47705209255218506,0.36583101749420166,0.3400508165359497,1.0612003803253174,0.08870334923267365,0.4422125518321991,0.38249483704566956,0.3716832399368286,0.31602466106414795,1.076598048210144,0.08308598399162292,0.4125000834465027,0.3722716271877289,0.3594934046268463,0.3174200654029846,1.0845930576324463,0.1016831248998642,0.406912237405777,0.40466126799583435,0.3558567464351654,0.3279573917388916,1.0642170906066895,0.10858795046806335,0.4159621298313141,0.3897183835506439,0.3698013424873352,0.6160700917243958,0.014219088479876518,0.25471293926239014,0.6626276969909668,-0.014342030510306358,0.4661538302898407,0.778002917766571,-0.3456197679042816,0.2887040078639984,0.8325954079627991,-0.4187411069869995,0.4658968150615692,1.1067582368850708,-0.3773435652256012,0.34576237201690674,1.1088460683822632,-0.42465654015541077,0.4474443793296814,1.153769850730896,-0.37746384739875793,0.35601261258125305,1.1326218843460083,-0.42222341895103455,0.5144296884536743,1.1980962753295898,-0.517899215221405,0.37387770414352417,1.2200442552566528,-0.5708590149879456
dbp_1000091.jpg,0.1987224668264389,0.45245835185050964,0.6174135804176331,0.20641106367111206,0.44516611099243164,0.6459609270095825,0.2116391509771347,0.44195064902305603,0.6460765600204468,0.2167927771806717,0.4385715126991272,0.6456241011619568,0.19110329449176788,0.4552452564239502,0.6444222331047058,0.1854516863822937,0.45936697721481323,0.6444225907325745,0.17906324565410614,0.46356984972953796,0.6442524790763855,0.22521449625492096,0.4429662525653839,0.6875311732292175,0.17229238152503967,0.4879729449748993,0.6726887226104736,0.21198265254497528,0.45520272850990295,0.6211349964141846,0.19290900230407715,0.4681733548641205,0.6159093379974365,0.28721463680267334,0.4593471884727478,0.5796611309051514,0.14711396396160126,0.5579140782356262,0.5709207057952881,0.3579912483692169,0.46730396151542664,0.5255317091941833,0.09310927987098694,0.639415442943573,0.25928962230682373,0.3550538122653961,0.41575920581817627,0.443485289812088,0.0791366770863533,0.5361079573631287,-0.04376782104372978,0.3551393449306488,0.39855536818504333,0.4235476553440094,0.06497149914503098,0.5129846930503845,-0.08171255886554718,0.3437272608280182,0.4012095034122467,0.4494343101978302,0.08567062020301819,0.5038788318634033,-0.034071825444698334,0.34080883860588074,0.40923944115638733,0.44710665941238403,0.09525660425424576,0.5096670389175415,-0.03542482852935791,0.3646368980407715,0.625544011592865,0.010024663992226124,0.24251022934913635,0.6907930374145508,-0.009976604953408241,0.46788686513900757,0.8016738295555115,-0.29324063658714294,0.29083964228630066,0.892551600933075,-0.3233441710472107,0.46454307436943054,1.0582380294799805,-0.09706124663352966,0.3663977384567261,1.1049141883850098,-0.1493864208459854,0.45173680782318115,1.0918883085250854,-0.07486197352409363,0.3829832077026367,1.1193820238113403,-0.12461793422698975,0.4975976347923279,1.1437233686447144,-0.17258338630199432,0.41846778988838196,1.1847970485687256,-0.25060558319091797
dbp_1000101.jpg,0.18893924355506897,0.46333393454551697,0.5655697584152222,0.19786860048770905,0.45563995838165283,0.599639892578125,0.20401160418987274,0.4518727660179138,0.5997937321662903,0.20992659032344818,0.44822365045547485,0.5994042158126831,0.17930932343006134,0.464901864528656,0.5997645258903503,0.17327889800071716,0.46830666065216064,0.5997191071510315,0.16679754853248596,0.4712493121623993,0.5995585322380066,0.2177230566740036,0.45192378759384155,0.6718094348907471,0.16450060904026031,0.4964433014392853,0.6652819514274597,0.2042730748653412,0.4648715555667877,0.5805672407150269,0.18378563225269318,0.47888895869255066,0.5782662034034729,0.2848735749721527,0.4753056466579437,0.5881227850914001,0.14502151310443878,0.5733439326286316,0.563827395439148,0.34929561614990234,0.4314778745174408,0.5757656097412109,0.08259294927120209,0.6516796350479126,0.2659388482570648,0.35680118203163147,0.3854822516441345,0.6157904863357544,0.06682565063238144,0.5516411066055298,0.00017439085058867931,0.356879860162735,0.3725019097328186,0.6098127365112305,0.056387294083833694,0.5252015590667725,-0.04203628748655319,0.3431442081928253,0.3771106004714966,0.6218305230140686,0.07469584792852402,0.5143982172012329,0.0007070453721098602,0.3415461480617523,0.38408440351486206,0.6171649098396301,0.0836213156580925,0.5239131450653076,0.005336693953722715,0.37020036578178406,0.6540143489837646,0.010813136585056782,0.24996474385261536,0.7177887558937073,-0.010743547230958939,0.46456143260002136,0.8171049356460571,-0.3146606683731079,0.30258500576019287,0.9042141437530518,-0.36554691195487976,0.45590779185295105,1.0852022171020508,-0.180527925491333,0.38581040501594543,1.1277878284454346,-0.2123837172985077,0.4420601427555084,1.1198806762695312,-0.16515998542308807,0.4002792537212372,1.1459097862243652,-0.20065730810165405,0.4858808219432831,1.1672781705856323,-0.29213714599609375,0.42273423075675964,1.2077609300613403,-0.2573557198047638
dbp_100011.jpg,0.46653082966804504,0.562195897102356,-0.25662192702293396,0.47204819321632385,0.5682328939437866,-0.2411307543516159,0.47625425457954407,0.5644859075546265,-0.24118374288082123,0.47701162099838257,0.562852680683136,-0.2414657473564148,0.4702572226524353,0.5742411613464355,-0.2561905086040497,0.46989235281944275,0.5772334337234497,-0.25623631477355957,0.45829126238822937,0.5716336369514465,-0.2564413249492645,0.47655948996543884,0.5744727253913879,-0.16124887764453888,0.44857317209243774,0.574259877204895,-0.23121707141399384,0.47132399678230286,0.5615002512931824,-0.22417417168617249,0.45838138461112976,0.5754349231719971,-0.2453085482120514,0.4657943546772003,0.5378879308700562,-0.09011499583721161,0.3431597352027893,0.6018723845481873,-0.1527383178472519,0.551800012588501,0.48964428901672363,-0.09320531040430069,0.32642433047294617,0.6525603532791138,-0.20186470448970795,0.6123527884483337,0.40921923518180847,-0.2202765941619873,0.30913230776786804,0.5083332657814026,-0.27038583159446716,0.6663316488265991,0.37283578515052795,-0.23866687715053558,0.3062439560890198,0.46458443999290466,-0.28895920515060425,0.6670076251029968,0.3714461028575897,-0.24877074360847473,0.2984500825405121,0.4471583068370819,-0.2730555236339569,0.655639111995697,0.388659805059433,-0.2293819636106491,0.30180612206459045,0.4629466235637665,-0.26616302132606506,0.4336581528186798,0.6700418591499329,0.019052203744649887,0.3466082215309143,0.7085185050964355,-0.018818529322743416,0.6050068736076355,0.6498660445213318,-0.2966371774673462,0.3040657639503479,0.6669224500656128,-0.3962583839893341,0.7547014951705933,0.6837781071662903,-0.509891927242279,0.31556835770606995,0.5401076674461365,-0.543226957321167,0.7660624980926514,0.7220776081085205,-0.5332077741622925,0.306938111782074,0.5477666258811951,-0.5475649237632751,0.8130258321762085,0.6260765790939331,-0.6823365688323975,0.31398406624794006,0.4546944499015808,-0.6325870156288147
dbp_1000111.jpg,0.18861065804958344,0.45676836371421814,0.5498541593551636,0.19271054863929749,0.4630517363548279,0.5813372731208801,0.19752256572246552,0.46309781074523926,0.5815255045890808,0.202458456158638,0.46348172426223755,0.5812060832977295,0.18006940186023712,0.4681580066680908,0.587952196598053,0.17569884657859802,0.47213315963745117,0.5879090428352356,0.17072902619838715,0.47574153542518616,0.5878078937530518,0.21840722858905792,0.477963924407959,0.6184845566749573,0.17008768022060394,0.5019009709358215,0.646760880947113,0.1995835155248642,0.45935890078544617,0.5513190031051636,0.1847657859325409,0.4660782814025879,0.5581627488136292,0.2945331931114197,0.46591857075691223,0.5026530623435974,0.14865709841251373,0.568799614906311,0.5207298398017883,0.3556060791015625,0.3595576882362366,0.4682947099208832,0.08181777596473694,0.5706280469894409,0.2794339060783386,0.3613413870334625,0.2463095486164093,0.44314855337142944,0.05390874668955803,0.4216136634349823,0.10103573650121689,0.3672981262207031,0.2178770899772644,0.4184580147266388,0.04894028604030609,0.38329318165779114,0.10336276143789291,0.3558250665664673,0.22319889068603516,0.4288594424724579,0.05964501574635506,0.37097546458244324,0.10020826756954193,0.3509514629840851,0.23736463487148285,0.4372703731060028,0.06482801586389542,0.3821830451488495,0.10163039714097977,0.3550174832344055,0.6509391665458679,0.019814908504486084,0.24189254641532898,0.7014917731285095,-0.019770270213484764,0.46092110872268677,0.7448493838310242,-0.2990337908267975,0.318399041891098,0.7354360818862915,-0.3847977817058563,0.4354044795036316,0.8790450096130371,-0.3794805407524109,0.3586027920246124,0.963214099407196,-0.4279543459415436,0.4206061065196991,0.9453064203262329,-0.3877323865890503,0.3543950915336609,1.002583384513855,-0.4309215247631073,0.4591360092163086,0.654700517654419,-0.5724774599075317,0.37621381878852844,1.0049489736557007,-0.5968276262283325
dbp_1000121.jpg,0.19840390980243683,0.45358628034591675,0.44350355863571167,0.20328137278556824,0.455863356590271,0.481697142124176,0.20980243384838104,0.4556398093700409,0.4818240702152252,0.21766307950019836,0.45514771342277527,0.48149240016937256,0.19018365442752838,0.4603271782398224,0.48202085494995117,0.18670997023582458,0.46381285786628723,0.48198050260543823,0.18290002644062042,0.46786969900131226,0.4818306863307953,0.23758292198181152,0.4669366180896759,0.5668877959251404,0.17878012359142303,0.49691709876060486,0.5676345229148865,0.21288259327411652,0.4591582119464874,0.45935583114624023,0.1946018487215042,0.4647969603538513,0.45878320932388306,0.30892878770828247,0.4636620283126831,0.4902443587779999,0.16960102319717407,0.5790488719940186,0.4544977843761444,0.3682566285133362,0.3413797616958618,0.48036113381385803,0.0958060473203659,0.6052367091178894,0.2634182870388031,0.35485368967056274,0.2666284143924713,0.482936829328537,0.07039444893598557,0.4442783296108246,0.13607975840568542,0.35157886147499084,0.25431084632873535,0.4482068121433258,0.0631856769323349,0.4113404154777527,0.10211542993783951,0.3435187339782715,0.2572863698005676,0.4771021604537964,0.07704786956310272,0.4020780324935913,0.1309189349412918,0.34220731258392334,0.26624396443367004,0.48192402720451355,0.08418076485395432,0.41231968998908997,0.13912948966026306,0.3766288459300995,0.6542664766311646,0.029402760788798332,0.2735753059387207,0.7187690138816833,-0.029413342475891113,0.4834834337234497,0.764517068862915,-0.13711406290531158,0.3547942042350769,0.8124016523361206,-0.12751202285289764,0.4505429267883301,0.8651215434074402,0.22982001304626465,0.38454532623291016,0.9464089274406433,0.19860434532165527,0.434376060962677,0.8717117309570312,0.27142998576164246,0.3803955912590027,0.9457216262817383,0.238394632935524,0.47588661313056946,0.8960059881210327,0.2381962239742279,0.43428096175193787,0.9823797345161438,0.17194777727127075
dbp_1000131.jpg,0.19781388342380524,0.45142072439193726,0.42007920145988464,0.20237308740615845,0.45120346546173096,0.451501727104187,0.20849017798900604,0.4505867063999176,0.4516150653362274,0.21565723419189453,0.44950467348098755,0.45128053426742554,0.18837371468544006,0.4557192921638489,0.45247018337249756,0.18414267897605896,0.4587870240211487,0.45243775844573975,0.17956458032131195,0.46233269572257996,0.4523061513900757,0.23193326592445374,0.4589582681655884,0.5482694506645203,0.17531056702136993,0.4883462190628052,0.5303274989128113,0.21186646819114685,0.4573160707950592,0.4346037805080414,0.1935422420501709,0.462552934885025,0.43126240372657776,0.293274849653244,0.4750919044017792,0.5213305950164795,0.16910558938980103,0.5613269209861755,0.4404918849468231,0.34862715005874634,0.40921923518180847,0.5708914399147034,0.10237487405538559,0.6187400221824646,0.18010488152503967,0.3515074849128723,0.3340907692909241,0.6194648742675781,0.09217769652605057,0.4816484749317169,-0.0911388099193573,0.3551921248435974,0.3151167035102844,0.613766610622406,0.0833222046494484,0.4515955150127411,-0.13223643600940704,0.34491926431655884,0.318245530128479,0.6219541430473328,0.09717316180467606,0.4418148994445801,-0.09408685564994812,0.34282296895980835,0.32901710271835327,0.6190789341926575,0.1049797385931015,0.45097610354423523,-0.08573926240205765,0.361894816160202,0.6349649429321289,0.0466398149728775,0.2822302579879761,0.6953150629997253,-0.04679213464260101,0.4676586091518402,0.7047638297080994,-0.1888381391763687,0.37273770570755005,0.8436395525932312,-0.2121245115995407,0.46765032410621643,0.9249060153961182,-0.054673079401254654,0.4333134889602661,0.9775117039680481,-0.12367621064186096,0.4538903534412384,0.9529799818992615,-0.042664784938097,0.4335232973098755,1.0011341571807861,-0.11031614989042282,0.5110613703727722,0.9834513068199158,-0.13608045876026154,0.4896499216556549,1.0379595756530762,-0.18904569745063782
dbp_1000141.jpg,0.18690140545368195,0.4520672559738159,0.30463311076164246,0.1911706179380417,0.44631537795066833,0.3378121256828308,0.19709409773349762,0.4442353844642639,0.33775511384010315,0.20389582216739655,0.44197553396224976,0.33741503953933716,0.17825016379356384,0.45299065113067627,0.3418549597263336,0.17466646432876587,0.456143856048584,0.3418990969657898,0.17017139494419098,0.46042826771736145,0.34168297052383423,0.22006915509700775,0.44369497895240784,0.46710672974586487,0.16685333847999573,0.48033711314201355,0.4829544723033905,0.2008652538061142,0.4552513062953949,0.34524503350257874,0.18543857336044312,0.4625430703163147,0.3491935729980469,0.27046293020248413,0.4477972388267517,0.5140160322189331,0.15576615929603577,0.5416448712348938,0.43183237314224243,0.3315207064151764,0.41212621331214905,0.33800095319747925,0.10449620336294174,0.6797732710838318,0.1534363329410553,0.3316325545310974,0.33807340264320374,0.15932533144950867,0.0910743921995163,0.5479183793067932,-0.17379745841026306,0.33231815695762634,0.3506741225719452,0.11383268982172012,0.08722877502441406,0.51554936170578,-0.2265285700559616,0.319107323884964,0.3620547354221344,0.12783628702163696,0.09918925166130066,0.5018287301063538,-0.1894931048154831,0.3133526146411896,0.3722448945045471,0.1566781997680664,0.10699428617954254,0.507915735244751,-0.16819541156291962,0.34633854031562805,0.6125521659851074,0.04048297554254532,0.2722112536430359,0.6781244277954102,-0.040536362677812576,0.45592111349105835,0.6485520005226135,-0.34118756651878357,0.3651963472366333,0.8292398452758789,-0.2805877923965454,0.4764607548713684,0.9097589254379272,-0.29085004329681396,0.43652960658073425,0.9931098818778992,-0.2318606823682785,0.46425002813339233,0.9484269618988037,-0.28648674488067627,0.4440590739250183,1.0157976150512695,-0.22592003643512726,0.5264351963996887,0.9630290269851685,-0.4086012542247772,0.4750983417034149,1.0489485263824463,-0.37667739391326904
dbp_1000151.jpg,0.17004890739917755,0.44991615414619446,0.462179958820343,0.17243994772434235,0.44483956694602966,0.4814397096633911,0.17707869410514832,0.4427040219306946,0.4815405607223511,0.18199153244495392,0.4403895437717438,0.4811694920063019,0.1595383733510971,0.45256897807121277,0.4941040575504303,0.1550855040550232,0.4562533497810364,0.4941155016422272,0.14955562353134155,0.4609241187572479,0.4940192401409149,0.1958778202533722,0.44478076696395874,0.5155526399612427,0.1436450183391571,0.48297157883644104,0.5688994526863098,0.1840270310640335,0.45325207710266113,0.4679967164993286,0.16933120787143707,0.4614928662776947,0.4823552966117859,0.26466259360313416,0.44700127840042114,0.4893783628940582,0.13844308257102966,0.537882924079895,0.4996219873428345,0.3121194541454315,0.41005533933639526,0.3969680964946747,0.08509941399097443,0.6789413690567017,0.26507875323295593,0.31699270009994507,0.3501168191432953,0.3586081266403198,0.08047650009393692,0.5475849509239197,0.00911356694996357,0.3200497627258301,0.3337726294994354,0.3359224200248718,0.07757120579481125,0.5143659114837646,-0.02353203110396862,0.3098636269569397,0.344027578830719,0.34416183829307556,0.09606681019067764,0.5016908645629883,-0.021159838885068893,0.3074140250682831,0.3540104329586029,0.3568952679634094,0.10098697245121002,0.5062131285667419,0.01280081644654274,0.34113579988479614,0.5798106789588928,0.026367155835032463,0.264286607503891,0.6756803393363953,-0.026512686163187027,0.44785693287849426,0.6440873146057129,-0.410347580909729,0.3548550307750702,0.8377578854560852,-0.3074779212474823,0.48839864134788513,0.9018348455429077,-0.3661719858646393,0.4300116300582886,1.0141167640686035,-0.26365751028060913,0.4781131148338318,0.9437143802642822,-0.36232346296310425,0.4255310297012329,1.04338800907135,-0.25767654180526733,0.5281347036361694,0.9545249938964844,-0.5023666620254517,0.4246079623699188,1.074150562286377,-0.4256148934364319
dbp_1000161.jpg,0.15178333222866058,0.42364302277565,0.5417618155479431,0.15574222803115845,0.42435362935066223,0.5617325901985168,0.16049164533615112,0.4236452877521515,0.561967670917511,0.16568580269813538,0.42316779494285583,0.5616744756698608,0.14465808868408203,0.4317740201950073,0.5720499157905579,0.14088696241378784,0.43695077300071716,0.5719929933547974,0.13649258017539978,0.4435541331768036,0.5718868374824524,0.1844940036535263,0.4337926208972931,0.5604331493377686,0.13535119593143463,0.4719446897506714,0.6065613031387329,0.16373854875564575,0.42777273058891296,0.5319646596908569,0.15101765096187592,0.4354414939880371,0.5434353947639465,0.25042226910591125,0.4293513298034668,0.4882594048976898,0.13163620233535767,0.5326191186904907,0.4955900311470032,0.29682457447052,0.33013105392456055,0.548160195350647,0.06053191050887108,0.5137138962745667,0.4186415374279022,0.29972612857818604,0.208170086145401,0.6774559617042542,0.03608078882098198,0.38815435767173767,0.41804590821266174,0.3006457984447479,0.17764140665531158,0.6874194741249084,0.026056556031107903,0.35514745116233826,0.40842485427856445,0.29069387912750244,0.1823015660047531,0.6863624453544617,0.04029902443289757,0.3428269028663635,0.4416837692260742,0.28944575786590576,0.192082941532135,0.673552393913269,0.04616572707891464,0.3516889214515686,0.42266812920570374,0.3496752083301544,0.5926514267921448,0.02605527639389038,0.25361815094947815,0.6652065515518188,-0.02619704231619835,0.4522996246814728,0.6617407202720642,-0.3742637038230896,0.3346327245235443,0.8362851738929749,-0.32675015926361084,0.4747188687324524,0.9341736435890198,-0.34625256061553955,0.39464956521987915,1.0395992994308472,-0.33359333872795105,0.46123185753822327,0.9699639081954956,-0.3475150763988495,0.40116941928863525,1.0663142204284668,-0.33656805753707886,0.5237874388694763,0.9588661193847656,-0.49691101908683777,0.3933596909046173,1.1151833534240723,-0.5124613046646118
dbp_1000171.jpg,0.1427021622657776,0.4145606458187103,0.6598351001739502,0.14782285690307617,0.4120587706565857,0.6874247789382935,0.15428055822849274,0.4101899564266205,0.6877967715263367,0.16200847923755646,0.4081340432167053,0.6875150203704834,0.13564205169677734,0.41845962405204773,0.698837161064148,0.13220836222171783,0.42197105288505554,0.6988072991371155,0.12828302383422852,0.4266737997531891,0.6988324522972107,0.18386664986610413,0.41149482131004333,0.719828724861145,0.1262812465429306,0.4528762102127075,0.7665435671806335,0.15598399937152863,0.41803810000419617,0.662465512752533,0.1417708694934845,0.424589067697525,0.6742997765541077,0.2545400857925415,0.41010937094688416,0.6385812759399414,0.11544003337621689,0.526439905166626,0.6782302260398865,0.29077041149139404,0.33820629119873047,0.7338050007820129,0.04333752021193504,0.5562108159065247,0.4938901364803314,0.28893640637397766,0.24913306534290314,0.9310160279273987,0.03071724809706211,0.4139043092727661,0.35641974210739136,0.2903236448764801,0.2243768870830536,0.9498804211616516,0.019425833597779274,0.3806397318840027,0.3395916819572449,0.2783832550048828,0.23165367543697357,0.9742028117179871,0.033335212618112564,0.37176454067230225,0.38804250955581665,0.2745388448238373,0.2428908497095108,0.9418612718582153,0.04150012508034706,0.3818139433860779,0.36640259623527527,0.32797327637672424,0.5600695013999939,0.02528238110244274,0.2210187166929245,0.6289780139923096,-0.025405101478099823,0.4374515414237976,0.6566625237464905,-0.5724396109580994,0.3028393089771271,0.7967342734336853,-0.48434320092201233,0.4698254466056824,0.9459435343742371,-0.6479642391204834,0.3604199290275574,1.0390039682388306,-0.5236648917198181,0.4659234285354614,1.0194556713104248,-0.6607961058616638,0.3727627098560333,1.06907320022583,-0.5294947028160095,0.5237359404563904,1.0383024215698242,-0.8830764889717102,0.360085666179657,1.117356777191162,-0.7361757755279541
dbp_1000181.jpg,0.1425466686487198,0.41595640778541565,0.6212540864944458,0.14683164656162262,0.411972314119339,0.6422158479690552,0.15293651819229126,0.41045698523521423,0.6425818204879761,0.15981878340244293,0.40824952721595764,0.6422145366668701,0.13406185805797577,0.41804957389831543,0.6547155380249023,0.130368173122406,0.4207717180252075,0.6546365022659302,0.12607774138450623,0.42423680424690247,0.6546639800071716,0.17257146537303925,0.4113594889640808,0.6612986326217651,0.12313460558652878,0.44465172290802,0.7084668278694153,0.15419529378414154,0.41967007517814636,0.6192230582237244,0.1386648565530777,0.4266490936279297,0.6312436461448669,0.23797108232975006,0.4171145260334015,0.5995935201644897,0.10898575931787491,0.5047875046730042,0.6176682114601135,0.2838245928287506,0.3573443591594696,0.784925639629364,0.045810211449861526,0.5858700275421143,0.40961018204689026,0.2843473255634308,0.2935461103916168,1.0420175790786743,0.03613154962658882,0.44910570979118347,0.24603398144245148,0.28938624262809753,0.27201318740844727,1.0801830291748047,0.027134504169225693,0.41677936911582947,0.23034511506557465,0.2781805396080017,0.2775993049144745,1.0912972688674927,0.0449136346578598,0.4049491882324219,0.2819443941116333,0.2755464017391205,0.28814056515693665,1.0499863624572754,0.05482003837823868,0.4142005443572998,0.25707387924194336,0.31493791937828064,0.5522748231887817,0.024582695215940475,0.21491171419620514,0.6147620677947998,-0.024684537202119827,0.4287109971046448,0.657611608505249,-0.5935066938400269,0.29225727915763855,0.7920467853546143,-0.46998876333236694,0.4651471674442291,0.9534280300140381,-0.583749532699585,0.36368730664253235,1.0513980388641357,-0.4640999436378479,0.4534122347831726,1.0150892734527588,-0.5848614573478699,0.37546873092651367,1.082385778427124,-0.46127086877822876,0.5282498002052307,1.048932433128357,-0.7732757925987244,0.37007591128349304,1.13816237449646,-0.6460330486297607
dbp_1000191.jpg,0.13780464231967926,0.38785043358802795,0.5445491075515747,0.1416517198085785,0.3819732964038849,0.5917069315910339,0.14668935537338257,0.3795047700405121,0.5921905636787415,0.15245971083641052,0.3770553469657898,0.5917358994483948,0.13034440577030182,0.3905660808086395,0.5872542858123779,0.1270807683467865,0.3943063020706177,0.5872655510902405,0.12372269481420517,0.3987935483455658,0.5871528387069702,0.1659649759531021,0.38077110052108765,0.566238522529602,0.12228251993656158,0.418207585811615,0.635604977607727,0.15070606768131256,0.38962823152542114,0.5915567874908447,0.13662859797477722,0.40034666657447815,0.5733228325843811,0.23627470433712006,0.3937886655330658,0.48984673619270325,0.10874450206756592,0.490800678730011,0.5551645755767822,0.28630363941192627,0.3704986274242401,0.5358899831771851,0.057469408959150314,0.5986098647117615,0.2893739342689514,0.27840059995651245,0.32929080724716187,0.5414765477180481,0.04080476239323616,0.48604801297187805,-0.0026734359562397003,0.279768168926239,0.3172380328178406,0.5376579165458679,0.03584980219602585,0.4624496102333069,-0.03652080148458481,0.2681175768375397,0.3238051235675812,0.5429685711860657,0.05250091850757599,0.4465392231941223,0.009895498864352703,0.26736098527908325,0.32846131920814514,0.540993869304657,0.06005203351378441,0.45280930399894714,0.006143136415630579,0.3174353539943695,0.5381015539169312,0.018257606774568558,0.21599873900413513,0.6057783961296082,-0.018204890191555023,0.4321620762348175,0.6397584080696106,-0.4755457043647766,0.2844908833503723,0.7731106877326965,-0.40329936146736145,0.4689817726612091,0.9441413879394531,-0.49694740772247314,0.33845219016075134,1.0218870639801025,-0.3923041522502899,0.45721009373664856,0.994708776473999,-0.5040286779403687,0.34835025668144226,1.0585929155349731,-0.3902297616004944,0.5301339030265808,1.0342810153961182,-0.668311357498169,0.34554487466812134,1.1346837282180786,-0.5480871796607971
dbp_1000201.jpg,0.14276902377605438,0.3879314959049225,0.6098917126655579,0.14812275767326355,0.38167545199394226,0.6372871398925781,0.15347476303577423,0.3788556754589081,0.6376555562019348,0.15915660560131073,0.37623152136802673,0.6373738646507263,0.13441893458366394,0.39215511083602905,0.6420961618423462,0.1299813836812973,0.39665740728378296,0.6420226693153381,0.12522487342357635,0.40136095881462097,0.6420353651046753,0.17423518002033234,0.3852158784866333,0.6645240783691406,0.12402374297380447,0.4257056415081024,0.6918535232543945,0.1558031290769577,0.38955917954444885,0.616782546043396,0.14037935435771942,0.4012559652328491,0.6205475926399231,0.24682874977588654,0.39818641543388367,0.6226430535316467,0.11697092652320862,0.4960952401161194,0.6052811145782471,0.29408299922943115,0.32848748564720154,0.7814307808876038,0.05298100784420967,0.583952009677887,0.5851004719734192,0.2892661690711975,0.2786559462547302,0.9761168956756592,0.044323500245809555,0.4425196647644043,0.6389960050582886,0.28770267963409424,0.2560950517654419,1.0047625303268433,0.038350388407707214,0.41355615854263306,0.6447729468345642,0.27909132838249207,0.2625400125980377,1.0131871700286865,0.05232177674770355,0.40736958384513855,0.6838127374649048,0.27911216020584106,0.27227044105529785,0.9802064299583435,0.058557722717523575,0.41551077365875244,0.6511119604110718,0.32696446776390076,0.5508455634117126,0.018055042251944542,0.231493279337883,0.6289117932319641,-0.018091341480612755,0.4413377642631531,0.6539198160171509,-0.38915523886680603,0.2949836850166321,0.8103545308113098,-0.37571248412132263,0.47256314754486084,0.9495664834976196,-0.4697505831718445,0.3438846468925476,1.1443837881088257,-0.4612171947956085,0.4608200788497925,0.9969152808189392,-0.4611569941043854,0.35685446858406067,1.1789408922195435,-0.47261008620262146,0.5318791270256042,1.0428576469421387,-0.6581201553344727,0.33981356024742126,1.2295454740524292,-0.645573616027832
dbp_100021.jpg,,,,,,,,,,,,,,,,,,,,,,,,,,,,,,,,,,,,,,,,,,,,,,,,,,,,,,,,,,,,,,,,,,,,,,,,,,,,,,,,,,,,,,,,,,,,,,,,,,,
dbp_1000211.jpg,0.15205246210098267,0.3824949562549591,0.738446056842804,0.15772196650505066,0.37882000207901,0.7690143585205078,0.1623350977897644,0.37749725580215454,0.7693217396736145,0.1674211621284485,0.37630128860473633,0.769054114818573,0.14758680760860443,0.3877211809158325,0.7593095898628235,0.14428751170635223,0.3937920331954956,0.7592549920082092,0.1402997523546219,0.40078943967819214,0.7591175436973572,0.1837199479341507,0.38605600595474243,0.7760809659957886,0.1401071697473526,0.43010222911834717,0.7335252165794373,0.16583169996738434,0.3888227343559265,0.728277325630188,0.15356525778770447,0.40128880739212036,0.7142267227172852,0.2497963309288025,0.38587814569473267,0.6530476212501526,0.1264680027961731,0.5066472291946411,0.5159661769866943,0.30486229062080383,0.29514408111572266,0.6683292388916016,0.06988434493541718,0.4783143699169159,0.31168800592422485,0.31193310022354126,0.1656305491924286,0.7062385678291321,0.0436282604932785,0.33721429109573364,0.32401376962661743,0.3188314735889435,0.1318228542804718,0.705983579158783,0.037351906299591064,0.3017144501209259,0.31255680322647095,0.3090202510356903,0.13459762930870056,0.7054480910301208,0.046365201473236084,0.29048365354537964,0.3520548641681671,0.3057922422885895,0.14658451080322266,0.696800947189331,0.05092400312423706,0.3001866042613983,0.3319476544857025,0.3552895486354828,0.5511528253555298,0.05437419191002846,0.263788104057312,0.632180392742157,-0.05444416031241417,0.46332937479019165,0.6744190454483032,-0.2675355076789856,0.33860471844673157,0.8427841067314148,-0.30379098653793335,0.47077396512031555,0.8852837681770325,-0.2057611644268036,0.3867918848991394,1.0555609464645386,-0.35471111536026,0.4587246775627136,0.9177437424659729,-0.20268453657627106,0.3954833149909973,1.0784714221954346,-0.3603445887565613,0.4976513683795929,0.9275707006454468,-0.30619075894355774,0.3966168761253357,1.1370368003845215,-0.5138100385665894
dbp_1000221.jpg,0.1526280790567398,0.3847079277038574,0.5596845746040344,0.16043052077293396,0.3806961178779602,0.5915359258651733,0.16562315821647644,0.3794611990451813,0.5917238593101501,0.17080697417259216,0.3780529797077179,0.5914686918258667,0.14921212196350098,0.39033937454223633,0.5932492017745972,0.14556919038295746,0.3963368833065033,0.593182384967804,0.14128300547599792,0.40284690260887146,0.5931383371353149,0.18780973553657532,0.3890342712402344,0.6336020231246948,0.14302968978881836,0.4314940571784973,0.6389569044113159,0.16688881814479828,0.3906732201576233,0.5644449591636658,0.15366125106811523,0.4041818380355835,0.5648519992828369,0.2609518766403198,0.39655935764312744,0.5505071878433228,0.14046601951122284,0.5151634216308594,0.4993446469306946,0.32748034596443176,0.3387351632118225,0.5098203420639038,0.07803209871053696,0.5516873002052307,0.29968151450157166,0.3306777775287628,0.22592146694660187,0.46457257866859436,0.06566134840250015,0.40911415219306946,0.25301966071128845,0.33602386713027954,0.1983950138092041,0.452249139547348,0.056860387325286865,0.37035050988197327,0.2344483733177185,0.325376033782959,0.20659582316875458,0.4495299756526947,0.0680643692612648,0.3627491295337677,0.28163883090019226,0.32351672649383545,0.21522505581378937,0.45561179518699646,0.07509129494428635,0.37473946809768677,0.2638646066188812,0.3602350354194641,0.5541980862617493,0.03412895277142525,0.2802654206752777,0.6434967517852783,-0.03430575504899025,0.466884583234787,0.6703751683235168,-0.2106970101594925,0.36197274923324585,0.847294270992279,-0.2631298899650574,0.4912067949771881,0.8794265985488892,-0.11840753257274628,0.3939432203769684,1.098932147026062,-0.3351577818393707,0.4784146249294281,0.910996675491333,-0.10968232154846191,0.40398576855659485,1.1224373579025269,-0.3433144986629486,0.5301746129989624,0.9142622947692871,-0.19963769614696503,0.39659157395362854,1.1958836317062378,-0.48701661825180054
dbp_1000231.jpg,0.15324851870536804,0.43746212124824524,0.6438096165657043,0.1601458042860031,0.42834192514419556,0.6608838438987732,0.168051615357399,0.41398268938064575,0.6611350178718567,0.17193658649921417,0.41099193692207336,0.6608963012695312,0.14918091893196106,0.43830713629722595,0.6598103046417236,0.145557701587677,0.44165584444999695,0.6597395539283752,0.14152948558330536,0.4450181722640991,0.6595137119293213,0.18497206270694733,0.41808417439460754,0.6519705057144165,0.1463547796010971,0.45741942524909973,0.6469789743423462,0.16861990094184875,0.4407421946525574,0.6349867582321167,0.15626287460327148,0.4536769390106201,0.6308963298797607,0.2605147659778595,0.41530364751815796,0.5364855527877808,0.14687827229499817,0.5377439856529236,0.5005937218666077,0.3245154023170471,0.3806747794151306,0.5520838499069214,0.08820870518684387,0.635491669178009,0.28499171137809753,0.33970901370048523,0.31122592091560364,0.5610652565956116,0.08156447857618332,0.48281967639923096,0.14823545515537262,0.34907034039497375,0.2851417660713196,0.5505900979042053,0.07988245785236359,0.4482477903366089,0.12393461912870407,0.34163230657577515,0.29313981533050537,0.551184356212616,0.08784523606300354,0.4388008117675781,0.16561348736286163,0.33746206760406494,0.3075404465198517,0.5533144474029541,0.09369447082281113,0.44810155034065247,0.15454134345054626,0.36534368991851807,0.5689047574996948,0.022328298538923264,0.3012964427471161,0.6555365324020386,-0.022419312968850136,0.46673473715782166,0.7405750751495361,-0.23060108721256256,0.39003291726112366,0.8472402691841125,-0.26245570182800293,0.48731938004493713,0.9424586892127991,-0.1327948272228241,0.4541040062904358,1.0359691381454468,-0.24116630852222443,0.47949284315109253,0.9723841547966003,-0.13122902810573578,0.4613809287548065,1.059035301208496,-0.23694458603858948,0.5017712712287903,0.9861500859260559,-0.23024985194206238,0.47426852583885193,1.0980255603790283,-0.3634031116962433
dbp_1000241.jpg,0.16396552324295044,0.427550345659256,0.44531819224357605,0.17446351051330566,0.4181508719921112,0.4831032156944275,0.17957435548305511,0.41122403740882874,0.4831713140010834,0.18346859514713287,0.4085924029350281,0.4830318093299866,0.16122855246067047,0.43413788080215454,0.47961223125457764,0.15686847269535065,0.4423760771751404,0.47949737310409546,0.1491580605506897,0.43766456842422485,0.4792649447917938,0.19452963769435883,0.41531193256378174,0.5913798809051514,0.1569850891828537,0.45426803827285767,0.5689505934715271,0.17815056443214417,0.4293266832828522,0.47872117161750793,0.16358359158039093,0.44922906160354614,0.47220972180366516,0.27046677470207214,0.42903658747673035,0.5371474623680115,0.15916840732097626,0.5535562038421631,0.5029836893081665,0.3331398367881775,0.43371865153312683,0.37220022082328796,0.10653962939977646,0.6886025071144104,0.2465401589870453,0.3509051501750946,0.3705262839794159,0.12289705872535706,0.09966433793306351,0.547374963760376,0.04462630674242973,0.3602355718612671,0.3457781672477722,0.07843485474586487,0.09350962191820145,0.5228177905082703,0.005318713374435902,0.35261115431785583,0.3453722298145294,0.08584663271903992,0.10965485125780106,0.5093903541564941,0.049371615052223206,0.34647998213768005,0.3589727580547333,0.11443797498941422,0.11568285524845123,0.5147428512573242,0.05422786623239517,0.3809049725532532,0.5893433690071106,0.012492519803345203,0.3192214369773865,0.676397979259491,-0.01269975584000349,0.4530312418937683,0.8532463312149048,-0.15901796519756317,0.418434739112854,0.911745548248291,-0.22857379913330078,0.4873676896095276,1.0431175231933594,-0.0555880032479763,0.4549706280231476,1.0905144214630127,-0.12245478481054306,0.4869459271430969,1.0769212245941162,-0.04657016694545746,0.4590281844139099,1.1112401485443115,-0.1117178425192833,0.4940579831600189,1.0781638622283936,-0.15767331421375275,0.4675754904747009,1.144621729850769,-0.24226339161396027
dbp_1000251.jpg,0.17222179472446442,0.42961421608924866,0.4975539743900299,0.18537494540214539,0.4229135811328888,0.5402452945709229,0.19093938171863556,0.4191219210624695,0.5404026508331299,0.19610878825187683,0.4164572060108185,0.5402108430862427,0.16813939809799194,0.43757766485214233,0.5305632948875427,0.16267313063144684,0.44516244530677795,0.5305497646331787,0.15538619458675385,0.45063942670822144,0.5303254723548889,0.2113845944404602,0.4236699342727661,0.6389310956001282,0.16239936649799347,0.4782989025115967,0.5936588644981384,0.18968398869037628,0.43025216460227966,0.5240578651428223,0.16934801638126373,0.4505426287651062,0.5096246600151062,0.2914208173751831,0.4344414174556732,0.5695052742958069,0.16732485592365265,0.5715510249137878,0.4594377875328064,0.3572252094745636,0.38769176602363586,0.5050348043441772,0.10198209434747696,0.662710964679718,0.1536426842212677,0.36600831151008606,0.3129177391529083,0.4025876224040985,0.09786201268434525,0.4997400641441345,-0.03421233966946602,0.3708079755306244,0.28707054257392883,0.3787747025489807,0.09422092884778976,0.4651746153831482,-0.07663806527853012,0.35934871435165405,0.29733964800834656,0.3868670165538788,0.10731744021177292,0.45680326223373413,-0.032003212720155716,0.35665109753608704,0.3106423020362854,0.3968881070613861,0.1116430014371872,0.46478915214538574,-0.02415909245610237,0.3906953036785126,0.5940335392951965,0.025260237976908684,0.3132580816745758,0.6923210024833679,-0.025456568226218224,0.4979480504989624,0.7940442562103271,-0.09753355383872986,0.42430680990219116,0.9055563807487488,-0.1235860139131546,0.5061540007591248,0.9374363422393799,0.06027074158191681,0.4725635349750519,0.9971593022346497,0.05692133679986,0.5009653568267822,0.9558010697364807,0.07705268263816833,0.472150593996048,1.0051045417785645,0.07586897164583206,0.5250160098075867,0.9717764258384705,-0.007016962394118309,0.5124795436859131,1.0367348194122314,-0.025034917518496513
dbp_1000261.jpg,0.16979272663593292,0.42875468730926514,0.5528154373168945,0.18026383221149445,0.4218006134033203,0.594840407371521,0.1858081966638565,0.41872918605804443,0.5950896143913269,0.1907840520143509,0.4164426624774933,0.5949325561523438,0.16592884063720703,0.43639862537384033,0.5852628350257874,0.1617109775543213,0.44384056329727173,0.585228681564331,0.15677747130393982,0.45095527172088623,0.5850542187690735,0.20615720748901367,0.4286889433860779,0.6643510460853577,0.16257205605506897,0.47596803307533264,0.6237680315971375,0.18565435707569122,0.43020808696746826,0.5769012570381165,0.16781748831272125,0.44989803433418274,0.5635785460472107,0.28686511516571045,0.43195661902427673,0.6388689875602722,0.15989433228969574,0.570544958114624,0.47198063135147095,0.3541813790798187,0.32782530784606934,0.5752026438713074,0.096031554043293,0.5656593441963196,0.22244687378406525,0.35941848158836365,0.19630441069602966,0.5399335026741028,0.08125174045562744,0.389665424823761,0.0491003654897213,0.3640279173851013,0.16065320372581482,0.5186455249786377,0.08430447429418564,0.34557080268859863,0.09581467509269714,0.35518330335617065,0.1637929528951645,0.5147874355316162,0.09403804689645767,0.3431817889213562,0.12450806796550751,0.3531278967857361,0.17600402235984802,0.5255048274993896,0.0952330082654953,0.3582691550254822,0.06510356813669205,0.38527652621269226,0.6127793788909912,0.02656504511833191,0.3050295412540436,0.7101869583129883,-0.0265424195677042,0.4973282516002655,0.8312916159629822,-0.13619443774223328,0.40763232111930847,0.9141755104064941,-0.19269925355911255,0.4972505569458008,0.9957257509231567,0.03552356734871864,0.45577722787857056,1.0520542860031128,-0.07330840080976486,0.48115265369415283,1.0106014013290405,0.05040261521935463,0.4684189558029175,1.0550439357757568,-0.06457740813493729,0.5093839764595032,1.0499589443206787,-0.07822506874799728,0.4798278212547302,1.1087348461151123,-0.22654227912425995
dbp_1000271.jpg,0.16966910660266876,0.4460468590259552,0.5907317996025085,0.17728376388549805,0.4404381513595581,0.6268966197967529,0.1828061193227768,0.436797559261322,0.6271485686302185,0.18871329724788666,0.4334580600261688,0.6268628239631653,0.16226229071617126,0.4563825726509094,0.6354096531867981,0.15850870311260223,0.4642133116722107,0.6352929472923279,0.1547800451517105,0.47271615266799927,0.6352184414863586,0.2025618851184845,0.44464078545570374,0.6746802926063538,0.16214199364185333,0.498982310295105,0.6864452958106995,0.18443156778812408,0.44788339734077454,0.5901755690574646,0.16742506623268127,0.4685041308403015,0.6045926809310913,0.2834741473197937,0.4597884714603424,0.5886746644973755,0.15645097196102142,0.6066691279411316,0.5390453934669495,0.3490302860736847,0.3638264834880829,0.48692336678504944,0.07693575322628021,0.639972448348999,0.3362940549850464,0.35325801372528076,0.25250667333602905,0.40061038732528687,0.060306329280138016,0.46521449089050293,0.2754281163215637,0.3585525453090668,0.2193274199962616,0.38158079981803894,0.05035174638032913,0.42560386657714844,0.2600051760673523,0.34911903738975525,0.23057721555233002,0.38787031173706055,0.06672080606222153,0.40758243203163147,0.3124885857105255,0.3464255630970001,0.24548017978668213,0.39192208647727966,0.07255236059427261,0.41528791189193726,0.28818026185035706,0.38574010133743286,0.6451085805892944,0.008481411263346672,0.3010924160480499,0.741630494594574,-0.008313472382724285,0.4840385317802429,0.8761466145515442,-0.16578960418701172,0.3993948698043823,0.9681376218795776,-0.20996536314487457,0.45203226804733276,1.087082862854004,-0.019320370629429817,0.41743966937065125,1.1696584224700928,-0.08663205802440643,0.4404507577419281,1.114333987236023,-0.0022665762808173895,0.4227535128593445,1.1912767887115479,-0.10707778483629227,0.45472103357315063,1.1333849430084229,-0.16996273398399353,0.42198702692985535,1.224629282951355,-0.3384537696838379
dbp_1000281.jpg,0.168710857629776,0.4733431935310364,0.5621691346168518,0.17395147681236267,0.464891254901886,0.5882280468940735,0.1799195259809494,0.46044543385505676,0.5884485840797424,0.1870623230934143,0.45621341466903687,0.5881324410438538,0.1577298790216446,0.4817040264606476,0.5956460237503052,0.1538480818271637,0.4888284504413605,0.5955862402915955,0.15033277869224548,0.49646836519241333,0.5955269932746887,0.19968822598457336,0.4620371162891388,0.6074248552322388,0.15973302721977234,0.5214902758598328,0.6378014087677002,0.1841576099395752,0.4748632311820984,0.5583415627479553,0.16628704965114594,0.4955693185329437,0.5670947432518005,0.28112781047821045,0.48347851634025574,0.49887022376060486,0.1554618924856186,0.6241680979728699,0.5037921667098999,0.36273422837257385,0.4495396912097931,0.36548274755477905,0.07515118271112442,0.7090744972229004,0.24402044713497162,0.3541013300418854,0.3301554024219513,0.22166310250759125,0.06057029962539673,0.5339556932449341,0.07932579517364502,0.3606775403022766,0.2934950888156891,0.19784310460090637,0.051321789622306824,0.4929847717285156,0.05440986156463623,0.34929874539375305,0.3013248145580292,0.21099233627319336,0.06677471101284027,0.4815826117992401,0.11555629223585129,0.34641915559768677,0.31576234102249146,0.216509148478508,0.0751972571015358,0.49300092458724976,0.09466475993394852,0.3846820294857025,0.6692442893981934,0.009246653877198696,0.30019643902778625,0.7715157270431519,-0.00922398827970028,0.4825546145439148,0.8651133179664612,-0.23927778005599976,0.3985527753829956,0.9606062769889832,-0.21896785497665405,0.45414361357688904,1.076039433479309,-0.07015828788280487,0.4148315489292145,1.1599451303482056,-0.15377166867256165,0.44055500626564026,1.1018162965774536,-0.04009247198700905,0.4189198613166809,1.178133487701416,-0.154817596077919,0.4670453667640686,1.1272594928741455,-0.2022443264722824,0.4225347340106964,1.2295687198638916,-0.32807525992393494
dbp_1000291.jpg,0.17957960069179535,0.490474671125412,0.38083383440971375,0.1877337098121643,0.48143845796585083,0.428939551115036,0.19412750005722046,0.477006733417511,0.42907029390335083,0.2007569819688797,0.4732871949672699,0.4289168119430542,0.172959566116333,0.499808132648468,0.4232473373413086,0.169345423579216,0.5073911547660828,0.4231977164745331,0.16590428352355957,0.5149133205413818,0.4229678511619568,0.21394038200378418,0.47944962978363037,0.5696030855178833,0.16807921230793,0.5389314293861389,0.5436451435089111,0.19479972124099731,0.49214595556259155,0.4241553544998169,0.1769600659608841,0.5126609206199646,0.41575196385383606,0.29080402851104736,0.49682939052581787,0.5369551777839661,0.15948624908924103,0.6461923718452454,0.4626409113407135,0.3619270324707031,0.44845086336135864,0.45979559421539307,0.08715108036994934,0.7766847610473633,0.19787925481796265,0.3699626326560974,0.3973594605922699,0.33052387833595276,0.08900152891874313,0.610001266002655,0.025208763778209686,0.3776217997074127,0.3764893710613251,0.2976573705673218,0.08019258081912994,0.5798735618591309,-0.02000989206135273,0.3640938103199005,0.3888811767101288,0.297002375125885,0.0933542251586914,0.564171314239502,0.020471593365073204,0.36240723729133606,0.39766260981559753,0.31986525654792786,0.10417971760034561,0.5711549520492554,0.034659530967473984,0.3994024395942688,0.6950696110725403,0.018406784161925316,0.3146490752696991,0.795892059803009,-0.018985522910952568,0.4834895730018616,0.8287270665168762,-0.06890936195850372,0.40761110186576843,0.9891114234924316,-0.15052999556064606,0.4536881148815155,0.862659215927124,0.2737278640270233,0.38951054215431213,1.151410460472107,0.1060275211930275,0.4442809224128723,0.8695787191390991,0.31438902020454407,0.38344722986221313,1.1416726112365723,0.13783913850784302,0.45400944352149963,0.866908848285675,0.30670589208602905,0.39671823382377625,1.152834177017212,0.08971060812473297
dbp_1000301.jpg,0.19130723178386688,0.5241377353668213,0.258026659488678,0.19630227982997894,0.5167375802993774,0.303498774766922,0.20175403356552124,0.5126166939735413,0.3035835325717926,0.20738844573497772,0.5089753866195679,0.30344730615615845,0.1841919869184494,0.5335809588432312,0.29582300782203674,0.18073131144046783,0.538741409778595,0.2957604229450226,0.1779482066631317,0.545433521270752,0.29557350277900696,0.21750906109809875,0.5169217586517334,0.4551917612552643,0.17802944779396057,0.5717073082923889,0.41711658239364624,0.20584052801132202,0.5264443159103394,0.30549830198287964,0.19014587998390198,0.5462646484375,0.29433250427246094,0.29890578985214233,0.5323283672332764,0.4214552044868469,0.16767290234565735,0.6827016472816467,0.3767843246459961,0.3678625822067261,0.48245730996131897,0.25794121623039246,0.11106911301612854,0.8461446166038513,0.09496244043111801,0.3778267800807953,0.45660480856895447,-0.0024056180845946074,0.1110537126660347,0.7118270993232727,-0.16384993493556976,0.40166985988616943,0.41155683994293213,-0.059479452669620514,0.09758792817592621,0.6876341104507446,-0.21549755334854126,0.38746941089630127,0.4318149983882904,-0.0643095150589943,0.11364862322807312,0.668404757976532,-0.18268921971321106,0.3771153390407562,0.45382949709892273,-0.017594076693058014,0.12219695001840591,0.674403727054596,-0.15932045876979828,0.4151053726673126,0.7392796277999878,0.020647449418902397,0.35073718428611755,0.8378527164459229,-0.021106086671352386,0.4914429783821106,0.8208373785018921,0.010516505688428879,0.420341819524765,0.9704791307449341,-0.03428344801068306,0.4441266655921936,0.8151898980140686,0.4048195481300354,0.39445847272872925,1.0096244812011719,0.3550516366958618,0.43487128615379333,0.8263559341430664,0.4507807791233063,0.3874445855617523,1.0201144218444824,0.40242770314216614,0.43504267930984497,0.8006950616836548,0.4566994905471802,0.40442878007888794,0.9943219423294067,0.39365673065185547
dbp_100031.jpg,0.2800501585006714,0.5640234351158142,-0.4535176455974579,0.2633931636810303,0.5423166751861572,-0.4571150839328766,0.2698042690753937,0.5344793796539307,-0.45710840821266174,0.2722185254096985,0.5329601168632507,-0.4573186933994293,0.25748878717422485,0.5417758226394653,-0.44835516810417175,0.25224506855010986,0.5474913716316223,-0.4485931098461151,0.2518097758293152,0.5472403764724731,-0.4487854242324829,0.28110554814338684,0.5303856730461121,-0.39096423983573914,0.26433125138282776,0.5557428598403931,-0.3522942364215851,0.2909359931945801,0.5680919289588928,-0.41943418979644775,0.2785939872264862,0.5769585371017456,-0.4087817072868347,0.34334805607795715,0.5418857336044312,-0.30117762088775635,0.2585550844669342,0.6434769630432129,-0.23710127174854279,0.3941958248615265,0.5432947278022766,-0.4095270037651062,0.23584389686584473,0.7457951903343201,-0.23427553474903107,0.3701372444629669,0.46701741218566895,-0.6025300621986389,0.20378415286540985,0.6784347891807556,-0.3112570345401764,0.3908182680606842,0.45794665813446045,-0.6485035419464111,0.19454260170459747,0.6689989566802979,-0.33938613533973694,0.38132989406585693,0.45052435994148254,-0.6549943089485168,0.187323197722435,0.6536285877227783,-0.3541775047779083,0.3772335946559906,0.46128755807876587,-0.6118870973587036,0.1914556622505188,0.658116340637207,-0.32139113545417786,0.43346965312957764,0.7323092818260193,-0.007085101678967476,0.4043605625629425,0.7887067198753357,0.0070058745332062244,0.5895329713821411,0.7122527360916138,-0.2714610695838928,0.5639147162437439,0.7261492609977722,-0.15800072252750397,0.7369453310966492,0.670244574546814,-0.41034090518951416,0.7236995100975037,0.6647753119468689,-0.2641076147556305,0.7535289525985718,0.6758467555046082,-0.42565441131591797,0.749125063419342,0.6577336192131042,-0.27512285113334656,0.7831721901893616,0.6282956600189209,-0.5990737080574036,0.7599936127662659,0.6248359084129333,-0.42977505922317505
dbp_1000311.jpg,0.25596004724502563,0.5263819098472595,0.21778133511543274,0.24849431216716766,0.5161433815956116,0.2419949322938919,0.2562367022037506,0.5106595754623413,0.2421608865261078,0.2638654410839081,0.506948709487915,0.24196818470954895,0.22311967611312866,0.5301477313041687,0.23952481150627136,0.21452055871486664,0.5382317304611206,0.23944467306137085,0.20638661086559296,0.545624315738678,0.23929834365844727,0.259703129529953,0.5145115852355957,0.23138083517551422,0.21092060208320618,0.5704542994499207,0.17372842133045197,0.27567723393440247,0.5298479199409485,0.2386004626750946,0.24810926616191864,0.5460758805274963,0.23465228080749512,0.3213820457458496,0.5302044749259949,0.18124642968177795,0.2185886949300766,0.6868302822113037,0.22779567539691925,0.38737890124320984,0.4811117947101593,0.18274825811386108,0.15224124491214752,0.7771813869476318,-0.01545701827853918,0.3794371485710144,0.43036434054374695,0.06463345140218735,0.16292303800582886,0.6134476661682129,-0.24133038520812988,0.39065828919410706,0.3738742470741272,0.0353422574698925,0.15286530554294586,0.5824448466300964,-0.2973328232765198,0.3778543472290039,0.36931511759757996,0.03488004952669144,0.147416353225708,0.5695094466209412,-0.23891696333885193,0.3749682605266571,0.37962743639945984,0.05541644245386124,0.1642785221338272,0.5782491564750671,-0.23080331087112427,0.4258083701133728,0.7378017902374268,0.0030361423268914223,0.3627532124519348,0.8409637212753296,-0.0030249543488025665,0.5390769839286804,0.8274684548377991,-0.25642889738082886,0.4727267026901245,0.9020084142684937,-0.31826531887054443,0.5816321969032288,0.9561598300933838,-0.22350621223449707,0.535810649394989,1.0229971408843994,-0.15693718194961548,0.5814558863639832,0.9776101112365723,-0.1402343064546585,0.5435435175895691,1.0380555391311646,-0.18668168783187866,0.6083247661590576,0.9791083335876465,-0.5596199631690979,0.5657676458358765,1.0515965223312378,-0.27607282996177673
dbp_1000321.jpg,0.20729152858257294,0.5340538620948792,0.3068777322769165,0.21234925091266632,0.5276293158531189,0.33763113617897034,0.21999932825565338,0.523102343082428,0.33779576420783997,0.22719863057136536,0.5192559957504272,0.33761587738990784,0.18500031530857086,0.5472131371498108,0.33229905366897583,0.17243465781211853,0.5472567677497864,0.3322254419326782,0.17122620344161987,0.5665811896324158,0.3320326805114746,0.23609155416488647,0.5290567278862,0.37541744112968445,0.18357641994953156,0.593805730342865,0.31359797716140747,0.22780410945415497,0.5365294218063354,0.32880014181137085,0.1993463784456253,0.5569624900817871,0.3229038119316101,0.3205529451370239,0.5347208976745605,0.34545621275901794,0.20643086731433868,0.7012173533439636,0.31059205532073975,0.3783302307128906,0.4690910875797272,0.27014800906181335,0.11814237385988235,0.7695508599281311,0.03249024227261543,0.37611451745033264,0.3350895643234253,0.15479302406311035,0.12793460488319397,0.5892559289932251,-0.1676730066537857,0.3887013792991638,0.27209901809692383,0.12080881744623184,0.09724133461713791,0.5589156746864319,-0.22183603048324585,0.37736228108406067,0.2741352617740631,0.11709299683570862,0.10917939990758896,0.5443161725997925,-0.1626606583595276,0.3731248676776886,0.2896811366081238,0.14222083985805511,0.13139885663986206,0.5514764785766602,-0.1578642725944519,0.42248299717903137,0.7491542100906372,0.00887307059019804,0.3489762842655182,0.8600273132324219,-0.008974332362413406,0.5263488292694092,0.8992323875427246,-0.22463013231754303,0.44698217511177063,0.9629701375961304,-0.2809334397315979,0.5463019013404846,1.0384305715560913,-0.039207033812999725,0.4977526366710663,1.0859341621398926,-0.024334024637937546,0.5432236790657043,1.0556519031524658,0.004407140426337719,0.5020992755889893,1.0947972536087036,-0.00813282374292612,0.5694513916969299,1.0737825632095337,-0.2568603456020355,0.5328805446624756,1.1368762254714966,-0.13113459944725037
dbp_100041.jpg,0.32109344005584717,0.560407280921936,-0.6791359782218933,0.31825220584869385,0.5444062948226929,-0.6890127062797546,0.3199661672115326,0.5390587449073792,-0.6889401078224182,0.3218490481376648,0.5338590741157532,-0.689093291759491,0.3098408579826355,0.5595677495002747,-0.6983816027641296,0.3057994246482849,0.5630512237548828,-0.6987522840499878,0.3023585379123688,0.5696795582771301,-0.6990092396736145,0.31325146555900574,0.5212416052818298,-0.604248046875,0.28346553444862366,0.5756381750106812,-0.6470421552658081,0.32230040431022644,0.5578084588050842,-0.6314902901649475,0.3141724765300751,0.5723259449005127,-0.644740641117096,0.3420904576778412,0.5229973793029785,-0.4258078932762146,0.2533644437789917,0.6835236549377441,-0.5063678622245789,0.4130111634731293,0.49084973335266113,-0.31554242968559265,0.219086155295372,0.7748537063598633,-0.5148244500160217,0.38981321454048157,0.45844098925590515,-0.2987389862537384,0.17756816744804382,0.7872080206871033,-0.5826877951622009,0.3882894814014435,0.4470579922199249,-0.29770565032958984,0.16118790209293365,0.7952714562416077,-0.6043955087661743,0.3808310329914093,0.44350701570510864,-0.30348387360572815,0.15514901280403137,0.7825180888175964,-0.6397164463996887,0.37917450070381165,0.45121264457702637,-0.30024024844169617,0.16525937616825104,0.7783536911010742,-0.5980446934700012,0.4456210136413574,0.7253167033195496,0.010706637986004353,0.4164900779724121,0.8145742416381836,-0.010819649323821068,0.5831304788589478,0.6826144456863403,-0.06832253187894821,0.567587673664093,0.6781865358352661,-0.08075891435146332,0.7629526853561401,0.6206524968147278,-0.027461258694529533,0.7431795001029968,0.652474582195282,0.05697808414697647,0.7930908203125,0.6177011132240295,-0.010092352516949177,0.7725425362586975,0.6560558676719666,0.06420204043388367,0.7974861860275269,0.5748164057731628,-0.16409268975257874,0.7823699116706848,0.6054025292396545,-0.05087520554661751
dbp_100051.jpg,0.27201464772224426,0.5588849186897278,-0.6111339330673218,0.27266961336135864,0.5346500873565674,-0.6280907988548279,0.2766681909561157,0.529388964176178,-0.6279918551445007,0.2806289494037628,0.5243356227874756,-0.6281564235687256,0.26281097531318665,0.5459824204444885,-0.6054743528366089,0.25943225622177124,0.5486488938331604,-0.6057396531105042,0.25632184743881226,0.5533033013343811,-0.6058244109153748,0.2899482548236847,0.5112956166267395,-0.5773174166679382,0.2555425763130188,0.5576416254043579,-0.4738653600215912,0.28456470370292664,0.557666540145874,-0.5796535015106201,0.2731841504573822,0.569257378578186,-0.5501540303230286,0.34174832701683044,0.5146746635437012,-0.48477205634117126,0.257233589887619,0.6224892735481262,-0.31981006264686584,0.40844351053237915,0.4863930940628052,-0.6263583302497864,0.2116634100675583,0.761777937412262,-0.35163506865501404,0.36653557419776917,0.4638311564922333,-0.768944501876831,0.14461101591587067,0.8646541237831116,-0.48522281646728516,0.34976762533187866,0.4558495283126831,-0.8224465250968933,0.13092108070850372,0.8939215540885925,-0.5073704123497009,0.3369143307209015,0.4541037976741791,-0.7975160479545593,0.13349391520023346,0.885541558265686,-0.5531336069107056,0.342307448387146,0.4601495563983917,-0.7654713988304138,0.14358733594417572,0.886648416519165,-0.5093838572502136,0.46203070878982544,0.715474545955658,-0.07337214052677155,0.43780162930488586,0.7669754028320312,0.07310258597135544,0.620818555355072,0.676479160785675,-0.09687912464141846,0.5848281383514404,0.6823746562004089,0.1750488430261612,0.78314208984375,0.5673882365226746,-0.031458597630262375,0.7335526943206787,0.6288788318634033,0.3893178403377533,0.8026372790336609,0.5376971960067749,-0.025760633870959282,0.7476728558540344,0.6142268180847168,0.40986883640289307,0.8464987874031067,0.5661693811416626,-0.15422214567661285,0.78995680809021,0.634244978427887,0.3327849209308624
dbp_100061.jpg,0.32118460536003113,0.5430669784545898,-0.528281033039093,0.3189055621623993,0.5233669877052307,-0.5246037244796753,0.3188449442386627,0.5183804631233215,-0.5246313214302063,0.31977903842926025,0.5138694047927856,-0.5248270630836487,0.3121333420276642,0.5370050668716431,-0.5428698658943176,0.3069842457771301,0.5397570729255676,-0.5430493950843811,0.30433034896850586,0.5480194091796875,-0.5432061553001404,0.31588396430015564,0.5064266920089722,-0.3856063485145569,0.28976982831954956,0.5518167018890381,-0.4676447808742523,0.33031347393989563,0.5438060164451599,-0.4618869125843048,0.3221740424633026,0.5566968321800232,-0.485927551984787,0.3521941900253296,0.5007748007774353,-0.21807928383350372,0.26853516697883606,0.623224139213562,-0.36170294880867004,0.42895734310150146,0.5123625993728638,-0.20373161137104034,0.2288370132446289,0.778804361820221,-0.39590105414390564,0.3891477584838867,0.491149365901947,-0.33729103207588196,0.13502903282642365,0.8865742087364197,-0.4805126488208771,0.37181928753852844,0.4825434684753418,-0.3619280755519867,0.12178488075733185,0.9064599871635437,-0.5149235725402832,0.3639204800128937,0.47602733969688416,-0.3639875054359436,0.13020390272140503,0.9126083254814148,-0.5528739094734192,0.3681526482105255,0.48473164439201355,-0.3432331681251526,0.13874982297420502,0.9033846259117126,-0.5015003085136414,0.4819548726081848,0.7100443840026855,0.05472565069794655,0.46376746892929077,0.7679675817489624,-0.054953787475824356,0.6169776320457458,0.6544405817985535,0.2535628080368042,0.5901309251785278,0.6583554148674011,0.11503760516643524,0.723397970199585,0.6075260043144226,0.45768481492996216,0.7088554501533508,0.6335245966911316,0.446641743183136,0.7374127507209778,0.6154719591140747,0.47558942437171936,0.7224194407463074,0.6428784728050232,0.4804045855998993,0.7621196508407593,0.5560006499290466,0.41200849413871765,0.7499530911445618,0.5874229669570923,0.441904753446579
dbp_100071.jpg,,,,,,,,,,,,,,,,,,,,,,,,,,,,,,,,,,,,,,,,,,,,,,,,,,,,,,,,,,,,,,,,,,,,,,,,,,,,,,,,,,,,,,,,,,,,,,,,,,,
dbp_100081.jpg,,,,,,,,,,,,,,,,,,,,,,,,,,,,,,,,,,,,,,,,,,,,,,,,,,,,,,,,,,,,,,,,,,,,,,,,,,,,,,,,,,,,,,,,,,,,,,,,,,,
dbp_100091.jpg,,,,,,,,,,,,,,,,,,,,,,,,,,,,,,,,,,,,,,,,,,,,,,,,,,,,,,,,,,,,,,,,,,,,,,,,,,,,,,,,,,,,,,,,,,,,,,,,,,,
dbp_100101.jpg,,,,,,,,,,,,,,,,,,,,,,,,,,,,,,,,,,,,,,,,,,,,,,,,,,,,,,,,,,,,,,,,,,,,,,,,,,,,,,,,,,,,,,,,,,,,,,,,,,,
dbp_100111.jpg,,,,,,,,,,,,,,,,,,,,,,,,,,,,,,,,,,,,,,,,,,,,,,,,,,,,,,,,,,,,,,,,,,,,,,,,,,,,,,,,,,,,,,,,,,,,,,,,,,,
dbp_100121.jpg,,,,,,,,,,,,,,,,,,,,,,,,,,,,,,,,,,,,,,,,,,,,,,,,,,,,,,,,,,,,,,,,,,,,,,,,,,,,,,,,,,,,,,,,,,,,,,,,,,,
dbp_100131.jpg,,,,,,,,,,,,,,,,,,,,,,,,,,,,,,,,,,,,,,,,,,,,,,,,,,,,,,,,,,,,,,,,,,,,,,,,,,,,,,,,,,,,,,,,,,,,,,,,,,,
dbp_100141.jpg,,,,,,,,,,,,,,,,,,,,,,,,,,,,,,,,,,,,,,,,,,,,,,,,,,,,,,,,,,,,,,,,,,,,,,,,,,,,,,,,,,,,,,,,,,,,,,,,,,,
dbp_100151.jpg,,,,,,,,,,,,,,,,,,,,,,,,,,,,,,,,,,,,,,,,,,,,,,,,,,,,,,,,,,,,,,,,,,,,,,,,,,,,,,,,,,,,,,,,,,,,,,,,,,,
dbp_100161.jpg,,,,,,,,,,,,,,,,,,,,,,,,,,,,,,,,,,,,,,,,,,,,,,,,,,,,,,,,,,,,,,,,,,,,,,,,,,,,,,,,,,,,,,,,,,,,,,,,,,,
dbp_100171.jpg,,,,,,,,,,,,,,,,,,,,,,,,,,,,,,,,,,,,,,,,,,,,,,,,,,,,,,,,,,,,,,,,,,,,,,,,,,,,,,,,,,,,,,,,,,,,,,,,,,,
dbp_100181.jpg,,,,,,,,,,,,,,,,,,,,,,,,,,,,,,,,,,,,,,,,,,,,,,,,,,,,,,,,,,,,,,,,,,,,,,,,,,,,,,,,,,,,,,,,,,,,,,,,,,,
dbp_100191.jpg,,,,,,,,,,,,,,,,,,,,,,,,,,,,,,,,,,,,,,,,,,,,,,,,,,,,,,,,,,,,,,,,,,,,,,,,,,,,,,,,,,,,,,,,,,,,,,,,,,,
dbp_100201.jpg,,,,,,,,,,,,,,,,,,,,,,,,,,,,,,,,,,,,,,,,,,,,,,,,,,,,,,,,,,,,,,,,,,,,,,,,,,,,,,,,,,,,,,,,,,,,,,,,,,,
dbp_100211.jpg,,,,,,,,,,,,,,,,,,,,,,,,,,,,,,,,,,,,,,,,,,,,,,,,,,,,,,,,,,,,,,,,,,,,,,,,,,,,,,,,,,,,,,,,,,,,,,,,,,,
dbp_100221.jpg,0.8427354097366333,0.647371768951416,-0.5881397724151611,0.849639356136322,0.6423839330673218,-0.6189267635345459,0.8472366333007812,0.6390076279640198,-0.6188873648643494,0.8425412774085999,0.6354045867919922,-0.6190255284309387,0.8544744849205017,0.6520828008651733,-0.6116383075714111,0.8455111980438232,0.6575235724449158,-0.6117761731147766,0.8456014394760132,0.6616166234016418,-0.6118627190589905,0.8317639827728271,0.6301065683364868,-0.6075968146324158,0.8353016376495361,0.6735011339187622,-0.5766355991363525,0.8327451348304749,0.644461452960968,-0.5640537142753601,0.8340498208999634,0.6543350219726562,-0.5555554628372192,0.7882150411605835,0.5882046222686768,-0.48578184843063354,0.7989145517349243,0.7388893365859985,-0.41570279002189636,0.7847145199775696,0.5489699244499207,-0.27271929383277893,0.8008848428726196,0.7159814834594727,-0.11824174970388412,0.8371414542198181,0.5556511878967285,-0.03499237447977066,0.8403066992759705,0.6557114124298096,0.134543314576149,0.8469542264938354,0.5407822132110596,-0.02408682368695736,0.8469434976577759,0.650507390499115,0.15343829989433289,0.845815122127533,0.5568253993988037,-0.036717187613248825,0.8435313701629639,0.6368184685707092,0.13046781718730927,0.8391633629798889,0.5681924223899841,-0.030765162780880928,0.8382527828216553,0.6329245567321777,0.13366609811782837,0.6151953339576721,0.622098982334137,-0.015489730052649975,0.6164671778678894,0.6939573884010315,0.015007336623966694,0.518915057182312,0.6237988471984863,0.3469896912574768,0.5202803611755371,0.6865702867507935,0.34957602620124817,0.45312950015068054,0.6699783802032471,0.6924633383750916,0.4510077238082886,0.7138144373893738,0.7178394794464111,0.43547630310058594,0.6789563298225403,0.7350862622261047,0.4372277855873108,0.7196676731109619,0.7641574144363403,0.45628759264945984,0.6806862354278564,0.7494931817054749,0.4478314518928528,0.7105086445808411,0.7855641841888428
dbp_100231.jpg,0.8434659838676453,0.6540725231170654,-0.6908724904060364,0.8448360562324524,0.6476432681083679,-0.7241879105567932,0.8433218002319336,0.6431129574775696,-0.7241684794425964,0.8408940434455872,0.6385716199874878,-0.7243860363960266,0.8481437563896179,0.6658667922019958,-0.7172803282737732,0.8452829718589783,0.6727071404457092,-0.7174580693244934,0.845542311668396,0.6794277429580688,-0.7175837755203247,0.8307020664215088,0.6329559087753296,-0.6888471245765686,0.8355162739753723,0.7001283168792725,-0.6600221395492554,0.835416853427887,0.6482305526733398,-0.6550653576850891,0.8377790451049805,0.6646758317947388,-0.6470518708229065,0.786445677280426,0.5903571844100952,-0.5193962454795837,0.8063744902610779,0.7700988054275513,-0.4788927137851715,0.7187060117721558,0.5331211686134338,-0.3060871362686157,0.7778574824333191,0.7913069128990173,-0.20186308026313782,0.7836372256278992,0.5482352375984192,-0.1252214014530182,0.840124785900116,0.7571362257003784,-0.010603600181639194,0.7945858836174011,0.5357151627540588,-0.12435818463563919,0.8488983511924744,0.7668880224227905,-0.0006893945392221212,0.7993453145027161,0.5559869408607483,-0.13723458349704742,0.8489816784858704,0.7443880438804626,-0.017891433089971542,0.7951306104660034,0.5671514272689819,-0.12216292321681976,0.8423680663108826,0.7342581152915955,-0.009313786402344704,0.6308860778808594,0.6401965618133545,-0.014657807536423206,0.6371281743049622,0.7107914686203003,0.014377698302268982,0.5345577001571655,0.6295744776725769,0.3557276129722595,0.5377137660980225,0.6817561388015747,0.35842281579971313,0.4533328115940094,0.6342132091522217,0.7668390870094299,0.45349568128585815,0.674899160861969,0.770604133605957,0.43485143780708313,0.6351649761199951,0.8167253136634827,0.43741506338119507,0.6723165512084961,0.8223575949668884,0.45816120505332947,0.632175087928772,0.8372665047645569,0.45530271530151367,0.6735453009605408,0.8356155753135681
dbp_100241.jpg,0.8577032685279846,0.6825479865074158,-0.48853781819343567,0.8467257618904114,0.6780499219894409,-0.5382406115531921,0.8464103937149048,0.6721979379653931,-0.538243293762207,0.8462175726890564,0.6664009690284729,-0.538333535194397,0.8486443758010864,0.6975269317626953,-0.5325378775596619,0.84648197889328,0.7041963934898376,-0.5327234864234924,0.8460950255393982,0.7110947370529175,-0.5329194068908691,0.8348082304000854,0.6560276746749878,-0.587505042552948,0.835177481174469,0.7252219915390015,-0.5649758577346802,0.8384304046630859,0.6816264986991882,-0.4826681911945343,0.8390119671821594,0.7012397050857544,-0.47612515091896057,0.7979033589363098,0.5906721949577332,-0.4554104804992676,0.7868040800094604,0.794064998626709,-0.4486733675003052,0.7387745380401611,0.5895665884017944,-0.22939279675483704,0.720288872718811,0.8249836564064026,-0.1925094872713089,0.8022677302360535,0.6324223279953003,-0.07392538338899612,0.7848113775253296,0.7870708107948303,-0.007657635025680065,0.7975038290023804,0.6183023452758789,-0.07387159764766693,0.794389545917511,0.789262056350708,-0.002605539048090577,0.8041844964027405,0.6399507522583008,-0.07767729461193085,0.8044003844261169,0.7620506286621094,-0.029777878895401955,0.805807888507843,0.6514915823936462,-0.06707467883825302,0.7985314130783081,0.7551994919776917,-0.013208528980612755,0.6253889799118042,0.6389414072036743,0.016955571249127388,0.6047043204307556,0.7264098525047302,-0.017032714560627937,0.5303173661231995,0.6400455236434937,0.36022502183914185,0.492281436920166,0.6926190257072449,0.2848232388496399,0.4373912811279297,0.6124366521835327,0.7433823943138123,0.38515129685401917,0.6387670040130615,0.6522203683853149,0.417878121137619,0.6027332544326782,0.788566529750824,0.36302605271339417,0.6261535882949829,0.6957818269729614,0.43725696206092834,0.6139377355575562,0.8033849000930786,0.38863757252693176,0.6319361329078674,0.6901188492774963
dbp_100251.jpg,,,,,,,,,,,,,,,,,,,,,,,,,,,,,,,,,,,,,,,,,,,,,,,,,,,,,,,,,,,,,,,,,,,,,,,,,,,,,,,,,,,,,,,,,,,,,,,,,,,
dbp_100261.jpg,,,,,,,,,,,,,,,,,,,,,,,,,,,,,,,,,,,,,,,,,,,,,,,,,,,,,,,,,,,,,,,,,,,,,,,,,,,,,,,,,,,,,,,,,,,,,,,,,,,
dbp_100271.jpg,,,,,,,,,,,,,,,,,,,,,,,,,,,,,,,,,,,,,,,,,,,,,,,,,,,,,,,,,,,,,,,,,,,,,,,,,,,,,,,,,,,,,,,,,,,,,,,,,,,
dbp_100281.jpg,,,,,,,,,,,,,,,,,,,,,,,,,,,,,,,,,,,,,,,,,,,,,,,,,,,,,,,,,,,,,,,,,,,,,,,,,,,,,,,,,,,,,,,,,,,,,,,,,,,
dbp_100291.jpg,,,,,,,,,,,,,,,,,,,,,,,,,,,,,,,,,,,,,,,,,,,,,,,,,,,,,,,,,,,,,,,,,,,,,,,,,,,,,,,,,,,,,,,,,,,,,,,,,,,
dbp_100301.jpg,,,,,,,,,,,,,,,,,,,,,,,,,,,,,,,,,,,,,,,,,,,,,,,,,,,,,,,,,,,,,,,,,,,,,,,,,,,,,,,,,,,,,,,,,,,,,,,,,,,
dbp_100311.jpg,0.8330856561660767,0.6532479524612427,-0.5921562910079956,0.8213866949081421,0.6487472653388977,-0.6166666746139526,0.8200936913490295,0.6413823962211609,-0.6166527271270752,0.8187539577484131,0.6340854167938232,-0.6168252229690552,0.8239275813102722,0.6725666522979736,-0.6131373643875122,0.8245000243186951,0.6807734370231628,-0.6133037805557251,0.8249921202659607,0.6889678239822388,-0.6134459972381592,0.8079286813735962,0.6229718327522278,-0.5733240842819214,0.8160917162895203,0.7074884176254272,-0.5572823882102966,0.8295732140541077,0.6390025019645691,-0.5586854815483093,0.8330184817314148,0.6646402478218079,-0.5542970299720764,0.7888304591178894,0.5734211206436157,-0.3904232978820801,0.7970632314682007,0.7511051893234253,-0.39756259322166443,0.8220294117927551,0.5403902530670166,-0.2126915156841278,0.7748070359230042,0.8022569417953491,-0.162983238697052,0.8457221984863281,0.5350728631019592,-0.05418219044804573,0.7839462161064148,0.7517033815383911,-0.00797391775995493,0.8515628576278687,0.5164220333099365,-0.05618243291974068,0.7858511209487915,0.7535850405693054,-0.006281205918639898,0.8427481055259705,0.5442692637443542,-0.06628009676933289,0.7812129259109497,0.7304616570472717,-0.02378069795668125,0.8411357402801514,0.5586994886398315,-0.05496164411306381,0.7810752987861633,0.7234039306640625,-0.008991739712655544,0.6889184713363647,0.6478912830352783,0.0024781562387943268,0.6984196901321411,0.7241237163543701,-0.0023871581070125103,0.72513747215271,0.6101107001304626,0.2438589483499527,0.7432662844657898,0.6907696723937988,0.2725191116333008,0.7153928279876709,0.6465831995010376,0.6210518479347229,0.752923846244812,0.7069980502128601,0.6336492896080017,0.7130372524261475,0.6580175757408142,0.6637481451034546,0.7528104186058044,0.711305558681488,0.6760439276695251,0.7293027639389038,0.6335509419441223,0.6727322340011597,0.7749550938606262,0.6914311647415161,0.6774275302886963
dbp_100321.jpg,0.8246025443077087,0.6457409858703613,-0.29181843996047974,0.8100774884223938,0.6353706121444702,-0.3262166380882263,0.8082929849624634,0.6267514824867249,-0.32619571685791016,0.8065062761306763,0.6181825995445251,-0.32624444365501404,0.81471848487854,0.6609522700309753,-0.32400766015052795,0.8163069486618042,0.6701700091362,-0.3240702450275421,0.8178213238716125,0.6793730854988098,-0.3241962492465973,0.8056665062904358,0.5964733958244324,-0.35176515579223633,0.8125085830688477,0.6972579956054688,-0.3410634994506836,0.8223855495452881,0.631080687046051,-0.28576141595840454,0.8277978897094727,0.6610974669456482,-0.28297269344329834,0.7897345423698425,0.5596920251846313,-0.2391885668039322,0.8141714334487915,0.7539973855018616,-0.2383556365966797,0.8485267758369446,0.5149184465408325,-0.07201012969017029,0.8609886765480042,0.7814472913742065,-0.0569755882024765,0.867162823677063,0.5353898406028748,0.049066875129938126,0.8771283030509949,0.7150351405143738,0.057385075837373734,0.874758780002594,0.5240035057067871,0.05098719522356987,0.8879695534706116,0.7151842713356018,0.058753181248903275,0.8684064149856567,0.553367555141449,0.037602499127388,0.8765957951545715,0.6909921169281006,0.051895782351493835,0.864626944065094,0.5635581016540527,0.046703536063432693,0.8700219988822937,0.6873225569725037,0.05971178039908409,0.6924076080322266,0.6412435173988342,-0.005474554840475321,0.7035506963729858,0.7224279046058655,0.005389512982219458,0.7596742510795593,0.5998563170433044,0.14841420948505402,0.7658853530883789,0.6958785057067871,0.150910884141922,0.7522451281547546,0.636931836605072,0.4049427807331085,0.7652076482772827,0.6969109177589417,0.4373610317707062,0.7495957016944885,0.6503689289093018,0.4346603453159332,0.763350784778595,0.6983950138092041,0.47076210379600525,0.7673026323318481,0.6241495013237,0.46808063983917236,0.7830606698989868,0.6792024970054626,0.5051941275596619
dbp_100331.jpg,0.8221904635429382,0.6198760867118835,-0.434450626373291,0.8083877563476562,0.6054859757423401,-0.4691723585128784,0.8061594367027283,0.5958564281463623,-0.4691624641418457,0.8038883805274963,0.5862696170806885,-0.46929338574409485,0.8143885731697083,0.6374865770339966,-0.4661085903644562,0.8161733150482178,0.6478769779205322,-0.46625834703445435,0.8178850412368774,0.6582365036010742,-0.46641162037849426,0.7974981665611267,0.5850252509117126,-0.46842876076698303,0.8121289014816284,0.6843953728675842,-0.4547169804573059,0.8176594972610474,0.6053919196128845,-0.4165876805782318,0.8240217566490173,0.6392102837562561,-0.4131225049495697,0.758482038974762,0.5226426124572754,-0.2920968234539032,0.8109577298164368,0.7677229046821594,-0.31424257159233093,0.717711865901947,0.47088661789894104,-0.13637614250183105,0.8305454254150391,0.8018847703933716,-0.0934310033917427,0.7278430461883545,0.41149312257766724,0.0475127249956131,0.8397918343544006,0.7220097184181213,0.08210858702659607,0.7473857998847961,0.39489060640335083,0.06447970122098923,0.8477858901023865,0.7226186990737915,0.10066094249486923,0.7364867925643921,0.38877347111701965,0.05599900335073471,0.8414949774742126,0.6938339471817017,0.087379589676857,0.7551047205924988,0.44104886054992676,0.05207110568881035,0.8368946313858032,0.688348114490509,0.08442394435405731,0.6850741505622864,0.6184271574020386,-0.004887955263257027,0.6993442177772522,0.7224458456039429,0.004855804145336151,0.7525486350059509,0.5928547978401184,0.16611023247241974,0.7610429525375366,0.7023614645004272,0.1925138384103775,0.7481544017791748,0.6360175013542175,0.5127235651016235,0.7827407121658325,0.7044960260391235,0.53929203748703,0.7441754937171936,0.6496114730834961,0.5532603859901428,0.7824954390525818,0.7008839249610901,0.5798521637916565,0.770941972732544,0.6246991157531738,0.5726232528686523,0.8192631602287292,0.6932312250137329,0.570679783821106
dbp_100341.jpg,0.8091261982917786,0.6176490187644958,-0.8286640048027039,0.7947208881378174,0.6084536910057068,-0.8514983654022217,0.7923938035964966,0.6001558899879456,-0.8513596057891846,0.7900578379631042,0.5919966697692871,-0.8514585494995117,0.8009812235832214,0.6369532942771912,-0.8517849445343018,0.8028648495674133,0.6462372541427612,-0.8518819212913513,0.8047384023666382,0.6554485559463501,-0.8519490361213684,0.7803898453712463,0.5836597681045532,-0.7644020915031433,0.8007725477218628,0.6801444292068481,-0.7660397291183472,0.8065567016601562,0.6033397316932678,-0.7756630182266235,0.8127017617225647,0.6324262619018555,-0.7767752408981323,0.7600616812705994,0.5359166264533997,-0.527718722820282,0.80946284532547,0.7573280334472656,-0.5359563231468201,0.7715698480606079,0.49439799785614014,-0.29151251912117004,0.8387327790260315,0.7577981948852539,-0.24438558518886566,0.7902630567550659,0.4521285593509674,-0.14126081764698029,0.8819054961204529,0.6497280597686768,-0.027207423001527786,0.7974671721458435,0.4716290831565857,-0.15303947031497955,0.8970890641212463,0.6392261385917664,-0.01643786020576954,0.7899125814437866,0.46577155590057373,-0.16993223130702972,0.8821693062782288,0.6139464378356934,-0.03951655700802803,0.7946237921714783,0.46318915486335754,-0.1444077044725418,0.873285710811615,0.6109874844551086,-0.0263779666274786,0.6797930598258972,0.6162339448928833,-0.02234696038067341,0.6990321278572083,0.7107827067375183,0.02224326692521572,0.638637125492096,0.5552123785018921,0.25743159651756287,0.6556069254875183,0.6688388586044312,0.2862997353076935,0.5349178910255432,0.546602189540863,0.6665608286857605,0.5703502297401428,0.6061431765556335,0.6932640075683594,0.5140249729156494,0.5538079142570496,0.7133903503417969,0.55673748254776,0.6015247106552124,0.7411576509475708,0.5372348427772522,0.5156832933425903,0.7029002904891968,0.5669645071029663,0.5617489218711853,0.7084972858428955
dbp_100351.jpg,0.8029757142066956,0.6158794164657593,-0.6724339127540588,0.7881152629852295,0.6074380874633789,-0.699398398399353,0.786597490310669,0.5997797846794128,-0.6993018388748169,0.7850589156150818,0.5922422409057617,-0.699380099773407,0.7930358648300171,0.6315010190010071,-0.6987245678901672,0.7950709462165833,0.6393630504608154,-0.6988652348518372,0.797076404094696,0.6471513509750366,-0.6989671587944031,0.7814311385154724,0.5820193290710449,-0.6505830883979797,0.7985368371009827,0.6647005081176758,-0.6449992656707764,0.8044074773788452,0.6027771830558777,-0.6347534656524658,0.8096731901168823,0.6290627121925354,-0.633698046207428,0.7671298384666443,0.5399160385131836,-0.4592471122741699,0.8136640787124634,0.7305743098258972,-0.4725305140018463,0.8007107377052307,0.48390355706214905,-0.2608385682106018,0.838413655757904,0.7293380498886108,-0.23665840923786163,0.8383318185806274,0.4790800213813782,-0.12525978684425354,0.8674704432487488,0.6331492066383362,-0.08756433427333832,0.8456923365592957,0.47632932662963867,-0.1312064379453659,0.8793351650238037,0.6234772801399231,-0.08872947841882706,0.8392868638038635,0.49132710695266724,-0.14891494810581207,0.8667123913764954,0.5989536046981812,-0.10448680073022842,0.8396745324134827,0.4995430111885071,-0.12942297756671906,0.8589767813682556,0.5976206660270691,-0.08674964308738708,0.6827266812324524,0.6201599836349487,-0.02411882020533085,0.7015293836593628,0.6985027194023132,0.023939184844493866,0.6402855515480042,0.5604838132858276,0.19530941545963287,0.694365382194519,0.6733847856521606,0.22048266232013702,0.6092212796211243,0.5671664476394653,0.6545753479003906,0.6676855683326721,0.6303880214691162,0.6584898233413696,0.5971484780311584,0.5778427720069885,0.6769273281097412,0.661749005317688,0.6256188750267029,0.7099694013595581,0.6236660480499268,0.5429121255874634,0.7076008319854736,0.6813331246376038,0.5980070233345032,0.7653805613517761
dbp_100361.jpg,0.766582727432251,0.6389674544334412,-0.8170265555381775,0.7700726389884949,0.6488847732543945,-0.845449686050415,0.7721779346466064,0.6530164480209351,-0.8452386260032654,0.774170994758606,0.6570428013801575,-0.8453187346458435,0.7671942114830017,0.6364388465881348,-0.8467013239860535,0.7677436470985413,0.6447857618331909,-0.846938967704773,0.7682923674583435,0.6462506651878357,-0.8471276760101318,0.7850392460823059,0.6628848314285278,-0.7635995149612427,0.7857621908187866,0.6410195827484131,-0.7731527090072632,0.7771165370941162,0.6427040696144104,-0.7641257643699646,0.7748104929924011,0.6330485343933105,-0.7678585052490234,0.8328151106834412,0.6748145222663879,-0.5441296696662903,0.8081261515617371,0.5949804782867432,-0.5701656341552734,0.895163357257843,0.6644325256347656,-0.30020615458488464,0.8215874433517456,0.5061353445053101,-0.35187962651252747,0.8741831183433533,0.6203368902206421,-0.10301508754491806,0.7935961484909058,0.4584716260433197,-0.2293676882982254,0.870090126991272,0.6129705905914307,-0.09791679680347443,0.7867172360420227,0.4419148862361908,-0.22843001782894135,0.8575551509857178,0.6110560894012451,-0.11200697720050812,0.7798375487327576,0.44664013385772705,-0.24671104550361633,0.8590887188911438,0.6111558079719543,-0.10053000599145889,0.7823781967163086,0.4547463357448578,-0.23193612694740295,0.7378780245780945,0.6727117300033569,-0.008857215754687786,0.720103919506073,0.6358650326728821,0.00880280788987875,0.7142446041107178,0.6331823468208313,0.3377941846847534,0.7011539340019226,0.6218533515930176,0.30597543716430664,0.6729952692985535,0.6052979826927185,0.8033047914505005,0.6866649985313416,0.6048889756202698,0.773872435092926,0.6592332720756531,0.6001319289207458,0.854929506778717,0.6847829222679138,0.6059718132019043,0.8285897374153137,0.6470505595207214,0.577178418636322,0.8564723134040833,0.6891709566116333,0.5928431153297424,0.8266820907592773
dbp_100371.jpg,0.7523931860923767,0.650126576423645,-0.5527412295341492,0.7657774090766907,0.6640222072601318,-0.5848293900489807,0.7678536772727966,0.672954261302948,-0.5847489833831787,0.7698584198951721,0.6817997694015503,-0.5851001739501953,0.763631284236908,0.6403096318244934,-0.5899715423583984,0.7642380595207214,0.6387133002281189,-0.5900009274482727,0.7648212909698486,0.6314477324485779,-0.5900996327400208,0.787148654460907,0.6917675733566284,-0.56538987159729,0.7816533446311951,0.6138786673545837,-0.5917178392410278,0.7584095597267151,0.6635283827781677,-0.5242499709129333,0.7562916874885559,0.6367031931877136,-0.5310083031654358,0.8157995343208313,0.7325395345687866,-0.41560330986976624,0.7971171736717224,0.5626921653747559,-0.42347609996795654,0.8469380736351013,0.7316767573356628,-0.2183498740196228,0.7556430697441101,0.5341436862945557,-0.1365015059709549,0.8557303547859192,0.663142740726471,-0.055622175335884094,0.7529021501541138,0.5264692902565002,0.07799886912107468,0.8549850583076477,0.6503380537033081,-0.04326872527599335,0.7504070401191711,0.522575318813324,0.10750313103199005,0.8520330786705017,0.6393967270851135,-0.03736823424696922,0.7579241991043091,0.5199950933456421,0.10465015470981598,0.8527843952178955,0.6386565566062927,-0.04705990105867386,0.7604295015335083,0.5296748876571655,0.0864589735865593,0.7242038249969482,0.7045937776565552,-0.010918737389147282,0.7157604694366455,0.6178081631660461,0.011002984829246998,0.5647813081741333,0.6661027073860168,0.10511105507612228,0.586396336555481,0.6109269261360168,0.15855772793293,0.4553808867931366,0.6285455822944641,0.253538578748703,0.46963706612586975,0.604122519493103,0.3129466772079468,0.4415160119533539,0.6267327070236206,0.2697577178478241,0.4559958577156067,0.614396870136261,0.33175960183143616,0.41751766204833984,0.5832865238189697,0.2251535952091217,0.4210459589958191,0.5737327933311462,0.29956844449043274
dbp_100381.jpg,0.8087023496627808,0.6501107811927795,-0.5495565533638,0.7952148914337158,0.6604559421539307,-0.5803171992301941,0.7939668297767639,0.6643962264060974,-0.5803257822990417,0.7926524877548218,0.6578312516212463,-0.5804829001426697,0.7982626557350159,0.6599765419960022,-0.5780476331710815,0.7988013029098511,0.6680057644844055,-0.5781890153884888,0.7993714809417725,0.6749466061592102,-0.578339159488678,0.7875579595565796,0.6460652947425842,-0.5594046115875244,0.7931175827980042,0.6929370760917664,-0.5503660440444946,0.8049488663673401,0.6622089147567749,-0.52213054895401,0.8088853359222412,0.6532265543937683,-0.5193740725517273,0.7712615728378296,0.5770854353904724,-0.4267353415489197,0.7978722453117371,0.7524176836013794,-0.40937480330467224,0.7198427319526672,0.4944290220737457,-0.2479909211397171,0.7841904759407043,0.8022886514663696,-0.2419939935207367,0.7792871594429016,0.5188553929328918,-0.1537952870130539,0.8700220584869385,0.7840771079063416,-0.13273145258426666,0.7845280766487122,0.5038586258888245,-0.1635674387216568,0.8854770660400391,0.795261561870575,-0.13537058234214783,0.7920575737953186,0.5281091928482056,-0.17852936685085297,0.8865817189216614,0.7688789367675781,-0.14682498574256897,0.790965735912323,0.5408753156661987,-0.1541978269815445,0.878649890422821,0.758288562297821,-0.1315278708934784,0.6461320519447327,0.6745546460151672,-0.01523302961140871,0.6666193008422852,0.7137306928634644,0.01519995741546154,0.5405778288841248,0.6601904630661011,0.1664382815361023,0.5532875657081604,0.678242027759552,0.1953316330909729,0.43043720722198486,0.6328303813934326,0.4636274576187134,0.4255211651325226,0.6560848355293274,0.4949333071708679,0.41629478335380554,0.6369786858558655,0.4999922513961792,0.40084710717201233,0.6572741866111755,0.5303181409835815,0.4073822796344757,0.6151341199874878,0.4982684552669525,0.41515403985977173,0.620909571647644,0.5340786576271057
dbp_100391.jpg,0.8012381792068481,0.6496425867080688,-0.3740263879299164,0.7900291085243225,0.6584004163742065,-0.4040662348270416,0.7890821695327759,0.6599128842353821,-0.40410757064819336,0.788030743598938,0.6527330875396729,-0.40426886081695557,0.7931949496269226,0.6585801839828491,-0.39927664399147034,0.7945171594619751,0.6655634045600891,-0.3994036614894867,0.7957505583763123,0.6715521216392517,-0.39956918358802795,0.7867116332054138,0.6416221261024475,-0.4075886011123657,0.7934019565582275,0.6803342700004578,-0.386478066444397,0.7994238138198853,0.6614182591438293,-0.36141520738601685,0.804591715335846,0.6523861289024353,-0.3553162217140198,0.7719185948371887,0.6039589643478394,-0.3116990625858307,0.7886756062507629,0.6766990423202515,-0.2725980877876282,0.7425168752670288,0.5150033235549927,-0.17200782895088196,0.7723464965820312,0.6371785998344421,-0.10224279016256332,0.812576413154602,0.5260193347930908,-0.09271928668022156,0.809956431388855,0.6030438542366028,-0.0365527905523777,0.8290346264839172,0.5073847770690918,-0.14837360382080078,0.8254642486572266,0.6000848412513733,-0.05147109180688858,0.8297147750854492,0.533290684223175,-0.13995060324668884,0.8317868709564209,0.5886915326118469,-0.0717601552605629,0.8262231945991516,0.54389488697052,-0.09416364133358002,0.8245009779930115,0.5892331600189209,-0.04416297748684883,0.642525315284729,0.674367368221283,-0.021680062636733055,0.644169270992279,0.6958356499671936,0.021671056747436523,0.5904315114021301,0.6562166213989258,0.17397481203079224,0.601064920425415,0.6822178959846497,0.2103244811296463,0.5517189502716064,0.6585319638252258,0.427666574716568,0.5593196749687195,0.6524769067764282,0.5030201077461243,0.5393174886703491,0.6668301820755005,0.45702677965164185,0.5511800050735474,0.6528332233428955,0.5363587737083435,0.5446609258651733,0.6430403590202332,0.4588366746902466,0.5565562844276428,0.6181156039237976,0.5362721681594849
dbp_100401.jpg,0.8121985197067261,0.6492685675621033,-0.6684541702270508,0.7968067526817322,0.6488844752311707,-0.6829401850700378,0.7957484126091003,0.6416969895362854,-0.6829845309257507,0.7995979189872742,0.6111311912536621,-0.6830695271492004,0.7967119216918945,0.6591963171958923,-0.6826356649398804,0.7957427501678467,0.6668066382408142,-0.6827074885368347,0.7962466478347778,0.6740763187408447,-0.6826721429824829,0.7874201536178589,0.5984387993812561,-0.5789962410926819,0.7834773659706116,0.6853318810462952,-0.5717807412147522,0.8048631548881531,0.6554727554321289,-0.6159549355506897,0.8059974312782288,0.6545270085334778,-0.6138665676116943,0.746025800704956,0.5251891613006592,-0.39611947536468506,0.741532564163208,0.7341182231903076,-0.39616212248802185,0.7697676420211792,0.48318469524383545,-0.2353837639093399,0.7521280646324158,0.7808684706687927,-0.20769637823104858,0.8124864101409912,0.5006158351898193,-0.11018253862857819,0.8459216952323914,0.673076331615448,-0.07804714888334274,0.8259745836257935,0.4789319634437561,-0.13277623057365417,0.8772980570793152,0.6685207486152649,-0.09120737761259079,0.8146482706069946,0.51063472032547,-0.13682366907596588,0.8742428421974182,0.6090505123138428,-0.11778812110424042,0.8086081743240356,0.5257318019866943,-0.11080292612314224,0.8615043759346008,0.5989596247673035,-0.0862252339720726,0.5824416875839233,0.6267548203468323,0.006959795951843262,0.5750999450683594,0.712250828742981,-0.006975336465984583,0.5240494012832642,0.632300615310669,0.32135966420173645,0.48965099453926086,0.7126354575157166,0.2554773688316345,0.45974406599998474,0.6160816550254822,0.7235544323921204,0.39063403010368347,0.6461896896362305,0.6106190085411072,0.444654643535614,0.6144435405731201,0.771565318107605,0.3699810206890106,0.6280915141105652,0.6563798189163208,0.4633612632751465,0.6280531883239746,0.7848974466323853,0.3935565650463104,0.6212092638015747,0.6284745931625366
dbp_100411.jpg,0.8225706815719604,0.6459468603134155,-0.5237788558006287,0.8037346005439758,0.6403185725212097,-0.538108229637146,0.8014219999313354,0.6306405663490295,-0.5381853580474854,0.8017058968544006,0.6112251281738281,-0.5382999181747437,0.8061269521713257,0.6488871574401855,-0.5366872549057007,0.8051702976226807,0.6663479804992676,-0.5368550419807434,0.8050076961517334,0.6735061407089233,-0.536906361579895,0.7879625558853149,0.5826492309570312,-0.47733891010284424,0.7863208651542664,0.6870319843292236,-0.4697690010070801,0.8101328611373901,0.6374397277832031,-0.48880186676979065,0.8130798935890198,0.6523281335830688,-0.48657429218292236,0.7232409119606018,0.5009069442749023,-0.3484427034854889,0.7505168914794922,0.7427149415016174,-0.32147863507270813,0.7191333174705505,0.4513740837574005,-0.19575969874858856,0.743162989616394,0.7766398191452026,-0.20313024520874023,0.7844992280006409,0.4922601580619812,-0.10437345504760742,0.84257572889328,0.7011499404907227,-0.12987791001796722,0.7997618317604065,0.48065418004989624,-0.12106308341026306,0.8693746328353882,0.7061765193939209,-0.14649063348770142,0.7935975790023804,0.5090509057044983,-0.13595114648342133,0.8676332831382751,0.6552020311355591,-0.1749209612607956,0.786801278591156,0.5215180516242981,-0.10752110183238983,0.8554951548576355,0.6445491313934326,-0.13975267112255096,0.5453254580497742,0.60999995470047,0.004481175448745489,0.5629605650901794,0.7210074663162231,-0.004348814487457275,0.4792371094226837,0.5779058933258057,0.1758139282464981,0.4897201359272003,0.7189093828201294,0.1802852898836136,0.3892284631729126,0.5947414040565491,0.32435911893844604,0.3781431019306183,0.6664701104164124,0.3542199730873108,0.37856951355934143,0.5968850255012512,0.34511077404022217,0.3559301495552063,0.6456593871116638,0.3777293860912323,0.37124282121658325,0.6239913105964661,0.36156824231147766,0.3738735616207123,0.6631999611854553,0.38190487027168274
dbp_100421.jpg,0.820248007774353,0.6380720138549805,-0.4442599415779114,0.8085146546363831,0.628104567527771,-0.47942668199539185,0.805426836013794,0.6192910671234131,-0.4794670343399048,0.803668200969696,0.6070561408996582,-0.47965919971466064,0.8135174512863159,0.6443879008293152,-0.47861558198928833,0.8137064576148987,0.6562889218330383,-0.4787558615207672,0.8142443299293518,0.6638293266296387,-0.47881877422332764,0.7871032357215881,0.573725700378418,-0.5049717426300049,0.7892188429832458,0.6742991805076599,-0.5017145872116089,0.805519163608551,0.626294732093811,-0.43970203399658203,0.8107408881187439,0.6444764733314514,-0.4397059381008148,0.7078989148139954,0.5216136574745178,-0.4126281440258026,0.7420223951339722,0.7357165217399597,-0.37409237027168274,0.6874368786811829,0.48731333017349243,-0.19372238218784332,0.7462676763534546,0.7722627520561218,-0.26402339339256287,0.7491775751113892,0.5501176714897156,-0.06379204243421555,0.8877636790275574,0.7047500014305115,-0.20912368595600128,0.7612589597702026,0.5535140633583069,-0.0854303389787674,0.9179742932319641,0.705613374710083,-0.24884767830371857,0.7614123821258545,0.5795297622680664,-0.12305294722318649,0.9138572812080383,0.6688195466995239,-0.277860552072525,0.7570162415504456,0.5854552388191223,-0.0772518664598465,0.9001942276954651,0.6625185012817383,-0.2210616171360016,0.5074746012687683,0.6193192601203918,-0.02504783309996128,0.527328372001648,0.7214635014533997,0.024726571515202522,0.476439505815506,0.601213812828064,0.3360840082168579,0.4910637140274048,0.7196189761161804,0.4223513603210449,0.4438572824001312,0.675968587398529,0.7470951676368713,0.4640875458717346,0.7173044085502625,0.8430112600326538,0.43966275453567505,0.7000756859779358,0.7967531085014343,0.45719268918037415,0.7233765721321106,0.8916128873825073,0.44406557083129883,0.674765944480896,0.8169451355934143,0.46497422456741333,0.6919668316841125,0.9093729257583618
dbp_100431.jpg,0.8120096921920776,0.637041449546814,-0.6309916973114014,0.8071680665016174,0.6244885325431824,-0.6747357845306396,0.8048450350761414,0.6168514490127563,-0.674714207649231,0.8033305406570435,0.6076188683509827,-0.6748092770576477,0.8088918924331665,0.6417233347892761,-0.6684717535972595,0.8078979253768921,0.650734543800354,-0.668676495552063,0.8072288036346436,0.6578508019447327,-0.6687901020050049,0.787034273147583,0.583478569984436,-0.6748762130737305,0.7863205671310425,0.6656281352043152,-0.6465204954147339,0.7972543835639954,0.6264238953590393,-0.6087772846221924,0.7936561703681946,0.6402809023857117,-0.6002916693687439,0.7306445837020874,0.5313335061073303,-0.5495607852935791,0.7151910662651062,0.7323199510574341,-0.47726207971572876,0.6800607442855835,0.48933082818984985,-0.3319665193557739,0.5828090906143188,0.7469943761825562,-0.24570699036121368,0.6948078274726868,0.5224895477294922,-0.1432942897081375,0.6173002123832703,0.6855810880661011,-0.138374462723732,0.7040274739265442,0.5086415410041809,-0.16395172476768494,0.6232373118400574,0.6874852776527405,-0.15515132248401642,0.6927536725997925,0.5300480723381042,-0.1807537078857422,0.632450520992279,0.6451428532600403,-0.18787099421024323,0.6890075206756592,0.5433163642883301,-0.14558178186416626,0.6310840845108032,0.6405587196350098,-0.14831694960594177,0.5420782566070557,0.6094546914100647,0.0005749657866545022,0.5304805040359497,0.7116305232048035,-0.0006828111363574862,0.48793065547943115,0.6031763553619385,0.4178527593612671,0.4358300566673279,0.7122471928596497,0.36884406208992004,0.4330093264579773,0.6142086386680603,0.8806449174880981,0.35405799746513367,0.6511253118515015,0.8015554547309875,0.4175002872943878,0.613417387008667,0.9333984851837158,0.33085501194000244,0.643186092376709,0.854583740234375,0.4494408667087555,0.6043186783790588,0.9529653787612915,0.37883979082107544,0.6159945130348206,0.8532975912094116
dbp_100441.jpg,0.8024922609329224,0.6272095441818237,-0.6167926788330078,0.8028544187545776,0.6068568229675293,-0.6461827754974365,0.8026686310768127,0.5989550948143005,-0.6461635231971741,0.8023564219474792,0.5906161665916443,-0.6462974548339844,0.8051021099090576,0.6365793347358704,-0.6432510018348694,0.8049812912940979,0.6446424126625061,-0.6433835625648499,0.8050358295440674,0.652146577835083,-0.6434571146965027,0.7847622036933899,0.5756524205207825,-0.648804783821106,0.7853084802627563,0.6636800765991211,-0.6267913579940796,0.7842531204223633,0.6168798804283142,-0.585643470287323,0.7880450487136841,0.6355318427085876,-0.579906165599823,0.7029942274093628,0.5310119390487671,-0.5502185225486755,0.722258448600769,0.7216706275939941,-0.47141724824905396,0.6195223331451416,0.48872706294059753,-0.3590613603591919,0.6388059258460999,0.7385510206222534,-0.25615444779396057,0.6007423996925354,0.5150917172431946,-0.24192337691783905,0.6688855886459351,0.667115330696106,-0.15370392799377441,0.5996294617652893,0.5042802691459656,-0.2731788456439972,0.676475465297699,0.6620849370956421,-0.17276670038700104,0.5951238870620728,0.5186686515808105,-0.2967481315135956,0.6819401383399963,0.6264520287513733,-0.20867691934108734,0.5959405303001404,0.5299921631813049,-0.24841047823429108,0.6768164038658142,0.6258766055107117,-0.16585421562194824,0.5187965035438538,0.6089977025985718,-0.0031848610378801823,0.5250557065010071,0.6957105398178101,0.002874493831768632,0.44777581095695496,0.601000189781189,0.4000896215438843,0.4414506256580353,0.6759188175201416,0.38892021775245667,0.39444637298583984,0.601451575756073,0.8488243818283081,0.36032798886299133,0.6240185499191284,0.8393644094467163,0.3839089572429657,0.6056048274040222,0.8984959125518799,0.3454795479774475,0.6211757659912109,0.890577495098114,0.3947131931781769,0.5898268222808838,0.8854531049728394,0.35480883717536926,0.591985821723938,0.8610986471176147
dbp_100451.jpg,0.8001353144645691,0.6288320422172546,-0.3514356017112732,0.8096942901611328,0.6000434756278992,-0.4008994698524475,0.7994440197944641,0.6027202606201172,-0.40090683102607727,0.8060746788978577,0.5779513716697693,-0.40099143981933594,0.8029817342758179,0.6372269988059998,-0.40098437666893005,0.8022750020027161,0.646988034248352,-0.4011225402355194,0.8017140030860901,0.6570720672607422,-0.401268869638443,0.7838929891586304,0.5680949091911316,-0.47865432500839233,0.7763515114784241,0.6703261137008667,-0.4804123044013977,0.7806763052940369,0.6177740693092346,-0.36000487208366394,0.7837759256362915,0.6438984870910645,-0.3604643642902374,0.692007839679718,0.5000377893447876,-0.4257432520389557,0.6953721642494202,0.7495666742324829,-0.38998720049858093,0.6414886116981506,0.4749191701412201,-0.2216576635837555,0.6463691592216492,0.7586172223091125,-0.19941909611225128,0.6901572346687317,0.527029275894165,-0.1407124549150467,0.7157535552978516,0.671933114528656,-0.06448505073785782,0.6834606528282166,0.5200708508491516,-0.17545826733112335,0.6981676816940308,0.6664524674415588,-0.08403285592794418,0.6623592376708984,0.5417792201042175,-0.26709648966789246,0.7272405624389648,0.6292496919631958,-0.12130843102931976,0.679733157157898,0.5542634129524231,-0.15916718542575836,0.6922329068183899,0.6275027990341187,-0.07766858488321304,0.5112990736961365,0.6036697030067444,0.0053662932477891445,0.49419644474983215,0.7211686968803406,-0.005607681814581156,0.4566226005554199,0.6132117509841919,0.41179269552230835,0.43429088592529297,0.7362151145935059,0.3674755096435547,0.43534624576568604,0.634039580821991,0.8205927014350891,0.3867443799972534,0.694125235080719,0.7826626896858215,0.42538532614707947,0.6403300166130066,0.8686475157737732,0.36471375823020935,0.7086614966392517,0.8315943479537964,0.44968706369400024,0.6371062994003296,0.8849707245826721,0.4019729495048523,0.6884076595306396,0.8382927179336548
dbp_100461.jpg,0.8101938962936401,0.6215677261352539,-0.4372038245201111,0.8113124370574951,0.5926575064659119,-0.4639336168766022,0.806233286857605,0.5872417688369751,-0.46390601992607117,0.8055617809295654,0.5837949514389038,-0.4639091491699219,0.8058578372001648,0.6361737251281738,-0.45978063344955444,0.805367648601532,0.6460009217262268,-0.4597649872303009,0.8049370646476746,0.6561599969863892,-0.45984241366386414,0.7843946814537048,0.5630584359169006,-0.44167062640190125,0.7788761258125305,0.6706128716468811,-0.41945454478263855,0.7917535305023193,0.6064984202384949,-0.41440045833587646,0.7962023615837097,0.6365097165107727,-0.4079945385456085,0.7094157338142395,0.48761695623397827,-0.3459552526473999,0.7163856029510498,0.7441163659095764,-0.3147623836994171,0.8098016381263733,0.44548022747039795,-0.29821693897247314,0.8136785626411438,0.7526769638061523,-0.3014625310897827,0.8909091353416443,0.54426109790802,-0.3725595772266388,0.8931074142456055,0.648238480091095,-0.3827856481075287,0.9151496887207031,0.5505669713020325,-0.4281257688999176,0.9172646999359131,0.6390171051025391,-0.4333460032939911,0.9006975293159485,0.5820655822753906,-0.4502423405647278,0.9045480489730835,0.5999916791915894,-0.45817920565605164,0.8883324265480042,0.5867661237716675,-0.38595306873321533,0.8883418440818787,0.5999088883399963,-0.397806853055954,0.5261025428771973,0.5847768783569336,-0.00038540156674571335,0.523065984249115,0.7195793390274048,7.888358959462494e-05,0.48502102494239807,0.5771256685256958,0.24120238423347473,0.4503987431526184,0.7229368686676025,0.20840616524219513,0.45475128293037415,0.5628296732902527,0.521664559841156,0.3875104486942291,0.6313214302062988,0.46908843517303467,0.4480695426464081,0.5626032948493958,0.5517851114273071,0.36947765946388245,0.6200975775718689,0.4990693926811218,0.4618278741836548,0.5541966557502747,0.5401731133460999,0.400268018245697,0.5873235464096069,0.46317312121391296
dbp_100471.jpg,0.8135719299316406,0.6268352270126343,-0.45012786984443665,0.8113982081413269,0.5976008772850037,-0.48386019468307495,0.8087891936302185,0.5908929109573364,-0.48380744457244873,0.8084246516227722,0.5823361873626709,-0.48377344012260437,0.8071712851524353,0.6439639329910278,-0.47776368260383606,0.8061151504516602,0.6551123857498169,-0.4778290092945099,0.8052463531494141,0.6666379570960999,-0.47785741090774536,0.7866383790969849,0.5665131211280823,-0.4886956810951233,0.7790800929069519,0.6818958520889282,-0.46302157640457153,0.7944158911705017,0.6075993180274963,-0.43699130415916443,0.7973278760910034,0.6437811255455017,-0.4287342429161072,0.7156306505203247,0.4945169985294342,-0.3855389654636383,0.7050317525863647,0.7440353631973267,-0.3431652784347534,0.7777354717254639,0.45633289217948914,-0.2768814265727997,0.728049635887146,0.7504026889801025,-0.22331900894641876,0.8304158449172974,0.5206214189529419,-0.2744862139225006,0.8049391508102417,0.6448522806167603,-0.21109914779663086,0.8448183536529541,0.5122919082641602,-0.2800684869289398,0.8273851275444031,0.6355990767478943,-0.2966999113559723,0.8381632566452026,0.5407558679580688,-0.2966931164264679,0.8262550830841064,0.5968846082687378,-0.42587000131607056,0.8352609276771545,0.5518129467964172,-0.2746063768863678,0.8127391338348389,0.5953729748725891,-0.24582228064537048,0.5177016258239746,0.5851451754570007,0.004336235579103231,0.508129358291626,0.71742182970047,-0.004550241865217686,0.4835697412490845,0.5808101892471313,0.31114163994789124,0.44517603516578674,0.7164986729621887,0.23468369245529175,0.4623635411262512,0.5705882906913757,0.6900875568389893,0.3873148560523987,0.6183072924613953,0.6052053570747375,0.454444020986557,0.5710495710372925,0.7316929697990417,0.3684421479701996,0.605396568775177,0.6472457051277161,0.4649418592453003,0.5642932653427124,0.7295487523078918,0.4100199341773987,0.5802193284034729,0.5839760899543762
dbp_100481.jpg,0.8100935220718384,0.6268545985221863,-0.2970196008682251,0.8125446438789368,0.5935750007629395,-0.3510003685951233,0.8102580308914185,0.5840415358543396,-0.3508888781070709,0.8090126514434814,0.5741893649101257,-0.3508850932121277,0.8112134337425232,0.6286066174507141,-0.34927088022232056,0.8078027367591858,0.6552148461341858,-0.3494122624397278,0.807809591293335,0.6670494675636292,-0.3495369553565979,0.7864024639129639,0.5606157779693604,-0.444169819355011,0.782355010509491,0.6842013001441956,-0.4423801600933075,0.7889573574066162,0.6073957085609436,-0.3132702112197876,0.7942134141921997,0.6437350511550903,-0.31316497921943665,0.6776646971702576,0.49457597732543945,-0.3944387435913086,0.7140389084815979,0.749859631061554,-0.3571050465106964,0.6076980233192444,0.46162983775138855,-0.263759046792984,0.7643243670463562,0.7549591064453125,-0.2899493873119354,0.5838813781738281,0.5713779926300049,-0.21929176151752472,0.8408803343772888,0.6346738338470459,-0.2649424374103546,0.5775417685508728,0.5785009264945984,-0.2396828532218933,0.8657347559928894,0.6205589771270752,-0.3018013536930084,0.5699939131736755,0.5979793667793274,-0.2660820186138153,0.854016900062561,0.5853143334388733,-0.341764897108078,0.5723389983177185,0.6006082892417908,-0.2254311889410019,0.8391351103782654,0.5845927596092224,-0.2809814214706421,0.495168536901474,0.5862092971801758,0.0011355169117450714,0.5011554956436157,0.7249315977096558,-0.0014385773101821542,0.4931218922138214,0.5839370489120483,0.440209299325943,0.4562894403934479,0.7212202548980713,0.3908752501010895,0.4695294201374054,0.6027325391769409,0.8529754281044006,0.40913647413253784,0.686877965927124,0.8156797289848328,0.4548882842063904,0.6159296035766602,0.8987581133842468,0.39313438534736633,0.6863462924957275,0.8646023869514465,0.5149167776107788,0.5859768986701965,0.9141649603843689,0.42700475454330444,0.652342677116394,0.8699961304664612
dbp_100491.jpg,0.8343042731285095,0.608593225479126,-0.3699284791946411,0.8219190835952759,0.590523898601532,-0.43704932928085327,0.8205719590187073,0.5822126269340515,-0.43707475066185,0.8086105585098267,0.5771521925926208,-0.4372173547744751,0.8183466196060181,0.6307811141014099,-0.43924859166145325,0.8183589577674866,0.6526806950569153,-0.43941715359687805,0.8195356726646423,0.6651872992515564,-0.4395224452018738,0.7832793593406677,0.5619744658470154,-0.4810164272785187,0.7954663038253784,0.6841585636138916,-0.46141406893730164,0.8083330988883972,0.5922142863273621,-0.37668734788894653,0.8171597123146057,0.6297904253005981,-0.38765785098075867,0.6960960030555725,0.4943670928478241,-0.38349470496177673,0.7663649916648865,0.7530714869499207,-0.35682186484336853,0.6465262174606323,0.4470793306827545,-0.26464569568634033,0.8418886661529541,0.7690052390098572,-0.26331835985183716,0.6641862988471985,0.5102903842926025,-0.1987115442752838,0.9126597046852112,0.6350005865097046,-0.17456668615341187,0.6823276877403259,0.5128560662269592,-0.20555497705936432,0.9347178936004639,0.626129686832428,-0.17629504203796387,0.676140546798706,0.5429093837738037,-0.21852217614650726,0.9184396862983704,0.5914837718009949,-0.20658744871616364,0.6707162857055664,0.5470457673072815,-0.19918057322502136,0.9051638841629028,0.5904917120933533,-0.1818774789571762,0.5191648006439209,0.5900293588638306,-0.01489964034408331,0.5264829993247986,0.7232519388198853,0.014402571134269238,0.43233805894851685,0.5854723453521729,0.21001145243644714,0.43703940510749817,0.7005976438522339,0.20086374878883362,0.3534814715385437,0.5881950259208679,0.4551258981227875,0.32251742482185364,0.647040605545044,0.447501003742218,0.3427561819553375,0.5917380452156067,0.4824141561985016,0.29642337560653687,0.6401859521865845,0.47791799902915955,0.3428460657596588,0.5816583633422852,0.4844816029071808,0.3176037073135376,0.6084840297698975,0.4594721496105194
dbp_100501.jpg,0.8173514604568481,0.6105664372444153,-0.33919861912727356,0.819789707660675,0.5836609601974487,-0.38930705189704895,0.8183806538581848,0.5737327933311462,-0.3892897367477417,0.8111761212348938,0.5618889927864075,-0.38925495743751526,0.8163322806358337,0.628900408744812,-0.38369080424308777,0.8170268535614014,0.6444975733757019,-0.3839094340801239,0.8182157874107361,0.656332790851593,-0.3841148316860199,0.7826929688453674,0.552739679813385,-0.4576030969619751,0.7917048931121826,0.6815416216850281,-0.43445470929145813,0.7884462475776672,0.5966742634773254,-0.34720054268836975,0.7954640984535217,0.630464494228363,-0.3417077362537384,0.6648162603378296,0.484863817691803,-0.3929235339164734,0.7086277008056641,0.7700350284576416,-0.331996887922287,0.5034230947494507,0.44361618161201477,-0.23325420916080475,0.582991898059845,0.7650694251060486,-0.11855252832174301,0.4613851010799408,0.4862976372241974,-0.07333306968212128,0.6068176031112671,0.6279139518737793,0.037019696086645126,0.4474235773086548,0.47641584277153015,-0.081985242664814,0.61445152759552,0.615864098072052,0.040112413465976715,0.4511241614818573,0.49804866313934326,-0.09662687033414841,0.6186201572418213,0.5748105049133301,0.0017774342559278011,0.45739132165908813,0.510525107383728,-0.07419947534799576,0.611617922782898,0.5736101269721985,0.024211471900343895,0.48541268706321716,0.5851204991340637,-0.00633247010409832,0.47800567746162415,0.7217292785644531,0.00608545308932662,0.45774850249290466,0.5868532657623291,0.35940855741500854,0.4139324426651001,0.7061753869056702,0.2757701873779297,0.41018444299697876,0.5720490217208862,0.7670668959617615,0.3441362977027893,0.6452677845954895,0.6898162961006165,0.3974093794822693,0.5706039667129517,0.8112300634384155,0.3214285969734192,0.6367352604866028,0.7369073033332825,0.4126284420490265,0.560243546962738,0.836154580116272,0.3684033155441284,0.6042327284812927,0.7390713095664978
dbp_100511.jpg,0.8077113628387451,0.603220522403717,-0.5626832246780396,0.8022527098655701,0.5863105058670044,-0.5911140441894531,0.805485188961029,0.5732560753822327,-0.5910041928291321,0.803124189376831,0.5623737573623657,-0.5910338759422302,0.8100756406784058,0.619210422039032,-0.5918360352516174,0.8128980398178101,0.6294381618499756,-0.5919904112815857,0.815805971622467,0.6388552188873291,-0.5920699834823608,0.781006395816803,0.5532947778701782,-0.5597496628761292,0.7916814684867859,0.662348747253418,-0.5643318891525269,0.7847079038619995,0.5918578505516052,-0.5322837233543396,0.7915579080581665,0.6222569942474365,-0.5336935520172119,0.6725838780403137,0.48787280917167664,-0.43083521723747253,0.7566759586334229,0.7693647742271423,-0.4241865873336792,0.57051020860672,0.4444114565849304,-0.26017284393310547,0.7908044457435608,0.750893235206604,-0.22378340363502502,0.5136560797691345,0.47925978899002075,-0.1426820605993271,0.8825905323028564,0.630023717880249,-0.05580630525946617,0.49581944942474365,0.47359880805015564,-0.1481248438358307,0.9171401262283325,0.6215298175811768,-0.060347121208906174,0.4928116202354431,0.4888070523738861,-0.17322103679180145,0.9005633592605591,0.581936776638031,-0.08944626152515411,0.5000345706939697,0.4974970817565918,-0.1479794830083847,0.8795968890190125,0.580069899559021,-0.06387079507112503,0.5006026029586792,0.5968570113182068,-0.014843017794191837,0.5033344626426697,0.7210804224014282,0.014377284795045853,0.4519239664077759,0.5865590572357178,0.35111328959465027,0.431722491979599,0.6983259916305542,0.2949504256248474,0.4212301969528198,0.5681286454200745,0.7268151044845581,0.36066558957099915,0.6312869787216187,0.677951455116272,0.41103219985961914,0.5674929022789001,0.7691028118133545,0.33888882398605347,0.6216986179351807,0.7225860357284546,0.4308822751045227,0.5524700284004211,0.7834702730178833,0.37623485922813416,0.5903602242469788,0.7201561331748962
dbp_100521.jpg,0.7981441617012024,0.603325366973877,-0.5575204491615295,0.7946937680244446,0.5880492329597473,-0.583119809627533,0.7973356246948242,0.5759514570236206,-0.5830548405647278,0.7978264689445496,0.5651177167892456,-0.5830994248390198,0.7943497896194458,0.6180774569511414,-0.5853533148765564,0.7947984933853149,0.6268225908279419,-0.5854931473731995,0.7964418530464172,0.6359751224517822,-0.5855545401573181,0.7811081409454346,0.5538947582244873,-0.548679530620575,0.7877062559127808,0.6600745320320129,-0.5572975873947144,0.7857485413551331,0.5923112034797668,-0.5263645052909851,0.7882652282714844,0.6197656989097595,-0.5292757749557495,0.6785575747489929,0.49341100454330444,-0.429850310087204,0.755883514881134,0.7646028399467468,-0.4120903015136719,0.6090250611305237,0.42741355299949646,-0.2676563858985901,0.7724238634109497,0.7359468340873718,-0.24928689002990723,0.5698133111000061,0.47766849398612976,-0.16405609250068665,0.8429394960403442,0.6269196271896362,-0.07564236223697662,0.5608354210853577,0.4746108651161194,-0.16517619788646698,0.8693594336509705,0.6235025525093079,-0.09143127501010895,0.5510061979293823,0.4925804138183594,-0.18772955238819122,0.8593864440917969,0.5813537836074829,-0.11481653898954391,0.5544941425323486,0.5004838705062866,-0.1689518839120865,0.8438631892204285,0.5776427984237671,-0.09084665030241013,0.510394275188446,0.5970898866653442,-0.018415940925478935,0.5050956606864929,0.7204395532608032,0.018007267266511917,0.4472443163394928,0.586673378944397,0.29717403650283813,0.43772661685943604,0.6894474029541016,0.2781132459640503,0.3929372727870941,0.5728273391723633,0.6174113154411316,0.3459816575050354,0.6303132176399231,0.6024496555328369,0.37992849946022034,0.5734939575195312,0.6539528369903564,0.31903213262557983,0.6234565377235413,0.6436440944671631,0.4035104811191559,0.5587760210037231,0.68780916929245,0.3641022741794586,0.5830494165420532,0.6683609485626221
dbp_1100001.jpg,0.6452608108520508,0.7568643093109131,-0.07846131175756454,0.6527501344680786,0.734779417514801,-0.08734814077615738,0.6536983847618103,0.7293194532394409,-0.08747003227472305,0.6543723344802856,0.7240163087844849,-0.08754362165927887,0.6472581624984741,0.7439954280853271,-0.11905697733163834,0.644185483455658,0.7442329525947571,-0.11914078146219254,0.6412784457206726,0.7447519898414612,-0.11943765729665756,0.6388118267059326,0.6958582997322083,-0.0848737433552742,0.6200087070465088,0.7292714715003967,-0.22533294558525085,0.6324946284294128,0.7495465874671936,-0.06750337779521942,0.6272676587104797,0.7584599852561951,-0.10883831232786179,0.587389349937439,0.6269985437393188,0.008502150885760784,0.5544461607933044,0.7599404454231262,-0.25064635276794434,0.601313054561615,0.6159563064575195,0.20151738822460175,0.5382900238037109,0.744053065776825,-0.21250970661640167,0.6027199029922485,0.6381527781486511,0.3676057755947113,0.6008449792861938,0.7205984592437744,-0.051791127771139145,0.5826056003570557,0.6250625252723694,0.38112202286720276,0.6058094501495361,0.7204479575157166,-0.05882532522082329,0.5819963216781616,0.63506019115448,0.36095884442329407,0.6147376894950867,0.7069240808486938,-0.06268886476755142,0.5641787052154541,0.6443147659301758,0.362789511680603,0.6130114197731018,0.7028681039810181,-0.04953503981232643,0.3349088728427887,0.6376584768295288,0.09270718693733215,0.33074095845222473,0.712333083152771,-0.09290837496519089,0.4030459523200989,0.7568153142929077,0.31517690420150757,0.41727378964424133,0.9157670140266418,-0.0400562509894371,0.3752436637878418,0.7556385397911072,0.5816012620925903,0.35620129108428955,0.7767559289932251,0.36101236939430237,0.364350825548172,0.7414683103561401,0.6076949238777161,0.3395915925502777,0.7377358078956604,0.41264861822128296,0.3905527889728546,0.7948090434074402,0.6503867506980896,0.3547118604183197,0.7845771908760071,0.5219582915306091
dbp_1100011.jpg,0.6407226920127869,0.7636258602142334,-0.00800254289060831,0.6484028100967407,0.7236695289611816,-0.007155856117606163,0.6484747529029846,0.7218204140663147,-0.0073502929881215096,0.6485430002212524,0.7204352617263794,-0.007419010158628225,0.6450592875480652,0.7362951636314392,-0.04711570963263512,0.6436727643013,0.736615777015686,-0.047215573489665985,0.6424131393432617,0.7376484274864197,-0.04738730564713478,0.6362284421920776,0.7002057433128357,0.012655597180128098,0.6242484450340271,0.7261057496070862,-0.16748584806919098,0.623939573764801,0.7530888915061951,0.00720421364530921,0.6206691861152649,0.7581146955490112,-0.04492932930588722,0.5791016817092896,0.6316709518432617,0.07780946046113968,0.5560070872306824,0.7542577981948853,-0.23292595148086548,0.6570825576782227,0.663347601890564,0.14001016318798065,0.586597740650177,0.7833058834075928,-0.2129671275615692,0.7547019720077515,0.6762993335723877,0.08912276476621628,0.6635540723800659,0.7691246271133423,-0.031724996864795685,0.7757832407951355,0.660864531993866,0.06832079589366913,0.6773054599761963,0.7760945558547974,-0.04846543073654175,0.7764188647270203,0.669316828250885,0.04944584146142006,0.6786035895347595,0.7506860494613647,-0.058350272476673126,0.7753618955612183,0.6562122106552124,0.07756906002759933,0.6711600422859192,0.7431117296218872,-0.031994882971048355,0.3061181902885437,0.6475366353988647,0.12396077811717987,0.3004505932331085,0.696159303188324,-0.12426012009382248,0.35906973481178284,0.8132025003433228,0.31801316142082214,0.42167720198631287,0.9703162908554077,-0.14393098652362823,0.3091357350349426,0.7954169511795044,0.4537278711795807,0.30449727177619934,0.8499894738197327,0.1757010519504547,0.2983268201351166,0.7785754799842834,0.46737998723983765,0.2808014452457428,0.80287104845047,0.21746677160263062,0.3114646375179291,0.828371524810791,0.5310333967208862,0.29075029492378235,0.8867211937904358,0.3465697169303894
dbp_1100021.jpg,0.6133913397789001,0.7863584160804749,-0.0704580545425415,0.6332870125770569,0.7610952854156494,-0.06926735490560532,0.6330493092536926,0.7613893151283264,-0.06947866082191467,0.6323595643043518,0.7621957659721375,-0.06965706497430801,0.6318129301071167,0.7588169574737549,-0.1037064716219902,0.6307657361030579,0.7566626071929932,-0.10379460453987122,0.6292466521263123,0.7553726434707642,-0.10393474996089935,0.6016006469726562,0.7374080419540405,-0.023806719109416008,0.5966379046440125,0.7352975606918335,-0.18319788575172424,0.5936753749847412,0.7814525365829468,-0.04602765291929245,0.5936790704727173,0.778664231300354,-0.09311778098344803,0.5454064011573792,0.6966843008995056,0.05296912416815758,0.5098404288291931,0.7375237345695496,-0.2152692973613739,0.5941440463066101,0.720465362071991,0.14265409111976624,0.49415329098701477,0.7850409746170044,-0.18498152494430542,0.6523516178131104,0.7295801639556885,0.15687234699726105,0.5406839847564697,0.7808665037155151,-0.013797517865896225,0.6696701049804688,0.7206286787986755,0.15397538244724274,0.5448752045631409,0.7823052406311035,-0.02932829223573208,0.66770339012146,0.7184262871742249,0.13526910543441772,0.5561450123786926,0.7653876543045044,-0.03924594447016716,0.6586806178092957,0.7220593690872192,0.1479300707578659,0.5528342723846436,0.7620226740837097,-0.014888609759509563,0.291596919298172,0.6712499260902405,0.11762510985136032,0.27607858180999756,0.660620391368866,-0.11747030168771744,0.39973750710487366,0.8991022706031799,0.12372441589832306,0.34716999530792236,0.9240193963050842,-0.14806175231933594,0.35850146412849426,1.0717633962631226,0.17880263924598694,0.3106154501438141,1.1350401639938354,-0.15216906368732452,0.34433457255363464,1.0980080366134644,0.17982937395572662,0.304442435503006,1.1701455116271973,-0.15570443868637085,0.38385841250419617,1.1044402122497559,0.10732736438512802,0.43823325634002686,1.1901230812072754,-0.25314393639564514
dbp_1100031.jpg,0.36955487728118896,0.774858832359314,-0.3497682809829712,0.3713916540145874,0.768079400062561,-0.3814563751220703,0.37165966629981995,0.7620790004730225,-0.38166511058807373,0.37183627486228943,0.7562934160232544,-0.38210755586624146,0.36888745427131653,0.7855359315872192,-0.39428383111953735,0.3677687644958496,0.7886840105056763,-0.39436614513397217,0.36662617325782776,0.7920357584953308,-0.39461907744407654,0.36394089460372925,0.7239851355552673,-0.4001086354255676,0.3555724024772644,0.7834917902946472,-0.45811349153518677,0.36737316846847534,0.751288115978241,-0.33803069591522217,0.3660707175731659,0.7666314244270325,-0.3564678430557251,0.3641236424446106,0.637475311756134,-0.287638396024704,0.3434562087059021,0.7570981383323669,-0.3153110146522522,0.29911693930625916,0.6455373167991638,-0.2163398712873459,0.39975038170814514,0.8236308693885803,-0.30982014536857605,0.18066395819187164,0.6579462289810181,-0.22407175600528717,0.4676879048347473,0.8359836339950562,-0.20220142602920532,0.14860425889492035,0.6501026749610901,-0.2392316311597824,0.47778207063674927,0.8582484126091003,-0.20701225101947784,0.14711111783981323,0.6670628190040588,-0.24366392195224762,0.4824354946613312,0.8234078884124756,-0.21108314394950867,0.1582964062690735,0.6742835640907288,-0.22390206158161163,0.4774903357028961,0.8091488480567932,-0.20094133913516998,0.27306613326072693,0.6353928446769714,0.10604249686002731,0.23504847288131714,0.6719434857368469,-0.10127077996730804,0.36586225032806396,0.8442659378051758,0.11181623488664627,0.2570555806159973,0.8882393836975098,0.01870221085846424,0.34804946184158325,0.8862916827201843,0.30362775921821594,0.2774091064929962,0.9359456300735474,0.11745182424783707,0.3374427855014801,0.8799467086791992,0.3251872658729553,0.2816861867904663,1.107474684715271,0.048806920647621155,0.3579559624195099,0.9393949508666992,0.2869037389755249,0.29198378324508667,0.9021720290184021,0.2626202702522278
dbp_1100041.jpg,0.2872460186481476,0.7569208145141602,-0.10179261863231659,0.28167715668678284,0.7510366439819336,-0.12034186720848083,0.2838687002658844,0.7467367649078369,-0.1204376146197319,0.28589579463005066,0.7425265908241272,-0.12067925930023193,0.2781144082546234,0.7598324418067932,-0.12442385405302048,0.2780022919178009,0.761508584022522,-0.1242535263299942,0.27786311507225037,0.7634910345077515,-0.12425460666418076,0.30215275287628174,0.7178228497505188,-0.15215659141540527,0.28963062167167664,0.7569857835769653,-0.16832104325294495,0.30222460627555847,0.7388641238212585,-0.10761477798223495,0.2992492914199829,0.7500697374343872,-0.11366045475006104,0.35323578119277954,0.6675026416778564,-0.12136562168598175,0.3294180929660797,0.6806246638298035,-0.14587067067623138,0.3914373219013214,0.7672809958457947,-0.1874178797006607,0.42804116010665894,0.7389600276947021,-0.19159699976444244,0.40339741110801697,0.8889340758323669,-0.1597820669412613,0.4833982586860657,0.7893804907798767,-0.19755536317825317,0.40510597825050354,0.9133750200271606,-0.17477934062480927,0.48868700861930847,0.8051971197128296,-0.21803240478038788,0.40473613142967224,0.9164845943450928,-0.19447889924049377,0.4929426312446594,0.7926995754241943,-0.2169542908668518,0.4041750729084015,0.9080505967140198,-0.16758917272090912,0.4919254183769226,0.7875221371650696,-0.19987088441848755,0.2479211390018463,0.6340556740760803,0.07981656491756439,0.21297553181648254,0.6283313035964966,-0.07582315802574158,0.3272094428539276,0.8688398599624634,-0.005511655937880278,0.24211962521076202,0.8603475093841553,-0.08701998740434647,0.335945188999176,0.9332462549209595,-0.045767974108457565,0.3125181794166565,0.9097235202789307,0.08020976185798645,0.3301953077316284,0.9301462173461914,-0.0495133139193058,0.29836034774780273,0.9242733716964722,0.09657839685678482,0.344235897064209,0.9930484294891357,-0.10476822406053543,0.32875898480415344,0.9637150168418884,0.09594874083995819
dbp_1100051.jpg,0.31038418412208557,0.7995964288711548,0.0686228945851326,0.3092001974582672,0.8017190098762512,0.061827484518289566,0.3102380335330963,0.7969504594802856,0.06173150613903999,0.3111957609653473,0.792137086391449,0.06164558604359627,0.3065744638442993,0.8115248680114746,0.04676586389541626,0.30645254254341125,0.8123334050178528,0.04685492068529129,0.30624791979789734,0.8134214878082275,0.04668600484728813,0.3212878406047821,0.7595144510269165,0.053234536200761795,0.3119703233242035,0.7926392555236816,-0.01861540414392948,0.3186006546020508,0.7728609442710876,0.0672372505068779,0.3175804316997528,0.7830557227134705,0.04513019695878029,0.3487514555454254,0.6544448137283325,0.03836787864565849,0.3404243588447571,0.698351263999939,-0.024283749982714653,0.3333844840526581,0.7017484903335571,0.025813471525907516,0.4021523892879486,0.8071766495704651,-0.19605283439159393,0.27019038796424866,0.7977725267410278,-0.06826788932085037,0.42015084624290466,0.923831582069397,-0.3038305342197418,0.25100037455558777,0.8207273483276367,-0.08715084195137024,0.41562798619270325,0.9516097903251648,-0.3221070468425751,0.2507689595222473,0.8177745342254639,-0.08243962377309799,0.4198656678199768,0.9489107131958008,-0.30968624353408813,0.2576979398727417,0.8116360306739807,-0.06711168587207794,0.42094531655311584,0.9390270709991455,-0.3018016815185547,0.24568800628185272,0.6234501600265503,0.06816532462835312,0.22562891244888306,0.6224945783615112,-0.06657187640666962,0.3422449231147766,0.8701171875,0.03834336996078491,0.2613764703273773,0.8715373277664185,-0.08770822733640671,0.3463873863220215,1.0174251794815063,0.003463711589574814,0.32044002413749695,0.9990687966346741,0.07180967926979065,0.33575233817100525,1.0215438604354858,-0.0030479812994599342,0.31005239486694336,1.0036879777908325,0.08995363861322403,0.3631365895271301,1.0962061882019043,-0.08260081708431244,0.33225640654563904,1.0852733850479126,0.06121613830327988
dbp_1100061.jpg,0.336582213640213,0.6729576587677002,0.08302543312311172,0.3379593789577484,0.6882323026657104,0.07235777378082275,0.3387554883956909,0.6929608583450317,0.07222624868154526,0.3394164741039276,0.6984714269638062,0.07213067263364792,0.33863672614097595,0.674443244934082,0.0812368392944336,0.34017032384872437,0.6703161597251892,0.08148321509361267,0.3416979908943176,0.666732668876648,0.08130243420600891,0.353311151266098,0.7111698389053345,0.055882301181554794,0.3564687669277191,0.6528573036193848,0.09789390116930008,0.3436138331890106,0.6725034117698669,0.07681962847709656,0.3454072177410126,0.6620972752571106,0.08809284120798111,0.37774723768234253,0.675530731678009,0.03881809860467911,0.37728211283683777,0.6083000898361206,0.09172582626342773,0.380462110042572,0.7654696702957153,-0.006827482022345066,0.3930727243423462,0.6893283128738403,0.15798015892505646,0.3453839123249054,0.8939154148101807,-0.13659414649009705,0.3815770745277405,0.7312461733818054,0.22932031750679016,0.3377440571784973,0.929634690284729,-0.1464848518371582,0.3732357323169708,0.7404835820198059,0.26079121232032776,0.34181082248687744,0.9284370541572571,-0.16531704366207123,0.3788570165634155,0.7498086094856262,0.24088361859321594,0.3444356322288513,0.9136326909065247,-0.14611054956912994,0.38081085681915283,0.752680778503418,0.2243296205997467,0.27062952518463135,0.6446529030799866,0.025302087888121605,0.23869329690933228,0.5735177993774414,-0.025856826454401016,0.32961273193359375,0.8831762671470642,-0.007518112193793058,0.18913203477859497,0.5743642449378967,-0.15955857932567596,0.34830859303474426,1.0726346969604492,-0.06757698953151703,0.1563829481601715,0.6649987101554871,0.037125565111637115,0.34677615761756897,1.0908641815185547,-0.06856676191091537,0.15986427664756775,0.6911705732345581,0.06049010530114174,0.36745133996009827,1.1554845571517944,-0.059872403740882874,0.10649068653583527,0.6854511499404907,0.08157297968864441
dbp_1100071.jpg,0.2697083353996277,0.6445956826210022,0.0007813470438122749,0.2665759325027466,0.6411569118499756,-0.020047200843691826,0.2676507234573364,0.6407594680786133,-0.020196443423628807,0.26858699321746826,0.6406981945037842,-0.020435934886336327,0.2652113735675812,0.6428744196891785,-0.015080911107361317,0.265367329120636,0.6425819993019104,-0.014776511117815971,0.2655141055583954,0.6426362991333008,-0.014884061180055141,0.28160586953163147,0.6386200785636902,-0.07286754995584488,0.2748079001903534,0.6347281336784363,-0.047978393733501434,0.2812231779098511,0.6436824202537537,-0.014021513983607292,0.2791821360588074,0.6457099318504333,-0.007183106150478125,0.33287468552589417,0.6685547828674316,-0.06405667215585709,0.3282788097858429,0.6395439505577087,-0.055082861334085464,0.3483743369579315,0.715672492980957,-0.056607820093631744,0.41318178176879883,0.6968485713005066,-0.04764685779809952,0.313668429851532,0.7902485132217407,-0.18255184590816498,0.4405960440635681,0.7988405227661133,0.10253233462572098,0.3015157878398895,0.8034738302230835,-0.2077457308769226,0.44293835759162903,0.8120444416999817,0.05065150931477547,0.3112511932849884,0.8071653842926025,-0.21411749720573425,0.44702836871147156,0.8116154074668884,0.18617458641529083,0.31377509236335754,0.8022875189781189,-0.18613570928573608,0.44621986150741577,0.8114160895347595,0.12549325823783875,0.29553669691085815,0.6387910842895508,0.008914348669350147,0.2671245336532593,0.6028136610984802,-0.00907465722411871,0.34125378727912903,0.8718268275260925,0.0005813877796754241,0.2391563504934311,0.6965497732162476,-0.08292575925588608,0.3491944372653961,1.0425078868865967,0.004840038251131773,0.22963520884513855,0.7648501992225647,0.18276682496070862,0.35550519824028015,1.0584826469421387,0.007364767137914896,0.27983343601226807,0.7920167446136475,0.21099098026752472,0.3707138001918793,1.1297953128814697,-0.03715567663311958,0.14362293481826782,0.8488389849662781,0.21141096949577332
dbp_1100081.jpg,,,,,,,,,,,,,,,,,,,,,,,,,,,,,,,,,,,,,,,,,,,,,,,,,,,,,,,,,,,,,,,,,,,,,,,,,,,,,,,,,,,,,,,,,,,,,,,,,,,
dbp_1100091.jpg,0.160247802734375,0.3917250633239746,0.5988868474960327,0.1670118123292923,0.38826316595077515,0.6346957683563232,0.1710413545370102,0.38579261302948,0.6349188089370728,0.17501361668109894,0.3830232322216034,0.6346527338027954,0.15574519336223602,0.40004411339759827,0.6285108923912048,0.15148957073688507,0.4064222574234009,0.6285098791122437,0.1463669240474701,0.41304004192352295,0.6284769177436829,0.18712839484214783,0.38977670669555664,0.6848404407501221,0.14632776379585266,0.44032034277915955,0.655044674873352,0.17139768600463867,0.39457809925079346,0.6068224310874939,0.15880192816257477,0.4073372185230255,0.5970439910888672,0.26890215277671814,0.40549802780151367,0.6092718243598938,0.15256859362125397,0.5320817828178406,0.5213780999183655,0.3380992114543915,0.3538966178894043,0.6162978410720825,0.08202643692493439,0.5757955312728882,0.3011825382709503,0.33803221583366394,0.24185821413993835,0.6317018866539001,0.07347066700458527,0.42327481508255005,0.2266874611377716,0.34035950899124146,0.21491959691047668,0.6259523034095764,0.06302042305469513,0.38264715671539307,0.20674297213554382,0.33385786414146423,0.21661311388015747,0.632264256477356,0.07463104277849197,0.3770213723182678,0.2561582028865814,0.332316130399704,0.2268243432044983,0.6264563202857971,0.08012513816356659,0.3859049081802368,0.23820418119430542,0.35389259457588196,0.5438238382339478,0.042963262647390366,0.2664092481136322,0.6311774849891663,-0.04314625263214111,0.45363903045654297,0.6315903663635254,-0.3001551628112793,0.3591777980327606,0.7960390448570251,-0.37088078260421753,0.5022417902946472,0.8748972415924072,-0.348958283662796,0.4291101098060608,1.0286198854446411,-0.4311176538467407,0.4964819550514221,0.9145558476448059,-0.35665377974510193,0.443084716796875,1.0530229806900024,-0.44016942381858826,0.550577700138092,0.9104767441749573,-0.4945169687271118,0.43334320187568665,1.1226255893707275,-0.6043756008148193
dbp_1100101.jpg,0.16017462313175201,0.42565375566482544,0.478569358587265,0.1670076549053192,0.4150959551334381,0.5046470165252686,0.17114992439746857,0.41137391328811646,0.5047149658203125,0.17510613799095154,0.40826597809791565,0.5045074224472046,0.15496084094047546,0.42766228318214417,0.5050258040428162,0.1513238549232483,0.43153026700019836,0.5049461722373962,0.14658412337303162,0.43546921014785767,0.5047095417976379,0.18719103932380676,0.4121164083480835,0.5561413168907166,0.14413397014141083,0.46511369943618774,0.5540132522583008,0.1714000552892685,0.41907310485839844,0.4907127022743225,0.1614200621843338,0.444513201713562,0.4897173345088959,0.2688378095626831,0.4194404184818268,0.47446557879447937,0.15251798927783966,0.5489012598991394,0.44416093826293945,0.3337588906288147,0.4003848731517792,0.35843342542648315,0.09416911005973816,0.6484825611114502,0.16464510560035706,0.34471291303634644,0.33652815222740173,0.1991955190896988,0.08785661309957504,0.5024098753929138,-0.0727527067065239,0.3545054793357849,0.29579484462738037,0.17197361588478088,0.08450458198785782,0.46727532148361206,-0.10493817925453186,0.34562161564826965,0.3018933832645416,0.17399021983146667,0.09533203393220901,0.4557264447212219,-0.06910956650972366,0.3399321436882019,0.31929856538772583,0.19111688435077667,0.10206897556781769,0.4648030996322632,-0.06620167940855026,0.3646191656589508,0.5699917674064636,0.019298875704407692,0.3021651804447174,0.6606639623641968,-0.019440561532974243,0.4581352174282074,0.7470769882202148,-0.18464288115501404,0.3935225307941437,0.8319475054740906,-0.21885930001735687,0.4850934147834778,0.9445036053657532,-0.1266779601573944,0.45020899176597595,1.0133551359176636,-0.16105596721172333,0.4836556613445282,0.9736889600753784,-0.12227261811494827,0.4563902020454407,1.033765435218811,-0.15701867640018463,0.49492186307907104,0.9852698445320129,-0.2336444854736328,0.4730134904384613,1.0704922676086426,-0.2866947054862976
dbp_1100111.jpg,0.1809428632259369,0.42962053418159485,0.47183752059936523,0.1868187040090561,0.42127275466918945,0.5017929673194885,0.1901942640542984,0.4184178113937378,0.5018612742424011,0.1934477835893631,0.4160207509994507,0.5017058253288269,0.17758376896381378,0.4350302815437317,0.49467191100120544,0.17469455301761627,0.4415053129196167,0.49457162618637085,0.16663356125354767,0.4387112557888031,0.4943556487560272,0.20316828787326813,0.4200257956981659,0.5856647491455078,0.16907592117786407,0.47295108437538147,0.5485315322875977,0.19057311117649078,0.4302990734577179,0.498226523399353,0.17962267994880676,0.45114850997924805,0.4875742793083191,0.2741769254207611,0.44233134388923645,0.5265839099884033,0.16588012874126434,0.566605269908905,0.46981361508369446,0.33513274788856506,0.43137791752815247,0.3915403485298157,0.10787492245435715,0.6961019039154053,0.22992238402366638,0.35695889592170715,0.3734643757343292,0.17745406925678253,0.10281801223754883,0.5581747889518738,0.0664101168513298,0.3765231966972351,0.3400159776210785,0.1401643306016922,0.10111425817012787,0.5319100022315979,0.03590928763151169,0.36214208602905273,0.3490491509437561,0.14628271758556366,0.11171183735132217,0.519624650478363,0.07670249789953232,0.35218626260757446,0.3644246757030487,0.17000555992126465,0.11921723186969757,0.5267729759216309,0.07589755207300186,0.3782973289489746,0.6147254705429077,0.008396420627832413,0.33109936118125916,0.6869208216667175,-0.008505252189934254,0.4572826623916626,0.8420344591140747,-0.10091805458068848,0.4195506274700165,0.9178252220153809,-0.2074524313211441,0.4758163392543793,1.0676652193069458,-0.13341934978961945,0.4353523552417755,1.1398580074310303,-0.18427103757858276,0.47805339097976685,1.1081031560897827,-0.13785593211650848,0.43384620547294617,1.1684143543243408,-0.18332910537719727,0.4743632674217224,1.0945518016815186,-0.2630755305290222,0.43802565336227417,1.202674150466919,-0.31581026315689087
dbp_1100121.jpg,0.17905287444591522,0.4230923056602478,0.5803288221359253,0.18565185368061066,0.41702157258987427,0.6251958608627319,0.19013643264770508,0.41442036628723145,0.6254087686538696,0.19486434757709503,0.4119625389575958,0.6251602172851562,0.1748492419719696,0.4300152659416199,0.6161991953849792,0.1715787798166275,0.4366726875305176,0.6161359548568726,0.16618582606315613,0.439801961183548,0.6159570217132568,0.20846965909004211,0.41940709948539734,0.6914253830909729,0.16794387996196747,0.4711330831050873,0.6510200500488281,0.19186773896217346,0.42506006360054016,0.5923879742622375,0.17826484143733978,0.4427194893360138,0.5790875554084778,0.2887841761112213,0.43504416942596436,0.6027257442474365,0.16881152987480164,0.5685067772865295,0.4725906252861023,0.37449464201927185,0.4187711179256439,0.5248954892158508,0.10272828489542007,0.6661534905433655,0.16711004078388214,0.3676326870918274,0.2897740602493286,0.4492567777633667,0.09711525589227676,0.5161462426185608,0.03935631364583969,0.3745318353176117,0.24935279786586761,0.44289636611938477,0.09200458228588104,0.48687583208084106,0.01057777926325798,0.3626871109008789,0.25844502449035645,0.4504911005496979,0.10264398157596588,0.47065573930740356,0.05972490459680557,0.3580239713191986,0.2740890383720398,0.4396262764930725,0.10938858985900879,0.4869142174720764,0.05031140521168709,0.39307355880737305,0.6043421030044556,0.02653058059513569,0.3141198456287384,0.7032622694969177,-0.026594482362270355,0.48650720715522766,0.7607994079589844,-0.16450800001621246,0.40900519490242004,0.8733221292495728,-0.27493050694465637,0.48991817235946655,0.980985701084137,-0.1844526082277298,0.4641157388687134,1.0964899063110352,-0.27534255385398865,0.4854829013347626,1.0224871635437012,-0.18194764852523804,0.4719681441783905,1.099985957145691,-0.2779594957828522,0.493074506521225,1.013584852218628,-0.30732351541519165,0.4790734350681305,1.1338165998458862,-0.43872886896133423
dbp_1100131.jpg,0.17694449424743652,0.4298304617404938,0.5433136820793152,0.18394115567207336,0.42266982793807983,0.5871198177337646,0.1880272775888443,0.42020466923713684,0.5873816013336182,0.1923222839832306,0.41815829277038574,0.5872048735618591,0.17264968156814575,0.4361119866371155,0.5744516253471375,0.16880100965499878,0.4423636496067047,0.5744194388389587,0.16345161199569702,0.4479072690010071,0.5741973519325256,0.2050846368074417,0.43267136812210083,0.6812458634376526,0.16728653013706207,0.4747811257839203,0.6337732076644897,0.1888454258441925,0.4339754283428192,0.5699878931045532,0.1758781522512436,0.4523213803768158,0.5528014898300171,0.28597766160964966,0.4406604468822479,0.614412248134613,0.16773568093776703,0.5827213525772095,0.47809773683547974,0.3643401861190796,0.35467788577079773,0.5420859456062317,0.0895252376794815,0.5916134119033813,0.21506565809249878,0.3621096909046173,0.2154080867767334,0.506354033946991,0.07398761808872223,0.4243168830871582,0.1490785926580429,0.36832210421562195,0.17854513227939606,0.4897027015686035,0.06779813766479492,0.37812453508377075,0.09791605174541473,0.3580928146839142,0.18253155052661896,0.4960089325904846,0.0771310031414032,0.3694857656955719,0.15273858606815338,0.35460007190704346,0.1945156753063202,0.49377623200416565,0.08299188315868378,0.3806035816669464,0.15664224326610565,0.3887951076030731,0.6239964365959167,0.02975948341190815,0.30565255880355835,0.7162306904792786,-0.02966952696442604,0.48225000500679016,0.8361524939537048,-0.13896077871322632,0.39984190464019775,0.8976994156837463,-0.21540722250938416,0.47355660796165466,1.0206961631774902,-0.01848425343632698,0.43543949723243713,1.0863819122314453,-0.1383485347032547,0.4621778130531311,1.0422049760818481,-0.008021224290132523,0.43270164728164673,1.0991995334625244,-0.13306641578674316,0.48499175906181335,1.073549747467041,-0.13734214007854462,0.4671335518360138,1.1457053422927856,-0.29434213042259216
dbp_1100141.jpg,0.16838338971138,0.4456145465373993,0.5987474918365479,0.17245130240917206,0.43945491313934326,0.6357797980308533,0.17737843096256256,0.43575721979141235,0.6360191106796265,0.18231938779354095,0.43243691325187683,0.6357921361923218,0.15901093184947968,0.45549213886260986,0.6385812163352966,0.15464887022972107,0.4630659818649292,0.6385276317596436,0.14986778795719147,0.47077471017837524,0.6384074091911316,0.1945100873708725,0.44465890526771545,0.6893330216407776,0.15605570375919342,0.4966077506542206,0.6990931630134583,0.1819508671760559,0.44850459694862366,0.6053427457809448,0.16596196591854095,0.4691952168941498,0.6077768802642822,0.2854064404964447,0.46289756894111633,0.5947265028953552,0.15165120363235474,0.6078477501869202,0.5488117337226868,0.34141644835472107,0.35631969571113586,0.5028679966926575,0.07298588007688522,0.6480226516723633,0.28696635365486145,0.3509947955608368,0.2598956823348999,0.42967650294303894,0.057996854186058044,0.466688871383667,0.18644526600837708,0.3575230538845062,0.2271808683872223,0.411897748708725,0.04974561929702759,0.43139585852622986,0.15581393241882324,0.34595897793769836,0.23913966119289398,0.4251849353313446,0.06015877425670624,0.41599738597869873,0.21453967690467834,0.3427344262599945,0.25018003582954407,0.42566290497779846,0.06725838780403137,0.4264169931411743,0.19965243339538574,0.3851200044155121,0.6470340490341187,0.004104583524167538,0.3028731644153595,0.7467370629310608,-0.004066984169185162,0.4801340103149414,0.882645308971405,-0.15800133347511292,0.39076143503189087,0.9815689325332642,-0.16655990481376648,0.4474937319755554,1.0933361053466797,-0.04285261407494545,0.40308380126953125,1.198548674583435,-0.12277723103761673,0.4355268180370331,1.1197007894515991,-0.03210078924894333,0.40631043910980225,1.2194232940673828,-0.1224333867430687,0.4542140066623688,1.1392334699630737,-0.15879479050636292,0.40982088446617126,1.261423945426941,-0.2856769561767578
dbp_1100151.jpg,0.16817109286785126,0.4807532727718353,0.5471669435501099,0.17249733209609985,0.4704703390598297,0.5727560520172119,0.1777726709842682,0.4662705361843109,0.5729679465293884,0.1834111213684082,0.46199119091033936,0.572684109210968,0.15884941816329956,0.48726361989974976,0.5766963958740234,0.15437912940979004,0.494030624628067,0.5766409039497375,0.14948157966136932,0.5011194944381714,0.5765640139579773,0.19632694125175476,0.4672585427761078,0.5952891111373901,0.1553729921579361,0.5251407623291016,0.609341561794281,0.18220338225364685,0.4833073019981384,0.5452030301094055,0.16591520607471466,0.5042588710784912,0.5488664507865906,0.28590381145477295,0.48452427983283997,0.48997050523757935,0.15074266493320465,0.6327076554298401,0.47256654500961304,0.35891902446746826,0.4379674196243286,0.3593613803386688,0.07177114486694336,0.7248358726501465,0.2028297781944275,0.35636550188064575,0.3361331820487976,0.20740237832069397,0.06209052354097366,0.5473456382751465,0.03807978332042694,0.3642333745956421,0.300289511680603,0.1797272115945816,0.05420294776558876,0.5039047598838806,0.00970536656677723,0.3510701358318329,0.30845293402671814,0.1895928531885147,0.06309941411018372,0.4938763380050659,0.06506644189357758,0.3488008677959442,0.3220880329608917,0.2004745751619339,0.06882651895284653,0.505680501461029,0.05133964866399765,0.38680145144462585,0.669145941734314,0.010828518308699131,0.3001190721988678,0.7720385789871216,-0.010846515186131,0.4846893548965454,0.8619266748428345,-0.1665729582309723,0.3891393840312958,0.9655615091323853,-0.20829394459724426,0.45962175726890564,1.0629652738571167,-0.06813658028841019,0.40696895122528076,1.1649893522262573,-0.13409407436847687,0.44781213998794556,1.088453769683838,-0.055448953062295914,0.4103533923625946,1.183200478553772,-0.12937171757221222,0.47782227396965027,1.1091421842575073,-0.1800806224346161,0.4146980047225952,1.2373957633972168,-0.29282647371292114
dbp_1100161.jpg,0.1786336749792099,0.5177792906761169,0.36824876070022583,0.18751846253871918,0.5072479844093323,0.4026084542274475,0.19289474189281464,0.5018442869186401,0.40273517370224,0.1981365978717804,0.49715059995651245,0.4025513827800751,0.16906879842281342,0.5134776830673218,0.3982159197330475,0.16490422189235687,0.5170060396194458,0.39812883734703064,0.16108979284763336,0.5479027628898621,0.3979261517524719,0.2065144181251526,0.5014139413833618,0.5178510546684265,0.16348834335803986,0.5369088649749756,0.49539628624916077,0.19229690730571747,0.5155959725379944,0.40621405839920044,0.17637580633163452,0.5381109714508057,0.3993505537509918,0.2867245078086853,0.5186231136322021,0.4786490201950073,0.1555749624967575,0.653423547744751,0.4467635750770569,0.36252203583717346,0.4830992817878723,0.33999165892601013,0.0833880603313446,0.8026408553123474,0.17264366149902344,0.3726962208747864,0.42928454279899597,0.12268399447202682,0.08448236435651779,0.6366760730743408,-0.03477244824171066,0.38186508417129517,0.39550498127937317,0.07908020168542862,0.0788632333278656,0.6025471091270447,-0.07811775803565979,0.3756980001926422,0.3971654176712036,0.08196468651294708,0.09015776216983795,0.5919345617294312,-0.0319737046957016,0.3660525977611542,0.4208084046840668,0.11247304081916809,0.09856590628623962,0.6015150547027588,-0.024806100875139236,0.39133578538894653,0.7372235059738159,0.014193079434335232,0.3323810398578644,0.8096002340316772,-0.014287467114627361,0.481925368309021,0.8957644701004028,-0.13140751421451569,0.44057244062423706,0.994461715221405,-0.22077438235282898,0.4561452567577362,0.9952816367149353,0.15763917565345764,0.3929695188999176,1.1508010625839233,0.0878271535038948,0.4506441354751587,1.0014126300811768,0.19355252385139465,0.38188689947128296,1.1649553775787354,0.1290133148431778,0.4459720551967621,0.985654354095459,0.1721515953540802,0.38490980863571167,1.1449732780456543,0.10112152248620987
dbp_1100171.jpg,0.1907188445329666,0.5214291214942932,0.30911490321159363,0.19901195168495178,0.5153282880783081,0.36357203125953674,0.20472697913646698,0.5127358436584473,0.3637346029281616,0.2108122557401657,0.510499894618988,0.3635922074317932,0.18582789599895477,0.5280249714851379,0.3510926067829132,0.1830301135778427,0.5349904894828796,0.3510172665119171,0.18045052886009216,0.5459962487220764,0.3507535755634308,0.22643955051898956,0.5201429724693298,0.5304924845695496,0.18096107244491577,0.5698279142379761,0.47443512082099915,0.20503968000411987,0.5254312753677368,0.36138784885406494,0.18912287056446075,0.5440333485603333,0.34451910853385925,0.3040396273136139,0.5389312505722046,0.5125848054885864,0.16676194965839386,0.6881568431854248,0.3874916732311249,0.37821054458618164,0.47904178500175476,0.40704092383384705,0.10192181915044785,0.8435325622558594,0.09373734146356583,0.3777952790260315,0.4483885169029236,0.3009222447872162,0.10233359038829803,0.6954007744789124,-0.11513093113899231,0.3795261085033417,0.4366418719291687,0.27768152952194214,0.09868647158145905,0.665884256362915,-0.1626288741827011,0.37115809321403503,0.44048890471458435,0.28171056509017944,0.1148681491613388,0.6497325301170349,-0.12262572348117828,0.36672985553741455,0.45711034536361694,0.29191353917121887,0.1240883320569992,0.6574103236198425,-0.10655178129673004,0.4138241410255432,0.7455177903175354,0.04395972192287445,0.3405628204345703,0.8449841141700745,-0.04437543451786041,0.48206767439842224,0.7892201542854309,0.09248796105384827,0.42457178235054016,0.9594647884368896,-0.01410613302141428,0.4214796721935272,0.7666693925857544,0.40044334530830383,0.4042523205280304,0.9794843792915344,0.3827991783618927,0.4099293649196625,0.776556670665741,0.4345339238643646,0.3959648907184601,0.9920337200164795,0.4289500415325165,0.4186107814311981,0.7411946654319763,0.4305811822414398,0.4443906843662262,0.9501408934593201,0.4097597002983093
dbp_1100181.jpg,0.1864756941795349,0.5134357213973999,0.3355758786201477,0.194998100399971,0.5073082447052002,0.4026794135570526,0.20027653872966766,0.5044830441474915,0.4032263159751892,0.20595064759254456,0.5019619464874268,0.40277427434921265,0.1825573891401291,0.5221870541572571,0.3755994439125061,0.17444078624248505,0.5299533605575562,0.3741007447242737,0.16720393300056458,0.5385106801986694,0.37302300333976746,0.22043082118034363,0.5131106972694397,0.5376014113426208,0.1664135605096817,0.57061767578125,0.5152674317359924,0.20010845363140106,0.5180932879447937,0.41026070713996887,0.18620339035987854,0.535051167011261,0.4082062542438507,0.2984076142311096,0.5275285243988037,0.5262566804885864,0.1686573028564453,0.6913083791732788,0.41917404532432556,0.37986376881599426,0.45261573791503906,0.45715421438217163,0.0990477129817009,0.769061267375946,0.09071339666843414,0.38102245330810547,0.34440311789512634,0.4583018124103546,0.09725664556026459,0.6019617915153503,-0.08805699646472931,0.38764724135398865,0.30414071679115295,0.4466935992240906,0.09180480986833572,0.5646150708198547,-0.12410089373588562,0.376640260219574,0.3083031475543976,0.4557565152645111,0.10749849677085876,0.5529175400733948,-0.07286950945854187,0.37309303879737854,0.32551905512809753,0.4526272118091583,0.11593391746282578,0.562175452709198,-0.07774858921766281,0.4258171617984772,0.7433058023452759,0.04097967967391014,0.3396107852458954,0.86235511302948,-0.04112330451607704,0.510806143283844,0.83202064037323,-0.17395196855068207,0.4166230261325836,0.9747908115386963,-0.2586360275745392,0.5313286781311035,0.9706164598464966,0.07575709372758865,0.5077807903289795,1.0983437299728394,-0.12208068370819092,0.5300997495651245,0.9920891523361206,0.0974753126502037,0.519284188747406,1.111426591873169,-0.11396973580121994,0.5482569336891174,1.0010920763015747,-0.09973645210266113,0.5452247262001038,1.1147459745407104,-0.2992071509361267
dbp_1100191.jpg,0.18388180434703827,0.5265126824378967,0.36084362864494324,0.19411060214042664,0.5178930759429932,0.4149591326713562,0.1992255598306656,0.5147035121917725,0.4151228070259094,0.2044369876384735,0.5120151042938232,0.4148549735546112,0.18059232831001282,0.5329102277755737,0.40849605202674866,0.171375572681427,0.540364682674408,0.40826907753944397,0.16357170045375824,0.5477538108825684,0.4080193340778351,0.219328835606575,0.5224478840827942,0.5542490482330322,0.16034036874771118,0.5812670588493347,0.5312421321868896,0.19750462472438812,0.531869113445282,0.4031156301498413,0.18304184079170227,0.5482197403907776,0.39631301164627075,0.29582011699676514,0.5346328616142273,0.5153080224990845,0.17018499970436096,0.7096113562583923,0.4185691475868225,0.37529081106185913,0.44705623388290405,0.4464149475097656,0.09729986637830734,0.7866483330726624,0.09025504440069199,0.37626534700393677,0.3401464819908142,0.4270368218421936,0.09440841525793076,0.6031844019889832,-0.09097830951213837,0.3841868042945862,0.29349857568740845,0.3952869772911072,0.09147195518016815,0.560245931148529,-0.1378505825996399,0.37260669469833374,0.30165427923202515,0.3961530029773712,0.10397782921791077,0.5483580827713013,-0.08299120515584946,0.3687008023262024,0.3205711841583252,0.414071261882782,0.11300612986087799,0.5591623783111572,-0.08101911097764969,0.42982786893844604,0.7520930171012878,0.03253322094678879,0.34323519468307495,0.8796038031578064,-0.03249961882829666,0.5120261311531067,0.8762666583061218,-0.2070843130350113,0.42828285694122314,0.9910396933555603,-0.26985329389572144,0.5456884503364563,1.0637071132659912,0.032455842941999435,0.5125015377998352,1.1485518217086792,-0.12714332342147827,0.5449828505516052,1.0901883840560913,0.037450503557920456,0.5198737978935242,1.162549614906311,-0.11773088574409485,0.5693907141685486,1.1110917329788208,-0.13704386353492737,0.5499317049980164,1.2007699012756348,-0.28517523407936096
dbp_1100201.jpg,0.18609319627285004,0.5704231262207031,0.03697393834590912,0.19337105751037598,0.5628491640090942,0.040642149746418,0.1933603584766388,0.5615270137786865,0.04062819853425026,0.19254031777381897,0.5604963302612305,0.040332455188035965,0.1791539192199707,0.5700290203094482,0.051567185670137405,0.17501768469810486,0.5726568698883057,0.05153283849358559,0.17177227139472961,0.5755338668823242,0.05136481299996376,0.19853071868419647,0.5658398270606995,0.08443806320428848,0.17133106291294098,0.58927321434021,0.127231165766716,0.19728468358516693,0.5786444544792175,0.05643124505877495,0.19014997780323029,0.5876064896583557,0.06814375519752502,0.2805388271808624,0.5712926387786865,0.0518806092441082,0.1724233776330948,0.7164955735206604,0.16109195351600647,0.3449173867702484,0.5354673862457275,-0.05980260670185089,0.10256113857030869,0.8487756252288818,-0.043478548526763916,0.37473583221435547,0.398614764213562,-0.18498699367046356,0.09245885908603668,0.655225396156311,-0.26248329877853394,0.381401926279068,0.36130470037460327,-0.22228465974330902,0.08878395706415176,0.6351009011268616,-0.3082972764968872,0.3704851567745209,0.37319865822792053,-0.23450180888175964,0.10413143038749695,0.6199468970298767,-0.27061375975608826,0.36708956956863403,0.38762515783309937,-0.1965332180261612,0.10877155512571335,0.6143003106117249,-0.2587803900241852,0.42689356207847595,0.8307328820228577,-0.048991382122039795,0.38015446066856384,0.8787825107574463,0.04893861711025238,0.4742652177810669,0.9956706762313843,0.05757669359445572,0.4388658404350281,1.0074878931045532,0.1383705735206604,0.4836820662021637,1.0250238180160522,0.39108166098594666,0.4474789798259735,1.0627554655075073,0.47894585132598877,0.5175901651382446,1.0580143928527832,0.4276886582374573,0.4489913284778595,1.075335144996643,0.52165687084198,0.4335564076900482,1.0240358114242554,0.4187566041946411,0.42103418707847595,1.0590678453445435,0.5211952924728394
dbp_1100211.jpg,0.18451867997646332,0.5527887344360352,0.1732787936925888,0.19064703583717346,0.5465461611747742,0.21633441746234894,0.1924799233675003,0.5435811877250671,0.21628016233444214,0.19484414160251617,0.541046142578125,0.21606336534023285,0.17692691087722778,0.5619631409645081,0.21870483458042145,0.17289786040782928,0.5699878931045532,0.21854671835899353,0.1695864349603653,0.5784385800361633,0.21829694509506226,0.21028737723827362,0.5521722435951233,0.34825029969215393,0.17104491591453552,0.6103560328483582,0.35175827145576477,0.19647297263145447,0.5577036738395691,0.2144411951303482,0.1869804859161377,0.5774258375167847,0.21541473269462585,0.28737443685531616,0.5646098256111145,0.30014991760253906,0.17695458233356476,0.7422561645507812,0.3227221667766571,0.3607891798019409,0.5054231286048889,0.12278420478105545,0.11125358194112778,0.9330508708953857,0.042235925793647766,0.3745002746582031,0.4463042914867401,-0.10745315998792648,0.10713984817266464,0.756922721862793,-0.22645260393619537,0.382240355014801,0.4192674458026886,-0.159107506275177,0.10151389986276627,0.717031717300415,-0.28119736909866333,0.3701225817203522,0.438021719455719,-0.1571398228406906,0.11842323839664459,0.696870744228363,-0.22679764032363892,0.3673071265220642,0.4506644308567047,-0.11725173890590668,0.12844690680503845,0.7058889269828796,-0.21494898200035095,0.44344428181648254,0.7961375117301941,-0.03376936540007591,0.383259117603302,0.905421257019043,0.033861663192510605,0.5073785185813904,0.9615370035171509,-0.0728079229593277,0.4589834213256836,1.0758581161499023,-0.0692158043384552,0.6059721112251282,1.1228861808776855,0.1581222265958786,0.5590454936027527,1.2048319578170776,0.1725653111934662,0.6320298910140991,1.1533982753753662,0.1812126636505127,0.5789631605148315,1.2155672311782837,0.19791817665100098,0.6090562343597412,1.166888952255249,0.0926908552646637,0.5781882405281067,1.261790156364441,0.09224936366081238
dbp_1100221.jpg,0.18327058851718903,0.5655408501625061,0.17953525483608246,0.18909309804439545,0.5602030158042908,0.22200608253479004,0.19201207160949707,0.5572800636291504,0.22189542651176453,0.19549567997455597,0.5547167658805847,0.2216401994228363,0.17603568732738495,0.5774922966957092,0.222955122590065,0.1726299375295639,0.5863150954246521,0.22282607853412628,0.16982753574848175,0.595032274723053,0.2225990742444992,0.21075439453125,0.568583607673645,0.36241066455841064,0.1725134700536728,0.6260014772415161,0.36000022292137146,0.19617226719856262,0.5699669122695923,0.22462749481201172,0.1850849837064743,0.592630922794342,0.22370441257953644,0.29088515043258667,0.5757731795310974,0.3087858259677887,0.18032744526863098,0.7603458166122437,0.3537764251232147,0.3648682236671448,0.49677908420562744,0.09299147874116898,0.12422840297222137,0.9437984228134155,0.06069750711321831,0.3801659643650055,0.4666134715080261,-0.1496947556734085,0.11453058570623398,0.7982907891273499,-0.24773815274238586,0.39027565717697144,0.43823927640914917,-0.20153599977493286,0.10682547837495804,0.7643994092941284,-0.30105820298194885,0.3760499656200409,0.4560445547103882,-0.19643937051296234,0.12378409504890442,0.7463709712028503,-0.261600524187088,0.37053820490837097,0.47482582926750183,-0.1572624146938324,0.13339905440807343,0.7543750405311584,-0.24230912327766418,0.44446247816085815,0.796470046043396,-0.03380239009857178,0.385431170463562,0.9131172895431519,0.033855658024549484,0.5206604599952698,0.9927303791046143,-0.11501733213663101,0.44749870896339417,1.0856255292892456,-0.0890277549624443,0.6032158732414246,1.1610126495361328,0.11159070581197739,0.5365371108055115,1.239037275314331,0.1049269363284111,0.6176719665527344,1.1881626844406128,0.13274650275707245,0.5528997778892517,1.253514289855957,0.12175408005714417,0.6158124208450317,1.2108759880065918,0.01702452078461647,0.5582266449928284,1.2954237461090088,-0.02437354438006878
dbp_1100231.jpg,0.1788034737110138,0.5635777115821838,0.18822602927684784,0.18394917249679565,0.5579338669776917,0.32899537682533264,0.18781307339668274,0.5543625950813293,0.3290420472621918,0.1916051059961319,0.5511710047721863,0.32882821559906006,0.16685199737548828,0.5757590532302856,0.32076284289360046,0.16082623600959778,0.5848984122276306,0.32078999280929565,0.15490955114364624,0.594276487827301,0.32075098156929016,0.20576722919940948,0.564034104347229,0.5058258771896362,0.16296571493148804,0.6314683556556702,0.4825805127620697,0.19458045065402985,0.5656624436378479,0.3038451075553894,0.1797763556241989,0.5856084227561951,0.28627684712409973,0.2930259108543396,0.5698612928390503,0.439674437046051,0.1790575236082077,0.7728248834609985,0.39360877871513367,0.3753451108932495,0.4693424105644226,0.29041293263435364,0.11868548393249512,0.8760414719581604,0.0465843565762043,0.3801933526992798,0.3361649513244629,0.2130744904279709,0.10211408138275146,0.7093369364738464,-0.2002726048231125,0.3911476135253906,0.2901068329811096,0.18410082161426544,0.09483788162469864,0.6937301158905029,-0.256152480840683,0.3769676089286804,0.29731613397598267,0.18341131508350372,0.10652969032526016,0.6756757497787476,-0.18939286470413208,0.37222418189048767,0.3125357925891876,0.20151199400424957,0.1163192167878151,0.6732921004295349,-0.1864623874425888,0.4462214708328247,0.7923727035522461,-0.023962777107954025,0.3772045075893402,0.9237539768218994,0.023978594690561295,0.5149852633476257,0.9656625390052795,-0.09701572358608246,0.44389790296554565,1.1079248189926147,-0.08477269858121872,0.596390962600708,1.1137114763259888,0.10158643126487732,0.5599973201751709,1.2198470830917358,0.07139961421489716,0.6058287024497986,1.1385122537612915,0.12118523567914963,0.5802599787712097,1.2233392000198364,0.08368094265460968,0.6220152378082275,1.1485023498535156,-0.005584375932812691,0.5980207324028015,1.2653313875198364,-0.04451772943139076
dbp_1100241.jpg,0.17550864815711975,0.564883828163147,0.2753463089466095,0.17923994362354279,0.5585564374923706,0.34718233346939087,0.18353013694286346,0.5549403429031372,0.3472529947757721,0.18740612268447876,0.5517469644546509,0.3470398187637329,0.16251666843891144,0.5761195421218872,0.3411688804626465,0.15666396915912628,0.5853005051612854,0.3411007821559906,0.15093836188316345,0.5949901342391968,0.3409474194049835,0.20144790410995483,0.5640790462493896,0.5069250464439392,0.15911896526813507,0.6322606205940247,0.48149117827415466,0.19345641136169434,0.5665052533149719,0.3320680558681488,0.17749646306037903,0.586018979549408,0.3218806982040405,0.2970137298107147,0.5706040263175964,0.47497275471687317,0.18066167831420898,0.7719516158103943,0.39286983013153076,0.38600513339042664,0.4652056097984314,0.4001598060131073,0.11467862129211426,0.8790993690490723,0.0605069138109684,0.38257405161857605,0.3224315345287323,0.3435856103897095,0.09772863984107971,0.6842791438102722,-0.15352103114128113,0.3912677466869354,0.281086266040802,0.3254271447658539,0.0858306884765625,0.6498331427574158,-0.20093455910682678,0.3774838149547577,0.2844920754432678,0.3304910361766815,0.09808371216058731,0.6346832513809204,-0.1437218338251114,0.3739364743232727,0.2978944182395935,0.33591803908348083,0.10746872425079346,0.6411657333374023,-0.1414826661348343,0.4507368505001068,0.7912423014640808,-0.011663775891065598,0.3796834945678711,0.927052915096283,0.011528912000358105,0.5283730030059814,0.9405694603919983,-0.06751779466867447,0.44628968834877014,1.0949904918670654,-0.06133288890123367,0.6124259829521179,1.0883065462112427,0.12746378779411316,0.5719998478889465,1.2269335985183716,0.05899391323328018,0.6193106770515442,1.114586353302002,0.1453099399805069,0.5908445715904236,1.2365447282791138,0.06779704988002777,0.6466709971427917,1.1282267570495605,0.005663485731929541,0.6144858598709106,1.265763282775879,-0.10538662225008011
dbp_1100251.jpg,0.17956379055976868,0.60660719871521,0.043218277394771576,0.18150030076503754,0.5901632308959961,0.07321827113628387,0.18715247511863708,0.5823281407356262,0.0731101855635643,0.19139765202999115,0.5768622756004333,0.07269629091024399,0.1660926640033722,0.5996226072311401,0.07406364381313324,0.16128279268741608,0.6052671074867249,0.07402174919843674,0.15674687922000885,0.611059844493866,0.07385782897472382,0.20377151668071747,0.5846432447433472,0.19347472488880157,0.16315332055091858,0.6360794305801392,0.19012263417243958,0.1984299272298813,0.6081150770187378,0.08569774031639099,0.1831272542476654,0.6285766363143921,0.08460036665201187,0.28403595089912415,0.6059159636497498,0.18580502271652222,0.17965391278266907,0.7771797180175781,0.20223797857761383,0.3603971302509308,0.5092297196388245,0.08049657940864563,0.11423193663358688,0.92857426404953,-0.06247181072831154,0.3835362493991852,0.41524648666381836,-0.09737563878297806,0.09752525389194489,0.767786979675293,-0.33899304270744324,0.39694562554359436,0.36114364862442017,-0.14563053846359253,0.09004231542348862,0.7317984104156494,-0.39690667390823364,0.38399770855903625,0.3851906359195709,-0.15726923942565918,0.10129793733358383,0.7095579504966736,-0.3515700399875641,0.37808915972709656,0.4146627187728882,-0.11194898933172226,0.10879911482334137,0.7148955464363098,-0.3309486508369446,0.44382908940315247,0.8450297713279724,-0.02275875397026539,0.38052475452423096,0.9175430536270142,0.022763852030038834,0.502125084400177,0.9994621872901917,0.08007411658763885,0.44524556398391724,1.0695134401321411,0.15017817914485931,0.5864483714103699,1.1201496124267578,0.4062386751174927,0.561447024345398,1.1702544689178467,0.47150442004203796,0.6008966565132141,1.1411781311035156,0.4398043751716614,0.5805473327636719,1.1854654550552368,0.5082045793533325,0.594235360622406,1.1525124311447144,0.3711637854576111,0.5558907389640808,1.192647933959961,0.43654102087020874
dbp_1100261.jpg,0.179116889834404,0.5822477340698242,0.09000670909881592,0.18139654397964478,0.5707492828369141,0.13519476354122162,0.1868603676557541,0.5653879642486572,0.13503819704055786,0.1912476122379303,0.5611199140548706,0.13463692367076874,0.16658054292201996,0.5836081504821777,0.1302420198917389,0.16278429329395294,0.5913950204849243,0.13031840324401855,0.1593303084373474,0.5995272397994995,0.13017143309116364,0.20382815599441528,0.5697304010391235,0.3006260097026825,0.16392607986927032,0.6321797966957092,0.2764018177986145,0.1982833296060562,0.5846579670906067,0.14732412993907928,0.1825825721025467,0.6046760678291321,0.1398312747478485,0.28419408202171326,0.585694432258606,0.26970174908638,0.1791885793209076,0.7583879828453064,0.25747814774513245,0.36082786321640015,0.5139658451080322,0.057459402829408646,0.16272738575935364,0.8933218121528625,-0.04796338081359863,0.3829176127910614,0.44588732719421387,-0.22600695490837097,0.11614447087049484,0.7895160913467407,-0.3745725750923157,0.3950822949409485,0.40762683749198914,-0.29465940594673157,0.10342492908239365,0.7742084264755249,-0.4453065097332001,0.38225701451301575,0.4253453016281128,-0.2945418059825897,0.10823091119527817,0.7551395893096924,-0.4198477566242218,0.37689584493637085,0.4470629394054413,-0.23905819654464722,0.11711428314447403,0.7623919248580933,-0.3775646388530731,0.44057270884513855,0.8237611651420593,-0.000960986886639148,0.37536004185676575,0.9048271775245667,0.001138562336564064,0.5155619978904724,0.8733275532722473,0.063557930290699,0.4445439279079437,1.028810739517212,0.09501834958791733,0.5827633142471313,0.9900645613670349,0.5248693823814392,0.544169545173645,1.0845015048980713,0.523439347743988,0.5898383855819702,1.0142459869384766,0.573748767375946,0.5702067613601685,1.0895482301712036,0.5708228945732117,0.6230403780937195,1.01680588722229,0.4936412572860718,0.5695835947990417,1.1049226522445679,0.4703374207019806
dbp_1100271.jpg,0.1849754899740219,0.5845531821250916,-0.039910126477479935,0.18639710545539856,0.5744211673736572,-0.006785295903682709,0.19123008847236633,0.5704333186149597,-0.006925698835402727,0.19593936204910278,0.5663523077964783,-0.007280172314494848,0.17606621980667114,0.5889273881912231,-0.011043970473110676,0.17408178746700287,0.5967007279396057,-0.011027339845895767,0.17169350385665894,0.606131374835968,-0.011146804317831993,0.20886649191379547,0.5712273716926575,0.1412361115217209,0.17399877309799194,0.6312452554702759,0.11718425899744034,0.20364318788051605,0.5896009802818298,0.013828644528985023,0.19126766920089722,0.6098185777664185,0.00666401069611311,0.29438531398773193,0.5793823599815369,0.13665112853050232,0.19166840612888336,0.7546984553337097,0.1361779123544693,0.3732735216617584,0.5295969843864441,-0.09055619686841965,0.17072981595993042,0.8858281373977661,-0.10616595298051834,0.385429322719574,0.45737388730049133,-0.40748468041419983,0.11117396503686905,0.8166797161102295,-0.389352023601532,0.3954804837703705,0.4286900460720062,-0.47755125164985657,0.09741411358118057,0.8023300170898438,-0.4550446569919586,0.38402414321899414,0.4349682629108429,-0.4779013991355896,0.10917055606842041,0.7695631980895996,-0.43559032678604126,0.3792063891887665,0.45826470851898193,-0.4213021993637085,0.10368835926055908,0.7838805317878723,-0.39368879795074463,0.4468814730644226,0.8185557723045349,-0.003098061541095376,0.3876532316207886,0.9008004665374756,0.0034075728617608547,0.5136153697967529,0.8939319849014282,0.20300152897834778,0.44184139370918274,1.0274882316589355,0.2016548365354538,0.5728181600570679,1.0131053924560547,0.5561075806617737,0.49588319659233093,1.0899404287338257,0.5587691068649292,0.5842579007148743,1.038476824760437,0.5924871563911438,0.5049006938934326,1.1016706228256226,0.5983178019523621,0.5979012846946716,1.0428248643875122,0.5124167203903198,0.5174856781959534,1.105493187904358,0.5097064971923828
dbp_1100281.jpg,0.18693847954273224,0.5753921866416931,0.18123121559619904,0.18730074167251587,0.5674735903739929,0.24563068151474,0.19201894104480743,0.5630624294281006,0.24564024806022644,0.196649968624115,0.5583715438842773,0.24528254568576813,0.1760704517364502,0.584604024887085,0.24126330018043518,0.17317624390125275,0.589558482170105,0.24135395884513855,0.17016342282295227,0.5937709808349609,0.2413032501935959,0.20934303104877472,0.5691221952438354,0.42453819513320923,0.172938734292984,0.6247395277023315,0.40741026401519775,0.20557904243469238,0.579027533531189,0.24076220393180847,0.1931370198726654,0.605688750743866,0.2347055971622467,0.3045072853565216,0.550154983997345,0.3831118047237396,0.19048134982585907,0.7496488690376282,0.3449859619140625,0.3871166408061981,0.4505794644355774,0.24685560166835785,0.13048221170902252,0.8477248549461365,0.048069629818201065,0.39251261949539185,0.2995096743106842,0.1474715620279312,0.10106409341096878,0.6642509698867798,-0.14835087954998016,0.3993094265460968,0.2563604712486267,0.1253482699394226,0.09157420694828033,0.6145644783973694,-0.1903751939535141,0.39148786664009094,0.26072895526885986,0.12201635539531708,0.10263035446405411,0.6019065380096436,-0.1352706253528595,0.3877010643482208,0.2780000865459442,0.13600778579711914,0.09873095899820328,0.6186608076095581,-0.13831956684589386,0.45374101400375366,0.8109006881713867,-0.010582414455711842,0.38555943965911865,0.895041823387146,0.010713751427829266,0.5372918248176575,0.8815241456031799,-0.20033399760723114,0.44053882360458374,1.05609130859375,-0.13325504958629608,0.5860742330551147,1.0298035144805908,0.017932988703250885,0.5250893831253052,1.1172730922698975,0.028881609439849854,0.5888675451278687,1.0549911260604858,0.04101409390568733,0.5366665720939636,1.1066664457321167,0.04344447702169418,0.6159268617630005,1.0856019258499146,-0.08280738443136215,0.5710586309432983,1.1507517099380493,-0.10373855382204056
dbp_1100291.jpg,0.17534857988357544,0.5522469878196716,0.25129789113998413,0.17162950336933136,0.5428502559661865,0.30654415488243103,0.17790928483009338,0.5391720533370972,0.30665123462677,0.18395404517650604,0.5351334810256958,0.3063651919364929,0.1531650424003601,0.5628139972686768,0.305173397064209,0.1465056985616684,0.5712480545043945,0.3052418529987335,0.14012745022773743,0.5797500610351562,0.30516478419303894,0.20145021378993988,0.5415792465209961,0.45388326048851013,0.14947645366191864,0.6131249666213989,0.45037874579429626,0.20276696979999542,0.5575558543205261,0.2958027124404907,0.18254055082798004,0.5841370224952698,0.2940005958080292,0.30448299646377563,0.5353904366493225,0.4201333224773407,0.1888013631105423,0.7426786422729492,0.3779197335243225,0.3972736597061157,0.40600231289863586,0.31851133704185486,0.10813603550195694,0.8083495497703552,0.10693097859621048,0.3928699493408203,0.25156083703041077,0.23981769382953644,0.07456634938716888,0.6032866835594177,-0.04252995178103447,0.39769649505615234,0.2011868953704834,0.21524396538734436,0.06306935101747513,0.5509880185127258,-0.08617744594812393,0.38891470432281494,0.20670999586582184,0.21509717404842377,0.07394471764564514,0.5392600893974304,-0.023676134645938873,0.3855583071708679,0.22581887245178223,0.2283194661140442,0.0802190750837326,0.5537287592887878,-0.031074222177267075,0.45794162154197693,0.7787794470787048,-0.010273541323840618,0.38241103291511536,0.8920713663101196,0.010377618484199047,0.5423281788825989,0.8502013087272644,-0.22660359740257263,0.4397434890270233,1.056882619857788,-0.18114393949508667,0.5887971520423889,1.0210072994232178,-0.008517010137438774,0.5368034243583679,1.1216578483581543,-0.00519636832177639,0.5888442993164062,1.046136736869812,0.014465207234025002,0.5489498972892761,1.119318962097168,0.010931947268545628,0.6264420747756958,1.069955825805664,-0.09920895844697952,0.5829811096191406,1.1565711498260498,-0.11994846910238266
dbp_1100301.jpg,0.18345150351524353,0.5506705045700073,0.24052363634109497,0.18121960759162903,0.5388333201408386,0.29684871435165405,0.18629737198352814,0.5342745184898376,0.29702410101890564,0.1903693675994873,0.5302582383155823,0.29676172137260437,0.16567540168762207,0.5594205260276794,0.2891235947608948,0.15593399107456207,0.569790244102478,0.28917282819747925,0.15205734968185425,0.5671126842498779,0.2890859842300415,0.20227384567260742,0.5401188731193542,0.438077449798584,0.1619534194469452,0.5950213670730591,0.4188513457775116,0.20546194911003113,0.5565190315246582,0.28722286224365234,0.18746909499168396,0.5835884809494019,0.279583603143692,0.3035220503807068,0.5378302931785583,0.3634394705295563,0.18532156944274902,0.7376944422721863,0.3658001124858856,0.371017724275589,0.43458718061447144,0.20971591770648956,0.09984075278043747,0.8156746625900269,0.07584013789892197,0.39588943123817444,0.26385754346847534,0.06099843233823776,0.07857335358858109,0.6367497444152832,-0.19317294657230377,0.4036003351211548,0.2426316738128662,0.013037381693720818,0.06788894534111023,0.5915713906288147,-0.2486085295677185,0.39290565252304077,0.24874386191368103,0.0012651818105950952,0.07976850122213364,0.5778035521507263,-0.19475245475769043,0.3917229473590851,0.26493018865585327,0.04615463688969612,0.08518385887145996,0.5886848568916321,-0.18378964066505432,0.4568922817707062,0.7881206274032593,-0.029831865802407265,0.3830733597278595,0.8898762464523315,0.029841970652341843,0.5116301774978638,0.9148197770118713,-0.14475098252296448,0.44020330905914307,1.041754126548767,-0.08877290040254593,0.5383124947547913,1.059147596359253,0.0794568583369255,0.5012453198432922,1.1235257387161255,0.0991503894329071,0.5492274761199951,1.0898991823196411,0.10296662151813507,0.5103563666343689,1.1202964782714844,0.11910894513130188,0.5253735184669495,1.084411382675171,0.017831094563007355,0.508690357208252,1.1454722881317139,-0.023194191977381706
dbp_1100311.jpg,0.1571878045797348,0.5518224239349365,0.2821957468986511,0.17464931309223175,0.5327072143554688,0.3313797414302826,0.18028327822685242,0.5273106098175049,0.33148813247680664,0.18437929451465607,0.5234928727149963,0.3312102258205414,0.14341475069522858,0.5593045353889465,0.3311109244823456,0.1386532187461853,0.5688137412071228,0.33114078640937805,0.1353095918893814,0.5673191547393799,0.3309677541255951,0.19745756685733795,0.5295388102531433,0.4749593734741211,0.14594940841197968,0.5934493541717529,0.47426655888557434,0.1898009330034256,0.5502418875694275,0.3258538544178009,0.1662277728319168,0.5829896926879883,0.32477304339408875,0.2901051342487335,0.5388929843902588,0.43188321590423584,0.16028958559036255,0.7216013669967651,0.40986478328704834,0.35778582096099854,0.4672638773918152,0.3354663848876953,0.08948400616645813,0.8471605181694031,0.06542015820741653,0.3946148157119751,0.36595797538757324,0.21905925869941711,0.07733816653490067,0.6525717973709106,-0.2162053883075714,0.40186411142349243,0.3455716371536255,0.17746731638908386,0.06862763315439224,0.6069982051849365,-0.28070303797721863,0.39215394854545593,0.3498895466327667,0.17551416158676147,0.0816810131072998,0.5946217775344849,-0.22282011806964874,0.38927075266838074,0.364697128534317,0.2075231969356537,0.08808479458093643,0.6027190089225769,-0.20594383776187897,0.4251176416873932,0.7807239890098572,-0.02103898860514164,0.3609675168991089,0.8773335218429565,0.020707713440060616,0.4999402165412903,0.9109547138214111,-0.18419328331947327,0.436000794172287,1.0001814365386963,-0.2070910781621933,0.5220839381217957,1.0592987537384033,0.058386437594890594,0.4843287169933319,1.1247422695159912,0.042463112622499466,0.5297759771347046,1.0890750885009766,0.0832681804895401,0.48829033970832825,1.1214005947113037,0.06996795535087585,0.5202034115791321,1.088459849357605,-0.0038188924081623554,0.5071923136711121,1.147226095199585,-0.023155368864536285
dbp_1100321.jpg,0.15935339033603668,0.5313808917999268,0.37400346994400024,0.17510320246219635,0.5114110112190247,0.41829487681388855,0.18033958971500397,0.5074033737182617,0.41831058263778687,0.1847255527973175,0.5045279860496521,0.41804370284080505,0.14797024428844452,0.5364685654640198,0.4160623848438263,0.14350758492946625,0.5422499179840088,0.4160522520542145,0.13986510038375854,0.5456666946411133,0.4157809019088745,0.19786980748176575,0.5161658525466919,0.5450608730316162,0.15191586315631866,0.5865787863731384,0.5299839377403259,0.18920429050922394,0.528499960899353,0.4104521572589874,0.16729424893856049,0.5602666139602661,0.4056747257709503,0.2897133529186249,0.5393089056015015,0.4922977089881897,0.1568032056093216,0.702229917049408,0.4606107473373413,0.3613155782222748,0.5241224765777588,0.35730546712875366,0.0896400511264801,0.8550817966461182,0.13518276810646057,0.39369532465934753,0.4444171190261841,0.15443040430545807,0.07908229529857635,0.6929364204406738,-0.12158261984586716,0.40096285939216614,0.42254745960235596,0.10907874256372452,0.06956861168146133,0.6591553092002869,-0.16803385317325592,0.3911665380001068,0.42909201979637146,0.11282899230718613,0.08360053598880768,0.6421751379966736,-0.11735472083091736,0.38688087463378906,0.4450366497039795,0.14571577310562134,0.08841543644666672,0.6507786512374878,-0.11074071377515793,0.4170193374156952,0.7617536783218384,0.014800487086176872,0.34247666597366333,0.8591912984848022,-0.015087449923157692,0.5008773803710938,0.8991309404373169,-0.17347921431064606,0.4532257616519928,0.9781845808029175,-0.19554202258586884,0.5265812873840332,1.0587973594665527,0.04418889433145523,0.48630815744400024,1.138020634651184,-0.00033661533962003887,0.5397018790245056,1.088036298751831,0.06401713937520981,0.48418092727661133,1.1533310413360596,0.019446365535259247,0.557555615901947,1.090535044670105,-0.04209699109196663,0.5143211483955383,1.1853021383285522,-0.09648195654153824
dbp_1200001.jpg,0.26634928584098816,0.25596675276756287,-0.305362343788147,0.24829454720020294,0.24051308631896973,-0.297635942697525,0.24873940646648407,0.23649586737155914,-0.29779189825057983,0.24918971955776215,0.23249630630016327,-0.29807302355766296,0.2426253706216812,0.25463539361953735,-0.33372682332992554,0.23829171061515808,0.26144200563430786,-0.3338019549846649,0.2340165674686432,0.2681737542152405,-0.3339809477329254,0.233628511428833,0.25271281599998474,-0.20235607028007507,0.21396860480308533,0.30155429244041443,-0.3656778633594513,0.2722749412059784,0.27255645394325256,-0.25960227847099304,0.2634376585483551,0.2907223701477051,-0.3071660101413727,0.26041486859321594,0.317175030708313,-0.05068603530526161,0.24782156944274902,0.4533315896987915,-0.39231589436531067,0.3471447229385376,0.2917466461658478,0.03751816973090172,0.4069588780403137,0.5385006666183472,-0.40066081285476685,0.3320230543613434,0.21706435084342957,0.09330634772777557,0.5615072250366211,0.5008490085601807,-0.35436683893203735,0.31470081210136414,0.2124764770269394,0.09013891220092773,0.6031020879745483,0.5111343264579773,-0.38720864057540894,0.32286468148231506,0.18982522189617157,0.09227330982685089,0.6037259697914124,0.4760879576206207,-0.38747718930244446,0.3284158706665039,0.2067682296037674,0.09798325598239899,0.5850890874862671,0.4715864062309265,-0.3529617190361023,0.4199589192867279,0.5801517367362976,0.10084032267332077,0.41144922375679016,0.6674846410751343,-0.10070264339447021,0.5464848875999451,0.5647982358932495,0.19287244975566864,0.5626340508460999,0.7066802382469177,-0.15643803775310516,0.5974938273429871,0.68748539686203,0.38783761858940125,0.5379583835601807,0.8306101560592651,0.19901439547538757,0.5979875922203064,0.7198110222816467,0.40893256664276123,0.5157201886177063,0.8533133864402771,0.2419343739748001,0.6579529047012329,0.6757175922393799,0.4443115293979645,0.5901939868927002,0.8457257747650146,0.28701722621917725
dbp_1200011.jpg,,,,,,,,,,,,,,,,,,,,,,,,,,,,,,,,,,,,,,,,,,,,,,,,,,,,,,,,,,,,,,,,,,,,,,,,,,,,,,,,,,,,,,,,,,,,,,,,,,,
dbp_1200021.jpg,,,,,,,,,,,,,,,,,,,,,,,,,,,,,,,,,,,,,,,,,,,,,,,,,,,,,,,,,,,,,,,,,,,,,,,,,,,,,,,,,,,,,,,,,,,,,,,,,,,
dbp_1200031.jpg,,,,,,,,,,,,,,,,,,,,,,,,,,,,,,,,,,,,,,,,,,,,,,,,,,,,,,,,,,,,,,,,,,,,,,,,,,,,,,,,,,,,,,,,,,,,,,,,,,,
dbp_1200041.jpg,,,,,,,,,,,,,,,,,,,,,,,,,,,,,,,,,,,,,,,,,,,,,,,,,,,,,,,,,,,,,,,,,,,,,,,,,,,,,,,,,,,,,,,,,,,,,,,,,,,
dbp_1200051.jpg,,,,,,,,,,,,,,,,,,,,,,,,,,,,,,,,,,,,,,,,,,,,,,,,,,,,,,,,,,,,,,,,,,,,,,,,,,,,,,,,,,,,,,,,,,,,,,,,,,,
dbp_1200061.jpg,,,,,,,,,,,,,,,,,,,,,,,,,,,,,,,,,,,,,,,,,,,,,,,,,,,,,,,,,,,,,,,,,,,,,,,,,,,,,,,,,,,,,,,,,,,,,,,,,,,
dbp_1200071.jpg,,,,,,,,,,,,,,,,,,,,,,,,,,,,,,,,,,,,,,,,,,,,,,,,,,,,,,,,,,,,,,,,,,,,,,,,,,,,,,,,,,,,,,,,,,,,,,,,,,,
dbp_1200081.jpg,,,,,,,,,,,,,,,,,,,,,,,,,,,,,,,,,,,,,,,,,,,,,,,,,,,,,,,,,,,,,,,,,,,,,,,,,,,,,,,,,,,,,,,,,,,,,,,,,,,
dbp_1200091.jpg,,,,,,,,,,,,,,,,,,,,,,,,,,,,,,,,,,,,,,,,,,,,,,,,,,,,,,,,,,,,,,,,,,,,,,,,,,,,,,,,,,,,,,,,,,,,,,,,,,,
dbp_1200101.jpg,,,,,,,,,,,,,,,,,,,,,,,,,,,,,,,,,,,,,,,,,,,,,,,,,,,,,,,,,,,,,,,,,,,,,,,,,,,,,,,,,,,,,,,,,,,,,,,,,,,
dbp_1200111.jpg,,,,,,,,,,,,,,,,,,,,,,,,,,,,,,,,,,,,,,,,,,,,,,,,,,,,,,,,,,,,,,,,,,,,,,,,,,,,,,,,,,,,,,,,,,,,,,,,,,,
dbp_1200121.jpg,,,,,,,,,,,,,,,,,,,,,,,,,,,,,,,,,,,,,,,,,,,,,,,,,,,,,,,,,,,,,,,,,,,,,,,,,,,,,,,,,,,,,,,,,,,,,,,,,,,
dbp_200001.jpg,0.3598730266094208,0.5971251726150513,0.2082039713859558,0.3486098647117615,0.6070156693458557,0.23188519477844238,0.3487069010734558,0.6092574000358582,0.23176468908786774,0.3483491539955139,0.6117243766784668,0.23144327104091644,0.34681156277656555,0.6060996055603027,0.19632071256637573,0.3454761505126953,0.6081149578094482,0.19628678262233734,0.34358036518096924,0.610952615737915,0.19615712761878967,0.35672426223754883,0.6262341737747192,0.3445854187011719,0.34584394097328186,0.640712559223175,0.18414521217346191,0.3715447187423706,0.6021364331245422,0.25400787591934204,0.3692537546157837,0.6025680303573608,0.2072879523038864,0.4520581066608429,0.5945684313774109,0.40725237131118774,0.38081473112106323,0.6759000420570374,0.035840507596731186,0.5065375566482544,0.4306274354457855,0.38678106665611267,0.3657360374927521,0.4819640815258026,-0.08192083984613419,0.5146812200546265,0.23297464847564697,0.35821816325187683,0.33586493134498596,0.274154394865036,-0.011858277954161167,0.5122381448745728,0.1928916871547699,0.3530081510543823,0.3252534866333008,0.22667518258094788,-0.03853550925850868,0.507352888584137,0.18220947682857513,0.3229586184024811,0.3230045735836029,0.22371482849121094,0.014382457360625267,0.5082336664199829,0.2100452482700348,0.34116819500923157,0.3316947817802429,0.23711484670639038,0.012159735895693302,0.6691828966140747,0.5081297159194946,0.0940435603260994,0.6580694913864136,0.5823122262954712,-0.09405054152011871,0.8746751546859741,0.44603630900382996,-0.06010383367538452,0.8745181560516357,0.47591161727905273,-0.24812841415405273,0.9498715996742249,0.6616131067276001,0.2584139406681061,0.9795785546302795,0.7289968729019165,-0.05900973454117775,0.9349742531776428,0.6950070858001709,0.294359028339386,0.9659557342529297,0.7602367997169495,-0.03564127907156944,1.0047005414962769,0.7047836184501648,0.27278372645378113,1.0608389377593994,0.7953879237174988,-0.10251771658658981
dbp_200011.jpg,0.36280927062034607,0.5858612656593323,0.3159051537513733,0.35145649313926697,0.591702401638031,0.3468841314315796,0.35215747356414795,0.5926055312156677,0.34679508209228516,0.35361993312835693,0.5931384563446045,0.3464824855327606,0.34860488772392273,0.5952534079551697,0.30655673146247864,0.34720489382743835,0.5988233089447021,0.30651289224624634,0.34547626972198486,0.6032164692878723,0.30639001727104187,0.36032727360725403,0.6151978373527527,0.46987733244895935,0.3471145033836365,0.6386504173278809,0.28779980540275574,0.3761957883834839,0.5913148522377014,0.3640235662460327,0.3718246817588806,0.596059262752533,0.31108322739601135,0.45544639229774475,0.5945178270339966,0.5283321142196655,0.3807198703289032,0.6817029714584351,0.09730079770088196,0.5102766752243042,0.4138161838054657,0.5228129625320435,0.3663122057914734,0.5114082098007202,-0.08340884000062943,0.5216819047927856,0.20040924847126007,0.48896774649620056,0.34257686138153076,0.2923416495323181,-0.053647179156541824,0.5203155875205994,0.1538177877664566,0.4866567850112915,0.33724111318588257,0.2445012778043747,-0.0760190486907959,0.5148305296897888,0.146903857588768,0.4537365734577179,0.33728471398353577,0.24031664431095123,-0.022262969985604286,0.514130711555481,0.16539035737514496,0.4697866141796112,0.34129467606544495,0.2550547122955322,-0.027658451348543167,0.6688970923423767,0.5068960189819336,0.11563624441623688,0.6512593030929565,0.5719464421272278,-0.11567609757184982,0.874735414981842,0.4509386420249939,0.05301055684685707,0.8834527730941772,0.48921242356300354,-0.2472890466451645,0.9423230886459351,0.7223753333091736,0.2580918073654175,0.9888637661933899,0.8373124003410339,-0.22156968712806702,0.9256880879402161,0.7636827230453491,0.2854154706001282,0.9742035269737244,0.8904142379760742,-0.2146454155445099,0.9925523996353149,0.7794603109359741,0.2695189416408539,1.0836292505264282,0.8870630860328674,-0.2776990532875061
dbp_200021.jpg,0.3595929443836212,0.5984039902687073,0.08812614530324936,0.3481437861919403,0.6077002286911011,0.1019020825624466,0.34847161173820496,0.6082457304000854,0.1017078086733818,0.34864193201065063,0.6100718379020691,0.10145318508148193,0.34626781940460205,0.6120321154594421,0.06661578267812729,0.3452397286891937,0.6153092980384827,0.06662401556968689,0.34363558888435364,0.6199026107788086,0.06654063612222672,0.3558613061904907,0.6305341720581055,0.1874431073665619,0.344523549079895,0.6465204358100891,0.02684895321726799,0.37349775433540344,0.6006066799163818,0.12540583312511444,0.3706827759742737,0.6064800024032593,0.07909570634365082,0.4369237720966339,0.6022164821624756,0.27738597989082336,0.37941041588783264,0.6842007637023926,-0.0919753834605217,0.47091639041900635,0.42031559348106384,0.3030999004840851,0.3767794370651245,0.5133852362632751,-0.1772516816854477,0.48951515555381775,0.2625136971473694,0.23747996985912323,0.3528445065021515,0.35647761821746826,-0.14790551364421844,0.505761981010437,0.20946004986763,0.2265091836452484,0.35356059670448303,0.31863370537757874,-0.17418497800827026,0.4813748300075531,0.23784711956977844,0.18622583150863647,0.35224848985671997,0.321866512298584,-0.14254260063171387,0.5042967200279236,0.22109195590019226,0.2169337272644043,0.3546224534511566,0.3313344419002533,-0.13157334923744202,0.6607171893119812,0.5061638355255127,0.11304064840078354,0.6500779390335083,0.5602570176124573,-0.11310255527496338,0.8641604781150818,0.4572410583496094,0.04836506024003029,0.8795976638793945,0.49421247839927673,-0.22190865874290466,0.9615690112113953,0.7076015472412109,0.16123174130916595,0.9883533120155334,0.8127066493034363,-0.1769690066576004,0.955315351486206,0.7449330687522888,0.16984550654888153,0.9780787825584412,0.8810974955558777,-0.16946952044963837,1.0247763395309448,0.7546048760414124,0.11073088645935059,1.0892548561096191,0.8591330051422119,-0.24368266761302948
dbp_200031.jpg,0.36060795187950134,0.5741012692451477,0.34173908829689026,0.35049229860305786,0.5745377540588379,0.3801010251045227,0.35087430477142334,0.5732983350753784,0.3799650967121124,0.35121721029281616,0.5724250078201294,0.3797626197338104,0.34829235076904297,0.583564817905426,0.35222190618515015,0.3474186658859253,0.5908470153808594,0.35220175981521606,0.3461604714393616,0.5962363481521606,0.3519706130027771,0.3565947115421295,0.5909573435783386,0.4982644319534302,0.3462759256362915,0.6193954348564148,0.3688144087791443,0.3743559420108795,0.5776461958885193,0.3807395100593567,0.3722274899482727,0.5875718593597412,0.3432302474975586,0.4341100752353668,0.559910774230957,0.48116064071655273,0.3819112181663513,0.6855089664459229,0.16927750408649445,0.5043224692344666,0.4285416007041931,0.3998088538646698,0.4000920057296753,0.6420384049415588,-0.1416543573141098,0.5364639163017273,0.3317520320415497,0.2983168661594391,0.36198991537094116,0.46928393840789795,-0.18211057782173157,0.5472441911697388,0.28758513927459717,0.2790731191635132,0.36295920610427856,0.4354039430618286,-0.20485159754753113,0.540479838848114,0.2937818169593811,0.2507966160774231,0.36235710978507996,0.4290524423122406,-0.17350292205810547,0.5375183820724487,0.3051251769065857,0.28020524978637695,0.3621068298816681,0.4387477934360504,-0.16697253286838531,0.6508797407150269,0.4919630289077759,0.11174368113279343,0.6270846128463745,0.5604994297027588,-0.11166796833276749,0.8567027449607849,0.4484063982963562,0.021730197593569756,0.8595901727676392,0.49277225136756897,-0.21231609582901,0.9545906186103821,0.5909344553947449,0.03897029906511307,0.9853514432907104,0.8008928894996643,-0.2515560984611511,0.9513204097747803,0.622399091720581,0.03877640515565872,0.9744298458099365,0.8492975234985352,-0.25368955731391907,1.018290638923645,0.6003358960151672,-0.026813019067049026,1.0744954347610474,0.8352950215339661,-0.34272071719169617
dbp_200041.jpg,0.3610321283340454,0.5313385128974915,0.2432366907596588,0.35357046127319336,0.535121738910675,0.30723869800567627,0.35378339886665344,0.5332210659980774,0.30721792578697205,0.35404959321022034,0.5293290615081787,0.30727627873420715,0.352905809879303,0.5477637648582458,0.3285859525203705,0.3515651524066925,0.5597591996192932,0.32822805643081665,0.35110458731651306,0.5682189464569092,0.3284856379032135,0.35671043395996094,0.5495415329933167,0.4215385615825653,0.3508470356464386,0.6026144623756409,0.3020707964897156,0.37447279691696167,0.5277017951011658,0.30367764830589294,0.3732752799987793,0.5388219356536865,0.3327726125717163,0.43369901180267334,0.4993716776371002,0.4532777667045593,0.3887414038181305,0.6592641472816467,0.18744656443595886,0.5237741470336914,0.44504454731941223,0.3690304458141327,0.4070073366165161,0.7862522602081299,-0.016820132732391357,0.5697996616363525,0.37995415925979614,0.23203188180923462,0.37213432788848877,0.596503734588623,-0.10135917365550995,0.6317156553268433,0.32507678866386414,0.20299749076366425,0.37482699751853943,0.5598393678665161,-0.11663894355297089,0.6344830989837646,0.3364412784576416,0.1699105054140091,0.37012889981269836,0.5500327348709106,-0.05831112712621689,0.5853953957557678,0.37096789479255676,0.21256347000598907,0.37470781803131104,0.5473415851593018,-0.0751781165599823,0.6327170729637146,0.48384568095207214,0.10566221177577972,0.6225196719169617,0.5379401445388794,-0.10607445985078812,0.845168948173523,0.4381787180900574,0.016993898898363113,0.8469067215919495,0.4735867381095886,-0.19770781695842743,0.9073154926300049,0.5975897312164307,0.0755055844783783,0.9556453227996826,0.7467896342277527,-0.23061488568782806,0.9007511138916016,0.6263989806175232,0.08380220085382462,0.9474805593490601,0.7793159484863281,-0.23265440762043,0.9716392755508423,0.6206093430519104,0.04202033579349518,1.0655745267868042,0.8143547177314758,-0.3172733187675476
dbp_200051.jpg,0.35494735836982727,0.5446249842643738,0.26164963841438293,0.3500962555408478,0.5527151823043823,0.29165706038475037,0.3497835099697113,0.5522464513778687,0.29154741764068604,0.34957724809646606,0.5507299900054932,0.291384220123291,0.35238561034202576,0.553875207901001,0.28758299350738525,0.3506464958190918,0.563747763633728,0.28751835227012634,0.35103094577789307,0.5727397203445435,0.2872331738471985,0.35426145792007446,0.5682308673858643,0.40781527757644653,0.3506912589073181,0.6070603728294373,0.32999080419540405,0.368845671415329,0.5467685461044312,0.2953506410121918,0.3711150884628296,0.5451499819755554,0.28967228531837463,0.4036337435245514,0.5147125720977783,0.31253018975257874,0.38820964097976685,0.6395224928855896,0.26898717880249023,0.47036483883857727,0.5407671332359314,0.33812829852104187,0.4091060757637024,0.7314302325248718,0.10372933745384216,0.47101059556007385,0.5111873745918274,0.4032248258590698,0.38482290506362915,0.6148554086685181,-0.0031465908978134394,0.4814364016056061,0.49559566378593445,0.3973405659198761,0.3781183362007141,0.5946745276451111,-0.011134622618556023,0.47819167375564575,0.49745529890060425,0.39579257369041443,0.37193015217781067,0.5838406085968018,0.011949433945119381,0.4734612703323364,0.5075250267982483,0.4037713408470154,0.3833564221858978,0.580706000328064,0.004355384968221188,0.5874630212783813,0.4703209400177002,0.009751993231475353,0.5844352841377258,0.5270684361457825,-0.010323634371161461,0.7625868320465088,0.4366573393344879,-0.09699633717536926,0.7265897989273071,0.4656970500946045,-0.1152757853269577,0.8992007970809937,0.4480816423892975,-0.15473572909832,0.888333261013031,0.47480154037475586,-0.1840638518333435,0.9093499779701233,0.4469827115535736,-0.16364115476608276,0.9092150330543518,0.47479137778282166,-0.22554391622543335,0.9421452283859253,0.4538883566856384,-0.24999789893627167,0.949537456035614,0.4773387610912323,-0.29794418811798096
dbp_200061.jpg,0.35595056414604187,0.5490912795066833,0.20266778767108917,0.3519362807273865,0.5545493364334106,0.23769928514957428,0.3519863188266754,0.5535840392112732,0.2376134991645813,0.35214975476264954,0.5523360967636108,0.23743972182273865,0.35394400358200073,0.559234082698822,0.22672046720981598,0.3541754484176636,0.5695308446884155,0.22665977478027344,0.35493823885917664,0.5757880806922913,0.2263820767402649,0.3573797345161438,0.5644487142562866,0.38044577836990356,0.3580295741558075,0.6067330241203308,0.2853524088859558,0.3690246343612671,0.5451876521110535,0.24940696358680725,0.3711768686771393,0.5517134070396423,0.2351219356060028,0.41453951597213745,0.4973686933517456,0.35487276315689087,0.4064306914806366,0.6413792371749878,0.1871335804462433,0.47241172194480896,0.5018582940101624,0.3152921497821808,0.41476666927337646,0.7943127155303955,0.09426082670688629,0.5327193737030029,0.41711628437042236,0.199775829911232,0.3763819634914398,0.6280194520950317,-0.0873129591345787,0.5466300249099731,0.38639941811561584,0.16519390046596527,0.3776012361049652,0.5952725410461426,-0.11057483404874802,0.5138875246047974,0.40507224202156067,0.14755870401859283,0.365668386220932,0.5731876492500305,-0.052068836987018585,0.5228989124298096,0.42374441027641296,0.18532702326774597,0.37496218085289,0.5792191624641418,-0.06549318879842758,0.6114051938056946,0.443342387676239,0.03588550165295601,0.5924865007400513,0.5186818242073059,-0.03600749745965004,0.8041035532951355,0.3687925934791565,-0.06986445933580399,0.7915647029876709,0.40977779030799866,-0.19141803681850433,0.9087240099906921,0.4640500843524933,0.036329034715890884,0.9301865100860596,0.6186314225196838,-0.1668735146522522,0.9169737100601196,0.48540765047073364,0.0490320660173893,0.9444544315338135,0.6473694443702698,-0.18480052053928375,0.9431983828544617,0.45923376083374023,-0.009513766504824162,1.0376983880996704,0.660682737827301,-0.2616831362247467
dbp_200071.jpg,0.3539505898952484,0.5485851764678955,0.2519444227218628,0.3502277433872223,0.5529272556304932,0.2914034426212311,0.35022321343421936,0.5511688590049744,0.2913452684879303,0.350135862827301,0.5494859218597412,0.29114237427711487,0.35218560695648193,0.5609426498413086,0.2679263651371002,0.35312074422836304,0.5723581314086914,0.2678554952144623,0.35385873913764954,0.5781054496765137,0.2676728069782257,0.3562811315059662,0.5591951012611389,0.44171014428138733,0.35711294412612915,0.6071458458900452,0.3252328336238861,0.36657416820526123,0.5438790917396545,0.3071809709072113,0.3679642081260681,0.5517401695251465,0.2764471173286438,0.41934019327163696,0.5006236433982849,0.46362102031707764,0.4061078727245331,0.6459890604019165,0.19719919562339783,0.5075387358665466,0.4892786145210266,0.4100988209247589,0.4116601049900055,0.7992280721664429,0.012789255939424038,0.5915133357048035,0.3904932141304016,0.2097032517194748,0.37230348587036133,0.6076902747154236,-0.10385289788246155,0.6135466694831848,0.3562471568584442,0.23381011188030243,0.37020424008369446,0.5692879557609558,-0.1277867704629898,0.6129065752029419,0.36843693256378174,0.20277953147888184,0.36283522844314575,0.5578122138977051,-0.06528899073600769,0.608299970626831,0.38647451996803284,0.188534215092659,0.37226587533950806,0.5735639333724976,-0.0779033750295639,0.6207821369171143,0.4350079894065857,0.0892658531665802,0.6061720252037048,0.5048825144767761,-0.08959934860467911,0.8323108553886414,0.3817712068557739,-0.06175769120454788,0.7974713444709778,0.4010176360607147,-0.24643927812576294,0.9411212205886841,0.5406368374824524,0.07565842568874359,0.9514094591140747,0.6508767604827881,-0.1721496880054474,0.937617838382721,0.588929295539856,0.09242694824934006,0.954592764377594,0.6835907697677612,-0.17038753628730774,0.9982205033302307,0.5512018799781799,0.03984446823596954,1.0575754642486572,0.702970027923584,-0.26618391275405884
dbp_200081.jpg,0.3525446057319641,0.5753124952316284,0.33747196197509766,0.34983259439468384,0.5715504288673401,0.36395949125289917,0.34866827726364136,0.5532522201538086,0.36390358209609985,0.34788453578948975,0.5504196286201477,0.36364904046058655,0.35211238265037537,0.5768945217132568,0.3559027910232544,0.3528229594230652,0.5817059874534607,0.3558812737464905,0.35113009810447693,0.5956391096115112,0.35566622018814087,0.3526821434497833,0.5652083158493042,0.4555976092815399,0.3562895953655243,0.6090918779373169,0.4152102768421173,0.36319711804389954,0.5466280579566956,0.3670848309993744,0.36728635430336,0.5707104802131653,0.3564894497394562,0.4125320315361023,0.504953145980835,0.44886836409568787,0.40361082553863525,0.6416372656822205,0.29663974046707153,0.5110284686088562,0.506473183631897,0.31233707070350647,0.4143103361129761,0.7427916526794434,0.04787144437432289,0.5995681285858154,0.4299834370613098,0.18835224211215973,0.3700851500034332,0.6213403344154358,-0.08630180358886719,0.6239482760429382,0.39823052287101746,0.15119758248329163,0.3624912202358246,0.5979180335998535,-0.1174645647406578,0.6287352442741394,0.40614789724349976,0.14429116249084473,0.3610747456550598,0.584587037563324,-0.060334060341119766,0.6211488246917725,0.42345160245895386,0.17760363221168518,0.3692306876182556,0.5868524312973022,-0.07549776136875153,0.6040571331977844,0.4421376585960388,0.07625944912433624,0.5996419191360474,0.5061338543891907,-0.07689891755580902,0.8249998688697815,0.37102609872817993,-0.08109145611524582,0.7878706455230713,0.38542377948760986,-0.22606413066387177,0.9261683821678162,0.512931227684021,0.0951499417424202,0.9475871920585632,0.5952240228652954,-0.10084608942270279,0.9254757761955261,0.5381597876548767,0.11123279482126236,0.9483203887939453,0.6188284158706665,-0.08979327976703644,0.9864856004714966,0.5292584300041199,0.042876143008470535,1.052706241607666,0.6499540209770203,-0.19864492118358612
dbp_200091.jpg,0.3520897328853607,0.5750733613967896,0.37331825494766235,0.34677016735076904,0.5718985795974731,0.3982793390750885,0.34603482484817505,0.5579016208648682,0.3981974422931671,0.34521928429603577,0.5557612776756287,0.3979625105857849,0.34909331798553467,0.5771530866622925,0.38248032331466675,0.3508404791355133,0.5864855647087097,0.3824215233325958,0.3464450538158417,0.5948349237442017,0.3821883797645569,0.34990233182907104,0.5692892074584961,0.4838777482509613,0.35468900203704834,0.6076681613922119,0.41367557644844055,0.36088770627975464,0.5481262803077698,0.4039311110973358,0.3640907108783722,0.570634126663208,0.384082168340683,0.41296690702438354,0.5107583999633789,0.45431607961654663,0.40248504281044006,0.6350982785224915,0.27128204703330994,0.5136741995811462,0.5226647257804871,0.3306839168071747,0.41120290756225586,0.7252131104469299,0.043127190321683884,0.6056488752365112,0.44136008620262146,0.24132438004016876,0.36698582768440247,0.5970667004585266,0.010414225049316883,0.6311627626419067,0.40818607807159424,0.2156921923160553,0.35484403371810913,0.5689533948898315,-0.004892852623015642,0.6392447352409363,0.41864755749702454,0.19789503514766693,0.3603459298610687,0.5717579126358032,0.03500964120030403,0.6313210129737854,0.4359292685985565,0.2260487973690033,0.3685552477836609,0.5624487400054932,0.025126328691840172,0.6140658855438232,0.440731018781662,0.09659562259912491,0.6078226566314697,0.49137556552886963,-0.09718261659145355,0.8289821147918701,0.3744281828403473,-0.06151466816663742,0.8056849837303162,0.3632095456123352,-0.27913522720336914,0.9234808087348938,0.5223001837730408,0.14178292453289032,0.9500917196273804,0.6317723989486694,-0.11792902648448944,0.9179250001907349,0.5602902173995972,0.15980522334575653,0.9435015916824341,0.6617317795753479,-0.09793782234191895,0.9860057234764099,0.5421878099441528,0.10335040837526321,1.052668571472168,0.6772491931915283,-0.19888944923877716
dbp_200101.jpg,0.35233986377716064,0.5209470987319946,0.3470059037208557,0.3468407690525055,0.5274018049240112,0.38495007157325745,0.34613412618637085,0.522569477558136,0.38484087586402893,0.3452702462673187,0.5198572278022766,0.38458096981048584,0.348854124546051,0.5422157049179077,0.35434606671333313,0.3505796194076538,0.5500097870826721,0.3543862998485565,0.34681782126426697,0.55848228931427,0.35428544878959656,0.3508376181125641,0.5363569259643555,0.5225386619567871,0.35624611377716064,0.5840818881988525,0.38333413004875183,0.3620021641254425,0.5121517181396484,0.39521217346191406,0.3643732964992523,0.5298395156860352,0.3557868003845215,0.4157862663269043,0.4982491433620453,0.5496959090232849,0.39990198612213135,0.633929967880249,0.23192888498306274,0.4381915032863617,0.48296135663986206,0.5267659425735474,0.4092361330986023,0.6709707379341125,0.03634251654148102,0.39606592059135437,0.456220418214798,0.5073014497756958,0.3765730559825897,0.5273212194442749,0.07605336606502533,0.3878730833530426,0.4473784267902374,0.48513534665107727,0.36982038617134094,0.5124272704124451,0.06942190229892731,0.3861040771007538,0.46052905917167664,0.49367257952690125,0.3685946762561798,0.530281662940979,0.10626652091741562,0.3905028998851776,0.46553874015808105,0.5035225749015808,0.37193962931632996,0.5288099646568298,0.0954517275094986,0.6191669702529907,0.43697184324264526,0.11848165094852448,0.6117753386497498,0.48846909403800964,-0.11870963871479034,0.8357468247413635,0.35362622141838074,-0.05395558848977089,0.8220790028572083,0.3807150423526764,-0.2689143717288971,0.9628750085830688,0.5442690253257751,-0.001082632690668106,0.9694058895111084,0.6187954545021057,-0.2723415195941925,0.9643958210945129,0.5627502202987671,-0.002173049608245492,0.9703436493873596,0.6577702760696411,-0.2713709771633148,1.0302077531814575,0.5667167901992798,-0.07737171649932861,1.0682588815689087,0.6695159077644348,-0.35866671800613403
dbp_200111.jpg,0.35139697790145874,0.5219310522079468,0.26735979318618774,0.3453987240791321,0.5280702710151672,0.3001159727573395,0.3454577624797821,0.5254160761833191,0.2999451458454132,0.34519585967063904,0.5235633850097656,0.2996940612792969,0.34594038128852844,0.5394856333732605,0.26233288645744324,0.34707242250442505,0.5456831455230713,0.2623078227043152,0.34530362486839294,0.5526124238967896,0.2621898353099823,0.35118064284324646,0.5382522940635681,0.433284729719162,0.3542526066303253,0.574765682220459,0.26240667700767517,0.3624582886695862,0.5168231129646301,0.3180585503578186,0.36350372433662415,0.5292509198188782,0.26767224073410034,0.4333686828613281,0.5037420988082886,0.49348920583724976,0.3873046934604645,0.6222465634346008,0.08819400519132614,0.4582329988479614,0.3497296869754791,0.45696279406547546,0.3938940763473511,0.48754483461380005,-0.05429140105843544,0.46989405155181885,0.21743141114711761,0.4149983525276184,0.3740215599536896,0.31601330637931824,-0.043162669986486435,0.4677475690841675,0.19226762652397156,0.3821240961551666,0.36715835332870483,0.2824065387248993,-0.07274874299764633,0.4678112268447876,0.19410154223442078,0.41900062561035156,0.3674425482749939,0.2867278754711151,-0.04406921565532684,0.46802815794944763,0.20171979069709778,0.42323750257492065,0.3701730966567993,0.2992458939552307,-0.028067177161574364,0.627035915851593,0.4368401765823364,0.11498494446277618,0.6112697720527649,0.49258214235305786,-0.1151808425784111,0.8367044925689697,0.3581758141517639,-0.03421524912118912,0.8224745988845825,0.38297322392463684,-0.2641752064228058,0.9848824143409729,0.5115123987197876,0.029133250936865807,0.976057231426239,0.5950809717178345,-0.2364809662103653,0.9912472367286682,0.5427445769309998,0.0424518808722496,0.9785916805267334,0.6302231550216675,-0.23923780024051666,1.0469470024108887,0.518825113773346,-0.005472123157233,1.0666346549987793,0.6351026892662048,-0.3326576352119446
dbp_200121.jpg,0.35189977288246155,0.5291804671287537,0.29441946744918823,0.34550386667251587,0.536647379398346,0.3196159601211548,0.34554460644721985,0.5340521335601807,0.31944704055786133,0.34529420733451843,0.5308882594108582,0.3191474676132202,0.3454216718673706,0.5440861582756042,0.2808718979358673,0.3442634046077728,0.5498181581497192,0.2808987498283386,0.34217569231987,0.5551501512527466,0.28084343671798706,0.35104045271873474,0.5450116395950317,0.4221930205821991,0.3427888751029968,0.5810262560844421,0.25847327709198,0.3627918064594269,0.5259007215499878,0.32927998900413513,0.3630770444869995,0.536366879940033,0.27420154213905334,0.44434696435928345,0.5512788891792297,0.4704013466835022,0.36968863010406494,0.6165536642074585,0.07265601307153702,0.5316107869148254,0.40060317516326904,0.42397239804267883,0.36944088339805603,0.4089870750904083,-0.05276796966791153,0.6287972927093506,0.287423700094223,0.3791247010231018,0.344336599111557,0.23566284775733948,0.006786789279431105,0.6556140780448914,0.2551104426383972,0.33786138892173767,0.3358723819255829,0.18308502435684204,-0.018532000482082367,0.6577494740486145,0.2673780620098114,0.39623740315437317,0.33645087480545044,0.1773727834224701,0.011852243915200233,0.6469651460647583,0.28074774146080017,0.3877760171890259,0.3414856195449829,0.19339384138584137,0.02293502353131771,0.6276414394378662,0.44877374172210693,0.11303679645061493,0.6032974720001221,0.4831412434577942,-0.11333953589200974,0.8459778428077698,0.36713287234306335,0.004142310936003923,0.8235625624656677,0.37399017810821533,-0.25049641728401184,0.9843659996986389,0.5249287486076355,0.1204017922282219,0.97749924659729,0.615298867225647,-0.1777796745300293,0.9868415594100952,0.5523779392242432,0.13178294897079468,0.9774852991104126,0.6489629149436951,-0.16888925433158875,1.051519513130188,0.5514223575592041,0.06671035289764404,1.0690385103225708,0.6563549041748047,-0.24937033653259277
dbp_200131.jpg,0.3521030843257904,0.5317929983139038,0.20903393626213074,0.3449341058731079,0.540992021560669,0.22198359668254852,0.34502819180488586,0.5375606417655945,0.22180767357349396,0.34480249881744385,0.5311410427093506,0.2215755581855774,0.343948632478714,0.5469785928726196,0.18696941435337067,0.3418065011501312,0.552255392074585,0.18696753680706024,0.3398151993751526,0.5570830702781677,0.18682341277599335,0.3501356244087219,0.5550985932350159,0.28910699486732483,0.3391937017440796,0.5837079286575317,0.1288890540599823,0.362873911857605,0.5309149026870728,0.23843640089035034,0.3625189960002899,0.5392088294029236,0.19059672951698303,0.44733908772468567,0.5877236723899841,0.3358836770057678,0.36451056599617004,0.602961540222168,-0.02128593809902668,0.5495290160179138,0.4646133482456207,0.32758983969688416,0.35003477334976196,0.40425923466682434,-0.1444675624370575,0.6839290261268616,0.41005629301071167,0.29879334568977356,0.3277111351490021,0.2091057449579239,-0.06450869143009186,0.7227821946144104,0.39218318462371826,0.28668656945228577,0.3186356723308563,0.15468436479568481,-0.07761463522911072,0.7261385321617126,0.4075372815132141,0.30464881658554077,0.31798842549324036,0.14711233973503113,-0.04959649220108986,0.7111521363258362,0.4133865237236023,0.2987973988056183,0.32504889369010925,0.1654500812292099,-0.047444988042116165,0.6304491758346558,0.4633727967739105,0.11461754888296127,0.605876624584198,0.4830002784729004,-0.11503124237060547,0.8382645845413208,0.35212454199790955,0.037390485405921936,0.813507080078125,0.35182127356529236,-0.2150537222623825,0.9768604040145874,0.5088862776756287,0.12078797072172165,0.9871798157691956,0.5466597676277161,-0.184261754155159,0.9820826053619385,0.5395677089691162,0.13009785115718842,0.9970703721046448,0.5877118706703186,-0.18021127581596375,1.0396027565002441,0.5264160633087158,0.08273625373840332,1.0716382265090942,0.5534318089485168,-0.2501430809497833
dbp_200141.jpg,0.3482756018638611,0.5312451124191284,0.054098907858133316,0.33825868368148804,0.5365661382675171,0.06806294620037079,0.3382127583026886,0.5360008478164673,0.06788890808820724,0.3375982642173767,0.534787654876709,0.06770453602075577,0.3373700976371765,0.5410820841789246,0.029124611988663673,0.3363371193408966,0.5491355061531067,0.02913064882159233,0.3349553644657135,0.5543975830078125,0.02902553603053093,0.3425767719745636,0.5579540133476257,0.16320905089378357,0.3354622423648834,0.5844906568527222,-0.016927843913435936,0.3607846200466156,0.532183051109314,0.09664152562618256,0.36079031229019165,0.5397722721099854,0.04453409090638161,0.4332900643348694,0.5813591480255127,0.264835387468338,0.36625155806541443,0.6061806082725525,-0.1582317054271698,0.5459869503974915,0.5115710496902466,0.2721368074417114,0.3592335879802704,0.4252440631389618,-0.32230859994888306,0.6675125956535339,0.4533796012401581,0.19339187443256378,0.3340148329734802,0.24898108839988708,-0.29918915033340454,0.7075426578521729,0.437480092048645,0.18098977208137512,0.3257942795753479,0.20654800534248352,-0.3301352262496948,0.7128977179527283,0.44767239689826965,0.1593652069568634,0.3262648582458496,0.20067760348320007,-0.2973444163799286,0.6987181901931763,0.45378783345222473,0.18148401379585266,0.3322821259498596,0.21612903475761414,-0.28123465180397034,0.6304767727851868,0.4633011221885681,0.1299876719713211,0.6062032580375671,0.4732266366481781,-0.13026435673236847,0.838412344455719,0.34917208552360535,0.06967968493700027,0.8164571523666382,0.3470235764980316,-0.21859923005104065,0.9733554720878601,0.5186371803283691,0.16134436428546906,0.984325110912323,0.5599216818809509,-0.1660723090171814,0.9759466648101807,0.5512405037879944,0.16710902750492096,0.9897482991218567,0.5954676866531372,-0.15956027805805206,1.041800856590271,0.540141761302948,0.09668385982513428,1.0721262693405151,0.5993460416793823,-0.24143575131893158
dbp_200151.jpg,0.3316987156867981,0.5680220127105713,0.11106853187084198,0.32563525438308716,0.5798937082290649,0.13136190176010132,0.3245687484741211,0.5824765563011169,0.1311701238155365,0.3226805329322815,0.5864524245262146,0.13096003234386444,0.3263547122478485,0.5804274082183838,0.09721480309963226,0.32277849316596985,0.587718665599823,0.09721411019563675,0.3213970959186554,0.5928040146827698,0.0970960333943367,0.3275514245033264,0.6038857102394104,0.2392037808895111,0.3261488378047943,0.6236379742622375,0.08692310005426407,0.343930184841156,0.5605581998825073,0.15588785707950592,0.3458445966243744,0.5698495507240295,0.11166797578334808,0.40238726139068604,0.5754744410514832,0.3214949369430542,0.36767879128456116,0.6101226210594177,-0.0570286326110363,0.42553475499153137,0.39159390330314636,0.3199516236782074,0.3610052466392517,0.47757411003112793,-0.21991309523582458,0.4690232276916504,0.2670886814594269,0.23491601645946503,0.3347811996936798,0.3117285966873169,-0.22196313738822937,0.4823719263076782,0.23334883153438568,0.21811804175376892,0.3292500674724579,0.24014313519001007,-0.2522258460521698,0.49051907658576965,0.23958145081996918,0.18960897624492645,0.3294636607170105,0.20839336514472961,-0.22758691012859344,0.49078434705734253,0.2463097721338272,0.2190823256969452,0.33590757846832275,0.25187021493911743,-0.20906996726989746,0.627504289150238,0.4431496560573578,0.12432226538658142,0.6077687740325928,0.4777848422527313,-0.12461047619581223,0.8337239027023315,0.34557709097862244,0.05465427413582802,0.8243313431739807,0.3583962321281433,-0.22070202231407166,0.9809281826019287,0.46587511897087097,0.08497121185064316,0.9876326322555542,0.5499858260154724,-0.18953044712543488,0.9917967915534973,0.49601471424102783,0.08643446862697601,0.9949930906295776,0.5841832160949707,-0.18590007722377777,1.0392745733261108,0.45528870820999146,0.00963621400296688,1.0712788105010986,0.57524174451828,-0.2677898406982422
dbp_200161.jpg,0.3325863480567932,0.46829473972320557,0.16301053762435913,0.3259037733078003,0.4722221791744232,0.18818306922912598,0.32571113109588623,0.4731738567352295,0.1880306899547577,0.3249094784259796,0.4745262861251831,0.1878122240304947,0.32537347078323364,0.47566816210746765,0.15647593140602112,0.32360437512397766,0.4794081449508667,0.15647274255752563,0.32298484444618225,0.49029338359832764,0.15634354948997498,0.32732829451560974,0.4938100576400757,0.2844185531139374,0.3228066563606262,0.5301494002342224,0.15675629675388336,0.34439653158187866,0.47056883573532104,0.2073826938867569,0.344011515378952,0.48105379939079285,0.1653052717447281,0.3914279639720917,0.46385595202445984,0.3508268892765045,0.36263856291770935,0.6134082674980164,0.08505739271640778,0.45771846175193787,0.41224417090415955,0.31458014249801636,0.369780033826828,0.687414288520813,-0.17975905537605286,0.49554362893104553,0.29574212431907654,0.16889016330242157,0.3366778790950775,0.4954530894756317,-0.2975488603115082,0.5084553360939026,0.26462504267692566,0.13264988362789154,0.3298472762107849,0.457194983959198,-0.32696864008903503,0.5033471584320068,0.24465982615947723,0.11645149439573288,0.332163006067276,0.4476560950279236,-0.2842489778995514,0.501423180103302,0.26888635754585266,0.15532836318016052,0.3369165360927582,0.45942890644073486,-0.27668243646621704,0.5953090190887451,0.3990831971168518,0.08509303629398346,0.5900458693504333,0.48005756735801697,-0.08498726785182953,0.8078316450119019,0.3492874503135681,-0.009970477782189846,0.7843350768089294,0.36516761779785156,-0.19701625406742096,0.9643698334693909,0.3850255310535431,0.06693096458911896,0.9631211757659912,0.47339412569999695,-0.12728263437747955,0.985136091709137,0.4078652560710907,0.06898993998765945,0.9777103662490845,0.4969180226325989,-0.11976649612188339,1.0130642652511597,0.3333950340747833,-0.04333386942744255,1.047788143157959,0.47294074296951294,-0.24196261167526245
dbp_200171.jpg,0.32456859946250916,0.46627408266067505,0.18721607327461243,0.31805312633514404,0.46867290139198303,0.23362700641155243,0.3185071349143982,0.4659905731678009,0.23359259963035583,0.31878384947776794,0.4659391939640045,0.23343542218208313,0.31658974289894104,0.4762360751628876,0.2077493965625763,0.31508055329322815,0.48184794187545776,0.20777645707130432,0.31460729241371155,0.48911336064338684,0.20761029422283173,0.32067450881004333,0.48632320761680603,0.3838559091091156,0.31565341353416443,0.5307894945144653,0.26115232706069946,0.3368211090564728,0.4667603671550751,0.24466156959533691,0.33532533049583435,0.4740411043167114,0.20955610275268555,0.39299288392066956,0.4522874057292938,0.3827346861362457,0.35245481133461,0.6075215935707092,0.15692493319511414,0.46824753284454346,0.41910693049430847,0.32916730642318726,0.36843541264533997,0.7288016676902771,-0.08313526958227158,0.5690956711769104,0.34859564900398254,0.2046639770269394,0.33760306239128113,0.5361328125,-0.23595991730690002,0.5983195900917053,0.31735435128211975,0.16839851438999176,0.33210134506225586,0.498278945684433,-0.2709779739379883,0.6026983261108398,0.31487882137298584,0.14974631369113922,0.3319033980369568,0.4911910593509674,-0.16059012711048126,0.5932788848876953,0.34041473269462585,0.19017060101032257,0.3351643681526184,0.5056926012039185,-0.17970801889896393,0.5837581753730774,0.39930614829063416,0.088864766061306,0.5699734091758728,0.47884538769721985,-0.0890011340379715,0.8071108460426331,0.34414371848106384,-0.07948487251996994,0.7761251926422119,0.36658307909965515,-0.2122465968132019,0.91401207447052,0.44666269421577454,0.05108647048473358,0.9324378371238708,0.574535071849823,-0.1644158810377121,0.9182345271110535,0.474355012178421,0.06099485233426094,0.9361574053764343,0.6007938981056213,-0.1574082225561142,0.9716742038726807,0.43310925364494324,-0.01726122945547104,1.0240989923477173,0.6239136457443237,-0.26428768038749695
dbp_200181.jpg,0.2864758372306824,0.5297670364379883,0.19176085293293,0.2799820899963379,0.553947389125824,0.2268354892730713,0.2814910113811493,0.5565474033355713,0.22670219838619232,0.2830410897731781,0.5591074824333191,0.2264721542596817,0.2767545282840729,0.5539167523384094,0.1921350061893463,0.27590253949165344,0.5564268231391907,0.1921609491109848,0.27515754103660583,0.5594099760055542,0.19198265671730042,0.29281526803970337,0.5834758877754211,0.3006848394870758,0.28396907448768616,0.5825691223144531,0.13178636133670807,0.30166611075401306,0.5314478278160095,0.23567181825637817,0.298246294260025,0.5313966274261475,0.1893564760684967,0.378534197807312,0.5364962816238403,0.337053120136261,0.32712098956108093,0.607964277267456,-0.038278646767139435,0.4559773802757263,0.41521209478378296,0.33313509821891785,0.3388041853904724,0.4810623526573181,-0.18922188878059387,0.49487319588661194,0.25211697816848755,0.2732720375061035,0.30760207772254944,0.3568766713142395,-0.21717000007629395,0.5035025477409363,0.19107010960578918,0.2686294615268707,0.3157479465007782,0.3248758018016815,-0.24060623347759247,0.5059887766838074,0.21145488321781158,0.23852263391017914,0.3118170201778412,0.3223469853401184,-0.20020082592964172,0.5052868723869324,0.252219021320343,0.2561991214752197,0.3109376132488251,0.3349340260028839,-0.19732806086540222,0.5850858688354492,0.406699001789093,0.11450931429862976,0.5737890005111694,0.4719855487346649,-0.11474433541297913,0.7964131832122803,0.34771430492401123,-0.00222205207683146,0.7881101965904236,0.36940592527389526,-0.22599835693836212,0.8871127367019653,0.5863616466522217,0.12013258039951324,0.9265111088752747,0.6472200155258179,-0.1945653110742569,0.8786671757698059,0.6274036169052124,0.1329338401556015,0.9211798310279846,0.68117356300354,-0.1858728528022766,0.9458034038543701,0.6267150044441223,0.11318810284137726,1.0136536359786987,0.7144225835800171,-0.24927857518196106
dbp_200191.jpg,0.27195805311203003,0.6130610704421997,0.09519995748996735,0.26717883348464966,0.6334052085876465,0.11403608322143555,0.2689460813999176,0.6343620419502258,0.11395237594842911,0.27075740694999695,0.6352115273475647,0.11369545012712479,0.26367253065109253,0.635572075843811,0.07775311172008514,0.26307159662246704,0.638425886631012,0.07773726433515549,0.2585352957248688,0.6584974527359009,0.07759033888578415,0.28431713581085205,0.6450524926185608,0.18958765268325806,0.27245765924453735,0.6646941900253296,0.021727873012423515,0.2824397087097168,0.5991445183753967,0.12739835679531097,0.28239843249320984,0.5989407300949097,0.07890035212039948,0.3721928596496582,0.5826528072357178,0.27028828859329224,0.3117485046386719,0.6044530868530273,-0.14754772186279297,0.46541473269462585,0.4039621651172638,0.28594180941581726,0.3181625008583069,0.43463966250419617,-0.27745845913887024,0.4883206784725189,0.16097912192344666,0.2550513446331024,0.28649431467056274,0.22011826932430267,-0.21492740511894226,0.4979262053966522,0.09867753833532333,0.2622377574443817,0.28147560358047485,0.16497527062892914,-0.2423892468214035,0.5196847915649414,0.14223262667655945,0.22016477584838867,0.27734869718551636,0.16104057431221008,-0.19763965904712677,0.5096275806427002,0.16312886774539948,0.2347145974636078,0.2842971980571747,0.1780623495578766,-0.19565804302692413,0.5816377997398376,0.43364784121513367,0.12973415851593018,0.5673412680625916,0.4720575511455536,-0.1300119310617447,0.79288250207901,0.3582097291946411,0.0760006234049797,0.7913764715194702,0.37644389271736145,-0.22469265758991241,0.9079760909080505,0.5610063076019287,0.20897942781448364,0.9370213747024536,0.6296100616455078,-0.1682581901550293,0.9041788578033447,0.5958095788955688,0.22179102897644043,0.9339303374290466,0.6637848615646362,-0.15768294036388397,0.9687120318412781,0.59784996509552,0.18034198880195618,1.0247057676315308,0.6837533116340637,-0.22006765007972717
dbp_200201.jpg,0.2683071196079254,0.6187654733657837,-0.04621785879135132,0.25099170207977295,0.657726526260376,-0.03159044682979584,0.2516420781612396,0.6591521501541138,-0.031740229576826096,0.2526709735393524,0.6607160568237305,-0.031925033777952194,0.25089770555496216,0.6597974896430969,-0.07179205119609833,0.25233152508735657,0.6683855056762695,-0.0718386322259903,0.25265535712242126,0.6724257469177246,-0.07197999954223633,0.2856908440589905,0.6479978561401367,0.057556118816137314,0.26841750741004944,0.6810622215270996,-0.13068240880966187,0.27510765194892883,0.6152506470680237,-0.007729283533990383,0.2733354866504669,0.619407594203949,-0.06202850118279457,0.3648125231266022,0.6073746085166931,0.1562214195728302,0.32155200839042664,0.5985819697380066,-0.2528988718986511,0.4966711103916168,0.5280166864395142,0.18104428052902222,0.3259661793708801,0.4488317668437958,-0.4116181433200836,0.6500308513641357,0.4747197926044464,0.14645351469516754,0.2960548400878906,0.2603268325328827,-0.43210235238075256,0.6920555830001831,0.45681530237197876,0.13896554708480835,0.29208534955978394,0.21610386669635773,-0.4821563959121704,0.699501097202301,0.4713962972164154,0.1102699488401413,0.28896915912628174,0.21269722282886505,-0.44657981395721436,0.6830557584762573,0.4771690368652344,0.13358169794082642,0.2935250997543335,0.22779414057731628,-0.4169558882713318,0.5851064920425415,0.4526488482952118,0.13624358177185059,0.5741593241691589,0.4708021879196167,-0.13642698526382446,0.7850157618522644,0.3634141683578491,0.09370767325162888,0.7954093813896179,0.3783554136753082,-0.2200775295495987,0.9084603190422058,0.5515545606613159,0.20035240054130554,0.9512569308280945,0.6525058150291443,-0.14838887751102448,0.9167687296867371,0.5867154598236084,0.2080850899219513,0.9590739607810974,0.6978949308395386,-0.13978281617164612,0.9736804962158203,0.5732994675636292,0.14184759557247162,1.0281332731246948,0.7061996459960938,-0.21893204748630524
dbp_200211.jpg,0.3032263219356537,0.5533679127693176,0.4094155430793762,0.3026968836784363,0.5490764379501343,0.44657382369041443,0.29381459951400757,0.5761709213256836,0.44641172885894775,0.306104451417923,0.5506945252418518,0.4461073875427246,0.2873777747154236,0.5762676000595093,0.4080509543418884,0.2865065932273865,0.5813669562339783,0.4080677330493927,0.2858928442001343,0.5842560529708862,0.40785282850265503,0.3212694227695465,0.583956778049469,0.5437705516815186,0.29798540472984314,0.6142770648002625,0.3676871955394745,0.32084402441978455,0.5587154626846313,0.4410902261734009,0.317012220621109,0.56163489818573,0.39038294553756714,0.4000534117221832,0.5881068110466003,0.48943689465522766,0.3411904275417328,0.6326205134391785,0.15522627532482147,0.5119575262069702,0.4956592917442322,0.4023844003677368,0.35851821303367615,0.5050728917121887,-0.08246602863073349,0.6340253949165344,0.40010160207748413,0.26992207765579224,0.3128611743450165,0.39303380250930786,-0.11328986287117004,0.6686346530914307,0.373003214597702,0.23655156791210175,0.3102458417415619,0.3586285412311554,-0.12368342280387878,0.6783806085586548,0.3875805735588074,0.23431327939033508,0.3116653859615326,0.3569953441619873,-0.09017297625541687,0.6657938361167908,0.3984832763671875,0.26026391983032227,0.31370726227760315,0.36575987935066223,-0.09481803327798843,0.5921844244003296,0.44550442695617676,0.12301216274499893,0.5758666396141052,0.4729396402835846,-0.12354064732789993,0.7885081768035889,0.3566049337387085,-0.028045780956745148,0.8167784810066223,0.4030876159667969,-0.25529834628105164,0.8855944871902466,0.5698282718658447,0.1732371747493744,0.9478469491004944,0.747044026851654,-0.21963569521903992,0.8695610165596008,0.6109431982040405,0.18859073519706726,0.952942430973053,0.7775505185127258,-0.20953965187072754,0.9551789164543152,0.6131275296211243,0.156539648771286,1.0415867567062378,0.8010246157646179,-0.2618100643157959
dbp_200221.jpg,0.332882821559906,0.5571258068084717,0.3622460961341858,0.3272155523300171,0.5531489253044128,0.4006566107273102,0.3248281478881836,0.5740018486976624,0.4006141424179077,0.3275948464870453,0.554122269153595,0.4004208445549011,0.3227311074733734,0.5761073231697083,0.3789791464805603,0.32588768005371094,0.584287166595459,0.3789576292037964,0.3267974257469177,0.58794766664505,0.3786930441856384,0.3291647732257843,0.5655578374862671,0.5398827195167542,0.3374788165092468,0.6128778457641602,0.44379475712776184,0.3451848030090332,0.5576468706130981,0.41201749444007874,0.34642598032951355,0.5635375380516052,0.38405221700668335,0.3929034173488617,0.5313872694969177,0.5341880917549133,0.3799671530723572,0.6432602405548096,0.26709842681884766,0.5081578493118286,0.46928277611732483,0.43865692615509033,0.4003560245037079,0.7235942482948303,-0.06055073440074921,0.5845528244972229,0.38124388456344604,0.25324520468711853,0.3513544499874115,0.5413629412651062,-0.15416665375232697,0.6014423370361328,0.3499467968940735,0.2030978798866272,0.3463372588157654,0.5011377334594727,-0.1957778036594391,0.5848487615585327,0.3609009087085724,0.1843920201063156,0.34267574548721313,0.4945703148841858,-0.13799770176410675,0.5848252773284912,0.37504076957702637,0.23510663211345673,0.34495940804481506,0.5070927739143372,-0.12581266462802887,0.6099318265914917,0.433757483959198,0.10678312927484512,0.5953119993209839,0.4912347197532654,-0.10706688463687897,0.8355496525764465,0.34985384345054626,-0.12929470837116241,0.8165552616119385,0.4432997703552246,-0.2774196267127991,0.9013359546661377,0.5711815357208252,0.07144499570131302,0.9489322900772095,0.7032300233840942,-0.21495981514453888,0.8937919735908508,0.6220626831054688,0.08896065503358841,0.9457902312278748,0.7316747307777405,-0.2067454606294632,0.9833106994628906,0.5996925830841064,0.002852869685739279,1.0535335540771484,0.7610293030738831,-0.30937397480010986
dbp_200231.jpg,0.34191223978996277,0.5890628099441528,0.4622752070426941,0.33935976028442383,0.5828118920326233,0.48816075921058655,0.33943307399749756,0.5882153511047363,0.4880722761154175,0.3403487801551819,0.5825363397598267,0.48780614137649536,0.33677250146865845,0.5939255356788635,0.4797438979148865,0.3349151611328125,0.5998911261558533,0.479747474193573,0.3346802592277527,0.6027492880821228,0.4794241786003113,0.3358546197414398,0.5739952921867371,0.5666800737380981,0.33768919110298157,0.6147158145904541,0.5308634638786316,0.3624381124973297,0.571549117565155,0.4878854751586914,0.36140912771224976,0.5794091820716858,0.4778440296649933,0.38581418991088867,0.5027981400489807,0.5045860409736633,0.38047972321510315,0.6586524248123169,0.33874720335006714,0.45586779713630676,0.40213584899902344,0.40235498547554016,0.42748087644577026,0.6374529600143433,0.09376588463783264,0.5297067761421204,0.31458580493927,0.15400294959545135,0.35460054874420166,0.4638012647628784,-0.001533800270408392,0.5286606550216675,0.27785444259643555,0.09553007036447525,0.3547534644603729,0.42441466450691223,-0.03466052934527397,0.5290163159370422,0.2893931269645691,0.08979117125272751,0.3506196141242981,0.4205949604511261,-0.009907761588692665,0.521871030330658,0.30473726987838745,0.14127583801746368,0.35096779465675354,0.4316818118095398,0.009368850849568844,0.5772365927696228,0.43364065885543823,0.06845908612012863,0.5772899389266968,0.5162886381149292,-0.06869234144687653,0.7926713228225708,0.35202711820602417,-0.1554427146911621,0.7669990062713623,0.4307672679424286,-0.27984702587127686,0.8807045221328735,0.5682132244110107,-0.006845404393970966,0.9158604145050049,0.6443865299224854,-0.20964716374874115,0.8752860426902771,0.6086177229881287,0.007603256963193417,0.9116824269294739,0.6588042378425598,-0.20078669488430023,0.9525205492973328,0.6045717597007751,-0.06757234781980515,1.0187143087387085,0.7020463943481445,-0.2978341281414032
dbp_200241.jpg,0.33980533480644226,0.6203041076660156,0.3457912802696228,0.337198406457901,0.6331795454025269,0.37185317277908325,0.33860453963279724,0.634705126285553,0.3717585802078247,0.34040528535842896,0.634682297706604,0.3715149760246277,0.3332465887069702,0.6368800401687622,0.34498026967048645,0.33177757263183594,0.6397546529769897,0.34496888518333435,0.3309396803379059,0.6421406865119934,0.34476521611213684,0.3469214141368866,0.6427587866783142,0.4616730809211731,0.33705270290374756,0.6531738042831421,0.3695303499698639,0.35662218928337097,0.612575352191925,0.37838438153266907,0.35419410467147827,0.6162537336349487,0.3437342345714569,0.42106497287750244,0.5547403693199158,0.47870495915412903,0.38192659616470337,0.6524506211280823,0.16386273503303528,0.4912623465061188,0.41279250383377075,0.44636788964271545,0.4130059778690338,0.48736584186553955,-0.03255950286984444,0.5368108153343201,0.17625828087329865,0.341703861951828,0.35923612117767334,0.2955622673034668,-0.033959243446588516,0.5405653119087219,0.16206760704517365,0.31873270869255066,0.35517895221710205,0.2448502629995346,-0.06413920223712921,0.5371541976928711,0.16327346861362457,0.29210442304611206,0.35278987884521484,0.24358083307743073,-0.037345610558986664,0.5373222827911377,0.18391166627407074,0.3221627175807953,0.3562149703502655,0.26093074679374695,-0.021727709099650383,0.5936490893363953,0.45442473888397217,0.10294508934020996,0.5786009430885315,0.5121617913246155,-0.10334882140159607,0.8196588754653931,0.3791005313396454,-0.06940498948097229,0.8175289034843445,0.42912963032722473,-0.3010229468345642,0.9362662434577942,0.5550626516342163,0.02652164362370968,0.9621323943138123,0.6612148284912109,-0.20319916307926178,0.9380068182945251,0.5871682167053223,0.024688363075256348,0.9547285437583923,0.6856253743171692,-0.19817480444908142,1.0133190155029297,0.5845724940299988,-0.006347761023789644,1.0635353326797485,0.7339941263198853,-0.28408148884773254
dbp_200251.jpg,0.33728668093681335,0.6583980321884155,0.4419555962085724,0.3378509283065796,0.6754786372184753,0.4744037687778473,0.3405558168888092,0.6762681603431702,0.47435054183006287,0.3434653580188751,0.6768984198570251,0.4740684926509857,0.332309365272522,0.6758209466934204,0.4387608766555786,0.3309735357761383,0.677213728427887,0.4387446641921997,0.32991981506347656,0.6785688400268555,0.4385751187801361,0.35758113861083984,0.68053138256073,0.5618573427200317,0.34003180265426636,0.6819902062416077,0.4013557434082031,0.35282373428344727,0.647899866104126,0.4720023572444916,0.35130542516708374,0.6494929194450378,0.4249730408191681,0.4397786855697632,0.5724774599075317,0.5799223780632019,0.3884490728378296,0.6592403054237366,0.15755008161067963,0.5301485657691956,0.418428897857666,0.534365713596344,0.40175920724868774,0.491251677274704,-0.02893456444144249,0.5409339666366577,0.15585105121135712,0.4247376620769501,0.35935062170028687,0.29105445742607117,-0.03251589089632034,0.5380610227584839,0.12375504523515701,0.40425747632980347,0.35391929745674133,0.239706352353096,-0.06431133300065994,0.5357298254966736,0.12217298895120621,0.3738170564174652,0.3508053123950958,0.23617789149284363,-0.03237641602754593,0.5341499447822571,0.13384051620960236,0.40199100971221924,0.3557533919811249,0.2537257671356201,-0.01875314489006996,0.5948330163955688,0.47211945056915283,0.13222874701023102,0.5797494649887085,0.53394615650177,-0.13230930268764496,0.838060200214386,0.40483883023262024,-0.010214703157544136,0.8463520407676697,0.44020673632621765,-0.37771230936050415,0.9345280528068542,0.610934317111969,0.0320875383913517,0.9695071578025818,0.7370637059211731,-0.30752691626548767,0.9339048266410828,0.6470231413841248,0.051423847675323486,0.9575743079185486,0.7754637598991394,-0.2932613790035248,1.0080143213272095,0.6570992469787598,0.0360640287399292,1.0711015462875366,0.8314138054847717,-0.3514014482498169
dbp_200261.jpg,0.3547060191631317,0.6322102546691895,0.3770946264266968,0.34204381704330444,0.6475738286972046,0.4052068591117859,0.34357690811157227,0.649420440196991,0.4050700068473816,0.35571157932281494,0.6630874872207642,0.40478357672691345,0.3429182469844818,0.6469754576683044,0.3719590902328491,0.34205639362335205,0.6506766676902771,0.3719519376754761,0.34129008650779724,0.6540513634681702,0.3717667758464813,0.36720171570777893,0.6508875489234924,0.48999273777008057,0.3529721796512604,0.665890097618103,0.3431977331638336,0.37203773856163025,0.6395784616470337,0.4067094027996063,0.36410143971443176,0.6284836530685425,0.36318036913871765,0.4426218569278717,0.5909101963043213,0.5040228962898254,0.3881639540195465,0.6683577299118042,0.13816970586776733,0.4966670572757721,0.42802712321281433,0.4638328552246094,0.3971976339817047,0.5098012685775757,-0.022388650104403496,0.5429149270057678,0.1787489503622055,0.3882991671562195,0.35690128803253174,0.3815539479255676,-0.012066951021552086,0.5412967205047607,0.17374376952648163,0.3755541443824768,0.35618844628334045,0.3396318256855011,-0.024985618889331818,0.5366212725639343,0.19180339574813843,0.3540618121623993,0.3546863794326782,0.34214773774147034,-0.00031052588019520044,0.5376834869384766,0.20676398277282715,0.3730776011943817,0.3561774790287018,0.3528842628002167,0.0012346775038167834,0.622101902961731,0.4896596670150757,0.1222008466720581,0.6054027080535889,0.526685893535614,-0.12259592115879059,0.8541571497917175,0.426076203584671,-0.012527117505669594,0.8423650860786438,0.45747727155685425,-0.26187852025032043,0.9320486783981323,0.6688000559806824,0.0645235925912857,0.9822459816932678,0.7480420470237732,-0.26492398977279663,0.9216424226760864,0.7121342420578003,0.07809995114803314,0.974196195602417,0.7854694128036499,-0.25815480947494507,1.004492163658142,0.7224058508872986,0.04340680316090584,1.081108570098877,0.8316130638122559,-0.32825174927711487
dbp_200271.jpg,0.36558422446250916,0.5953608751296997,0.36115899682044983,0.3554248511791229,0.5871796011924744,0.39353081583976746,0.35385698080062866,0.570871114730835,0.39348524808883667,0.3567902445793152,0.5742031335830688,0.3932921588420868,0.3552272915840149,0.5868228673934937,0.368580162525177,0.3551977276802063,0.5878897905349731,0.3685498833656311,0.35794079303741455,0.6117008924484253,0.3682650029659271,0.3598271310329437,0.5916693210601807,0.5195460915565491,0.36545050144195557,0.6362317204475403,0.4152293801307678,0.3792625069618225,0.6040108799934387,0.4072026014328003,0.3782960772514343,0.5977970361709595,0.37622490525245667,0.40770968794822693,0.5590695142745972,0.5335167050361633,0.39885932207107544,0.6893481612205505,0.2604304850101471,0.43072277307510376,0.5105041265487671,0.4712824523448944,0.41077038645744324,0.7512043714523315,0.01052981335669756,0.42412930727005005,0.4754886329174042,0.3615143597126007,0.3626745045185089,0.5661581754684448,-0.041709158569574356,0.42178305983543396,0.457475870847702,0.3318536877632141,0.3615768253803253,0.523489773273468,-0.059425704181194305,0.4226685166358948,0.470988929271698,0.330290287733078,0.35701483488082886,0.517003059387207,-0.016997618600726128,0.42656058073043823,0.4827166795730591,0.35348066687583923,0.3593183755874634,0.5306403040885925,-0.019063439220190048,0.6183585524559021,0.48017746210098267,0.1007004976272583,0.6068268418312073,0.5416479110717773,-0.10077010840177536,0.845939040184021,0.41797006130218506,-0.06428234279155731,0.8241044878959656,0.4669487476348877,-0.23722748458385468,0.9553155303001404,0.6596091389656067,0.001070358557626605,0.9774085879325867,0.7545091509819031,-0.25873231887817383,0.951445460319519,0.703950047492981,0.004335741978138685,0.9704113006591797,0.7618223428726196,-0.24005746841430664,1.0320746898651123,0.6943164467811584,-0.10387060791254044,1.0802603960037231,0.7976195216178894,-0.3209180235862732
dbp_200281.jpg,0.34956103563308716,0.6141030788421631,0.3781519830226898,0.33575668931007385,0.6081766486167908,0.41343772411346436,0.33325567841529846,0.5844268202781677,0.4133639633655548,0.33109840750694275,0.5865558385848999,0.4131074845790863,0.3384041488170624,0.6189486980438232,0.39314621686935425,0.3389206826686859,0.6243292093276978,0.393131822347641,0.3413964807987213,0.6503402590751648,0.39285632967948914,0.3306918144226074,0.5967019200325012,0.5538009405136108,0.34200531244277954,0.6652116775512695,0.466362863779068,0.3491591215133667,0.6080819368362427,0.4315347671508789,0.3542393743991852,0.6147704124450684,0.40656521916389465,0.36729082465171814,0.5583697557449341,0.5664699077606201,0.3799420893192291,0.7079293131828308,0.3156227469444275,0.4496851861476898,0.4877415895462036,0.5295484066009521,0.40992242097854614,0.7945370078086853,0.06779792159795761,0.4296667277812958,0.41250452399253845,0.3711365759372711,0.36266136169433594,0.6018124222755432,0.003981602378189564,0.4989433288574219,0.3936612904071808,0.3318890929222107,0.3625137209892273,0.5587106943130493,-0.017188813537359238,0.48407143354415894,0.40113720297813416,0.31884631514549255,0.35783374309539795,0.5548465251922607,0.025868581607937813,0.46347716450691223,0.4177554249763489,0.35749170184135437,0.3589397966861725,0.5683565139770508,0.026907257735729218,0.600780189037323,0.47044846415519714,0.09893237799406052,0.5976670384407043,0.5511359572410583,-0.09909237921237946,0.8488909006118774,0.39472487568855286,-0.08194202929735184,0.825432538986206,0.47530362010002136,-0.29479023814201355,0.9053417444229126,0.639464259147644,0.21083754301071167,0.9558563828468323,0.7813413143157959,-0.20925354957580566,0.8838490843772888,0.685315728187561,0.24379532039165497,0.9420325756072998,0.7724559307098389,-0.18953301012516022,0.9696090221405029,0.6748097538948059,0.20637384057044983,1.0104676485061646,0.8551049828529358,-0.2569209933280945
dbp_200291.jpg,0.3636733293533325,0.5348830819129944,0.5325456261634827,0.3512316048145294,0.5265905857086182,0.579157829284668,0.35103946924209595,0.5218245387077332,0.5791268944740295,0.35011735558509827,0.5210421681404114,0.5788383483886719,0.35356250405311584,0.5469788312911987,0.547301173210144,0.35277020931243896,0.5528180599212646,0.5472984910011292,0.3524634540081024,0.5609198212623596,0.5471198558807373,0.34995660185813904,0.5476564168930054,0.7142054438591003,0.3518030345439911,0.5879199504852295,0.570959210395813,0.36810800433158875,0.5377705693244934,0.5781291127204895,0.37001723051071167,0.5529454350471497,0.5371512770652771,0.3991353213787079,0.5124555230140686,0.6795046329498291,0.38412991166114807,0.6937901973724365,0.37210050225257874,0.47965309023857117,0.4510015845298767,0.6373517513275146,0.40935197472572327,0.706597626209259,0.13748563826084137,0.4784676134586334,0.39604154229164124,0.5261548161506653,0.36059704422950745,0.5243522524833679,0.09733372181653976,0.4998357892036438,0.38423219323158264,0.49876177310943604,0.3599151074886322,0.48507100343704224,0.08448076248168945,0.4976249635219574,0.358927845954895,0.48407119512557983,0.3557484745979309,0.4798928499221802,0.12812820076942444,0.4780775308609009,0.391485333442688,0.51064532995224,0.3571796119213104,0.49404940009117126,0.12210170924663544,0.5993977785110474,0.46608781814575195,0.0995178371667862,0.5863546133041382,0.5469937324523926,-0.09969410300254822,0.8450685739517212,0.4007808566093445,-0.07811426371335983,0.8178884983062744,0.48142924904823303,-0.29132282733917236,0.905535101890564,0.6939040422439575,0.1851164996623993,0.9518450498580933,0.8104962706565857,-0.3000902533531189,0.8864002823829651,0.7441225647926331,0.20192620158195496,0.9383146166801453,0.8071318864822388,-0.29688194394111633,0.975929319858551,0.7549707293510437,0.1394110471010208,1.0373213291168213,0.8818711042404175,-0.394147664308548
dbp_200301.jpg,0.3829002380371094,0.5410265326499939,0.4370307922363281,0.3721161484718323,0.545703649520874,0.4720083773136139,0.3716732859611511,0.5436286330223083,0.47194093465805054,0.3704552948474884,0.5431085228919983,0.4716813862323761,0.36639854311943054,0.5615732073783875,0.4430176317691803,0.36501798033714294,0.5664259791374207,0.44300419092178345,0.36372917890548706,0.5725258588790894,0.4427877962589264,0.3775501251220703,0.5530965328216553,0.5984153151512146,0.3671320378780365,0.5972709059715271,0.4207260310649872,0.39282891154289246,0.5461480617523193,0.48065802454948425,0.38942334055900574,0.5571208000183105,0.44666388630867004,0.4499940872192383,0.5352056622505188,0.5371865034103394,0.3881312310695648,0.6463597416877747,0.1951187700033188,0.5238481760025024,0.4267275035381317,0.49809300899505615,0.3803853392601013,0.5005578994750977,0.06307432055473328,0.5314234495162964,0.20447395741939545,0.46020251512527466,0.3550233542919159,0.3154345154762268,0.10899662971496582,0.5259758234024048,0.16653798520565033,0.4031609296798706,0.3582245409488678,0.2728784680366516,0.09754744172096252,0.5134629607200623,0.16550582647323608,0.39523398876190186,0.3553408086299896,0.2699916958808899,0.12832286953926086,0.5073320865631104,0.17777258157730103,0.4523431956768036,0.35702529549598694,0.2858102023601532,0.12603884935379028,0.6197418570518494,0.4761655032634735,0.09920027107000351,0.5912193655967712,0.545336127281189,-0.09943800419569016,0.8411942720413208,0.4176470935344696,-0.0051093013025820255,0.8223004937171936,0.4886898100376129,-0.2486223578453064,0.8815284967422485,0.6661980748176575,0.09072921425104141,0.9487189650535583,0.8054094314575195,-0.29722416400909424,0.8680445551872253,0.7077982425689697,0.09700895100831985,0.9387575387954712,0.8357139825820923,-0.29495957493782043,0.9420907497406006,0.7226322889328003,0.10183680057525635,1.0054466724395752,0.921141505241394,-0.3622897267341614
dbp_200311.jpg,0.39030057191848755,0.5481769442558289,0.3643414080142975,0.3759695887565613,0.5472580194473267,0.38287290930747986,0.3774428367614746,0.5489523410797119,0.382745623588562,0.3787687122821808,0.5510336756706238,0.3823736011981964,0.37040436267852783,0.5690145492553711,0.3616042137145996,0.3687385320663452,0.5742327570915222,0.36166006326675415,0.36709943413734436,0.58152836561203,0.36147183179855347,0.38494518399238586,0.5603668689727783,0.4341408908367157,0.369512677192688,0.6014236211776733,0.3248943090438843,0.39465779066085815,0.5511217713356018,0.3802679181098938,0.39224836230278015,0.5601341724395752,0.351490318775177,0.45359620451927185,0.534210741519928,0.3992868959903717,0.3876788318157196,0.6318821907043457,0.11071402579545975,0.5347906947135925,0.3700876533985138,0.33938372135162354,0.3737809360027313,0.44678544998168945,-0.047485075891017914,0.5453091263771057,0.10244642198085785,0.3010306656360626,0.3457527160644531,0.2161886990070343,0.039296992123126984,0.5409604907035828,0.05918702483177185,0.2772635817527771,0.34170040488243103,0.16385187208652496,0.021013377234339714,0.5306798815727234,0.052217260003089905,0.2541401982307434,0.3369702994823456,0.16080112755298615,0.0553625226020813,0.5284242033958435,0.07094723731279373,0.2832946479320526,0.34416136145591736,0.17807483673095703,0.05851010978221893,0.618750810623169,0.4730357229709625,0.09794563800096512,0.5912334322929382,0.5260969400405884,-0.09818654507398605,0.8533928990364075,0.3948349058628082,-0.011201899498701096,0.8299980163574219,0.48256611824035645,-0.24899698793888092,0.9298455119132996,0.6168967485427856,0.09168703109025955,0.949192225933075,0.8111069798469543,-0.2338704615831375,0.9161308407783508,0.6541137099266052,0.10172072798013687,0.9357059001922607,0.8462044596672058,-0.221608504652977,1.0145126581192017,0.6722431778907776,0.08908028155565262,1.0567189455032349,0.9213858842849731,-0.250660240650177
dbp_200321.jpg,0.3972955048084259,0.5200459361076355,0.21412350237369537,0.3963640332221985,0.5169334411621094,0.21803976595401764,0.39788106083869934,0.5165176391601562,0.21795542538166046,0.39845842123031616,0.5157670974731445,0.21766573190689087,0.39099425077438354,0.5333418846130371,0.1987566351890564,0.39056727290153503,0.537152111530304,0.19881123304367065,0.3893914520740509,0.5411583781242371,0.1986764818429947,0.39813143014907837,0.534425675868988,0.21833394467830658,0.38479185104370117,0.5613158345222473,0.12626108527183533,0.4055611193180084,0.52890944480896,0.21457727253437042,0.4027923345565796,0.5375241041183472,0.18774591386318207,0.4438410699367523,0.5271766781806946,0.18163703382015228,0.3885268270969391,0.6044650673866272,-0.042031191289424896,0.5332285165786743,0.36026620864868164,0.12849487364292145,0.3626212179660797,0.433157742023468,-0.14912159740924835,0.5467208623886108,0.09593214094638824,0.11686384677886963,0.33065634965896606,0.19769641757011414,-0.0632687583565712,0.5433031320571899,0.047108348459005356,0.10411176085472107,0.32767346501350403,0.14746087789535522,-0.07308734208345413,0.532024085521698,0.03951731696724892,0.07992886751890182,0.32328876852989197,0.14496977627277374,-0.046043090522289276,0.5298997163772583,0.06309587508440018,0.10069993138313293,0.33081668615341187,0.1624407172203064,-0.04980652779340744,0.5878310799598694,0.47679659724235535,0.08004699647426605,0.5688960552215576,0.5216349363327026,-0.08015639334917068,0.823238730430603,0.4002382159233093,0.023296615108847618,0.8340275287628174,0.47046369314193726,-0.21320626139640808,0.8853268027305603,0.636705756187439,0.0888216570019722,0.9332236051559448,0.7959755659103394,-0.21626514196395874,0.8718420267105103,0.673515796661377,0.09704416245222092,0.9177414774894714,0.8288393616676331,-0.20969215035438538,0.9500925540924072,0.6942504048347473,0.08962516486644745,1.022729516029358,0.8901745080947876,-0.22453634440898895
dbp_200331.jpg,0.35465335845947266,0.5328947901725769,0.5898206233978271,0.3503186106681824,0.5356253981590271,0.6300182938575745,0.35172605514526367,0.5339770913124084,0.6299463510513306,0.3519193232059479,0.5308509469032288,0.629770040512085,0.3457031846046448,0.5453165173530579,0.594430685043335,0.34355872869491577,0.548898458480835,0.5944005250930786,0.3409467041492462,0.5533390045166016,0.5941591858863831,0.36245492100715637,0.5385415554046631,0.7164151668548584,0.3414143919944763,0.5776790380477905,0.5509783029556274,0.36898449063301086,0.538532018661499,0.6132497787475586,0.3593509793281555,0.546261727809906,0.5654401779174805,0.44189387559890747,0.5904749035835266,0.6621692180633545,0.33894652128219604,0.5892404317855835,0.2870709002017975,0.539203941822052,0.52708899974823,0.5299422740936279,0.32589495182037354,0.462086945772171,-0.0013223012210801244,0.6608513593673706,0.44357559084892273,0.3932611644268036,0.3189440965652466,0.27703696489334106,-0.0805526077747345,0.6986913681030273,0.4182318449020386,0.3672424852848053,0.3228242099285126,0.23273411393165588,-0.10837987065315247,0.7033202648162842,0.4240511953830719,0.364251971244812,0.32306405901908875,0.23174622654914856,-0.0753226950764656,0.6883551478385925,0.43523189425468445,0.3850826621055603,0.3254871368408203,0.24716562032699585,-0.064411461353302,0.5909378528594971,0.5151985883712769,0.10891736298799515,0.5531174540519714,0.5101578831672668,-0.10978453606367111,0.8082998991012573,0.45677512884140015,0.028508223593235016,0.8104724287986755,0.46915847063064575,-0.2239050567150116,0.8804176449775696,0.7523085474967957,-0.09244796633720398,0.925864577293396,0.7308309078216553,-0.42902836203575134,0.8738601207733154,0.7936028242111206,-0.11345771700143814,0.9226774573326111,0.7744413018226624,-0.45028021931648254,0.9371811151504517,0.8155577778816223,-0.18008841574192047,1.0125541687011719,0.7840402126312256,-0.5396901965141296
dbp_200341.jpg,0.2752973437309265,0.7255480289459229,0.5129832029342651,0.26882249116897583,0.7227014899253845,0.5475714206695557,0.26975175738334656,0.718510091304779,0.5476049184799194,0.2705470323562622,0.7140296101570129,0.5474008917808533,0.26585400104522705,0.7315763831138611,0.5388408303260803,0.2649095952510834,0.7342404127120972,0.5388343930244446,0.2639780640602112,0.7367874383926392,0.5384918451309204,0.2762639820575714,0.6921598315238953,0.6362714171409607,0.2678441107273102,0.7279260158538818,0.6039373874664307,0.2872920036315918,0.7060958743095398,0.537751317024231,0.2842549979686737,0.7183330059051514,0.5267437100410461,0.33388012647628784,0.5801289677619934,0.5729305148124695,0.30893179774284363,0.7565751075744629,0.3727302849292755,0.42871543765068054,0.4874124825000763,0.4719967544078827,0.34267741441726685,0.7170586585998535,0.06489147245883942,0.5292661786079407,0.3848566710948944,0.33276301622390747,0.3168439269065857,0.5006943345069885,-0.06700176745653152,0.5420969724655151,0.3361952602863312,0.2743755578994751,0.323539674282074,0.44743916392326355,-0.0886024683713913,0.5388228297233582,0.3477427065372467,0.26136553287506104,0.3195257782936096,0.43665245175361633,-0.05539306625723839,0.5408836007118225,0.3704318106174469,0.31688055396080017,0.3185756504535675,0.45039811730384827,-0.04654427245259285,0.4940847158432007,0.5147073864936829,0.050549644976854324,0.5097683668136597,0.6204331517219543,-0.050819795578718185,0.6389923095703125,0.4637399911880493,-0.33185118436813354,0.6366245746612549,0.6087716221809387,-0.3198905885219574,0.8059117197990417,0.6249939799308777,-0.2600192427635193,0.8447386026382446,0.7757805585861206,-0.3620266318321228,0.8166231513023376,0.6489598751068115,-0.2575533092021942,0.8578417897224426,0.7976526618003845,-0.3665151000022888,0.8811848759651184,0.642356812953949,-0.38179680705070496,0.9529172778129578,0.8243468999862671,-0.496660441160202
dbp_200351.jpg,0.30285924673080444,0.6786602139472961,0.36881208419799805,0.2988300621509552,0.6731843948364258,0.4132542312145233,0.2996227443218231,0.6697887182235718,0.41329535841941833,0.3004109561443329,0.6664230227470398,0.41316503286361694,0.29537031054496765,0.6907290816307068,0.3907115161418915,0.2947958707809448,0.694248378276825,0.39066773653030396,0.2941302955150604,0.6980568170547485,0.39028820395469666,0.304820716381073,0.6657207608222961,0.5760418176651001,0.2973684072494507,0.7158553004264832,0.5288507342338562,0.316518634557724,0.6745386123657227,0.42702779173851013,0.31234651803970337,0.6886788010597229,0.39632102847099304,0.360895574092865,0.6087316274642944,0.5344291925430298,0.32717376947402954,0.7958940863609314,0.2837561070919037,0.4436296224594116,0.5489422082901001,0.45251020789146423,0.34816882014274597,0.8862285017967224,-0.017590098083019257,0.515472412109375,0.48201441764831543,0.2781370282173157,0.31723442673683167,0.6734740138053894,-0.18928048014640808,0.5405544638633728,0.4691060781478882,0.23432564735412598,0.3205971121788025,0.6302791833877563,-0.21737970411777496,0.5334787368774414,0.48197829723358154,0.22000369429588318,0.3182644248008728,0.6250808835029602,-0.18103335797786713,0.5277649760246277,0.4938674867153168,0.26506656408309937,0.31842824816703796,0.6371878981590271,-0.17044852674007416,0.5384167432785034,0.5692180395126343,0.06426862627267838,0.5340937376022339,0.671309769153595,-0.06453530490398407,0.7307466268539429,0.5523019433021545,-0.15727514028549194,0.7086895704269409,0.6369012594223022,-0.2462213635444641,0.8151429295539856,0.7371617555618286,0.04600305110216141,0.8335859775543213,0.7998753190040588,-0.20829063653945923,0.8025816679000854,0.7780929803848267,0.06947849690914154,0.8246520757675171,0.8195602297782898,-0.2014768421649933,0.8801458477973938,0.7577659487724304,0.00782684050500393,0.9332590699195862,0.8270263671875,-0.29822859168052673
dbp_200361.jpg,0.31059184670448303,0.7136660218238831,0.4199007749557495,0.3068700134754181,0.6951157450675964,0.4722708761692047,0.30873554944992065,0.6923239827156067,0.4723220467567444,0.31051599979400635,0.6893686652183533,0.4721931219100952,0.2992390990257263,0.707207441329956,0.4407840967178345,0.2960750460624695,0.7128733992576599,0.4407276511192322,0.2928156852722168,0.7184927463531494,0.44034382700920105,0.31415101885795593,0.7012436985969543,0.6394520401954651,0.2902403175830841,0.740744948387146,0.49786701798439026,0.3253325819969177,0.7168558835983276,0.4794338345527649,0.3203728497028351,0.7177453637123108,0.43597084283828735,0.3761252760887146,0.6567946672439575,0.6021649241447449,0.3244708478450775,0.8489777445793152,0.32271185517311096,0.45989373326301575,0.5852015614509583,0.5479862689971924,0.36535337567329407,0.8666509985923767,-0.01955079846084118,0.5215798020362854,0.4696434438228607,0.38011205196380615,0.3109760284423828,0.6551183462142944,-0.19752241671085358,0.5278022885322571,0.44166111946105957,0.34447968006134033,0.3132542371749878,0.6051188707351685,-0.22794727981090546,0.5209318399429321,0.44167256355285645,0.3322789967060089,0.30807626247406006,0.5996118783950806,-0.18630412220954895,0.5177791714668274,0.46011731028556824,0.366391658782959,0.309531569480896,0.6138142943382263,-0.17775002121925354,0.5478261709213257,0.6392874717712402,0.0730355978012085,0.5214194655418396,0.7492415308952332,-0.07347127050161362,0.7562270760536194,0.6050075888633728,-0.1938159465789795,0.6746383905410767,0.693774402141571,-0.3656347393989563,0.8114941120147705,0.7699687480926514,0.02588050253689289,0.8088575005531311,0.8507639765739441,-0.3273653984069824,0.8024837970733643,0.8074225783348083,0.06529595702886581,0.8072265386581421,0.87126225233078,-0.3169676661491394,0.8707739114761353,0.7891271114349365,0.003119200002402067,0.8970547318458557,0.8714120388031006,-0.42392396926879883
dbp_200371.jpg,0.32948634028434753,0.678167998790741,0.3885146379470825,0.3305860161781311,0.6711667776107788,0.4090581238269806,0.33214959502220154,0.6687920689582825,0.40906083583831787,0.3328486680984497,0.6666886806488037,0.40888893604278564,0.3252205550670624,0.6815677285194397,0.37640127539634705,0.32298123836517334,0.6858291029930115,0.37638530135154724,0.32061752676963806,0.6900193095207214,0.3761301338672638,0.33163872361183167,0.6838375926017761,0.4581776559352875,0.30219635367393494,0.7070921659469604,0.3070874512195587,0.3343774378299713,0.6844902038574219,0.40944311022758484,0.3262898027896881,0.6928839087486267,0.3638753592967987,0.37890446186065674,0.7105375528335571,0.4126482605934143,0.3239944577217102,0.7992891669273376,0.13859815895557404,0.4784122705459595,0.5783153772354126,0.39768680930137634,0.3236968219280243,0.7035329341888428,-0.02271832711994648,0.5183118581771851,0.37719202041625977,0.33398494124412537,0.2867203950881958,0.5386871099472046,-0.03193914145231247,0.5244730114936829,0.3341267704963684,0.3190526068210602,0.2913958430290222,0.5042554140090942,-0.03949541598558426,0.5155999660491943,0.33008867502212524,0.3035486340522766,0.29425761103630066,0.5071941614151001,-0.025713946670293808,0.5116629004478455,0.3466265797615051,0.32069557905197144,0.2972303032875061,0.5219886898994446,-0.02250981144607067,0.5528466701507568,0.6768819689750671,0.07575912773609161,0.5157877206802368,0.7068893909454346,-0.07602936774492264,0.7731414437294006,0.6486852169036865,-0.09267530590295792,0.7113807201385498,0.6890382766723633,-0.2518148720264435,0.8330980539321899,0.7926961183547974,0.06862256675958633,0.8443800210952759,0.862382173538208,-0.19596296548843384,0.8249436020851135,0.8227812647819519,0.08994996547698975,0.8408188223838806,0.8854565024375916,-0.18141885101795197,0.8846455216407776,0.823106050491333,0.0458090677857399,0.9279186129570007,0.907435417175293,-0.24423183500766754
dbp_200381.jpg,0.32960885763168335,0.6669268608093262,0.40859222412109375,0.33261922001838684,0.6645460724830627,0.4305310547351837,0.33855560421943665,0.661420464515686,0.43051210045814514,0.3410700261592865,0.6600428819656372,0.43034377694129944,0.32552942633628845,0.6739274859428406,0.393729567527771,0.3231755495071411,0.6784316301345825,0.39377519488334656,0.32067498564720154,0.6829804182052612,0.39357030391693115,0.3361629545688629,0.6837344169616699,0.4674699902534485,0.30733174085617065,0.711209774017334,0.3544806241989136,0.335366815328598,0.6723583936691284,0.4343409240245819,0.33009064197540283,0.6812775731086731,0.3825393319129944,0.39951643347740173,0.6879258751869202,0.4536667764186859,0.31913432478904724,0.7938851118087769,0.16845211386680603,0.47936198115348816,0.5206025242805481,0.4440392255783081,0.28917357325553894,0.6295834183692932,-0.004575761035084724,0.5041311383247375,0.28680917620658875,0.4325139820575714,0.258524626493454,0.40847325325012207,0.10397960245609283,0.5008860230445862,0.23594892024993896,0.42271527647972107,0.2460649013519287,0.3629598915576935,0.09043512493371964,0.49560123682022095,0.2261067032814026,0.4014929234981537,0.2513505518436432,0.3595788776874542,0.11964555829763412,0.4950431287288666,0.2437637895345688,0.41593748331069946,0.26007792353630066,0.3745719790458679,0.11825904250144958,0.5536263585090637,0.6477872729301453,0.07893817871809006,0.5203429460525513,0.7032104730606079,-0.07924232631921768,0.7762019038200378,0.5987326502799988,-0.02703743427991867,0.7285732626914978,0.6889935731887817,-0.21674798429012299,0.9190653562545776,0.6438959240913391,0.06118909642100334,0.8961013555526733,0.8378998637199402,-0.2244463413953781,0.9391425251960754,0.6624089479446411,0.059558458626270294,0.9114490747451782,0.8611901998519897,-0.21649670600891113,0.9520313739776611,0.6006815433502197,-0.03930480033159256,0.9561967253684998,0.86257004737854,-0.2691504657268524
dbp_200391.jpg,0.32821735739707947,0.677405595779419,0.5276501178741455,0.3323576748371124,0.6778655648231506,0.5445687770843506,0.33681929111480713,0.6863878965377808,0.5445418953895569,0.3396677076816559,0.688054084777832,0.5443384647369385,0.32522904872894287,0.6847358345985413,0.5232470035552979,0.3213196396827698,0.6905333399772644,0.5232993364334106,0.3191913366317749,0.6941948533058167,0.5230769515037537,0.3365485966205597,0.7094441056251526,0.5575420260429382,0.3106674253940582,0.7229725122451782,0.464978963136673,0.3375653922557831,0.686440646648407,0.531639814376831,0.3318849802017212,0.6931984424591064,0.5016574263572693,0.41498297452926636,0.7144213914871216,0.46142688393592834,0.3135051131248474,0.7733121514320374,0.2218886762857437,0.4905761480331421,0.5739622116088867,0.42955029010772705,0.27325278520584106,0.5925217270851135,0.04613151028752327,0.5436272025108337,0.40028685331344604,0.3893977105617523,0.24686913192272186,0.3687933683395386,0.10184967517852783,0.557216465473175,0.36133676767349243,0.3679782450199127,0.23688732087612152,0.3207702934741974,0.08429659157991409,0.5571635961532593,0.36267518997192383,0.3539227843284607,0.2378164380788803,0.3174024224281311,0.11093690991401672,0.5536448955535889,0.37906262278556824,0.37595608830451965,0.24634726345539093,0.33306533098220825,0.11458088457584381,0.5573828816413879,0.6564098000526428,0.08074073493480682,0.5138984322547913,0.6797075867652893,-0.08103712648153305,0.763346791267395,0.568028450012207,-0.0416267029941082,0.7356878519058228,0.6433670520782471,-0.2337549477815628,0.8372737169265747,0.731489896774292,0.060741253197193146,0.8455487489700317,0.8643547892570496,-0.23513680696487427,0.8333520293235779,0.7587699294090271,0.056876614689826965,0.8362605571746826,0.8950124979019165,-0.22874680161476135,0.8846200108528137,0.7590742111206055,0.022516198456287384,0.9323027729988098,0.9260486960411072,-0.26849105954170227
dbp_200401.jpg,0.3285779654979706,0.6741183996200562,0.5318970680236816,0.33624592423439026,0.6770620346069336,0.5530948042869568,0.3402748703956604,0.6796153783798218,0.5530987977981567,0.3427715599536896,0.6800068616867065,0.5528984665870667,0.3286374807357788,0.6828647255897522,0.5279979109764099,0.323385089635849,0.6884552240371704,0.5280319452285767,0.3212171792984009,0.6921067833900452,0.5278477072715759,0.34366920590400696,0.700695276260376,0.5891271233558655,0.3168860971927643,0.7190095782279968,0.47512131929397583,0.3388003706932068,0.6794700026512146,0.5426196455955505,0.33251044154167175,0.6856651902198792,0.5082326531410217,0.42158743739128113,0.6905226111412048,0.5165449976921082,0.3174195885658264,0.7637835144996643,0.22861173748970032,0.4938741624355316,0.4746149182319641,0.4324115812778473,0.2721003592014313,0.58290696144104,0.02949441783130169,0.5190516710281372,0.25347834825515747,0.3827686607837677,0.24369950592517853,0.3633013367652893,0.07082319259643555,0.5220243334770203,0.2120540887117386,0.36209505796432495,0.23516085743904114,0.318345844745636,0.04560353234410286,0.5156134963035583,0.20647591352462769,0.3432363271713257,0.23979268968105316,0.3127617835998535,0.08012834191322327,0.5139656662940979,0.21568849682807922,0.3665633797645569,0.24694299697875977,0.32706502079963684,0.0852167159318924,0.5640242099761963,0.6388514041900635,0.08226974308490753,0.5207474827766418,0.6723931431770325,-0.08251021057367325,0.7669605612754822,0.5589711666107178,-0.025913327932357788,0.7368255257606506,0.6283939480781555,-0.23903696238994598,0.8421382308006287,0.7214397192001343,0.0564299114048481,0.8539745807647705,0.8635087609291077,-0.23878508806228638,0.8370727896690369,0.7516405582427979,0.06020120903849602,0.8435158133506775,0.8951029181480408,-0.23306255042552948,0.8960412740707397,0.7484094500541687,0.030148405581712723,0.9453720450401306,0.9325780868530273,-0.29175376892089844
dbp_200411.jpg,0.33759966492652893,0.6719648241996765,0.5185911059379578,0.34588372707366943,0.6736839413642883,0.5363801121711731,0.3492530882358551,0.6743271946907043,0.536300539970398,0.3511068522930145,0.6742163896560669,0.5360137224197388,0.3348942995071411,0.6816999912261963,0.515407383441925,0.33195698261260986,0.6862500309944153,0.5154528021812439,0.3296542763710022,0.689936637878418,0.515238881111145,0.34848901629447937,0.7026049494743347,0.571108877658844,0.32791393995285034,0.7150601148605347,0.46412530541419983,0.3499455749988556,0.6758359670639038,0.5242707133293152,0.33840426802635193,0.6838337779045105,0.49582239985466003,0.42537492513656616,0.6960918307304382,0.4814850687980652,0.3207809627056122,0.7589932084083557,0.22792650759220123,0.49935436248779297,0.5388463735580444,0.3810048997402191,0.27994802594184875,0.5701106786727905,0.021510783582925797,0.5589619874954224,0.37156084179878235,0.31327101588249207,0.252555787563324,0.3520325720310211,0.03964347019791603,0.5750309228897095,0.33520033955574036,0.2929142415523529,0.2396799474954605,0.3040488660335541,0.020214589312672615,0.5771936178207397,0.33729293942451477,0.2840955853462219,0.23828357458114624,0.2998109459877014,0.05384546145796776,0.5739728212356567,0.35137391090393066,0.3033173382282257,0.24852874875068665,0.3142335116863251,0.05464186146855354,0.5645350813865662,0.6338703632354736,0.08317030221223831,0.5184091329574585,0.6641401052474976,-0.08339325338602066,0.7614068984985352,0.5566502213478088,-0.022085776552557945,0.7372242212295532,0.6208086013793945,-0.20234470069408417,0.7757998108863831,0.7090585827827454,0.010935100726783276,0.8106117844581604,0.865443766117096,-0.28698572516441345,0.7609899640083313,0.7313220500946045,0.011407281272113323,0.7977016568183899,0.8934627771377563,-0.2935120463371277,0.8226426243782043,0.7464295029640198,0.020908629521727562,0.8893661499023438,0.9322066307067871,-0.30415499210357666
dbp_300001.jpg,0.3375566601753235,0.671768844127655,0.13836568593978882,0.33368584513664246,0.6725873947143555,0.16896110773086548,0.334322452545166,0.6723822355270386,0.16886955499649048,0.33423396944999695,0.67204350233078,0.1686679571866989,0.32809507846832275,0.6814904808998108,0.11976837366819382,0.3260732591152191,0.6869547963142395,0.11975717544555664,0.3239087760448456,0.6925777196884155,0.11954201012849808,0.333329975605011,0.6985904574394226,0.3073192834854126,0.32360634207725525,0.7250572443008423,0.08355847001075745,0.3505479097366333,0.6769769191741943,0.19222138822078705,0.3420810401439667,0.6865463256835938,0.1265808790922165,0.42383942008018494,0.6815469861030579,0.40590113401412964,0.36258119344711304,0.7921839952468872,-0.09355998039245605,0.483655720949173,0.5318037867546082,0.4375511407852173,0.3594492971897125,0.6080877780914307,-0.3038256764411926,0.49195367097854614,0.3189900815486908,0.32392072677612305,0.33027395606040955,0.38673192262649536,-0.30115026235580444,0.4306414723396301,0.3020901083946228,0.3318198323249817,0.3267986476421356,0.3227732479572296,-0.3260318636894226,0.42800769209861755,0.2996898889541626,0.29515427350997925,0.317220538854599,0.31371429562568665,-0.29663676023483276,0.43422257900238037,0.315472275018692,0.3082176446914673,0.31994637846946716,0.33928757905960083,-0.2857396900653839,0.6382778882980347,0.6102409362792969,0.13621105253696442,0.6219222545623779,0.6651377081871033,-0.13646955788135529,0.6572179198265076,0.38225987553596497,0.09280992299318314,0.6518608927726746,0.5090141296386719,-0.20586246252059937,0.6562280654907227,0.28642141819000244,0.14614082872867584,0.6972506046295166,0.3465293347835541,-0.11996493488550186,0.6649476289749146,0.2890458106994629,0.1530596911907196,0.7126286625862122,0.35811346769332886,-0.10180427879095078,0.6298421025276184,0.22588284313678741,0.12705305218696594,0.6709963083267212,0.20865856111049652,-0.12725739181041718
dbp_300021.jpg,0.339687317609787,0.7043807506561279,0.2529226541519165,0.33427694439888,0.7012234330177307,0.2855636179447174,0.3344307541847229,0.6966255307197571,0.2854244112968445,0.33439502120018005,0.6861175894737244,0.285236656665802,0.3345376253128052,0.7157703042030334,0.276338130235672,0.3368193805217743,0.726905882358551,0.27632367610931396,0.3384147584438324,0.7327064275741577,0.2760255038738251,0.34153714776039124,0.6937162280082703,0.40159133076667786,0.35162150859832764,0.7460747361183167,0.32618051767349243,0.3549319803714752,0.6910524368286133,0.292721152305603,0.35625791549682617,0.7047608494758606,0.2783171236515045,0.42005035281181335,0.6298345923423767,0.3705911636352539,0.4092664122581482,0.7799695134162903,0.29536667466163635,0.4840289354324341,0.554207980632782,0.23014448583126068,0.4711153209209442,0.7691991329193115,0.030766870826482773,0.4905930161476135,0.5149766206741333,0.04189932718873024,0.3849864900112152,0.6388660669326782,-0.17445342242717743,0.4776986241340637,0.4978310763835907,0.001185156055726111,0.38339024782180786,0.6125163435935974,-0.21040289103984833,0.47306251525878906,0.5019763708114624,0.0028048495296388865,0.3766089975833893,0.5992987751960754,-0.18412819504737854,0.4741738736629486,0.5129952430725098,0.0369156114757061,0.38107967376708984,0.6072601079940796,-0.165647953748703,0.6206904649734497,0.594298243522644,0.013465038500726223,0.6229208111763,0.6627523303031921,-0.013704972341656685,0.8034757971763611,0.5475752353668213,-0.05077773332595825,0.8064811825752258,0.5905572772026062,-0.0906279981136322,1.0087409019470215,0.5091046690940857,-0.1116141751408577,1.009369969367981,0.5549390316009521,-0.11731380969285965,1.0486643314361572,0.527843713760376,-0.1235075369477272,1.0434587001800537,0.545312225818634,-0.12347929924726486,1.0417770147323608,0.5060741305351257,-0.2575494349002838,1.0548497438430786,0.5459854006767273,-0.2123604267835617
dbp_300031.jpg,0.3491283357143402,0.6922233700752258,0.33470618724823,0.3374619483947754,0.6912170052528381,0.31675878167152405,0.3377349078655243,0.6877936124801636,0.31640127301216125,0.3382349908351898,0.6796512603759766,0.31603938341140747,0.3396829068660736,0.7032147645950317,0.3917832374572754,0.34119361639022827,0.7169443964958191,0.39185693860054016,0.3425518274307251,0.7291386127471924,0.3916706144809723,0.34480851888656616,0.6566323041915894,0.4436678886413574,0.351716548204422,0.715472936630249,0.5140550136566162,0.3673036992549896,0.6875665187835693,0.3448493778705597,0.37192487716674805,0.696631133556366,0.40576648712158203,0.41489437222480774,0.6309149265289307,0.3539694845676422,0.4216896593570709,0.6828569769859314,0.5421665906906128,0.48206380009651184,0.6415403485298157,0.31877240538597107,0.5068843364715576,0.749385416507721,0.32030534744262695,0.4813496470451355,0.6261612176895142,0.4381178021430969,0.5013614296913147,0.6825277805328369,0.08004965633153915,0.4782758951187134,0.6229716539382935,0.429303377866745,0.5013235211372375,0.6680968403816223,0.05368312820792198,0.4744645059108734,0.614669144153595,0.45138469338417053,0.49692627787590027,0.6631568670272827,0.0737064927816391,0.47804468870162964,0.6157150864601135,0.4508023262023926,0.49762433767318726,0.661571741104126,0.08178333938121796,0.6328966617584229,0.5899696946144104,-0.054823704063892365,0.6432202458381653,0.5989998579025269,0.05433877930045128,0.8594912886619568,0.583314836025238,-0.07969959080219269,0.8589524030685425,0.5726797580718994,-0.0020484740380197763,1.0496509075164795,0.5306751132011414,-0.12208140641450882,1.0498461723327637,0.5215243697166443,-0.006270292215049267,1.0879050493240356,0.5170031189918518,-0.13170672953128815,1.0810679197311401,0.5014989972114563,-0.011382726952433586,1.0763875246047974,0.5435831546783447,-0.2309447079896927,1.094882845878601,0.5548680424690247,-0.11519964039325714
dbp_300041.jpg,0.3479989469051361,0.7029905915260315,0.2210690826177597,0.33484089374542236,0.6916957497596741,0.22859492897987366,0.3339586555957794,0.6859340667724609,0.22857561707496643,0.33328139781951904,0.6784671545028687,0.22842277586460114,0.33902886509895325,0.704599142074585,0.25663575530052185,0.3406234681606293,0.7113478779792786,0.2566789984703064,0.34113115072250366,0.7177905440330505,0.25637102127075195,0.3380633592605591,0.6505762338638306,0.2825457751750946,0.34881824254989624,0.7081155180931091,0.4152393043041229,0.36500099301338196,0.6860672235488892,0.2382996678352356,0.3668716847896576,0.7010443806648254,0.2721043527126312,0.3916679322719574,0.5813041925430298,0.23904718458652496,0.4109219014644623,0.6997679471969604,0.372598797082901,0.42363324761390686,0.6105557084083557,0.1923285275697708,0.4757928252220154,0.7879496216773987,0.14684490859508514,0.38477611541748047,0.6322372555732727,0.3199599087238312,0.4207588732242584,0.6293802261352539,-0.020841412246227264,0.3748261332511902,0.6367732286453247,0.3242054879665375,0.40830525755882263,0.5870518088340759,-0.06586410850286484,0.37875428795814514,0.6283696889877319,0.43530911207199097,0.4043603837490082,0.5759758949279785,0.012798973359167576,0.3870837986469269,0.630780816078186,0.349429726600647,0.41153156757354736,0.5783326625823975,-0.0013713404769077897,0.6256732940673828,0.5495119690895081,-0.04451841488480568,0.644027590751648,0.6088144779205322,0.04410989582538605,0.8389905095100403,0.5415363311767578,-0.09282338619232178,0.8350414633750916,0.573682963848114,0.018628990277647972,1.021756887435913,0.48349910974502563,-0.055922992527484894,1.0107002258300781,0.5097923874855042,0.09714110195636749,1.0573097467422485,0.47357770800590515,-0.05655568093061447,1.0365995168685913,0.4857967495918274,0.10262325406074524,1.059939980506897,0.4846978187561035,-0.15658196806907654,1.0655800104141235,0.5365613102912903,-0.007208152208477259
dbp_300051.jpg,0.3375278413295746,0.6353603005409241,-0.013224727474153042,0.32140275835990906,0.642837643623352,0.018189499154686928,0.3211010992527008,0.6401947140693665,0.01802789233624935,0.32103776931762695,0.6374558210372925,0.01777769811451435,0.32364577054977417,0.6568382978439331,-0.019933773204684258,0.32494640350341797,0.6656317710876465,-0.019995616748929024,0.3256722092628479,0.6754961013793945,-0.020221078768372536,0.3285991847515106,0.6479164361953735,0.18205498158931732,0.335042268037796,0.701921284198761,0.010680688545107841,0.35536572337150574,0.6325815916061401,0.05267266556620598,0.3573334515094757,0.6482884883880615,0.0025477695744484663,0.4233503043651581,0.5890191197395325,0.28680408000946045,0.39629927277565,0.7211126685142517,-0.12421462684869766,0.5014973282814026,0.45924195647239685,0.28992173075675964,0.4604646563529968,0.63283371925354,-0.3666960895061493,0.44781240820884705,0.26154911518096924,0.2918494939804077,0.4046022593975067,0.41418325901031494,-0.40162917971611023,0.4390769600868225,0.2048570215702057,0.28853097558021545,0.39593368768692017,0.3648645281791687,-0.43972864747047424,0.43189355731010437,0.2002088725566864,0.26402831077575684,0.3946039378643036,0.3560420870780945,-0.4065169394016266,0.4310491681098938,0.22277510166168213,0.2763916552066803,0.4087875187397003,0.3723598122596741,-0.3868519067764282,0.6756772398948669,0.5284574627876282,0.08268242329359055,0.6743423342704773,0.6064229607582092,-0.08235711604356766,0.8885388970375061,0.4836445152759552,0.03536767140030861,0.9020459651947021,0.5122305154800415,-0.07683569937944412,1.0620530843734741,0.4711419343948364,0.23677922785282135,1.0628949403762817,0.4950781464576721,0.08379717171192169,1.0881699323654175,0.4863901734352112,0.25067225098609924,1.0825748443603516,0.5066756010055542,0.10160940140485764,1.1059861183166504,0.40991541743278503,0.13084152340888977,1.1245826482772827,0.4523857533931732,-0.03285150229930878
dbp_300061.jpg,0.34060391783714294,0.6423415541648865,0.13668261468410492,0.32303085923194885,0.6457111835479736,0.1619497388601303,0.32204675674438477,0.6421483159065247,0.16178348660469055,0.3212410807609558,0.6385347843170166,0.16150173544883728,0.3251328468322754,0.6596440672874451,0.11857546865940094,0.32609352469444275,0.6673954725265503,0.11857224255800247,0.3262845277786255,0.6760880351066589,0.11832781136035919,0.32989218831062317,0.671796441078186,0.29016926884651184,0.3349491357803345,0.7082763314247131,0.09073378145694733,0.35711318254470825,0.638864278793335,0.18979962170124054,0.3573128879070282,0.6534252762794495,0.13235491514205933,0.4468267560005188,0.5902342796325684,0.3377247154712677,0.39147254824638367,0.7467376589775085,-0.045275330543518066,0.49679937958717346,0.4373950958251953,0.4006674885749817,0.44922322034835815,0.5721609592437744,-0.19230802357196808,0.4470076858997345,0.2344541996717453,0.38668811321258545,0.3866675794124603,0.32708537578582764,-0.2298421710729599,0.41885238885879517,0.19816072285175323,0.3804216682910919,0.379150927066803,0.27660036087036133,-0.247892364859581,0.39868390560150146,0.20634733140468597,0.342237651348114,0.3694503605365753,0.26920828223228455,-0.24005788564682007,0.4139721095561981,0.2094554454088211,0.364312082529068,0.3746265470981598,0.2824384570121765,-0.23918263614177704,0.6932684183120728,0.533976674079895,0.0895664319396019,0.6884535551071167,0.6112372875213623,-0.08930759131908417,0.9157648086547852,0.47499704360961914,0.09269006550312042,0.9158889651298523,0.5121273398399353,-0.09742464125156403,1.0905227661132812,0.48049196600914,0.2820575535297394,1.0969688892364502,0.5045683979988098,0.06422889977693558,1.1176376342773438,0.49619072675704956,0.2973252832889557,1.1209341287612915,0.524953305721283,0.08032707870006561,1.1280220746994019,0.42294856905937195,0.19061844050884247,1.1453882455825806,0.4430311322212219,-0.04829533025622368
dbp_300071.jpg,0.3454914689064026,0.6447077989578247,0.1113605946302414,0.3254704773426056,0.6472458243370056,0.14403380453586578,0.3242384195327759,0.6445279717445374,0.14381952583789825,0.3231511116027832,0.6411692500114441,0.14346608519554138,0.3274952173233032,0.6630481481552124,0.10041842609643936,0.328122615814209,0.6737992763519287,0.10048607736825943,0.3278372585773468,0.6858221888542175,0.10029944777488708,0.3328246474266052,0.6766713857650757,0.29852578043937683,0.33564820885658264,0.7268863320350647,0.10216914117336273,0.3610798418521881,0.6418454647064209,0.17376114428043365,0.3611004054546356,0.6610350012779236,0.11566969752311707,0.4525981545448303,0.5995782017707825,0.3599609434604645,0.40127333998680115,0.7721399068832397,-0.03662433102726936,0.4944395422935486,0.4496140480041504,0.4127810597419739,0.4279273450374603,0.598189651966095,-0.2052614539861679,0.44854265451431274,0.25512176752090454,0.39412328600883484,0.37687811255455017,0.35256439447402954,-0.1677345633506775,0.4241625666618347,0.22228297591209412,0.3817700743675232,0.3707423806190491,0.3026314973831177,-0.19356712698936462,0.4064454734325409,0.23498958349227905,0.35043153166770935,0.34334760904312134,0.27459660172462463,-0.1625167429447174,0.42542412877082825,0.23395147919654846,0.37502995133399963,0.36919325590133667,0.31140291690826416,-0.15589573979377747,0.7027546763420105,0.5366820096969604,0.08814844489097595,0.6993502974510193,0.6216422915458679,-0.08795154839754105,0.9320869445800781,0.4561188220977783,-0.016488295048475266,0.9201120138168335,0.5269988775253296,-0.11359460651874542,1.0824191570281982,0.480292946100235,0.28659820556640625,1.0998634099960327,0.5124003291130066,0.06669864058494568,1.0971601009368896,0.5036489963531494,0.319173127412796,1.1200969219207764,0.5301973819732666,0.08785746991634369,1.1351419687271118,0.4330129027366638,0.2519437372684479,1.1552881002426147,0.4483262300491333,-0.030820760875940323
dbp_300081.jpg,0.34622901678085327,0.6419713497161865,0.02935704216361046,0.32620900869369507,0.6471453905105591,0.06409304589033127,0.3253626823425293,0.6451369524002075,0.06389331817626953,0.3246200680732727,0.6427342891693115,0.06357216089963913,0.3276079297065735,0.6607245802879333,0.022372137755155563,0.32817283272743225,0.66984623670578,0.022406013682484627,0.32790407538414,0.6804752945899963,0.022200800478458405,0.33306172490119934,0.6762412786483765,0.23302043974399567,0.33551308512687683,0.7245097756385803,0.04555611312389374,0.36218705773353577,0.6428998112678528,0.09585248678922653,0.36236947774887085,0.658633828163147,0.04101724922657013,0.4581453502178192,0.606627881526947,0.3200412690639496,0.4056844413280487,0.7769367694854736,-0.09181967377662659,0.5125260353088379,0.46180975437164307,0.3764367997646332,0.44538307189941406,0.6185630559921265,-0.3316187560558319,0.481077641248703,0.2750411033630371,0.30186933279037476,0.37349653244018555,0.3889331817626953,-0.40744301676750183,0.4601489007472992,0.24445457756519318,0.2824714481830597,0.36870521306991577,0.3410368859767914,-0.44630739092826843,0.45361578464508057,0.24060264229774475,0.24133257567882538,0.3585120141506195,0.31460559368133545,-0.41460758447647095,0.4571739435195923,0.2500125765800476,0.27901121973991394,0.3688909709453583,0.3490341603755951,-0.393247127532959,0.7025425434112549,0.5349074602127075,0.10262815654277802,0.7019481062889099,0.6219792366027832,-0.10221167653799057,0.9078701734542847,0.42150408029556274,-0.02659216709434986,0.9177197217941284,0.4931142032146454,-0.18764479458332062,1.0282584428787231,0.4567510485649109,0.28584861755371094,1.0489493608474731,0.485032856464386,0.03819907829165459,1.0428303480148315,0.4796808958053589,0.31774505972862244,1.0619910955429077,0.5071827173233032,0.064956896007061,1.0744476318359375,0.4117175340652466,0.28694239258766174,1.1010478734970093,0.41301429271698,-0.002556332154199481
dbp_300091.jpg,0.3592168986797333,0.6447343826293945,0.2667953372001648,0.3440585732460022,0.6486772894859314,0.3198173940181732,0.34344974160194397,0.6457535028457642,0.319862425327301,0.3421195149421692,0.6407057642936707,0.3197266757488251,0.3468129336833954,0.6643496751785278,0.30555498600006104,0.34842580556869507,0.6738373041152954,0.30542364716529846,0.3495556116104126,0.6841723322868347,0.3051401972770691,0.3497588336467743,0.6573098301887512,0.4997180104255676,0.36046522855758667,0.7224438190460205,0.4300747215747833,0.3743813633918762,0.6405264735221863,0.33080148696899414,0.3743748664855957,0.6581030488014221,0.31053414940834045,0.4503787159919739,0.5936306715011597,0.4578533470630646,0.4232202172279358,0.7581002116203308,0.31006041169166565,0.34940609335899353,0.6163413524627686,0.3478448987007141,0.4577329754829407,0.7966523766517639,0.005207574926316738,0.20024284720420837,0.7958390116691589,0.4018389880657196,0.3965195417404175,0.5568780899047852,-0.06111307069659233,0.1638338565826416,0.8476372361183167,0.3613278269767761,0.39822283387184143,0.5117765069007874,-0.09594714641571045,0.16898511350154877,0.84239661693573,0.4126221537590027,0.39294686913490295,0.5076944828033447,-0.04365009069442749,0.18343840539455414,0.8275851011276245,0.4157310128211975,0.3962489664554596,0.5176494717597961,-0.043286021798849106,0.6871929168701172,0.5174589157104492,0.06786482781171799,0.6930965781211853,0.6290234327316284,-0.06765063107013702,0.9153013229370117,0.43405529856681824,-0.06089906394481659,0.9159509539604187,0.5111197829246521,-0.1548471301794052,1.068906545639038,0.43411141633987427,0.2117956429719925,1.0722142457962036,0.4814404249191284,0.10060450434684753,1.0913902521133423,0.4513821601867676,0.23195859789848328,1.0874508619308472,0.48427140712738037,0.12251889705657959,1.1238750219345093,0.36943456530570984,0.27945953607559204,1.1447280645370483,0.42616310715675354,-0.01602497138082981
dbp_300101.jpg,0.36943957209587097,0.6286057233810425,0.208506241440773,0.35484397411346436,0.6307191252708435,0.260189026594162,0.35502225160598755,0.6255847811698914,0.26006898283958435,0.3549046516418457,0.6203836798667908,0.2597677409648895,0.3558017313480377,0.6541491746902466,0.23537783324718475,0.35669031739234924,0.6644807457923889,0.23527881503105164,0.3582570254802704,0.677891731262207,0.23503150045871735,0.36379197239875793,0.6311713457107544,0.44148072600364685,0.3734017610549927,0.7112679481506348,0.3488427400588989,0.39184364676475525,0.619385838508606,0.2882627546787262,0.3896450698375702,0.6488339304924011,0.2552395164966583,0.45116153359413147,0.5840110182762146,0.4659857153892517,0.43647852540016174,0.7572221755981445,0.21845293045043945,0.5458616614341736,0.5292965769767761,0.43350186944007874,0.4892953336238861,0.9006072878837585,-0.08415409922599792,0.6056731343269348,0.5209925770759583,0.3437517285346985,0.4448642134666443,0.686014711856842,-0.3458471894264221,0.6287391781806946,0.4756202697753906,0.3098912537097931,0.4282226860523224,0.6384820938110352,-0.38754814863204956,0.6214017271995544,0.5045033097267151,0.3062385320663452,0.4225398004055023,0.632605254650116,-0.332024484872818,0.6158281564712524,0.5447898507118225,0.33697348833084106,0.4299674928188324,0.6321655511856079,-0.32296237349510193,0.69344562292099,0.4966220557689667,0.08670976012945175,0.6939953565597534,0.6250913143157959,-0.08666615188121796,0.9120035171508789,0.3886886537075043,-0.06301842629909515,0.9072235822677612,0.5038782954216003,-0.18942435085773468,1.0659135580062866,0.411464661359787,0.2532506287097931,1.0772933959960938,0.46198591589927673,0.05953240394592285,1.0854138135910034,0.4338821470737457,0.28152433037757874,1.0980640649795532,0.4795481264591217,0.08373425900936127,1.1188565492630005,0.3410925269126892,0.20099899172782898,1.1364556550979614,0.36115026473999023,-0.052459921687841415
dbp_300111.jpg,0.374831885099411,0.6308776140213013,0.188796266913414,0.3598059117794037,0.6276792883872986,0.22755512595176697,0.359226793050766,0.6203960180282593,0.22739167511463165,0.3584558665752411,0.6087579727172852,0.22708246111869812,0.3632919192314148,0.6558665633201599,0.21462491154670715,0.36506250500679016,0.6654661893844604,0.2146005630493164,0.36722537875175476,0.6773726344108582,0.21437573432922363,0.36846157908439636,0.6083204746246338,0.40607041120529175,0.3847939372062683,0.7020060420036316,0.3260485827922821,0.3967660963535309,0.6084222197532654,0.2571350038051605,0.396756649017334,0.6490492224693298,0.2413650006055832,0.4510241150856018,0.554574728012085,0.44291549921035767,0.4484395980834961,0.734525740146637,0.23824767768383026,0.5563108921051025,0.4818260669708252,0.381460040807724,0.5032281875610352,0.842070996761322,-0.05063556507229805,0.6060086488723755,0.4820999205112457,0.21474942564964294,0.4513028562068939,0.6413184404373169,-0.2652845084667206,0.6261545419692993,0.43648481369018555,0.17253585159778595,0.4438932240009308,0.5983206033706665,-0.30681532621383667,0.6179836988449097,0.47921037673950195,0.16818489134311676,0.4346085786819458,0.5861995816230774,-0.2665160000324249,0.6136666536331177,0.5334742069244385,0.20626462996006012,0.43641525506973267,0.603782594203949,-0.2485765814781189,0.6981073021888733,0.4686252176761627,0.08239401131868362,0.7041693925857544,0.5967559218406677,-0.08222974091768265,0.9265053868293762,0.3887176811695099,-0.06104016304016113,0.9248350262641907,0.4642382860183716,-0.16959258913993835,1.124280333518982,0.3935558795928955,0.1694634109735489,1.1238770484924316,0.4265367388725281,0.037791088223457336,1.1555440425872803,0.41474372148513794,0.18002372980117798,1.150431752204895,0.4374433159828186,0.06529846042394638,1.1714833974838257,0.3091903328895569,0.028194725513458252,1.1843907833099365,0.3406742811203003,-0.14236412942409515
dbp_300121.jpg,0.37991178035736084,0.6080026030540466,-0.03925538808107376,0.3623594343662262,0.6062049865722656,-0.011192485690116882,0.3619425892829895,0.6012150049209595,-0.01148368138819933,0.3615119159221649,0.5951361060142517,-0.011901908554136753,0.3645608723163605,0.6287648677825928,-0.0432126522064209,0.3655996024608612,0.6402798891067505,-0.04313189908862114,0.36643823981285095,0.6535611748695374,-0.043303802609443665,0.36808687448501587,0.6098200678825378,0.1494228094816208,0.3758256137371063,0.6902713179588318,0.006245632655918598,0.3975566029548645,0.6023821234703064,0.02686028555035591,0.3980177342891693,0.6269036531448364,-0.014900315552949905,0.46583670377731323,0.5675633549690247,0.2588050365447998,0.4368847906589508,0.7277970910072327,-0.10692111402750015,0.5492627620697021,0.42815840244293213,0.3171181082725525,0.48372188210487366,0.5756576657295227,-0.3239085376262665,0.5476577281951904,0.23485586047172546,0.22248587012290955,0.43858811259269714,0.3788803517818451,-0.3881683051586151,0.5504189729690552,0.18118412792682648,0.1933518350124359,0.42195966839790344,0.3335529565811157,-0.43314892053604126,0.539848268032074,0.1807081699371338,0.15676158666610718,0.41195496916770935,0.3263894319534302,-0.40837475657463074,0.5410715937614441,0.21082215011119843,0.2015209048986435,0.4168698489665985,0.3391229510307312,-0.3769916296005249,0.705090343952179,0.4839566946029663,0.0973728820681572,0.7086843252182007,0.5710216760635376,-0.09710919111967087,0.9115277528762817,0.37535354495048523,0.10790283977985382,0.9153977036476135,0.4225498139858246,-0.06764492392539978,1.0838615894317627,0.3160662353038788,0.317701518535614,1.1170594692230225,0.36429813504219055,0.06128986179828644,1.1111071109771729,0.327396422624588,0.33516398072242737,1.1500557661056519,0.3848699927330017,0.07571294903755188,1.1253544092178345,0.22883182764053345,0.2436468005180359,1.159570336341858,0.2678164541721344,-0.06510802358388901
dbp_300131.jpg,0.37592265009880066,0.595687747001648,0.06468254327774048,0.35952621698379517,0.6005834937095642,0.08945313841104507,0.3592967391014099,0.5989542603492737,0.08924103528261185,0.35901641845703125,0.5969605445861816,0.08887824416160583,0.36092156171798706,0.613799512386322,0.04851175844669342,0.36168667674064636,0.6222052574157715,0.04854250326752663,0.36246728897094727,0.6321336627006531,0.048432424664497375,0.36544549465179443,0.6186726093292236,0.22538158297538757,0.375615656375885,0.6749240159988403,0.03643392398953438,0.39346373081207275,0.5973524451255798,0.12191801518201828,0.39295902848243713,0.6118188500404358,0.06807155907154083,0.48014941811561584,0.5691348910331726,0.32320359349250793,0.4305391311645508,0.7188735008239746,-0.09272963553667068,0.5335542559623718,0.38840124011039734,0.3673848807811737,0.3998916447162628,0.49176135659217834,-0.21932779252529144,0.5140672922134399,0.19470074772834778,0.34464550018310547,0.3585607707500458,0.28808555006980896,-0.18296359479427338,0.47543203830718994,0.1487302929162979,0.34088224172592163,0.3476882576942444,0.23911266028881073,-0.22429686784744263,0.4674984812736511,0.1436006873846054,0.2879057824611664,0.3464061915874481,0.23520666360855103,-0.18228691816329956,0.4702349603176117,0.1646462380886078,0.3178759813308716,0.3483632206916809,0.24907737970352173,-0.16381703317165375,0.7402486205101013,0.48738402128219604,0.09834912419319153,0.7274267077445984,0.5632889866828918,-0.09819279611110687,0.9594199061393738,0.39010781049728394,0.05866117402911186,0.9449704885482788,0.4312644898891449,-0.09782014787197113,1.1181607246398926,0.35838398337364197,0.33101996779441833,1.1426217555999756,0.39642396569252014,0.06911501288414001,1.1387743949890137,0.3707413077354431,0.3570726215839386,1.1686968803405762,0.41710519790649414,0.08610686659812927,1.1570020914077759,0.2972906827926636,0.262336403131485,1.185095191001892,0.31532594561576843,-0.04910888522863388
dbp_300141.jpg,0.3748513162136078,0.5859283804893494,0.06712021678686142,0.3587254583835602,0.592132031917572,0.09199188649654388,0.35861095786094666,0.5919185280799866,0.09177077561616898,0.35841456055641174,0.5919254422187805,0.09140998870134354,0.3592929542064667,0.6017478704452515,0.04584244638681412,0.35967257618904114,0.6086957454681396,0.045861221849918365,0.36009252071380615,0.6167943477630615,0.045720938593149185,0.36428937315940857,0.6196334958076477,0.23174981772899628,0.3726383447647095,0.6557184457778931,0.024763058871030807,0.3919878602027893,0.5905625820159912,0.12643839418888092,0.39101138710975647,0.601391613483429,0.06591664999723434,0.4808633625507355,0.5641803741455078,0.3335131108760834,0.42718568444252014,0.7097417712211609,-0.1109718382358551,0.5231466889381409,0.3683537244796753,0.40325209498405457,0.3897230327129364,0.5010986924171448,-0.2529642879962921,0.5102670788764954,0.17222940921783447,0.3956323564052582,0.3340451121330261,0.29321902990341187,-0.1883595585823059,0.4674745202064514,0.1281883418560028,0.38972872495651245,0.326863557100296,0.2467682957649231,-0.2270740419626236,0.4612371325492859,0.12267843633890152,0.3446747958660126,0.3192596137523651,0.24634209275245667,-0.18710222840309143,0.4667363166809082,0.1505632847547531,0.3724619448184967,0.321446031332016,0.2585732638835907,-0.17004552483558655,0.7441174983978271,0.4664953351020813,0.09858332574367523,0.7311736941337585,0.5507805943489075,-0.0984235554933548,0.9731164574623108,0.37738922238349915,0.07667947560548782,0.9582504034042358,0.4063042998313904,-0.10102851688861847,1.139488935470581,0.3523097634315491,0.32613399624824524,1.1599193811416626,0.3794170320034027,0.07002182304859161,1.161350131034851,0.3657279908657074,0.3485115170478821,1.186168909072876,0.40010660886764526,0.08582736551761627,1.1780643463134766,0.29354673624038696,0.24747425317764282,1.204616665840149,0.3058854341506958,-0.05123196542263031
dbp_300151.jpg,0.3731686770915985,0.5748006701469421,0.03048781305551529,0.35799694061279297,0.5820421576499939,0.05473070591688156,0.3578810393810272,0.5826326012611389,0.05449434742331505,0.3576922118663788,0.5836566686630249,0.05413395166397095,0.3590194880962372,0.5892095565795898,0.00710804620757699,0.3589087724685669,0.5950231552124023,0.007152468431740999,0.3587239384651184,0.6019516587257385,0.0069428193382918835,0.36365073919296265,0.612935483455658,0.19338126480579376,0.36901554465293884,0.6399063467979431,-0.019813725724816322,0.39026227593421936,0.580517053604126,0.08937379717826843,0.38922372460365295,0.5901916027069092,0.026731226593255997,0.4751160442829132,0.5611830949783325,0.29819709062576294,0.42622098326683044,0.7045338749885559,-0.15750272572040558,0.5181596875190735,0.35814985632896423,0.38219133019447327,0.381700336933136,0.519050121307373,-0.3400903344154358,0.48888105154037476,0.15392746031284332,0.36937952041625977,0.31736570596694946,0.31337544322013855,-0.3043837547302246,0.4632156789302826,0.09491436928510666,0.3695622980594635,0.311727374792099,0.2680993974208832,-0.3379004895687103,0.45670267939567566,0.09005878120660782,0.30862516164779663,0.3054617643356323,0.26720425486564636,-0.30156537890434265,0.4607923924922943,0.11365539580583572,0.3348587453365326,0.3082590401172638,0.28120145201683044,-0.2858051359653473,0.7497689723968506,0.45175811648368835,0.10197312384843826,0.7329336404800415,0.5397384166717529,-0.1018558219075203,0.9674196839332581,0.3675822913646698,0.09409026056528091,0.9579585194587708,0.41755950450897217,-0.08954493701457977,1.1189494132995605,0.3456835150718689,0.3707481622695923,1.1463260650634766,0.3792285621166229,0.10232377797365189,1.1386884450912476,0.35881587862968445,0.3954499661922455,1.1731892824172974,0.39848849177360535,0.11995851993560791,1.1595017910003662,0.2910798192024231,0.3008931577205658,1.1900179386138916,0.29680219292640686,-0.014750993810594082
dbp_300161.jpg,0.36112841963768005,0.5728048086166382,0.06426314264535904,0.3464617133140564,0.5812717080116272,0.09033119678497314,0.34666797518730164,0.5814005136489868,0.09015259146690369,0.3469632863998413,0.5820189714431763,0.08981501311063766,0.3451833724975586,0.5898944139480591,0.046569835394620895,0.3443652391433716,0.5961662530899048,0.046658847481012344,0.34339553117752075,0.6031466126441956,0.04652152583003044,0.35384100675582886,0.6072826981544495,0.2314169555902481,0.3507465422153473,0.6362135410308838,0.03363281860947609,0.38026055693626404,0.5753408670425415,0.12374453246593475,0.3769800066947937,0.5855115652084351,0.06613987684249878,0.47218096256256104,0.5421286225318909,0.3221607208251953,0.41447240114212036,0.706477165222168,-0.10317003726959229,0.4882488548755646,0.35537877678871155,0.39376625418663025,0.36586424708366394,0.5375577807426453,-0.2913967967033386,0.44167381525039673,0.16125963628292084,0.37394657731056213,0.2843385934829712,0.3446378707885742,-0.27414625883102417,0.4330739974975586,0.11307578533887863,0.3652817904949188,0.2792258560657501,0.29369744658470154,-0.31124094128608704,0.42202726006507874,0.11039197444915771,0.31915083527565,0.27754518389701843,0.2977851629257202,-0.2742287516593933,0.42683929204940796,0.1271519511938095,0.349075585603714,0.28118959069252014,0.3080463111400604,-0.2565470039844513,0.738136351108551,0.4447326958179474,0.09966645389795303,0.7228115200996399,0.5305576324462891,-0.09951815009117126,0.9613598585128784,0.3689103126525879,0.1259731501340866,0.9500428438186646,0.4181306064128876,-0.05217316001653671,1.108192801475525,0.3551173806190491,0.3913649320602417,1.1373649835586548,0.38964715600013733,0.11952827870845795,1.1286662817001343,0.3711875379085541,0.4166768491268158,1.1652183532714844,0.4100480377674103,0.13661520183086395,1.144254207611084,0.296509325504303,0.3419758379459381,1.1794123649597168,0.31266310811042786,0.014778156764805317
dbp_300171.jpg,0.3406377136707306,0.5785183906555176,0.036566153168678284,0.32570400834083557,0.5878663063049316,0.05570225417613983,0.3257104754447937,0.5878846049308777,0.05553363263607025,0.32559460401535034,0.5877403616905212,0.05522354692220688,0.3240970969200134,0.5958449840545654,0.012410912662744522,0.32310450077056885,0.6018124222755432,0.012632055208086967,0.3218768537044525,0.6083217859268188,0.012568922713398933,0.3322891294956207,0.6083139181137085,0.17825502157211304,0.32944822311401367,0.6420388221740723,-0.018394632264971733,0.3611554205417633,0.5815399885177612,0.09081795811653137,0.3569663166999817,0.5915586352348328,0.03339143469929695,0.4489264488220215,0.5485793948173523,0.258256196975708,0.3986950218677521,0.7090437412261963,-0.12445009499788284,0.47874969244003296,0.3836615979671478,0.3538002073764801,0.35786545276641846,0.5482124090194702,-0.2710394859313965,0.4266485571861267,0.2117031067609787,0.3314749300479889,0.26661694049835205,0.3665883243083954,-0.2522410452365875,0.4164414703845978,0.1715593785047531,0.31773728132247925,0.25998061895370483,0.3064509332180023,-0.28335845470428467,0.4098280668258667,0.16839832067489624,0.26722219586372375,0.26099780201911926,0.32759398221969604,-0.26705971360206604,0.414808064699173,0.18691745400428772,0.3062421381473541,0.26557695865631104,0.31833532452583313,-0.2447417676448822,0.7344886064529419,0.44979897141456604,0.08363191783428192,0.7197145819664001,0.542951226234436,-0.08322303742170334,0.9422076940536499,0.3667142689228058,0.12187536060810089,0.925218939781189,0.43883180618286133,-0.007793068885803223,1.082556128501892,0.3653689920902252,0.3668760061264038,1.1083532571792603,0.4059699475765228,0.15515971183776855,1.0996711254119873,0.3833813965320587,0.38972342014312744,1.1414339542388916,0.42257004976272583,0.17224662005901337,1.129904866218567,0.3121797442436218,0.3147505521774292,1.141980767250061,0.3344588577747345,0.055666547268629074
dbp_300181.jpg,0.33949002623558044,0.5957393646240234,0.042492907494306564,0.32447853684425354,0.6091838479042053,0.06969960778951645,0.32429367303848267,0.6099783778190613,0.06955133378505707,0.32396575808525085,0.6114208698272705,0.06925831735134125,0.32338014245033264,0.6168012022972107,0.02905234694480896,0.3225346803665161,0.6230329871177673,0.029168687760829926,0.3214648962020874,0.6298282742500305,0.0290402602404356,0.33122071623802185,0.6400064826011658,0.21643123030662537,0.329149067401886,0.6638169884681702,0.0345468670129776,0.35942527651786804,0.5984813570976257,0.10477457195520401,0.355796754360199,0.6078658699989319,0.050877444446086884,0.4491507112979889,0.5511553287506104,0.29048246145248413,0.40013182163238525,0.7336729168891907,-0.09251556545495987,0.48151838779449463,0.39569053053855896,0.38848447799682617,0.3647522032260895,0.5771657824516296,-0.3494114577770233,0.424643874168396,0.23246660828590393,0.38047221302986145,0.2855309247970581,0.43851467967033386,-0.42711684107780457,0.41401007771492004,0.19337227940559387,0.3729831576347351,0.27389955520629883,0.40386059880256653,-0.47287723422050476,0.40190139412879944,0.1915312260389328,0.3196292519569397,0.27370426058769226,0.4047485888004303,-0.4400474727153778,0.4052492678165436,0.20800581574440002,0.3552296757698059,0.27938172221183777,0.40390288829803467,-0.41426822543144226,0.7291384339332581,0.4567304849624634,0.08360946923494339,0.7238282561302185,0.5459025502204895,-0.08321204036474228,0.9414786696434021,0.376139760017395,0.0942656472325325,0.9580004811286926,0.4537348449230194,-0.04496846720576286,1.1075352430343628,0.37337034940719604,0.36256352066993713,1.1379088163375854,0.446904718875885,0.13299806416034698,1.1228984594345093,0.39480891823768616,0.38725078105926514,1.1632728576660156,0.45209383964538574,0.1499311625957489,1.165332555770874,0.3405728042125702,0.2972593307495117,1.1891369819641113,0.39033791422843933,0.013961284421384335
dbp_300191.jpg,0.34183046221733093,0.6184605360031128,0.049723368138074875,0.32650524377822876,0.6292244791984558,0.07725881040096283,0.3264363706111908,0.6296474933624268,0.07710438221693039,0.3262577950954437,0.6305693984031677,0.076796755194664,0.3256445825099945,0.6379702687263489,0.04000888764858246,0.32506948709487915,0.644533097743988,0.0401340015232563,0.32426947355270386,0.6518270373344421,0.0400269515812397,0.33281680941581726,0.659369170665741,0.22236816585063934,0.3307773172855377,0.6874771118164062,0.052387937903404236,0.36101609468460083,0.6199005842208862,0.10886625200510025,0.3580523431301117,0.6306397318840027,0.05924700200557709,0.45424965023994446,0.580646812915802,0.29258012771606445,0.40826669335365295,0.7488507032394409,-0.06879901140928268,0.48273468017578125,0.4188646078109741,0.36029455065727234,0.3721420466899872,0.6043086051940918,-0.3203122913837433,0.4282649755477905,0.26237326860427856,0.3288259208202362,0.29810646176338196,0.4670090973377228,-0.41888898611068726,0.4209027886390686,0.22329862415790558,0.30583661794662476,0.2863503694534302,0.4385417103767395,-0.46865037083625793,0.4114763140678406,0.22499877214431763,0.2570773661136627,0.2857568562030792,0.43872350454330444,-0.4411619305610657,0.4135744273662567,0.2422468662261963,0.303390771150589,0.29178503155708313,0.44210517406463623,-0.40982159972190857,0.7441281676292419,0.46734702587127686,0.06769376248121262,0.7344321012496948,0.555713415145874,-0.06721670925617218,0.9447084665298462,0.4216058850288391,0.0924774631857872,0.9589298963546753,0.4867038428783417,-0.013442504219710827,1.1148990392684937,0.397261381149292,0.3394266963005066,1.1430829763412476,0.46262773871421814,0.13566166162490845,1.1326470375061035,0.41690999269485474,0.36325424909591675,1.16851007938385,0.4645565152168274,0.14873747527599335,1.164635181427002,0.35836973786354065,0.28424838185310364,1.1929664611816406,0.4028637409210205,0.005655331537127495
dbp_400001.jpg,0.20839491486549377,0.6486701369285583,-0.5382611155509949,0.190630242228508,0.6593295931816101,-0.5382490754127502,0.18704059720039368,0.6531912684440613,-0.5383620858192444,0.18362317979335785,0.6466262340545654,-0.5385767221450806,0.20233924686908722,0.6823888421058655,-0.5465198159217834,0.20658032596111298,0.6908174157142639,-0.5465155839920044,0.21108300983905792,0.6995242238044739,-0.5467537045478821,0.1892075389623642,0.6440445184707642,-0.42570236325263977,0.2177363485097885,0.6990980505943298,-0.4638577997684479,0.2146574705839157,0.628650963306427,-0.4857030212879181,0.22777846455574036,0.6557006239891052,-0.4964582026004791,0.2611067295074463,0.5149635076522827,-0.28516680002212524,0.31606820225715637,0.673960268497467,-0.40164217352867126,0.351654052734375,0.420022577047348,-0.16759273409843445,0.453918993473053,0.5925017595291138,-0.3756026327610016,0.401554673910141,0.2646624743938446,-0.18300586938858032,0.5641191005706787,0.4374660849571228,-0.37621861696243286,0.41297659277915955,0.22521038353443146,-0.18419383466243744,0.5952681303024292,0.3962053060531616,-0.40894070267677307,0.40917450189590454,0.22619357705116272,-0.22148720920085907,0.5855036377906799,0.3660326600074768,-0.39947113394737244,0.4098680317401886,0.24313344061374664,-0.19731388986110687,0.5685015916824341,0.3892256021499634,-0.37386319041252136,0.49085527658462524,0.4423048794269562,0.03551571071147919,0.5538066625595093,0.5501880049705505,-0.035174064338207245,0.3990519344806671,0.31405937671661377,-0.15095274150371552,0.6115962862968445,0.5829563140869141,-0.5593405365943909,0.532715380191803,0.3991904854774475,-0.004436555318534374,0.6424979567527771,0.37040671706199646,-0.3646368086338043,0.5441856980323792,0.42160552740097046,0.013989593833684921,0.6310601830482483,0.3545404076576233,-0.3358266055583954,0.5845937132835388,0.3984701931476593,-0.012851455248892307,0.6731693744659424,0.26257628202438354,-0.3900275230407715
dbp_400011.jpg,0.21086303889751434,0.6421040892601013,-0.8384534120559692,0.181239053606987,0.653159499168396,-0.8409990668296814,0.1747485250234604,0.6326854825019836,-0.840867280960083,0.16830211877822876,0.6162728667259216,-0.8409464955329895,0.1902657151222229,0.6777275800704956,-0.8372786045074463,0.1935889720916748,0.6909556984901428,-0.8373069763183594,0.19576944410800934,0.6990897059440613,-0.8374245762825012,0.17182135581970215,0.5887377262115479,-0.7351690530776978,0.2090957909822464,0.7044552564620972,-0.7232388854026794,0.22409610450267792,0.6046721935272217,-0.7885340452194214,0.24367676675319672,0.6532509922981262,-0.784420371055603,0.22267235815525055,0.5142911076545715,-0.5314115881919861,0.3214302659034729,0.6679381728172302,-0.6098961234092712,0.32793429493904114,0.41620588302612305,-0.23616056144237518,0.4747012257575989,0.5621606707572937,-0.5626950860023499,0.39718011021614075,0.2637972831726074,-0.050915781408548355,0.6267318725585938,0.3718390166759491,-0.5887452960014343,0.4048409163951874,0.22546838223934174,-0.03339065611362457,0.6488672494888306,0.325989305973053,-0.6427158713340759,0.41054174304008484,0.22689448297023773,-0.085555799305439,0.6205889582633972,0.3070213794708252,-0.6579869985580444,0.41227200627326965,0.24290738999843597,-0.06464555114507675,0.608424723148346,0.320862352848053,-0.5978769659996033,0.40516790747642517,0.4460994601249695,0.030318481847643852,0.48361605405807495,0.5534265637397766,-0.030456608161330223,0.34913069009780884,0.4106277823448181,0.40000614523887634,0.5213613510131836,0.594865620136261,0.15505585074424744,0.29493600130081177,0.5076529383659363,0.7666931748390198,0.5201964378356934,0.48321962356567383,0.5310893058776855,0.2980591952800751,0.5284034609794617,0.8045616149902344,0.5178289413452148,0.46882492303848267,0.5675690174102783,0.276217520236969,0.48756057024002075,0.8498148322105408,0.5418506860733032,0.4486401379108429,0.5494391322135925
dbp_400021.jpg,0.2151356190443039,0.6229087710380554,-1.0351026058197021,0.18913467228412628,0.6313088536262512,-1.0266245603561401,0.18302513659000397,0.6134580969810486,-1.0264979600906372,0.17701704800128937,0.5991230607032776,-1.0265605449676514,0.20567600429058075,0.6683518886566162,-1.027011513710022,0.21172389388084412,0.6871723532676697,-1.0271344184875488,0.21748319268226624,0.6938384771347046,-1.0271788835525513,0.185897096991539,0.5821173191070557,-0.8779171109199524,0.2245188057422638,0.7058776617050171,-0.885705292224884,0.23161035776138306,0.582086443901062,-0.9707381129264832,0.2514449656009674,0.6277420520782471,-0.9724656939506531,0.2384042888879776,0.5118426084518433,-0.6342541575431824,0.33538123965263367,0.6768853068351746,-0.7202191948890686,0.3380102813243866,0.416398823261261,-0.34176546335220337,0.5197219848632812,0.5743604898452759,-0.6774618029594421,0.4019987881183624,0.26383593678474426,-0.1566329151391983,0.6261281967163086,0.36273878812789917,-0.7184198498725891,0.40138372778892517,0.22637026011943817,-0.1357351690530777,0.6467357277870178,0.318700909614563,-0.769302487373352,0.408629834651947,0.2265174239873886,-0.1959942728281021,0.6250658631324768,0.3034510612487793,-0.80865079164505,0.4117977023124695,0.24134868383407593,-0.17128612101078033,0.6171241402626038,0.31429117918014526,-0.7357158064842224,0.3749071955680847,0.4550519585609436,0.029111048206686974,0.4687710404396057,0.5681797862052917,-0.02917797677218914,0.21102944016456604,0.48151952028274536,-0.026927407830953598,0.5390568971633911,0.6050085425376892,-0.44598111510276794,0.10409968346357346,0.47075802087783813,0.14284834265708923,0.5730350017547607,0.4984959065914154,-0.307550847530365,0.1197662428021431,0.4672006368637085,0.1647125780582428,0.5772227644920349,0.47220009565353394,-0.29184043407440186,0.03333836421370506,0.4710009694099426,0.17239579558372498,0.601058304309845,0.4826596975326538,-0.3731708526611328
dbp_400031.jpg,0.197577103972435,0.6409683227539062,-0.5277084708213806,0.18045678734779358,0.6472135186195374,-0.5123457908630371,0.17660312354564667,0.6369572877883911,-0.5123237371444702,0.1715327352285385,0.6212129592895508,-0.5125316381454468,0.192800372838974,0.6766570806503296,-0.5226994752883911,0.19758489727973938,0.6911525130271912,-0.5227494239807129,0.20272022485733032,0.6998567581176758,-0.5228695869445801,0.19425010681152344,0.6013985872268677,-0.38690710067749023,0.2174043208360672,0.7097690105438232,-0.4394053518772125,0.21180202066898346,0.6139495372772217,-0.47670188546180725,0.22295472025871277,0.6476487517356873,-0.4897485375404358,0.2553541362285614,0.5236833691596985,-0.25862058997154236,0.3044375777244568,0.681098222732544,-0.4312437176704407,0.3343338370323181,0.4207315742969513,-0.1628876030445099,0.479649156332016,0.5970498323440552,-0.3734424412250519,0.39171427488327026,0.2732960283756256,-0.1823722869157791,0.5711467862129211,0.44324445724487305,-0.37195464968681335,0.39391830563545227,0.2317970246076584,-0.18860764801502228,0.586706817150116,0.4456694722175598,-0.39652740955352783,0.4000968039035797,0.2337753027677536,-0.23414984345436096,0.5885072350502014,0.32977747917175293,-0.424480140209198,0.40362319350242615,0.24870741367340088,-0.20224860310554504,0.5651615858078003,0.3797500729560852,-0.38469812273979187,0.4001743495464325,0.45905694365501404,0.029371580109000206,0.46970680356025696,0.568074107170105,-0.029831189662218094,0.27787548303604126,0.47252824902534485,-0.0031765771564096212,0.5647553205490112,0.5747420787811279,-0.24291178584098816,0.22013013064861298,0.49410200119018555,0.11711359024047852,0.6181787848472595,0.3970157206058502,0.0014288038946688175,0.22536103427410126,0.4957970082759857,0.1334589421749115,0.6143555045127869,0.3727376163005829,0.031123893335461617,0.17825652658939362,0.4875245690345764,0.1771058291196823,0.6637466549873352,0.32857745885849,0.061848998069763184
dbp_400041.jpg,0.19071650505065918,0.6526692509651184,-0.7590713500976562,0.17228589951992035,0.6637438535690308,-0.7470182776451111,0.1668943613767624,0.6527915596961975,-0.7469474077224731,0.1608298122882843,0.6423999071121216,-0.7471491098403931,0.1886472851037979,0.6879911422729492,-0.7437865138053894,0.19542492926120758,0.6975375413894653,-0.7439240217208862,0.20249882340431213,0.705264687538147,-0.7440944910049438,0.16604511439800262,0.6021056175231934,-0.6107097864151001,0.21907778084278107,0.7127538919448853,-0.595504105091095,0.1971910297870636,0.6190459132194519,-0.7037582397460938,0.21569867432117462,0.6543999910354614,-0.6990121006965637,0.21131671965122223,0.5251615643501282,-0.4149813652038574,0.3072253167629242,0.6813536286354065,-0.5323973298072815,0.26356440782546997,0.4212687611579895,-0.21228034794330597,0.4910826086997986,0.597463846206665,-0.558135449886322,0.30252042412757874,0.3472357988357544,-0.12571017444133759,0.6168659329414368,0.4011974632740021,-0.62273770570755,0.30678585171699524,0.31702977418899536,-0.11590435355901718,0.6537721753120422,0.37077614665031433,-0.6625840663909912,0.31581053137779236,0.32166916131973267,-0.14523692429065704,0.6313987374305725,0.3070892095565796,-0.6769347786903381,0.3231258690357208,0.3351367115974426,-0.13248461484909058,0.615840494632721,0.33317533135414124,-0.6294389963150024,0.39980199933052063,0.46146973967552185,0.033095985651016235,0.4670705795288086,0.5599601864814758,-0.03337765112519264,0.3698733150959015,0.416625440120697,0.018680261448025703,0.5707514882087708,0.5733025670051575,-0.10043299943208694,0.419832319021225,0.3851299583911896,0.4656026065349579,0.5748350620269775,0.4098874032497406,0.37022534012794495,0.4332945942878723,0.3902222216129303,0.5107782483100891,0.5657534003257751,0.39967429637908936,0.4208226501941681,0.43407759070396423,0.3225037157535553,0.4987627863883972,0.6052541136741638,0.3205610513687134,0.38262683153152466
dbp_400051.jpg,0.1946062296628952,0.6624670028686523,-0.854253351688385,0.17690704762935638,0.6725672483444214,-0.8346827030181885,0.17160648107528687,0.6637178659439087,-0.8345175981521606,0.1664070039987564,0.6545641422271729,-0.8346699476242065,0.19280309975147247,0.6935034990310669,-0.8300570845603943,0.19920498132705688,0.7011629939079285,-0.8302068710327148,0.2061072140932083,0.7086653113365173,-0.8303743004798889,0.16585904359817505,0.6295633316040039,-0.6612530946731567,0.22128576040267944,0.7142351865768433,-0.6407297849655151,0.20015622675418854,0.6304090619087219,-0.7854878902435303,0.21748964488506317,0.6617352962493896,-0.7795684933662415,0.20830920338630676,0.5279795527458191,-0.4367896020412445,0.30629608035087585,0.6840956807136536,-0.5718559622764587,0.2274956852197647,0.4531063437461853,-0.2533579170703888,0.4830882251262665,0.5923512578010559,-0.6466594934463501,0.2101885974407196,0.4717767834663391,-0.12891288101673126,0.6195882558822632,0.3748220205307007,-0.7201505303382874,0.20338742434978485,0.46360597014427185,-0.10973706096410751,0.6516578793525696,0.3323195278644562,-0.7512794137001038,0.21094347536563873,0.47157660126686096,-0.11937343329191208,0.6289609670639038,0.2955112159252167,-0.7660108208656311,0.22102101147174835,0.47418445348739624,-0.12584243714809418,0.6189514994621277,0.30923306941986084,-0.7249796390533447,0.4030873477458954,0.46286240220069885,0.027977751567959785,0.47236379981040955,0.5606889128684998,-0.028184834867715836,0.3414420783519745,0.4150142967700958,-0.2966948449611664,0.5898364782333374,0.5881791710853577,-0.4208274185657501,0.4151228070259094,0.3541707396507263,0.16593225300312042,0.5767403841018677,0.41268759965896606,0.013990684412419796,0.43375566601753235,0.35484862327575684,0.21260342001914978,0.5606759190559387,0.40134140849113464,0.06575094908475876,0.43208733201026917,0.28882887959480286,0.15411265194416046,0.609283447265625,0.3162429928779602,-0.01626710779964924
dbp_400061.jpg,0.19642749428749084,0.6691035032272339,-0.8056599497795105,0.17951442301273346,0.679372251033783,-0.797152578830719,0.17446425557136536,0.6684414148330688,-0.7971393465995789,0.16958479583263397,0.6615021824836731,-0.7973796725273132,0.19540448486804962,0.6999484896659851,-0.7996271252632141,0.20180854201316833,0.7079606652259827,-0.7998526692390442,0.20883408188819885,0.7171261310577393,-0.8001306056976318,0.1814238429069519,0.640654444694519,-0.6623257994651794,0.23085223138332367,0.7140779495239258,-0.671661913394928,0.2014041543006897,0.6393276453018188,-0.7470675706863403,0.22047831118106842,0.6665289402008057,-0.749874472618103,0.2129112333059311,0.5306728482246399,-0.4699254333972931,0.312838077545166,0.685802698135376,-0.5893405675888062,0.27099111676216125,0.45160743594169617,-0.2937127351760864,0.48803889751434326,0.6186248064041138,-0.6066337823867798,0.2993423640727997,0.3940027058124542,-0.23879173398017883,0.6247358322143555,0.3777672350406647,-0.6679918766021729,0.29489248991012573,0.3745782673358917,-0.24938151240348816,0.6500328183174133,0.43458911776542664,-0.7210606336593628,0.30122536420822144,0.3803733289241791,-0.2849614918231964,0.6345489025115967,0.39160507917404175,-0.7362545728683472,0.3097873628139496,0.38478678464889526,-0.2510380446910858,0.6266321539878845,0.32434967160224915,-0.6765899062156677,0.3968070149421692,0.46521124243736267,0.0305822491645813,0.4786699712276459,0.5611865520477295,-0.030800463631749153,0.4121687114238739,0.41590702533721924,0.4324195086956024,0.545219361782074,0.5614124536514282,0.3293990194797516,0.4357059895992279,0.37095579504966736,0.8546416163444519,0.5513032674789429,0.4624476432800293,0.7788100838661194,0.43957871198654175,0.3727329969406128,0.8985278606414795,0.542646050453186,0.4613058269023895,0.8255534768104553,0.4534245431423187,0.3146297335624695,0.8555496335029602,0.5817703604698181,0.3933693468570709,0.7517900466918945
dbp_400071.jpg,0.19775079190731049,0.6649155616760254,-0.8158082365989685,0.1811920702457428,0.6744323372840881,-0.8053563237190247,0.1769626885652542,0.6660940051078796,-0.8053323030471802,0.17251035571098328,0.6571190357208252,-0.8055840730667114,0.19550563395023346,0.6978687047958374,-0.8103317022323608,0.2016204446554184,0.707517683506012,-0.8105283379554749,0.20831678807735443,0.7168535590171814,-0.8107147812843323,0.1887028068304062,0.6397650241851807,-0.6681275963783264,0.22512736916542053,0.7218788862228394,-0.6899506449699402,0.20550760626792908,0.6371236443519592,-0.7577532529830933,0.22279712557792664,0.66725754737854,-0.764015257358551,0.22548438608646393,0.530122697353363,-0.4872378408908844,0.32106560468673706,0.6903296113014221,-0.5947755575180054,0.2879538834095001,0.4469660818576813,-0.33911868929862976,0.47812023758888245,0.6205642223358154,-0.5903257727622986,0.30863282084465027,0.360978901386261,-0.3322522044181824,0.5604655742645264,0.48017314076423645,-0.6494445204734802,0.3021421432495117,0.33506396412849426,-0.3568798005580902,0.5937512516975403,0.4713938534259796,-0.7082077264785767,0.30497434735298157,0.33595895767211914,-0.39490655064582825,0.581155002117157,0.4479084014892578,-0.7204052805900574,0.31371814012527466,0.3469499945640564,-0.34964150190353394,0.5601951479911804,0.44235941767692566,-0.6592615842819214,0.3919636607170105,0.479905366897583,0.025106986984610558,0.4636043608188629,0.570393443107605,-0.02554970420897007,0.4134315848350525,0.3784191906452179,0.44643548130989075,0.5238621830940247,0.5971869826316833,0.38290002942085266,0.40376541018486023,0.25814956426620483,0.8529165983200073,0.5432031154632568,0.5368870496749878,0.8159126043319702,0.4165051579475403,0.25055864453315735,0.8939820528030396,0.5365258455276489,0.5291604995727539,0.8592143654823303,0.4028947055339813,0.1957705318927765,0.8292961120605469,0.5910884737968445,0.5155498385429382,0.7724568247795105
dbp_400081.jpg,0.19982655346393585,0.6678758263587952,-1.004801869392395,0.1826528012752533,0.6747354865074158,-0.9938583970069885,0.1781182885169983,0.6665399074554443,-0.9937191009521484,0.1729254275560379,0.6565968990325928,-0.9939451813697815,0.19747179746627808,0.6986815333366394,-0.9910146594047546,0.20360568165779114,0.707225501537323,-0.9912541508674622,0.2104230672121048,0.7160536646842957,-0.9914496541023254,0.17739461362361908,0.638600766658783,-0.8223245143890381,0.22510027885437012,0.722955048084259,-0.8083006739616394,0.2062220424413681,0.6366215944290161,-0.9317666292190552,0.22369711101055145,0.6699197292327881,-0.9277774095535278,0.21101069450378418,0.5307955145835876,-0.5715991854667664,0.30961698293685913,0.6909294724464417,-0.6737611293792725,0.23014432191848755,0.46346551179885864,-0.33738473057746887,0.453535258769989,0.6668962836265564,-0.626424252986908,0.20937912166118622,0.4628857374191284,-0.1818103939294815,0.5539109706878662,0.5861110091209412,-0.6365869641304016,0.19315306842327118,0.45830145478248596,-0.18307724595069885,0.5812109112739563,0.5879223942756653,-0.6768910884857178,0.1992911696434021,0.460068017244339,-0.2235357165336609,0.5712140798568726,0.5610206127166748,-0.6960219144821167,0.2098119556903839,0.46255505084991455,-0.19058772921562195,0.5553699135780334,0.5542763471603394,-0.6465683579444885,0.39286404848098755,0.4846041798591614,0.024589456617832184,0.45769307017326355,0.5718940496444702,-0.025022899731993675,0.399856299161911,0.3834611177444458,0.4762727916240692,0.5301458239555359,0.5650048851966858,0.3699338734149933,0.3901994824409485,0.29129737615585327,0.8969551920890808,0.5516241788864136,0.5047469139099121,0.8274251818656921,0.4031801223754883,0.25684356689453125,0.9393693208694458,0.5443966388702393,0.4980219602584839,0.8750088214874268,0.40044111013412476,0.22912423312664032,0.8730884194374084,0.5934634804725647,0.4593522846698761,0.7813695073127747
dbp_400091.jpg,0.2040828913450241,0.6683114767074585,-0.7924607992172241,0.18808074295520782,0.6784397959709167,-0.7785906195640564,0.18372628092765808,0.6730258464813232,-0.7784897685050964,0.17879857122898102,0.6629399657249451,-0.778661847114563,0.20255880057811737,0.6983016729354858,-0.7850998044013977,0.20845749974250793,0.7060839533805847,-0.7852107286453247,0.21492765843868256,0.7146381139755249,-0.7853537201881409,0.1813170611858368,0.6488094329833984,-0.6342849135398865,0.22817963361740112,0.722513735294342,-0.690002977848053,0.20956680178642273,0.6429162621498108,-0.7318912744522095,0.22661902010440826,0.67156982421875,-0.741507887840271,0.225865438580513,0.5642265677452087,-0.4399479627609253,0.29834815859794617,0.6927467584609985,-0.4980267882347107,0.22971874475479126,0.501029908657074,-0.26197296380996704,0.4166087210178375,0.6739601492881775,-0.38873663544654846,0.19216397404670715,0.5047768950462341,-0.24037356674671173,0.48645222187042236,0.6129246354103088,-0.3598807156085968,0.1782912313938141,0.5022300481796265,-0.25099098682403564,0.5046325922012329,0.6101743578910828,-0.3818715214729309,0.17762227356433868,0.5090864300727844,-0.2753027677536011,0.4963836073875427,0.6014308333396912,-0.40945836901664734,0.1862611174583435,0.5106644034385681,-0.2508760094642639,0.4872376024723053,0.597769558429718,-0.37018871307373047,0.3949525058269501,0.5052191615104675,0.017340749502182007,0.4639798104763031,0.589847207069397,-0.017608005553483963,0.3802932798862457,0.3755335807800293,0.1680068075656891,0.5477889776229858,0.6175289750099182,0.005901522934436798,0.3890669047832489,0.2101707011461258,0.3981093466281891,0.5552381277084351,0.45359665155410767,0.38336604833602905,0.39977404475212097,0.20222356915473938,0.4207312762737274,0.5414071679115295,0.43599680066108704,0.42362701892852783,0.3764840066432953,0.18551138043403625,0.3101436495780945,0.5803549885749817,0.3875671923160553,0.32669150829315186
dbp_400101.jpg,0.2082396000623703,0.6667085289955139,-0.8440729975700378,0.19134894013404846,0.675410270690918,-0.8377012610435486,0.186580091714859,0.6702793836593628,-0.8376330137252808,0.18152683973312378,0.6605606079101562,-0.8379181623458862,0.2054096907377243,0.695693850517273,-0.8390814065933228,0.210327610373497,0.7038933634757996,-0.8392934203147888,0.21563200652599335,0.7122783064842224,-0.8394832611083984,0.188306525349617,0.6476883888244629,-0.6915261149406433,0.23075298964977264,0.721205472946167,-0.6994269490242004,0.2125014215707779,0.6406257748603821,-0.7797737717628479,0.23006267845630646,0.6698111295700073,-0.7819335460662842,0.22166644036769867,0.5600547194480896,-0.47956234216690063,0.3018961548805237,0.6935861110687256,-0.5622934699058533,0.22445020079612732,0.4813852906227112,-0.35601893067359924,0.4275757074356079,0.664226770401001,-0.45250245928764343,0.19773373007774353,0.4974937438964844,-0.33087554574012756,0.47585949301719666,0.5908640623092651,-0.39813077449798584,0.18402798473834991,0.5024367570877075,-0.3468571901321411,0.49193939566612244,0.5824470520019531,-0.4234442114830017,0.18665112555027008,0.5111695528030396,-0.35335978865623474,0.4807021915912628,0.5686297416687012,-0.4364074170589447,0.1955925077199936,0.5109401941299438,-0.33392277359962463,0.4726477861404419,0.5679358243942261,-0.401603639125824,0.39028236269950867,0.5031531453132629,0.014492155984044075,0.4590929448604584,0.5866265892982483,-0.014928620308637619,0.4034803509712219,0.3741633892059326,0.3764075040817261,0.5375122427940369,0.6214839220046997,0.19466744363307953,0.3986755609512329,0.24819907546043396,0.7450040578842163,0.5339463353157043,0.4658912718296051,0.6431062817573547,0.3973080813884735,0.21140684187412262,0.784261167049408,0.5197399854660034,0.4516541659832001,0.6930921673774719,0.3986579477787018,0.18643400073051453,0.7134095430374146,0.5694010853767395,0.4013267159461975,0.6289304494857788
dbp_400111.jpg,0.21715736389160156,0.6715155243873596,-0.5941487550735474,0.19953887164592743,0.675376832485199,-0.5842590928077698,0.20977339148521423,0.675517737865448,-0.5842382907867432,0.20594552159309387,0.6688004732131958,-0.5845245718955994,0.22272858023643494,0.6979831457138062,-0.5862380266189575,0.22592994570732117,0.7048231959342957,-0.5863600373268127,0.22910147905349731,0.7120036482810974,-0.5865107178688049,0.20522184669971466,0.6573745012283325,-0.4460751414299011,0.2336486428976059,0.7215718030929565,-0.45358315110206604,0.21468569338321686,0.6504516005516052,-0.5343151688575745,0.23555003106594086,0.6739787459373474,-0.5375222563743591,0.23026257753372192,0.571892499923706,-0.2920103967189789,0.30410557985305786,0.6967250108718872,-0.3400108218193054,0.2275865077972412,0.504179060459137,-0.21744178235530853,0.39803269505500793,0.6657379269599915,-0.20784935355186462,0.19344446063041687,0.5357663631439209,-0.29218631982803345,0.3970800042152405,0.6327715516090393,-0.11866943538188934,0.1820901781320572,0.5419820547103882,-0.29281070828437805,0.4011840522289276,0.6243241429328918,-0.12163415551185608,0.1792260855436325,0.554086446762085,-0.2670625150203705,0.3920580744743347,0.6286073327064514,-0.13991647958755493,0.18592531979084015,0.5524892807006836,-0.30492183566093445,0.3901080787181854,0.6281018853187561,-0.12163663655519485,0.4016821086406708,0.5090542435646057,-0.0056084259413182735,0.46584460139274597,0.5938372611999512,0.00529229361563921,0.41536659002304077,0.38002604246139526,0.06697671115398407,0.5550220608711243,0.6383004784584045,-0.12944664061069489,0.40271058678627014,0.28076595067977905,0.4590902328491211,0.5749261379241943,0.4444376230239868,0.2016669362783432,0.39775267243385315,0.2612137794494629,0.5032299160957336,0.5582016110420227,0.4225747883319855,0.2409610003232956,0.4140138626098633,0.22525721788406372,0.4301544725894928,0.6138244271278381,0.36886587738990784,0.17111049592494965
dbp_400121.jpg,0.22958378493785858,0.6806925535202026,-0.7914926409721375,0.21124908328056335,0.6822089552879333,-0.7865161299705505,0.21252012252807617,0.6805651187896729,-0.7864431142807007,0.21847304701805115,0.6705882549285889,-0.7867180109024048,0.2292775958776474,0.7017637491226196,-0.7894888520240784,0.23522011935710907,0.7104931473731995,-0.7897040843963623,0.23917962610721588,0.7167329788208008,-0.7899343967437744,0.21680380403995514,0.6602203845977783,-0.6325139403343201,0.24446208775043488,0.7241708636283875,-0.6464525461196899,0.22852429747581482,0.6592260003089905,-0.7225172519683838,0.24503178894519806,0.6794362664222717,-0.7273951768875122,0.23390525579452515,0.5883654952049255,-0.41210076212882996,0.3080448508262634,0.7005147933959961,-0.49001219868659973,0.22131142020225525,0.5211427211761475,-0.2902868092060089,0.39638248085975647,0.666935920715332,-0.3354804813861847,0.1689176857471466,0.6002336144447327,-0.2514192461967468,0.383183091878891,0.657670259475708,-0.20120450854301453,0.15449698269367218,0.6225707530975342,-0.2547299563884735,0.3840892016887665,0.6571062207221985,-0.20991797745227814,0.15386775135993958,0.635320246219635,-0.25174859166145325,0.37410619854927063,0.6606071591377258,-0.22279900312423706,0.161490336060524,0.6283772587776184,-0.251956582069397,0.37342989444732666,0.6579240560531616,-0.20192696154117584,0.409700870513916,0.5156506896018982,0.0027475280221551657,0.47112593054771423,0.5916067957878113,-0.002973212394863367,0.41771504282951355,0.3830176889896393,0.24732503294944763,0.5575289130210876,0.6486168503761292,0.07395978271961212,0.39760464429855347,0.23285384476184845,0.5337019562721252,0.5722558498382568,0.44693857431411743,0.49385181069374084,0.4013100564479828,0.21278688311576843,0.5652941465377808,0.5535209774971008,0.4289693534374237,0.5405510663986206,0.3991253674030304,0.17534689605236053,0.4826577603816986,0.6111668348312378,0.3698594868183136,0.4547675549983978
dbp_400131.jpg,0.2535739839076996,0.6947730779647827,-0.8269879817962646,0.23537546396255493,0.6941800117492676,-0.8297138214111328,0.232822448015213,0.6898757219314575,-0.8297322988510132,0.2474987506866455,0.677594780921936,-0.8300237655639648,0.2482924610376358,0.71710205078125,-0.8230012059211731,0.2529648244380951,0.7236233949661255,-0.8231588006019592,0.25857052206993103,0.7333325147628784,-0.8233967423439026,0.2437100112438202,0.6596047282218933,-0.7207680344581604,0.28735071420669556,0.7313995361328125,-0.6898667812347412,0.25893595814704895,0.670714259147644,-0.7747858762741089,0.3016534149646759,0.6873000860214233,-0.7659016847610474,0.2694510519504547,0.5724148154258728,-0.543524444103241,0.37681490182876587,0.7153379917144775,-0.5667217969894409,0.3477703034877777,0.43699705600738525,-0.49857690930366516,0.5017566680908203,0.6661521792411804,-0.540444016456604,0.3808524012565613,0.28006711602211,-0.5512447953224182,0.5923998355865479,0.5624011754989624,-0.591319739818573,0.37284424901008606,0.23902131617069244,-0.5884124040603638,0.6209707260131836,0.5498169660568237,-0.6437437534332275,0.3791502118110657,0.23327215015888214,-0.6346392035484314,0.6089845299720764,0.5140277147293091,-0.6627734899520874,0.38406893610954285,0.25222834944725037,-0.5718569159507751,0.5962136387825012,0.512007474899292,-0.6026744842529297,0.425190269947052,0.5204342603683472,0.006371079012751579,0.47460606694221497,0.6008265018463135,-0.0066322386264801025,0.46365511417388916,0.5000492930412292,0.3835638463497162,0.5625612735748291,0.6408132910728455,0.2729620933532715,0.49404433369636536,0.4694637656211853,0.8134272694587708,0.5646249055862427,0.5265898108482361,0.7166212201118469,0.5010172724723816,0.4658031463623047,0.8599646687507629,0.5523794293403625,0.5185865163803101,0.7653324007987976,0.5053564310073853,0.43681758642196655,0.8107274174690247,0.5883885025978088,0.4553782641887665,0.7037957310676575
dbp_400141.jpg,0.26155897974967957,0.7125042676925659,-0.6736767292022705,0.24595683813095093,0.7146961688995361,-0.6727523803710938,0.24054482579231262,0.706825315952301,-0.6728026866912842,0.24099101126194,0.7020893692970276,-0.6731943488121033,0.26143699884414673,0.7327118515968323,-0.6633337140083313,0.2676697373390198,0.7364365458488464,-0.6633962392807007,0.2737346291542053,0.7459853887557983,-0.6635409593582153,0.24368353188037872,0.6928058862686157,-0.5601423382759094,0.28291434049606323,0.7476900815963745,-0.5108806490898132,0.26415202021598816,0.6876304745674133,-0.6208564043045044,0.29861876368522644,0.7132126688957214,-0.6075214743614197,0.2653104364871979,0.5689845681190491,-0.4216863512992859,0.3581486940383911,0.7263022661209106,-0.3841738998889923,0.3432120084762573,0.4408573508262634,-0.3521881699562073,0.48154476284980774,0.6931515336036682,-0.33718642592430115,0.3883528709411621,0.30070576071739197,-0.376430481672287,0.5721403360366821,0.6404635310173035,-0.44945937395095825,0.3878978192806244,0.2701060473918915,-0.3912166655063629,0.6004308462142944,0.639925479888916,-0.47029194235801697,0.39252012968063354,0.2644883394241333,-0.4324663281440735,0.594386100769043,0.6259315013885498,-0.5377082824707031,0.39375704526901245,0.2779137194156647,-0.39324647188186646,0.5819082260131836,0.6192948818206787,-0.48021331429481506,0.4307166039943695,0.5171638131141663,0.003139877924695611,0.4774256944656372,0.6187283396720886,-0.003360120113939047,0.4845214784145355,0.47185778617858887,-0.07601785659790039,0.5639455914497375,0.6785362362861633,-0.36583802103996277,0.5277431607246399,0.503128170967102,0.41129812598228455,0.5810244083404541,0.431522399187088,-0.18388625979423523,0.5225141048431396,0.5177217125892639,0.46731725335121155,0.5630781650543213,0.4168848395347595,-0.1589965969324112,0.563097357749939,0.4832039773464203,0.44646090269088745,0.6044247150421143,0.3234406113624573,-0.2585638165473938
dbp_400151.jpg,0.25963956117630005,0.7032690048217773,-0.7274898886680603,0.2465762346982956,0.7075095772743225,-0.7208645343780518,0.24024012684822083,0.7025965452194214,-0.7206955552101135,0.23655083775520325,0.6949924230575562,-0.7209145426750183,0.2617834210395813,0.7250277400016785,-0.703240692615509,0.2682407796382904,0.7305638790130615,-0.703407883644104,0.2741034924983978,0.7387174963951111,-0.7035773992538452,0.23837585747241974,0.6841901540756226,-0.5831273198127747,0.28562822937965393,0.7426757216453552,-0.5385807752609253,0.26227277517318726,0.677215039730072,-0.6679558157920837,0.2875606119632721,0.7030551433563232,-0.6437081098556519,0.26449424028396606,0.575645923614502,-0.43992680311203003,0.3515443801879883,0.7243449687957764,-0.40361547470092773,0.29271000623703003,0.5044190883636475,-0.35978400707244873,0.4900915324687958,0.6904880404472351,-0.3826608955860138,0.23264402151107788,0.5187817811965942,-0.31570619344711304,0.556458592414856,0.615492582321167,-0.447408527135849,0.2119971364736557,0.5172966718673706,-0.3333664536476135,0.5832583904266357,0.6057904362678528,-0.4541500210762024,0.21388715505599976,0.5218273997306824,-0.385501891374588,0.5732194185256958,0.5903748869895935,-0.4836158752441406,0.22584007680416107,0.521406888961792,-0.330815851688385,0.5620107054710388,0.588114857673645,-0.4645121693611145,0.46422669291496277,0.5054331421852112,-0.04406527802348137,0.49926406145095825,0.6113042831420898,0.043692756444215775,0.4910212755203247,0.5591191053390503,-0.28384292125701904,0.5921040177345276,0.7072907090187073,-0.2039317786693573,0.5143603086471558,0.5274505615234375,0.1650124490261078,0.579361617565155,0.5128413438796997,0.03911282494664192,0.5076996088027954,0.5160531997680664,0.2183701992034912,0.5605323314666748,0.48792269825935364,0.0729963406920433,0.5520855784416199,0.539504885673523,0.25041359663009644,0.6104467511177063,0.4644685983657837,0.07772944867610931
dbp_400161.jpg,0.2599099576473236,0.6977797746658325,-0.309495747089386,0.24411259591579437,0.7051348686218262,-0.291435569524765,0.2386000007390976,0.6964095830917358,-0.29135581851005554,0.23457807302474976,0.6938616633415222,-0.29151451587677,0.2579575181007385,0.7193280458450317,-0.29159820079803467,0.26334986090660095,0.7241588830947876,-0.29169684648513794,0.26900866627693176,0.7327160239219666,-0.29183250665664673,0.2360466569662094,0.6800183057785034,-0.14446832239627838,0.2795334458351135,0.7384332418441772,-0.14819222688674927,0.26459792256355286,0.6719287037849426,-0.24951976537704468,0.2833133339881897,0.7017418146133423,-0.2514696717262268,0.2748020589351654,0.5767205357551575,-0.08306527882814407,0.34800946712493896,0.7212198972702026,-0.03019118681550026,0.2938772141933441,0.5058298110961914,-0.04973805695772171,0.48571035265922546,0.7073076367378235,0.017101390287280083,0.25215932726860046,0.5841360092163086,0.004991248250007629,0.5520355701446533,0.642304539680481,-0.04262756556272507,0.23984163999557495,0.603682816028595,0.011274469085037708,0.5802459716796875,0.6292838454246521,-0.04823588579893112,0.2384047508239746,0.6102526187896729,0.015350760892033577,0.5700912475585938,0.6155144572257996,-0.07128634303808212,0.2463064342737198,0.6034987568855286,0.009413877502083778,0.5586106777191162,0.6141110062599182,-0.05012772977352142,0.4888998866081238,0.505260705947876,-0.06887523084878922,0.5188881158828735,0.6067216992378235,0.06855719536542892,0.4877878427505493,0.6343609094619751,-0.37239882349967957,0.5866514444351196,0.7982828617095947,-0.1309865266084671,0.5291549563407898,0.5298307538032532,-0.13715501129627228,0.5810421705245972,0.5499743223190308,-0.05880068242549896,0.5236934423446655,0.5076640844345093,-0.10455383360385895,0.5631901621818542,0.5123294591903687,-0.04497362673282623,0.5928413271903992,0.5200657248497009,-0.09971847385168076,0.6126686930656433,0.4955858588218689,-0.07478471100330353
dbp_400171.jpg,0.2563045918941498,0.6962811350822449,-0.2358854115009308,0.24073991179466248,0.7025301456451416,-0.23619332909584045,0.23555110394954681,0.6957650184631348,-0.2361619770526886,0.2320311814546585,0.6898893117904663,-0.23632346093654633,0.25440582633018494,0.7174259424209595,-0.22787317633628845,0.2596708834171295,0.7211962342262268,-0.22795076668262482,0.26531627774238586,0.7281479835510254,-0.22812551259994507,0.23520176112651825,0.6698271632194519,-0.1466628909111023,0.27858254313468933,0.7367686033248901,-0.10812212526798248,0.2608264088630676,0.6708575487136841,-0.19322045147418976,0.28254708647727966,0.6927182674407959,-0.18293459713459015,0.2609671354293823,0.5746167898178101,-0.1082828938961029,0.3291432559490204,0.7120003700256348,0.004473967012017965,0.3021043837070465,0.4981338381767273,-0.11877739429473877,0.4508209824562073,0.6961579918861389,0.05265343189239502,0.2770451307296753,0.5424156188964844,-0.09891762584447861,0.5427559614181519,0.630037248134613,0.019152669236063957,0.2746158540248871,0.5533087253570557,-0.09670059382915497,0.5761473774909973,0.6177648305892944,0.025020092725753784,0.2631467282772064,0.5591521263122559,-0.08537875860929489,0.5676788687705994,0.6091594099998474,0.0070256516337394714,0.2667708694934845,0.5565379858016968,-0.09199346601963043,0.5580538511276245,0.6077998876571655,0.013614878989756107,0.4755708575248718,0.5001503229141235,-0.08441317081451416,0.516537606716156,0.5879549980163574,0.08403825014829636,0.5480676889419556,0.687406599521637,-0.3196917176246643,0.5918419361114502,0.7370864748954773,-0.031213920563459396,0.5656427145004272,0.4887416362762451,-0.18030261993408203,0.583433985710144,0.5363984704017639,0.043402399867773056,0.5510128140449524,0.4670161008834839,-0.157100111246109,0.5652894973754883,0.49819594621658325,0.05617431551218033,0.6358839273452759,0.46222123503685,-0.13988018035888672,0.624223530292511,0.46044570207595825,0.050692930817604065
dbp_400181.jpg,0.25485536456108093,0.6934297680854797,-0.6925736665725708,0.23672065138816833,0.7057503461837769,-0.698658287525177,0.22931228578090668,0.6954826712608337,-0.6986933946609497,0.2281429022550583,0.6874740123748779,-0.6989695429801941,0.24845434725284576,0.7157418131828308,-0.7033582329750061,0.2523063123226166,0.7204643487930298,-0.7035026550292969,0.25631728768348694,0.7273443341255188,-0.7036510705947876,0.22776459157466888,0.6728444695472717,-0.6069309115409851,0.2745390832424164,0.7388683557510376,-0.6256893277168274,0.258920818567276,0.6684436798095703,-0.6457080841064453,0.277882844209671,0.6909918189048767,-0.6515178084373474,0.2550771236419678,0.57342129945755,-0.45245012640953064,0.3414353132247925,0.7289477586746216,-0.49489346146583557,0.32446354627609253,0.4560692310333252,-0.36536359786987305,0.4573668837547302,0.6901746988296509,-0.3730956017971039,0.37592658400535583,0.3027414381504059,-0.4180348813533783,0.5222985148429871,0.6200588345527649,-0.3382081985473633,0.3790774643421173,0.27499276399612427,-0.444053590297699,0.53667813539505,0.6087749004364014,-0.3724168837070465,0.3808864653110504,0.2701888680458069,-0.4853556454181671,0.5265716910362244,0.6040827035903931,-0.39888855814933777,0.3833388090133667,0.2847006618976593,-0.4356576204299927,0.5208410620689392,0.6021389961242676,-0.34991350769996643,0.43758219480514526,0.5239824056625366,-0.007350124418735504,0.4845370650291443,0.6041568517684937,0.0069306534714996815,0.5100938677787781,0.6349169611930847,0.356131374835968,0.5622388124465942,0.6359745860099792,0.2762415111064911,0.5530040264129639,0.4904308617115021,0.7409988045692444,0.5634381175041199,0.519201397895813,0.7164927124977112,0.5580337047576904,0.4843388795852661,0.7814390063285828,0.5549401640892029,0.5017204880714417,0.764470100402832,0.5856822729110718,0.4601394534111023,0.7122406363487244,0.5830739736557007,0.4498782753944397,0.7072902321815491
dbp_400191.jpg,0.25355684757232666,0.7123560309410095,-0.8804075121879578,0.23743543028831482,0.7222438454627991,-0.8709129691123962,0.23196302354335785,0.718507707118988,-0.8709125518798828,0.22888538241386414,0.7112661004066467,-0.8711929321289062,0.2498757243156433,0.7339585423469543,-0.8709654211997986,0.263992577791214,0.7435559034347534,-0.8711687922477722,0.26730993390083313,0.7492175698280334,-0.8713476061820984,0.24182146787643433,0.7011317014694214,-0.70445317029953,0.27833133935928345,0.7538115382194519,-0.7045317888259888,0.2710625231266022,0.6965401768684387,-0.8069668412208557,0.2845669090747833,0.716981828212738,-0.8083338141441345,0.2640150785446167,0.6406888961791992,-0.4686232805252075,0.33702170848846436,0.7306743264198303,-0.535505473613739,0.2519599199295044,0.5736159682273865,-0.35092705488204956,0.41000527143478394,0.6909221410751343,-0.3411344587802887,0.2084619104862213,0.6008777022361755,-0.3476501405239105,0.39454206824302673,0.6709423661231995,-0.16610071063041687,0.19692116975784302,0.6092833280563354,-0.35894766449928284,0.3967885375022888,0.6652488112449646,-0.17018567025661469,0.19815047085285187,0.620892345905304,-0.38127371668815613,0.38724735379219055,0.6686079502105713,-0.19565680623054504,0.20506052672863007,0.6183204650878906,-0.35595864057540894,0.3864874243736267,0.6690360903739929,-0.17004641890525818,0.43909788131713867,0.568108856678009,0.00848209485411644,0.4850187599658966,0.624197244644165,-0.008507629856467247,0.4616754651069641,0.4941384196281433,0.3402002453804016,0.5654496550559998,0.5850760340690613,0.11638542264699936,0.4100598096847534,0.3420029282569885,0.7384515404701233,0.5927286744117737,0.4176396131515503,0.4055081009864807,0.4060041308403015,0.3218199908733368,0.7797471284866333,0.5900875926017761,0.4010111093521118,0.4387301802635193,0.40229302644729614,0.2707260251045227,0.688075840473175,0.5966833233833313,0.3222188353538513,0.34029948711395264
dbp_400201.jpg,0.25974828004837036,0.761594831943512,-0.7033884525299072,0.23649844527244568,0.7484878301620483,-0.7659229040145874,0.23124711215496063,0.7411651015281677,-0.7669181227684021,0.22859595715999603,0.7386492490768433,-0.7679212689399719,0.24919968843460083,0.7774385809898376,-0.7026673555374146,0.26084282994270325,0.7832258343696594,-0.7024961709976196,0.2612277567386627,0.7884360551834106,-0.70232093334198,0.2389824241399765,0.7289478778839111,-0.5922423005104065,0.26322850584983826,0.7825891971588135,-0.6100810170173645,0.2704450190067291,0.7372468113899231,-0.7537046074867249,0.2822254002094269,0.758064329624176,-0.6488369703292847,0.2761785089969635,0.6378129720687866,-0.45923659205436707,0.32786592841148376,0.7613166570663452,-0.3902641236782074,0.35155361890792847,0.533683717250824,-0.45258012413978577,0.40231063961982727,0.6964747905731201,-0.1693231463432312,0.3938838541507721,0.3175842761993408,-0.5748783946037292,0.41623350977897644,0.666546642780304,-0.06878217309713364,0.39300936460494995,0.27700451016426086,-0.608180820941925,0.4198951721191406,0.6559559106826782,-0.07054534554481506,0.39728397130966187,0.2668153643608093,-0.6547968983650208,0.41665735840797424,0.6685968041419983,-0.1017051711678505,0.4065937101840973,0.35686224699020386,-0.595605731010437,0.4164024293422699,0.6677213311195374,-0.07859743386507034,0.4566429853439331,0.5880110263824463,-0.02420974336564541,0.4834379255771637,0.6442907452583313,0.02423779107630253,0.5494214296340942,0.5971372127532959,0.17965011298656464,0.5726599097251892,0.6239310503005981,0.11067143827676773,0.5736818313598633,0.4890572726726532,0.582517683506012,0.5951969027519226,0.44748198986053467,0.3901921808719635,0.5713691115379333,0.4682864844799042,0.6283156275749207,0.5898398756980896,0.42454370856285095,0.42228707671165466,0.600822389125824,0.45852652192115784,0.6024434566497803,0.6114248633384705,0.3668096661567688,0.37918969988822937
dbp_400211.jpg,0.23945008218288422,0.7533776164054871,-0.07428610324859619,0.2156933695077896,0.7431755661964417,-0.07908155769109726,0.2142460197210312,0.7380172610282898,-0.07919533550739288,0.21286062896251678,0.7347646355628967,-0.07948507368564606,0.22135798633098602,0.7641028761863708,-0.05482817441225052,0.2249036282300949,0.7696396708488464,-0.05478953570127487,0.22774672508239746,0.7768080830574036,-0.05490456148982048,0.21597053110599518,0.7232835292816162,-0.02575070597231388,0.23149524629116058,0.7739824652671814,0.0782257691025734,0.24650685489177704,0.7293601036071777,-0.049636222422122955,0.2513503432273865,0.7506840825080872,-0.018561355769634247,0.24913367629051208,0.6234050989151001,-0.04864375293254852,0.2914906144142151,0.7531994581222534,0.2120881974697113,0.3304257094860077,0.4959317445755005,-0.08728702366352081,0.374258816242218,0.6955460906028748,0.4222896695137024,0.3861605226993561,0.3393663167953491,-0.1777425855398178,0.3945313096046448,0.6532760858535767,0.5256067514419556,0.38650989532470703,0.301559180021286,-0.19836463034152985,0.40018385648727417,0.6408114433288574,0.554364800453186,0.39401620626449585,0.29598093032836914,-0.22136984765529633,0.39557594060897827,0.6507099270820618,0.5281380414962769,0.3936077654361725,0.32026177644729614,-0.18731975555419922,0.39302971959114075,0.6519034504890442,0.5194801092147827,0.45457515120506287,0.5671237111091614,-0.09467096626758575,0.47971147298812866,0.6380362510681152,0.09461677819490433,0.5583286881446838,0.683820903301239,-0.30208393931388855,0.5917047262191772,0.756950318813324,-0.08543766289949417,0.569493293762207,0.48565128445625305,-0.14733996987342834,0.5951250195503235,0.4482590854167938,-0.07532806694507599,0.5525102615356445,0.4606998562812805,-0.12472697347402573,0.5678548812866211,0.4331452548503876,-0.07023607939481735,0.6262079477310181,0.43686041235923767,-0.14808069169521332,0.615582287311554,0.3695148825645447,-0.12237191200256348
dbp_400221.jpg,0.20309877395629883,0.7510058879852295,-0.2862475514411926,0.18554338812828064,0.7427719235420227,-0.2914399802684784,0.18306641280651093,0.7330923080444336,-0.2914525270462036,0.1816200315952301,0.7278570532798767,-0.2915714681148529,0.19024601578712463,0.7633984088897705,-0.27931955456733704,0.19199822843074799,0.768453061580658,-0.2794026732444763,0.19385579228401184,0.7743951678276062,-0.2795798182487488,0.18980611860752106,0.7193387150764465,-0.23005400598049164,0.20263274013996124,0.7764876484870911,-0.17822422087192535,0.21481601893901825,0.7236872911453247,-0.25582045316696167,0.21983608603477478,0.7505627870559692,-0.24124781787395477,0.24839994311332703,0.6417260766029358,-0.2144118696451187,0.27916908264160156,0.7562891840934753,-0.0360480397939682,0.36970093846321106,0.5602309107780457,-0.1697569638490677,0.3963664174079895,0.7292190790176392,0.023409875109791756,0.422978013753891,0.586944580078125,-0.10834667831659317,0.47926074266433716,0.6842890977859497,0.03456132113933563,0.4375264346599579,0.5887594819068909,-0.1008441373705864,0.5119622349739075,0.6753193736076355,0.02680572122335434,0.4287048578262329,0.5969606637954712,-0.09599225223064423,0.5078393816947937,0.6769746541976929,0.003671815153211355,0.424986869096756,0.5981422662734985,-0.10068384557962418,0.49554240703582764,0.6752423644065857,0.029693063348531723,0.4593615233898163,0.574631929397583,-0.09885852038860321,0.4792981445789337,0.640990138053894,0.09865026921033859,0.5311788320541382,0.7254008650779724,-0.280286580324173,0.5470046401023865,0.8057359457015991,-0.03056252747774124,0.5663564801216125,0.5659744739532471,-0.1613432914018631,0.5885372757911682,0.573147177696228,-0.004214269109070301,0.5562509298324585,0.5353792309761047,-0.14225491881370544,0.5690423250198364,0.5416556596755981,0.0012340148678049445,0.625451922416687,0.5235424637794495,-0.13380680978298187,0.6359277367591858,0.5313767194747925,-0.01824994571506977
dbp_400231.jpg,0.18453732132911682,0.7736850380897522,-0.33602669835090637,0.1708572655916214,0.7591831684112549,-0.35010185837745667,0.16911979019641876,0.7518013715744019,-0.3500533103942871,0.16598452627658844,0.7406415939331055,-0.35014718770980835,0.17711544036865234,0.7805782556533813,-0.32601892948150635,0.1793505996465683,0.7849635481834412,-0.32612350583076477,0.1817101389169693,0.7899445295333862,-0.3263055086135864,0.17111589014530182,0.7358705401420593,-0.3136554956436157,0.18883109092712402,0.7909191846847534,-0.21115949749946594,0.1973203867673874,0.7416282892227173,-0.3152221739292145,0.20289532840251923,0.7733234763145447,-0.28524142503738403,0.24033914506435394,0.642914891242981,-0.2565309405326843,0.26418405771255493,0.7686501145362854,-0.06951939314603806,0.36494141817092896,0.5523605942726135,-0.22298291325569153,0.3949241042137146,0.7396533489227295,-0.010279890149831772,0.42040765285491943,0.5946314334869385,-0.1863938719034195,0.48028329014778137,0.7234869003295898,-0.04192556440830231,0.4366849660873413,0.5998655557632446,-0.18677863478660583,0.5100834965705872,0.7213560342788696,-0.048013683408498764,0.4269298315048218,0.6107334494590759,-0.18573933839797974,0.5055908560752869,0.7243188619613647,-0.07118644565343857,0.4227221608161926,0.6112686395645142,-0.18125218152999878,0.4953758418560028,0.7184897661209106,-0.044083256274461746,0.45476439595222473,0.5811197757720947,-0.10905440151691437,0.4613261818885803,0.6539444923400879,0.10870259255170822,0.49968448281288147,0.7534942030906677,-0.2973864674568176,0.5196549296379089,0.8363714218139648,0.03482168912887573,0.5557314157485962,0.5886262655258179,-0.1489865630865097,0.575074315071106,0.6083977222442627,0.09092054516077042,0.5480158925056458,0.5557878017425537,-0.12646569311618805,0.5625721216201782,0.5723865628242493,0.1019783467054367,0.6185944676399231,0.5529323220252991,-0.1170145645737648,0.6352332830429077,0.5667880177497864,0.0930023044347763
dbp_400241.jpg,,,,,,,,,,,,,,,,,,,,,,,,,,,,,,,,,,,,,,,,,,,,,,,,,,,,,,,,,,,,,,,,,,,,,,,,,,,,,,,,,,,,,,,,,,,,,,,,,,,
dbp_400251.jpg,0.06693656742572784,0.17778222262859344,-0.29399651288986206,0.05880360305309296,0.16158011555671692,-0.31620705127716064,0.06023724377155304,0.1583048701286316,-0.31609687209129333,0.061688050627708435,0.15503674745559692,-0.3160775899887085,0.054539263248443604,0.1643945872783661,-0.29175156354904175,0.052989277988672256,0.16289764642715454,-0.2919674217700958,0.051258623600006104,0.1611177772283554,-0.29205819964408875,0.06969940662384033,0.13515473902225494,-0.341999351978302,0.05643674358725548,0.1421249955892563,-0.23354031145572662,0.07821466028690338,0.1743478626012802,-0.297415554523468,0.07379737496376038,0.17727665603160858,-0.2659001648426056,0.13653092086315155,0.1514442414045334,-0.3543476462364197,0.08660189807415009,0.16584473848342896,-0.1279972642660141,0.15327736735343933,0.2751055359840393,-0.3534393012523651,0.09452617168426514,0.26622211933135986,-0.022297929972410202,0.10850800573825836,0.3764258623123169,-0.32033151388168335,0.08038327097892761,0.3748343586921692,-0.04366098716855049,0.10492229461669922,0.40791743993759155,-0.36157724261283875,0.07753649353981018,0.401354044675827,-0.05187324061989784,0.09147316962480545,0.407995343208313,-0.35617169737815857,0.07068279385566711,0.4016574025154114,-0.09550094604492188,0.09158901870250702,0.39687228202819824,-0.3193832039833069,0.07221044600009918,0.39230892062187195,-0.06090613827109337,0.2793073356151581,0.19646216928958893,-0.08072833716869354,0.22885675728321075,0.20661704242229462,0.0803578644990921,0.2971571683883667,0.39157959818840027,-0.15902934968471527,0.18780067563056946,0.38671010732650757,0.08428417146205902,0.3704500198364258,0.2561566233634949,-0.06667735427618027,0.2536691427230835,0.48064178228378296,0.1529926359653473,0.3881174325942993,0.22644518315792084,-0.05018065124750137,0.27173852920532227,0.4803527295589447,0.16060976684093475,0.4173416793346405,0.2746922969818115,-0.0033477109391242266,0.2590121626853943,0.5377821326255798,0.17972879111766815
dbp_400261.jpg,0.06029415875673294,0.18231754004955292,-0.3974354565143585,0.053377315402030945,0.16394270956516266,-0.41559505462646484,0.0553775355219841,0.15974251925945282,-0.41546347737312317,0.05737768113613129,0.15571686625480652,-0.41547197103500366,0.04853353649377823,0.1695389300584793,-0.39363032579421997,0.04706793650984764,0.16947323083877563,-0.39382991194725037,0.045444510877132416,0.16925159096717834,-0.3939206004142761,0.06708266586065292,0.13554786145687103,-0.40989404916763306,0.05101952329277992,0.15110009908676147,-0.31237274408340454,0.0732865184545517,0.17905984818935394,-0.3875509798526764,0.06789776682853699,0.18553775548934937,-0.3591378331184387,0.13283635675907135,0.15407894551753998,-0.4161513149738312,0.07879290729761124,0.18192337453365326,-0.16684022545814514,0.149671271443367,0.28176215291023254,-0.4137243330478668,0.09461311995983124,0.28717878460884094,-0.07875858247280121,0.10823841392993927,0.392487496137619,-0.38753777742385864,0.07487119734287262,0.38792791962623596,-0.13680008053779602,0.10492537170648575,0.4235294759273529,-0.42961645126342773,0.07238226383924484,0.41415566205978394,-0.1469702422618866,0.08980359882116318,0.4208504557609558,-0.4212641417980194,0.06857924908399582,0.4138404428958893,-0.18597881495952606,0.0897255688905716,0.4108636677265167,-0.3840409219264984,0.07049533724784851,0.40476757287979126,-0.1530722677707672,0.25232529640197754,0.21747052669525146,-0.08662500232458115,0.2035204917192459,0.23075635731220245,0.08646021783351898,0.25236183404922485,0.4288140535354614,-0.17856375873088837,0.18648873269557953,0.4287221133708954,0.08582080900669098,0.3123277425765991,0.4186869263648987,-0.03421885892748833,0.25299450755119324,0.48287442326545715,0.22273311018943787,0.3204939663410187,0.40283000469207764,-0.01525858510285616,0.267392098903656,0.48107248544692993,0.23838520050048828,0.32336461544036865,0.4609248638153076,0.01530902273952961,0.2590285837650299,0.5381149649620056,0.27293631434440613
dbp_400271.jpg,0.060498014092445374,0.19938157498836517,-0.39067479968070984,0.05536439269781113,0.18011991679668427,-0.40392905473709106,0.05795780569314957,0.17482954263687134,-0.4037863612174988,0.06075139343738556,0.16888849437236786,-0.40381428599357605,0.04861227050423622,0.18948429822921753,-0.3858662247657776,0.04749467596411705,0.1906661093235016,-0.38605982065200806,0.045880723744630814,0.1914810985326767,-0.3861485719680786,0.0706963837146759,0.14460164308547974,-0.3850230574607849,0.0504198782145977,0.17418421804904938,-0.2996593415737152,0.07601538300514221,0.19414760172367096,-0.37422990798950195,0.06828474998474121,0.20442761480808258,-0.35067394375801086,0.13243012130260468,0.1660436987876892,-0.39287421107292175,0.07366054505109787,0.19696395099163055,-0.1656138002872467,0.14077217876911163,0.29663199186325073,-0.39133721590042114,0.09517502784729004,0.3013489544391632,-0.13919474184513092,0.10692079365253448,0.40326693654060364,-0.3753460645675659,0.07469509541988373,0.4006027281284332,-0.25155335664749146,0.10147848725318909,0.4324754476547241,-0.390319287776947,0.07200483977794647,0.4271114468574524,-0.2695927619934082,0.08346151560544968,0.4308764934539795,-0.3811136782169342,0.06823571026325226,0.4267809987068176,-0.30055251717567444,0.08473838865756989,0.4228253960609436,-0.3635982275009155,0.07029374688863754,0.418521910905838,-0.26690974831581116,0.24276527762413025,0.23118005692958832,-0.0864792913198471,0.1960950344800949,0.2468041032552719,0.08630906045436859,0.2111610621213913,0.42257311940193176,-0.17519649863243103,0.16833338141441345,0.41924339532852173,0.07750539481639862,0.27628958225250244,0.5143120288848877,-0.03595216944813728,0.2424173355102539,0.4959378242492676,0.21200112998485565,0.2912839651107788,0.5122973918914795,-0.019108958542346954,0.25948160886764526,0.4978552460670471,0.22655244171619415,0.28023430705070496,0.5824540853500366,0.002110426314175129,0.2435876876115799,0.5654705762863159,0.24322263896465302
dbp_400281.jpg,0.0684085264801979,0.21420520544052124,-0.35899150371551514,0.06353544443845749,0.19563354551792145,-0.37618207931518555,0.06619497388601303,0.19051095843315125,-0.37600746750831604,0.06884758174419403,0.18513093888759613,-0.3759670853614807,0.055924199521541595,0.20310938358306885,-0.3597281873226166,0.05363524705171585,0.20330679416656494,-0.35980457067489624,0.0511503703892231,0.20311838388442993,-0.3599012792110443,0.07582424581050873,0.1617911159992218,-0.38374799489974976,0.053011372685432434,0.18458141386508942,-0.28786513209342957,0.08319946378469467,0.2094152718782425,-0.35349664092063904,0.07418035715818405,0.21764209866523743,-0.3314080536365509,0.1359170526266098,0.18176616728305817,-0.37485238909721375,0.06857666373252869,0.19310402870178223,-0.15750211477279663,0.1412970870733261,0.3076309263706207,-0.3539746403694153,0.09685792028903961,0.296054869890213,-0.09051475673913956,0.10693404078483582,0.4085340201854706,-0.32708609104156494,0.07477720081806183,0.4008122384548187,-0.1506078839302063,0.10166031867265701,0.43676885962486267,-0.36196866631507874,0.07215645164251328,0.42628008127212524,-0.1619807332754135,0.08406160771846771,0.43487441539764404,-0.3586864769458771,0.06824817508459091,0.42812058329582214,-0.2004574090242386,0.08511567860841751,0.4270439147949219,-0.3257867693901062,0.07052779942750931,0.42003101110458374,-0.16696448624134064,0.223361074924469,0.2330060750246048,-0.08302275836467743,0.18085846304893494,0.238920658826828,0.0829353779554367,0.20506198704242706,0.41057348251342773,-0.16258098185062408,0.1503261923789978,0.3908299207687378,0.043888017535209656,0.23632864654064178,0.5277981758117676,-0.038533616811037064,0.20876336097717285,0.49390026926994324,0.17127728462219238,0.26112863421440125,0.5102463364601135,-0.02410339191555977,0.22400131821632385,0.499239981174469,0.1835126131772995,0.25504857301712036,0.556471586227417,-0.03937209025025368,0.20407284796237946,0.5590066909790039,0.16374331712722778
dbp_400291.jpg,0.0575258731842041,0.2288040816783905,-0.3330947160720825,0.05222787335515022,0.21557354927062988,-0.3577365577220917,0.05396417900919914,0.21192321181297302,-0.35758888721466064,0.05584526062011719,0.20792999863624573,-0.35763469338417053,0.04716711863875389,0.2196207195520401,-0.32797929644584656,0.04541691765189171,0.21896393597126007,-0.32806122303009033,0.04357735812664032,0.21802562475204468,-0.3281361162662506,0.06419665366411209,0.18232361972332,-0.37784668803215027,0.048450496047735214,0.19659708440303802,-0.26008668541908264,0.07236922532320023,0.2224951684474945,-0.3459621071815491,0.06557872146368027,0.22791728377342224,-0.30411264300346375,0.12997382879257202,0.1869712769985199,-0.38699108362197876,0.06302378326654434,0.1975071132183075,-0.14860397577285767,0.13824309408664703,0.31364086270332336,-0.3544737994670868,0.09375318139791489,0.29491370916366577,-0.08568806946277618,0.10309656709432602,0.4115196168422699,-0.2908976674079895,0.07424543797969818,0.39954203367233276,-0.12894713878631592,0.09915391355752945,0.44301074743270874,-0.32490330934524536,0.07089677453041077,0.4258744418621063,-0.13931074738502502,0.08389727026224136,0.4396288990974426,-0.3252609968185425,0.06671201437711716,0.4271170198917389,-0.17880947887897491,0.08481898158788681,0.4312697649002075,-0.2902180254459381,0.06926972419023514,0.41864919662475586,-0.14540119469165802,0.223428875207901,0.2355337142944336,-0.08300618082284927,0.17391376197338104,0.24369414150714874,0.08291676640510559,0.21591342985630035,0.409286230802536,-0.20230929553508759,0.15177243947982788,0.39541465044021606,0.022563397884368896,0.2839759588241577,0.4622756838798523,0.00631297891959548,0.21142570674419403,0.49328726530075073,0.18477776646614075,0.2995082437992096,0.45341283082962036,0.030863916501402855,0.22550815343856812,0.49861443042755127,0.20205602049827576,0.3042302131652832,0.5116807222366333,0.0452011376619339,0.20817705988883972,0.5572249889373779,0.19626858830451965
dbp_400301.jpg,0.045376673340797424,0.2311706393957138,-0.2974220812320709,0.040161702781915665,0.21790054440498352,-0.32043424248695374,0.042306650429964066,0.2148193120956421,-0.3203223943710327,0.04463091865181923,0.2113957554101944,-0.32035714387893677,0.03492513671517372,0.22062993049621582,-0.29366305470466614,0.03337325528264046,0.21963630616664886,-0.29378682374954224,0.031893569976091385,0.21837592124938965,-0.29386764764785767,0.05582805350422859,0.18781159818172455,-0.354731947183609,0.04069526866078377,0.19544777274131775,-0.23475739359855652,0.06096106022596359,0.22578877210617065,-0.30565083026885986,0.054669126868247986,0.2297174632549286,-0.2697241008281708,0.12078917026519775,0.18749743700027466,-0.366403192281723,0.05630303919315338,0.1988687515258789,-0.13862687349319458,0.12987251579761505,0.31437861919403076,-0.33318978548049927,0.08698618412017822,0.30049508810043335,-0.07795867323875427,0.09411798417568207,0.41513997316360474,-0.27518317103385925,0.06776896864175797,0.40453898906707764,-0.12263938039541245,0.0911678746342659,0.4471738636493683,-0.3100973069667816,0.06452551484107971,0.4339013695716858,-0.13348205387592316,0.07794220745563507,0.44547131657600403,-0.3107168972492218,0.06009099632501602,0.4342673718929291,-0.17192986607551575,0.07888207584619522,0.43599459528923035,-0.2751779854297638,0.06293028593063354,0.42500466108322144,-0.13881653547286987,0.21343135833740234,0.23884974420070648,-0.07718634605407715,0.16613395512104034,0.24733619391918182,0.07720829546451569,0.19335468113422394,0.4084590971469879,-0.1584225744009018,0.12181444466114044,0.38309046626091003,0.028536546975374222,0.2485092729330063,0.48089757561683655,0.047708477824926376,0.15909400582313538,0.5071163177490234,0.15417098999023438,0.2580386996269226,0.4802086353302002,0.07056000083684921,0.17398639023303986,0.52142733335495,0.16653724014759064,0.25263577699661255,0.5348716974258423,0.07733890414237976,0.14002062380313873,0.5651438236236572,0.1533714085817337
dbp_400311.jpg,0.04350762441754341,0.22572380304336548,-0.3064318001270294,0.04042176157236099,0.21011587977409363,-0.32680410146713257,0.04338965564966202,0.20637741684913635,-0.32670170068740845,0.04645925387740135,0.20245477557182312,-0.3267483115196228,0.03316556662321091,0.2138613611459732,-0.3026394844055176,0.031015310436487198,0.21293491125106812,-0.3028068244457245,0.029004262760281563,0.21189329028129578,-0.3028964400291443,0.05659925565123558,0.17953155934810638,-0.3611619174480438,0.03581209108233452,0.19010086357593536,-0.24021141231060028,0.05813227593898773,0.22180470824241638,-0.31052178144454956,0.04974469915032387,0.2258015125989914,-0.2766072154045105,0.11848742514848709,0.19318173825740814,-0.36710235476493835,0.055465441197156906,0.19722294807434082,-0.1290886104106903,0.12108397483825684,0.32932111620903015,-0.34212031960487366,0.07828813046216965,0.30664166808128357,-0.04661382734775543,0.09201152622699738,0.43514952063560486,-0.2823634147644043,0.05895091965794563,0.4104364514350891,-0.08720193803310394,0.0874725803732872,0.4663301706314087,-0.32626932859420776,0.05351092666387558,0.4389738440513611,-0.09477463364601135,0.07447490841150284,0.46591275930404663,-0.32821664214134216,0.051759857684373856,0.4423081576824188,-0.13635079562664032,0.07607623189687729,0.45669999718666077,-0.2843991816043854,0.05552806332707405,0.43303734064102173,-0.10346932709217072,0.2221134752035141,0.25212129950523376,-0.0865236148238182,0.17215946316719055,0.25034189224243164,0.08637634664773941,0.19418491423130035,0.4317190945148468,-0.1630108505487442,0.1242704913020134,0.40613988041877747,0.07229485362768173,0.27516087889671326,0.4551413357257843,-0.0038018496707081795,0.1923953741788864,0.4907517731189728,0.21089152991771698,0.2880825698375702,0.438236266374588,0.01689344458281994,0.20727895200252533,0.48713424801826477,0.22552743554115295,0.28899019956588745,0.5033120512962341,0.04697299376130104,0.16145791113376617,0.5513179302215576,0.2521667778491974
dbp_400321.jpg,0.035191066563129425,0.24022598564624786,-0.25247976183891296,0.030680745840072632,0.22685930132865906,-0.27531304955482483,0.03301287814974785,0.22433573007583618,-0.27519500255584717,0.03549716994166374,0.2215060591697693,-0.27517643570899963,0.025710206478834152,0.22810323536396027,-0.24770958721637726,0.024568594992160797,0.22652751207351685,-0.2478509396314621,0.0235579926520586,0.224625825881958,-0.24793243408203125,0.04874604940414429,0.20081037282943726,-0.3172338902950287,0.03370337188243866,0.20463883876800537,-0.19327348470687866,0.049802619963884354,0.2391689121723175,-0.26249179244041443,0.044238824397325516,0.2407967746257782,-0.22623391449451447,0.11173804104328156,0.21348613500595093,-0.34546980261802673,0.053147830069065094,0.2169613540172577,-0.08172169327735901,0.11476477235555649,0.3407352566719055,-0.3257755935192108,0.07361667603254318,0.31889960169792175,-0.0018410318298265338,0.08220531046390533,0.44540104269981384,-0.28142115473747253,0.05209383741021156,0.4241715669631958,-0.043202754110097885,0.07921137660741806,0.48039624094963074,-0.3189292848110199,0.04746858775615692,0.4563426673412323,-0.04564137011766434,0.06614849716424942,0.47872188687324524,-0.3120653033256531,0.043574292212724686,0.45775794982910156,-0.08431365340948105,0.06609750539064407,0.46790868043899536,-0.27863362431526184,0.0467277429997921,0.44710421562194824,-0.059209249913692474,0.21388119459152222,0.2711716294288635,-0.08983150869607925,0.1741258203983307,0.2703981101512909,0.08975174278020859,0.18879669904708862,0.4428209662437439,-0.15409478545188904,0.13472206890583038,0.44047051668167114,0.06084344908595085,0.25039318203926086,0.578258752822876,-0.035419102758169174,0.20265385508537292,0.5442171096801758,0.1986553817987442,0.2667132318019867,0.5849733352661133,-0.0243642870336771,0.2184644490480423,0.549949586391449,0.21156777441501617,0.23231349885463715,0.6471022963523865,-0.04203088954091072,0.19144895672798157,0.6025164723396301,0.21409541368484497
dbp_400331.jpg,0.03013313189148903,0.24739983677864075,-0.24504949152469635,0.024630360305309296,0.23182909190654755,-0.26852038502693176,0.026709889993071556,0.22851766645908356,-0.2684040665626526,0.028952045366168022,0.22473742067813873,-0.26838865876197815,0.020343413576483727,0.23508091270923615,-0.24196909368038177,0.01927975006401539,0.2342713624238968,-0.24208824336528778,0.01821606047451496,0.23323629796504974,-0.24216069281101227,0.04328970983624458,0.2028929442167282,-0.3021329641342163,0.03067956492304802,0.21095849573612213,-0.18472369015216827,0.046138253062963486,0.2455923855304718,-0.25138530135154724,0.041105225682258606,0.24905134737491608,-0.216971293091774,0.10497257113456726,0.20390182733535767,-0.3237069845199585,0.051581624895334244,0.2358720302581787,-0.07503510266542435,0.11486789584159851,0.34216657280921936,-0.2932397723197937,0.07329217344522476,0.33968812227249146,0.008279295638203621,0.0834253653883934,0.4562489688396454,-0.23883670568466187,0.050564512610435486,0.4457740783691406,-0.020962128415703773,0.08014246821403503,0.4940401315689087,-0.269233375787735,0.04759117215871811,0.47597309947013855,-0.023861980065703392,0.06624698638916016,0.4896620512008667,-0.2628779709339142,0.04373488202691078,0.4768439829349518,-0.0619671531021595,0.06650566309690475,0.4787377119064331,-0.2350880205631256,0.046579424291849136,0.4666043221950531,-0.036737110465765,0.2177162915468216,0.27738288044929504,-0.08972777426242828,0.17887474596500397,0.28767162561416626,0.08964082598686218,0.19099339842796326,0.4652238190174103,-0.14902622997760773,0.14287219941616058,0.4584226906299591,0.042561404407024384,0.2669875919818878,0.5227378606796265,-0.02808699756860733,0.23200589418411255,0.5303720235824585,0.19459865987300873,0.2823145091533661,0.5142690539360046,-0.014061305671930313,0.2483966201543808,0.5290865898132324,0.20473648607730865,0.25357916951179504,0.5789700746536255,-0.0005921836709603667,0.24650880694389343,0.5893428921699524,0.21193155646324158
dbp_400341.jpg,0.03638308495283127,0.24638152122497559,-0.25184640288352966,0.030786870047450066,0.23200030624866486,-0.27322903275489807,0.03297135978937149,0.228464737534523,-0.27311083674430847,0.035275302827358246,0.22451306879520416,-0.2731114327907562,0.025670398026704788,0.23568178713321686,-0.2473333775997162,0.02412494085729122,0.2348124235868454,-0.24744698405265808,0.02255784533917904,0.23367395997047424,-0.247531458735466,0.0477188378572464,0.19990338385105133,-0.30306312441825867,0.03341885283589363,0.21016918122768402,-0.18698161840438843,0.05155650153756142,0.24189084768295288,-0.25681257247924805,0.04590645805001259,0.24606618285179138,-0.22289445996284485,0.10907766968011856,0.19929610192775726,-0.32466426491737366,0.05209050327539444,0.22330345213413239,-0.08755727112293243,0.11652432382106781,0.3384810984134674,-0.3073038160800934,0.0746968686580658,0.33409354090690613,-0.011637164279818535,0.08598946034908295,0.4544309973716736,-0.263837069272995,0.05278867483139038,0.4462772011756897,-0.031099660322070122,0.0829537883400917,0.4878688454627991,-0.29879534244537354,0.051109183579683304,0.4758959114551544,-0.0493033267557621,0.06859265267848969,0.4846772849559784,-0.29524603486061096,0.04707749933004379,0.4752006232738495,-0.08014409244060516,0.06910116970539093,0.47504645586013794,-0.26211100816726685,0.049658551812171936,0.46605077385902405,-0.04688652977347374,0.21143464744091034,0.26993030309677124,-0.08860788494348526,0.16319197416305542,0.28096523880958557,0.08866617828607559,0.18853074312210083,0.4628431499004364,-0.15027858316898346,0.13288582861423492,0.44382163882255554,0.03963356092572212,0.2622145116329193,0.5505127906799316,-0.028629563748836517,0.21517601609230042,0.5523778796195984,0.16950830817222595,0.2780020534992218,0.547771692276001,-0.013772264122962952,0.23428630828857422,0.5567530989646912,0.18132658302783966,0.2640441656112671,0.6156455874443054,0.0007704983581788838,0.21702896058559418,0.619586706161499,0.1761886328458786
dbp_400351.jpg,0.04812637344002724,0.2450442910194397,-0.2523142993450165,0.04262886941432953,0.2315678745508194,-0.2833494246006012,0.044961538165807724,0.2279047816991806,-0.28330761194229126,0.0472307987511158,0.2240341603755951,-0.283381849527359,0.03638096898794174,0.235734224319458,-0.2515771985054016,0.034516144543886185,0.23503364622592926,-0.25174757838249207,0.032746683806180954,0.23409734666347504,-0.2517525851726532,0.056770000606775284,0.1980627477169037,-0.33398759365081787,0.03758497163653374,0.21104547381401062,-0.19053347408771515,0.062091704457998276,0.2378043681383133,-0.27177509665489197,0.05572830140590668,0.2423534244298935,-0.22343173623085022,0.1168355867266655,0.196824312210083,-0.343691349029541,0.05433443561196327,0.2140275090932846,-0.11512394994497299,0.11914119124412537,0.33525875210762024,-0.30855220556259155,0.07837536185979843,0.32607629895210266,-0.05838419869542122,0.09298554807901382,0.4465930163860321,-0.27262213826179504,0.06596272438764572,0.4397263824939728,-0.0935971736907959,0.08773824572563171,0.4795878827571869,-0.30615290999412537,0.058014873415231705,0.46729588508605957,-0.10228332877159119,0.07672742754220963,0.4769527316093445,-0.30201253294944763,0.057083286345005035,0.46761563420295715,-0.13963116705417633,0.07798389345407486,0.46754181385040283,-0.2704084515571594,0.060678500682115555,0.4588862955570221,-0.10914197564125061,0.2170376479625702,0.2630072236061096,-0.08356043696403503,0.16902928054332733,0.2721458077430725,0.08368001133203506,0.19339193403720856,0.4588703513145447,-0.1593545824289322,0.140707865357399,0.4389645755290985,0.04743347689509392,0.27359145879745483,0.508019745349884,0.024754203855991364,0.2108585685491562,0.5391924381256104,0.21968789398670197,0.2838021218776703,0.5003566145896912,0.047920990735292435,0.22641867399215698,0.5392771363258362,0.23755957186222076,0.28308385610580444,0.5649376511573792,0.07192979007959366,0.20783719420433044,0.6052932143211365,0.24384896457195282
dbp_400361.jpg,0.03813258931040764,0.22779099643230438,-0.151930034160614,0.0304665956646204,0.2136743813753128,-0.1752779632806778,0.03216376528143883,0.21099282801151276,-0.1752031296491623,0.03405219316482544,0.20770984888076782,-0.17519903182983398,0.027434872463345528,0.21476209163665771,-0.1459101140499115,0.026956139132380486,0.21301887929439545,-0.14600534737110138,0.02654951624572277,0.21084780991077423,-0.14610663056373596,0.04716316610574722,0.18525293469429016,-0.22431465983390808,0.03603285923600197,0.18916551768779755,-0.09376764297485352,0.054183635860681534,0.22514081001281738,-0.16640137135982513,0.05012279748916626,0.22694410383701324,-0.1277768760919571,0.11064812541007996,0.17629240453243256,-0.27507928013801575,0.06188119575381279,0.21191823482513428,0.004658244084566832,0.12025626003742218,0.32083290815353394,-0.25660091638565063,0.08627282828092575,0.3232259750366211,0.0783897414803505,0.0948764756321907,0.4459509551525116,-0.2061566263437271,0.06540079414844513,0.4342530071735382,0.05372631922364235,0.09560129046440125,0.47484591603279114,-0.23602810502052307,0.059786032885313034,0.46231743693351746,0.05171957239508629,0.08217599987983704,0.4724530875682831,-0.227883443236351,0.05833392217755318,0.46253639459609985,0.015863604843616486,0.08088279515504837,0.46693089604377747,-0.2011917531490326,0.060771048069000244,0.45316082239151,0.03769076615571976,0.2197406142950058,0.26655495166778564,-0.0885612890124321,0.1750328540802002,0.2783207595348358,0.08859694749116898,0.19624169170856476,0.4732844829559326,-0.13009241223335266,0.15500439703464508,0.4695228934288025,0.05513739585876465,0.27368754148483276,0.590400755405426,-0.017967287451028824,0.24588680267333984,0.5616985559463501,0.18208621442317963,0.28850802779197693,0.5924944877624512,-0.007463331334292889,0.26438432931900024,0.5590189695358276,0.19202980399131775,0.27651822566986084,0.6613859534263611,-0.01912076212465763,0.2555609941482544,0.6313028931617737,0.1740226149559021
dbp_400371.jpg,0.037723053246736526,0.22980552911758423,-0.12160912156105042,0.029563874006271362,0.21758471429347992,-0.14416930079460144,0.030835146084427834,0.21449920535087585,-0.14411447942256927,0.03215226158499718,0.2110421508550644,-0.14409498870372772,0.02729848213493824,0.2195146381855011,-0.11472748965024948,0.026946399360895157,0.21800467371940613,-0.11483798921108246,0.026650913059711456,0.21604925394058228,-0.11495684087276459,0.04201463237404823,0.18730242550373077,-0.19651934504508972,0.0350053533911705,0.19263489544391632,-0.06482937186956406,0.053236473351716995,0.22477200627326965,-0.13716524839401245,0.04977698624134064,0.22686618566513062,-0.09845379739999771,0.1062248945236206,0.1799330860376358,-0.2441082000732422,0.06528694182634354,0.21069560945034027,0.03377070277929306,0.12236277014017105,0.319638729095459,-0.243072971701622,0.09072546660900116,0.3215000033378601,0.12434566766023636,0.08893727511167526,0.42305636405944824,-0.2282302975654602,0.06091631203889847,0.41239768266677856,0.11156332492828369,0.0882369726896286,0.4545859396457672,-0.26200762391090393,0.05667261406779289,0.4483771026134491,0.11605799198150635,0.07131969183683395,0.44999969005584717,-0.25082841515541077,0.04864056780934334,0.44314688444137573,0.08001963794231415,0.07179386913776398,0.4396529197692871,-0.22300931811332703,0.05176062136888504,0.432537704706192,0.09653119742870331,0.22068341076374054,0.2796488404273987,-0.0917399451136589,0.1919587403535843,0.28625085949897766,0.09174370020627975,0.1986990123987198,0.46693679690361023,-0.1330021321773529,0.17425952851772308,0.4653775990009308,0.1086871474981308,0.27264389395713806,0.600131630897522,-0.08675409108400345,0.24093127250671387,0.5248686671257019,0.2119477242231369,0.2898939251899719,0.6023765206336975,-0.0812847912311554,0.2588447630405426,0.5251621603965759,0.22159479558467865,0.2575533092021942,0.6805841326713562,-0.10987305641174316,0.2433338463306427,0.5825369358062744,0.20927780866622925
dbp_400381.jpg,0.03810850903391838,0.24083355069160461,-0.15277358889579773,0.03122319094836712,0.2299460917711258,-0.17529352009296417,0.03305010125041008,0.22698257863521576,-0.17525389790534973,0.03468870744109154,0.22375372052192688,-0.1752035766839981,0.028441740199923515,0.23182052373886108,-0.14520935714244843,0.02874487265944481,0.23020462691783905,-0.14532552659511566,0.029078764840960503,0.22817285358905792,-0.14547474682331085,0.044215504080057144,0.19881488382816315,-0.22818301618099213,0.036552153527736664,0.20379693806171417,-0.09332417696714401,0.053623266518116,0.23296862840652466,-0.16835331916809082,0.05131017789244652,0.23471316695213318,-0.12873885035514832,0.10848899185657501,0.1821436733007431,-0.2744583785533905,0.0689687728881836,0.21355804800987244,0.005961693357676268,0.126902237534523,0.3213154673576355,-0.27649831771850586,0.09627126902341843,0.32743874192237854,0.07597096264362335,0.08959222584962845,0.430681437253952,-0.2304910570383072,0.06758035719394684,0.42746666073799133,0.05164356902241707,0.08846673369407654,0.4648258686065674,-0.26598602533340454,0.06276063621044159,0.4612762928009033,0.05459072068333626,0.07351391762495041,0.46341976523399353,-0.2736951410770416,0.0579497367143631,0.46085846424102783,0.019828874617815018,0.07254046946763992,0.4517093300819397,-0.23895755410194397,0.06103496998548508,0.4501715302467346,0.03692460432648659,0.23546750843524933,0.27968868613243103,-0.09259426593780518,0.20538122951984406,0.28655287623405457,0.09258203953504562,0.21533706784248352,0.4679604470729828,-0.10524216294288635,0.17429938912391663,0.44846323132514954,0.11562379449605942,0.25365740060806274,0.6033340692520142,-0.07464265823364258,0.2373158484697342,0.47449666261672974,0.2504989504814148,0.26557183265686035,0.6099223494529724,-0.0541410967707634,0.25407323241233826,0.47155046463012695,0.2644413113594055,0.2356625199317932,0.6779350638389587,-0.0633365586400032,0.23859058320522308,0.520121157169342,0.2578243911266327
dbp_400391.jpg,0.04788742586970329,0.2448718249797821,-0.17035554349422455,0.04013701155781746,0.23350533843040466,-0.1932036578655243,0.041082583367824554,0.23029649257659912,-0.1931367814540863,0.04202573373913765,0.22677069902420044,-0.1930898278951645,0.0380064994096756,0.23610670864582062,-0.16368088126182556,0.03762740269303322,0.23481053113937378,-0.16375727951526642,0.03735250607132912,0.2331186681985855,-0.16386394202709198,0.0497068427503109,0.19981083273887634,-0.23529048264026642,0.04360474646091461,0.2068330943584442,-0.10403981804847717,0.06391182541847229,0.2362123429775238,-0.1810828596353531,0.06034327670931816,0.2391459196805954,-0.1429079920053482,0.11364196240901947,0.18222622573375702,-0.2789728343486786,0.07217834144830704,0.21611717343330383,-0.00671146297827363,0.131320059299469,0.32521486282348633,-0.2818303108215332,0.09818117320537567,0.3306692838668823,0.06992319971323013,0.09764609485864639,0.44058752059936523,-0.23975299298763275,0.07723414897918701,0.44023215770721436,0.0328148789703846,0.09501495957374573,0.47417619824409485,-0.2817356288433075,0.07378998398780823,0.47368699312210083,0.02891463413834572,0.08069941401481628,0.47305741906166077,-0.27982985973358154,0.06817137449979782,0.47141528129577637,-0.007054171059280634,0.0800774022936821,0.46252328157424927,-0.24488165974617004,0.07124870270490646,0.46117904782295227,0.016974907368421555,0.24068860709667206,0.2741452157497406,-0.09088294208049774,0.20103363692760468,0.2901633679866791,0.09080245345830917,0.21110965311527252,0.4575340151786804,-0.1751287430524826,0.17256873846054077,0.45939305424690247,0.05774327367544174,0.2897132933139801,0.4964183270931244,-0.05599821358919144,0.27586671710014343,0.4310760796070099,0.15380419790744781,0.3001195788383484,0.4862273633480072,-0.04660893976688385,0.2885914146900177,0.40951085090637207,0.16734649240970612,0.3188643753528595,0.5464014410972595,-0.008179896511137486,0.3117862343788147,0.47092297673225403,0.18589994311332703
dbp_400401.jpg,0.05372365936636925,0.244283065199852,-0.17167097330093384,0.045340947806835175,0.23475807905197144,-0.19541655480861664,0.045997507870197296,0.2319284826517105,-0.19536195695400238,0.046760156750679016,0.2288423478603363,-0.19532860815525055,0.043329641222953796,0.23691733181476593,-0.16466857492923737,0.042641036212444305,0.23562204837799072,-0.16477321088314056,0.04211202636361122,0.23396871984004974,-0.1648857295513153,0.05290784314274788,0.2033485621213913,-0.24598294496536255,0.04727911576628685,0.2085999995470047,-0.11003899574279785,0.06864087283611298,0.23548297584056854,-0.1861359179019928,0.0655834972858429,0.23810641467571259,-0.14637814462184906,0.11739425361156464,0.18276922404766083,-0.28876248002052307,0.07592279464006424,0.21517865359783173,-0.0164429172873497,0.13325847685337067,0.3276546895503998,-0.2869674563407898,0.09965334832668304,0.32813653349876404,0.04895172640681267,0.09989442676305771,0.43954044580459595,-0.25107982754707336,0.07854992896318436,0.4366408884525299,0.017750058323144913,0.09592165052890778,0.4739042818546295,-0.28865039348602295,0.0734952986240387,0.4692278206348419,0.011033838614821434,0.08260329067707062,0.4715929627418518,-0.27997449040412903,0.06896191090345383,0.46768811345100403,-0.025615626946091652,0.08276474475860596,0.4605015218257904,-0.24974972009658813,0.07276280969381332,0.45783987641334534,0.002392043359577656,0.24494940042495728,0.26800042390823364,-0.08799245208501816,0.20028941333293915,0.28569820523262024,0.08796253055334091,0.2219770848751068,0.43998247385025024,-0.1494912952184677,0.17483088374137878,0.4506506323814392,0.05006583780050278,0.3115658462047577,0.4934707581996918,0.012502112425863743,0.2579747438430786,0.5100517272949219,0.1688951849937439,0.32636383175849915,0.4866293966770172,0.03139442577958107,0.27252525091171265,0.5083085894584656,0.18033400177955627,0.32733118534088135,0.5468141436576843,0.05188554897904396,0.2861444056034088,0.565892219543457,0.1928136944770813
dbp_400411.jpg,0.06304401904344559,0.24754592776298523,-0.22878140211105347,0.05446641519665718,0.23747387528419495,-0.2541409730911255,0.05526776984333992,0.23478175699710846,-0.2540549337863922,0.056253109127283096,0.23186925053596497,-0.25401484966278076,0.05242263525724411,0.2391403764486313,-0.22416119277477264,0.05174354091286659,0.23769553005695343,-0.2243172824382782,0.05129222199320793,0.23591724038124084,-0.22445933520793915,0.0637623518705368,0.20764976739883423,-0.31179776787757874,0.05758928135037422,0.21208587288856506,-0.17854571342468262,0.07785271108150482,0.24041326344013214,-0.24556498229503632,0.07463116943836212,0.24265514314174652,-0.20651306211948395,0.12735529243946075,0.1920217126607895,-0.34086719155311584,0.0786556527018547,0.20822329819202423,-0.09439661353826523,0.136567160487175,0.3379836082458496,-0.33848756551742554,0.09885235875844955,0.32722899317741394,-0.044171396642923355,0.10583874583244324,0.4534526765346527,-0.3034440577030182,0.08495579659938812,0.43725258111953735,-0.07074759900569916,0.10161565989255905,0.48244285583496094,-0.3427010178565979,0.08080736547708511,0.46881839632987976,-0.0719146654009819,0.08975633233785629,0.4803990125656128,-0.33373546600341797,0.07589159905910492,0.4682471454143524,-0.1099410280585289,0.0907236710190773,0.4715515971183777,-0.3017834424972534,0.07904456555843353,0.4597605764865875,-0.08589243143796921,0.24743232131004333,0.25590357184410095,-0.08494715392589569,0.20016588270664215,0.26522794365882874,0.08490362018346786,0.24574674665927887,0.4163496792316437,-0.10073733329772949,0.13533690571784973,0.38887789845466614,0.05535668507218361,0.3210086226463318,0.4995460510253906,0.05483324080705643,0.1717684268951416,0.5095201134681702,0.17493858933448792,0.3304937183856964,0.48740488290786743,0.07231300324201584,0.18789808452129364,0.5118070840835571,0.18622569739818573,0.3186027705669403,0.5560563802719116,0.06981194764375687,0.14947649836540222,0.5608977675437927,0.18947987258434296
dbp_400421.jpg,0.07628924399614334,0.24568244814872742,-0.2159605771303177,0.06697395443916321,0.23500260710716248,-0.23945710062980652,0.06772203743457794,0.23216970264911652,-0.23939087986946106,0.06861667335033417,0.2290780395269394,-0.23934809863567352,0.0644778460264206,0.2369558960199356,-0.21197137236595154,0.06356484442949295,0.23555202782154083,-0.2120954543352127,0.06284110248088837,0.23382200300693512,-0.21220804750919342,0.0762849748134613,0.2046354115009308,-0.2896924316883087,0.06917431205511093,0.210246279835701,-0.17134222388267517,0.08911095559597015,0.23874567449092865,-0.23028439283370972,0.0858490839600563,0.24122929573059082,-0.1949470341205597,0.1371833235025406,0.19092407822608948,-0.3192339241504669,0.08966900408267975,0.20826862752437592,-0.07727190107107162,0.13973522186279297,0.3356303870677948,-0.3123691976070404,0.10662141442298889,0.32694658637046814,-0.014951196499168873,0.11369013041257858,0.449868768453598,-0.26649487018585205,0.09716537594795227,0.4364253282546997,-0.0479285828769207,0.10922995209693909,0.48044222593307495,-0.294829398393631,0.0939086303114891,0.4674718976020813,-0.05014350265264511,0.09827158600091934,0.478728711605072,-0.28931576013565063,0.08920933306217194,0.46757206320762634,-0.08993251621723175,0.09975496679544449,0.4692465364933014,-0.2646721303462982,0.09208405017852783,0.4581480324268341,-0.06405845284461975,0.2562468349933624,0.25634461641311646,-0.08043735474348068,0.20264825224876404,0.26555773615837097,0.0803368017077446,0.23918673396110535,0.411917507648468,-0.15727177262306213,0.13690511882305145,0.39580237865448,0.04873410612344742,0.3158004581928253,0.41518592834472656,0.04301253706216812,0.20807933807373047,0.4669991731643677,0.1550704389810562,0.32837188243865967,0.3987911641597748,0.04157551750540733,0.22516793012619019,0.4634385108947754,0.16722264885902405,0.3252245783805847,0.4543936550617218,0.061397064477205276,0.2078162133693695,0.5199912190437317,0.18378129601478577
dbp_400431.jpg,0.0786084234714508,0.250956654548645,-0.22657901048660278,0.0693766176700592,0.24060167372226715,-0.2504182755947113,0.07005441933870316,0.23785735666751862,-0.2503302991390228,0.07091668248176575,0.23490233719348907,-0.25025492906570435,0.06720351427793503,0.24278104305267334,-0.22037163376808167,0.06638046354055405,0.24158920347690582,-0.22051917016506195,0.06573495268821716,0.24007947742938995,-0.22065643966197968,0.07831795513629913,0.21098773181438446,-0.30144187808036804,0.07160232216119766,0.2179114818572998,-0.1682526171207428,0.09131748229265213,0.2440059930086136,-0.24071615934371948,0.08828231692314148,0.24696935713291168,-0.20129065215587616,0.14415055513381958,0.19073103368282318,-0.3347277045249939,0.09589981287717819,0.22020891308784485,-0.07211904227733612,0.14978307485580444,0.3342711329460144,-0.3340457081794739,0.11478769034147263,0.3273942470550537,0.011558941565454006,0.12452118843793869,0.44938772916793823,-0.3064044117927551,0.10290971398353577,0.43632805347442627,-0.004946117755025625,0.12134577333927155,0.4796696901321411,-0.33870038390159607,0.09735599905252457,0.4664797782897949,0.0007335037225857377,0.10641693323850632,0.477477490901947,-0.32772380113601685,0.09084569662809372,0.4667118489742279,-0.03644150495529175,0.10761548578739166,0.46775105595588684,-0.30108699202537537,0.09369244426488876,0.4570103883743286,-0.02003534883260727,0.2626625895500183,0.26481401920318604,-0.08552434295415878,0.21602530777454376,0.274984747171402,0.08543239533901215,0.2431986927986145,0.41451209783554077,-0.12754349410533905,0.1887167990207672,0.42210397124290466,0.06490388512611389,0.3104611933231354,0.5451276302337646,-0.005679538007825613,0.21767276525497437,0.5247612595558167,0.1958574503660202,0.3225160837173462,0.555993378162384,-0.003738390514627099,0.23147426545619965,0.5302272439002991,0.20878654718399048,0.28856056928634644,0.6188384294509888,-0.04854306951165199,0.21317438781261444,0.5789745450019836,0.20301836729049683
dbp_400441.jpg,0.0744403824210167,0.24955257773399353,-0.22947131097316742,0.06657957285642624,0.23853488266468048,-0.2512202560901642,0.06728567183017731,0.23570077121257782,-0.25112679600715637,0.06817196309566498,0.23261967301368713,-0.25105273723602295,0.06445688754320145,0.2408234030008316,-0.2225165218114853,0.06368829309940338,0.23958246409893036,-0.22266578674316406,0.0630665048956871,0.23802036046981812,-0.22278332710266113,0.07551935315132141,0.20877912640571594,-0.2975398600101471,0.06915441155433655,0.21557468175888062,-0.16521695256233215,0.08768688142299652,0.2429591864347458,-0.23939728736877441,0.08429921418428421,0.24588274955749512,-0.20131643116474152,0.13919149339199066,0.19052575528621674,-0.3280859887599945,0.09594586491584778,0.22487644851207733,-0.06940998136997223,0.14687342941761017,0.3337823152542114,-0.3258657157421112,0.11692474782466888,0.328281432390213,0.005110116675496101,0.12064071744680405,0.4480017423629761,-0.30075544118881226,0.10236500948667526,0.4361034035682678,-0.0374940000474453,0.11621138453483582,0.4792066216468811,-0.3338421881198883,0.09651288390159607,0.46743395924568176,-0.0374106727540493,0.10311256349086761,0.47657039761543274,-0.32257509231567383,0.0906406119465828,0.4668789803981781,-0.07408115267753601,0.10454542934894562,0.4666331112384796,-0.29557615518569946,0.09379196166992188,0.4567905068397522,-0.053232815116643906,0.2630937695503235,0.2655394375324249,-0.08522915095090866,0.22603456676006317,0.2803609073162079,0.08511879295110703,0.2473897486925125,0.41797298192977905,-0.15881779789924622,0.20625248551368713,0.4248596131801605,0.043102163821458817,0.30695641040802,0.5602681636810303,-0.060247115790843964,0.23202581703662872,0.5412207245826721,0.16224989295005798,0.32031843066215515,0.5754249691963196,-0.05324723571538925,0.24702055752277374,0.5500670671463013,0.17327478528022766,0.2801595628261566,0.6271302103996277,-0.10677219927310944,0.21536098420619965,0.5981990098953247,0.15028195083141327
dbp_400451.jpg,0.07207156717777252,0.24923349916934967,-0.2090671807527542,0.06386497616767883,0.23803669214248657,-0.2329629808664322,0.06463924795389175,0.23479878902435303,-0.23288264870643616,0.06556237488985062,0.2312002331018448,-0.2328423410654068,0.0617637000977993,0.2406921535730362,-0.20023992657661438,0.06104351207613945,0.23941829800605774,-0.2003479301929474,0.06041913479566574,0.23788045346736908,-0.2004391998052597,0.07292703539133072,0.20772317051887512,-0.2793486416339874,0.06622650474309921,0.21532416343688965,-0.13146711885929108,0.08531586080789566,0.24179664254188538,-0.22059431672096252,0.08204598724842072,0.2450244426727295,-0.17774267494678497,0.13741327822208405,0.19090306758880615,-0.3253706991672516,0.09356585890054703,0.2267143428325653,-0.01656365394592285,0.14671975374221802,0.33357492089271545,-0.32876643538475037,0.12036586552858353,0.3320818245410919,0.06479471176862717,0.11727479845285416,0.44724732637405396,-0.2946358025074005,0.1004883199930191,0.43875396251678467,0.03042016364634037,0.11361006647348404,0.4814015328884125,-0.3300524950027466,0.0951724722981453,0.47273823618888855,0.03161891922354698,0.10078906267881393,0.4782031178474426,-0.32142820954322815,0.08982256054878235,0.47094404697418213,-0.006784043740481138,0.10181886702775955,0.4690224528312683,-0.2905711233615875,0.09260742366313934,0.4621227979660034,0.013629495166242123,0.26156190037727356,0.2804412543773651,-0.09566979110240936,0.2264719158411026,0.3012336790561676,0.0956430584192276,0.22515228390693665,0.454746276140213,-0.19955120980739594,0.20126135647296906,0.46502113342285156,0.023374926298856735,0.29124170541763306,0.54505854845047,-0.05278966203331947,0.2577262222766876,0.5334938168525696,0.12439759820699692,0.3042193651199341,0.5475992560386658,-0.03648592531681061,0.2696518003940582,0.5351715087890625,0.13544423878192902,0.2849518954753876,0.6064616441726685,-0.049264464527368546,0.2607177793979645,0.5868691205978394,0.12511788308620453
dbp_400461.jpg,0.0759899914264679,0.2526216208934784,-0.18670640885829926,0.06688164174556732,0.2431369572877884,-0.20977766811847687,0.06739190220832825,0.24020828306674957,-0.2097056657075882,0.06803479790687561,0.23693735897541046,-0.20964284241199493,0.06514186412096024,0.24508094787597656,-0.17848767340183258,0.0644247978925705,0.24363572895526886,-0.1786152422428131,0.06379900127649307,0.2418796718120575,-0.1787058562040329,0.07386276125907898,0.21213124692440033,-0.25889837741851807,0.06827063113451004,0.21781200170516968,-0.11865207552909851,0.08860950917005539,0.24506904184818268,-0.20075631141662598,0.08612405508756638,0.24726510047912598,-0.1598842740058899,0.1366848200559616,0.2001626193523407,-0.3087264895439148,0.09534595906734467,0.22452685236930847,-0.021788351237773895,0.1482057422399521,0.34425070881843567,-0.326984703540802,0.11668474227190018,0.33436110615730286,0.060536861419677734,0.11652331799268723,0.45608165860176086,-0.2934049665927887,0.10179780423641205,0.44000276923179626,-0.004331575706601143,0.11377879232168198,0.4845488667488098,-0.33020931482315063,0.09882029891014099,0.4731508791446686,-0.0022946991957724094,0.10084287077188492,0.48134031891822815,-0.31875813007354736,0.09169676154851913,0.4722956717014313,-0.04149208590388298,0.10173182189464569,0.4741528034210205,-0.2889389395713806,0.0939440205693245,0.4632546007633209,-0.02122293971478939,0.2659223973751068,0.27670818567276,-0.09409405291080475,0.221249520778656,0.3008195757865906,0.09406375139951706,0.2376636117696762,0.44415876269340515,-0.17495764791965485,0.16512303054332733,0.4104333221912384,0.05019528418779373,0.3088201880455017,0.5359857082366943,-0.05130414292216301,0.2056276947259903,0.5290271043777466,0.14687439799308777,0.32413381338119507,0.5357382297515869,-0.03145892173051834,0.22248797118663788,0.5376679301261902,0.15746448934078217,0.30491936206817627,0.5998735427856445,-0.03923708200454712,0.18354913592338562,0.5851620435714722,0.14960508048534393
dbp_400471.jpg,0.07536789774894714,0.2534298002719879,-0.27085167169570923,0.0668213739991188,0.24330255389213562,-0.2936727702617645,0.06763089448213577,0.24041572213172913,-0.2935570180416107,0.06856683641672134,0.2372758388519287,-0.29348960518836975,0.06454988569021225,0.2453579306602478,-0.26525649428367615,0.06374116241931915,0.24398498237133026,-0.2654094398021698,0.06303948909044266,0.24226494133472443,-0.2655094265937805,0.0751514658331871,0.21350347995758057,-0.3291454017162323,0.0677749291062355,0.21883714199066162,-0.20157180726528168,0.0880027562379837,0.24672015011310577,-0.27813488245010376,0.08515224605798721,0.24913500249385834,-0.2409912645816803,0.13844121992588043,0.20963504910469055,-0.35071030259132385,0.09309381991624832,0.2232830673456192,-0.09400701522827148,0.147417813539505,0.3541274070739746,-0.34712111949920654,0.11542782932519913,0.33535540103912354,-0.032879266887903214,0.11543447524309158,0.46095848083496094,-0.3104928135871887,0.1011652946472168,0.44295963644981384,-0.07114140689373016,0.11257436126470566,0.49079039692878723,-0.34601590037345886,0.09758254885673523,0.4751775562763214,-0.07013991475105286,0.09965770691633224,0.4878472089767456,-0.3361159861087799,0.09089263528585434,0.474333792924881,-0.10715341567993164,0.10042449831962585,0.48008981347084045,-0.3067553639411926,0.09313759207725525,0.46611425280570984,-0.08629027754068375,0.26347285509109497,0.2748543322086334,-0.08829346299171448,0.21945427358150482,0.29451462626457214,0.08814740180969238,0.2550511658191681,0.4266742169857025,-0.16779494285583496,0.1719711273908615,0.4141427278518677,0.0504850372672081,0.3236856162548065,0.5346183180809021,-0.04751903563737869,0.21862196922302246,0.5257843136787415,0.1826002448797226,0.3394119143486023,0.5352945923805237,-0.024425260722637177,0.23551829159259796,0.5319674611091614,0.19492389261722565,0.3122476637363434,0.5993415713310242,-0.04265918955206871,0.18428263068199158,0.5812536478042603,0.18736331164836884
dbp_400481.jpg,0.0704471617937088,0.255254864692688,-0.2729915976524353,0.06289467215538025,0.24343551695346832,-0.29540908336639404,0.06417076289653778,0.24040308594703674,-0.2953144907951355,0.06567221134901047,0.23714859783649445,-0.2953117787837982,0.06031320244073868,0.24566608667373657,-0.26924213767051697,0.059607017785310745,0.24430444836616516,-0.2693721055984497,0.059047993272542953,0.2425784468650818,-0.26945337653160095,0.07429606467485428,0.2136036604642868,-0.3238944709300995,0.06562396883964539,0.21998760104179382,-0.20743490755558014,0.08482575416564941,0.24958489835262299,-0.2771645784378052,0.08129166066646576,0.2524162828922272,-0.24317191541194916,0.13765792548656464,0.21810023486614227,-0.34071585536003113,0.09274126589298248,0.23531924188137054,-0.10244724899530411,0.14501802623271942,0.3683052957057953,-0.3398387134075165,0.11456448584794998,0.34656673669815063,-0.03398146852850914,0.1137174740433693,0.4769524037837982,-0.30354180932044983,0.09936904162168503,0.45252448320388794,-0.07298756390810013,0.11079302430152893,0.5052503943443298,-0.33871930837631226,0.09604623168706894,0.4794142544269562,-0.07962431758642197,0.09716369211673737,0.5016623139381409,-0.3296462297439575,0.08912575989961624,0.4794227182865143,-0.11696310341358185,0.0979815348982811,0.49185633659362793,-0.2995838224887848,0.09157069027423859,0.471906840801239,-0.08884843438863754,0.25811949372291565,0.2864137291908264,-0.08354181796312332,0.20896586775779724,0.30551546812057495,0.08341113477945328,0.23016929626464844,0.4599427580833435,-0.19168470799922943,0.17028935253620148,0.45170071721076965,0.023771392181515694,0.3121787905693054,0.5092118382453918,-0.04410671815276146,0.24813298881053925,0.5207884311676025,0.15369583666324615,0.32950764894485474,0.499761164188385,-0.011671671643853188,0.2647536098957062,0.514739453792572,0.16887934505939484,0.3097235858440399,0.5601697564125061,0.017234867438673973,0.2546052038669586,0.5758396983146667,0.17855091392993927
dbp_400491.jpg,0.061456821858882904,0.2613169848918915,-0.1795891672372818,0.05157553777098656,0.24896878004074097,-0.20655591785907745,0.052425581961870193,0.2460722178220749,-0.2064988762140274,0.05342254787683487,0.24285632371902466,-0.20649787783622742,0.05026227980852127,0.25035175681114197,-0.1720760464668274,0.05009760335087776,0.24851757287979126,-0.17217572033405304,0.050032153725624084,0.2461821436882019,-0.1722370833158493,0.06282766908407211,0.21973654627799988,-0.26625287532806396,0.05849474295973778,0.22219111025333405,-0.11334770172834396,0.07607410103082657,0.25565624237060547,-0.1972476989030838,0.07416634261608124,0.2571864724159241,-0.1524151712656021,0.12593327462673187,0.22541983425617218,-0.3319707214832306,0.09219126403331757,0.23696552217006683,0.009030076675117016,0.14208067953586578,0.36232808232307434,-0.3272247612476349,0.11148464679718018,0.3534693717956543,0.09369303286075592,0.1133822649717331,0.47328564524650574,-0.2825199067592621,0.09478496015071869,0.4547569751739502,0.0664144828915596,0.11045004427433014,0.501940906047821,-0.31981995701789856,0.09248559176921844,0.480694442987442,0.0731029212474823,0.09699743241071701,0.4994072914123535,-0.3049059808254242,0.08637995272874832,0.4809841215610504,0.031735751777887344,0.09776409715414047,0.4903704822063446,-0.2758016586303711,0.08822919428348541,0.474194198846817,0.04871790111064911,0.25771549344062805,0.3015015423297882,-0.09790382534265518,0.21903353929519653,0.30591362714767456,0.09786685556173325,0.2442019283771515,0.5056717991828918,-0.19024690985679626,0.17044395208358765,0.4516783356666565,0.07741929590702057,0.31854304671287537,0.5961137413978577,-0.005398281384259462,0.24268311262130737,0.5527807474136353,0.23730811476707458,0.3345169425010681,0.5882716178894043,0.01613566093146801,0.2589240074157715,0.5565274357795715,0.25311389565467834,0.3153136372566223,0.679821252822876,0.01729581505060196,0.2429904192686081,0.611989438533783,0.25567448139190674
dbp_400501.jpg,0.048039209097623825,0.24402973055839539,-0.15471437573432922,0.03872625157237053,0.23311272263526917,-0.180757537484169,0.039185382425785065,0.23042945563793182,-0.18071891367435455,0.0396910160779953,0.22754253447055817,-0.18068426847457886,0.0379902608692646,0.2342207431793213,-0.14608065783977509,0.03789396584033966,0.23235486447811127,-0.14618144929409027,0.037846315652132034,0.2300557941198349,-0.1462744176387787,0.049018941819667816,0.20568464696407318,-0.24163872003555298,0.04574499651789665,0.2107619345188141,-0.08598009496927261,0.061687711626291275,0.23794201016426086,-0.17291204631328583,0.060958169400691986,0.23878000676631927,-0.1272076666355133,0.11307096481323242,0.21206791698932648,-0.3126164972782135,0.08839616924524307,0.23107148706912994,0.03761475160717964,0.12834392488002777,0.3405756950378418,-0.32377731800079346,0.10520868748426437,0.344778448343277,0.11463715136051178,0.1118479073047638,0.4609418511390686,-0.2964285612106323,0.09139779955148697,0.45184046030044556,0.08139152824878693,0.10904914885759354,0.48795077204704285,-0.33658933639526367,0.08756418526172638,0.47269004583358765,0.09046120196580887,0.0969182476401329,0.4888173043727875,-0.31805992126464844,0.08015234768390656,0.47419407963752747,0.050381019711494446,0.09764618426561356,0.47998517751693726,-0.2880600690841675,0.08296623826026917,0.468206524848938,0.06406236439943314,0.25631505250930786,0.28362974524497986,-0.10415732115507126,0.2200241982936859,0.2865065336227417,0.10423483699560165,0.21772173047065735,0.47998178005218506,-0.16778434813022614,0.1751047670841217,0.4480835497379303,0.12116548418998718,0.30326002836227417,0.5785676836967468,-0.03540465980768204,0.24005848169326782,0.5429449081420898,0.28486794233322144,0.3261227011680603,0.5780644416809082,-0.023942280560731888,0.2585633397102356,0.5474525690078735,0.3005272448062897,0.27765557169914246,0.659676194190979,-0.054019995033741,0.2284497767686844,0.6022644639015198,0.2962699830532074
dbp_400511.jpg,0.04436488077044487,0.22419501841068268,-0.16906216740608215,0.036823879927396774,0.20996324717998505,-0.2014501690864563,0.037644438445568085,0.20689614117145538,-0.2014043629169464,0.03855619579553604,0.203338623046875,-0.20134346187114716,0.03546127304434776,0.21177275478839874,-0.16157302260398865,0.03524131700396538,0.21030957996845245,-0.16166020929813385,0.034993648529052734,0.20845603942871094,-0.1619107723236084,0.04974805563688278,0.18351134657859802,-0.2541505694389343,0.04482889547944069,0.19172468781471252,-0.11094487458467484,0.057318806648254395,0.22150541841983795,-0.1937958300113678,0.055604029446840286,0.22412987053394318,-0.14565609395503998,0.11431755125522614,0.1994384527206421,-0.2979047894477844,0.0829000249505043,0.22172661125659943,0.027840640395879745,0.12867961823940277,0.3318789303302765,-0.3038187325000763,0.09771434962749481,0.32952752709388733,0.0733945444226265,0.1089477390050888,0.4427644610404968,-0.2851797640323639,0.08145586401224136,0.435333251953125,0.04217114299535751,0.10695534199476242,0.4724448621273041,-0.32022541761398315,0.0760953277349472,0.4595644176006317,0.07222509384155273,0.09353426098823547,0.4721619486808777,-0.3129114508628845,0.07042732834815979,0.45801621675491333,0.03339733928442001,0.09324479848146439,0.46274709701538086,-0.2814742624759674,0.0731043741106987,0.45064863562583923,0.0268514696508646,0.24105697870254517,0.2805996537208557,-0.09822436422109604,0.2015659064054489,0.2844087481498718,0.09826269000768661,0.18423639237880707,0.47117868065834045,-0.18930929899215698,0.14512568712234497,0.42040926218032837,0.10347235947847366,0.2617999017238617,0.5655473470687866,-0.04706986993551254,0.23246796429157257,0.4905834197998047,0.22282317280769348,0.2821039855480194,0.5660481452941895,-0.031218716874718666,0.25117263197898865,0.487840473651886,0.23568138480186462,0.24989081919193268,0.6366320848464966,-0.03982648625969887,0.2311411201953888,0.5507593154907227,0.2611345052719116
dbp_400521.jpg,0.047430239617824554,0.22686171531677246,-0.23850756883621216,0.03911159932613373,0.2130739837884903,-0.2598162889480591,0.0394209623336792,0.21021486818790436,-0.25973305106163025,0.039758216589689255,0.20705653727054596,-0.2597105801105499,0.03837680444121361,0.21503719687461853,-0.23425154387950897,0.03816293179988861,0.21365663409233093,-0.23437662422657013,0.03795066103339195,0.21202713251113892,-0.23444156348705292,0.05272533744573593,0.18678978085517883,-0.2894646227359772,0.046495866030454636,0.19402281939983368,-0.17997536063194275,0.0588613897562027,0.2229774296283722,-0.24577441811561584,0.05896461755037308,0.2256929874420166,-0.21299192309379578,0.11835315823554993,0.20028775930404663,-0.3024734556674957,0.07726112753152847,0.21618284285068512,-0.0803925171494484,0.1294994205236435,0.33282166719436646,-0.3032015264034271,0.094602070748806,0.3241628110408783,0.00044927667477168143,0.10758064687252045,0.44372668862342834,-0.2720811665058136,0.0739440843462944,0.43103939294815063,-0.028600523248314857,0.10618241131305695,0.4741339385509491,-0.30524489283561707,0.06604639440774918,0.4563363492488861,-0.03134527802467346,0.09288158267736435,0.473071426153183,-0.29989632964134216,0.06093277782201767,0.4545309841632843,-0.07093005627393723,0.09213843196630478,0.4636649787425995,-0.2696996033191681,0.06455224007368088,0.4462689161300659,-0.04440609738230705,0.23559217154979706,0.2814747393131256,-0.0876128152012825,0.191464364528656,0.28436994552612305,0.0874645784497261,0.2017265409231186,0.46993789076805115,-0.18875516951084137,0.13688474893569946,0.42931830883026123,0.07374926656484604,0.284089595079422,0.4102487862110138,-0.033485908061265945,0.23099812865257263,0.4864492118358612,0.21922726929187775,0.2905883491039276,0.3787972033023834,-0.010688915848731995,0.24914631247520447,0.4769134521484375,0.2288358211517334,0.32138481736183167,0.436207115650177,0.050077006220817566,0.24223169684410095,0.5441831946372986,0.2474624514579773
dbp_400531.jpg,0.04653364419937134,0.22858364880084991,-0.22891613841056824,0.04014546051621437,0.21349483728408813,-0.25564703345298767,0.04104156047105789,0.2111118733882904,-0.25558042526245117,0.0419810526072979,0.2090514451265335,-0.2555410861968994,0.038295868784189224,0.21685795485973358,-0.2248680740594864,0.0379338338971138,0.21576601266860962,-0.22496412694454193,0.03758038952946663,0.2143407016992569,-0.2250453680753708,0.054120831191539764,0.19413934648036957,-0.28043827414512634,0.046809788793325424,0.19609802961349487,-0.1663675308227539,0.059929899871349335,0.2281133234500885,-0.23844075202941895,0.05708932876586914,0.22931711375713348,-0.2018069475889206,0.11851765215396881,0.2179739624261856,-0.30521538853645325,0.07519850134849548,0.22037221491336823,-0.0655086413025856,0.13032515347003937,0.3491396903991699,-0.305296927690506,0.09491898119449615,0.3266242444515228,0.003342346753925085,0.10566374659538269,0.4525919258594513,-0.28255289793014526,0.07200611382722855,0.43257561326026917,-0.029739726334810257,0.10255824774503708,0.4786653220653534,-0.3163661062717438,0.06431695073843002,0.4578196108341217,-0.031344540417194366,0.09092764556407928,0.47661441564559937,-0.311771422624588,0.058121077716350555,0.4561590552330017,-0.06771453469991684,0.09020067751407623,0.46896058320999146,-0.28133028745651245,0.06168757751584053,0.44723838567733765,-0.04509612172842026,0.22028981149196625,0.2911143898963928,-0.08166292309761047,0.1796884685754776,0.2858339846134186,0.08159875124692917,0.17422260344028473,0.4677900969982147,-0.16690737009048462,0.13223688304424286,0.4044056832790375,0.07920349389314651,0.2314739227294922,0.5268449187278748,-0.019960058853030205,0.16151228547096252,0.5129647254943848,0.19118021428585052,0.24376270174980164,0.5299109220504761,-0.0019880319014191628,0.1751745045185089,0.5308049917221069,0.19838468730449677,0.22629442811012268,0.5776727199554443,0.019653862342238426,0.1345898061990738,0.5582541823387146,0.19128823280334473
dbp_400541.jpg,0.031232059001922607,0.21600636839866638,-0.2530969977378845,0.02781885489821434,0.19867293536663055,-0.2730662524700165,0.02941134199500084,0.19687899947166443,-0.2730175852775574,0.03113306500017643,0.194913849234581,-0.27304211258888245,0.025613587349653244,0.1994897574186325,-0.2440447062253952,0.02553997002542019,0.19813181459903717,-0.2441796362400055,0.02547883614897728,0.19650283455848694,-0.2441961020231247,0.047934699803590775,0.18331922590732574,-0.29563799500465393,0.04010777175426483,0.18533369898796082,-0.17080888152122498,0.04347837343811989,0.22068551182746887,-0.2580886483192444,0.04039381071925163,0.22225184738636017,-0.22094909846782684,0.11801115423440933,0.2340897023677826,-0.3180866539478302,0.07310828566551208,0.22691617906093597,-0.06239714473485947,0.12654846906661987,0.3690936267375946,-0.3175656497478485,0.08583299070596695,0.34107738733291626,0.011361475102603436,0.09290169179439545,0.46974411606788635,-0.3055078685283661,0.060871854424476624,0.4443351626396179,-0.015985611826181412,0.0883873999118805,0.49615877866744995,-0.34513548016548157,0.054920367896556854,0.46536335349082947,-0.014818630181252956,0.07748442143201828,0.4950036406517029,-0.3369893729686737,0.049965981394052505,0.4633832275867462,-0.053812626749277115,0.07726283371448517,0.4862572252750397,-0.3039766848087311,0.053512707352638245,0.45771557092666626,-0.03216240182518959,0.2211589813232422,0.3105868101119995,-0.07987639307975769,0.1754959672689438,0.2998846769332886,0.07987131178379059,0.171393021941185,0.4648520052433014,-0.17151615023612976,0.0835605189204216,0.3861754834651947,0.04435914754867554,0.24013961851596832,0.5345075726509094,0.04653347283601761,0.08943399786949158,0.5134533643722534,0.11984982341527939,0.25107309222221375,0.5325326919555664,0.07258764654397964,0.10105466842651367,0.5340901017189026,0.12564799189567566,0.2387242317199707,0.591383695602417,0.08396223932504654,0.0547357015311718,0.5548813939094543,0.1070895716547966
dbp_400551.jpg,0.010179963894188404,0.1923612803220749,-0.3475470244884491,0.012197146192193031,0.17666032910346985,-0.3627861440181732,0.014852160587906837,0.1752556711435318,-0.3627395033836365,0.017809737473726273,0.17353256046772003,-0.3627583384513855,0.008039583452045918,0.17787697911262512,-0.33493250608444214,0.00772783113643527,0.17732872068881989,-0.33511799573898315,0.007633452769368887,0.1765924096107483,-0.33516520261764526,0.03757106512784958,0.1674409806728363,-0.3684651255607605,0.025667870417237282,0.16995270550251007,-0.24499769508838654,0.022971004247665405,0.20456528663635254,-0.3451562523841858,0.018144547939300537,0.20533747971057892,-0.3089635968208313,0.10155344009399414,0.22968171536922455,-0.38596242666244507,0.04911402240395546,0.23127545416355133,-0.11392448097467422,0.1103418618440628,0.36889541149139404,-0.4014696478843689,0.061960212886333466,0.34656497836112976,-0.04039669409394264,0.0780777558684349,0.47478607296943665,-0.4193417727947235,0.03635134920477867,0.45053353905677795,-0.07505390793085098,0.07419150322675705,0.5021858811378479,-0.4687007963657379,0.029800759628415108,0.47243568301200867,-0.07753723114728928,0.060834091156721115,0.5013463497161865,-0.4584841728210449,0.027220670133829117,0.47356367111206055,-0.11961667239665985,0.06003350391983986,0.4922759532928467,-0.41765373945236206,0.030887451022863388,0.46701350808143616,-0.09324631839990616,0.19743169844150543,0.3085263669490814,-0.08218400180339813,0.15569104254245758,0.31167230010032654,0.08227014541625977,0.12053292244672775,0.45165756344795227,-0.20288202166557312,0.08566109091043472,0.4014742076396942,0.03181830421090126,0.14847560226917267,0.5512328743934631,-0.013899918645620346,0.12508055567741394,0.5349103808403015,0.15452514588832855,0.15960508584976196,0.559373676776886,0.006232071202248335,0.13832396268844604,0.5495795607566833,0.1638542115688324,0.12437225878238678,0.6022917628288269,-0.022191038355231285,0.10625604540109634,0.5862632393836975,0.1534409373998642
dbp_400561.jpg,-0.017033306881785393,0.18858148157596588,-0.3768518567085266,-0.013626832515001297,0.16980260610580444,-0.38557755947113037,-0.009346691891551018,0.167271688580513,-0.38557419180870056,-0.0074411313980817795,0.15226857364177704,-0.38564249873161316,-0.0287038441747427,0.16280362010002136,-0.3642553985118866,-0.03054739162325859,0.16655293107032776,-0.3643994927406311,-0.031348612159490585,0.16747020184993744,-0.3644799590110779,0.012180346995592117,0.15712077915668488,-0.3620542287826538,-0.016837239265441895,0.17025421559810638,-0.26680272817611694,0.0026278553996235132,0.196553036570549,-0.3631197214126587,-0.007264094892889261,0.2013075053691864,-0.33523204922676086,0.06828060746192932,0.2293492704629898,-0.37460166215896606,0.01570091024041176,0.23866167664527893,-0.11428067088127136,0.08031516522169113,0.3666418790817261,-0.371261328458786,0.03951098397374153,0.35519927740097046,-0.03202803432941437,0.05259621888399124,0.47821614146232605,-0.3950284421443939,0.019543064758181572,0.4767100512981415,-0.07452281564474106,0.04742079973220825,0.5098149180412292,-0.4425576329231262,0.02157212421298027,0.5081794857978821,-0.08050081878900528,0.035251304507255554,0.5110312700271606,-0.4387410879135132,0.018765682354569435,0.5089181065559387,-0.12557122111320496,0.036352939903736115,0.5003566741943359,-0.3949270248413086,0.0204052422195673,0.4982396960258484,-0.09382841736078262,0.16637445986270905,0.31843748688697815,-0.08287057280540466,0.12554466724395752,0.32448455691337585,0.0830504521727562,0.11353041976690292,0.4652656614780426,-0.22021299600601196,0.06000920757651329,0.4326411485671997,-0.0033022440038621426,0.14872178435325623,0.6078348159790039,-0.043307699263095856,0.11801695823669434,0.55177241563797,0.1570674329996109,0.16320613026618958,0.6159273386001587,-0.02484748885035515,0.1337684690952301,0.561618447303772,0.17087355256080627,0.13122478127479553,0.6736729741096497,-0.052215542644262314,0.10748741775751114,0.6087561845779419,0.14746442437171936
dbp_400571.jpg,-0.04454391077160835,0.184947669506073,-0.24384230375289917,-0.04016176611185074,0.16987061500549316,-0.2536088824272156,-0.03716989606618881,0.1684914082288742,-0.25367143750190735,-0.03431909903883934,0.1645902395248413,-0.25376588106155396,-0.04495123401284218,0.17042507231235504,-0.23490221798419952,-0.04545099288225174,0.17233586311340332,-0.23493161797523499,-0.045864038169384,0.17364048957824707,-0.23500008881092072,-0.010659420862793922,0.15946801006793976,-0.2578015625476837,-0.036701500415802,0.17513152956962585,-0.1741994470357895,-0.03266698494553566,0.19738663733005524,-0.24111144244670868,-0.038875434547662735,0.20248258113861084,-0.21764343976974487,0.04137677326798439,0.2428688108921051,-0.29605633020401,8.460814569843933e-05,0.2603372037410736,-0.05959884449839592,0.06123385205864906,0.37838301062583923,-0.27963027358055115,0.029688239097595215,0.37570905685424805,-0.017178602516651154,0.027505455538630486,0.48930230736732483,-0.26278260350227356,0.00860000029206276,0.4915098547935486,0.005853074137121439,0.029705803841352463,0.516927182674408,-0.2924729585647583,0.0030577213037759066,0.5149808526039124,0.010857299901545048,0.01662696711719036,0.5140061378479004,-0.2840903699398041,0.001659439061768353,0.5172920823097229,-0.02238672412931919,0.018774118274450302,0.5047988295555115,-0.2587538957595825,0.007705645635724068,0.5101963877677917,-0.008212750777602196,0.14941677451133728,0.34562504291534424,-0.08266742527484894,0.11991480737924576,0.34793779253959656,0.0828801766037941,0.09455552697181702,0.5075559020042419,-0.199266254901886,0.06239188835024834,0.4662737548351288,0.05030090734362602,0.1258281171321869,0.5954994559288025,-0.011633495800197124,0.09256286919116974,0.5573249459266663,0.16330695152282715,0.13810807466506958,0.5970867872238159,0.009917747229337692,0.10357251763343811,0.5639582276344299,0.1754295527935028,0.10580912232398987,0.646140992641449,0.018240179866552353,0.07847508788108826,0.6004573106765747,0.16275672614574432
dbp_400581.jpg,-0.024912754073739052,0.1640758365392685,-0.39519497752189636,-0.015625016763806343,0.14750610291957855,-0.3962152600288391,-0.011388134211301804,0.14719140529632568,-0.39625152945518494,-0.007494655903428793,0.14661502838134766,-0.39637306332588196,-0.023685622960329056,0.148116797208786,-0.38364312052726746,-0.02481371909379959,0.1482987105846405,-0.3837796747684479,-0.02597852423787117,0.14862385392189026,-0.3837731182575226,0.009053985588252544,0.1530083566904068,-0.35044118762016296,-0.013281172141432762,0.1541355401277542,-0.297136515378952,-0.0111740343272686,0.18152828514575958,-0.3745025098323822,-0.023952268064022064,0.18489009141921997,-0.35857030749320984,0.056378696113824844,0.2606115937232971,-0.3350794017314911,0.012374342419207096,0.24587245285511017,-0.17007865011692047,0.05976013094186783,0.39682257175445557,-0.2940351366996765,0.036128245294094086,0.35284337401390076,-0.09163858741521835,0.038324303925037384,0.4953792989253998,-0.24883219599723816,0.02299092337489128,0.4296286702156067,-0.08085314929485321,0.03163928538560867,0.5202039480209351,-0.28348222374916077,0.016052914783358574,0.4307847321033478,-0.08339004218578339,0.02103809267282486,0.5097567439079285,-0.2766951024532318,0.013474646024405956,0.44046249985694885,-0.11370672285556793,0.023821981623768806,0.4999854266643524,-0.24676302075386047,0.018365588039159775,0.44137150049209595,-0.09194275736808777,0.15212799608707428,0.35473766922950745,-0.06115778163075447,0.1249057948589325,0.3349824547767639,0.06118345260620117,0.12802210450172424,0.46007728576660156,0.08396350592374802,0.06824285537004471,0.4593406617641449,0.24079088866710663,0.1710212230682373,0.4577498435974121,0.29971471428871155,0.1225782111287117,0.4942688047885895,0.45408567786216736,0.1833711564540863,0.4501703977584839,0.32382723689079285,0.13265013694763184,0.4949165880680084,0.4778800308704376,0.15545083582401276,0.4829132556915283,0.32505884766578674,0.10709087550640106,0.5240996479988098,0.4833015501499176
dbp_400591.jpg,-0.005405524745583534,0.18118354678153992,-0.024169815704226494,0.007377760484814644,0.16650700569152832,-0.0449407659471035,0.010695431381464005,0.16518375277519226,-0.0449804849922657,0.014187379740178585,0.16275569796562195,-0.045031365007162094,0.004083922132849693,0.16719457507133484,-0.011923471465706825,0.0046533322893083096,0.16703425347805023,-0.011901595629751682,0.0053847902454435825,0.16665387153625488,-0.01190468855202198,0.0335768386721611,0.16133278608322144,-0.09032347053289413,0.02655237354338169,0.16301292181015015,0.05600622668862343,-0.003244403749704361,0.18558555841445923,-0.03918563947081566,-0.00572783499956131,0.18899288773536682,0.0033662240020930767,0.07172861695289612,0.2572418749332428,-0.17691157758235931,0.07040956616401672,0.2525465488433838,0.16497956216335297,0.06589542329311371,0.3807850182056427,-0.16799728572368622,0.06893040984869003,0.35245659947395325,0.22162243723869324,0.02168792113661766,0.38941022753715515,-0.06379473954439163,0.031075412407517433,0.3691087067127228,0.1926455944776535,0.008656316436827183,0.3783966898918152,-0.0794525295495987,0.022838111966848373,0.35849228501319885,0.20437635481357574,0.007877415977418423,0.36143606901168823,-0.06967645138502121,0.016037756577134132,0.3554365038871765,0.18293070793151855,0.012338463217020035,0.3636940121650696,-0.05682216212153435,0.01927853748202324,0.35924211144447327,0.18246430158615112,0.1911797970533371,0.37046122550964355,-0.09852320700883865,0.19481350481510162,0.37018251419067383,0.09878919273614883,0.20900531113147736,0.525479257106781,-0.15592417120933533,0.1812247931957245,0.5000225901603699,0.13677743077278137,0.28777316212654114,0.48378750681877136,-0.12492520362138748,0.27394014596939087,0.5000742673873901,0.13730989396572113,0.2978828251361847,0.46788835525512695,-0.1156252846121788,0.28840455412864685,0.49222517013549805,0.13757869601249695,0.314327597618103,0.4984890818595886,-0.08630827069282532,0.29530617594718933,0.5311879515647888,0.14672520756721497
dbp_400601.jpg,0.056779224425554276,0.19330257177352905,-0.3025815188884735,0.06759163737297058,0.19100260734558105,-0.3054100275039673,0.0700845941901207,0.1935359388589859,-0.30536553263664246,0.07262908667325974,0.1959334909915924,-0.30544012784957886,0.055058803409338,0.1697096973657608,-0.3014967143535614,0.05455087497830391,0.16788312792778015,-0.30155280232429504,0.05413008853793144,0.1708591729402542,-0.3015764653682709,0.07787318527698517,0.22053763270378113,-0.24395693838596344,0.06397435069084167,0.21418334543704987,-0.24896404147148132,0.055198002606630325,0.21778221428394318,-0.2833837866783142,0.04390477016568184,0.20473287999629974,-0.28027376532554626,0.07678432762622833,0.3016855716705322,-0.19602909684181213,0.06452351808547974,0.287136048078537,-0.14362892508506775,0.05455566570162773,0.3654782474040985,-0.3121587038040161,0.04673779383301735,0.3152845501899719,-0.2600036859512329,0.03586098924279213,0.2651859223842621,-0.35159507393836975,0.03306059539318085,0.23630619049072266,-0.4065834879875183,0.03080754168331623,0.2385057806968689,-0.39535847306251526,0.027689099311828613,0.21624243259429932,-0.4348702132701874,0.02845924161374569,0.22591182589530945,-0.4016725420951843,0.026158438995480537,0.20425182580947876,-0.4256955683231354,0.030979644507169724,0.23773151636123657,-0.35744932293891907,0.025749526917934418,0.2115054875612259,-0.40670666098594666,0.1926589459180832,0.4214266836643219,-0.07849319279193878,0.18847449123859406,0.4230967164039612,0.0785839855670929,0.16285699605941772,0.5430849194526672,-0.17840656638145447,0.13007158041000366,0.5460538864135742,0.07462015748023987,0.23522306978702545,0.5519266128540039,0.009459465742111206,0.23008258640766144,0.564799427986145,0.15550914406776428,0.2436077892780304,0.5408173203468323,0.044771987944841385,0.25308099389076233,0.5530647039413452,0.1787930279970169,0.2763979732990265,0.5745026469230652,0.1055518314242363,0.2125725895166397,0.6040099859237671,0.24204076826572418
dbp_400611.jpg,0.0631340742111206,0.15499332547187805,-0.3145432770252228,0.07103204727172852,0.14321930706501007,-0.3187181055545807,0.07352986931800842,0.14414754509925842,-0.31862539052963257,0.07626039534807205,0.14509758353233337,-0.31867679953575134,0.06651564687490463,0.13881906867027283,-0.3019975423812866,0.06646022200584412,0.13794967532157898,-0.30207064747810364,0.06654436141252518,0.1378399282693863,-0.3020767867565155,0.09300228953361511,0.15823101997375488,-0.2755226790904999,0.07967217266559601,0.15192432701587677,-0.21811462938785553,0.06721050292253494,0.17707322537899017,-0.3006095886230469,0.061914946883916855,0.17694982886314392,-0.28065773844718933,0.101539745926857,0.2780749797821045,-0.24388588964939117,0.06253181397914886,0.26866135001182556,-0.11943268030881882,0.07093598693609238,0.35533952713012695,-0.36657679080963135,0.0210946686565876,0.32346346974372864,-0.2757587730884552,0.039906278252601624,0.23421363532543182,-0.4086100459098816,0.03507118672132492,0.22141051292419434,-0.46709081530570984,0.03736104071140289,0.2052752822637558,-0.4582994282245636,0.0306077990680933,0.19984090328216553,-0.5003530383110046,0.054196108132600784,0.19037528336048126,-0.45715901255607605,0.037222448736429214,0.19090613722801208,-0.4806915819644928,0.056439951062202454,0.20329540967941284,-0.4118596911430359,0.035970915108919144,0.1976572722196579,-0.4636716842651367,0.1970667988061905,0.422785222530365,-0.07954032719135284,0.18614348769187927,0.41141849756240845,0.07960217446088791,0.12805481255054474,0.5442866086959839,-0.17160098254680634,0.09538380801677704,0.5111784338951111,0.09546247124671936,0.2337610423564911,0.6147428154945374,0.002647666959092021,0.2062247097492218,0.5803070068359375,0.25162819027900696,0.24666637182235718,0.6126350164413452,0.03084336780011654,0.2177770435810089,0.5779378414154053,0.2723173201084137,0.27161213755607605,0.6637292504310608,0.05207838490605354,0.19334398210048676,0.632337212562561,0.2755630612373352
dbp_400621.jpg,0.06856417655944824,0.1705406755208969,-0.18457572162151337,0.07791843265295029,0.15685349702835083,-0.18008841574192047,0.08148054033517838,0.15716440975666046,-0.1799420565366745,0.08535386621952057,0.1572275012731552,-0.1799180954694748,0.07198279350996017,0.15377479791641235,-0.15965531766414642,0.07123836129903793,0.15282230079174042,-0.1597277820110321,0.07058107852935791,0.15202733874320984,-0.1597273200750351,0.1005726009607315,0.15990346670150757,-0.13100174069404602,0.08322327584028244,0.16064982116222382,-0.04360285773873329,0.0749904215335846,0.18533284962177277,-0.16754165291786194,0.06812626868486404,0.18746311962604523,-0.14282441139221191,0.11447040736675262,0.2863755226135254,-0.17357388138771057,0.061355482786893845,0.2715640664100647,0.061219893395900726,0.0912441536784172,0.3553159534931183,-0.2824384272098541,0.0185718797147274,0.3242068886756897,-0.07560834288597107,0.054608844220638275,0.24403201043605804,-0.3330802917480469,0.03687060624361038,0.24342888593673706,-0.2369837462902069,0.048332009464502335,0.2197953313589096,-0.38200512528419495,0.03241100534796715,0.22411131858825684,-0.25120875239372253,0.06548473238945007,0.20828916132450104,-0.35667169094085693,0.041799530386924744,0.2140846848487854,-0.22835543751716614,0.06682470440864563,0.22154590487480164,-0.32917356491088867,0.04195713624358177,0.22435344755649567,-0.3450453579425812,0.20260514318943024,0.4266742765903473,-0.10072999447584152,0.18041940033435822,0.430650919675827,0.10074401646852493,0.11188100278377533,0.5370179414749146,-0.305129736661911,0.08816006034612656,0.5201641917228699,-0.0007617619121447206,0.20679329335689545,0.6527465581893921,-0.2481851428747177,0.17750948667526245,0.6479218006134033,0.08347884565591812,0.2292986512184143,0.657438337802887,-0.23772220313549042,0.19611236453056335,0.6561226844787598,0.09437285363674164,0.20210351049900055,0.728674054145813,-0.2673647999763489,0.1771690398454666,0.7151469588279724,0.06977484375238419
dbp_400631.jpg,0.0849214419722557,0.17684753239154816,-0.2632826268672943,0.09839092195034027,0.16289514303207397,-0.24508477747440338,0.10266668349504471,0.163016676902771,-0.2448241412639618,0.10683342814445496,0.1617533266544342,-0.2447977215051651,0.09095140546560287,0.1602851003408432,-0.23608523607254028,0.08984087407588959,0.15961404144763947,-0.23614290356636047,0.08844020217657089,0.15889489650726318,-0.2361810803413391,0.11905062198638916,0.17084501683712006,-0.2000151127576828,0.09724791347980499,0.1644890457391739,-0.11100222170352936,0.09185876697301865,0.18863531947135925,-0.22292593121528625,0.08293182402849197,0.1908380687236786,-0.21568362414836884,0.13485687971115112,0.2800346910953522,-0.22010700404644012,0.06604494899511337,0.27128666639328003,-0.003997885622084141,0.12499425560235977,0.35562002658843994,-0.3344343602657318,0.03061368316411972,0.3455204367637634,-0.17838852107524872,0.08710137754678726,0.24975696206092834,-0.3992908298969269,0.06269393861293793,0.2351539433002472,-0.304488867521286,0.0904313251376152,0.22637683153152466,-0.4422076344490051,0.07316584140062332,0.19862903654575348,-0.3240358531475067,0.09823378175497055,0.2245587855577469,-0.4311744272708893,0.07842718064785004,0.19909441471099854,-0.2904357314109802,0.09993100166320801,0.22432945668697357,-0.3982671797275543,0.08274395763874054,0.2041717767715454,-0.2983650267124176,0.21872296929359436,0.4341254234313965,-0.09759331494569778,0.1839618682861328,0.44231978058815,0.09759042412042618,0.12813405692577362,0.544143557548523,-0.3040716052055359,0.1291857361793518,0.5395663976669312,0.03640882298350334,0.2524350583553314,0.6522908806800842,-0.21652087569236755,0.25526919960975647,0.6058664917945862,0.15184378623962402,0.2797027826309204,0.6442358493804932,-0.2013033926486969,0.27819013595581055,0.605008602142334,0.16547130048274994,0.26069849729537964,0.721207320690155,-0.22610893845558167,0.2763126492500305,0.6625183820724487,0.14599913358688354
dbp_400641.jpg,0.0755966529250145,0.17641165852546692,-0.2716691792011261,0.08441059291362762,0.16406241059303284,-0.27463868260383606,0.08771845698356628,0.16463114321231842,-0.2745002210140228,0.09130703657865524,0.1643371284008026,-0.2745096981525421,0.08003289997577667,0.1613505631685257,-0.2462770789861679,0.07999046891927719,0.16059809923171997,-0.24633875489234924,0.08010448515415192,0.15979529917240143,-0.24635161459445953,0.10912799090147018,0.17137481272220612,-0.2553573250770569,0.09207644313573837,0.16651804745197296,-0.1293310672044754,0.08171333372592926,0.19253253936767578,-0.2569510042667389,0.07657159119844437,0.19205792248249054,-0.22270138561725616,0.13952432572841644,0.27658897638320923,-0.2930764853954315,0.0769185721874237,0.2681736946105957,-0.01116944756358862,0.11739137023687363,0.3769034147262573,-0.40908002853393555,0.024860911071300507,0.34668460488319397,-0.17104338109493256,0.08469748497009277,0.26543527841567993,-0.43339455127716064,0.04052192345261574,0.2533223032951355,-0.38185080885887146,0.08186750113964081,0.23726202547550201,-0.47860589623451233,0.03572338819503784,0.23199774324893951,-0.4040869176387787,0.08632979542016983,0.2236129343509674,-0.4633210003376007,0.04625982791185379,0.22514674067497253,-0.3786596953868866,0.08892364799976349,0.23548993468284607,-0.42916396260261536,0.05295075848698616,0.229884535074234,-0.37692883610725403,0.21744224429130554,0.4314766228199005,-0.11446898430585861,0.1813107430934906,0.432239830493927,0.11449358612298965,0.1316072642803192,0.5434351563453674,-0.35361766815185547,0.11031518876552582,0.5571677684783936,-0.013918193988502026,0.25233370065689087,0.6457139849662781,-0.21753564476966858,0.1961531639099121,0.6753039956092834,0.15084867179393768,0.2769193947315216,0.6432612538337708,-0.20016013085842133,0.21740977466106415,0.6849891543388367,0.16872809827327728,0.25458088517189026,0.7096854448318481,-0.22366905212402344,0.18462419509887695,0.738345742225647,0.14113196730613708
dbp_400651.jpg,0.07120518386363983,0.18575738370418549,-0.2710197865962982,0.07848707586526871,0.1688115894794464,-0.2822795808315277,0.08160905539989471,0.16859599947929382,-0.28223514556884766,0.08489611744880676,0.16837896406650543,-0.2823324203491211,0.07409189641475677,0.16752783954143524,-0.25348612666130066,0.07397253811359406,0.16614484786987305,-0.25353947281837463,0.07403005659580231,0.16492952406406403,-0.25359800457954407,0.10305927693843842,0.17302477359771729,-0.2889794111251831,0.08753859996795654,0.1672365963459015,-0.161725714802742,0.07912646979093552,0.20172163844108582,-0.26618844270706177,0.07403001189231873,0.20072975754737854,-0.23023433983325958,0.13628119230270386,0.27595192193984985,-0.31641891598701477,0.09033915400505066,0.265596866607666,-0.04180089011788368,0.11203373223543167,0.38160285353660583,-0.3665202856063843,0.04560597613453865,0.34624674916267395,-0.09327434748411179,0.08171582967042923,0.26175615191459656,-0.3272207975387573,0.031868450343608856,0.2563096880912781,-0.18501685559749603,0.07812604308128357,0.23548030853271484,-0.35091039538383484,0.022455396130681038,0.23926769196987152,-0.1903602033853531,0.08103852719068527,0.22018255293369293,-0.3421577215194702,0.027220921590924263,0.23088188469409943,-0.17531201243400574,0.08358179032802582,0.22992826998233795,-0.32181093096733093,0.03366250544786453,0.23545557260513306,-0.17971163988113403,0.217146098613739,0.4398583769798279,-0.10710988938808441,0.18677841126918793,0.4243776500225067,0.10714546591043472,0.1684676557779312,0.5611521601676941,-0.13552279770374298,0.15744072198867798,0.547822892665863,0.1486968696117401,0.27994734048843384,0.6559492349624634,-0.01952415704727173,0.22059521079063416,0.6496074795722961,0.3251752257347107,0.30091506242752075,0.6594838500022888,-0.004889829084277153,0.23877017199993134,0.6590766906738281,0.34558308124542236,0.27361491322517395,0.7098732590675354,-0.02268693968653679,0.20327994227409363,0.7063793540000916,0.35102570056915283
dbp_400661.jpg,0.07136686146259308,0.21622255444526672,-0.2703055739402771,0.0778246745467186,0.19521597027778625,-0.28262463212013245,0.08138561993837357,0.19332915544509888,-0.2826056480407715,0.08476720005273819,0.19227388501167297,-0.282709538936615,0.07264865189790726,0.1956448256969452,-0.2558977007865906,0.07194504886865616,0.194254532456398,-0.2559354305267334,0.07129564881324768,0.1931750625371933,-0.25600770115852356,0.10262084752321243,0.19244158267974854,-0.28455597162246704,0.08254644274711609,0.19255855679512024,-0.16934409737586975,0.08219658583402634,0.22687271237373352,-0.2653448283672333,0.07576121389865875,0.22651608288288116,-0.2316119521856308,0.14440330862998962,0.2756357192993164,-0.30372917652130127,0.09219099581241608,0.2700556516647339,-0.058749306946992874,0.10966663807630539,0.3828570544719696,-0.34784024953842163,0.04906534031033516,0.3526574671268463,-0.10298491269350052,0.08480171859264374,0.25960081815719604,-0.3041978180408478,0.03126414120197296,0.2625884711742401,-0.2168973982334137,0.0793062150478363,0.2343374639749527,-0.3287978172302246,0.023295098915696144,0.246285542845726,-0.22942538559436798,0.08408888429403305,0.22347034513950348,-0.32253497838974,0.027955399826169014,0.23909267783164978,-0.21058599650859833,0.08557558804750443,0.23290644586086273,-0.30088871717453003,0.033741582185029984,0.2431109994649887,-0.21225455403327942,0.21859733760356903,0.4389056861400604,-0.09333442896604538,0.18737700581550598,0.4278917610645294,0.09346885979175568,0.21477408707141876,0.5657035112380981,-0.048862896859645844,0.17284508049488068,0.5468197464942932,0.16727447509765625,0.2699264585971832,0.659838080406189,0.07619945704936981,0.2173580527305603,0.6439135670661926,0.3411327600479126,0.28723105788230896,0.6701574325561523,0.08868109434843063,0.23259472846984863,0.6558614373207092,0.3608410060405731,0.2584652006626129,0.7025927901268005,0.052247028797864914,0.2011232227087021,0.6932136416435242,0.35902395844459534
dbp_400671.jpg,0.06951013207435608,0.2270030975341797,-0.2978284955024719,0.07371325045824051,0.2058226764202118,-0.31154176592826843,0.0770154520869255,0.20378835499286652,-0.3115480840206146,0.08028565347194672,0.2021210938692093,-0.31169116497039795,0.06860935688018799,0.20700249075889587,-0.2871415317058563,0.06785572320222855,0.2064790576696396,-0.2871831953525543,0.06725217401981354,0.20586997270584106,-0.287238746881485,0.09732626378536224,0.19717702269554138,-0.30122870206832886,0.07873483747243881,0.20116133987903595,-0.19530703127384186,0.08042749762535095,0.23751094937324524,-0.28702256083488464,0.07485625892877579,0.23855535686016083,-0.2565506398677826,0.14320532977581024,0.2738024890422821,-0.3168593943119049,0.09050921350717545,0.27038058638572693,-0.07105313986539841,0.10979834944009781,0.38564783334732056,-0.38961440324783325,0.04933159053325653,0.3662773072719574,-0.20181958377361298,0.08369898051023483,0.2615424394607544,-0.37738683819770813,0.030377205461263657,0.2632288336753845,-0.417965829372406,0.07759405672550201,0.23709973692893982,-0.40371665358543396,0.024942809715867043,0.2457210272550583,-0.44448551535606384,0.08111324906349182,0.22916744649410248,-0.39346563816070557,0.029308872297406197,0.23872171342372894,-0.42345815896987915,0.08302925527095795,0.2363799810409546,-0.37262842059135437,0.03400460258126259,0.2432715892791748,-0.4147036671638489,0.2210613638162613,0.43711593747138977,-0.09363918751478195,0.18678328394889832,0.4291650950908661,0.09376119077205658,0.18927527964115143,0.5637439489364624,-0.10014808177947998,0.1705321967601776,0.5377424955368042,0.15546728670597076,0.2719824016094208,0.6201195120811462,0.0614633671939373,0.2334386706352234,0.6374219059944153,0.30443480610847473,0.2921539545059204,0.62137770652771,0.07980500906705856,0.24995547533035278,0.6411181688308716,0.3216334283351898,0.26275646686553955,0.6443782448768616,0.07561436295509338,0.2174035906791687,0.6745826601982117,0.31879332661628723
dbp_500001.jpg,,,,,,,,,,,,,,,,,,,,,,,,,,,,,,,,,,,,,,,,,,,,,,,,,,,,,,,,,,,,,,,,,,,,,,,,,,,,,,,,,,,,,,,,,,,,,,,,,,,
dbp_500011.jpg,,,,,,,,,,,,,,,,,,,,,,,,,,,,,,,,,,,,,,,,,,,,,,,,,,,,,,,,,,,,,,,,,,,,,,,,,,,,,,,,,,,,,,,,,,,,,,,,,,,
dbp_500021.jpg,,,,,,,,,,,,,,,,,,,,,,,,,,,,,,,,,,,,,,,,,,,,,,,,,,,,,,,,,,,,,,,,,,,,,,,,,,,,,,,,,,,,,,,,,,,,,,,,,,,
dbp_500031.jpg,0.47798019647598267,0.6211422085762024,0.39729273319244385,0.4915231168270111,0.6068519353866577,0.43234673142433167,0.49861764907836914,0.6078456044197083,0.43249690532684326,0.5057037472724915,0.6090924739837646,0.43209418654441833,0.4703713357448578,0.6030927300453186,0.43207550048828125,0.46378037333488464,0.6017105579376221,0.43218910694122314,0.457319438457489,0.600487470626831,0.4322076141834259,0.5172775387763977,0.6145353317260742,0.546367883682251,0.4370972514152527,0.5983664989471436,0.5559678673744202,0.4888700246810913,0.6333174705505371,0.4347797632217407,0.46131929755210876,0.6046760082244873,0.43631643056869507,0.5689663290977478,0.6514990329742432,0.49060413241386414,0.39115646481513977,0.6362573504447937,0.5194652676582336,0.6475242376327515,0.6018301248550415,0.331318199634552,0.3112926483154297,0.5862919092178345,0.4132392108440399,0.6234911680221558,0.4315900206565857,0.20780114829540253,0.3339419364929199,0.4376954436302185,0.3535032272338867,0.6257317066192627,0.3939546048641205,0.17457042634487152,0.3324863016605377,0.3998456299304962,0.3169978857040405,0.6188974976539612,0.3883602023124695,0.20825885236263275,0.3421975374221802,0.3975708484649658,0.3663976788520813,0.6147841215133667,0.40291041135787964,0.21336765587329865,0.3463224768638611,0.4128943681716919,0.36495035886764526,0.5310512781143188,0.7402660846710205,-0.013650921173393726,0.41526076197624207,0.7390279173851013,0.013610218651592731,0.6121749877929688,0.7056350708007812,-0.484604150056839,0.3249320983886719,0.6890619993209839,-0.5000361204147339,0.5647158026695251,0.8905824422836304,-0.6349974870681763,0.40521475672721863,0.8028493523597717,-0.5876209139823914,0.547026515007019,0.9217162132263184,-0.6476396322250366,0.42520907521247864,0.8263057470321655,-0.5886331796646118,0.5717717409133911,0.9310438632965088,-0.7933527827262878,0.4082408845424652,0.8063762187957764,-0.6969234943389893
dbp_500041.jpg,0.47649165987968445,0.6058659553527832,0.5966604948043823,0.489448219537735,0.598639190196991,0.6345048546791077,0.4981791377067566,0.5896708369255066,0.6346704363822937,0.5052497386932373,0.5906672477722168,0.6342958211898804,0.46856027841567993,0.5947085618972778,0.6340583562850952,0.4620416462421417,0.5935391187667847,0.6341808438301086,0.4510512948036194,0.5845785140991211,0.6342334747314453,0.5176870822906494,0.5965734124183655,0.7176886200904846,0.43716397881507874,0.593192994594574,0.7220847606658936,0.4887086749076843,0.604126513004303,0.6171185374259949,0.4613305628299713,0.5983454585075378,0.6167064309120178,0.5674442648887634,0.6472735404968262,0.6051108837127686,0.38947370648384094,0.623534083366394,0.6277177929878235,0.6429404616355896,0.600728452205658,0.4789353609085083,0.3162382245063782,0.5785741806030273,0.4914318025112152,0.6245160698890686,0.414200097322464,0.3981930613517761,0.33523765206336975,0.42271044850349426,0.42245906591415405,0.627318263053894,0.3752175271511078,0.3671860694885254,0.33568212389945984,0.3866555988788605,0.3978891372680664,0.6201575398445129,0.3723750710487366,0.39184024930000305,0.3441426157951355,0.384143203496933,0.43287667632102966,0.6159449815750122,0.38786065578460693,0.40117278695106506,0.3473265767097473,0.3962225317955017,0.42985594272613525,0.533007025718689,0.7414496541023254,-0.007074437569826841,0.4163206219673157,0.7366847395896912,0.007016860879957676,0.5918594002723694,0.6845096349716187,-0.5042349100112915,0.3304431140422821,0.6616100072860718,-0.5009273886680603,0.5787428617477417,0.8910948634147644,-0.7775042057037354,0.41665583848953247,0.8089489340782166,-0.7096482515335083,0.5644317269325256,0.9303560853004456,-0.8090426325798035,0.433150976896286,0.8463440537452698,-0.7297629714012146,0.609007716178894,0.9228920936584473,-0.9816568493843079,0.41693782806396484,0.8091921210289001,-0.8804206848144531
dbp_500051.jpg,0.4767538011074066,0.608128547668457,0.8368956446647644,0.48951902985572815,0.6056817770004272,0.8764327764511108,0.4979097247123718,0.6033250093460083,0.8768561482429504,0.5047662854194641,0.6042017936706543,0.876459002494812,0.46841567754745483,0.6080724596977234,0.8731324672698975,0.462001234292984,0.6080510020256042,0.872972846031189,0.45125168561935425,0.6059169173240662,0.8731440901756287,0.5164530277252197,0.61155766248703,0.9134826064109802,0.4394305646419525,0.6182135939598083,0.90630042552948,0.4889688491821289,0.609948456287384,0.834795355796814,0.4637984037399292,0.609009325504303,0.8302831053733826,0.5667107105255127,0.6552022695541382,0.7348732352256775,0.3898918032646179,0.6245929002761841,0.7230325937271118,0.6424165368080139,0.5770769715309143,0.6461141705513,0.3324909210205078,0.5444774031639099,0.6221611499786377,0.6366673707962036,0.3958733379840851,0.5209256410598755,0.34834715723991394,0.3768560290336609,0.6043792366981506,0.636982262134552,0.35894110798835754,0.49356111884117126,0.3500184118747711,0.33792397379875183,0.5931882858276367,0.6318994760513306,0.3546215891838074,0.5131584405899048,0.3562866747379303,0.3349807858467102,0.62336266040802,0.6290952563285828,0.37002092599868774,0.520479679107666,0.35879361629486084,0.34536123275756836,0.6129941940307617,0.5405837297439575,0.722769021987915,0.010900123976171017,0.41653773188591003,0.69940584897995,-0.011108838953077793,0.6000020503997803,0.6760595440864563,-0.5019517540931702,0.3302384614944458,0.5996710658073425,-0.45733198523521423,0.5857086181640625,0.8812663555145264,-0.8998640179634094,0.38275986909866333,0.6329008936882019,-0.7892006039619446,0.5668847560882568,0.9261054992675781,-0.9466295838356018,0.39842143654823303,0.6658722162246704,-0.8220576047897339,0.6091386675834656,0.8919835686683655,-1.147551417350769,0.3738842010498047,0.5881648063659668,-0.9803088307380676
dbp_500061.jpg,0.49540814757347107,0.5801481604576111,0.6742812991142273,0.5034373998641968,0.581021785736084,0.7205440402030945,0.5088368058204651,0.5824999213218689,0.7209288477897644,0.5145655870437622,0.5836063623428345,0.7206366658210754,0.48694393038749695,0.5764386653900146,0.7224810123443604,0.48192402720451355,0.5763481855392456,0.7222604155540466,0.4689992368221283,0.5828425288200378,0.7223709225654602,0.5221602916717529,0.5976986289024353,0.7984931468963623,0.45878344774246216,0.5992618799209595,0.8150128722190857,0.5044184327125549,0.5891556739807129,0.6875172257423401,0.48554977774620056,0.5892041325569153,0.6899959444999695,0.5779063105583191,0.6396349668502808,0.6372352838516235,0.40888696908950806,0.6143394112586975,0.6744344234466553,0.6397691369056702,0.5443610548973083,0.4890546500682831,0.3577447831630707,0.511127233505249,0.5482832789421082,0.6487877368927002,0.3660775125026703,0.3759406805038452,0.35708993673324585,0.3414170444011688,0.5074558258056641,0.6520494818687439,0.3262151777744293,0.3692956864833832,0.35593870282173157,0.30757057666778564,0.4856562316417694,0.6443250775337219,0.32216230034828186,0.41641318798065186,0.3621234893798828,0.30494585633277893,0.5144351720809937,0.640880823135376,0.3377518951892853,0.4022323787212372,0.36474040150642395,0.31770914793014526,0.5131441950798035,0.5529481172561646,0.7067483067512512,0.007256970275193453,0.42957571148872375,0.6830801367759705,-0.007448366843163967,0.6284270882606506,0.6565237045288086,-0.5915791392326355,0.34511053562164307,0.5752968788146973,-0.5501477122306824,0.6208029985427856,0.8608282208442688,-1.0071794986724854,0.3753301501274109,0.6109588742256165,-0.886181116104126,0.5995112061500549,0.9087149500846863,-1.0532727241516113,0.3895675241947174,0.6425542831420898,-0.9170501232147217,0.6560637354850769,0.8701158165931702,-1.2608436346054077,0.3691244125366211,0.5629252195358276,-1.0815626382827759
dbp_500071.jpg,0.493407666683197,0.5701853632926941,0.7097032070159912,0.5010573863983154,0.5686091184616089,0.7450491786003113,0.5069831609725952,0.5702888369560242,0.7452459931373596,0.511893093585968,0.5718879699707031,0.7448821663856506,0.48379766941070557,0.566859245300293,0.7449887990951538,0.47837305068969727,0.5677566528320312,0.7449960112571716,0.4668278098106384,0.5855302810668945,0.7450286149978638,0.5176784992218018,0.5845186114311218,0.7946327924728394,0.45449820160865784,0.5965293645858765,0.8004017472267151,0.5026577115058899,0.5779661536216736,0.7157438397407532,0.48005446791648865,0.5797725915908813,0.7155200839042664,0.5776264071464539,0.6214959025382996,0.6362974643707275,0.4055076241493225,0.592820942401886,0.6608877778053284,0.6313107013702393,0.5190836787223816,0.5004007816314697,0.35991761088371277,0.49142464995384216,0.5574681758880615,0.653675377368927,0.3580031096935272,0.3403279483318329,0.35369282960891724,0.3036741316318512,0.5174497961997986,0.6522992253303528,0.30402672290802,0.3062092363834381,0.353824257850647,0.2698613703250885,0.49556657671928406,0.6438378691673279,0.29718950390815735,0.3448166847229004,0.3594568073749542,0.268458753824234,0.5225332975387573,0.645315408706665,0.3166377544403076,0.3426618278026581,0.36200982332229614,0.27989378571510315,0.5215250849723816,0.5509347915649414,0.6795456409454346,0.005705040413886309,0.4309144616127014,0.657468318939209,-0.005825494881719351,0.5959005355834961,0.6670104265213013,-0.5681051015853882,0.37517687678337097,0.6119482517242432,-0.5534669756889343,0.6064263582229614,0.8667697310447693,-0.9102022051811218,0.4054987132549286,0.6940143704414368,-0.839519739151001,0.5927990078926086,0.910261869430542,-0.9521600008010864,0.4174506366252899,0.7353305220603943,-0.8705143332481384,0.6311361789703369,0.8863461017608643,-1.1701921224594116,0.39368873834609985,0.7151667475700378,-1.0660423040390015
dbp_500081.jpg,0.49224767088890076,0.5487351417541504,0.5295449495315552,0.49976518750190735,0.5458399653434753,0.5700531005859375,0.5058966875076294,0.5473377108573914,0.5702172517776489,0.5113122463226318,0.5483124852180481,0.570074737071991,0.48365870118141174,0.543376088142395,0.5741040110588074,0.47892555594444275,0.5438267588615417,0.5742130875587463,0.4696280062198639,0.5492041110992432,0.5742188096046448,0.5172781944274902,0.5586239099502563,0.6605426073074341,0.46058136224746704,0.555205225944519,0.6822797060012817,0.5009539127349854,0.5609351396560669,0.5524625778198242,0.4824175536632538,0.5611158013343811,0.557151198387146,0.569080650806427,0.5940021872520447,0.546859622001648,0.4125702679157257,0.5729163885116577,0.5983235239982605,0.6106501221656799,0.47290360927581787,0.46593618392944336,0.3778839111328125,0.45795080065727234,0.5542391538619995,0.6483675241470337,0.29141610860824585,0.3810492753982544,0.3533700406551361,0.2603030204772949,0.47950610518455505,0.6485096216201782,0.2543908357620239,0.35052549839019775,0.35168343782424927,0.22718389332294464,0.4621447026729584,0.6418968439102173,0.24732902646064758,0.35923588275909424,0.35824957489967346,0.22264118492603302,0.4633205533027649,0.6412335634231567,0.2619517147541046,0.37658125162124634,0.36183008551597595,0.23609066009521484,0.513189435005188,0.5486849546432495,0.6534907221794128,0.0036154112312942743,0.43555495142936707,0.6472836136817932,-0.003479646285995841,0.6007155776023865,0.603787362575531,-0.551719605922699,0.3685843050479889,0.5296421647071838,-0.43512260913848877,0.6049102544784546,0.7906540036201477,-0.9522300362586975,0.4028603136539459,0.5848710536956787,-0.7799037098884583,0.587194561958313,0.8346611857414246,-0.9939993619918823,0.4108729362487793,0.623090922832489,-0.8078067302703857,0.6314927339553833,0.7890985012054443,-1.1901018619537354,0.39838868379592896,0.5306577682495117,-0.952347457408905
dbp_500091.jpg,0.49045732617378235,0.560204267501831,0.4856172502040863,0.49969425797462463,0.5546621084213257,0.5196932554244995,0.5051409006118774,0.5559638142585754,0.5198933482170105,0.5099554061889648,0.5569426417350769,0.5196345448493958,0.4821043908596039,0.5530393719673157,0.5260480642318726,0.4770120084285736,0.553512454032898,0.5261279940605164,0.4685581624507904,0.555368959903717,0.5261759161949158,0.515261709690094,0.5693954825401306,0.6001150608062744,0.45914334058761597,0.5552942752838135,0.6336545348167419,0.4996989667415619,0.5680066347122192,0.5066468715667725,0.4804704487323761,0.5658859014511108,0.5149667263031006,0.5704596042633057,0.5897337794303894,0.48616382479667664,0.40985915064811707,0.5611155033111572,0.5656527876853943,0.6176309585571289,0.47059157490730286,0.37202322483062744,0.36787497997283936,0.44910940527915955,0.5386364459991455,0.6476399898529053,0.28521397709846497,0.244730606675148,0.3400172293186188,0.26002904772758484,0.4651299715042114,0.6514256596565247,0.2530477046966553,0.21053563058376312,0.34016478061676025,0.2295631766319275,0.44117116928100586,0.6460853219032288,0.24565330147743225,0.21595703065395355,0.3468499481678009,0.22300304472446442,0.45956605672836304,0.6430730223655701,0.2599048912525177,0.2391812950372696,0.3498011827468872,0.23490497469902039,0.4826344847679138,0.5479003190994263,0.6484489440917969,0.002423287136480212,0.43457043170928955,0.6400731801986694,-0.002343520987778902,0.6162094473838806,0.5647390484809875,-0.5222126245498657,0.36475279927253723,0.5199794173240662,-0.453238308429718,0.6050652265548706,0.7302063703536987,-0.863569974899292,0.39826110005378723,0.5291799306869507,-0.7493952512741089,0.5872148275375366,0.7706798315048218,-0.8999572992324829,0.40891361236572266,0.5650437474250793,-0.770438015460968,0.6268971562385559,0.7245855331420898,-1.1662341356277466,0.39228546619415283,0.45304667949676514,-0.9118136167526245
dbp_500101.jpg,0.48940280079841614,0.5627612471580505,0.671657383441925,0.49880459904670715,0.5591105222702026,0.7150545716285706,0.5030442476272583,0.5602847933769226,0.7154373526573181,0.5078839659690857,0.5617092847824097,0.7151108980178833,0.4812188446521759,0.5582745671272278,0.719128429889679,0.47602978348731995,0.5579737424850464,0.7190845608711243,0.4691818058490753,0.5597756505012512,0.7192279696464539,0.5129687786102295,0.5740104913711548,0.8006280064582825,0.45741358399391174,0.5644122362136841,0.8237374424934387,0.49902743101119995,0.5708016157150269,0.6899446249008179,0.4793395400047302,0.5693483352661133,0.6949517726898193,0.5743109583854675,0.6029436588287354,0.6619870662689209,0.40807947516441345,0.5758604407310486,0.7136159539222717,0.617257297039032,0.48051032423973083,0.5847796201705933,0.3639207184314728,0.44444769620895386,0.6373459696769714,0.6470281481742859,0.28340402245521545,0.5196558237075806,0.333810955286026,0.26549285650253296,0.6431059241294861,0.6517218351364136,0.2505646049976349,0.4831634759902954,0.33600911498069763,0.23350705206394196,0.6205800771713257,0.6479538679122925,0.2459075152873993,0.4982009828090668,0.3418012261390686,0.2269081473350525,0.6429102420806885,0.644347071647644,0.2696252465248108,0.5157435536384583,0.3441314697265625,0.23917081952095032,0.6432526707649231,0.5486575365066528,0.6588979959487915,0.003855344606563449,0.43688806891441345,0.6481344103813171,-0.003779251128435135,0.6183069348335266,0.6086423397064209,-0.6282159686088562,0.3769107162952423,0.5648365616798401,-0.5524600744247437,0.602976381778717,0.7802674770355225,-0.9753115177154541,0.40471890568733215,0.5604006052017212,-0.8801068067550659,0.58228999376297,0.8179454207420349,-1.0133312940597534,0.41443154215812683,0.607934296131134,-0.9105386137962341,0.6251084804534912,0.7905006408691406,-1.237154245376587,0.39769604802131653,0.5355486273765564,-1.0995945930480957
dbp_500111.jpg,0.49228864908218384,0.5666322708129883,0.6497312188148499,0.5000022649765015,0.5632646083831787,0.6888471841812134,0.504522442817688,0.5644623041152954,0.6891487240791321,0.5105442404747009,0.5660454034805298,0.6888463497161865,0.48471352458000183,0.5617424845695496,0.6941289305686951,0.47973835468292236,0.559946596622467,0.6941480040550232,0.47495925426483154,0.5615392327308655,0.6942147016525269,0.5180751085281372,0.5775464177131653,0.7634903788566589,0.46348464488983154,0.568748414516449,0.7931882739067078,0.5002819895744324,0.5748231410980225,0.6648522019386292,0.4832218289375305,0.5719324350357056,0.6719398498535156,0.576850950717926,0.6083770990371704,0.6173155307769775,0.40931782126426697,0.5751660466194153,0.6978871822357178,0.6171072125434875,0.47985851764678955,0.5244991183280945,0.3624500632286072,0.4401465952396393,0.6539531946182251,0.6484345197677612,0.2792465090751648,0.45409879088401794,0.3320777714252472,0.26824235916137695,0.6722700595855713,0.6528624296188354,0.2478671371936798,0.4228505790233612,0.3345283567905426,0.234820157289505,0.6547397971153259,0.6492838263511658,0.24306267499923706,0.43433937430381775,0.34017741680145264,0.22924429178237915,0.6808016896247864,0.6462332606315613,0.260038822889328,0.4502463936805725,0.3412703573703766,0.24181917309761047,0.6745098233222961,0.5487239956855774,0.6610668897628784,-0.0016445426736027002,0.438467800617218,0.6359128952026367,0.0018108630320057273,0.6194571256637573,0.620733916759491,-0.5808383822441101,0.36952194571495056,0.5106629133224487,-0.44964081048965454,0.5981727838516235,0.8016176819801331,-0.8964711427688599,0.40094509720802307,0.5680789351463318,-0.7999988198280334,0.5767759084701538,0.836574912071228,-0.9301820397377014,0.4102223515510559,0.6060150861740112,-0.8243961930274963,0.6056275963783264,0.8200342059135437,-1.1222786903381348,0.39656415581703186,0.5260533094406128,-0.9822583794593811
dbp_500121.jpg,0.4860493838787079,0.5667461156845093,0.7081783413887024,0.493394672870636,0.5608523488044739,0.751030683517456,0.4985606372356415,0.5621500015258789,0.7513929605484009,0.5037787556648254,0.5635415315628052,0.7509394288063049,0.47997114062309265,0.5597484707832336,0.7544710040092468,0.4747062623500824,0.5593994855880737,0.754426896572113,0.47138234972953796,0.5608176589012146,0.7545672059059143,0.5117738246917725,0.5773239731788635,0.8270118832588196,0.4569907784461975,0.5704878568649292,0.8501147031784058,0.4953537583351135,0.5755838751792908,0.7219881415367126,0.47973954677581787,0.5734803676605225,0.7268852591514587,0.5773924589157104,0.6182264685630798,0.6798177361488342,0.40867480635643005,0.5804502367973328,0.723191499710083,0.6086417436599731,0.4957340955734253,0.583631694316864,0.3646438717842102,0.44887834787368774,0.6496149897575378,0.6504488587379456,0.2914709746837616,0.5132144093513489,0.33118337392807007,0.27652737498283386,0.6385776400566101,0.6737097501754761,0.2695087194442749,0.4723326563835144,0.33335959911346436,0.23894284665584564,0.6085174679756165,0.6609331369400024,0.254006028175354,0.48744794726371765,0.33833494782447815,0.23236162960529327,0.6321285963058472,0.648555338382721,0.2662554979324341,0.5086590051651001,0.33906981348991394,0.24613341689109802,0.6378892660140991,0.5480393171310425,0.659928023815155,0.004028037190437317,0.43771249055862427,0.6414682269096375,-0.003929669503122568,0.6228733658790588,0.6214168667793274,-0.5981658697128296,0.3843930959701538,0.5780320763587952,-0.5202786326408386,0.5975798964500427,0.8064612746238708,-0.9152553081512451,0.4139750897884369,0.6861276030540466,-0.8117372989654541,0.5768152475357056,0.8429396152496338,-0.9515013098716736,0.42594093084335327,0.7232901453971863,-0.8400640487670898,0.6105322241783142,0.8498812317848206,-1.1614949703216553,0.4045078456401825,0.679878294467926,-1.0285435914993286
dbp_500131.jpg,0.4861193597316742,0.5638075470924377,0.7795379757881165,0.4933740496635437,0.560222864151001,0.8194208741188049,0.49850380420684814,0.5615915060043335,0.8197785019874573,0.5039023160934448,0.5649213194847107,0.8193610310554504,0.4798848032951355,0.558623194694519,0.8226824402809143,0.474482923746109,0.5587742924690247,0.8226443529129028,0.47061440348625183,0.5599470138549805,0.8227635025978088,0.5120612978935242,0.5775509476661682,0.8768396377563477,0.45760390162467957,0.5700514316558838,0.8993762731552124,0.4954608082771301,0.5743457078933716,0.7864760160446167,0.479104608297348,0.5725437998771667,0.7908900380134583,0.574262261390686,0.6133270859718323,0.7108174562454224,0.4082103967666626,0.580249011516571,0.7563625574111938,0.6092289090156555,0.4978599548339844,0.6149047613143921,0.36867770552635193,0.455335795879364,0.6780697703361511,0.6526830792427063,0.29045769572257996,0.5328003168106079,0.33144745230674744,0.28018155694007874,0.6679753065109253,0.683280885219574,0.2762257158756256,0.4929967224597931,0.3337135314941406,0.2407226711511612,0.6431320905685425,0.6581462025642395,0.24974219501018524,0.5065807104110718,0.3385489284992218,0.23424381017684937,0.6672360897064209,0.6517705917358398,0.2661771774291992,0.5273110270500183,0.3401981592178345,0.24715088307857513,0.6686447262763977,0.5499321222305298,0.6620840430259705,0.004844854585826397,0.43718937039375305,0.6432660818099976,-0.0047592283226549625,0.6288212537765503,0.6279126405715942,-0.5955318808555603,0.39151135087013245,0.5874804258346558,-0.5381322503089905,0.5966775417327881,0.8131119608879089,-0.97397381067276,0.4118447005748749,0.6835103034973145,-0.8948156237602234,0.5765250325202942,0.8514084815979004,-1.0189926624298096,0.4245917499065399,0.7193583250045776,-0.93177330493927,0.6105158925056458,0.85445237159729,-1.2344756126403809,0.40346404910087585,0.668021559715271,-1.1236231327056885
dbp_500141.jpg,0.4860895574092865,0.5661005973815918,0.687360942363739,0.4933156371116638,0.5620678663253784,0.7273885607719421,0.4983057379722595,0.5633370876312256,0.727716326713562,0.5033563375473022,0.5660689473152161,0.727353036403656,0.4797355532646179,0.5603474378585815,0.7307195663452148,0.4743594825267792,0.5603753924369812,0.7307053804397583,0.4702148735523224,0.5617357492446899,0.7308088541030884,0.5105901956558228,0.5774421095848083,0.8048770427703857,0.45825186371803284,0.5713403224945068,0.8298973441123962,0.49486473202705383,0.5760747790336609,0.7027333974838257,0.478737473487854,0.573406457901001,0.7073782086372375,0.5773013234138489,0.6177252531051636,0.6643769145011902,0.4080614149570465,0.5804688930511475,0.7183352708816528,0.6105924248695374,0.4966064393520355,0.5742993950843811,0.3691507875919342,0.45117026567459106,0.6427688002586365,0.6533929109573364,0.2875191867351532,0.4947751462459564,0.33186012506484985,0.276991069316864,0.6368883848190308,0.6799541115760803,0.2764463722705841,0.4550887644290924,0.33394625782966614,0.23977714776992798,0.6071330308914185,0.6564787030220032,0.2472662329673767,0.4669550061225891,0.3390520215034485,0.23359890282154083,0.6313229203224182,0.6523115038871765,0.26490873098373413,0.4895901679992676,0.3409830927848816,0.24603255093097687,0.6368545889854431,0.5504305362701416,0.665618360042572,0.005032604560256004,0.43783459067344666,0.6429759860038757,-0.004945165943354368,0.6318074464797974,0.6370419263839722,-0.6154220104217529,0.3854826092720032,0.5386037826538086,-0.5336771011352539,0.6004149913787842,0.8212935328483582,-0.9743931889533997,0.4018522799015045,0.6077534556388855,-0.8601468205451965,0.5795852541923523,0.853287935256958,-1.0137643814086914,0.4124378263950348,0.6436724662780762,-0.8934453129768372,0.6126324534416199,0.8634049296379089,-1.2272064685821533,0.3928121030330658,0.5706338882446289,-1.0704352855682373
dbp_500151.jpg,0.4844605326652527,0.5662550330162048,0.6081763505935669,0.49160563945770264,0.5631927847862244,0.6460506319999695,0.49637576937675476,0.5643848776817322,0.6464203000068665,0.502292811870575,0.5675870180130005,0.6461154818534851,0.4783025085926056,0.5614356398582458,0.6527315974235535,0.4737202227115631,0.5612881779670715,0.652715265750885,0.4701666831970215,0.562818706035614,0.652847945690155,0.5105727910995483,0.5780226588249207,0.7257148623466492,0.4577924609184265,0.580927848815918,0.7647537589073181,0.4934733510017395,0.5771662592887878,0.6256186366081238,0.4769766628742218,0.5741366744041443,0.6349443793296814,0.5751603245735168,0.6173904538154602,0.5905192494392395,0.4087871015071869,0.5856543779373169,0.6702410578727722,0.6117972135543823,0.4927540123462677,0.49200621247291565,0.368834525346756,0.45490020513534546,0.5938199162483215,0.6545572876930237,0.2857320010662079,0.3767819404602051,0.33003777265548706,0.27786844968795776,0.5706760883331299,0.6824613809585571,0.2752222418785095,0.3366153836250305,0.33176103234291077,0.23950254917144775,0.5389366745948792,0.6564171314239502,0.24279524385929108,0.34336143732070923,0.3372366726398468,0.23382852971553802,0.5613797307014465,0.6530752182006836,0.2609058916568756,0.3697795271873474,0.33847951889038086,0.24731867015361786,0.5686867833137512,0.5512909293174744,0.6673086285591125,0.004891758318990469,0.43954476714134216,0.6451672315597534,-0.0047624800354242325,0.6296103000640869,0.6414176225662231,-0.6138963103294373,0.38478219509124756,0.5193058252334595,-0.5070129036903381,0.6012925505638123,0.8279600143432617,-0.9341808557510376,0.3975696265697479,0.5388879776000977,-0.8301557302474976,0.5824748873710632,0.8549178838729858,-0.9692258834838867,0.40865185856819153,0.5698332190513611,-0.8591715097427368,0.6097756028175354,0.8664195537567139,-1.173616647720337,0.3933553695678711,0.4820040464401245,-1.027899146080017
dbp_500161.jpg,0.4866766929626465,0.6031656265258789,0.7982242107391357,0.4960472881793976,0.6050043702125549,0.8460533618927002,0.500942587852478,0.6079449653625488,0.8464536666870117,0.5073609352111816,0.6108784079551697,0.846157968044281,0.47912314534187317,0.6002840399742126,0.8414551019668579,0.47366273403167725,0.600688636302948,0.8413757085800171,0.46983233094215393,0.6013456583023071,0.8414888381958008,0.5152115821838379,0.6353995203971863,0.9137266278266907,0.44873306155204773,0.638020396232605,0.9029785990715027,0.49781838059425354,0.6122424602508545,0.8063653707504272,0.4771259129047394,0.6087678074836731,0.8007749319076538,0.582295835018158,0.6597933173179626,0.7570781111717224,0.4068797826766968,0.649509072303772,0.7154787182807922,0.6401301026344299,0.5172058343887329,0.6403642892837524,0.3508920669555664,0.5053220391273499,0.5688554048538208,0.6638294458389282,0.3300544321537018,0.4870256185531616,0.33009210228919983,0.3122211992740631,0.49696820974349976,0.6778393387794495,0.28338927030563354,0.4424374997615814,0.3320876359939575,0.26881471276283264,0.46050554513931274,0.6583752036094666,0.27197524905204773,0.45865023136138916,0.33620116114616394,0.265264093875885,0.48556530475616455,0.6571682691574097,0.28838083148002625,0.48179709911346436,0.3371025621891022,0.27828383445739746,0.4978959858417511,0.5516034364700317,0.6680884957313538,0.016254520043730736,0.438487708568573,0.6777783036231995,-0.016153132542967796,0.6291362047195435,0.656213641166687,-0.6577348113059998,0.37019363045692444,0.5772413611412048,-0.580930769443512,0.6085161566734314,0.8693063259124756,-1.0882041454315186,0.43321657180786133,0.7066919207572937,-0.9371247887611389,0.5918983817100525,0.9184855222702026,-1.1381527185440063,0.4547211229801178,0.7447202205657959,-0.9722532629966736,0.6266078352928162,0.8661561012268066,-1.3794623613357544,0.4389885663986206,0.6591783165931702,-1.1646676063537598
dbp_500171.jpg,,,,,,,,,,,,,,,,,,,,,,,,,,,,,,,,,,,,,,,,,,,,,,,,,,,,,,,,,,,,,,,,,,,,,,,,,,,,,,,,,,,,,,,,,,,,,,,,,,,
dbp_500181.jpg,,,,,,,,,,,,,,,,,,,,,,,,,,,,,,,,,,,,,,,,,,,,,,,,,,,,,,,,,,,,,,,,,,,,,,,,,,,,,,,,,,,,,,,,,,,,,,,,,,,
dbp_500191.jpg,,,,,,,,,,,,,,,,,,,,,,,,,,,,,,,,,,,,,,,,,,,,,,,,,,,,,,,,,,,,,,,,,,,,,,,,,,,,,,,,,,,,,,,,,,,,,,,,,,,
dbp_500201.jpg,,,,,,,,,,,,,,,,,,,,,,,,,,,,,,,,,,,,,,,,,,,,,,,,,,,,,,,,,,,,,,,,,,,,,,,,,,,,,,,,,,,,,,,,,,,,,,,,,,,
dbp_500211.jpg,,,,,,,,,,,,,,,,,,,,,,,,,,,,,,,,,,,,,,,,,,,,,,,,,,,,,,,,,,,,,,,,,,,,,,,,,,,,,,,,,,,,,,,,,,,,,,,,,,,
dbp_500221.jpg,,,,,,,,,,,,,,,,,,,,,,,,,,,,,,,,,,,,,,,,,,,,,,,,,,,,,,,,,,,,,,,,,,,,,,,,,,,,,,,,,,,,,,,,,,,,,,,,,,,
dbp_500231.jpg,,,,,,,,,,,,,,,,,,,,,,,,,,,,,,,,,,,,,,,,,,,,,,,,,,,,,,,,,,,,,,,,,,,,,,,,,,,,,,,,,,,,,,,,,,,,,,,,,,,
dbp_500241.jpg,0.49685847759246826,0.6994633674621582,-0.8449822664260864,0.48598507046699524,0.7221300601959229,-0.8353509902954102,0.4799690544605255,0.7227373719215393,-0.8353211879730225,0.47401392459869385,0.7232578992843628,-0.8355078101158142,0.5060147047042847,0.7243212461471558,-0.8346588611602783,0.5123452544212341,0.7263240218162537,-0.8347055315971375,0.5184731483459473,0.7282448410987854,-0.8346851468086243,0.46634700894355774,0.7346868515014648,-0.6992358565330505,0.5331059694290161,0.7412808537483215,-0.6956357955932617,0.4912241995334625,0.6879366040229797,-0.785443902015686,0.5104460120201111,0.6900599002838135,-0.7840074300765991,0.4369601309299469,0.6893239617347717,-0.5556467771530151,0.5792075395584106,0.7032901048660278,-0.5019534826278687,0.37618541717529297,0.558803141117096,-0.5452022552490234,0.6290911436080933,0.5900086164474487,-0.4373878240585327,0.32673507928848267,0.4010963439941406,-0.5364464521408081,0.6826809048652649,0.4033471941947937,-0.42403098940849304,0.31478941440582275,0.3712843954563141,-0.5615994930267334,0.6872311234474182,0.3783929944038391,-0.45066556334495544,0.33534109592437744,0.3682824969291687,-0.5965589880943298,0.6685008406639099,0.36770135164260864,-0.4865821301937103,0.34202656149864197,0.3731478452682495,-0.5496731996536255,0.664626955986023,0.37863829731941223,-0.44008010625839233,0.4741581976413727,0.5774028897285461,-0.026995573192834854,0.5504371523857117,0.5793796181678772,0.026785045862197876,0.5360599160194397,0.6721254587173462,0.047267455607652664,0.5982393622398376,0.6652145981788635,0.022847652435302734,0.556519627571106,0.6836490035057068,0.39435824751853943,0.5576782822608948,0.7186319231987,0.3320915102958679,0.5617433190345764,0.6842578649520874,0.4316522777080536,0.5476138591766357,0.7079342007637024,0.36534392833709717,0.5679197907447815,0.6704788208007812,0.3839697539806366,0.5495414137840271,0.7624734044075012,0.2864513695240021
dbp_500251.jpg,0.4968722462654114,0.751465380191803,-0.7702683210372925,0.4835260510444641,0.7727289199829102,-0.7673472166061401,0.47603943943977356,0.7710208296775818,-0.7672405242919922,0.4684922397136688,0.7692161798477173,-0.7674846649169922,0.5051027536392212,0.7811777591705322,-0.7615293860435486,0.5120101571083069,0.7845087051391602,-0.7614979147911072,0.5184534788131714,0.7876690626144409,-0.7613831162452698,0.456277459859848,0.7704980373382568,-0.6310487389564514,0.5313071012496948,0.7955619692802429,-0.6128331422805786,0.48966100811958313,0.7307890057563782,-0.7096636891365051,0.510773777961731,0.7386781573295593,-0.7043435573577881,0.42997777462005615,0.6971350312232971,-0.48703277111053467,0.5752555727958679,0.7657333612442017,-0.34376606345176697,0.3762975037097931,0.5359746813774109,-0.5020177364349365,0.6142054200172424,0.6957423090934753,0.012515499256551266,0.3316625952720642,0.3968569040298462,-0.5451707243919373,0.6451691389083862,0.6711030602455139,0.37744763493537903,0.3126354515552521,0.36492669582366943,-0.5640794038772583,0.6604077816009521,0.6704399585723877,0.4403612017631531,0.33190029859542847,0.3658452332019806,-0.61395263671875,0.656218945980072,0.6712273955345154,0.42123857140541077,0.3426876366138458,0.37340524792671204,-0.5640570521354675,0.6450926661491394,0.6689816117286682,0.38590487837791443,0.452982634305954,0.6398005485534668,-0.030643219128251076,0.5468482971191406,0.6499046087265015,0.03033166565001011,0.4335253834724426,0.6290900111198425,-0.32574790716171265,0.627833366394043,0.591062605381012,-0.22896289825439453,0.4556806683540344,0.5051838159561157,-0.2511756122112274,0.5757589340209961,0.46259018778800964,-0.1768932342529297,0.4682997763156891,0.4895089566707611,-0.2442658692598343,0.5600575804710388,0.43892157077789307,-0.175018310546875,0.45583710074424744,0.4571242332458496,-0.3429967164993286,0.5866039395332336,0.43486082553863525,-0.29826775193214417
dbp_500261.jpg,0.47700485587120056,0.7341791987419128,-0.5511707663536072,0.46539199352264404,0.7680078148841858,-0.5505935549736023,0.4601627290248871,0.7648420333862305,-0.5506322383880615,0.45486149191856384,0.7616631984710693,-0.550766110420227,0.48081734776496887,0.7796334028244019,-0.5512563586235046,0.48541393876075745,0.7836496829986572,-0.5512369275093079,0.48989471793174744,0.7865972518920898,-0.5513367056846619,0.44418638944625854,0.7628756165504456,-0.4338710904121399,0.4981534779071808,0.7948675155639648,-0.4377392530441284,0.4708837866783142,0.716156542301178,-0.4961693584918976,0.48586246371269226,0.7210516333580017,-0.4975357949733734,0.41273608803749084,0.7001006007194519,-0.27849310636520386,0.5419397354125977,0.7537850141525269,-0.26768583059310913,0.35759237408638,0.536280632019043,-0.24716953933238983,0.6096422076225281,0.6825003027915955,-0.21214334666728973,0.31185680627822876,0.3946642279624939,-0.3234683871269226,0.6551191806793213,0.6509392261505127,-0.20364437997341156,0.28412875533103943,0.3575737774372101,-0.3505516052246094,0.6977478265762329,0.6467195153236389,-0.21741196513175964,0.29796963930130005,0.354851096868515,-0.4008408784866333,0.6986278891563416,0.6516598463058472,-0.25465214252471924,0.31246933341026306,0.3679341673851013,-0.3444470167160034,0.6858217716217041,0.6478328108787537,-0.21752581000328064,0.43898293375968933,0.6248345375061035,-0.009150417521595955,0.5236232280731201,0.6398345232009888,0.008870059624314308,0.3768658936023712,0.5612221360206604,-0.2008926421403885,0.6196743845939636,0.5942035913467407,-0.17626745998859406,0.3678677976131439,0.3813233971595764,-0.06401700526475906,0.6123923659324646,0.4570409059524536,-0.011290469206869602,0.3740723729133606,0.36436936259269714,-0.055593978613615036,0.6021451354026794,0.4354642629623413,0.001750285504385829,0.3413872718811035,0.302566796541214,-0.20669955015182495,0.6324180364608765,0.40584424138069153,-0.14356465637683868
dbp_500271.jpg,0.4553585648536682,0.7273971438407898,-0.9942842721939087,0.4431132376194,0.7526847720146179,-0.9932337403297424,0.4369432330131531,0.751745343208313,-0.9932333827018738,0.43078383803367615,0.7507503032684326,-0.993247926235199,0.4628866910934448,0.7590041160583496,-0.9958713054656982,0.4689907729625702,0.761944591999054,-0.9958645105361938,0.4749172031879425,0.7644169330596924,-0.9958898425102234,0.4210747480392456,0.7591615319252014,-0.8344107270240784,0.4896833002567291,0.7751892805099487,-0.8453571200370789,0.4490017890930176,0.7165446877479553,-0.9215657114982605,0.46812066435813904,0.7198461890220642,-0.9248675107955933,0.38785088062286377,0.7372623085975647,-0.6340931057929993,0.547512948513031,0.745759129524231,-0.6205541491508484,0.3346213698387146,0.6944452524185181,-0.8220146298408508,0.636181116104126,0.6623921394348145,-0.7573121786117554,0.2993778884410858,0.7116864323616028,-1.108953833580017,0.7010695934295654,0.5875415205955505,-0.9484483003616333,0.2771373689174652,0.7157843112945557,-1.1931794881820679,0.7379416227340698,0.5686383843421936,-1.0134917497634888,0.29666098952293396,0.7207887172698975,-1.229758858680725,0.7202419638633728,0.5693891048431396,-1.0479663610458374,0.3087570369243622,0.7174050807952881,-1.1309906244277954,0.7030759453773499,0.5729390382766724,-0.9665651321411133,0.41867733001708984,0.6627814173698425,-0.00028592170565389097,0.5293701887130737,0.6770344972610474,0.00020077619410585612,0.31560370326042175,0.5503087043762207,-0.4373900294303894,0.6433109045028687,0.6528071165084839,-0.3593183159828186,0.31285756826400757,0.3241637647151947,-0.3004830777645111,0.6163144707679749,0.5918184518814087,-0.22557958960533142,0.35933718085289,0.3251919746398926,-0.30163219571113586,0.601757824420929,0.5793828964233398,-0.22132645547389984,0.31879082322120667,0.28593021631240845,-0.4882470369338989,0.6314516663551331,0.6037432551383972,-0.33043649792671204
dbp_500281.jpg,0.5213872790336609,0.8219560384750366,-0.18871591985225677,0.5136153101921082,0.8443436622619629,-0.155634805560112,0.5078758001327515,0.8449959754943848,-0.15573811531066895,0.5021147131919861,0.8455824255943298,-0.15586398541927338,0.5321518182754517,0.8435983657836914,-0.14629672467708588,0.5380951166152954,0.8437525629997253,-0.14621901512145996,0.5439215302467346,0.8436739444732666,-0.14631618559360504,0.4858323633670807,0.8444145321846008,0.00026457212516106665,0.5532320737838745,0.8423804640769958,0.04837440326809883,0.5070542097091675,0.806843638420105,-0.12938734889030457,0.5275885462760925,0.8053881525993347,-0.11636339128017426,0.39232924580574036,0.7899278998374939,0.10293509811162949,0.5877698063850403,0.7741315364837646,0.1837155669927597,0.3467523157596588,0.6527500748634338,0.13203111290931702,0.6430265307426453,0.6466108560562134,0.27188241481781006,0.3026353716850281,0.5310552716255188,0.10858698934316635,0.6654021739959717,0.5245208144187927,0.32344046235084534,0.28697434067726135,0.5110257267951965,0.0970996767282486,0.6785488128662109,0.5156482458114624,0.3335036635398865,0.3122353255748749,0.5173248052597046,0.060299526900053024,0.6559788584709167,0.5066272020339966,0.3042632043361664,0.32553979754447937,0.5159158110618591,0.10071785748004913,0.6480894088745117,0.5119403600692749,0.32040828466415405,0.43672746419906616,0.6661848425865173,-0.022190164774656296,0.5466340184211731,0.6649678349494934,0.022014804184436798,0.36610162258148193,0.8782747983932495,-0.3773147761821747,0.6474655866622925,0.8350532650947571,-0.15139548480510712,0.3682176470756531,0.80591881275177,-0.5856136083602905,0.632728636264801,0.8706948161125183,-0.3402744233608246,0.3827644884586334,0.7761908769607544,-0.6169916987419128,0.6226451992988586,0.8516219854354858,-0.3692060112953186,0.35069358348846436,0.8226839900016785,-0.7679813504219055,0.6405588388442993,0.9135972857475281,-0.5157223343849182
dbp_500291.jpg,0.536073625087738,0.8752521872520447,-0.4222840964794159,0.5235607624053955,0.903082549571991,-0.4302886724472046,0.516941249370575,0.9033702611923218,-0.4303268790245056,0.5103590488433838,0.9035885334014893,-0.4305027425289154,0.5415239334106445,0.9050970077514648,-0.4247279167175293,0.5471871495246887,0.9069597721099854,-0.4248029589653015,0.5528467297554016,0.9087608456611633,-0.424863338470459,0.4949286878108978,0.912189245223999,-0.365530401468277,0.5574520826339722,0.9193376898765564,-0.33700647950172424,0.5238580107688904,0.8623501062393188,-0.3873671293258667,0.5444361567497253,0.8652815222740173,-0.3795762360095978,0.4223023056983948,0.8613168597221375,-0.26147112250328064,0.6029776334762573,0.8645842671394348,-0.20953889191150665,0.3570344150066376,0.7543939352035522,-0.14513346552848816,0.6447800397872925,0.7396581172943115,-0.05460916459560394,0.3378165066242218,0.5976341962814331,-0.06025628000497818,0.6676749587059021,0.591054379940033,0.004422253463417292,0.3292505443096161,0.551445722579956,-0.047938790172338486,0.6811694502830505,0.5565837621688843,0.0168752484023571,0.35026857256889343,0.5536194443702698,-0.08048094809055328,0.6587148308753967,0.5571848154067993,-0.018198305740952492,0.3606870472431183,0.5651177167892456,-0.066648930311203,0.649635374546051,0.5672662854194641,-0.003726058406755328,0.4766955077648163,0.6500228047370911,-0.023150388151407242,0.5661547780036926,0.6551241278648376,0.022842610254883766,0.38500213623046875,0.8133070468902588,0.013500603847205639,0.6100578904151917,0.8253166079521179,0.1742933839559555,0.45368653535842896,0.7746471166610718,0.2552691400051117,0.6113501787185669,0.7954946756362915,0.31674930453300476,0.46402138471603394,0.7602288126945496,0.2845683991909027,0.5987112522125244,0.7720613479614258,0.3373536467552185,0.41176658868789673,0.7743924260139465,0.3004205822944641,0.6146191954612732,0.8152339458465576,0.34057340025901794
dbp_500301.jpg,0.5157936215400696,0.8248555660247803,-0.44580063223838806,0.5067222714424133,0.8468101620674133,-0.46164456009864807,0.4992278814315796,0.8480349183082581,-0.46169331669807434,0.49182939529418945,0.8491430282592773,-0.4618475139141083,0.5276035070419312,0.8475876450538635,-0.466524600982666,0.5351166129112244,0.8492377400398254,-0.46661943197250366,0.5429258346557617,0.8508557677268982,-0.46672528982162476,0.48252806067466736,0.8675817847251892,-0.4125375747680664,0.5536665320396423,0.8689036965370178,-0.42969265580177307,0.5053962469100952,0.8216759562492371,-0.4110572934150696,0.5286446809768677,0.8230854272842407,-0.41751235723495483,0.4181070327758789,0.8716956973075867,-0.3133176267147064,0.5982062816619873,0.8588132262229919,-0.29780375957489014,0.35198357701301575,0.7872927188873291,-0.17543040215969086,0.6421440839767456,0.7625012993812561,-0.16197244822978973,0.3427078425884247,0.6514737606048584,-0.1364099383354187,0.6659372448921204,0.6426461338996887,-0.14511021971702576,0.33610841631889343,0.6128528118133545,-0.136994406580925,0.6809079647064209,0.616838276386261,-0.1450628638267517,0.35556238889694214,0.6161690354347229,-0.16835446655750275,0.6602802872657776,0.6189795732498169,-0.18640118837356567,0.3629322052001953,0.6258445382118225,-0.1432609260082245,0.6512573957443237,0.6252297163009644,-0.15673837065696716,0.4735583961009979,0.6936179399490356,-0.0118176881223917,0.5635898113250732,0.6930105686187744,0.011420014314353466,0.42715880274772644,0.8084961175918579,0.06170554831624031,0.5807698369026184,0.8100021481513977,0.1758938729763031,0.4622556269168854,0.830491304397583,0.3865910470485687,0.566339373588562,0.8264782428741455,0.4075395464897156,0.47318336367607117,0.8338780999183655,0.424873948097229,0.5599196553230286,0.8203869462013245,0.43785104155540466,0.44138163328170776,0.825661301612854,0.4496702551841736,0.5687658786773682,0.8337554931640625,0.45431944727897644
dbp_500311.jpg,0.5234965682029724,0.7411982417106628,0.023922568187117577,0.5132896900177002,0.7543831467628479,0.010388950817286968,0.507439374923706,0.7559348940849304,0.010369864292442799,0.5016764998435974,0.7572906613349915,0.010135415941476822,0.5304544568061829,0.7548569440841675,0.008133507333695889,0.5365680456161499,0.7567802667617798,0.008146063424646854,0.5427055954933167,0.7586543560028076,0.008063563145697117,0.4909351170063019,0.786201536655426,0.016824785619974136,0.553981363773346,0.7872859239578247,0.011316114105284214,0.5157278180122375,0.7569142580032349,0.037406809628009796,0.5344237089157104,0.7577202916145325,0.03505096957087517,0.4400593936443329,0.8158075213432312,0.01810293085873127,0.5993872880935669,0.8106618523597717,0.050045035779476166,0.34651538729667664,0.7457943558692932,0.12092025578022003,0.6453508734703064,0.7242007851600647,0.1810145229101181,0.33962127566337585,0.63841712474823,0.14884530007839203,0.6676579117774963,0.6048800945281982,0.2191821187734604,0.32975634932518005,0.59947270154953,0.1512650102376938,0.6818457245826721,0.5729721784591675,0.23391999304294586,0.3524876832962036,0.6016512513160706,0.13682419061660767,0.6610972881317139,0.5757362246513367,0.20604351162910461,0.36061954498291016,0.6151823401451111,0.1465691477060318,0.6523202061653137,0.5841076970100403,0.2136760652065277,0.48664551973342896,0.7022695541381836,-0.01802714914083481,0.5635422468185425,0.6918880343437195,0.017526976764202118,0.47796472907066345,0.9179244041442871,0.01885210908949375,0.6025611162185669,0.8809564113616943,0.17351298034191132,0.5552903413772583,0.8243795037269592,0.23079362511634827,0.6252280473709106,0.8226239681243896,0.26577940583229065,0.5706058740615845,0.7961458563804626,0.25794216990470886,0.6208959221839905,0.7953596115112305,0.28113630414009094,0.566987156867981,0.8191524147987366,0.21378913521766663,0.6491509079933167,0.836448609828949,0.2550477683544159
dbp_500321.jpg,0.4931691586971283,0.7581107020378113,-0.7268450856208801,0.47806641459465027,0.785580039024353,-0.7311206459999084,0.4694214165210724,0.7863069176673889,-0.7312156558036804,0.46084800362586975,0.7868318557739258,-0.7314614653587341,0.5035437345504761,0.7885990738868713,-0.7353258728981018,0.5125316977500916,0.7915478944778442,-0.7354198098182678,0.5215201377868652,0.7944222092628479,-0.7354822754859924,0.4511657953262329,0.8076125383377075,-0.6341881155967712,0.5390585064888,0.8177675604820251,-0.6519376635551453,0.4839405119419098,0.7596175074577332,-0.6774672269821167,0.5053131580352783,0.7631227970123291,-0.6826130151748657,0.38642165064811707,0.8034700155258179,-0.49285295605659485,0.603618323802948,0.7949793338775635,-0.4888181686401367,0.3263041079044342,0.6921948790550232,-0.4568737745285034,0.6576356887817383,0.6123528480529785,-0.42270103096961975,0.31961530447006226,0.4518519937992096,-0.5114134550094604,0.6688400506973267,0.4063818156719208,-0.46684277057647705,0.3106755018234253,0.4090043306350708,-0.5636879801750183,0.6819779872894287,0.3728240132331848,-0.509498655796051,0.33506810665130615,0.407959520816803,-0.5841307044029236,0.6607159376144409,0.37267354130744934,-0.5309107899665833,0.34137162566185,0.4227411448955536,-0.5228684544563293,0.65094393491745,0.38029059767723083,-0.4775303900241852,0.47122541069984436,0.6921670436859131,-0.007898502983152866,0.5630037784576416,0.70870041847229,0.0076309614814817905,0.4193746745586395,0.6494041681289673,0.3572542071342468,0.5547898411750793,0.6509246230125427,0.35367581248283386,0.37603145837783813,0.6348809599876404,0.7498776316642761,0.5944729447364807,0.6127447485923767,0.732435405254364,0.3704047203063965,0.6432842016220093,0.7885498404502869,0.5958874225616455,0.618518590927124,0.7695663571357727,0.3644464313983917,0.5776925683021545,0.7259184718132019,0.631101667881012,0.5474833250045776,0.6955628991127014
dbp_500331.jpg,,,,,,,,,,,,,,,,,,,,,,,,,,,,,,,,,,,,,,,,,,,,,,,,,,,,,,,,,,,,,,,,,,,,,,,,,,,,,,,,,,,,,,,,,,,,,,,,,,,
dbp_500341.jpg,0.5188493728637695,0.7337798476219177,0.9513698220252991,0.527393102645874,0.7372875809669495,0.9807801842689514,0.5302671194076538,0.7375205755233765,0.9809950590133667,0.5332601070404053,0.7378147840499878,0.9806759357452393,0.5165403485298157,0.7358815670013428,0.9861729741096497,0.5135917067527771,0.7349929213523865,0.9865783452987671,0.5107787251472473,0.7342265844345093,0.9864984154701233,0.5424919724464417,0.73530113697052,0.9886553883552551,0.5059334635734558,0.7331000566482544,1.0191437005996704,0.5245416164398193,0.7302479147911072,0.9393987655639648,0.5143895745277405,0.7299128770828247,0.9458378553390503,0.5849368572235107,0.707513689994812,0.7812079191207886,0.4543244242668152,0.7293603420257568,0.852972149848938,0.61614590883255,0.5106415152549744,0.6931821703910828,0.3978990316390991,0.5589867830276489,0.7917420864105225,0.6708722710609436,0.3434653878211975,0.6250911355018616,0.38818496465682983,0.40334397554397583,0.8462280035018921,0.6759014129638672,0.2973577380180359,0.5807150602340698,0.3741186857223511,0.35940468311309814,0.8148918747901917,0.6765188574790955,0.29467809200286865,0.5860503911972046,0.3853587806224823,0.3642447590827942,0.8615778088569641,0.656748354434967,0.2993294596672058,0.6156702637672424,0.33794811367988586,0.350607693195343,0.8534113764762878,0.5700187087059021,0.7304582595825195,-0.02152053266763687,0.4782186448574066,0.7498236894607544,0.021430380642414093,0.593716561794281,0.6695765256881714,-0.5145896673202515,0.40863198041915894,0.7005953192710876,-0.37732723355293274,0.5960145592689514,0.8242396116256714,-1.015771746635437,0.5152629613876343,0.7484506964683533,-0.908711314201355,0.5903096795082092,0.8561200499534607,-1.0687267780303955,0.5350300669670105,0.7750831842422485,-0.9608831405639648,0.5858370065689087,0.8238091468811035,-1.2275681495666504,0.5313749313354492,0.7045391201972961,-1.1083918809890747
dbp_500351.jpg,0.4988449215888977,0.7012170553207397,0.8088802695274353,0.512848973274231,0.7262588739395142,0.8489181995391846,0.5190378427505493,0.7256523370742798,0.8492172360420227,0.5252135992050171,0.7252092361450195,0.8488897681236267,0.49127548933029175,0.6933971643447876,0.8606516718864441,0.48852720856666565,0.6967954635620117,0.8610307574272156,0.4853682518005371,0.7004625797271729,0.861135721206665,0.5411882400512695,0.7189302444458008,0.9217532277107239,0.4780232310295105,0.7162787318229675,0.9808100461959839,0.5125551819801331,0.7289778590202332,0.8229944705963135,0.4929240345954895,0.7170560359954834,0.8383419513702393,0.5963536500930786,0.7041147351264954,0.7687753438949585,0.42267075181007385,0.7205671668052673,0.8551842570304871,0.6460819840431213,0.5323896408081055,0.7150115370750427,0.34652167558670044,0.5601588487625122,0.8410752415657043,0.6820774078369141,0.35414794087409973,0.6999847292900085,0.3294444978237152,0.3794586658477783,0.9229637980461121,0.6854840517044067,0.3005528450012207,0.6668392419815063,0.3262040317058563,0.33430564403533936,0.9061543941497803,0.6812219023704529,0.29862281680107117,0.673815906047821,0.3357285261154175,0.32933589816093445,0.9476755261421204,0.675381600856781,0.31043973565101624,0.6942258477210999,0.3347385823726654,0.3430028557777405,0.9329225420951843,0.5804157257080078,0.7585879564285278,-0.02124531753361225,0.4630955755710602,0.7733789086341858,0.021183211356401443,0.6567537784576416,0.7017112970352173,-0.5730765461921692,0.36345529556274414,0.6824036240577698,-0.3344799876213074,0.6114820837974548,0.8749819993972778,-0.8730060458183289,0.46101298928260803,0.7158463597297668,-0.6811753511428833,0.5944167971611023,0.9028844833374023,-0.8950082063674927,0.48409226536750793,0.7444566488265991,-0.7079806923866272,0.6051517724990845,0.8972324728965759,-1.0237265825271606,0.4702398180961609,0.6672354936599731,-0.8151337504386902
dbp_500361.jpg,0.4901514947414398,0.6402900218963623,0.6726792454719543,0.4980691969394684,0.6378988027572632,0.7206743359565735,0.5054916143417358,0.6380533576011658,0.7208539843559265,0.5122929215431213,0.6378944516181946,0.7204923033714294,0.48111769556999207,0.6432605385780334,0.7178150415420532,0.4770404100418091,0.6474683284759521,0.7178850173950195,0.47274166345596313,0.6522396802902222,0.7178369760513306,0.5254696011543274,0.6565396785736084,0.7988214492797852,0.4669971764087677,0.6766412258148193,0.7930284142494202,0.5045861005783081,0.6515510678291321,0.6870867013931274,0.48427799344062805,0.6609811186790466,0.6836742758750916,0.5952008962631226,0.6977730989456177,0.6785117387771606,0.42040884494781494,0.7311057448387146,0.6327255964279175,0.6460955739021301,0.5930200219154358,0.6003686189651489,0.3350372612476349,0.712131917476654,0.4270894229412079,0.6864040493965149,0.4559650123119354,0.5298014283180237,0.3318857252597809,0.4966442584991455,0.3004400134086609,0.6952605843544006,0.4072526693344116,0.5127066969871521,0.32210665941238403,0.4478197693824768,0.27038082480430603,0.6812969446182251,0.4117668569087982,0.5201473832130432,0.3437103033065796,0.44444191455841064,0.3091571629047394,0.6754794716835022,0.42714712023735046,0.524241030216217,0.34625130891799927,0.46113869547843933,0.30906835198402405,0.5839417576789856,0.806884765625,0.024710753932595253,0.4680509865283966,0.8386483192443848,-0.024998478591442108,0.6529163718223572,0.6957676410675049,-0.18998268246650696,0.4050968885421753,0.7353166937828064,-0.2721062898635864,0.6275708079338074,0.8628692626953125,-0.3375280797481537,0.5052554607391357,0.8337191939353943,-0.39055135846138,0.6100574135780334,0.8922117352485657,-0.3521516025066376,0.5136756896972656,0.8682254552841187,-0.3941672444343567,0.6504706144332886,0.8758431077003479,-0.45806801319122314,0.5442417860031128,0.8133679032325745,-0.4742880165576935
dbp_500371.jpg,0.4948657155036926,0.6419325470924377,0.276446670293808,0.5036175847053528,0.6376577615737915,0.30195382237434387,0.5098113417625427,0.6387149095535278,0.3018985688686371,0.5141047239303589,0.6404216885566711,0.3014199435710907,0.4880404770374298,0.6424977779388428,0.3006964325904846,0.4841160774230957,0.6473469734191895,0.3007829785346985,0.48023903369903564,0.6527354121208191,0.30063802003860474,0.5306965708732605,0.6640124917030334,0.34627312421798706,0.47427302598953247,0.6812084913253784,0.3478888273239136,0.507335364818573,0.6553632020950317,0.2833377420902252,0.48911425471305847,0.6595489382743835,0.2827977240085602,0.5997606515884399,0.6947996616363525,0.27619668841362,0.44020530581474304,0.7445337772369385,0.2660841643810272,0.6663733124732971,0.6592673659324646,0.22779729962348938,0.34880170226097107,0.8097079992294312,0.13077571988105774,0.6706345677375793,0.5788532495498657,0.13080529868602753,0.34327107667922974,0.6272901892662048,-0.03020033799111843,0.6764797568321228,0.5455052852630615,0.10125521570444107,0.33390477299690247,0.5944830179214478,-0.06069020926952362,0.6630198359489441,0.5465921759605408,0.10706838220357895,0.350197434425354,0.5880237221717834,-0.039541568607091904,0.6619100570678711,0.5594930648803711,0.12499544024467468,0.3573583960533142,0.6002523899078369,-0.028120696544647217,0.5977143049240112,0.8165528774261475,0.018471790477633476,0.49477875232696533,0.8501900434494019,-0.018903369084000587,0.6917126774787903,0.7795000672340393,0.04816989600658417,0.45200052857398987,0.8343976140022278,0.07245668768882751,0.6812470555305481,0.9234718084335327,0.21995364129543304,0.5226127505302429,0.9117454290390015,0.24213920533657074,0.6647589206695557,0.948316216468811,0.24362021684646606,0.5350401401519775,0.9278446435928345,0.26976415514945984,0.7080737948417664,0.9661372900009155,0.20881888270378113,0.5425689816474915,0.9386084675788879,0.2512480914592743
dbp_500381.jpg,,,,,,,,,,,,,,,,,,,,,,,,,,,,,,,,,,,,,,,,,,,,,,,,,,,,,,,,,,,,,,,,,,,,,,,,,,,,,,,,,,,,,,,,,,,,,,,,,,,
dbp_500391.jpg,,,,,,,,,,,,,,,,,,,,,,,,,,,,,,,,,,,,,,,,,,,,,,,,,,,,,,,,,,,,,,,,,,,,,,,,,,,,,,,,,,,,,,,,,,,,,,,,,,,
dbp_500401.jpg,,,,,,,,,,,,,,,,,,,,,,,,,,,,,,,,,,,,,,,,,,,,,,,,,,,,,,,,,,,,,,,,,,,,,,,,,,,,,,,,,,,,,,,,,,,,,,,,,,,
dbp_500411.jpg,,,,,,,,,,,,,,,,,,,,,,,,,,,,,,,,,,,,,,,,,,,,,,,,,,,,,,,,,,,,,,,,,,,,,,,,,,,,,,,,,,,,,,,,,,,,,,,,,,,
dbp_500421.jpg,0.5184134244918823,0.6421597003936768,0.6473477482795715,0.5243473052978516,0.6391225457191467,0.683605432510376,0.5289361476898193,0.6379430890083313,0.6838024258613586,0.534745991230011,0.6370912790298462,0.6836088299751282,0.5132951140403748,0.6474612951278687,0.6709733605384827,0.509886622428894,0.6522632241249084,0.671142041683197,0.507083535194397,0.6568208932876587,0.6710759997367859,0.5423474907875061,0.6529588103294373,0.7397734522819519,0.5044995546340942,0.6753004193305969,0.6853155493736267,0.5312352776527405,0.6455549001693726,0.6585791707038879,0.5136113166809082,0.6576953530311584,0.6417930126190186,0.6061400175094604,0.6871327757835388,0.6403168439865112,0.48264411091804504,0.6622024178504944,0.5123956799507141,0.6678932905197144,0.5620183348655701,0.6124915480613708,0.40209975838661194,0.5659335851669312,0.382806658744812,0.7335550785064697,0.3811711072921753,0.5353022813796997,0.3744664192199707,0.38028383255004883,0.3721168339252472,0.7363402843475342,0.34606027603149414,0.5058704018592834,0.3678831458091736,0.3531007766723633,0.3376135528087616,0.7328739762306213,0.34016796946525574,0.49180281162261963,0.3766481280326843,0.3432886302471161,0.35846683382987976,0.7333675622940063,0.3557506203651428,0.5168859958648682,0.38112008571624756,0.34607255458831787,0.372338205575943,0.58987957239151,0.7241883277893066,0.050039034336805344,0.5315726399421692,0.7348388433456421,-0.05024266615509987,0.6144466996192932,0.6184729337692261,-0.09118495136499405,0.49257317185401917,0.6527259349822998,-0.18211081624031067,0.6819404363632202,0.6044167876243591,-0.07930164039134979,0.5872738361358643,0.6950576305389404,-0.17197178304195404,0.6880574822425842,0.618061900138855,-0.0740327388048172,0.5962779521942139,0.7114853858947754,-0.1654319316148758,0.7084571719169617,0.5603927969932556,-0.14489999413490295,0.6308192014694214,0.6725148558616638,-0.228231281042099
dbp_500431.jpg,0.5178739428520203,0.633800745010376,0.5338208675384521,0.5232177972793579,0.6351038217544556,0.5661887526512146,0.5273980498313904,0.6344422101974487,0.5663347244262695,0.5317627191543579,0.6341181993484497,0.5661758780479431,0.5130823254585266,0.6410292387008667,0.5635998845100403,0.5098446607589722,0.645058274269104,0.5637245178222656,0.5070803761482239,0.6487367153167725,0.5636332035064697,0.5397111177444458,0.6496709585189819,0.6268174052238464,0.5047104358673096,0.6680289506912231,0.6169520616531372,0.5300489068031311,0.6414538621902466,0.5480539798736572,0.5142577290534973,0.6489225029945374,0.5438668131828308,0.6045702695846558,0.6812844276428223,0.5339845418930054,0.47329458594322205,0.6885778903961182,0.4949077367782593,0.6680362820625305,0.5576876997947693,0.4799627661705017,0.41417720913887024,0.5619694590568542,0.41266685724258423,0.743561863899231,0.3841465711593628,0.3791199028491974,0.3786100745201111,0.38270366191864014,0.42656993865966797,0.7460663914680481,0.34646788239479065,0.36381345987319946,0.3843299448490143,0.3416941463947296,0.41055774688720703,0.7425748705863953,0.3410484194755554,0.34470823407173157,0.3882336914539337,0.33189618587493896,0.4254755973815918,0.7433920502662659,0.3568665385246277,0.3637329041957855,0.38967105746269226,0.3422594964504242,0.4277285039424896,0.5898808240890503,0.7204426527023315,0.0271360632032156,0.5315178632736206,0.7394485473632812,-0.027772974222898483,0.659274160861969,0.5624619126319885,-0.2287180870771408,0.4929342567920685,0.6908980011940002,-0.2449059933423996,0.7424864172935486,0.3954918384552002,-0.42169368267059326,0.585098922252655,0.7109609246253967,-0.3248251974582672,0.7513729333877563,0.3838948607444763,-0.43760836124420166,0.5959291458129883,0.7182168960571289,-0.3304608464241028,0.7304575443267822,0.33234524726867676,-0.5360873341560364,0.6146276593208313,0.7059500813484192,-0.4194859266281128
dbp_500441.jpg,0.5171018242835999,0.6276912093162537,0.4515749216079712,0.5220012068748474,0.6300042271614075,0.4813094735145569,0.5262575745582581,0.629783570766449,0.48143285512924194,0.5302603244781494,0.6295897960662842,0.48122599720954895,0.512457549571991,0.6359409093856812,0.4801848828792572,0.5095241069793701,0.6396723985671997,0.4803455173969269,0.5068047642707825,0.6434258818626404,0.48027509450912476,0.5378658771514893,0.6426239013671875,0.5270357728004456,0.5045850276947021,0.6639899611473083,0.5249564051628113,0.5284964442253113,0.6330826282501221,0.46115437150001526,0.5142492055892944,0.6401841640472412,0.45941999554634094,0.6029545068740845,0.6773855686187744,0.44439980387687683,0.47326135635375977,0.6924832463264465,0.40758952498435974,0.6782302260398865,0.5481234788894653,0.3919273614883423,0.42769286036491394,0.560753345489502,0.33604785799980164,0.7538834810256958,0.3847406208515167,0.2785739302635193,0.40249109268188477,0.382769912481308,0.3425435721874237,0.7593444585800171,0.3473365902900696,0.25102344155311584,0.3999406397342682,0.33933040499687195,0.32225796580314636,0.7556524872779846,0.3445731997489929,0.23821301758289337,0.4045274555683136,0.3296665549278259,0.33095914125442505,0.7536365985870361,0.3581397235393524,0.2635686695575714,0.4071125090122223,0.3416779637336731,0.3399985134601593,0.5898018479347229,0.7202945351600647,0.025570474565029144,0.5334604382514954,0.7403700947761536,-0.025962918996810913,0.6455600261688232,0.575126588344574,-0.157918781042099,0.5088237524032593,0.7117021083831787,-0.12187967449426651,0.739437997341156,0.5391092300415039,-0.08296921104192734,0.5882126092910767,0.7574048638343811,-0.008035363629460335,0.7455317974090576,0.5458899736404419,-0.0716240331530571,0.598402202129364,0.7642501592636108,0.006850768346339464,0.7263516187667847,0.509568989276886,-0.14840300381183624,0.6150698065757751,0.7680834531784058,-0.057104941457509995
dbp_500451.jpg,0.5226401090621948,0.6433901190757751,0.29945671558380127,0.5245887637138367,0.6403055191040039,0.3124867379665375,0.5279750227928162,0.6393136382102966,0.3125933110713959,0.5309926271438599,0.6386845111846924,0.3123004734516144,0.5163209438323975,0.6460033655166626,0.31621184945106506,0.5143419504165649,0.6492101550102234,0.316429078578949,0.5123814940452576,0.6525551080703735,0.3164248764514923,0.5390433669090271,0.6476954817771912,0.3119206130504608,0.5094350576400757,0.6696824431419373,0.33393970131874084,0.5337961316108704,0.6512978076934814,0.29500341415405273,0.5222876071929932,0.6602151393890381,0.30011075735092163,0.6110566854476929,0.6708579063415527,0.23415914177894592,0.4862476587295532,0.6842376589775085,0.2486015111207962,0.6795216798782349,0.5400640368461609,0.20431092381477356,0.42667156457901,0.5609076023101807,0.26373371481895447,0.7514923214912415,0.3765042722225189,0.1177048608660698,0.4046674966812134,0.3937893807888031,0.3221430778503418,0.754558265209198,0.33382999897003174,0.09679422527551651,0.40266361832618713,0.3522062599658966,0.31710079312324524,0.7509450912475586,0.3335121273994446,0.0787895992398262,0.40384426712989807,0.3203689455986023,0.3315795660018921,0.750295102596283,0.3478361666202545,0.10434328019618988,0.4114667475223541,0.3540380895137787,0.32520538568496704,0.5926626920700073,0.6983405947685242,4.005782466265373e-05,0.5339841842651367,0.724712610244751,-0.0004911143914796412,0.6312509775161743,0.5697170495986938,-0.07853750139474869,0.45521271228790283,0.6689490079879761,0.04137970507144928,0.7137975692749023,0.5428714156150818,-0.017292963340878487,0.5105956196784973,0.6839127540588379,0.13535043597221375,0.7203505039215088,0.551652729511261,-0.005616914015263319,0.5214105844497681,0.6860243082046509,0.14954538643360138,0.7250586152076721,0.5083670616149902,-0.05130573362112045,0.5310389399528503,0.6921738982200623,0.1289934515953064
dbp_500461.jpg,0.5649734139442444,0.770563006401062,-0.2099285125732422,0.5670717358589172,0.7746308445930481,-0.23689579963684082,0.5706121325492859,0.7725279927253723,-0.23701763153076172,0.5740832686424255,0.7705551981925964,-0.2375602424144745,0.5548710227012634,0.7786808609962463,-0.23856543004512787,0.5512250065803528,0.7793974876403809,-0.2384071797132492,0.5476206541061401,0.7800929546356201,-0.23830372095108032,0.5793806910514832,0.7524508237838745,-0.28654906153678894,0.5355419516563416,0.777423083782196,-0.28604426980018616,0.5727730393409729,0.7569035291671753,-0.21345892548561096,0.5616012215614319,0.7628532648086548,-0.21456623077392578,0.6178760528564453,0.6712386012077332,-0.2432490736246109,0.5005044341087341,0.7146227359771729,-0.27525240182876587,0.6797483563423157,0.5207599997520447,-0.17567218840122223,0.4268883466720581,0.560961902141571,-0.09860920906066895,0.7499040365219116,0.3706030547618866,-0.2112387865781784,0.44848066568374634,0.4030386209487915,0.023504292592406273,0.752602219581604,0.32570186257362366,-0.23051247000694275,0.440033495426178,0.367218554019928,0.0071777584962546825,0.7494460344314575,0.3244023025035858,-0.2716197371482849,0.40638187527656555,0.32239973545074463,0.014359721913933754,0.7493559718132019,0.3425080478191376,-0.22828681766986847,0.4569913148880005,0.36661267280578613,0.028789272531867027,0.6038419604301453,0.6887003183364868,-0.005148987751454115,0.5316720604896545,0.7191385626792908,0.005109165795147419,0.6358039975166321,0.6516390442848206,0.12165837734937668,0.43119779229164124,0.6774700880050659,0.20402924716472626,0.6025930047035217,0.6356497406959534,0.4695014953613281,0.4447334408760071,0.5600343346595764,0.4404051601886749,0.5878944993019104,0.6365790963172913,0.5163832306861877,0.45816776156425476,0.5395123362541199,0.4745555520057678,0.5945387482643127,0.6317811608314514,0.5534378886222839,0.42413079738616943,0.5314458012580872,0.506111204624176
dbp_500471.jpg,0.5634620189666748,0.7365842461585999,-0.47227445244789124,0.5653050541877747,0.7471413612365723,-0.5010256171226501,0.5674458146095276,0.747168242931366,-0.5011498928070068,0.5696603059768677,0.7473776340484619,-0.5016490817070007,0.557859480381012,0.7484282851219177,-0.5037791132926941,0.5559365153312683,0.7493962049484253,-0.5035809278488159,0.5541408061981201,0.7503684759140015,-0.5033913850784302,0.5716098546981812,0.7449758648872375,-0.5193137526512146,0.5461176037788391,0.7575483322143555,-0.5273899435997009,0.5687459111213684,0.7294200658798218,-0.4607289731502533,0.5631402134895325,0.7320927381515503,-0.4637252986431122,0.5927682518959045,0.6726211309432983,-0.39704492688179016,0.5160176157951355,0.7061797976493835,-0.46235907077789307,0.6790556311607361,0.5172032117843628,-0.36408302187919617,0.4388319253921509,0.5427643060684204,-0.3419106602668762,0.7410827875137329,0.36070069670677185,-0.4425317943096161,0.5023484826087952,0.4045807719230652,-0.31188637018203735,0.7462182641029358,0.31168773770332336,-0.4736620783805847,0.4963820278644562,0.3716552257537842,-0.35691699385643005,0.7446662783622742,0.31103357672691345,-0.5177923440933228,0.49866145849227905,0.35639792680740356,-0.3529272675514221,0.7434596419334412,0.33205336332321167,-0.4620915651321411,0.506112277507782,0.3748561441898346,-0.3129010796546936,0.5702065229415894,0.6691900491714478,0.004395086783915758,0.527435302734375,0.6941023468971252,-0.0042651048861444,0.5333852767944336,0.5636221766471863,0.10560942441225052,0.4108096957206726,0.6141495704650879,0.20554590225219727,0.5086614489555359,0.4674532115459442,0.36198297142982483,0.43713298439979553,0.4287136197090149,0.4611878991127014,0.5084203481674194,0.45796120166778564,0.3943629264831543,0.4486868977546692,0.40179601311683655,0.4905283749103546,0.49054035544395447,0.4379065930843353,0.34636765718460083,0.4120272099971771,0.3857437074184418,0.45259860157966614
dbp_500481.jpg,0.5520491003990173,0.7110263705253601,0.16364192962646484,0.5396320819854736,0.7198330163955688,0.1713939756155014,0.5380955338478088,0.719384491443634,0.17141284048557281,0.5475977063179016,0.7337008118629456,0.1709854155778885,0.5477057099342346,0.7211704850196838,0.16815213859081268,0.5449196696281433,0.7233211994171143,0.16839170455932617,0.5424670577049255,0.7254419326782227,0.16845278441905975,0.5340511202812195,0.7226108312606812,0.18071195483207703,0.5378978848457336,0.7398554682731628,0.17545852065086365,0.5604409575462341,0.7087292671203613,0.16872502863407135,0.5507844686508179,0.7139129042625427,0.16540032625198364,0.5892186760902405,0.6882860064506531,0.14965693652629852,0.506944477558136,0.7100058794021606,0.09550663083791733,0.6719520092010498,0.5077654123306274,0.13080395758152008,0.4491221606731415,0.5365462303161621,0.09270531684160233,0.7377946376800537,0.32513895630836487,0.026004837825894356,0.45391687750816345,0.383728951215744,0.18725676834583282,0.738057553768158,0.27677300572395325,0.011617517098784447,0.447822630405426,0.3382328152656555,0.17571035027503967,0.73421710729599,0.2769481837749481,-0.015448780730366707,0.422988623380661,0.2944496273994446,0.2204066812992096,0.7337594628334045,0.2966802716255188,0.011715584434568882,0.41996684670448303,0.30700916051864624,0.2102915346622467,0.5622867345809937,0.6787567734718323,-0.011310632340610027,0.5041341781616211,0.6955194473266602,0.010717579163610935,0.507029116153717,0.5173674821853638,0.018555734306573868,0.3730229437351227,0.617141604423523,0.11607296764850616,0.48959311842918396,0.41388022899627686,0.2726292908191681,0.4465406537055969,0.4532420337200165,0.269723504781723,0.4895226061344147,0.41247689723968506,0.30196255445480347,0.4644613564014435,0.4324426054954529,0.2956099510192871,0.46413862705230713,0.3751397132873535,0.1361190378665924,0.446808785200119,0.4098323881626129,0.27495482563972473
dbp_500491.jpg,0.5559087991714478,0.7846657037734985,-0.5659881830215454,0.5531867146492004,0.800048828125,-0.5946652293205261,0.5535337328910828,0.8019688725471497,-0.5947834253311157,0.5569086670875549,0.8052285313606262,-0.5951996445655823,0.5518878102302551,0.7958731651306152,-0.604573667049408,0.5503143072128296,0.7954092025756836,-0.6044439673423767,0.5489416718482971,0.7949807047843933,-0.6042781472206116,0.5516722202301025,0.8063160181045532,-0.5903512239456177,0.5443254709243774,0.8017429113388062,-0.6342193484306335,0.5604879856109619,0.7784669399261475,-0.5431888699531555,0.5556796789169312,0.7748473286628723,-0.557266891002655,0.5807714462280273,0.7274643182754517,-0.4289948642253876,0.5183970928192139,0.7424662113189697,-0.5415876507759094,0.6611730456352234,0.5096350312232971,-0.3572109341621399,0.4836723208427429,0.5306914448738098,-0.3696843385696411,0.7115355730056763,0.32698071002960205,-0.3998390734195709,0.47747287154197693,0.37696656584739685,-0.2691407799720764,0.7117528319358826,0.2779521346092224,-0.43062496185302734,0.4631572365760803,0.33673301339149475,-0.31346914172172546,0.7080308198928833,0.2780437171459198,-0.4732617139816284,0.4664112329483032,0.3121970295906067,-0.30540236830711365,0.7070671319961548,0.2985702157020569,-0.41911956667900085,0.4730210602283478,0.3218168616294861,-0.26625046133995056,0.5535281896591187,0.6796621680259705,-0.00426078774034977,0.5090302228927612,0.7030261754989624,0.0041961404494941235,0.5241612792015076,0.5282317399978638,0.12403029948472977,0.37267035245895386,0.6193297505378723,0.1353880912065506,0.5443165898323059,0.5019142031669617,0.4547780454158783,0.4422697126865387,0.5356225967407227,0.5177612900733948,0.5474730730056763,0.5106852054595947,0.4994777739048004,0.4576176702976227,0.5140385031700134,0.5648981332778931,0.5517997741699219,0.5137558579444885,0.46621784567832947,0.43884527683258057,0.5139685273170471,0.5509881377220154
dbp_500501.jpg,0.5541700124740601,0.7636248469352722,-0.03117050603032112,0.5506681799888611,0.7742948532104492,-0.03405313938856125,0.5513376593589783,0.77656489610672,-0.03413642570376396,0.5546863079071045,0.7791621088981628,-0.034504663199186325,0.5479869842529297,0.7719712257385254,-0.04431936517357826,0.5465101599693298,0.7726197242736816,-0.044101785868406296,0.54526686668396,0.7732359170913696,-0.04410277307033539,0.5514681935310364,0.7902420163154602,-0.02784084714949131,0.5399569869041443,0.7884206771850586,-0.06834817677736282,0.5580663084983826,0.7636833190917969,-0.0205101128667593,0.5542562007904053,0.7625720500946045,-0.03358827158808708,0.581300675868988,0.7614151239395142,-0.010559267364442348,0.5222278237342834,0.7512823939323425,-0.10845562070608139,0.6609677672386169,0.5101337432861328,-0.0192344281822443,0.4791882634162903,0.5345475673675537,-0.06301671266555786,0.6998243927955627,0.33807921409606934,-0.09553737193346024,0.47105225920677185,0.3887427747249603,-0.04858064651489258,0.6978419423103333,0.29223936796188354,-0.1322081983089447,0.44793328642845154,0.34207525849342346,-0.10547445714473724,0.6948192119598389,0.29120951890945435,-0.16301575303077698,0.4593348503112793,0.3461114764213562,-0.07930812239646912,0.6954146027565002,0.3101465702056885,-0.11401243507862091,0.4733244776725769,0.35725322365760803,-0.04372932389378548,0.5591296553611755,0.7352530360221863,-0.004273711703717709,0.5111523270606995,0.7386665940284729,0.004219931084662676,0.5557776093482971,0.5756394267082214,0.03560781851410866,0.40755632519721985,0.6668931245803833,0.0612231083214283,0.6063028573989868,0.6786837577819824,0.19043663144111633,0.4682981073856354,0.7073456645011902,0.25503987073898315,0.6012939214706421,0.7072560787200928,0.2207099050283432,0.49239808320999146,0.7166926264762878,0.29212018847465515,0.6466743350028992,0.6668153405189514,0.18701444566249847,0.4863852858543396,0.694696307182312,0.29782983660697937
dbp_500511.jpg,,,,,,,,,,,,,,,,,,,,,,,,,,,,,,,,,,,,,,,,,,,,,,,,,,,,,,,,,,,,,,,,,,,,,,,,,,,,,,,,,,,,,,,,,,,,,,,,,,,
dbp_500521.jpg,,,,,,,,,,,,,,,,,,,,,,,,,,,,,,,,,,,,,,,,,,,,,,,,,,,,,,,,,,,,,,,,,,,,,,,,,,,,,,,,,,,,,,,,,,,,,,,,,,,
dbp_500531.jpg,,,,,,,,,,,,,,,,,,,,,,,,,,,,,,,,,,,,,,,,,,,,,,,,,,,,,,,,,,,,,,,,,,,,,,,,,,,,,,,,,,,,,,,,,,,,,,,,,,,
dbp_500541.jpg,,,,,,,,,,,,,,,,,,,,,,,,,,,,,,,,,,,,,,,,,,,,,,,,,,,,,,,,,,,,,,,,,,,,,,,,,,,,,,,,,,,,,,,,,,,,,,,,,,,
dbp_500551.jpg,,,,,,,,,,,,,,,,,,,,,,,,,,,,,,,,,,,,,,,,,,,,,,,,,,,,,,,,,,,,,,,,,,,,,,,,,,,,,,,,,,,,,,,,,,,,,,,,,,,
dbp_500561.jpg,0.5097230672836304,0.7971699833869934,0.42422765493392944,0.511502206325531,0.8019927740097046,0.43475520610809326,0.5143177509307861,0.8007148504257202,0.43482813239097595,0.5172125697135925,0.7995803952217102,0.4345044791698456,0.5036495923995972,0.8053008317947388,0.4366106390953064,0.5010426640510559,0.806992769241333,0.4369330108165741,0.4984792172908783,0.8086373209953308,0.4369495213031769,0.5255663990974426,0.7982079982757568,0.4139522314071655,0.49632394313812256,0.817322850227356,0.42662250995635986,0.5166850090026855,0.7904940247535706,0.4140385091304779,0.5075393319129944,0.7971805334091187,0.41583067178726196,0.5538787245750427,0.7788625359535217,0.3391159772872925,0.47878655791282654,0.7755478620529175,0.3315369188785553,0.59647136926651,0.6052124500274658,0.3784046471118927,0.3545966148376465,0.6225154399871826,0.3735876977443695,0.6885058879852295,0.4075191617012024,0.40448907017707825,0.3414021134376526,0.4161562919616699,0.45688241720199585,0.693263053894043,0.3625059425830841,0.3709259331226349,0.3427911400794983,0.38205230236053467,0.423678457736969,0.6912835836410522,0.35414788126945496,0.36056753993034363,0.34464654326438904,0.3773583173751831,0.4596869647502899,0.689868688583374,0.36519280076026917,0.3904740512371063,0.34655338525772095,0.3881168067455292,0.46357229351997375,0.5253313779830933,0.7580074667930603,-0.018893202766776085,0.49784061312675476,0.7457761764526367,0.019251402467489243,0.5420001149177551,0.7429660558700562,2.050664261332713e-05,0.5116550922393799,0.7270680665969849,0.20360946655273438,0.5802828073501587,0.7441753149032593,0.23848579823970795,0.5602070093154907,0.7009953260421753,0.4444325566291809,0.5811682939529419,0.752278745174408,0.2698618173599243,0.5707902312278748,0.7007032632827759,0.47641775012016296,0.6051172018051147,0.7283352613449097,0.22229312360286713,0.5878188610076904,0.686373770236969,0.4563722312450409
dbp_500571.jpg,0.4882546067237854,0.7378323078155518,0.8061785101890564,0.49364742636680603,0.7375640869140625,0.8391293287277222,0.4837513566017151,0.7163258790969849,0.8393643498420715,0.4852812588214874,0.7142785787582397,0.839103102684021,0.4849774241447449,0.7402393817901611,0.8406373262405396,0.46977630257606506,0.734242856502533,0.8408413529396057,0.46759191155433655,0.7374609112739563,0.8408013582229614,0.4975552558898926,0.721375584602356,0.8584290146827698,0.4798581898212433,0.7484980225563049,0.8669551014900208,0.49573954939842224,0.7376712560653687,0.8015267252922058,0.48663389682769775,0.7426735758781433,0.8023570775985718,0.551418662071228,0.7319499254226685,0.7049399614334106,0.44833680987358093,0.7548131942749023,0.7023053765296936,0.6192290186882019,0.5678125023841858,0.6536435484886169,0.3572643995285034,0.6052454113960266,0.5417377948760986,0.6921795010566711,0.39105257391929626,0.623381495475769,0.33967700600624084,0.40400242805480957,0.5096603035926819,0.694936215877533,0.34098613262176514,0.5873022079467773,0.3403779864311218,0.3533209264278412,0.4700976610183716,0.6920602321624756,0.3406190574169159,0.5949079394340515,0.34282395243644714,0.3489130735397339,0.5159854292869568,0.691895604133606,0.36150047183036804,0.6146884560585022,0.34450098872184753,0.3599369525909424,0.5162228345870972,0.5584369897842407,0.7791152000427246,-0.015776418149471283,0.5026474595069885,0.8018553853034973,0.015678895637392998,0.5686492919921875,0.7430417537689209,-0.18821218609809875,0.4856652617454529,0.8147767186164856,-0.09807971864938736,0.6092128157615662,0.847830057144165,-0.367032527923584,0.5878829956054688,0.8791821002960205,-0.30565041303634644,0.6062094569206238,0.8663227558135986,-0.37976744771003723,0.6023878455162048,0.8887467980384827,-0.3218218684196472,0.6368483304977417,0.8687269687652588,-0.4577597677707672,0.6312111020088196,0.9022365212440491,-0.38212060928344727
dbp_500581.jpg,0.4920870065689087,0.7530826330184937,0.9574928879737854,0.4868137240409851,0.7286863327026367,0.9923730492591858,0.4855974316596985,0.7238425612449646,0.9926824569702148,0.49087440967559814,0.7192449569702148,0.9923442006111145,0.4766682982444763,0.7379680275917053,0.9915741682052612,0.4713467061519623,0.7394908666610718,0.9918501973152161,0.46944335103034973,0.743120551109314,0.9917011857032776,0.5108891725540161,0.7446726560592651,1.0164510011672974,0.48226556181907654,0.7636721134185791,1.0173966884613037,0.49973443150520325,0.7512134909629822,0.9516058564186096,0.489353209733963,0.7567287683486938,0.9498250484466553,0.5637713670730591,0.7419666051864624,0.8425107598304749,0.4373503625392914,0.7616813778877258,0.8060230016708374,0.6304820775985718,0.5710130333900452,0.7814069986343384,0.3398642838001251,0.6079569458961487,0.6068137884140015,0.6947165131568909,0.3938407599925995,0.7751187682151794,0.3395575284957886,0.405107706785202,0.6461851596832275,0.6953240633010864,0.34447431564331055,0.7318155169487,0.3389208912849426,0.35680580139160156,0.6098397374153137,0.692321240901947,0.34181010723114014,0.7409102320671082,0.3414249122142792,0.35183340311050415,0.661719024181366,0.6926464438438416,0.3631226718425751,0.7652502059936523,0.34206584095954895,0.36274832487106323,0.6569740772247314,0.5730464458465576,0.7950245141983032,0.0016666071023792028,0.5020001530647278,0.8328311443328857,-0.0015050137881189585,0.6167128682136536,0.7549518942832947,-0.4207288920879364,0.4829762876033783,0.8306013345718384,-0.15926939249038696,0.6446051001548767,0.8692324161529541,-0.6496376395225525,0.6090274453163147,0.9096400737762451,-0.3995628356933594,0.6396209001541138,0.9004181623458862,-0.6748988628387451,0.6349353790283203,0.9365794062614441,-0.423141211271286,0.6626708507537842,0.8744934797286987,-0.791074812412262,0.6409447193145752,0.9038286805152893,-0.5152942538261414
dbp_500591.jpg,0.4528003931045532,0.7614675760269165,0.9931564927101135,0.46023955941200256,0.747442364692688,1.0287519693374634,0.4661661386489868,0.7430530190467834,1.0291084051132202,0.4730820953845978,0.7394254207611084,1.0286211967468262,0.4415958523750305,0.7555444240570068,1.0250803232192993,0.4365813136100769,0.7568146586418152,1.0252383947372437,0.4318501651287079,0.7595620155334473,1.025322437286377,0.4953700602054596,0.7442187666893005,1.1105098724365234,0.4355064630508423,0.775324821472168,1.0983368158340454,0.47054174542427063,0.7581347227096558,1.012871265411377,0.4517829120159149,0.7629481554031372,1.0077883005142212,0.5671119689941406,0.733886182308197,0.9967706203460693,0.388043075799942,0.8066078424453735,0.9293931126594543,0.6266806125640869,0.6894296407699585,1.0354276895523071,0.2806372344493866,0.7390764951705933,0.7544641494750977,0.6816138625144958,0.5219306349754333,1.2207233905792236,0.3273982107639313,0.5491259098052979,0.8007415533065796,0.6856470108032227,0.47117292881011963,1.2342774868011475,0.331198513507843,0.5100762248039246,0.801301121711731,0.6788383722305298,0.46939465403556824,1.2554481029510498,0.3355094790458679,0.5018512010574341,0.8631190657615662,0.6727816462516785,0.4876261055469513,1.2263922691345215,0.335999459028244,0.513553261756897,0.8242877125740051,0.5897162556648254,0.813280463218689,0.019892949610948563,0.4843224883079529,0.889769971370697,-0.020007051527500153,0.666479229927063,0.7764232158660889,-0.5986210703849792,0.45471590757369995,0.8587339520454407,-0.5899428725242615,0.7316545844078064,0.9784684181213379,-0.8656559586524963,0.6320649981498718,1.0199017524719238,-0.8696905374526978,0.7247035503387451,1.0226472616195679,-0.9037458896636963,0.6684999465942383,1.0503770112991333,-0.9057616591453552,0.7737616896629333,1.0003796815872192,-1.1053725481033325,0.6569017767906189,1.050133466720581,-1.1065540313720703
dbp_500601.jpg,,,,,,,,,,,,,,,,,,,,,,,,,,,,,,,,,,,,,,,,,,,,,,,,,,,,,,,,,,,,,,,,,,,,,,,,,,,,,,,,,,,,,,,,,,,,,,,,,,,
dbp_500611.jpg,,,,,,,,,,,,,,,,,,,,,,,,,,,,,,,,,,,,,,,,,,,,,,,,,,,,,,,,,,,,,,,,,,,,,,,,,,,,,,,,,,,,,,,,,,,,,,,,,,,
dbp_500621.jpg,,,,,,,,,,,,,,,,,,,,,,,,,,,,,,,,,,,,,,,,,,,,,,,,,,,,,,,,,,,,,,,,,,,,,,,,,,,,,,,,,,,,,,,,,,,,,,,,,,,
dbp_500631.jpg,,,,,,,,,,,,,,,,,,,,,,,,,,,,,,,,,,,,,,,,,,,,,,,,,,,,,,,,,,,,,,,,,,,,,,,,,,,,,,,,,,,,,,,,,,,,,,,,,,,
dbp_500641.jpg,,,,,,,,,,,,,,,,,,,,,,,,,,,,,,,,,,,,,,,,,,,,,,,,,,,,,,,,,,,,,,,,,,,,,,,,,,,,,,,,,,,,,,,,,,,,,,,,,,,
dbp_500651.jpg,,,,,,,,,,,,,,,,,,,,,,,,,,,,,,,,,,,,,,,,,,,,,,,,,,,,,,,,,,,,,,,,,,,,,,,,,,,,,,,,,,,,,,,,,,,,,,,,,,,
dbp_500661.jpg,,,,,,,,,,,,,,,,,,,,,,,,,,,,,,,,,,,,,,,,,,,,,,,,,,,,,,,,,,,,,,,,,,,,,,,,,,,,,,,,,,,,,,,,,,,,,,,,,,,
dbp_500671.jpg,,,,,,,,,,,,,,,,,,,,,,,,,,,,,,,,,,,,,,,,,,,,,,,,,,,,,,,,,,,,,,,,,,,,,,,,,,,,,,,,,,,,,,,,,,,,,,,,,,,
dbp_500681.jpg,0.4522375762462616,0.6735377907752991,0.17880132794380188,0.456208735704422,0.6751129627227783,0.20852865278720856,0.4606676399707794,0.6751890778541565,0.20834366977214813,0.46530354022979736,0.6759859919548035,0.2079305499792099,0.4450911581516266,0.6801398992538452,0.21163307130336761,0.44135600328445435,0.6841380596160889,0.21175064146518707,0.4374390244483948,0.6885018944740295,0.21160535514354706,0.4735429883003235,0.692070722579956,0.29139554500579834,0.4327815771102905,0.7109631896018982,0.30822646617889404,0.4646085202693939,0.683661699295044,0.20386452972888947,0.44872263073921204,0.6914019584655762,0.20771524310112,0.5238893032073975,0.7170393466949463,0.2193426787853241,0.4193461239337921,0.7725368738174438,0.28700363636016846,0.590536892414093,0.6850247979164124,0.03964942693710327,0.37028834223747253,0.8073199987411499,0.16105079650878906,0.6406918168067932,0.6362388134002686,-0.20169171690940857,0.34069961309432983,0.7507691383361816,-0.0016386612551286817,0.6567083597183228,0.6195375323295593,-0.2330113798379898,0.3286568820476532,0.7359002232551575,-0.021697552874684334,0.6492791771888733,0.6204970479011536,-0.2450953871011734,0.3362339735031128,0.7193790674209595,-0.009179302491247654,0.6409403085708618,0.6311025619506836,-0.21099857985973358,0.3426021635532379,0.7227886915206909,-0.002100569661706686,0.5242610573768616,0.8013737797737122,0.0004233448999002576,0.4659757912158966,0.8624334335327148,-0.0013275356031954288,0.5880359411239624,0.6360095739364624,-0.0030035118106752634,0.43821480870246887,0.8131265640258789,0.11903539299964905,0.6129911541938782,0.4798954725265503,-0.03210681676864624,0.49233853816986084,0.690991997718811,0.19940605759620667,0.6111274361610413,0.48004409670829773,-0.02794853411614895,0.5018412470817566,0.6749986410140991,0.21364521980285645,0.6323171257972717,0.4078091084957123,-0.09371335059404373,0.5069127082824707,0.6551144123077393,0.16183196008205414
dbp_500691.jpg,0.45093727111816406,0.6736670136451721,0.1271703690290451,0.4557304084300995,0.6749902963638306,0.16411921381950378,0.46043068170547485,0.674931526184082,0.16403134167194366,0.46526390314102173,0.675288736820221,0.16376546025276184,0.44418540596961975,0.680135190486908,0.15896034240722656,0.44040974974632263,0.6841262578964233,0.15904361009597778,0.4365978240966797,0.6884275078773499,0.15895842015743256,0.47552475333213806,0.6907519698143005,0.28463518619537354,0.43216583132743835,0.7109478712081909,0.2623594403266907,0.46383365988731384,0.683741569519043,0.1646459847688675,0.44728079438209534,0.6917430758476257,0.15723930299282074,0.5212060213088989,0.7146072387695312,0.24912133812904358,0.4196203649044037,0.7670372128486633,0.2265014499425888,0.5878588557243347,0.7062403559684753,0.09226199239492416,0.3735358417034149,0.8051773905754089,0.004921450279653072,0.6011515855789185,0.6814664006233215,-0.10794717818498611,0.3596339225769043,0.7318227887153625,-0.24015039205551147,0.6049811840057373,0.6780522465705872,-0.13615037500858307,0.35353803634643555,0.7096368670463562,-0.27963393926620483,0.5956932902336121,0.6736577153205872,-0.14180731773376465,0.3596174418926239,0.700355052947998,-0.26293185353279114,0.5919191837310791,0.6788224577903748,-0.1132897213101387,0.3648320138454437,0.7079191207885742,-0.24029816687107086,0.524434506893158,0.7864349484443665,0.008536017499864101,0.4659810960292816,0.8463813662528992,-0.009232962504029274,0.5910915732383728,0.6265389919281006,-0.046413883566856384,0.41931626200675964,0.8482760787010193,0.01385048683732748,0.6264960169792175,0.4867686927318573,-0.10896586626768112,0.4872574806213379,0.8871265649795532,0.06033725664019585,0.6358718872070312,0.4813842475414276,-0.11146616190671921,0.49584493041038513,0.8858010172843933,0.0714363157749176,0.6315323710441589,0.4127080738544464,-0.15244486927986145,0.5114102363586426,0.9095873236656189,0.05196965113282204
dbp_500701.jpg,0.4537627100944519,0.693963348865509,0.18572548031806946,0.4582592248916626,0.6937095522880554,0.21440188586711884,0.4624738097190857,0.6947879195213318,0.214353546500206,0.46660473942756653,0.6950582265853882,0.2140215039253235,0.44845736026763916,0.6979214549064636,0.21016009151935577,0.44521740078926086,0.7012404799461365,0.21025505661964417,0.4423174262046814,0.7041642665863037,0.21027211844921112,0.47663623094558716,0.7094278931617737,0.3017879128456116,0.43828994035720825,0.7207414507865906,0.2662956714630127,0.46496912837028503,0.7031457424163818,0.21028833091259003,0.4513453543186188,0.7075750827789307,0.2043324112892151,0.5240105986595154,0.7426318526268005,0.2626050114631653,0.4194948375225067,0.7586545348167419,0.23805825412273407,0.5885344743728638,0.7169546484947205,0.22242684662342072,0.366604745388031,0.7000121474266052,0.10311886668205261,0.643108069896698,0.6950448155403137,0.10480310767889023,0.34150198101997375,0.5589163303375244,0.015908021479845047,0.661541759967804,0.6913099884986877,0.08467243611812592,0.3325100243091583,0.519874632358551,-0.007664491422474384,0.6577432751655579,0.6881371736526489,0.061032604426145554,0.33708158135414124,0.5151734948158264,-0.00424914387986064,0.6469748020172119,0.6938849687576294,0.09193940460681915,0.346306711435318,0.526208758354187,0.01379669550806284,0.5182669162750244,0.7868821620941162,0.008800874464213848,0.4560558497905731,0.8239302635192871,-0.009537999518215656,0.5955857634544373,0.6089539527893066,-0.06843189150094986,0.41683682799339294,0.7965371012687683,0.059639088809490204,0.6256025433540344,0.4857616722583771,-0.08974078297615051,0.4839085340499878,0.8221151828765869,0.08891358226537704,0.6290704011917114,0.47640231251716614,-0.08390484005212784,0.48907244205474854,0.8251346349716187,0.0824185311794281,0.6335178017616272,0.41277483105659485,-0.1478303074836731,0.5182636380195618,0.8160139322280884,0.15805543959140778
dbp_500711.jpg,0.4594387412071228,0.7173909544944763,0.2053084820508957,0.46168485283851624,0.7145686745643616,0.2362857311964035,0.4647957384586334,0.7139468789100647,0.23629823327064514,0.4678484797477722,0.7130714654922485,0.23600822687149048,0.45294052362442017,0.7199986577033997,0.23439709842205048,0.45018622279167175,0.722865104675293,0.2345096617937088,0.4477640688419342,0.7252084612846375,0.23445945978164673,0.4762997627258301,0.7221617102622986,0.3284502923488617,0.44520628452301025,0.7397237420082092,0.31821879744529724,0.4682101309299469,0.7204470038414001,0.231779083609581,0.4567047655582428,0.7265543341636658,0.22881102561950684,0.5257362723350525,0.7340168356895447,0.2941056787967682,0.4356832504272461,0.7650642395019531,0.26976150274276733,0.5811161398887634,0.6809782981872559,0.20580357313156128,0.3861832320690155,0.7851159572601318,0.11527083069086075,0.5872424244880676,0.5925240516662598,0.10287956148386002,0.41704267263412476,0.6830684542655945,-0.00183998909778893,0.5877183079719543,0.5686342120170593,0.09063417464494705,0.43139493465423584,0.6755391955375671,-0.023395799100399017,0.5817363858222961,0.5658113956451416,0.09357167035341263,0.43951714038848877,0.6764089465141296,-0.01258082129061222,0.5799251198768616,0.577808141708374,0.1025594025850296,0.4270590543746948,0.6643544435501099,0.004047379828989506,0.5219307541847229,0.7677918076515198,0.0036082034930586815,0.4663166403770447,0.8125696778297424,-0.004537367261946201,0.5970874428749084,0.5942433476448059,-0.09413771331310272,0.4101804494857788,0.7839168310165405,0.07565005868673325,0.6384718418121338,0.4344533681869507,-0.15431205928325653,0.4822784662246704,0.7822425961494446,0.10399462282657623,0.6365362405776978,0.4094589650630951,-0.15204066038131714,0.4891776144504547,0.7768837809562683,0.11474469304084778,0.6382697224617004,0.3893096446990967,-0.1743326485157013,0.5173396468162537,0.7742128372192383,0.12296269088983536
dbp_500721.jpg,0.4597746729850769,0.7376503944396973,0.2004621922969818,0.4627174139022827,0.735309362411499,0.22746652364730835,0.4655250906944275,0.734898030757904,0.22738191485404968,0.46815648674964905,0.7342447638511658,0.2270466387271881,0.4537202715873718,0.739357054233551,0.22694197297096252,0.451135516166687,0.7411884665489197,0.22704407572746277,0.44883376359939575,0.7426168918609619,0.22695589065551758,0.476239413022995,0.7415018081665039,0.27638283371925354,0.44616439938545227,0.7516888976097107,0.28001829981803894,0.4698156416416168,0.7450675964355469,0.22328351438045502,0.4581710994243622,0.7491446733474731,0.2219991534948349,0.5211504697799683,0.7442352175712585,0.27798378467559814,0.4329466223716736,0.7659074664115906,0.2485094666481018,0.5714276432991028,0.7239226698875427,0.2927396595478058,0.40231987833976746,0.7856027483940125,0.2734888195991516,0.5277324318885803,0.701116681098938,0.38947737216949463,0.4406476318836212,0.7284107804298401,0.3543339669704437,0.5170193314552307,0.697418212890625,0.4067036509513855,0.45325544476509094,0.7175357341766357,0.38252943754196167,0.5050327181816101,0.6903671026229858,0.4347460865974426,0.4536648988723755,0.7086056470870972,0.3963982164859772,0.5060333013534546,0.6921969652175903,0.40627071261405945,0.4520531892776489,0.714683473110199,0.3659040033817291,0.521029531955719,0.7693216800689697,-0.008421863429248333,0.46126607060432434,0.7966746091842651,0.007265547290444374,0.5925990343093872,0.592867374420166,-0.02341380901634693,0.34055379033088684,0.6486570835113525,0.13718940317630768,0.6333991289138794,0.4056827127933502,-0.04893510416150093,0.3654833137989044,0.5122482180595398,0.13610824942588806,0.6353916525840759,0.3847106099128723,-0.04555575177073479,0.371927946805954,0.49522969126701355,0.14745013415813446,0.6365888118743896,0.34704291820526123,-0.0616922527551651,0.3563064634799957,0.472597599029541,0.13817866146564484
dbp_600001.jpg,0.45410239696502686,0.5710880756378174,0.39796364307403564,0.45657700300216675,0.5646439790725708,0.43343451619148254,0.4584312438964844,0.5636166334152222,0.43355658650398254,0.46243754029273987,0.5610594153404236,0.4334724545478821,0.4473179578781128,0.5691983699798584,0.42345350980758667,0.4453718364238739,0.5709917545318604,0.42349910736083984,0.4432514011859894,0.572674572467804,0.42335614562034607,0.4654758870601654,0.5763241648674011,0.520537793636322,0.4363947808742523,0.5844664573669434,0.4834313988685608,0.45986121892929077,0.5814950466156006,0.42267435789108276,0.4503698945045471,0.5845315456390381,0.4111226201057434,0.5079692602157593,0.6025159358978271,0.4724935293197632,0.40199393033981323,0.6323573589324951,0.36668527126312256,0.5678640007972717,0.501278281211853,0.37918582558631897,0.3676241636276245,0.6148293614387512,0.2485884726047516,0.5462177395820618,0.3586184084415436,0.31010162830352783,0.34269586205482483,0.4385121166706085,0.22504863142967224,0.5468066930770874,0.3286580741405487,0.29753077030181885,0.3643638789653778,0.4040357768535614,0.21190626919269562,0.5390868782997131,0.3285289704799652,0.302669495344162,0.36461693048477173,0.39871686697006226,0.23557598888874054,0.5375856757164001,0.33621442317962646,0.30650851130485535,0.3587832450866699,0.4067569375038147,0.23343761265277863,0.5207613706588745,0.6973544955253601,0.022818991914391518,0.4562544524669647,0.7263374328613281,-0.023387493565678596,0.5408032536506653,0.5010210871696472,-0.07248140871524811,0.3686603605747223,0.6131085157394409,-0.1778508722782135,0.546459972858429,0.37193185091018677,-0.20316137373447418,0.373920738697052,0.5220340490341187,-0.28126242756843567,0.5486214756965637,0.37934044003486633,-0.2148214727640152,0.38113608956336975,0.5256556868553162,-0.2873344421386719,0.5304718613624573,0.3047889173030853,-0.2596537172794342,0.35075801610946655,0.4591345191001892,-0.3292240500450134
dbp_600011.jpg,0.4398478865623474,0.5805481672286987,-0.6516371965408325,0.4469212591648102,0.5804731845855713,-0.6510390639305115,0.447279155254364,0.5804806351661682,-0.6510848999023438,0.45834535360336304,0.576714813709259,-0.6514635682106018,0.4410856366157532,0.5830665826797485,-0.6529518365859985,0.44009584188461304,0.584018349647522,-0.6530341506004333,0.43873703479766846,0.5846505165100098,-0.6529740691184998,0.46297934651374817,0.5801815390586853,-0.545087456703186,0.43456313014030457,0.5945736169815063,-0.5501909255981445,0.44512060284614563,0.5913836359977722,-0.6018742918968201,0.43909212946891785,0.5940825343132019,-0.6035661697387695,0.48441365361213684,0.5926259160041809,-0.3881227374076843,0.40552109479904175,0.6259921789169312,-0.4386310577392578,0.5260595679283142,0.4700121283531189,-0.4312666952610016,0.38015586137771606,0.5414294600486755,-0.4224148690700531,0.5357497930526733,0.32708054780960083,-0.5521726012229919,0.34058141708374023,0.4058742821216583,-0.4364362359046936,0.5338438749313354,0.297319620847702,-0.5967941284179688,0.3420964777469635,0.37656664848327637,-0.4811447560787201,0.5300446152687073,0.30091774463653564,-0.6136292815208435,0.3442460298538208,0.37318000197410583,-0.476436585187912,0.528643012046814,0.3151836097240448,-0.5667186975479126,0.34676966071128845,0.3840349316596985,-0.4392887055873871,0.5010856986045837,0.6756533980369568,0.01881205104291439,0.45656681060791016,0.710584282875061,-0.017565738409757614,0.5073365569114685,0.526654839515686,0.0880114734172821,0.41497802734375,0.6237133741378784,-0.012986068613827229,0.502818763256073,0.5748238563537598,0.354044109582901,0.4158410429954529,0.6139069199562073,0.3245420455932617,0.49497339129447937,0.5906521677970886,0.38328856229782104,0.4188385605812073,0.5836554765701294,0.3624066710472107,0.5187211632728577,0.579616129398346,0.3596085011959076,0.4185992479324341,0.5242832899093628,0.355085164308548
dbp_600021.jpg,0.4308789372444153,0.572760820388794,-0.3415951132774353,0.4336467981338501,0.5631027817726135,-0.347719669342041,0.43585506081581116,0.5616669654846191,-0.3477964997291565,0.44015392661094666,0.5648650527000427,-0.34821611642837524,0.42809730768203735,0.5650156736373901,-0.3494552671909332,0.4268587827682495,0.5655332803726196,-0.3494310677051544,0.42536869645118713,0.566140353679657,-0.349393755197525,0.4377215802669525,0.5692214369773865,-0.3005623519420624,0.4183311462402344,0.5760373473167419,-0.30378657579421997,0.43302038311958313,0.5830036401748657,-0.3135565519332886,0.4268323481082916,0.5850213170051575,-0.3150256276130676,0.4825276732444763,0.5895468592643738,-0.20642659068107605,0.38767001032829285,0.6200328469276428,-0.2586885690689087,0.5482469201087952,0.47243109345436096,-0.23808501660823822,0.36303701996803284,0.5562891364097595,-0.22177575528621674,0.5392792224884033,0.3321523666381836,-0.29864591360092163,0.3310685157775879,0.414747953414917,-0.21261268854141235,0.5388332009315491,0.3049684166908264,-0.3168191611766815,0.33430254459381104,0.3808504641056061,-0.22858022153377533,0.5322672724723816,0.30645987391471863,-0.3202441930770874,0.3381390869617462,0.3729718029499054,-0.22597011923789978,0.5283660292625427,0.31733429431915283,-0.3031021058559418,0.3402824401855469,0.38105493783950806,-0.21158361434936523,0.48426705598831177,0.672139585018158,0.01969895139336586,0.42781350016593933,0.7008159160614014,-0.019265705719590187,0.5052634477615356,0.4760824739933014,0.02457992173731327,0.34086939692497253,0.6123674511909485,-0.002534161088988185,0.49229294061660767,0.519860565662384,0.11256138235330582,0.3269362449645996,0.471132755279541,0.17517505586147308,0.4880017638206482,0.5156991481781006,0.128438800573349,0.3301708996295929,0.4659372568130493,0.21925115585327148,0.49013030529022217,0.4784954786300659,0.09138615429401398,0.30366432666778564,0.4018482267856598,0.1894765943288803
dbp_600031.jpg,0.4245181083679199,0.5642045140266418,0.07333479821681976,0.43135470151901245,0.5588023662567139,0.09270834177732468,0.43548959493637085,0.557735800743103,0.09266301244497299,0.43950891494750977,0.5568072199821472,0.09239187091588974,0.4199131429195404,0.5579590797424316,0.09508899599313736,0.4170212745666504,0.5587694644927979,0.0951736643910408,0.4143638014793396,0.5596612691879272,0.09520590305328369,0.4429764449596405,0.5703977346420288,0.18218784034252167,0.40889406204223633,0.5708119869232178,0.19667772948741913,0.4322182536125183,0.5749784708023071,0.10774999111890793,0.4190062880516052,0.5779933929443359,0.1113106980919838,0.4900883138179779,0.6050326824188232,0.20040999352931976,0.378181517124176,0.6150434017181396,0.1796380579471588,0.5553591847419739,0.49538740515708923,0.09271352738142014,0.3272491991519928,0.551530659198761,0.1810145527124405,0.5463653206825256,0.33497148752212524,-0.01892249658703804,0.31675007939338684,0.40635016560554504,0.20633912086486816,0.5435699224472046,0.3052048683166504,-0.047456707805395126,0.32106849551200867,0.3738939166069031,0.1911083608865738,0.5332435369491577,0.3049907982349396,-0.04013688489794731,0.3290857970714569,0.36603084206581116,0.20798540115356445,0.5319563150405884,0.31624123454093933,-0.022740893065929413,0.33172038197517395,0.3757536709308624,0.21189436316490173,0.49054157733917236,0.6966525912284851,0.016659004613757133,0.42184868454933167,0.7147939801216125,-0.01661849021911621,0.5228504538536072,0.49235010147094727,-0.059498947113752365,0.3335147202014923,0.592427670955658,-0.20361903309822083,0.5060861110687256,0.4989405870437622,-0.143738254904747,0.3792368769645691,0.49006927013397217,-0.23407350480556488,0.5030500888824463,0.5060262680053711,-0.14887402951717377,0.38781529664993286,0.49908727407455444,-0.23079447448253632,0.4939126968383789,0.4671880602836609,-0.2082824856042862,0.37161514163017273,0.4237321615219116,-0.2684735953807831
dbp_600041.jpg,0.427484393119812,0.5618796944618225,0.2771056592464447,0.43493738770484924,0.5587891936302185,0.308566153049469,0.4389718472957611,0.5582845211029053,0.308514803647995,0.4432593584060669,0.5569985508918762,0.30815210938453674,0.4227864146232605,0.5593655705451965,0.3101235330104828,0.4188733994960785,0.560606062412262,0.3101774752140045,0.41560688614845276,0.5616564750671387,0.310131698846817,0.44752371311187744,0.5695415735244751,0.41008996963500977,0.40829992294311523,0.5730104446411133,0.42121946811676025,0.43673938512802124,0.5706326365470886,0.31099480390548706,0.4202670156955719,0.5740806460380554,0.313167929649353,0.494525283575058,0.6041958928108215,0.38732531666755676,0.3722075819969177,0.6082174777984619,0.3615815341472626,0.5624881386756897,0.4764765501022339,0.2849186062812805,0.3163033127784729,0.5483443737030029,0.3033035397529602,0.5465578436851501,0.325068861246109,0.19164510071277618,0.31855133175849915,0.3982444703578949,0.2993798553943634,0.5456562042236328,0.297423779964447,0.16438516974449158,0.32062244415283203,0.362487256526947,0.27940258383750916,0.5339734554290771,0.2979174554347992,0.17796915769577026,0.3282085359096527,0.3568674325942993,0.2970083951950073,0.5322714447975159,0.30818670988082886,0.19142664968967438,0.33087000250816345,0.3659137785434723,0.30423790216445923,0.4932485818862915,0.6978310346603394,0.01781763695180416,0.41598668694496155,0.7089359164237976,-0.01796073652803898,0.525416910648346,0.48476889729499817,-0.09677266329526901,0.3357609510421753,0.5913816094398499,-0.20117434859275818,0.5008896589279175,0.4920508563518524,-0.21783070266246796,0.36859196424484253,0.5111707448959351,-0.29647353291511536,0.49413836002349854,0.5057697892189026,-0.22657443583011627,0.3781527280807495,0.5293020606040955,-0.3006322979927063,0.49154192209243774,0.45698779821395874,-0.30053746700286865,0.3595865070819855,0.4416661858558655,-0.35830792784690857
dbp_600051.jpg,0.43101343512535095,0.5574921369552612,0.23729179799556732,0.4351954758167267,0.5459043979644775,0.26095038652420044,0.4409824013710022,0.544377326965332,0.26091378927230835,0.44662198424339294,0.5471999645233154,0.26069697737693787,0.42604583501815796,0.5491915941238403,0.26191192865371704,0.4218938648700714,0.5503631830215454,0.2620237469673157,0.41842731833457947,0.5507879257202148,0.2620218098163605,0.4572729766368866,0.5584878325462341,0.3420342803001404,0.41212794184684753,0.5650407671928406,0.3543936312198639,0.44010117650032043,0.5623924732208252,0.2645871937274933,0.42472103238105774,0.5649581551551819,0.26723116636276245,0.5020208954811096,0.5659402012825012,0.3151763379573822,0.38332831859588623,0.6027778387069702,0.34129855036735535,0.5452176928520203,0.4192976653575897,0.27179181575775146,0.32219091057777405,0.49494674801826477,0.3903453052043915,0.5439354777336121,0.2574124336242676,0.21581313014030457,0.3125545382499695,0.3290776014328003,0.4767926335334778,0.543312132358551,0.22882461547851562,0.2011965811252594,0.31104931235313416,0.2976800799369812,0.4751904308795929,0.5378980040550232,0.22735676169395447,0.1915886253118515,0.3104857802391052,0.2953380048274994,0.4919135272502899,0.5346921682357788,0.23708218336105347,0.2091245800256729,0.315324604511261,0.3051951825618744,0.48250046372413635,0.49446237087249756,0.6629434823989868,0.010907269082963467,0.41626062989234924,0.6857895851135254,-0.01141023077070713,0.5332233309745789,0.4694685935974121,-0.22545066475868225,0.32395416498184204,0.5390764474868774,-0.2093268483877182,0.5279805064201355,0.33353251218795776,-0.45063063502311707,0.31645822525024414,0.33512166142463684,-0.4557602107524872,0.5217219591140747,0.30091622471809387,-0.4742850065231323,0.32114022970199585,0.32192182540893555,-0.4814784824848175,0.5164698362350464,0.2646041512489319,-0.5798578262329102,0.29947397112846375,0.2917007803916931,-0.5980924963951111
dbp_600061.jpg,0.43796366453170776,0.5518098473548889,-0.3865637183189392,0.44008520245552063,0.5412247180938721,-0.3938466012477875,0.4440386891365051,0.5408672094345093,-0.3939255475997925,0.4474545121192932,0.5412114262580872,-0.394256055355072,0.43037059903144836,0.5426170825958252,-0.40765759348869324,0.42627397179603577,0.5430437922477722,-0.40767064690589905,0.422587126493454,0.5433638691902161,-0.4077080488204956,0.45685094594955444,0.5402549505233765,-0.3436618149280548,0.41510820388793945,0.5472201108932495,-0.4011468291282654,0.44040820002555847,0.5574884414672852,-0.35343265533447266,0.4303986728191376,0.5588589310646057,-0.3711145222187042,0.4926714301109314,0.5338696241378784,-0.23234869539737701,0.37791284918785095,0.5612856149673462,-0.33084458112716675,0.5451706051826477,0.38651043176651,-0.21401402354240417,0.3362138867378235,0.43504706025123596,-0.31619104743003845,0.5452670454978943,0.22480162978172302,-0.2736313045024872,0.31327882409095764,0.2805202603340149,-0.324489951133728,0.5435127019882202,0.19415302574634552,-0.2888345420360565,0.2968057692050934,0.24909482896327972,-0.35633209347724915,0.5401912331581116,0.18969660997390747,-0.30929070711135864,0.2992923855781555,0.2517016530036926,-0.36087653040885925,0.5388659834861755,0.19819298386573792,-0.28387004137039185,0.3086049258708954,0.259856253862381,-0.3288155496120453,0.49490025639533997,0.6419118046760559,0.03306607902050018,0.41621842980384827,0.664339005947113,-0.03341105952858925,0.5336352586746216,0.43665242195129395,-0.12406516820192337,0.34564894437789917,0.4627044200897217,-0.11011755466461182,0.5725401639938354,0.4006257653236389,-0.3028186857700348,0.3250124752521515,0.28091779351234436,-0.14903214573860168,0.5800990462303162,0.39437273144721985,-0.2828740179538727,0.33198413252830505,0.2745410203933716,-0.14944811165332794,0.5680400133132935,0.3454616665840149,-0.24818868935108185,0.30147784948349,0.2192574441432953,-0.25091752409935
dbp_600071.jpg,0.47038623690605164,0.5272141695022583,0.5985491275787354,0.47957172989845276,0.5244283676147461,0.6366716623306274,0.487032026052475,0.5219172835350037,0.636713445186615,0.49109089374542236,0.524724006652832,0.6365475058555603,0.46916627883911133,0.5285847783088684,0.6325615644454956,0.46523427963256836,0.5304132699966431,0.6327555775642395,0.45828014612197876,0.5323981642723083,0.6327734589576721,0.4955352544784546,0.5270787477493286,0.7166921496391296,0.4490213394165039,0.5274280309677124,0.7000797986984253,0.47141411900520325,0.5377225279808044,0.6192055940628052,0.4623747169971466,0.5350803136825562,0.6130834817886353,0.5269091725349426,0.5518643856048584,0.618914008140564,0.3996317982673645,0.5560497045516968,0.6179035902023315,0.5435835719108582,0.3989308178424835,0.5504245162010193,0.37965571880340576,0.43167808651924133,0.6247842311859131,0.5481706857681274,0.23218414187431335,0.510331928730011,0.36002466082572937,0.2811652421951294,0.7158178091049194,0.5468748211860657,0.1955944448709488,0.4972524046897888,0.3508535325527191,0.24417220056056976,0.7211495637893677,0.5434163212776184,0.18532714247703552,0.5044156908988953,0.35389244556427,0.2436879426240921,0.7369009256362915,0.5401690602302551,0.19759736955165863,0.5101560950279236,0.35926228761672974,0.2509964108467102,0.7211083769798279,0.5264020562171936,0.6633661985397339,0.027514895424246788,0.4219302535057068,0.6613283753395081,-0.027925657108426094,0.5968754887580872,0.44004639983177185,-0.2703329920768738,0.3430737853050232,0.48745906352996826,-0.2663859724998474,0.705160915851593,0.46395230293273926,-0.6298728585243225,0.3367927372455597,0.32649949193000793,-0.6234540343284607,0.7171087861061096,0.48679840564727783,-0.6664783358573914,0.34647634625434875,0.33705031871795654,-0.6541246771812439,0.7290977835655212,0.3951447904109955,-0.8012712001800537,0.3088979721069336,0.2153855413198471,-0.7838631272315979
dbp_600081.jpg,0.47222408652305603,0.5084272027015686,0.7234310507774353,0.48167046904563904,0.5079956650733948,0.7820179462432861,0.48619163036346436,0.5073214173316956,0.7821359634399414,0.4895160496234894,0.5072314143180847,0.7819966673851013,0.47089239954948425,0.5126052498817444,0.7761627435684204,0.46800947189331055,0.5147427320480347,0.7763074636459351,0.4624457061290741,0.5175608992576599,0.7762117385864258,0.4991704225540161,0.5172249674797058,0.9250879287719727,0.4491054117679596,0.5258998274803162,0.8991402387619019,0.48035702109336853,0.5193586349487305,0.7604061365127563,0.46531882882118225,0.5260880589485168,0.7516630291938782,0.5456522703170776,0.5642418265342712,0.8163920640945435,0.40501290559768677,0.5680822730064392,0.7236481308937073,0.5666288733482361,0.4242224097251892,0.7354482412338257,0.3762548565864563,0.4468253552913666,0.5263950228691101,0.5507844090461731,0.23790185153484344,0.722429096698761,0.3822992444038391,0.25186455249786377,0.49066779017448425,0.5500184297561646,0.19898037612438202,0.6981492638587952,0.3763004541397095,0.21073882281780243,0.45799317955970764,0.543783962726593,0.19215703010559082,0.7029092907905579,0.383541077375412,0.2086217850446701,0.4744853675365448,0.5458120703697205,0.20242394506931305,0.7179246544837952,0.38968101143836975,0.2165941596031189,0.48985275626182556,0.5484249591827393,0.6769006848335266,0.03699878603219986,0.4251703917980194,0.6698359847068787,-0.037750061601400375,0.6202571392059326,0.4717549979686737,-0.3030734062194824,0.3528371751308441,0.4685438871383667,-0.2969824969768524,0.6781297326087952,0.357008159160614,-0.693388819694519,0.34190401434898376,0.30171480774879456,-0.6651328206062317,0.6821811199188232,0.3620850741863251,-0.7408888936042786,0.34807711839675903,0.29869890213012695,-0.7073380947113037,0.6909416317939758,0.2687627077102661,-0.9338245391845703,0.30620571970939636,0.20224298536777496,-0.8734198808670044
dbp_600091.jpg,0.4765894114971161,0.5173571705818176,0.739530622959137,0.4879905581474304,0.5140961408615112,0.793858528137207,0.4922381639480591,0.512765645980835,0.7940320372581482,0.49575453996658325,0.5118124485015869,0.79392009973526,0.47478577494621277,0.520791232585907,0.7843641638755798,0.47121933102607727,0.5201869010925293,0.7844950556755066,0.46484556794166565,0.5231464505195618,0.7843026518821716,0.5033469200134277,0.5250758528709412,0.9233769774436951,0.45520642399787903,0.5354593396186829,0.8790705800056458,0.4863775968551636,0.5407677292823792,0.7714558243751526,0.4734329581260681,0.5404971837997437,0.7573455572128296,0.5468156933784485,0.5699266791343689,0.8004656434059143,0.40672218799591064,0.5738648772239685,0.7040368914604187,0.575141966342926,0.4291430115699768,0.7096827030181885,0.37155041098594666,0.4559275209903717,0.4474872350692749,0.5517269968986511,0.23997627198696136,0.6645454168319702,0.3698120713233948,0.29201623797416687,0.3745708465576172,0.5534265637397766,0.20105554163455963,0.6332944631576538,0.3655391335487366,0.25373202562332153,0.34559857845306396,0.5471044182777405,0.19417668879032135,0.6486552953720093,0.3708462417125702,0.25300896167755127,0.36127275228500366,0.5475389361381531,0.2124115228652954,0.6624749302864075,0.37607282400131226,0.25966668128967285,0.3734132945537567,0.5500593185424805,0.6826633214950562,0.04599027335643768,0.42687663435935974,0.6754801869392395,-0.046684250235557556,0.6253976821899414,0.48099619150161743,-0.4146425426006317,0.3675025403499603,0.4884929955005646,-0.40137866139411926,0.6724970936775208,0.3568759560585022,-0.9621378779411316,0.33293142914772034,0.3309405744075775,-0.9264203906059265,0.677618682384491,0.3665694296360016,-1.0294368267059326,0.3363150358200073,0.33767130970954895,-0.9866240620613098,0.6714246273040771,0.25546157360076904,-1.2344810962677002,0.2915935814380646,0.2060043066740036,-1.1571472883224487
dbp_600101.jpg,0.4776630103588104,0.5060751438140869,0.7934218645095825,0.48600390553474426,0.5010262131690979,0.8551004528999329,0.4896754324436188,0.5007550716400146,0.8553484678268433,0.4928308129310608,0.5007873177528381,0.8552176356315613,0.4729856550693512,0.500495970249176,0.8438042998313904,0.47056838870048523,0.5021897554397583,0.843739926815033,0.460309773683548,0.5146116018295288,0.8436536192893982,0.5031061768531799,0.5102580785751343,0.9961149096488953,0.45058682560920715,0.5290729999542236,0.950047492980957,0.48438483476638794,0.5311473608016968,0.8308591246604919,0.4705462157726288,0.5314462780952454,0.8157690763473511,0.5483474731445312,0.575160562992096,0.8695868253707886,0.40659448504447937,0.5736706852912903,0.7818120718002319,0.5712059140205383,0.42934471368789673,0.7709788084030151,0.37041616439819336,0.46270009875297546,0.6421615481376648,0.5519710183143616,0.23946058750152588,0.6925795674324036,0.36474359035491943,0.2920146584510803,0.7228650450706482,0.55387282371521,0.1937900334596634,0.6605160236358643,0.3632873594760895,0.24751898646354675,0.7104008197784424,0.5482099652290344,0.1904056817293167,0.6678194403648376,0.3672977685928345,0.24661941826343536,0.7303965091705322,0.5484703183174133,0.20725439488887787,0.6871988773345947,0.37032201886177063,0.25629788637161255,0.7287079095840454,0.5616447329521179,0.6973656415939331,0.0441107340157032,0.44275739789009094,0.6882810592651367,-0.044855691492557526,0.6717990040779114,0.5229474306106567,-0.43998685479164124,0.36583107709884644,0.5192978382110596,-0.40813302993774414,0.673045814037323,0.5264454483985901,-0.9326700568199158,0.3177235424518585,0.3518219292163849,-0.9318544864654541,0.6643691658973694,0.5500139594078064,-0.9907850027084351,0.32088905572891235,0.3631109893321991,-0.9858729243278503,0.6741562485694885,0.4648696482181549,-1.1848217248916626,0.2733323872089386,0.2211848646402359,-1.1449909210205078
dbp_600111.jpg,0.4779660403728485,0.5124694108963013,0.5773809552192688,0.48909425735473633,0.5052603483200073,0.6187835931777954,0.4927314221858978,0.5049033164978027,0.618810772895813,0.495998352766037,0.504601776599884,0.6185782551765442,0.47706714272499084,0.505742609500885,0.6128286123275757,0.47507622838020325,0.5075962543487549,0.6129392385482788,0.46444275975227356,0.5164427757263184,0.6128627061843872,0.5047188401222229,0.5171647667884827,0.7148407101631165,0.4527210295200348,0.5327208042144775,0.6914207935333252,0.4847160875797272,0.5361968874931335,0.6022977828979492,0.47276782989501953,0.5343208909034729,0.5943617224693298,0.5453867316246033,0.5805943012237549,0.6274321675300598,0.40607750415802,0.5783014297485352,0.5837592482566833,0.555644154548645,0.4226771593093872,0.5311195254325867,0.3736279308795929,0.4686891734600067,0.5766533613204956,0.552290678024292,0.23527316749095917,0.4603898227214813,0.38302481174468994,0.3005569577217102,0.6794825196266174,0.5568631291389465,0.19497554004192352,0.42714232206344604,0.3806789517402649,0.2629106640815735,0.6769222617149353,0.5510154366493225,0.18892139196395874,0.4339783787727356,0.3852923810482025,0.2570618689060211,0.6850967407226562,0.5519078969955444,0.20540311932563782,0.4558921754360199,0.38839977979660034,0.26391538977622986,0.6804909110069275,0.5536444783210754,0.698110818862915,0.042074382305145264,0.4325222074985504,0.6882829070091248,-0.042710427194833755,0.6412125825881958,0.47283944487571716,-0.30237677693367004,0.3471757471561432,0.5295355916023254,-0.2833039164543152,0.669821560382843,0.3100064992904663,-0.6017844676971436,0.2989659309387207,0.3540526330471039,-0.5817022919654846,0.6766504645347595,0.3097430467605591,-0.6343734264373779,0.301887571811676,0.35530659556388855,-0.6094347834587097,0.6734820604324341,0.22072464227676392,-0.7823777794837952,0.252142071723938,0.25482243299484253,-0.7361164093017578
dbp_600121.jpg,0.48862341046333313,0.5127567052841187,0.691035807132721,0.49893760681152344,0.5033963322639465,0.7432439923286438,0.5015988945960999,0.5023812055587769,0.743413507938385,0.5040322542190552,0.5013925433158875,0.7432802319526672,0.48756933212280273,0.5072190165519714,0.7352257370948792,0.4813598692417145,0.509804904460907,0.7352028489112854,0.4779035449028015,0.5129647254943848,0.7350444197654724,0.5065343976020813,0.5292111039161682,0.8680811524391174,0.46025338768959045,0.5335031151771545,0.8360861539840698,0.49695417284965515,0.5298116207122803,0.7237422466278076,0.4847593307495117,0.5401459336280823,0.7131005525588989,0.554238498210907,0.5833394527435303,0.743290364742279,0.4096389710903168,0.5750514268875122,0.7014836072921753,0.5590551495552063,0.4349744915962219,0.5997697114944458,0.3690914213657379,0.4668830335140228,0.6221738457679749,0.5634070634841919,0.2440500259399414,0.4690760672092438,0.38065004348754883,0.2911739647388458,0.7466822266578674,0.5659645795822144,0.19843938946723938,0.42451491951942444,0.37305065989494324,0.24926279485225677,0.7395959496498108,0.558172345161438,0.1922445148229599,0.4267147183418274,0.3784218728542328,0.24285270273685455,0.7565027475357056,0.5613352060317993,0.21019405126571655,0.45976316928863525,0.3601497411727905,0.2637551426887512,0.7503729462623596,0.5619792342185974,0.7070853114128113,0.039016857743263245,0.4568400979042053,0.6892672777175903,-0.0396072193980217,0.6296468377113342,0.49825194478034973,-0.5167008638381958,0.3791954815387726,0.5291663408279419,-0.5338080525398254,0.6655065417289734,0.3126091957092285,-1.093321681022644,0.30719736218452454,0.3718004822731018,-1.0960172414779663,0.6732425093650818,0.34094080328941345,-1.1627298593521118,0.3059530258178711,0.38064274191856384,-1.1595021486282349,0.6523749232292175,0.30323657393455505,-1.386191725730896,0.2553839087486267,0.25939929485321045,-1.3622807264328003
dbp_600131.jpg,0.48311060667037964,0.5112568140029907,0.5830553770065308,0.4925624430179596,0.5054413676261902,0.6327710747718811,0.49570363759994507,0.503800094127655,0.6328198313713074,0.5012922883033752,0.505721390247345,0.6326228380203247,0.48101183772087097,0.513464629650116,0.6209263205528259,0.4759313762187958,0.5140912532806396,0.6210106015205383,0.4716135859489441,0.5148670673370361,0.6208803057670593,0.5037493705749512,0.5196263790130615,0.7588796615600586,0.4568192660808563,0.5321908593177795,0.7059829235076904,0.49106690287590027,0.5359223484992981,0.6175107955932617,0.47877389192581177,0.5375059247016907,0.6009981632232666,0.5498026013374329,0.5841942429542542,0.6803192496299744,0.4040125608444214,0.5799111723899841,0.5714361667633057,0.5577769875526428,0.4265079200267792,0.5730860829353333,0.3767232894897461,0.470035582780838,0.38119256496429443,0.56988525390625,0.23442670702934265,0.5009229183197021,0.39636197686195374,0.2895503044128418,0.33795249462127686,0.5736591815948486,0.1958920955657959,0.46551984548568726,0.38959628343582153,0.24613280594348907,0.30334851145744324,0.5639934539794922,0.19136738777160645,0.4726352095603943,0.39727720618247986,0.2447325587272644,0.32187092304229736,0.564007043838501,0.20874182879924774,0.49548640847206116,0.40145912766456604,0.2555374503135681,0.33752670884132385,0.5399378538131714,0.7070432901382446,0.05921144783496857,0.43087053298950195,0.6895697712898254,-0.05993248522281647,0.6234528422355652,0.46263593435287476,-0.4046960771083832,0.3642723262310028,0.5263685584068298,-0.3906962275505066,0.6527612209320068,0.3053843080997467,-0.7622928619384766,0.3033793568611145,0.34762096405029297,-0.7372304797172546,0.6547605395317078,0.30944034457206726,-0.8039571642875671,0.30546316504478455,0.347518652677536,-0.7728843688964844,0.6490103006362915,0.2164492905139923,-0.9526719450950623,0.24999675154685974,0.24474811553955078,-0.9356721043586731
dbp_600141.jpg,0.48053547739982605,0.500476598739624,0.6748130321502686,0.48945263028144836,0.5008180737495422,0.7269421815872192,0.49276086688041687,0.500588595867157,0.7270448207855225,0.4978766441345215,0.5012075304985046,0.7268561720848083,0.4785161316394806,0.5011125206947327,0.7219842672348022,0.4679499864578247,0.5085837244987488,0.7221251130104065,0.4644889831542969,0.508206307888031,0.7220469117164612,0.5025990009307861,0.5164673924446106,0.8487219214439392,0.45182380080223083,0.5251324772834778,0.8292309641838074,0.4887179136276245,0.5145666599273682,0.7065942287445068,0.47761401534080505,0.5187613368034363,0.6995761394500732,0.5467487573623657,0.5750223994255066,0.7394475340843201,0.39125388860702515,0.5689204931259155,0.7107847332954407,0.5529817342758179,0.4220190644264221,0.6409057974815369,0.3636568486690521,0.4592477083206177,0.6492124795913696,0.5689046382904053,0.22829672694206238,0.5942739844322205,0.3479805886745453,0.27733945846557617,0.6941805481910706,0.5711795687675476,0.1935512274503708,0.5699678063392639,0.34079834818840027,0.26193761825561523,0.6877397894859314,0.5628541111946106,0.18798169493675232,0.5764755606651306,0.34764528274536133,0.257267028093338,0.6949025988578796,0.5631236433982849,0.20369474589824677,0.5904830098152161,0.35238224267959595,0.2645985186100006,0.6930862069129944,0.5270766019821167,0.7007919549942017,0.03796560317277908,0.4190216064453125,0.6859728693962097,-0.03912635147571564,0.5984751582145691,0.4498092234134674,-0.3015212416648865,0.3473750054836273,0.4892667233943939,-0.29163500666618347,0.6464436054229736,0.28740671277046204,-0.7055293321609497,0.30962979793548584,0.31377142667770386,-0.6839060187339783,0.6484200358390808,0.2880951464176178,-0.7360106110572815,0.3147062361240387,0.3130943179130554,-0.7117465138435364,0.6504049897193909,0.1927398443222046,-0.8889715671539307,0.2657477557659149,0.2165008783340454,-0.8604663014411926
dbp_600151.jpg,0.47884437441825867,0.5072993636131287,0.727830708026886,0.4887695908546448,0.5059069991111755,0.7844631671905518,0.49255749583244324,0.5053247809410095,0.7845832109451294,0.4999602437019348,0.5073940753936768,0.7844097018241882,0.47789841890335083,0.5086708664894104,0.7739770412445068,0.4709395468235016,0.5118382573127747,0.7741336226463318,0.46736449003219604,0.5116577744483948,0.7740651369094849,0.5045129060745239,0.522682249546051,0.9244685769081116,0.45507532358169556,0.528862714767456,0.8763675093650818,0.48859700560569763,0.5253288149833679,0.76386958360672,0.4775288701057434,0.5266240239143372,0.7490047216415405,0.5446950197219849,0.576824426651001,0.8193620443344116,0.39172524213790894,0.5742910504341125,0.7299946546554565,0.5594903230667114,0.4297449290752411,0.7277360558509827,0.36464399099349976,0.45561400055885315,0.5449310541152954,0.5709162354469299,0.23946721851825714,0.6648577451705933,0.360018789768219,0.28814247250556946,0.5865293145179749,0.5709100365638733,0.2018112987279892,0.6306421160697937,0.3535741865634918,0.25801175832748413,0.5718126893043518,0.5635233521461487,0.19373470544815063,0.6391872763633728,0.36040762066841125,0.2560102641582489,0.5893000960350037,0.5657166242599487,0.21140088140964508,0.6604674458503723,0.3670709431171417,0.26153019070625305,0.6166167855262756,0.5306792855262756,0.6971506476402283,0.04146343842148781,0.4235087037086487,0.6827659010887146,-0.042573705315589905,0.6117737889289856,0.4586419463157654,-0.3739670217037201,0.35019931197166443,0.498010516166687,-0.3590395152568817,0.6862919926643372,0.32639721035957336,-0.83782958984375,0.3046276867389679,0.31511276960372925,-0.8003234267234802,0.6913252472877502,0.3340620994567871,-0.8929042220115662,0.30529919266700745,0.31629765033721924,-0.8497522473335266,0.7053492665290833,0.22661630809307098,-1.0929148197174072,0.26316776871681213,0.1996074616909027,-1.0265897512435913
dbp_600161.jpg,0.4843423664569855,0.5084484219551086,0.7417857050895691,0.4935590326786041,0.5063624978065491,0.801697313785553,0.5026829242706299,0.5110437870025635,0.8018971085548401,0.5029047727584839,0.5060064792633057,0.8017016649246216,0.48731356859207153,0.5126545429229736,0.7867077589035034,0.48271092772483826,0.5157647728919983,0.7867881059646606,0.47910627722740173,0.5164256691932678,0.7868192791938782,0.5087879300117493,0.5301128029823303,0.9511392116546631,0.46760252118110657,0.5329770445823669,0.8826062083244324,0.4990675747394562,0.5302130579948425,0.7812532186508179,0.48819243907928467,0.5320118069648743,0.7602967023849487,0.5523663759231567,0.5863921046257019,0.8558582067489624,0.412061870098114,0.5775671005249023,0.7040050625801086,0.5762404799461365,0.4331654906272888,0.7996655106544495,0.39421546459198,0.451224684715271,0.5225266814231873,0.5712810158729553,0.2370947301387787,0.7931175827980042,0.42664358019828796,0.25281327962875366,0.5562646389007568,0.5714762806892395,0.19931937754154205,0.75516676902771,0.42134350538253784,0.21086451411247253,0.5267379283905029,0.5651320815086365,0.19462068378925323,0.7697038054466248,0.4282257854938507,0.2155863642692566,0.5388391613960266,0.5655480027198792,0.21131907403469086,0.790505051612854,0.43611568212509155,0.2236901819705963,0.5580435395240784,0.546937882900238,0.6962527632713318,0.053180694580078125,0.42693376541137695,0.678226888179779,-0.053919900208711624,0.6540557742118835,0.5067688226699829,-0.4233940839767456,0.3711654543876648,0.5069783329963684,-0.4258631467819214,0.7454704642295837,0.39737582206726074,-0.8843622803688049,0.30939874053001404,0.31161877512931824,-0.8512473702430725,0.7510462999343872,0.4123503863811493,-0.9378777146339417,0.31305772066116333,0.31184789538383484,-0.8955526351928711,0.7788207530975342,0.2697652280330658,-1.147822618484497,0.27388420701026917,0.20096568763256073,-1.0699313879013062
dbp_600171.jpg,0.48257601261138916,0.5098869204521179,0.7191215753555298,0.49265429377555847,0.5073385238647461,0.770250141620636,0.49963176250457764,0.5113601088523865,0.7704986333847046,0.5013659000396729,0.5082299709320068,0.7702546715736389,0.4838559329509735,0.5131440758705139,0.76724773645401,0.46892049908638,0.5177328586578369,0.7671464681625366,0.4652911424636841,0.5190489292144775,0.7670652866363525,0.5122655630111694,0.5261473059654236,0.8764790892601013,0.4564385712146759,0.5342257618904114,0.8687602877616882,0.4896736443042755,0.5331788063049316,0.7430019378662109,0.47598934173583984,0.5346989631652832,0.7391569018363953,0.5547019243240356,0.5832692384719849,0.7413774728775024,0.4069717824459076,0.5790388584136963,0.7254832983016968,0.5739008188247681,0.43448498845100403,0.6814395785331726,0.36203262209892273,0.4581356942653656,0.6369736194610596,0.5677476525306702,0.24307015538215637,0.4905271828174591,0.34402722120285034,0.2778407335281372,0.6792281270027161,0.5684172511100769,0.20704816281795502,0.4412085711956024,0.32984331250190735,0.23981818556785583,0.6634894013404846,0.5613164305686951,0.20072245597839355,0.4447830617427826,0.33436957001686096,0.23662272095680237,0.6767844557762146,0.5597502589225769,0.2165960967540741,0.4813643991947174,0.3481312692165375,0.2490139603614807,0.6790556311607361,0.5510880947113037,0.6966912150382996,0.03878467157483101,0.43538862466812134,0.6818326115608215,-0.03967743739485741,0.6595132946968079,0.49753740429878235,-0.3270174264907837,0.33820852637290955,0.5089437365531921,-0.3168680965900421,0.6997215747833252,0.4266628623008728,-0.6902326345443726,0.2726321220397949,0.33171340823173523,-0.6825359463691711,0.7032797932624817,0.4336797893047333,-0.7307641506195068,0.27331703901290894,0.330507755279541,-0.7169189453125,0.7159534692764282,0.37308910489082336,-0.918988049030304,0.23073594272136688,0.22668634355068207,-0.870346188545227
dbp_600181.jpg,0.4737645089626312,0.5166428685188293,0.6534737944602966,0.4794005751609802,0.5129684209823608,0.7033064365386963,0.49881604313850403,0.5094045400619507,0.7034593224525452,0.5003911256790161,0.5095012187957764,0.7032271027565002,0.4644930064678192,0.5143319964408875,0.6973900198936462,0.45709672570228577,0.5187607407569885,0.6974035501480103,0.45296046137809753,0.5205113887786865,0.6973000764846802,0.5101384520530701,0.5231988430023193,0.8190830945968628,0.44562849402427673,0.5360956192016602,0.8001657128334045,0.483212947845459,0.5344778299331665,0.6830171346664429,0.46717968583106995,0.53568434715271,0.6753162145614624,0.5517550706863403,0.5819635391235352,0.7096037268638611,0.4055866599082947,0.5778042674064636,0.6624550223350525,0.5717338919639587,0.43046197295188904,0.6290302872657776,0.3538052439689636,0.4638916552066803,0.5563591122627258,0.5605411529541016,0.24301709234714508,0.4744642376899719,0.31996047496795654,0.2874460816383362,0.5828346014022827,0.568976640701294,0.207145556807518,0.43845537304878235,0.3088172674179077,0.2494235783815384,0.5656083226203918,0.5603373646736145,0.20016123354434967,0.43854108452796936,0.3148695230484009,0.24617882072925568,0.5783424973487854,0.557345449924469,0.21362213790416718,0.46553894877433777,0.3189513087272644,0.25543856620788574,0.5826588273048401,0.550840437412262,0.7036352753639221,0.04027031734585762,0.43909475207328796,0.6926025152206421,-0.04119817912578583,0.6481907963752747,0.5091046094894409,-0.17049428820610046,0.340181827545166,0.511296272277832,-0.1979568898677826,0.6743574142456055,0.5079141855239868,-0.42588040232658386,0.29043611884117126,0.3382711708545685,-0.45210444927215576,0.6632679104804993,0.5219922661781311,-0.4547168016433716,0.29123660922050476,0.3356207311153412,-0.4748656153678894,0.6779278516769409,0.48092398047447205,-0.5970267057418823,0.24857188761234283,0.25223225355148315,-0.5989771485328674
dbp_600191.jpg,0.4750489592552185,0.5101137161254883,0.9229238629341125,0.48408424854278564,0.5061452388763428,0.9760333299636841,0.4995671510696411,0.5036611557006836,0.9765434265136719,0.502853274345398,0.5036168694496155,0.9762789607048035,0.46793076395988464,0.5089645385742188,0.967854380607605,0.4647795855998993,0.5118222832679749,0.9676368832588196,0.4537167251110077,0.5171475410461426,0.9678281545639038,0.5180874466896057,0.5130279660224915,1.0948669910430908,0.445820152759552,0.5337677597999573,1.0624146461486816,0.4843635559082031,0.521506130695343,0.9524767398834229,0.4674726724624634,0.5245901942253113,0.9414896368980408,0.5558251738548279,0.5701820850372314,0.9559356570243835,0.4099198281764984,0.5705739259719849,0.8988304138183594,0.5708503127098083,0.423496276140213,0.8924081921577454,0.35555747151374817,0.4670732617378235,0.8105038404464722,0.5610896944999695,0.24047048389911652,0.780640721321106,0.3229115307331085,0.2923794090747833,0.8070208430290222,0.5691402554512024,0.20322346687316895,0.7449795007705688,0.3133145272731781,0.2548222541809082,0.784286618232727,0.5606489777565002,0.19838371872901917,0.746916651725769,0.32071003317832947,0.24963945150375366,0.7867068648338318,0.5574456453323364,0.21362468600273132,0.7747675776481628,0.3271021246910095,0.2593080699443817,0.8051618337631226,0.5752366781234741,0.6932941675186157,0.04905339330434799,0.4500291645526886,0.6894893646240234,-0.04980624467134476,0.7485187649726868,0.5409817099571228,-0.24687299132347107,0.31782859563827515,0.5182453393936157,-0.2566278278827667,0.800134003162384,0.7400354146957397,-0.7069921493530273,0.2976270318031311,0.3633457124233246,-0.571304202079773,0.7871075868606567,0.7858575582504272,-0.7573455572128296,0.2929964065551758,0.3711486756801605,-0.5974340438842773,0.8362045288085938,0.7588175535202026,-0.9307159185409546,0.2745349109172821,0.2666396200656891,-0.719996452331543
dbp_600201.jpg,0.4773378372192383,0.5063990950584412,1.0161235332489014,0.48938214778900146,0.501607358455658,1.070029377937317,0.49991872906684875,0.4995846152305603,1.070569634437561,0.5046366453170776,0.498771995306015,1.0701863765716553,0.47376206517219543,0.5059506893157959,1.0533831119537354,0.4706418216228485,0.5075899362564087,1.0531264543533325,0.4641503691673279,0.510222852230072,1.0532792806625366,0.5194584131240845,0.5108717679977417,1.1659237146377563,0.4546765685081482,0.5304540991783142,1.097483515739441,0.4894660413265228,0.5096412301063538,1.0343397855758667,0.4795283079147339,0.5143042802810669,1.0123275518417358,0.5599014759063721,0.5722141861915588,0.9924399256706238,0.42130687832832336,0.5677068829536438,0.8634784817695618,0.5948591828346252,0.44412121176719666,0.8820504546165466,0.35660308599472046,0.4569956362247467,0.6965940594673157,0.5686867237091064,0.2322765588760376,0.7379283905029297,0.326598197221756,0.2765204608440399,0.6591160893440247,0.5795273184776306,0.19694297015666962,0.6948254704475403,0.31819403171539307,0.2456134855747223,0.6310561299324036,0.5667482614517212,0.19445094466209412,0.6941273212432861,0.32707223296165466,0.23927579820156097,0.6392843127250671,0.5627066493034363,0.20885127782821655,0.7278470396995544,0.3326534330844879,0.24775750935077667,0.6571316123008728,0.5801734328269958,0.6914664506912231,0.06338129937648773,0.4496290981769562,0.6796753406524658,-0.06400647759437561,0.7634852528572083,0.5699425935745239,-0.3376019597053528,0.3236675262451172,0.5110980868339539,-0.3766043782234192,0.8507886528968811,0.7768600583076477,-0.8808562755584717,0.29337024688720703,0.3344893753528595,-0.8445188999176025,0.8418386578559875,0.8210592269897461,-0.9450296759605408,0.2930760979652405,0.33934590220451355,-0.8898528814315796,0.9039970636367798,0.7991893291473389,-1.1622759103775024,0.2748216390609741,0.2231675535440445,-1.0705983638763428
dbp_600211.jpg,0.49202391505241394,0.5045653581619263,0.9614067673683167,0.503839373588562,0.49762311577796936,1.0129255056381226,0.5144385695457458,0.49870771169662476,1.0133312940597534,0.5208487510681152,0.49846309423446655,1.012966513633728,0.4877820909023285,0.5004810094833374,1.0030685663223267,0.48543232679367065,0.5022054314613342,1.00295889377594,0.47914838790893555,0.5090206861495972,1.003049373626709,0.5336195826530457,0.5112249255180359,1.1276147365570068,0.4710405468940735,0.5249631404876709,1.090025544166565,0.5093944072723389,0.5158017873764038,0.9889563322067261,0.4927482008934021,0.5189518928527832,0.9758169651031494,0.5847730040550232,0.5735811591148376,0.9947783946990967,0.43199825286865234,0.5603818297386169,0.8779472708702087,0.636858344078064,0.4713912904262543,0.900297224521637,0.36386141180992126,0.46095550060272217,0.7854101657867432,0.589728593826294,0.23654931783676147,0.7346466779708862,0.3312830626964569,0.2825310230255127,0.7633394598960876,0.6099516153335571,0.197207510471344,0.6991293430328369,0.32174113392829895,0.2488158494234085,0.7400510907173157,0.5915741324424744,0.19261908531188965,0.7010634541511536,0.3312563896179199,0.2442808300256729,0.7425965666770935,0.5806881189346313,0.20777751505374908,0.7280094623565674,0.3372277617454529,0.2533175051212311,0.7625558376312256,0.6019992828369141,0.6883312463760376,0.08375436812639236,0.472536563873291,0.6817566752433777,-0.08431034535169601,0.8113448619842529,0.5501682758331299,-0.35625025629997253,0.36512672901153564,0.497759073972702,-0.39019978046417236,0.9086077213287354,0.8292575478553772,-0.9524968862533569,0.373848021030426,0.4279942512512207,-0.7720763683319092,0.8984317779541016,0.9054474830627441,-1.0157806873321533,0.37703508138656616,0.441139817237854,-0.7950299978256226,0.9661540985107422,0.8987922668457031,-1.2260565757751465,0.38381391763687134,0.38060811161994934,-0.8444609045982361
dbp_600221.jpg,0.4915628135204315,0.5100892782211304,1.107692003250122,0.5056188702583313,0.5064303278923035,1.1625797748565674,0.5130404829978943,0.5069251656532288,1.1630445718765259,0.5187246203422546,0.5072190761566162,1.1626226902008057,0.4902993142604828,0.5062392950057983,1.1489243507385254,0.4860709011554718,0.5093162059783936,1.1487796306610107,0.47817376255989075,0.5175446271896362,1.1488821506500244,0.5330106019973755,0.5184869170188904,1.2800041437149048,0.46921107172966003,0.5305435061454773,1.2244242429733276,0.510164201259613,0.5281342267990112,1.1343708038330078,0.490670770406723,0.5279085636138916,1.1155704259872437,0.5878841876983643,0.5755375027656555,1.1278713941574097,0.42715972661972046,0.5796458125114441,0.9644675850868225,0.6476548314094543,0.4799502491950989,1.0400513410568237,0.3645433485507965,0.46166929602622986,0.8536216020584106,0.5867999196052551,0.23780591785907745,0.9069355130195618,0.3333036005496979,0.28578755259513855,0.8420203328132629,0.6066948175430298,0.19678591191768646,0.8761349320411682,0.3246092200279236,0.2514244616031647,0.8154408931732178,0.5889352560043335,0.19096240401268005,0.8862960934638977,0.3324470520019531,0.24483871459960938,0.8305671811103821,0.579479992389679,0.20722509920597076,0.9035485982894897,0.3398361802101135,0.25399476289749146,0.8461037278175354,0.6075357794761658,0.6877413988113403,0.0885486751794815,0.4747280776500702,0.6847621202468872,-0.0890345647931099,0.8193734884262085,0.5367323756217957,-0.3848208487033844,0.4169761538505554,0.5228005051612854,-0.38512420654296875,0.9227250814437866,0.8129335045814514,-1.0259020328521729,0.4467039406299591,0.5416523218154907,-0.6672837138175964,0.9084621071815491,0.8711477518081665,-1.0953987836837769,0.447341650724411,0.5553106069564819,-0.6770864129066467,0.9895501732826233,0.8774213194847107,-1.3048853874206543,0.47847872972488403,0.5279048085212708,-0.743829607963562
dbp_600231.jpg,0.4993572235107422,0.5107820630073547,0.9509243369102478,0.5081207156181335,0.5061768293380737,1.0081219673156738,0.5129779577255249,0.5062615871429443,1.0085090398788452,0.5194002985954285,0.5059627294540405,1.008190393447876,0.4950565695762634,0.5064721703529358,0.9930824041366577,0.4903102219104767,0.510358452796936,0.9929492473602295,0.48451197147369385,0.5176163911819458,0.9930341839790344,0.5337352156639099,0.5223739147186279,1.1368869543075562,0.4753778576850891,0.5311619639396667,1.0750563144683838,0.5119484066963196,0.5285878777503967,0.9815302491188049,0.5003728270530701,0.5287750959396362,0.9614500403404236,0.592313826084137,0.5782286524772644,1.0090901851654053,0.43497875332832336,0.5789070129394531,0.8459402918815613,0.6604030728340149,0.4913756847381592,0.8794187903404236,0.3696974217891693,0.46206924319267273,0.7307817935943604,0.6128653883934021,0.23946557939052582,0.7375116348266602,0.33473458886146545,0.28765052556991577,0.7042955160140991,0.6762805581092834,0.1984708309173584,0.7297178506851196,0.3250477612018585,0.25139856338500977,0.629758894443512,0.60342937707901,0.1924189031124115,0.8598106503486633,0.33292198181152344,0.24427253007888794,0.6458600163459778,0.6053394675254822,0.20852339267730713,0.7435926198959351,0.3406144678592682,0.25370916724205017,0.7009927034378052,0.6073945760726929,0.7057602405548096,0.10173562169075012,0.47966182231903076,0.7019909024238586,-0.10211181640625,0.8081815838813782,0.539852499961853,-0.3222578167915344,0.4087189733982086,0.5203900933265686,-0.4548083245754242,0.898006796836853,0.8117461204528809,-0.9158304929733276,0.4077070355415344,0.5081759691238403,-0.7846404910087585,0.8840081095695496,0.8666716814041138,-0.9853454828262329,0.40718570351600647,0.5148110389709473,-0.8100860118865967,0.9593258500099182,0.8638797998428345,-1.203356385231018,0.41424933075904846,0.4377290904521942,-0.9290895462036133
dbp_600241.jpg,0.49599963426589966,0.5194925665855408,0.8952404260635376,0.5056966543197632,0.5192967057228088,0.9499313235282898,0.5111426711082458,0.511004626750946,0.950292706489563,0.5169617533683777,0.5101330876350403,0.9500159621238708,0.49267736077308655,0.5157860517501831,0.9365835785865784,0.4885299801826477,0.5189967751502991,0.9364905953407288,0.4823494851589203,0.5252199769020081,0.9365361332893372,0.5305789113044739,0.5265122056007385,1.0774192810058594,0.47191938757896423,0.5373276472091675,1.0228326320648193,0.5086606740951538,0.5336290001869202,0.9276813268661499,0.4957679510116577,0.5409941077232361,0.9098219275474548,0.5859267711639404,0.5784204006195068,0.9688926339149475,0.4338211119174957,0.59062260389328,0.8158416748046875,0.6446775197982788,0.49022310972213745,0.8581910729408264,0.3733846843242645,0.4592685401439667,0.7146676182746887,0.6021378040313721,0.24711720645427704,0.6940049529075623,0.33897584676742554,0.2839391827583313,0.6467625498771667,0.6607997417449951,0.20765827596187592,0.6685571074485779,0.3271428942680359,0.24831199645996094,0.5933851599693298,0.5955078601837158,0.19635583460330963,0.7686139941215515,0.33637428283691406,0.23967039585113525,0.5935867428779602,0.5957819819450378,0.21049126982688904,0.6924101710319519,0.34481313824653625,0.2466929703950882,0.6408620476722717,0.6071853637695312,0.715698778629303,0.10557239502668381,0.47825226187705994,0.7129006385803223,-0.10606931149959564,0.8116180896759033,0.5684971809387207,-0.31020838022232056,0.39442136883735657,0.5132842063903809,-0.4281281530857086,0.9021975994110107,0.8179086446762085,-0.9116957187652588,0.3861892819404602,0.4096173644065857,-0.7692995667457581,0.8893919587135315,0.8714479804039001,-0.9802724123001099,0.38945257663726807,0.42322030663490295,-0.7958271503448486,0.9658321142196655,0.8561051487922668,-1.1848561763763428,0.3834005892276764,0.3183366656303406,-0.9141757488250732
dbp_600251.jpg,0.5467916131019592,0.4129767119884491,0.6794900894165039,0.5548620223999023,0.3957725465297699,0.7352496385574341,0.5622479319572449,0.39490389823913574,0.735167384147644,0.5698629021644592,0.39476603269577026,0.7348751425743103,0.5327185988426208,0.39583808183670044,0.7238718867301941,0.5245645642280579,0.39593183994293213,0.7238810062408447,0.5163908004760742,0.3963136374950409,0.7238446474075317,0.5732068419456482,0.4111599922180176,0.9158737063407898,0.4992869198322296,0.41460269689559937,0.8699253797531128,0.5576853156089783,0.4356461465358734,0.7348339557647705,0.5294681787490845,0.43751272559165955,0.7198304533958435,0.625744640827179,0.5101180076599121,0.8484506607055664,0.44424793124198914,0.5300576090812683,0.801484227180481,0.7155961990356445,0.5211789011955261,0.5450275540351868,0.4139191210269928,0.5881144404411316,0.5812847018241882,0.7028371095657349,0.3189665377140045,0.21653679013252258,0.35830074548721313,0.36848682165145874,0.43434688448905945,0.7291952967643738,0.26955994963645935,0.16858559846878052,0.3551901578903198,0.3262175917625427,0.4102631211280823,0.6896829605102539,0.25477924942970276,0.2229110598564148,0.36034801602363586,0.31927332282066345,0.46328210830688477,0.6780612468719482,0.27384549379348755,0.22793449461460114,0.36463043093681335,0.33242759108543396,0.4496023952960968,0.6334733366966248,0.7062561511993408,0.07411129772663116,0.5155765414237976,0.7124619483947754,-0.07480757683515549,0.7888976335525513,0.5592861771583557,-0.33774206042289734,0.576095461845398,0.5549414157867432,-0.5152109265327454,0.9097368121147156,0.8555829524993896,-0.8284207582473755,0.7718743681907654,0.8246297240257263,-0.832463800907135,0.9027107357978821,0.9261283874511719,-0.8854964971542358,0.7807960510253906,0.884428858757019,-0.8593835234642029,0.9843045473098755,0.9033070802688599,-1.1153051853179932,0.8879442811012268,0.858219563961029,-0.9931333661079407
dbp_600261.jpg,0.5480018854141235,0.3756360709667206,0.5431591868400574,0.5584002733230591,0.3562195301055908,0.5593672394752502,0.5654184818267822,0.35442012548446655,0.5593408346176147,0.5724733471870422,0.3527611792087555,0.5589757561683655,0.5380353331565857,0.36378034949302673,0.5589670538902283,0.531233549118042,0.36696863174438477,0.5590717792510986,0.5246121287345886,0.37029320001602173,0.5588908791542053,0.5878134965896606,0.3704122006893158,0.5732699036598206,0.5176500678062439,0.39497047662734985,0.5759660601615906,0.5683912634849548,0.3894028663635254,0.5403265357017517,0.5456560850143433,0.3959506154060364,0.5392487049102783,0.6649462580680847,0.4433266818523407,0.46800118684768677,0.4820410907268524,0.5204487442970276,0.48122307658195496,0.7952250242233276,0.5053125023841858,0.2821861207485199,0.41025596857070923,0.7027909755706787,0.2822001576423645,0.7685535550117493,0.326109915971756,-0.008776174858212471,0.3612740635871887,0.5262677669525146,-0.0035001784563064575,0.7695761322975159,0.2821122407913208,-0.05092755705118179,0.35962149500846863,0.487698495388031,-0.026206620037555695,0.7623834609985352,0.27262911200523376,-0.03576400503516197,0.3640988767147064,0.47486740350723267,-0.011166407726705074,0.7548121213912964,0.28705233335494995,-0.013206718489527702,0.36893850564956665,0.4848647713661194,-0.0036233358550816774,0.6893276572227478,0.6606148481369019,0.02956373803317547,0.5579822659492493,0.7110148668289185,-0.029761409386992455,0.8361480832099915,0.553626298904419,-0.3469531834125519,0.5505903959274292,0.6993467807769775,-0.48878955841064453,0.9540878534317017,0.8727724552154541,-0.45762190222740173,0.7127870917320251,0.9537371397018433,-0.4191579222679138,0.9493167996406555,0.9373098611831665,-0.4735613167285919,0.7381882071495056,0.9883226156234741,-0.41413259506225586,1.0239046812057495,0.9611695408821106,-0.6814722418785095,0.7678412199020386,1.0531024932861328,-0.5773530602455139
dbp_600271.jpg,0.5321323871612549,0.44440481066703796,0.6717236042022705,0.5424769520759583,0.4321645200252533,0.7223972082138062,0.5496770143508911,0.4281863272190094,0.7224450707435608,0.5567128658294678,0.4228208363056183,0.7220703363418579,0.5244473814964294,0.44725167751312256,0.7184807062149048,0.518605649471283,0.4496769309043884,0.7183961272239685,0.5126935243606567,0.4514314830303192,0.718345582485199,0.5791984796524048,0.3857446312904358,0.7287129759788513,0.5124670267105103,0.44565942883491516,0.7883026003837585,0.5480747818946838,0.4333411455154419,0.7059186100959778,0.5296007394790649,0.4267857074737549,0.6762784123420715,0.6569986939430237,0.46239230036735535,0.596431314945221,0.47056466341018677,0.5643792748451233,0.6484653949737549,0.7701830267906189,0.4909488558769226,0.47720423340797424,0.42852622270584106,0.7644646763801575,0.4920482039451599,0.7674103379249573,0.3144505023956299,0.29975536465644836,0.3779764175415039,0.6266986131668091,0.2884991765022278,0.7823060750961304,0.27519160509109497,0.2695472538471222,0.37702932953834534,0.5981570482254028,0.2784709334373474,0.768010675907135,0.2673811614513397,0.2816653549671173,0.3790247142314911,0.5831263661384583,0.2939901053905487,0.7579309940338135,0.28140389919281006,0.299286425113678,0.38334813714027405,0.587990939617157,0.28817033767700195,0.6707189679145813,0.6287603378295898,0.021546872332692146,0.5374564528465271,0.7102500796318054,-0.02144143544137478,0.8082979917526245,0.5505950450897217,-0.4856795072555542,0.6215702891349792,0.6889002323150635,-0.43904027342796326,0.9267069101333618,0.8577435612678528,-0.5456463694572449,0.8394261002540588,0.9524769186973572,-0.5387639403343201,0.9222561717033386,0.915363073348999,-0.6831732392311096,0.8607221841812134,0.9975728392601013,-0.5607186555862427,0.9923336505889893,0.9395918846130371,-0.887616753578186,0.9338397979736328,1.0190894603729248,-0.7951284050941467
dbp_600281.jpg,0.559772253036499,0.3858035206794739,0.28575465083122253,0.5704715251922607,0.371981143951416,0.3084191083908081,0.5771028399467468,0.3699988126754761,0.308293879032135,0.5837855935096741,0.36786267161369324,0.3079831898212433,0.5528156757354736,0.3780246675014496,0.31256622076034546,0.5465528964996338,0.3798061013221741,0.31266161799430847,0.5404053926467896,0.3816237449645996,0.3124998211860657,0.5969732999801636,0.3736030161380768,0.3990291953086853,0.5342174768447876,0.39627036452293396,0.41755661368370056,0.5718324780464172,0.39734208583831787,0.31504136323928833,0.5486989617347717,0.4020705223083496,0.31834185123443604,0.6615933179855347,0.43642693758010864,0.3725229501724243,0.47647368907928467,0.5273822546005249,0.4177201986312866,0.7809144854545593,0.47414007782936096,0.23798690736293793,0.41546857357025146,0.7369256615638733,0.25658130645751953,0.775408148765564,0.3152898848056793,0.02950434945523739,0.37319108843803406,0.572024941444397,0.0012401769636198878,0.7894060611724854,0.27395471930503845,-0.010542712174355984,0.3768860101699829,0.5419849753379822,-0.018984351307153702,0.7693650722503662,0.268160343170166,0.011353788897395134,0.38078704476356506,0.521291971206665,-0.006243146024644375,0.7596657276153564,0.2805500328540802,0.030316974967718124,0.38275146484375,0.52951580286026,-0.0016481123166158795,0.6786388158798218,0.6371678113937378,0.02700522355735302,0.5532243251800537,0.7100247144699097,-0.02702479250729084,0.8000161051750183,0.5286700129508972,-0.41343414783477783,0.6061073541641235,0.683896005153656,-0.42389777302742004,0.9309996366500854,0.8607596755027771,-0.47937995195388794,0.8182734847068787,0.9627029299736023,-0.4563602805137634,0.9247592687606812,0.921205461025238,-0.49287497997283936,0.8406208157539368,1.003468632698059,-0.45362958312034607,1.0170940160751343,0.9599259495735168,-0.6887874603271484,0.9138412475585938,1.050705909729004,-0.6196590662002563
dbp_600291.jpg,0.5477623343467712,0.4161131680011749,0.5544669032096863,0.5604861378669739,0.40317606925964355,0.590838611125946,0.5671911835670471,0.4019290804862976,0.5908459424972534,0.5759232640266418,0.40080133080482483,0.5904632210731506,0.5431999564170837,0.4064403176307678,0.5959399342536926,0.5398288369178772,0.4075249135494232,0.596015214920044,0.5392969250679016,0.40882042050361633,0.5960054993629456,0.5853918194770813,0.41200655698776245,0.6892845034599304,0.5181413888931274,0.4238189160823822,0.6257648468017578,0.5648740530014038,0.4302407205104828,0.5797206163406372,0.5388134717941284,0.4350854158401489,0.5859381556510925,0.6508662700653076,0.46968913078308105,0.6000043749809265,0.4685298204421997,0.5326821804046631,0.6133767366409302,0.7752106189727783,0.4812166094779968,0.449423223733902,0.4319024384021759,0.6839389204978943,0.4612177312374115,0.7550841569900513,0.3090875744819641,0.2619812786579132,0.3781299591064453,0.4042915403842926,0.3002987504005432,0.7582718729972839,0.26662877202033997,0.21170185506343842,0.38214200735092163,0.35864049196243286,0.1881554126739502,0.7410483956336975,0.26039502024650574,0.23743027448654175,0.3887091875076294,0.35950320959091187,0.30408820509910583,0.7353706359863281,0.2741691470146179,0.2625481188297272,0.39477962255477905,0.37437698245048523,0.3133203089237213,0.6810535192489624,0.6418043375015259,0.018828922882676125,0.5571997165679932,0.7129970192909241,-0.018781326711177826,0.8185206055641174,0.5167713165283203,-0.4382683038711548,0.5838698744773865,0.6094207763671875,-0.4212743043899536,0.9567655920982361,0.8774516582489014,-0.8436596393585205,0.7800431847572327,0.8801538944244385,-0.7011559009552002,0.948293924331665,0.9410723447799683,-0.8927129507064819,0.7988816499710083,0.9333997368812561,-0.7274066209793091,1.045658826828003,0.9790878295898438,-1.1068347692489624,0.8744524121284485,0.9509694576263428,-0.8656360507011414
dbp_600301.jpg,0.4730444848537445,0.5343533754348755,0.9526591897010803,0.47865286469459534,0.526671826839447,0.9897915124893188,0.4850945472717285,0.5276072025299072,0.9898692965507507,0.4919739067554474,0.5286643505096436,0.9893586039543152,0.46247556805610657,0.5236151218414307,0.9858881831169128,0.4590213894844055,0.5226457118988037,0.9861600399017334,0.4561844766139984,0.5217796564102173,0.9861698150634766,0.5146462917327881,0.5303010940551758,1.0945782661437988,0.4601530432701111,0.5243409872055054,1.0848995447158813,0.49555620551109314,0.5405660271644592,0.9812598824501038,0.47776153683662415,0.5391831398010254,0.9774618148803711,0.6042200922966003,0.5539907813072205,1.0177525281906128,0.4398761987686157,0.5367617011070251,0.8305264115333557,0.691135823726654,0.4807758331298828,0.9444798827171326,0.39564698934555054,0.47139355540275574,0.7138856053352356,0.7006611227989197,0.27674075961112976,0.8846744894981384,0.35694077610969543,0.2892804741859436,0.6974144577980042,0.7359411716461182,0.23388996720314026,0.8525246977806091,0.34560489654541016,0.2547641098499298,0.6497817635536194,0.6475473046302795,0.21012908220291138,0.8620447516441345,0.35073283314704895,0.24900540709495544,0.6626892685890198,0.6625036001205444,0.2302253097295761,0.8799118399620056,0.3601820766925812,0.2598860561847687,0.6951367855072021,0.6442502737045288,0.6827564835548401,0.08371322602033615,0.5237806439399719,0.7217513918876648,-0.08378048986196518,0.8339951038360596,0.5142799615859985,-0.39400193095207214,0.5512959957122803,0.5410622358322144,-0.4317447245121002,0.9678038954734802,0.8492053747177124,-0.9708133935928345,0.7059254050254822,0.7894142270088196,-0.7530535459518433,0.9565327167510986,0.9133756756782532,-1.0394872426986694,0.7150701284408569,0.83404940366745,-0.7768347263336182,1.053768515586853,0.9257148504257202,-1.2621928453445435,0.7983912825584412,0.8332816958427429,-0.8809834122657776
dbp_600311.jpg,0.4815269112586975,0.5352270007133484,0.8476551175117493,0.48549240827560425,0.5370651483535767,0.8823109269142151,0.49103590846061707,0.5376580357551575,0.8826847076416016,0.4966612458229065,0.5386876463890076,0.8822282552719116,0.4688110947608948,0.5365782976150513,0.8717692494392395,0.46503326296806335,0.5367475152015686,0.871766984462738,0.4614624083042145,0.5369759798049927,0.8718300461769104,0.5202576518058777,0.5389280915260315,0.960832953453064,0.46117597818374634,0.5493031144142151,0.9304877519607544,0.5000806450843811,0.5364952683448792,0.865820586681366,0.48407426476478577,0.5370275974273682,0.8532084226608276,0.6057061553001404,0.5619311332702637,0.8623565435409546,0.4403153359889984,0.5479820370674133,0.7838324904441833,0.6866678595542908,0.4798380434513092,0.819647490978241,0.3895686864852905,0.4701191782951355,0.6180763244628906,0.654270350933075,0.26760128140449524,0.7917596697807312,0.34526604413986206,0.29295316338539124,0.6714370250701904,0.6637300252914429,0.23030537366867065,0.7602352499961853,0.33621853590011597,0.24557867646217346,0.6450598835945129,0.6037638783454895,0.20378708839416504,0.7708005905151367,0.3417630195617676,0.24780605733394623,0.6504289507865906,0.6051656603813171,0.22375276684761047,0.7888346910476685,0.34796473383903503,0.2539660632610321,0.6696233749389648,0.6499479413032532,0.6923611760139465,0.07632924616336823,0.521102786064148,0.7199028730392456,-0.07651113718748093,0.8425463438034058,0.516815721988678,-0.3950500190258026,0.38375329971313477,0.5205183029174805,-0.4777773916721344,1.006422758102417,0.8450886011123657,-1.0186536312103271,0.35689669847488403,0.423433780670166,-0.9779773354530334,0.9962776303291321,0.9096601009368896,-1.0929930210113525,0.36138397455215454,0.44104257225990295,-1.0250906944274902,1.0878658294677734,0.9208272099494934,-1.3354319334030151,0.3429844081401825,0.32877132296562195,-1.2208151817321777
dbp_600321.jpg,0.4620088040828705,0.50477534532547,0.9915612936019897,0.4699595272541046,0.4965842664241791,1.0201205015182495,0.475797563791275,0.4976491630077362,1.0201942920684814,0.48171940445899963,0.4987201988697052,1.0196623802185059,0.455584317445755,0.49418410658836365,1.027748942375183,0.45224931836128235,0.49233996868133545,1.0278843641281128,0.4490084648132324,0.49064022302627563,1.02788507938385,0.5039835572242737,0.497109055519104,1.068799376487732,0.448112428188324,0.5148618221282959,1.1148102283477783,0.4795239567756653,0.5099376440048218,0.9960933923721313,0.46325501799583435,0.5081931352615356,1.0078147649765015,0.5944824814796448,0.5350880026817322,0.9462414979934692,0.4267551004886627,0.5403103828430176,0.9030839204788208,0.6833591461181641,0.48313841223716736,0.7812876105308533,0.3897799849510193,0.5068813562393188,0.7925246953964233,0.6504504084587097,0.26879948377609253,0.6301838159561157,0.34388843178749084,0.3304995894432068,0.7135320901870728,0.6552758812904358,0.2312161773443222,0.5844333171844482,0.3354335427284241,0.2884824573993683,0.6837418675422668,0.6255881190299988,0.20891350507736206,0.606444239616394,0.3446553349494934,0.2840363383293152,0.7043535113334656,0.6211948394775391,0.22740378975868225,0.6283348202705383,0.35082027316093445,0.2921953499317169,0.7145941853523254,0.6477711200714111,0.6909621953964233,0.06486542522907257,0.5268126726150513,0.725942850112915,-0.06477056443691254,0.8404528498649597,0.5228456854820251,-0.40058210492134094,0.6251111626625061,0.5384277701377869,-0.45498883724212646,0.9951179027557373,0.8411760926246643,-0.9279353022575378,0.8594761490821838,0.8570082187652588,-0.8633219003677368,0.9905259609222412,0.9086199998855591,-0.9909509420394897,0.8764328360557556,0.9316551089286804,-0.9010499715805054,1.0826579332351685,0.9129964113235474,-1.208938717842102,0.9770288467407227,0.9110920429229736,-1.0336703062057495
dbp_600331.jpg,0.5600293278694153,0.4596225619316101,0.5566030144691467,0.5702860951423645,0.4477843940258026,0.5661413073539734,0.5765736699104309,0.44515225291252136,0.5660749077796936,0.5829797983169556,0.442518413066864,0.5657535791397095,0.5542008280754089,0.4563212990760803,0.575689435005188,0.5493078231811523,0.4589847922325134,0.5757316946983337,0.544628381729126,0.4616490602493286,0.5754361748695374,0.6027074456214905,0.4482274055480957,0.5713424682617188,0.5442556738853455,0.4831339418888092,0.6178238987922668,0.5752721428871155,0.46753358840942383,0.5476674437522888,0.5541210174560547,0.4779306948184967,0.5598474144935608,0.6820229887962341,0.4935206174850464,0.461508572101593,0.5049493908882141,0.5657339096069336,0.5286409854888916,0.7583065032958984,0.4748896658420563,0.36887088418006897,0.3967900574207306,0.7043610215187073,0.3168484568595886,0.7339074611663818,0.3018951714038849,0.17727665603160858,0.34763604402542114,0.4918957054615021,0.023611484095454216,0.7241998910903931,0.2679254412651062,0.13833704590797424,0.34387218952178955,0.4574792981147766,-0.008986423723399639,0.719163715839386,0.25844594836235046,0.1379673331975937,0.35161975026130676,0.4453825354576111,0.005262839607894421,0.7094926834106445,0.27522537112236023,0.16890928149223328,0.3560968339443207,0.4522617757320404,0.019583849236369133,0.7301168441772461,0.6773233413696289,0.027351077646017075,0.6039955615997314,0.7422462701797485,-0.027653900906443596,0.8532059192657471,0.48727837204933167,-0.29213792085647583,0.6118984222412109,0.5466800928115845,-0.2891996204853058,1.0191510915756226,0.842420220375061,-0.5981989502906799,0.8550088405609131,0.8671817183494568,-0.5545184016227722,1.0196130275726318,0.9128715395927429,-0.6340755224227905,0.8875480890274048,0.917447566986084,-0.5736119747161865,1.1020433902740479,0.946887195110321,-0.8243698477745056,0.9438202381134033,0.9597234725952148,-0.6917552947998047
dbp_600341.jpg,0.5694789290428162,0.4254350960254669,0.3828844130039215,0.5772203803062439,0.40695393085479736,0.3818027079105377,0.5829416513442993,0.40304815769195557,0.38161733746528625,0.5887383222579956,0.39921069145202637,0.3813084065914154,0.563130795955658,0.41605374217033386,0.3901745080947876,0.5581911206245422,0.41860008239746094,0.3901749551296234,0.5533672571182251,0.4212406575679779,0.38976234197616577,0.604656457901001,0.39808201789855957,0.4034494459629059,0.5523331165313721,0.4310329854488373,0.44337448477745056,0.5835244059562683,0.4323558807373047,0.38860076665878296,0.5636962056159973,0.443982869386673,0.3992258310317993,0.684349000453949,0.4264247417449951,0.3520430028438568,0.5112155079841614,0.5539619326591492,0.3895719647407532,0.7814106345176697,0.4778115153312683,0.17685161530971527,0.4890170991420746,0.7334767580032349,0.16551081836223602,0.7491495013237,0.4096772372722626,-0.1431608945131302,0.39429453015327454,0.6190527081489563,-0.1724286526441574,0.7500501871109009,0.4162812829017639,-0.20236754417419434,0.39147573709487915,0.6005946397781372,-0.2005121111869812,0.7287881970405579,0.3944624662399292,-0.18668988347053528,0.39754724502563477,0.5739431381225586,-0.20774652063846588,0.719030499458313,0.39832305908203125,-0.14632770419120789,0.39792755246162415,0.5750942826271057,-0.18355217576026917,0.7376783490180969,0.6532687544822693,0.03169678524136543,0.6219063401222229,0.737180769443512,-0.03161025792360306,0.8678344488143921,0.45369216799736023,-0.23697930574417114,0.725860595703125,0.5508430600166321,-0.33746591210365295,1.0020183324813843,0.8355518579483032,-0.47342780232429504,0.925922691822052,0.8950687050819397,-0.5336483716964722,0.9941717982292175,0.9014387130737305,-0.49928614497184753,0.9375855326652527,0.942305326461792,-0.5418232679367065,1.0882536172866821,0.9394121170043945,-0.6807885766029358,1.0327509641647339,1.0226728916168213,-0.6599064469337463
dbp_600351.jpg,0.5979979038238525,0.38215968012809753,0.23799018561840057,0.6016727089881897,0.35567787289619446,0.24670825898647308,0.6069424748420715,0.3518422842025757,0.24650134146213531,0.6122704744338989,0.3481021225452423,0.24607278406620026,0.5895966291427612,0.3635766804218292,0.25932714343070984,0.585345983505249,0.365706205368042,0.25929200649261475,0.5811948776245117,0.3678979277610779,0.2589477598667145,0.6292334794998169,0.34741684794425964,0.2938799262046814,0.5846225619316101,0.37558746337890625,0.34997254610061646,0.6153613924980164,0.3940514028072357,0.2532216012477875,0.59715735912323,0.4060564339160919,0.2688136398792267,0.727397620677948,0.41170743107795715,0.22613318264484406,0.5574417114257812,0.503890872001648,0.33098748326301575,0.8497626185417175,0.5789456367492676,0.09036654978990555,0.5314532518386841,0.6927372217178345,0.0990099385380745,0.8965979218482971,0.67947918176651,-0.12157244235277176,0.3960815668106079,0.5863306522369385,-0.247474804520607,0.9272467494010925,0.7161425352096558,-0.17562803626060486,0.3985069692134857,0.5586857199668884,-0.28970086574554443,0.8996680378913879,0.7129558324813843,-0.17944449186325073,0.4035314619541168,0.5472085475921631,-0.29851409792900085,0.8797915577888489,0.7047308683395386,-0.1306205838918686,0.4025857150554657,0.5527633428573608,-0.26188480854034424,0.7981449365615845,0.660198450088501,0.020875491201877594,0.7000005841255188,0.7457157373428345,-0.02068418636918068,0.8722696900367737,0.4727174639701843,-0.24513891339302063,0.7245786190032959,0.5958832502365112,-0.374900758266449,1.003040075302124,0.8316769003868103,-0.33582741022109985,0.9249759316444397,0.8910101056098938,-0.3720964789390564,1.0001258850097656,0.8918609023094177,-0.3372758626937866,0.9454454183578491,0.9236675500869751,-0.36331647634506226,1.0919173955917358,0.9298185706138611,-0.5012441277503967,1.007385492324829,1.0111055374145508,-0.5104249715805054
dbp_600361.jpg,0.6667280793190002,0.32232141494750977,0.20807918906211853,0.6696215271949768,0.30573466420173645,0.24475547671318054,0.675324022769928,0.304557204246521,0.24474315345287323,0.681145429611206,0.3034283220767975,0.24446983635425568,0.6528804302215576,0.31065651774406433,0.23208087682724,0.6458211541175842,0.3134767413139343,0.23201647400856018,0.6388482451438904,0.3163684606552124,0.23175889253616333,0.6834068894386292,0.325612872838974,0.38636550307273865,0.6262789964675903,0.34470435976982117,0.33088114857673645,0.6767261624336243,0.34757715463638306,0.25169429183006287,0.6528792977333069,0.35596364736557007,0.23385180532932281,0.7552906274795532,0.4187561571598053,0.3489765524864197,0.5714563727378845,0.4966779351234436,0.33806437253952026,0.8361257314682007,0.5466175675392151,0.2155015915632248,0.49728718400001526,0.6362616419792175,0.13570061326026917,0.8055001497268677,0.672774612903595,0.11207584291696548,0.39348894357681274,0.4634905457496643,-0.043837666511535645,0.8342092633247375,0.6393652558326721,0.08093955367803574,0.3890024423599243,0.4161011278629303,-0.07051321864128113,0.8697786927223206,0.604701042175293,0.11417866498231888,0.39362236857414246,0.39927294850349426,-0.04908738285303116,0.8115735650062561,0.6772657036781311,0.12006498873233795,0.39467307925224304,0.41570666432380676,-0.044180821627378464,0.8293383717536926,0.6696091890335083,0.024805724620819092,0.7185090184211731,0.7479232549667358,-0.02469802275300026,0.8619682788848877,0.45738691091537476,-0.2835351824760437,0.7217753529548645,0.5698157548904419,-0.4631389081478119,0.997707724571228,0.8289869427680969,-0.39169633388519287,0.9418665170669556,0.8718435764312744,-0.5121537446975708,0.9915173053741455,0.8892599940299988,-0.3955320417881012,0.9586120843887329,0.911046028137207,-0.508602499961853,1.0996463298797607,0.9582349061965942,-0.5138732194900513,1.0660187005996704,0.9925495386123657,-0.6153775453567505
dbp_600371.jpg,0.6125891804695129,0.36968886852264404,0.43572747707366943,0.6204671263694763,0.3556191027164459,0.4562944173812866,0.6296024322509766,0.35421720147132874,0.456234872341156,0.6394972205162048,0.35309529304504395,0.4558790624141693,0.6000807285308838,0.3606117367744446,0.45523592829704285,0.5938859581947327,0.3630391061306,0.45526427030563354,0.5877621173858643,0.36566707491874695,0.4550529718399048,0.679501473903656,0.3679387867450714,0.48840683698654175,0.5808011293411255,0.3875129222869873,0.4924355149269104,0.6458556056022644,0.38850757479667664,0.4511337876319885,0.6109031438827515,0.396148681640625,0.44941797852516174,0.680587887763977,0.43321099877357483,0.4686569273471832,0.540100634098053,0.508716344833374,0.40987810492515564,0.7532724142074585,0.4974963366985321,0.6550995111465454,0.47509631514549255,0.5236559510231018,0.4076079726219177,0.7629620432853699,0.42556843161582947,0.76899254322052,0.4342394769191742,0.2962248921394348,0.4708234667778015,0.8047332763671875,0.4434513449668884,0.7638682723045349,0.4264296591281891,0.22797109186649323,0.47934359312057495,0.8535064458847046,0.3960854411125183,0.7799960374832153,0.424177348613739,0.22579269111156464,0.46834465861320496,0.7699774503707886,0.41338229179382324,0.7738754153251648,0.43391090631484985,0.24044303596019745,0.4671805500984192,0.7484910488128662,0.6539451479911804,0.05033031851053238,0.6959155201911926,0.7309560775756836,-0.05022188276052475,0.8576197028160095,0.47513431310653687,-0.21495650708675385,0.7710450291633606,0.5543316602706909,-0.3768247365951538,1.0049258470535278,0.8273267149925232,-0.37629854679107666,0.961664617061615,0.8533883094787598,-0.4908469617366791,0.9946011304855347,0.887447714805603,-0.3926267623901367,0.9512937664985657,0.8990535140037537,-0.4865516126155853,1.130987286567688,0.9462716579437256,-0.5434516072273254,1.1274771690368652,0.9500694274902344,-0.569190263748169
dbp_600381.jpg,0.5034019351005554,0.5007394552230835,1.050482153892517,0.5149922966957092,0.49411389231681824,1.0878878831863403,0.5177022814750671,0.49491190910339355,1.0878583192825317,0.5201092958450317,0.49610888957977295,1.0874639749526978,0.5023934841156006,0.5029993057250977,1.0774959325790405,0.5009525418281555,0.5065062046051025,1.0776652097702026,0.4991786777973175,0.5101374387741089,1.0776396989822388,0.5379855632781982,0.5060078501701355,1.1689726114273071,0.4960041642189026,0.510168731212616,1.128557801246643,0.5219933986663818,0.5000273585319519,1.0704429149627686,0.5029494762420654,0.515091598033905,1.0569908618927002,0.5761057138442993,0.5135310292243958,1.1347262859344482,0.4395425021648407,0.5641689896583557,0.8642708659172058,0.6415910124778748,0.48045727610588074,1.276869297027588,0.4507185220718384,0.5114948749542236,0.8626020550727844,0.6185899972915649,0.30438289046287537,1.4168123006820679,0.4334142804145813,0.260836660861969,1.0898419618606567,0.6229625940322876,0.27217185497283936,1.404253602027893,0.42574232816696167,0.19585268199443817,1.102152943611145,0.6215530037879944,0.2587730884552002,1.4408401250839233,0.4285444915294647,0.2371569275856018,1.1117643117904663,0.6057945489883423,0.2731654942035675,1.4254766702651978,0.4443512558937073,0.2479666769504547,1.0972837209701538,0.6410478353500366,0.6600512862205505,0.1132299080491066,0.5529816150665283,0.7308815717697144,-0.11343375593423843,0.8563506007194519,0.4860418438911438,-0.26731041073799133,0.7736775875091553,0.5528450608253479,-0.4430065155029297,1.004408597946167,0.8269609212875366,-0.4739907681941986,0.9823607206344604,0.8620359897613525,-0.7106866240501404,0.9919804930686951,0.8865481019020081,-0.46140870451927185,0.9576660990715027,0.930889368057251,-0.7269346714019775,1.1254980564117432,0.9049702882766724,-0.6610555648803711,1.1385687589645386,0.934054970741272,-0.8143647909164429
dbp_600391.jpg,0.4849854111671448,0.3958151638507843,0.4514917731285095,0.4803899824619293,0.3833654522895813,0.4802795648574829,0.48277804255485535,0.3823762536048889,0.4799242913722992,0.4852372407913208,0.3815072476863861,0.4793851673603058,0.4713172912597656,0.3886032998561859,0.4645954370498657,0.4668828248977661,0.391554057598114,0.46476221084594727,0.46246013045310974,0.394584983587265,0.46439170837402344,0.4828903079032898,0.3974095582962036,0.5507323741912842,0.4523864686489105,0.41496986150741577,0.4873114824295044,0.4934011995792389,0.4105668067932129,0.46818047761917114,0.4784947633743286,0.42087236046791077,0.44818875193595886,0.5442187190055847,0.46783363819122314,0.5234926342964172,0.40894195437431335,0.5240103006362915,0.3330230414867401,0.6328296065330505,0.4730243980884552,0.6818119287490845,0.41505399346351624,0.5301834344863892,0.23073704540729523,0.6598564982414246,0.3154434263706207,0.8002933859825134,0.3822125792503357,0.32836711406707764,0.24139422178268433,0.6612563729286194,0.28207236528396606,0.7657604813575745,0.39640864729881287,0.2798308730125427,0.2387300431728363,0.6489778161048889,0.2783665060997009,0.6460455060005188,0.3878704607486725,0.2866743206977844,0.2388150542974472,0.6360859274864197,0.29094547033309937,0.7218196392059326,0.39386284351348877,0.2972601056098938,0.24295790493488312,0.6297204494476318,0.6615616679191589,0.1006682887673378,0.549216628074646,0.7296441197395325,-0.10076911002397537,0.8624742031097412,0.5136334896087646,-0.0863722711801529,0.8129479885101318,0.5533334612846375,-0.2561179995536804,1.0041673183441162,0.8302240371704102,-0.23179598152637482,0.9779144525527954,0.8512424230575562,-0.37030789256095886,0.9910789132118225,0.8959192633628845,-0.25138846039772034,0.9629021286964417,0.9082998633384705,-0.36751648783683777,1.1352778673171997,0.90185546875,-0.38969916105270386,1.1280912160873413,0.936424195766449,-0.41534703969955444
dbp_600401.jpg,0.5095900893211365,0.3685589134693146,0.28113463521003723,0.5316388607025146,0.3630439043045044,0.31823015213012695,0.5315262675285339,0.36439743638038635,0.3178650736808777,0.4922395944595337,0.36841580271720886,0.3174256682395935,0.517738938331604,0.3649100363254547,0.29823440313339233,0.5106968879699707,0.36061179637908936,0.29833555221557617,0.4867931306362152,0.368826299905777,0.2980510890483856,0.49655941128730774,0.3768485486507416,0.4553682208061218,0.47340700030326843,0.38894903659820557,0.36284032464027405,0.5066438317298889,0.38638636469841003,0.3248181939125061,0.48906928300857544,0.3885957598686218,0.29671037197113037,0.5445737838745117,0.45215296745300293,0.4446287751197815,0.40281808376312256,0.5138948559761047,0.31333044171333313,0.6683561205863953,0.5053048729896545,0.3718652129173279,0.4185890853404999,0.6556898951530457,0.04502498731017113,0.6661709547042847,0.39067521691322327,0.12589190900325775,0.3815239667892456,0.5123831033706665,-0.2864026129245758,0.6612167358398438,0.3757471442222595,0.06933827698230743,0.39457711577415466,0.47862061858177185,-0.3287571966648102,0.6441451907157898,0.35564124584198,0.07630439847707748,0.3877493143081665,0.4622264802455902,-0.3121296167373657,0.6357381939888,0.36971643567085266,0.11856762319803238,0.3934714198112488,0.4760292172431946,-0.2874862849712372,0.6424335241317749,0.6625742316246033,0.09958968311548233,0.556614875793457,0.7258824706077576,-0.09968911856412888,0.8605257868766785,0.5434898138046265,-0.1251411885023117,0.7974480986595154,0.5935744047164917,-0.2775495946407318,1.0127341747283936,0.8525065779685974,-0.2795896530151367,0.9889511466026306,0.8820130825042725,-0.43366289138793945,1.0022878646850586,0.9233884811401367,-0.30106374621391296,0.9846788048744202,0.9382960796356201,-0.4372323453426361,1.1376588344573975,0.9104552268981934,-0.44463327527046204,1.130651593208313,0.9562710523605347,-0.5166892409324646
dbp_600411.jpg,0.43276870250701904,0.5182229280471802,0.3412533402442932,0.4724031388759613,0.4948233366012573,0.37406784296035767,0.47784551978111267,0.49102652072906494,0.3737163543701172,0.47794607281684875,0.48766911029815674,0.37324008345603943,0.43328389525413513,0.5198055505752563,0.37659215927124023,0.45093220472335815,0.5045986771583557,0.376791387796402,0.4427239000797272,0.5078838467597961,0.3763662874698639,0.49041351675987244,0.4812083840370178,0.4895094037055969,0.43979981541633606,0.5113121867179871,0.49596601724624634,0.4611246883869171,0.516845166683197,0.3741248846054077,0.44147172570228577,0.5288345813751221,0.3762819468975067,0.5649746060371399,0.5053033232688904,0.4646284282207489,0.39985454082489014,0.5919387936592102,0.398306280374527,0.6688109636306763,0.568376898765564,0.3675108850002289,0.38651666045188904,0.7470090985298157,0.1100759282708168,0.7185141444206238,0.5565109848976135,0.10212895274162292,0.38152897357940674,0.6729218363761902,-0.2554626166820526,0.7531209588050842,0.5649839043617249,0.04696373641490936,0.3924097716808319,0.6591154336929321,-0.2946571111679077,0.7298125624656677,0.551359236240387,0.03942001983523369,0.38856348395347595,0.6311712265014648,-0.28980687260627747,0.7111817598342896,0.5568220019340515,0.0892031341791153,0.3934820592403412,0.6403968930244446,-0.26083293557167053,0.634070098400116,0.6681172847747803,0.09215687215328217,0.5436050295829773,0.7546101212501526,-0.09247726947069168,0.8578886389732361,0.5500245094299316,-0.12842270731925964,0.7573839426040649,0.6325966119766235,-0.2421674132347107,1.0072234869003296,0.8597124814987183,-0.35877349972724915,0.9501124620437622,0.8854049444198608,-0.42807871103286743,0.9972884654998779,0.9329233765602112,-0.3888179361820221,0.9504885077476501,0.9359889626502991,-0.4377542734146118,1.1291753053665161,0.9200217127799988,-0.5291326642036438,1.0901581048965454,0.9612609148025513,-0.5041736960411072
dbp_600421.jpg,0.4190607964992523,0.5286646485328674,0.4160577654838562,0.4492564797401428,0.5070879459381104,0.43810218572616577,0.45432156324386597,0.5033679008483887,0.43775808811187744,0.4588465392589569,0.4998539090156555,0.4372217357158661,0.43379393219947815,0.5174773931503296,0.4445813298225403,0.4323045015335083,0.5169317722320557,0.4447237253189087,0.4274674952030182,0.5194806456565857,0.44425949454307556,0.47491854429244995,0.4950629770755768,0.4884183704853058,0.43086305260658264,0.522357165813446,0.5255395174026489,0.46325042843818665,0.53044193983078,0.4269920885562897,0.44594627618789673,0.542580783367157,0.4351789057254791,0.5677098035812378,0.5127618312835693,0.4252544641494751,0.4043027460575104,0.6093308925628662,0.39078250527381897,0.678264856338501,0.5705057382583618,0.322417676448822,0.38998207449913025,0.7714577317237854,0.10669437050819397,0.7543240785598755,0.5437742471694946,0.07731062918901443,0.37962713837623596,0.6748329997062683,-0.25002533197402954,0.7924976944923401,0.5464343428611755,0.03527462109923363,0.3916156589984894,0.6570835709571838,-0.2741786539554596,0.770527720451355,0.5321693420410156,0.03454926237463951,0.3884560763835907,0.6285348534584045,-0.263082891702652,0.7512645125389099,0.5382735133171082,0.06779813021421432,0.39168137311935425,0.6320651173591614,-0.2534835934638977,0.6279078722000122,0.6654204726219177,0.08795658499002457,0.5421363115310669,0.7532314658164978,-0.08830850571393967,0.8577896356582642,0.5467777848243713,-0.1263200342655182,0.7728538513183594,0.6384889483451843,-0.2530709505081177,1.0064339637756348,0.8561538457870483,-0.33378222584724426,0.965579092502594,0.8761562705039978,-0.40738362073898315,1.0000125169754028,0.9317530989646912,-0.3593233823776245,0.963683545589447,0.9225144386291504,-0.410776287317276,1.1311348676681519,0.9044426083564758,-0.5000358819961548,1.1099412441253662,0.9516062140464783,-0.48059967160224915
dbp_600431.jpg,0.3067892789840698,0.49759867787361145,0.2901999354362488,0.30105942487716675,0.481425404548645,0.32573163509368896,0.30498629808425903,0.48098090291023254,0.3252979516983032,0.30901822447776794,0.483014851808548,0.3248033821582794,0.29058128595352173,0.48886638879776,0.32183191180229187,0.28593626618385315,0.4885033965110779,0.32203853130340576,0.281303346157074,0.491932213306427,0.32162922620773315,0.3048688471317291,0.4775436818599701,0.45921677350997925,0.2799472510814667,0.4999274015426636,0.4502132833003998,0.3269158899784088,0.5048472285270691,0.3341551423072815,0.31245750188827515,0.5133709907531738,0.3302444517612457,0.38096949458122253,0.4740011394023895,0.47211626172065735,0.28337201476097107,0.5978874564170837,0.2876502275466919,0.5002660751342773,0.5241135358810425,0.36975136399269104,0.3536134362220764,0.7306630611419678,-0.0012129441602155566,0.5486090183258057,0.5396111607551575,0.10242505371570587,0.3709731698036194,0.5875324606895447,-0.2416091412305832,0.5761430263519287,0.5334303379058838,0.042973410338163376,0.38820159435272217,0.5337225794792175,-0.2799772620201111,0.5569108724594116,0.5195043087005615,0.03979967534542084,0.3833317756652832,0.5212653875350952,-0.2660893499851227,0.5426413416862488,0.5167946815490723,0.09092598408460617,0.3810175061225891,0.5336691737174988,-0.23837487399578094,0.5346113443374634,0.6823816299438477,0.10854493826627731,0.4746014177799225,0.7524265050888062,-0.10909262299537659,0.8173120617866516,0.5845515131950378,-0.033503759652376175,0.7700051069259644,0.6239291429519653,-0.2306610494852066,0.9844977259635925,0.8554775714874268,-0.16951189935207367,0.9568468928337097,0.8681122064590454,-0.31434446573257446,0.9856982827186584,0.9297783970832825,-0.19045622646808624,0.9519399404525757,0.9181805849075317,-0.3138171434402466,1.1284898519515991,0.8553956747055054,-0.3065328896045685,1.1043907403945923,0.9485639929771423,-0.3644371032714844
dbp_600441.jpg,0.3967968225479126,0.418199360370636,0.37621501088142395,0.39553219079971313,0.4060214161872864,0.3669413924217224,0.39897680282592773,0.40399160981178284,0.36571699380874634,0.402132123708725,0.4024999439716339,0.3652788996696472,0.3837229013442993,0.41421088576316833,0.4001103341579437,0.37942996621131897,0.41890111565589905,0.400422066450119,0.37417885661125183,0.4234330952167511,0.40024131536483765,0.40175333619117737,0.42080605030059814,0.6086658835411072,0.3671664297580719,0.45399266481399536,0.5071020722389221,0.41323715448379517,0.4383537769317627,0.3405931293964386,0.39759203791618347,0.45122283697128296,0.4087362289428711,0.47425225377082825,0.4735467731952667,0.5956270694732666,0.3500262498855591,0.5920470952987671,0.3555337190628052,0.5605922937393188,0.48426690697669983,0.6247473955154419,0.3717289865016937,0.6416956186294556,0.09026608616113663,0.5980576276779175,0.3303239047527313,0.578650712966919,0.36697280406951904,0.41795340180397034,-0.0645357295870781,0.6137696504592896,0.3027459383010864,0.5577603578567505,0.36749503016471863,0.3622433543205261,-0.09179451316595078,0.5938491225242615,0.2919465899467468,0.5599789023399353,0.36383238434791565,0.35359254479408264,-0.08263685554265976,0.5828102231025696,0.3080906867980957,0.5725784301757812,0.36494436860084534,0.36111128330230713,-0.06346345692873001,0.5872998833656311,0.6882862448692322,0.10705157369375229,0.4776596128940582,0.7502176761627197,-0.10744671523571014,0.8219669461250305,0.5693804621696472,-0.1086491048336029,0.8118088245391846,0.5784600973129272,-0.26759424805641174,0.9851595759391785,0.836293637752533,-0.2688709795475006,0.9601011276245117,0.8652863502502441,-0.3992806077003479,0.9853820204734802,0.9024806618690491,-0.29115623235702515,0.9510482549667358,0.9137908816337585,-0.4024210572242737,1.1236882209777832,0.8594719171524048,-0.4264613687992096,1.1033611297607422,0.9416778683662415,-0.46805647015571594
dbp_600451.jpg,0.41900327801704407,0.4688571095466614,0.5396442413330078,0.4156520664691925,0.4528343677520752,0.5838078856468201,0.4188588559627533,0.4484945833683014,0.5834506750106812,0.42198193073272705,0.44430214166641235,0.5830448269844055,0.404634028673172,0.463834285736084,0.5694305300712585,0.39996036887168884,0.4694206714630127,0.5696220993995667,0.3947827219963074,0.4741557240486145,0.5691522359848022,0.4214039146900177,0.45284441113471985,0.7298899292945862,0.3859744966030121,0.4964049756526947,0.6553238034248352,0.4317095875740051,0.48152512311935425,0.573272168636322,0.41687482595443726,0.49732059240341187,0.5589485168457031,0.4873639941215515,0.49510034918785095,0.7273009419441223,0.3591248691082001,0.5970802903175354,0.40359365940093994,0.5264396071434021,0.4761422872543335,0.7897430062294006,0.3831886947154999,0.5695492029190063,0.2726718783378601,0.5574501156806946,0.3031342327594757,0.8266422152519226,0.3646445572376251,0.34531208872795105,0.4065905213356018,0.581359326839447,0.2708948254585266,0.8141376376152039,0.36352768540382385,0.30668240785598755,0.41878220438957214,0.5585677027702332,0.2663341164588928,0.8269938230514526,0.3624081611633301,0.29971015453338623,0.43095922470092773,0.5472633242607117,0.281062513589859,0.8258838057518005,0.3683915436267853,0.30845382809638977,0.41724130511283875,0.6026137471199036,0.7034174799919128,0.11038094013929367,0.5077245235443115,0.7667607665061951,-0.11072596907615662,0.8258921504020691,0.5620725750923157,-0.1398376077413559,0.7894933819770813,0.5481307506561279,-0.3033962547779083,0.9849260449409485,0.8361049890518188,-0.3938029110431671,0.963489830493927,0.8499689102172852,-0.5312831997871399,0.9840641617774963,0.9026861190795898,-0.4254818558692932,0.9574687480926514,0.9124400019645691,-0.5406214594841003,1.1194934844970703,0.8639146685600281,-0.5578259229660034,1.1149975061416626,0.9242540001869202,-0.5869942307472229
dbp_600461.jpg,0.42971816658973694,0.5267398357391357,0.5786017775535583,0.43073341250419617,0.5066155791282654,0.6288634538650513,0.43402040004730225,0.5053757429122925,0.6286036372184753,0.4366385042667389,0.5052071809768677,0.6282222270965576,0.41669660806655884,0.5209314823150635,0.6123027801513672,0.4124767482280731,0.5249069929122925,0.6124648451805115,0.4075685739517212,0.5285452604293823,0.6120527386665344,0.4353525936603546,0.5242211818695068,0.7578405737876892,0.3998934328556061,0.5450716018676758,0.6895797848701477,0.44181475043296814,0.5369828343391418,0.6137692928314209,0.42798912525177,0.5491434931755066,0.5929149389266968,0.4933074414730072,0.5533698201179504,0.745671272277832,0.3710448443889618,0.6133500337600708,0.41657859086990356,0.5159473419189453,0.4791533648967743,0.8253920078277588,0.3895239531993866,0.5544610023498535,0.291445255279541,0.5379003882408142,0.29707950353622437,0.8760557770729065,0.3584003746509552,0.3488374650478363,0.4121231138706207,0.5662814378738403,0.2571652829647064,0.8624771237373352,0.35359007120132446,0.30704009532928467,0.4202134311199188,0.5543068051338196,0.24582359194755554,0.8693851828575134,0.347352534532547,0.3014592230319977,0.4221242666244507,0.5437139868736267,0.26345789432525635,0.8722058534622192,0.3546152412891388,0.31151503324508667,0.41810160875320435,0.605337917804718,0.7229700684547424,0.11747267842292786,0.5188616514205933,0.7710047364234924,-0.11778020113706589,0.8261385560035706,0.5583216547966003,-0.14838391542434692,0.7944657206535339,0.538762629032135,-0.30403316020965576,0.9783701300621033,0.8380743265151978,-0.3385980725288391,0.9617016315460205,0.8443233966827393,-0.4711175858974457,0.9805665612220764,0.9141018986701965,-0.3609887361526489,0.9512678384780884,0.9117029905319214,-0.47042205929756165,1.1173512935638428,0.8666830062866211,-0.45930683612823486,1.1173392534255981,0.9129501581192017,-0.47650614380836487
dbp_600471.jpg,0.430134117603302,0.5587360262870789,0.9836119413375854,0.43205711245536804,0.5498106479644775,1.0533610582351685,0.4354524612426758,0.5475020408630371,1.0533335208892822,0.43907931447029114,0.546281099319458,1.0530681610107422,0.42191192507743835,0.5656281113624573,1.0355169773101807,0.4143373668193817,0.5593578815460205,1.035664677619934,0.4088038206100464,0.5621547102928162,1.0354766845703125,0.43769752979278564,0.5642009377479553,1.19753897190094,0.4099743664264679,0.581815242767334,1.12326979637146,0.44206544756889343,0.5709777474403381,1.0176619291305542,0.4282923936843872,0.5791861414909363,0.9943564534187317,0.5107758641242981,0.6120133399963379,1.1339447498321533,0.3855762183666229,0.6452222466468811,0.8066270351409912,0.5362280607223511,0.47960254549980164,1.212478518486023,0.39033544063568115,0.5239899754524231,0.6646058559417725,0.5459465384483337,0.2812332808971405,1.3230887651443481,0.3475319445133209,0.34791985154151917,0.8057721853256226,0.5665026307106018,0.23697717487812042,1.3134735822677612,0.33416157960891724,0.30967655777931213,0.8060343861579895,0.5557600259780884,0.22572161257266998,1.3328468799591064,0.3389946222305298,0.30240586400032043,0.8119487166404724,0.5507537126541138,0.24706299602985382,1.3218677043914795,0.3441013693809509,0.30978524684906006,0.8096410632133484,0.6136422753334045,0.7366146445274353,0.114997997879982,0.5222693681716919,0.7818633913993835,-0.11523852497339249,0.8284832239151001,0.5564997792243958,-0.2892839014530182,0.7545052766799927,0.5393041968345642,-0.41267862915992737,0.9706904888153076,0.8281828165054321,-0.5594486594200134,0.936217188835144,0.8345034122467041,-0.6531803607940674,0.969743013381958,0.901531457901001,-0.5971416234970093,0.9325110912322998,0.893322765827179,-0.670971155166626,1.079891324043274,0.8609093427658081,-0.7490065097808838,1.0759178400039673,0.8920980095863342,-0.7373250126838684
dbp_600481.jpg,0.37141939997673035,0.5318740606307983,0.6073706150054932,0.3616250455379486,0.5182240605354309,0.6178262829780579,0.3631318509578705,0.5158143639564514,0.6175466179847717,0.36488062143325806,0.5143317580223083,0.6171848773956299,0.35838645696640015,0.5402148365974426,0.6081849336624146,0.3556692898273468,0.5364074110984802,0.6080377101898193,0.3532586097717285,0.5454536080360413,0.6075245141983032,0.36902904510498047,0.5296317338943481,0.6456493735313416,0.3554885685443878,0.5512992143630981,0.6038596034049988,0.382919043302536,0.5448130965232849,0.6040620803833008,0.3769152760505676,0.568028450012207,0.5913240909576416,0.45911481976509094,0.6040827631950378,0.642511785030365,0.3427046239376068,0.5870866179466248,0.3810521960258484,0.5518832802772522,0.5459403991699219,0.6986492276191711,0.35584205389022827,0.5433919429779053,0.0635317862033844,0.6032539010047913,0.40665245056152344,0.6428076028823853,0.33853891491889954,0.39081862568855286,-0.165191188454628,0.6379717588424683,0.381325900554657,0.6358640789985657,0.34013694524765015,0.3552131652832031,-0.1891987919807434,0.6324031352996826,0.35963210463523865,0.6205480694770813,0.3425087630748749,0.3510270118713379,-0.17390626668930054,0.6161024570465088,0.376603364944458,0.629080593585968,0.34357839822769165,0.36743491888046265,-0.1632799357175827,0.5864465236663818,0.7174034118652344,0.11286285519599915,0.5236932635307312,0.7450301051139832,-0.11307493597269058,0.8297557830810547,0.5555272698402405,-0.17332740128040314,0.7831992506980896,0.5428462624549866,-0.37506765127182007,0.9700413942337036,0.8286792039871216,-0.39540061354637146,0.9446585774421692,0.8345443606376648,-0.5784021615982056,0.9699512720108032,0.9018093347549438,-0.427700936794281,0.93250972032547,0.8838730454444885,-0.5911893248558044,1.1008374691009521,0.8549042344093323,-0.552219033241272,1.0915342569351196,0.8768520951271057,-0.6745372414588928
dbp_600491.jpg,0.33017000555992126,0.5457175374031067,0.3773569166660309,0.3211255669593811,0.5280264616012573,0.3843695819377899,0.3234700560569763,0.5248441100120544,0.38400715589523315,0.3259892165660858,0.5219483971595764,0.38355693221092224,0.31570422649383545,0.5359955430030823,0.3919488191604614,0.3125685453414917,0.535607635974884,0.392100989818573,0.30948755145072937,0.5386539697647095,0.3916040062904358,0.33146750926971436,0.5171315670013428,0.4206613600254059,0.30888742208480835,0.5371996164321899,0.4578453600406647,0.342499703168869,0.5490838289260864,0.3876344561576843,0.33426031470298767,0.5604355931282043,0.3978467881679535,0.41958844661712646,0.5599342584609985,0.43082207441329956,0.2935710847377777,0.5872471332550049,0.305187851190567,0.5410545468330383,0.557549238204956,0.4309421479701996,0.3395744860172272,0.6802307367324829,0.09246183931827545,0.6162891387939453,0.502582311630249,0.29437318444252014,0.34379929304122925,0.48998701572418213,-0.0848032683134079,0.6581207513809204,0.49374908208847046,0.2550369203090668,0.341338574886322,0.44774094223976135,-0.10053727775812149,0.6477783918380737,0.48093923926353455,0.25268036127090454,0.3436942994594574,0.43781399726867676,-0.10264960676431656,0.6271865367889404,0.4942091703414917,0.28508034348487854,0.3488117456436157,0.4515177011489868,-0.08697717636823654,0.5575833916664124,0.7045525908470154,0.11143246293067932,0.4974013864994049,0.7455967664718628,-0.11154638230800629,0.8275448679924011,0.5502188205718994,-0.15605990588665009,0.7789461016654968,0.5456797480583191,-0.34125393629074097,0.9702263474464417,0.8262868523597717,-0.3546696603298187,0.947138786315918,0.8284946084022522,-0.4917317032814026,0.970383882522583,0.9012711644172668,-0.38068145513534546,0.9330230355262756,0.8815122246742249,-0.49327054619789124,1.1136010885238647,0.8386532068252563,-0.507064938545227,1.0976148843765259,0.8756188154220581,-0.534500777721405
dbp_600501.jpg,0.36077266931533813,0.6176808476448059,0.5478025078773499,0.3616301715373993,0.6043794751167297,0.48609602451324463,0.36721691489219666,0.5918092727661133,0.48550769686698914,0.36895349621772766,0.5882753133773804,0.4839894473552704,0.3553760349750519,0.6171913743019104,0.5488977432250977,0.35337957739830017,0.6213290095329285,0.54912930727005,0.34819233417510986,0.6352410912513733,0.5486730337142944,0.3800067603588104,0.5834633708000183,0.5403479337692261,0.3494817912578583,0.636053740978241,0.5648984909057617,0.37884047627449036,0.6123670339584351,0.40167057514190674,0.36958396434783936,0.6366301774978638,0.5305039286613464,0.4205808639526367,0.5482937097549438,0.4596702754497528,0.3269192576408386,0.6894999146461487,0.38691282272338867,0.6079784035682678,0.5685505867004395,0.3888264000415802,0.3541281521320343,0.7909644842147827,0.16705037653446198,0.7028086185455322,0.5232930779457092,0.1750101000070572,0.34664472937583923,0.6327170729637146,-0.07311858981847763,0.7441985607147217,0.5119248032569885,0.1355619877576828,0.3466585874557495,0.6047855019569397,-0.0837634950876236,0.725105881690979,0.5051785111427307,0.1328597217798233,0.34944307804107666,0.5858907699584961,-0.08202418684959412,0.7055473327636719,0.5208643674850464,0.16412369906902313,0.34978094696998596,0.5924590826034546,-0.07679871469736099,0.5774077773094177,0.659223735332489,0.09752574563026428,0.5086614489555359,0.7542048692703247,-0.09782037883996964,0.8284140825271606,0.5292782783508301,-0.17001953721046448,0.7716025710105896,0.6024749279022217,-0.3101802170276642,0.9707546234130859,0.8206835389137268,-0.46664896607398987,0.9488746523857117,0.8273594975471497,-0.5192386507987976,0.9705314040184021,0.9003121256828308,-0.4985043406486511,0.945814847946167,0.8806561827659607,-0.528600811958313,1.1192289590835571,0.8462632894515991,-0.6181991696357727,1.1039525270462036,0.8672214150428772,-0.5908395051956177
dbp_600511.jpg,0.3769229054450989,0.6351169347763062,0.6636832356452942,0.37906235456466675,0.621717631816864,0.648885190486908,0.38284245133399963,0.6148403882980347,0.6486110091209412,0.3847780227661133,0.6096538305282593,0.6476757526397705,0.3706497550010681,0.6458799839019775,0.6689926981925964,0.36905792355537415,0.6498045921325684,0.6692184805870056,0.3650674819946289,0.654254674911499,0.668903112411499,0.39666494727134705,0.5988456010818481,0.584502100944519,0.36179250478744507,0.6644258499145508,0.6112312078475952,0.3907746970653534,0.630463182926178,0.5998489856719971,0.38092169165611267,0.6574996709823608,0.6384567618370056,0.47438088059425354,0.5443629622459412,0.46755117177963257,0.3718961477279663,0.7220885157585144,0.41096368432044983,0.6307928562164307,0.5547075271606445,0.4044370949268341,0.35836899280548096,0.8763280510902405,0.18439827859401703,0.6922107934951782,0.47133558988571167,0.18849077820777893,0.34833189845085144,0.693199634552002,-0.11093803495168686,0.7249845266342163,0.45343017578125,0.15159067511558533,0.34695714712142944,0.6640148758888245,-0.12958548963069916,0.7010493874549866,0.445343941450119,0.14657658338546753,0.3510664403438568,0.6483440399169922,-0.11752784997224808,0.685856819152832,0.46126478910446167,0.17569361627101898,0.35234591364860535,0.6569246053695679,-0.11278054863214493,0.5862452983856201,0.6429811120033264,0.0820016860961914,0.5090591311454773,0.7691885828971863,-0.08206500858068466,0.8211196660995483,0.4954199194908142,-0.24757090210914612,0.7320033311843872,0.6827303767204285,-0.31331145763397217,0.9713820815086365,0.8153003454208374,-0.5247088670730591,0.947466254234314,0.8279051184654236,-0.5409097671508789,0.9679763317108154,0.8964831233024597,-0.5545459985733032,0.9500105381011963,0.874146044254303,-0.5508696436882019,1.1171282529830933,0.8500414490699768,-0.7036619186401367,1.091535210609436,0.8600766658782959,-0.6515824198722839
dbp_600521.jpg,0.31033310294151306,0.57806396484375,0.3504214286804199,0.3131553530693054,0.5824763774871826,0.3695624768733978,0.3149906396865845,0.5878226161003113,0.3691665828227997,0.3163639008998871,0.5907754302024841,0.3686290979385376,0.296896755695343,0.5802748799324036,0.35946395993232727,0.2958391606807709,0.57896488904953,0.35955995321273804,0.294424831867218,0.5748815536499023,0.3591659963130951,0.30398625135421753,0.5561728477478027,0.44460299611091614,0.28182825446128845,0.598989725112915,0.3988829553127289,0.3304966688156128,0.5778259038925171,0.37260720133781433,0.3274911940097809,0.5741404294967651,0.36019501090049744,0.4002763628959656,0.5290118455886841,0.4239629805088043,0.2780536711215973,0.7046754360198975,0.24463510513305664,0.5481016635894775,0.55198734998703,0.2732081711292267,0.3286319375038147,0.7714458107948303,-0.11611343175172806,0.6296085119247437,0.46024590730667114,-0.0523315891623497,0.33508363366127014,0.5931845903396606,-0.43920639157295227,0.6739989519119263,0.4387006163597107,-0.11528544127941132,0.33976030349731445,0.5635297298431396,-0.4781399369239807,0.6585448384284973,0.4315275549888611,-0.12185381352901459,0.3395623564720154,0.5484585762023926,-0.4608549177646637,0.6383582949638367,0.4515727460384369,-0.06980625540018082,0.3400316536426544,0.5543344616889954,-0.4366118609905243,0.5616921782493591,0.6525174975395203,0.08295578509569168,0.49049854278564453,0.7682796120643616,-0.08260833472013474,0.8007866740226746,0.4817669689655304,-0.2286911904811859,0.6768718361854553,0.6721376180648804,-0.3652319610118866,0.9605775475502014,0.8128895163536072,-0.49983522295951843,0.8803331255912781,0.7782114744186401,-0.5565322637557983,0.9635141491889954,0.8891814351081848,-0.5253625512123108,0.8794089555740356,0.8248742818832397,-0.5626403093338013,1.111549973487854,0.827402651309967,-0.6629298329353333,1.0232685804367065,0.8050463199615479,-0.6510878801345825
dbp_600531.jpg,0.19257549941539764,0.38224664330482483,0.3710176646709442,0.19309499859809875,0.34178343415260315,0.4060879051685333,0.19960051774978638,0.338410347700119,0.40573373436927795,0.20531250536441803,0.3353709280490875,0.40535256266593933,0.1691926121711731,0.34858131408691406,0.38073205947875977,0.16093765199184418,0.3506254553794861,0.3808075189590454,0.15590794384479523,0.35082876682281494,0.38047248125076294,0.20977984368801117,0.3373846411705017,0.535392701625824,0.16058333218097687,0.36519503593444824,0.4314807057380676,0.2126139998435974,0.39563724398612976,0.41826534271240234,0.18427826464176178,0.4076797366142273,0.3848460614681244,0.30481812357902527,0.45564141869544983,0.5261284112930298,0.20072044432163239,0.5250155329704285,0.2705264091491699,0.4305219352245331,0.48148778080940247,0.4212247133255005,0.3123312294483185,0.5767215490341187,-0.02062893845140934,0.48066604137420654,0.36794188618659973,0.24470877647399902,0.3111831247806549,0.3652952015399933,-0.17611286044120789,0.5278241634368896,0.34348469972610474,0.1967305839061737,0.31769779324531555,0.3193829655647278,-0.19394341111183167,0.5085968375205994,0.33210107684135437,0.19581040740013123,0.30970948934555054,0.32345858216285706,-0.1880393773317337,0.49289581179618835,0.32792410254478455,0.23285454511642456,0.30862903594970703,0.3322966396808624,-0.172173872590065,0.4931373596191406,0.6581283211708069,0.13151130080223083,0.4382835924625397,0.7220410704612732,-0.13137584924697876,0.7730239033699036,0.4855242967605591,-0.0717758983373642,0.7391784191131592,0.5224209427833557,-0.2919025719165802,0.949725329875946,0.7920721173286438,-0.24755163490772247,0.9272862076759338,0.7702263593673706,-0.4445668160915375,0.9575368165969849,0.8715764284133911,-0.274158775806427,0.9156539440155029,0.8354194760322571,-0.44837167859077454,1.1050900220870972,0.7776533365249634,-0.3897610604763031,1.0828702449798584,0.7887251973152161,-0.4947349429130554
dbp_600541.jpg,0.2787642478942871,0.4420366883277893,0.40849724411964417,0.27362340688705444,0.4145367443561554,0.4552942216396332,0.2755204141139984,0.40897029638290405,0.4550527334213257,0.27710214257240295,0.4047812223434448,0.45555052161216736,0.2640317380428314,0.42569589614868164,0.3925513029098511,0.25987476110458374,0.42733997106552124,0.39312902092933655,0.25619035959243774,0.42966049909591675,0.3934992253780365,0.27427011728286743,0.40334200859069824,0.5863231420516968,0.2533200681209564,0.44148558378219604,0.5063666701316833,0.2980102002620697,0.4253385663032532,0.47313281893730164,0.2781960666179657,0.46239519119262695,0.3925037980079651,0.3524566888809204,0.4733699858188629,0.6071380972862244,0.2427666336297989,0.5517354607582092,0.30337396264076233,0.44761180877685547,0.45609843730926514,0.7226851582527161,0.3116928040981293,0.5297263860702515,0.04268632456660271,0.48867160081863403,0.27409499883651733,0.7403833270072937,0.30937889218330383,0.32586348056793213,0.12477575987577438,0.49553412199020386,0.2249605357646942,0.7236831784248352,0.31149357557296753,0.27086758613586426,0.12196788936853409,0.4952804744243622,0.21896760165691376,0.7138971090316772,0.3064480423927307,0.26595252752304077,0.1272454708814621,0.4889567196369171,0.23630227148532867,0.7307846546173096,0.3065044581890106,0.2819523513317108,0.13170841336250305,0.5157753229141235,0.6611836552619934,0.12988075613975525,0.44729316234588623,0.7039303183555603,-0.12995295226573944,0.786884605884552,0.49117812514305115,-0.11118379235267639,0.7457433342933655,0.4932866394519806,-0.28873410820961,0.953376829624176,0.7936660051345825,-0.2611609101295471,0.9322044253349304,0.7807475328445435,-0.4298081696033478,0.9589224457740784,0.8736833930015564,-0.28033316135406494,0.917570948600769,0.8330704569816589,-0.4300783574581146,1.1069293022155762,0.7775710225105286,-0.3804086148738861,1.0964549779891968,0.7899487018585205,-0.4535510838031769
dbp_600551.jpg,0.2828995883464813,0.515620231628418,0.6294657588005066,0.3041216731071472,0.5307862162590027,0.671078085899353,0.3068762421607971,0.5302432179450989,0.6708822250366211,0.3088780343532562,0.5296404361724854,0.6706445813179016,0.2906109392642975,0.5316829085350037,0.6539579033851624,0.28593435883522034,0.5325891375541687,0.6541588306427002,0.2808910608291626,0.5332030653953552,0.6539069414138794,0.2961517870426178,0.5471130013465881,0.754109263420105,0.28323894739151,0.5390707850456238,0.6977975368499756,0.3210229277610779,0.5095865726470947,0.649345338344574,0.29710623621940613,0.5372823476791382,0.6262620687484741,0.3879934549331665,0.5378677845001221,0.7124566435813904,0.2751750349998474,0.5744537711143494,0.4099361300468445,0.46071889996528625,0.44919705390930176,0.7996127009391785,0.32363003492355347,0.5041316747665405,0.33801892399787903,0.48387375473976135,0.26490822434425354,0.8708919882774353,0.31430116295814514,0.3112379312515259,0.5397775173187256,0.49196699261665344,0.2110169678926468,0.8468561768531799,0.3198148012161255,0.2721654772758484,0.5457056164741516,0.4838729798793793,0.22076912224292755,0.8431352376937866,0.31637877225875854,0.25823456048965454,0.5539722442626953,0.48275959491729736,0.22635182738304138,0.8627922534942627,0.3162524998188019,0.28017285466194153,0.5471441745758057,0.5318969488143921,0.6759307980537415,0.12499631941318512,0.46641966700553894,0.7129136919975281,-0.1252296268939972,0.7930781245231628,0.513585090637207,-0.12707524001598358,0.7885326743125916,0.5072523355484009,-0.31920382380485535,0.9547398090362549,0.7951062321662903,-0.29953470826148987,0.9523423910140991,0.7862936854362488,-0.4423474967479706,0.9602830410003662,0.873896598815918,-0.31822776794433594,0.9418907165527344,0.8386532068252563,-0.4450497627258301,1.1067615747451782,0.7876753807067871,-0.4256422817707062,1.104646921157837,0.8086003065109253,-0.48022761940956116
dbp_600561.jpg,0.22636879980564117,0.4277602732181549,0.34947213530540466,0.23351560533046722,0.41502177715301514,0.3747521936893463,0.24053947627544403,0.40973642468452454,0.37442952394485474,0.24868987500667572,0.4096667766571045,0.37414783239364624,0.21876434981822968,0.4211466610431671,0.36798205971717834,0.2142930030822754,0.42354482412338257,0.3680764436721802,0.2102072387933731,0.4256218373775482,0.3676694929599762,0.24732080101966858,0.4204065501689911,0.48117750883102417,0.20672963559627533,0.4455830454826355,0.4499031901359558,0.24672389030456543,0.43873709440231323,0.3862403929233551,0.23118026554584503,0.456349641084671,0.37598928809165955,0.2980170249938965,0.49292561411857605,0.4345078766345978,0.24859340488910675,0.5480816960334778,0.37367117404937744,0.3629385530948639,0.506848156452179,0.26854848861694336,0.33075660467147827,0.5552011728286743,0.25596901774406433,0.3528907001018524,0.477387011051178,0.0016675411025062203,0.31975555419921875,0.400687575340271,0.2427361011505127,0.3472663462162018,0.4645534157752991,-0.05375548079609871,0.3231509029865265,0.3287331163883209,0.24376197159290314,0.3666391968727112,0.4688035845756531,-0.02459089830517769,0.3190443813800812,0.3456064760684967,0.24197567999362946,0.3630119264125824,0.47735267877578735,0.006156101357191801,0.3190026581287384,0.36130958795547485,0.2450643926858902,0.5189561247825623,0.6759756207466125,0.10040954500436783,0.4663483798503876,0.7183144688606262,-0.10066571831703186,0.7927102446556091,0.5653702616691589,-0.06987219303846359,0.7823587656021118,0.5774186849594116,-0.21841149032115936,0.9563955068588257,0.7977160215377808,-0.20604519546031952,0.9640942811965942,0.7878389358520508,-0.28950145840644836,0.9660698771476746,0.8692830204963684,-0.22568634152412415,0.9552665948867798,0.8428604006767273,-0.2917926609516144,1.0980414152145386,0.7966187596321106,-0.34835052490234375,1.1031523942947388,0.7901299595832825,-0.3580888509750366
dbp_600571.jpg,0.3447030782699585,0.5935546159744263,0.5545470118522644,0.34513476490974426,0.5831140875816345,0.5658084750175476,0.34705397486686707,0.5811039805412292,0.5654855966567993,0.3553294837474823,0.5686036348342896,0.5649350881576538,0.34155261516571045,0.5911651849746704,0.5661614537239075,0.3410334885120392,0.5954025983810425,0.5662271976470947,0.3397580683231354,0.5996271967887878,0.5657354593276978,0.35513314604759216,0.5774206519126892,0.4939320683479309,0.3405337333679199,0.6205217838287354,0.5633442997932434,0.36436277627944946,0.5808781385421753,0.5445688962936401,0.36087265610694885,0.6085047721862793,0.5470917224884033,0.44107815623283386,0.5596603751182556,0.5084622502326965,0.35837623476982117,0.6936812400817871,0.42464226484298706,0.5327507257461548,0.582801878452301,0.4649757146835327,0.3637310564517975,0.8054914474487305,0.45158669352531433,0.5672396421432495,0.5117607116699219,0.3547894060611725,0.3344632089138031,0.6206170320510864,0.5615028142929077,0.5929301977157593,0.49531683325767517,0.33090993762016296,0.33411693572998047,0.5825746655464172,0.5933075547218323,0.5703897476196289,0.4904268980026245,0.3320818245410919,0.33540239930152893,0.5769176483154297,0.588838517665863,0.5561169385910034,0.5018359422683716,0.3475322723388672,0.33518943190574646,0.5848326683044434,0.5655187368392944,0.5591493844985962,0.6759734153747559,0.09052147716283798,0.5122609734535217,0.7557030320167542,-0.09082923084497452,0.810260534286499,0.5578978061676025,-0.17176930606365204,0.7726162075996399,0.6063511371612549,-0.2623797655105591,0.9663107395172119,0.7994968891143799,-0.34743109345436096,0.9622012972831726,0.805513858795166,-0.36536696553230286,0.9691888689994812,0.8703969120979309,-0.36692172288894653,0.952431857585907,0.8489803671836853,-0.36958321928977966,1.1028751134872437,0.8268632888793945,-0.48957642912864685,1.1007171869277954,0.831318736076355,-0.478195458650589
dbp_600581.jpg,0.38511765003204346,0.6542632579803467,0.5944362282752991,0.38863155245780945,0.6386578679084778,0.6081011891365051,0.39160388708114624,0.6351904273033142,0.6078601479530334,0.39491692185401917,0.6315716505050659,0.607257604598999,0.3789620101451874,0.6578608751296997,0.6054545640945435,0.3780268132686615,0.6618168354034424,0.6055226922035217,0.376789927482605,0.6658700704574585,0.6049740314483643,0.42580780386924744,0.6467810869216919,0.5663977861404419,0.38647085428237915,0.6899165511131287,0.5965179204940796,0.41013163328170776,0.6478815078735352,0.5857341885566711,0.39912310242652893,0.6668025255203247,0.5825244188308716,0.5050040483474731,0.6254546642303467,0.5307710766792297,0.4009205400943756,0.7524998188018799,0.45373037457466125,0.5771386027336121,0.6197882890701294,0.6264588236808777,0.40905100107192993,0.8249782919883728,0.5838620662689209,0.5455788969993591,0.5500096082687378,0.7079147100448608,0.3607320189476013,0.7254527807235718,0.839084267616272,0.5444826483726501,0.5411616563796997,0.7076057195663452,0.3652137815952301,0.6956415176391602,0.8966557383537292,0.506696343421936,0.5432904362678528,0.7357863783836365,0.3654811680316925,0.684410810470581,0.8943701982498169,0.506289005279541,0.5472989082336426,0.7171074748039246,0.36500200629234314,0.6887945532798767,0.8451579213142395,0.584151029586792,0.6949002742767334,0.0881175622344017,0.5303589105606079,0.8048194646835327,-0.0884704664349556,0.8207560181617737,0.564598023891449,-0.20926904678344727,0.7669601440429688,0.6925487518310547,-0.32358506321907043,0.9656165242195129,0.8116587400436401,-0.3812442123889923,0.9485494494438171,0.8486666083335876,-0.43452441692352295,0.9685096144676208,0.8712714910507202,-0.3974875509738922,0.9520107507705688,0.8788923621177673,-0.4334661066532135,1.0977919101715088,0.8355119228363037,-0.5021156072616577,1.0735116004943848,0.8739017844200134,-0.5342395305633545
dbp_600591.jpg,0.3754153847694397,0.6668934226036072,0.5057821869850159,0.3709562122821808,0.6548194289207458,0.5280864834785461,0.3737620413303375,0.6470990777015686,0.5277565717697144,0.37702733278274536,0.6394540071487427,0.5272427797317505,0.3631756901741028,0.6760227680206299,0.5277866125106812,0.3613908588886261,0.683873176574707,0.5278790593147278,0.3595074713230133,0.691663920879364,0.5272796750068665,0.3957970440387726,0.6335324048995972,0.5783909559249878,0.3655773401260376,0.7050086259841919,0.5927654504776001,0.3908885419368744,0.6402585506439209,0.5291600823402405,0.38097620010375977,0.6645315885543823,0.5323731303215027,0.47337204217910767,0.5997141003608704,0.5631183981895447,0.38015928864479065,0.7553034424781799,0.4332261085510254,0.5529910326004028,0.6068243980407715,0.49839553236961365,0.40494993329048157,0.8183882236480713,0.40255802869796753,0.48119622468948364,0.563351571559906,0.3239962160587311,0.36638736724853516,0.690982460975647,0.49379441142082214,0.47267845273017883,0.5590714812278748,0.2844885289669037,0.37150582671165466,0.6666706800460815,0.5223196744918823,0.44992125034332275,0.5554547905921936,0.3323822319507599,0.3669918477535248,0.6555534601211548,0.5213080644607544,0.4477982819080353,0.5671578049659729,0.33509671688079834,0.3723090589046478,0.6614500880241394,0.49857982993125916,0.5879247784614563,0.6996639966964722,0.10880768299102783,0.5363205075263977,0.8136321306228638,-0.10924001038074493,0.8198912739753723,0.5705921649932861,-0.19361357390880585,0.7632433772087097,0.6575005054473877,-0.342716783285141,0.9633094072341919,0.8150582313537598,-0.31940680742263794,0.9507638812065125,0.8544211387634277,-0.43823057413101196,0.9648826122283936,0.87174391746521,-0.33055177330970764,0.9490073323249817,0.9065064191818237,-0.4389292895793915,1.0957645177841187,0.8312612771987915,-0.42590630054473877,1.0768043994903564,0.8753714561462402,-0.5283157825469971
dbp_600601.jpg,0.3671721816062927,0.6248493790626526,0.42541834712028503,0.36617937684059143,0.6170449256896973,0.47589442133903503,0.37009426951408386,0.6130273342132568,0.4756472706794739,0.3752603232860565,0.6090412735939026,0.47533348202705383,0.3570806384086609,0.6292476654052734,0.45468011498451233,0.3564473092556,0.63438880443573,0.45466896891593933,0.3559192419052124,0.6396353244781494,0.4541812241077423,0.3831748962402344,0.614852249622345,0.6072663068771362,0.355089008808136,0.6892905831336975,0.5362691879272461,0.38288751244544983,0.6232311725616455,0.47368383407592773,0.37201133370399475,0.6397044062614441,0.4453914761543274,0.46182572841644287,0.6287814378738403,0.6261309385299683,0.3683539032936096,0.7332326173782349,0.3129393756389618,0.5444653630256653,0.5955064296722412,0.585780143737793,0.400410532951355,0.7680190801620483,0.032922565937042236,0.4977213144302368,0.4537573456764221,0.4980575144290924,0.37058553099632263,0.5395956039428711,-0.019776098430156708,0.495710164308548,0.4126770496368408,0.46802207827568054,0.3809833228588104,0.4943867027759552,-0.022642606869339943,0.48070237040519714,0.3980467617511749,0.4924819767475128,0.3778415024280548,0.47754520177841187,-0.0033711898140609264,0.47602805495262146,0.43985748291015625,0.49855929613113403,0.3779524564743042,0.498217910528183,-0.008254041895270348,0.6063086986541748,0.7461704015731812,0.11492086201906204,0.5437301993370056,0.8198804259300232,-0.11512730270624161,0.8292152285575867,0.5863122940063477,-0.17099836468696594,0.7681316137313843,0.6392268538475037,-0.3161248564720154,0.9714738130569458,0.8527272343635559,-0.27473780512809753,0.9551624059677124,0.8627415895462036,-0.429608017206192,0.9713870286941528,0.9082430601119995,-0.2897827923297882,0.9531530141830444,0.9183269739151001,-0.4321686327457428,1.116045355796814,0.8612058162689209,-0.39148300886154175,1.1002943515777588,0.8903907537460327,-0.5023229122161865
dbp_600611.jpg,0.3761061131954193,0.664769172668457,0.6991955637931824,0.37537941336631775,0.643890917301178,0.7534784078598022,0.37739190459251404,0.6436805129051208,0.7534011602401733,0.37988051772117615,0.6434849500656128,0.7532328367233276,0.36550813913345337,0.6697453260421753,0.7362344264984131,0.3633325695991516,0.6709036827087402,0.7363965511322021,0.36114856600761414,0.6717091202735901,0.7360596060752869,0.3801584541797638,0.6513709425926208,0.8714151978492737,0.3560042381286621,0.6887032389640808,0.7975461483001709,0.38604480028152466,0.6639360785484314,0.7282729744911194,0.3772454261779785,0.6669712066650391,0.7041251063346863,0.44977322220802307,0.6767474412918091,0.805168867111206,0.35969316959381104,0.73061203956604,0.4926587641239166,0.4711506962776184,0.5772652626037598,0.8855565190315247,0.38248223066329956,0.6130883097648621,0.27784231305122375,0.4772213101387024,0.34062623977661133,0.9957099556922913,0.36845099925994873,0.4106760621070862,0.4190419614315033,0.4760619103908539,0.3263450860977173,0.9810063242912292,0.37775248289108276,0.3631044924259186,0.42192670702934265,0.4556672275066376,0.3197503089904785,0.9811819195747375,0.3777562081813812,0.35381630063056946,0.4411490857601166,0.4615612030029297,0.344533234834671,0.9917773604393005,0.37663987278938293,0.3690190315246582,0.43343356251716614,0.5876093506813049,0.7781902551651001,0.11507639288902283,0.540149450302124,0.8108825087547302,-0.1153959259390831,0.826846718788147,0.6687917709350586,-0.1681295484304428,0.8390461206436157,0.6013633012771606,-0.3169105648994446,0.9743022918701172,0.8605896830558777,-0.3220650255680084,0.980678379535675,0.8679400086402893,-0.515174388885498,1.0097486972808838,0.9300253391265869,-0.34920310974121094,0.9791542887687683,0.9330642819404602,-0.5326262712478638,1.120131254196167,0.8588079810142517,-0.4399486482143402,1.1261188983917236,0.8825982809066772,-0.5957361459732056
dbp_600621.jpg,0.37838613986968994,0.6909130811691284,0.7032333016395569,0.37310823798179626,0.690026581287384,0.7421358823776245,0.3742321729660034,0.6928264498710632,0.7419923543930054,0.3757896423339844,0.6956252455711365,0.7417545914649963,0.3677825927734375,0.6880806684494019,0.7219541072845459,0.36318710446357727,0.6973510980606079,0.7220534682273865,0.3601606786251068,0.6985186338424683,0.7217058539390564,0.38464993238449097,0.7234050035476685,0.8084383606910706,0.3538025915622711,0.7108755707740784,0.7231346964836121,0.38509342074394226,0.7046653628349304,0.7148463726043701,0.3793412744998932,0.7002171277999878,0.6872215867042542,0.4488920569419861,0.7401340007781982,0.7472769021987915,0.35315510630607605,0.735939085483551,0.4687170386314392,0.4908202886581421,0.5937491655349731,0.7963095307350159,0.37951308488845825,0.5870751142501831,0.2801818549633026,0.5297895073890686,0.34696221351623535,0.8560377955436707,0.3772520422935486,0.3841271996498108,0.43808645009994507,0.541881799697876,0.35444989800453186,0.837692141532898,0.3839632272720337,0.3469409942626953,0.4360232353210449,0.52411288022995,0.35179561376571655,0.8331335186958313,0.38670942187309265,0.3406411409378052,0.4584694504737854,0.5241472125053406,0.36815324425697327,0.8486637473106384,0.39202794432640076,0.35221660137176514,0.45154789090156555,0.5850520730018616,0.8074229955673218,0.11439430713653564,0.534584105014801,0.8132669925689697,-0.11473607271909714,0.8257769346237183,0.6975869536399841,-0.16241802275180817,0.8515045642852783,0.5909951329231262,-0.3485439717769623,0.9775002598762512,0.8733355402946472,-0.3471922278404236,0.9856637716293335,0.8808332681655884,-0.5790573358535767,1.0027881860733032,0.9407798051834106,-0.37599125504493713,0.9790490865707397,0.9477255940437317,-0.5974467992782593,1.1196792125701904,0.855434238910675,-0.4452459514141083,1.1244868040084839,0.8919119238853455,-0.6419156193733215
dbp_600631.jpg,0.37750789523124695,0.7093223333358765,0.741570770740509,0.3699796795845032,0.7116639018058777,0.7838248014450073,0.37107670307159424,0.7139412760734558,0.7837509512901306,0.3725929260253906,0.716178297996521,0.7836033701896667,0.3644733428955078,0.7219597697257996,0.7591791152954102,0.3606637120246887,0.7234299778938293,0.7592748999595642,0.3573848605155945,0.7240676283836365,0.7588986158370972,0.3815802037715912,0.7358725070953369,0.8655156493186951,0.3519006371498108,0.7305000424385071,0.7578385472297668,0.3869333565235138,0.720609188079834,0.7598112225532532,0.37769368290901184,0.7185987830162048,0.7264575362205505,0.4470944106578827,0.755902111530304,0.8103094100952148,0.3506532311439514,0.7519208192825317,0.46004071831703186,0.494170606136322,0.6044652462005615,0.8490781784057617,0.3781038522720337,0.5824040174484253,0.2979360818862915,0.544026255607605,0.36796557903289795,0.931448757648468,0.37732604146003723,0.3684673011302948,0.4712691009044647,0.5449956655502319,0.36294466257095337,0.9266794919967651,0.38098812103271484,0.32708054780960083,0.47003495693206787,0.5332632064819336,0.36140069365501404,0.9225596785545349,0.38332611322402954,0.32425540685653687,0.5067794322967529,0.5331582427024841,0.37434250116348267,0.9255340099334717,0.38863494992256165,0.33575010299682617,0.4907619059085846,0.5876266956329346,0.8051774501800537,0.12110874056816101,0.5395990610122681,0.8165450096130371,-0.12163732945919037,0.8221254348754883,0.6885274052619934,-0.1321747899055481,0.8476310968399048,0.5868691205978394,-0.3619328737258911,0.9774130582809448,0.873663067817688,-0.34814220666885376,0.9852142333984375,0.880531370639801,-0.6141114830970764,1.0012925863265991,0.9375419020652771,-0.3794284164905548,0.9800680875778198,0.9402039647102356,-0.6367346048355103,1.1132174730300903,0.8564125299453735,-0.44661882519721985,1.1205955743789673,0.8905736207962036,-0.6814740300178528
dbp_600641.jpg,0.37461110949516296,0.7133663892745972,0.7475376129150391,0.36885908246040344,0.7207828164100647,0.803943395614624,0.37364065647125244,0.7241395115852356,0.8039169907569885,0.3762560784816742,0.7249846458435059,0.8038871884346008,0.36219650506973267,0.7243701219558716,0.7739933133125305,0.3585060238838196,0.7345067262649536,0.7740362882614136,0.3553071916103363,0.7365871071815491,0.773579478263855,0.3831304907798767,0.7371466755867004,0.9539915919303894,0.3514782786369324,0.74912428855896,0.8183529376983643,0.38566213846206665,0.7189686894416809,0.7922789454460144,0.3754923641681671,0.7247190475463867,0.7513841986656189,0.45034101605415344,0.716632068157196,0.928954541683197,0.3383432626724243,0.7774077653884888,0.5160591006278992,0.5049041509628296,0.6187053918838501,1.0076345205307007,0.36955124139785767,0.5862031579017639,0.24241110682487488,0.540002703666687,0.3918021321296692,1.0674482583999634,0.37492498755455017,0.41156741976737976,0.29674121737480164,0.5426403284072876,0.3720410168170929,1.0570182800292969,0.3799138367176056,0.3714967966079712,0.2893868088722229,0.5301500558853149,0.36956366896629333,1.0661351680755615,0.3809959292411804,0.36576494574546814,0.3302520513534546,0.5286065340042114,0.38329556584358215,1.064391016960144,0.38488128781318665,0.37737733125686646,0.3169673681259155,0.5965778231620789,0.7836204767227173,0.13456551730632782,0.5366004705429077,0.8203858137130737,-0.13503405451774597,0.8268648982048035,0.6657548546791077,-0.19166545569896698,0.8475313186645508,0.5873916745185852,-0.4424610733985901,0.9777899980545044,0.8679845929145813,-0.3798665702342987,0.9812964797019958,0.8769561052322388,-0.6543158292770386,0.9978287816047668,0.9311826229095459,-0.4111602008342743,0.9760395884513855,0.9343087077140808,-0.6745815277099609,1.112640619277954,0.8560580015182495,-0.5411370992660522,1.1161366701126099,0.9033530354499817,-0.7784954309463501
dbp_600651.jpg,0.3742944002151489,0.7229680418968201,0.5028525590896606,0.36761054396629333,0.727959930896759,0.5335761904716492,0.37278661131858826,0.725688099861145,0.5334659814834595,0.37605640292167664,0.723335325717926,0.5332381725311279,0.3604041635990143,0.7385833859443665,0.5081948041915894,0.3572942018508911,0.7442954182624817,0.5080681443214417,0.35455769300460815,0.7517397403717041,0.5075675845146179,0.3814477324485779,0.7418074607849121,0.6199529767036438,0.3511698544025421,0.770551323890686,0.5083500146865845,0.3845324218273163,0.7188974022865295,0.5292139649391174,0.37466415762901306,0.7309211492538452,0.4955572485923767,0.4570576846599579,0.7259438633918762,0.6244932413101196,0.3583711087703705,0.8075089454650879,0.2594143748283386,0.5291763544082642,0.649086058139801,0.545478105545044,0.375401109457016,0.8264951109886169,-0.026414623484015465,0.5093475580215454,0.5641047358512878,0.4147745370864868,0.37641456723213196,0.5981196761131287,-0.08400357514619827,0.4958200752735138,0.5242089629173279,0.37193432450294495,0.3863193690776825,0.5622256994247437,-0.09395035356283188,0.47962987422943115,0.528034508228302,0.39828312397003174,0.3860812783241272,0.5532600283622742,-0.06701549142599106,0.48628589510917664,0.5599555969238281,0.4138348400592804,0.3864158093929291,0.564136266708374,-0.06999407708644867,0.6330242156982422,0.7803718447685242,0.1316913664340973,0.5597127079963684,0.8156903386116028,-0.13199642300605774,0.8438072204589844,0.6499898433685303,-0.10270493477582932,0.8491069674491882,0.5877600908279419,-0.3240909278392792,0.9893524050712585,0.8640739321708679,-0.18591667711734772,0.987261950969696,0.8833808898925781,-0.42922037839889526,1.0403413772583008,0.9277423620223999,-0.20147228240966797,0.9817062020301819,0.9446892738342285,-0.4337892532348633,1.1253390312194824,0.8432063460350037,-0.2900502383708954,1.1261123418807983,0.9071767330169678,-0.49848538637161255
dbp_600661.jpg,0.3774746358394623,0.7184345722198486,0.5155526399612427,0.36798009276390076,0.7163541316986084,0.552902102470398,0.3718946576118469,0.7126553058624268,0.5527312755584717,0.37426453828811646,0.7096667885780334,0.5525338649749756,0.35934361815452576,0.7404168248176575,0.5347434282302856,0.3561827540397644,0.7456908226013184,0.5346962213516235,0.35343679785728455,0.7505375146865845,0.5342394709587097,0.38005611300468445,0.7210478782653809,0.6707280874252319,0.357420414686203,0.7734601497650146,0.586760938167572,0.3893483281135559,0.7153947353363037,0.5547579526901245,0.37876030802726746,0.7369402647018433,0.5299602150917053,0.45621588826179504,0.7024372220039368,0.6601149439811707,0.38160330057144165,0.833020806312561,0.4280306398868561,0.5366531014442444,0.6906793117523193,0.6402001976966858,0.4074368178844452,0.9512746930122375,0.334256112575531,0.5268282294273376,0.6524163484573364,0.5583111047744751,0.42353132367134094,0.7890347838401794,0.4041253626346588,0.5322398543357849,0.6360520124435425,0.5285390615463257,0.4271794557571411,0.7466201782226562,0.4299566149711609,0.5185180902481079,0.639892578125,0.5505850315093994,0.41897478699684143,0.7450329065322876,0.450309693813324,0.5142257809638977,0.6549769639968872,0.5593827366828918,0.4209655225276947,0.756980836391449,0.41836512088775635,0.6271037459373474,0.7584294676780701,0.12990950047969818,0.5851221084594727,0.8215628862380981,-0.13031284511089325,0.8421042561531067,0.6426639556884766,-0.11200235038995743,0.840103805065155,0.5932756066322327,-0.3386155068874359,1.0209604501724243,0.8630234599113464,-0.21474608778953552,0.9878061413764954,0.8856454491615295,-0.46061214804649353,1.0436564683914185,0.918205201625824,-0.2295888364315033,0.9821388125419617,0.9467122554779053,-0.46512898802757263,1.1311067342758179,0.821708083152771,-0.3208853602409363,1.127171277999878,0.9038846492767334,-0.5314101576805115
dbp_600671.jpg,,,,,,,,,,,,,,,,,,,,,,,,,,,,,,,,,,,,,,,,,,,,,,,,,,,,,,,,,,,,,,,,,,,,,,,,,,,,,,,,,,,,,,,,,,,,,,,,,,,
dbp_600681.jpg,,,,,,,,,,,,,,,,,,,,,,,,,,,,,,,,,,,,,,,,,,,,,,,,,,,,,,,,,,,,,,,,,,,,,,,,,,,,,,,,,,,,,,,,,,,,,,,,,,,
dbp_600691.jpg,0.40356796979904175,0.6986661553382874,0.25609108805656433,0.3967820107936859,0.6934698224067688,0.27913257479667664,0.3975610136985779,0.6953592300415039,0.2790403664112091,0.3979092240333557,0.7104176878929138,0.2789000868797302,0.3886348009109497,0.6959034204483032,0.23347513377666473,0.38574302196502686,0.6991928815841675,0.23351167142391205,0.3825010061264038,0.703434944152832,0.23324359953403473,0.3973054885864258,0.7446247339248657,0.3726109266281128,0.37594813108444214,0.7437693476676941,0.16147197782993317,0.41326653957366943,0.7216256260871887,0.29344642162323,0.4052107632160187,0.7219260334968567,0.23168164491653442,0.4712950885295868,0.7754968404769897,0.4114215672016144,0.39012792706489563,0.8013778924942017,0.005346981342881918,0.5593662261962891,0.613156795501709,0.4262361526489258,0.38844940066337585,0.6497343182563782,-0.16627679765224457,0.5903334021568298,0.40328848361968994,0.41357144713401794,0.38685595989227295,0.44987380504608154,-0.08725084364414215,0.5982663631439209,0.3619520962238312,0.414397656917572,0.39421385526657104,0.40887683629989624,-0.10002761334180832,0.594365119934082,0.35095593333244324,0.3958759903907776,0.3935334086418152,0.3983140289783478,-0.06964369118213654,0.5925424695014954,0.36522215604782104,0.4006332755088806,0.392910897731781,0.41277822852134705,-0.0707586482167244,0.6746886372566223,0.7422655820846558,0.11636733263731003,0.6471384167671204,0.754700779914856,-0.11679743975400925,0.8524749875068665,0.6596553921699524,0.08923546224832535,0.8443189263343811,0.6147129535675049,-0.19013497233390808,0.9896920323371887,0.7161428928375244,0.14363707602024078,0.9976469278335571,0.7421404719352722,-0.13539865612983704,1.0100654363632202,0.7332956790924072,0.14974956214427948,1.011413335800171,0.7820244431495667,-0.1265750378370285,1.0216854810714722,0.6952648758888245,0.10962557047605515,1.0616350173950195,0.7323930263519287,-0.17048554122447968
dbp_600701.jpg,0.4054964780807495,0.7671859860420227,0.4635162353515625,0.396512508392334,0.7729728817939758,0.4645227789878845,0.39717817306518555,0.7743696570396423,0.46442490816116333,0.3973363935947418,0.7766396999359131,0.4640597105026245,0.38930103182792664,0.7724018692970276,0.440553218126297,0.3868226110935211,0.7732862830162048,0.4405584931373596,0.3826701045036316,0.7764756679534912,0.4402911961078644,0.39729514718055725,0.7942582964897156,0.4595061242580414,0.3775429129600525,0.789115309715271,0.3493182957172394,0.41455715894699097,0.7675101161003113,0.4652915596961975,0.4101632237434387,0.767576277256012,0.43315568566322327,0.47893017530441284,0.8041887879371643,0.45202356576919556,0.39265507459640503,0.797055721282959,0.15518006682395935,0.5596903562545776,0.6480885148048401,0.44828376173973083,0.3912707567214966,0.6321040391921997,0.06637393683195114,0.5893446207046509,0.44864511489868164,0.46444401144981384,0.38445159792900085,0.4395187497138977,0.14934803545475006,0.6221705675125122,0.4242757260799408,0.4574531316757202,0.3873564898967743,0.3911530673503876,0.14175249636173248,0.5999209880828857,0.3801721930503845,0.4510639011859894,0.3880366086959839,0.3858964741230011,0.16036981344223022,0.6167488694190979,0.43443188071250916,0.4562801420688629,0.39225348830223083,0.40201595425605774,0.15983058512210846,0.6892491579055786,0.7451915144920349,0.09986504167318344,0.651523232460022,0.7521852254867554,-0.10045759379863739,0.875366747379303,0.6602538824081421,-0.012267368845641613,0.8774557113647461,0.6231417059898376,-0.21936072409152985,0.9730474948883057,0.7460759282112122,0.2301580160856247,1.0037015676498413,0.7716912031173706,-0.03789450228214264,0.9754447340965271,0.7656021118164062,0.25809651613235474,1.011164665222168,0.8051210045814514,-0.011742975562810898,1.008861780166626,0.7469040155410767,0.2560253441333771,1.0726803541183472,0.7883493900299072,-0.04562201350927353
dbp_600711.jpg,0.4033856987953186,0.775600254535675,0.4634018540382385,0.3945179879665375,0.778685450553894,0.46386539936065674,0.3946869671344757,0.7887216210365295,0.4638083279132843,0.39487043023109436,0.7892085313796997,0.4635280668735504,0.3871057331562042,0.7802849411964417,0.44094303250312805,0.3850415050983429,0.7808035016059875,0.4409870505332947,0.3817698061466217,0.7818434238433838,0.44073331356048584,0.3959110677242279,0.8053761720657349,0.4618155360221863,0.37767237424850464,0.7864002585411072,0.35555410385131836,0.4140373468399048,0.7811809778213501,0.4668603837490082,0.40935418009757996,0.7770640850067139,0.4357028603553772,0.4782661497592926,0.8150179386138916,0.44585293531417847,0.3924701511859894,0.7944608330726624,0.18783284723758698,0.5390357375144958,0.6733866930007935,0.45228105783462524,0.3895772099494934,0.6257869601249695,0.10621938854455948,0.5494206547737122,0.5133296251296997,0.45588645339012146,0.36794230341911316,0.43969297409057617,0.18612900376319885,0.5758102536201477,0.4930953085422516,0.4464370012283325,0.35786712169647217,0.3922053873538971,0.17511984705924988,0.567066490650177,0.48719334602355957,0.43905413150787354,0.3552004098892212,0.38684603571891785,0.18678289651870728,0.568333625793457,0.5016239881515503,0.44874757528305054,0.3604741096496582,0.4026571810245514,0.19383566081523895,0.6830578446388245,0.7633795738220215,0.07113052159547806,0.638212263584137,0.7525954246520996,-0.07164304703474045,0.8717594742774963,0.6926282644271851,0.001885089324787259,0.8702471852302551,0.640828013420105,-0.1571647822856903,0.9745005369186401,0.7570645809173584,0.1711723953485489,1.0038816928863525,0.7670418620109558,-0.0404883548617363,0.982230007648468,0.7741986513137817,0.19389893114566803,1.014332890510559,0.7970774173736572,-0.025314781814813614,1.0092265605926514,0.7437378764152527,0.16395778954029083,1.071000576019287,0.7749097347259521,-0.0899057686328888
dbp_600721.jpg,0.38987836241722107,0.7582734823226929,0.3870668113231659,0.3839525580406189,0.7613118290901184,0.39801421761512756,0.3842684328556061,0.7659966349601746,0.3979390263557434,0.38473743200302124,0.7727606296539307,0.3977137506008148,0.38035842776298523,0.7623313665390015,0.3652868866920471,0.3788723945617676,0.7633213400840759,0.3653244972229004,0.37681135535240173,0.7650511264801025,0.36506661772727966,0.3914905786514282,0.793685257434845,0.4382533133029938,0.370367169380188,0.7807396054267883,0.29052260518074036,0.40867337584495544,0.7708344459533691,0.4059544503688812,0.4064743220806122,0.7695332169532776,0.3616257905960083,0.473745197057724,0.8109120726585388,0.4421653151512146,0.3848181366920471,0.792012631893158,0.13621735572814941,0.521148681640625,0.6602544784545898,0.450703889131546,0.37829914689064026,0.6270092725753784,0.0455162450671196,0.5359971523284912,0.4811946749687195,0.45380470156669617,0.3469557762145996,0.43753424286842346,0.13058854639530182,0.5463350415229797,0.46057286858558655,0.43571674823760986,0.3386451303958893,0.38667625188827515,0.11879033595323563,0.5379257202148438,0.4383893311023712,0.4364805221557617,0.33117014169692993,0.38478198647499084,0.1319292187690735,0.5366711020469666,0.4563874900341034,0.4425421357154846,0.3340642750263214,0.4009946286678314,0.13898847997188568,0.6661521792411804,0.7652854919433594,0.07558596879243851,0.6211854219436646,0.7518965005874634,-0.07602674514055252,0.8493780493736267,0.7005265355110168,0.05595460161566734,0.8487816452980042,0.643811821937561,-0.15333686769008636,0.9715852737426758,0.7371302247047424,0.15407338738441467,1.0004206895828247,0.7527718544006348,-0.0670032724738121,0.9864873886108398,0.7489762902259827,0.1638173907995224,1.0144222974777222,0.7819880843162537,-0.053195495158433914,0.9956112504005432,0.7028637528419495,0.12454622238874435,1.0546594858169556,0.7402175068855286,-0.10846707224845886
dbp_600731.jpg,0.38092389702796936,0.7694704532623291,0.4151018559932709,0.37011319398880005,0.7788868546485901,0.4262140393257141,0.370548278093338,0.7794954776763916,0.42619213461875916,0.370702862739563,0.7810273766517639,0.42593297362327576,0.3669392466545105,0.7759325504302979,0.39689454436302185,0.36478981375694275,0.7768082618713379,0.3969521224498749,0.3626345694065094,0.7777954339981079,0.39673948287963867,0.3817901313304901,0.8080995082855225,0.4707354009151459,0.3619726300239563,0.7936643958091736,0.3382100462913513,0.3970494270324707,0.7759376764297485,0.43579593300819397,0.3951364755630493,0.7715343236923218,0.3966054618358612,0.46495407819747925,0.8080424070358276,0.488707572221756,0.37762314081192017,0.8034850358963013,0.16046319901943207,0.5042573809623718,0.6553096175193787,0.49502652883529663,0.35827669501304626,0.6343669891357422,0.0442473329603672,0.5176652669906616,0.4579598307609558,0.4900898337364197,0.32538262009620667,0.4496138393878937,0.13378582894802094,0.5177871584892273,0.4384251832962036,0.4752621352672577,0.3138166069984436,0.3967398405075073,0.11329077184200287,0.5148313045501709,0.4345687925815582,0.4678705334663391,0.30546584725379944,0.3949381113052368,0.13390305638313293,0.5150927305221558,0.4243380129337311,0.4796552062034607,0.3110862076282501,0.41027137637138367,0.1439087688922882,0.6649861931800842,0.7649279832839966,0.08079592138528824,0.6248185038566589,0.7529582381248474,-0.08134932816028595,0.8501996397972107,0.6826820969581604,0.02597280591726303,0.8490049839019775,0.6411811113357544,-0.16707958281040192,0.9609196782112122,0.7177353501319885,0.1990673691034317,0.9992648959159851,0.7502831220626831,-0.05275409296154976,0.972037136554718,0.7357368469238281,0.21822324395179749,1.0093134641647339,0.7794257998466492,-0.03540206700563431,0.989566445350647,0.6806818842887878,0.18430784344673157,1.0570623874664307,0.7357555627822876,-0.10302586853504181
dbp_600741.jpg,0.35910356044769287,0.7651447653770447,0.3971562385559082,0.34839221835136414,0.7774858474731445,0.41066208481788635,0.3497355282306671,0.7797650098800659,0.410603791475296,0.35113778710365295,0.7822211384773254,0.41035395860671997,0.3444119393825531,0.7749074101448059,0.3756254315376282,0.3427881896495819,0.7766203880310059,0.37564146518707275,0.34123939275741577,0.7783275842666626,0.3754068613052368,0.3573015034198761,0.8018983602523804,0.4695459306240082,0.345469206571579,0.7974035739898682,0.30996817350387573,0.38019710779190063,0.7728205919265747,0.424056738615036,0.37851205468177795,0.7713527083396912,0.3774138391017914,0.4525682032108307,0.8070806860923767,0.5175669193267822,0.3672901690006256,0.8032302260398865,0.12815871834754944,0.5053849220275879,0.6532039046287537,0.5419134497642517,0.35019224882125854,0.6346077919006348,0.01013000775128603,0.5335655808448792,0.49478453397750854,0.5446978807449341,0.3151697516441345,0.4508262574672699,0.11221936345100403,0.539286732673645,0.4688278138637543,0.5373199582099915,0.3062593638896942,0.39706170558929443,0.09366188943386078,0.533368706703186,0.4700406491756439,0.527374804019928,0.29682067036628723,0.39587071537971497,0.11664165556430817,0.533193051815033,0.47481685876846313,0.5350984930992126,0.3023417890071869,0.410512238740921,0.125273659825325,0.6635483503341675,0.7566795349121094,0.11125718057155609,0.6265714764595032,0.7478513121604919,-0.11162623763084412,0.8504205346107483,0.6822294592857361,0.06559442728757858,0.8494417071342468,0.6392244696617126,-0.21214327216148376,0.963361918926239,0.7224900722503662,0.24735262989997864,1.0027333498001099,0.7515559792518616,-0.064790740609169,0.9769105911254883,0.7410667538642883,0.26402443647384644,1.0132943391799927,0.7848897576332092,-0.048388369381427765,0.9903271794319153,0.6868029832839966,0.22109216451644897,1.0610578060150146,0.7360135316848755,-0.10682033747434616
dbp_600751.jpg,0.3654879331588745,0.7510953545570374,0.3108653128147125,0.3525516092777252,0.7681770324707031,0.33484378457069397,0.3534272611141205,0.7688238620758057,0.33476316928863525,0.3541732728481293,0.7653738856315613,0.3345046639442444,0.34855276346206665,0.7694158554077148,0.29241982102394104,0.34640881419181824,0.7731696367263794,0.29243379831314087,0.34415197372436523,0.7778282761573792,0.29225537180900574,0.3586430847644806,0.786835789680481,0.46691930294036865,0.3405744731426239,0.7923674583435059,0.2581440806388855,0.38264018297195435,0.7588725686073303,0.3572831451892853,0.37747564911842346,0.7616894841194153,0.3013208508491516,0.4454100728034973,0.7972629070281982,0.4968983829021454,0.36563533544540405,0.8087224364280701,0.08300669491291046,0.5144702196121216,0.6330508589744568,0.5274806618690491,0.33951178193092346,0.6350035071372986,-0.05079241842031479,0.5116868019104004,0.42496609687805176,0.5108049511909485,0.30399540066719055,0.4509918689727783,0.06515643000602722,0.5135800242424011,0.3791166841983795,0.5083363652229309,0.2893940508365631,0.39730003476142883,0.0455937534570694,0.5085902810096741,0.37668871879577637,0.48830124735832214,0.2847820520401001,0.39767709374427795,0.08779199421405792,0.5075228214263916,0.38619089126586914,0.4975077509880066,0.29143866896629333,0.4123794436454773,0.08975496888160706,0.6625658273696899,0.7320309281349182,0.12178335338830948,0.6269840598106384,0.742404580116272,-0.1221490353345871,0.8654755353927612,0.651444137096405,0.06445679068565369,0.8504563570022583,0.6382303237915039,-0.2215530276298523,0.9821788668632507,0.759194016456604,0.22092191874980927,1.0045539140701294,0.8097481727600098,-0.13399942219257355,0.9861723780632019,0.7895746827125549,0.23466484248638153,1.0128382444381714,0.8507475852966309,-0.12240392714738846,1.0291677713394165,0.7531960606575012,0.1951461285352707,1.0764613151550293,0.822963297367096,-0.1860489696264267
dbp_700101.jpg,,,,,,,,,,,,,,,,,,,,,,,,,,,,,,,,,,,,,,,,,,,,,,,,,,,,,,,,,,,,,,,,,,,,,,,,,,,,,,,,,,,,,,,,,,,,,,,,,,,
dbp_700111.jpg,,,,,,,,,,,,,,,,,,,,,,,,,,,,,,,,,,,,,,,,,,,,,,,,,,,,,,,,,,,,,,,,,,,,,,,,,,,,,,,,,,,,,,,,,,,,,,,,,,,
dbp_700121.jpg,,,,,,,,,,,,,,,,,,,,,,,,,,,,,,,,,,,,,,,,,,,,,,,,,,,,,,,,,,,,,,,,,,,,,,,,,,,,,,,,,,,,,,,,,,,,,,,,,,,
dbp_700131.jpg,,,,,,,,,,,,,,,,,,,,,,,,,,,,,,,,,,,,,,,,,,,,,,,,,,,,,,,,,,,,,,,,,,,,,,,,,,,,,,,,,,,,,,,,,,,,,,,,,,,
dbp_700141.jpg,,,,,,,,,,,,,,,,,,,,,,,,,,,,,,,,,,,,,,,,,,,,,,,,,,,,,,,,,,,,,,,,,,,,,,,,,,,,,,,,,,,,,,,,,,,,,,,,,,,
dbp_700151.jpg,0.5848009586334229,0.6538280248641968,0.3230043649673462,0.5950454473495483,0.6662170886993408,0.3279207646846771,0.597105860710144,0.6694765090942383,0.3278023898601532,0.5990179777145386,0.6728402972221375,0.3277052342891693,0.5875295400619507,0.6614804267883301,0.34462970495224,0.5847030282020569,0.6596989631652832,0.3446604907512665,0.5819275379180908,0.6580754518508911,0.3444445729255676,0.5920595526695251,0.6787601113319397,0.3180285394191742,0.5695051550865173,0.6606097221374512,0.39397209882736206,0.5767803192138672,0.6551010012626648,0.3151988685131073,0.5698251128196716,0.6457006335258484,0.3377525210380554,0.5883099436759949,0.6686168909072876,0.17551586031913757,0.49219509959220886,0.655377209186554,0.39247867465019226,0.6172135472297668,0.5941816568374634,0.11785170435905457,0.41857007145881653,0.5834986567497253,0.41116857528686523,0.6064569354057312,0.46522384881973267,0.15390744805335999,0.3940637409687042,0.5175403356552124,0.3648301959037781,0.6079562902450562,0.42689165472984314,0.1322162002325058,0.382953941822052,0.5107131600379944,0.3591777980327606,0.608201265335083,0.43234190344810486,0.14945167303085327,0.39325112104415894,0.5059844851493835,0.33743104338645935,0.6051798462867737,0.4447307884693146,0.1620887964963913,0.39859330654144287,0.5112719535827637,0.3552078306674957,0.41571706533432007,0.6339690685272217,-0.06331714242696762,0.3759351968765259,0.629612922668457,0.06290905177593231,0.2764245271682739,0.51523756980896,-0.17083753645420074,0.28630706667900085,0.5400646328926086,0.04264535754919052,0.1483030468225479,0.5401324033737183,-0.21325479447841644,0.15061593055725098,0.5287364721298218,-0.024145333096385002,0.1239890307188034,0.5631394982337952,-0.21743860840797424,0.12666532397270203,0.5430814027786255,-0.034065429121255875,0.11071603745222092,0.491933137178421,-0.24918609857559204,0.10852226614952087,0.47974687814712524,-0.07581918686628342
dbp_700161.jpg,0.5798026919364929,0.5912349820137024,0.23123699426651,0.5965341329574585,0.6278988122940063,0.24498526751995087,0.5980737805366516,0.634696900844574,0.24483010172843933,0.5995512008666992,0.641655445098877,0.24457035958766937,0.5908478498458862,0.6135020852088928,0.2650200128555298,0.5888451933860779,0.608867883682251,0.26506248116493225,0.5816054940223694,0.5848029851913452,0.26489078998565674,0.5923634171485901,0.6584722399711609,0.29602861404418945,0.5694305300712585,0.5971472263336182,0.38389527797698975,0.574562668800354,0.611083984375,0.24791409075260162,0.5687590837478638,0.5955498814582825,0.2742239236831665,0.5795103907585144,0.69682776927948,0.18293991684913635,0.5046395659446716,0.5777434706687927,0.3991245627403259,0.5864209532737732,0.7780227661132812,0.01075899600982666,0.4243285357952118,0.5201340317726135,0.418642520904541,0.6023158431053162,0.6111749410629272,-0.05171024054288864,0.40554091334342957,0.48005083203315735,0.31428998708724976,0.6038419604301453,0.5687894821166992,-0.08916507661342621,0.38449352979660034,0.4570905864238739,0.2953314483165741,0.6016208529472351,0.5618021488189697,-0.05371345207095146,0.3934043049812317,0.4702715575695038,0.27513641119003296,0.5983772277832031,0.5735695362091064,-0.041050985455513,0.4003668427467346,0.4801654815673828,0.30103060603141785,0.3964179754257202,0.6551923751831055,-0.06181319057941437,0.37332791090011597,0.5794345140457153,0.061590563505887985,0.2309608906507492,0.5480236411094666,-0.22372429072856903,0.24611449241638184,0.5229083895683289,-0.033405523747205734,0.1130094826221466,0.6035619378089905,-0.06267138570547104,0.10940458625555038,0.5677148103713989,0.07477965950965881,0.10151895880699158,0.6215582489967346,-0.04006301239132881,0.09628801047801971,0.5907131433486938,0.087262362241745,0.05163855105638504,0.5857405662536621,-0.09285231679677963,0.050845999270677567,0.5373532772064209,0.009446818381547928
dbp_700171.jpg,0.5601730942726135,0.5620724558830261,0.2533005475997925,0.5678554773330688,0.5755450129508972,0.2796783745288849,0.5689769983291626,0.5839776992797852,0.2796584963798523,0.570652186870575,0.5909794569015503,0.2789492905139923,0.5612407922744751,0.5578933954238892,0.30235421657562256,0.5597082376480103,0.5526291728019714,0.30240127444267273,0.558163046836853,0.5466620922088623,0.302354633808136,0.5700826644897461,0.6156409382820129,0.35897618532180786,0.5491518378257751,0.5547666549682617,0.4470488131046295,0.5553756356239319,0.5809447169303894,0.2888633906841278,0.5497930645942688,0.5626261234283447,0.31702491641044617,0.568042516708374,0.698100209236145,0.27063336968421936,0.5018311142921448,0.5475547313690186,0.453115850687027,0.5892055034637451,0.7485116124153137,0.19450630247592926,0.4448181986808777,0.4929344952106476,0.5835535526275635,0.6020892262458801,0.5734720230102539,0.3290768563747406,0.48068007826805115,0.47113990783691406,0.6795747876167297,0.6033846735954285,0.5330590605735779,0.3211439549922943,0.4876153767108917,0.46396127343177795,0.6768995523452759,0.600391149520874,0.5288316607475281,0.3476605713367462,0.4967384338378906,0.47035256028175354,0.6795074939727783,0.5974040627479553,0.5399216413497925,0.3397393524646759,0.49497029185295105,0.4777185320854187,0.6765161752700806,0.39418095350265503,0.6597499251365662,-0.05490646883845329,0.373689740896225,0.5671467185020447,0.05487761273980141,0.2440079152584076,0.567513644695282,-0.2455146610736847,0.2572034001350403,0.48949289321899414,-0.06791072338819504,0.11958719044923782,0.6185358166694641,-0.12587682902812958,0.11167921870946884,0.5833836197853088,-0.034643542021512985,0.11988465487957001,0.6339707970619202,-0.12842704355716705,0.11779580265283585,0.6092422604560852,-0.02441697008907795,0.07075849920511246,0.6117872595787048,-0.13921602070331573,0.0681048110127449,0.5953167676925659,-0.11750804632902145
dbp_700181.jpg,0.56440669298172,0.6218591332435608,0.3581593334674835,0.5722008347511292,0.6343954205513,0.35902443528175354,0.5712642669677734,0.6391637325286865,0.35893958806991577,0.5718550086021423,0.6438206434249878,0.3587016463279724,0.5677772760391235,0.624861478805542,0.3744541108608246,0.5660765767097473,0.6222922205924988,0.37448012828826904,0.563423216342926,0.6223503351211548,0.3743351697921753,0.5748041868209839,0.6549221277236938,0.34980878233909607,0.5532923340797424,0.6247861981391907,0.42749083042144775,0.5574625730514526,0.6259911060333252,0.3516288995742798,0.553611159324646,0.6133373975753784,0.3727415204048157,0.5802126526832581,0.6847981214523315,0.18083176016807556,0.49272671341896057,0.5669592022895813,0.4320579469203949,0.5924822688102722,0.5416715145111084,0.1175641119480133,0.41233211755752563,0.49938371777534485,0.511367917060852,0.5980793833732605,0.37290680408477783,0.10058403760194778,0.38286036252975464,0.3215634524822235,0.5016909241676331,0.5963590145111084,0.33834347128868103,0.0638384222984314,0.38277751207351685,0.28889909386634827,0.4907847046852112,0.5938915610313416,0.33781611919403076,0.08585787564516068,0.3854966461658478,0.2871258556842804,0.6323350667953491,0.5910285115242004,0.3488229513168335,0.10788881778717041,0.3873067796230316,0.2987402081489563,0.5364882349967957,0.3975110352039337,0.6561946868896484,-0.06476466357707977,0.3581444025039673,0.5764612555503845,0.06472713500261307,0.23678606748580933,0.5561431050300598,-0.285248726606369,0.23670393228530884,0.49619677662849426,-0.03582676500082016,0.12460136413574219,0.627447783946991,-0.21157100796699524,0.12185166776180267,0.5985018014907837,-0.03098834864795208,0.12593784928321838,0.6446274518966675,-0.2026243954896927,0.11749240010976791,0.6272774338722229,-0.023593701422214508,0.07566967606544495,0.6258106827735901,-0.26697981357574463,0.07639070600271225,0.5916434526443481,-0.11106501519680023
dbp_700191.jpg,0.5573258996009827,0.6282120943069458,0.5170068144798279,0.5706013441085815,0.6413706541061401,0.5018188953399658,0.5728267431259155,0.6438590884208679,0.5017076134681702,0.5753012299537659,0.6464233994483948,0.5014657974243164,0.5616770386695862,0.6384432315826416,0.5189679861068726,0.5588188767433167,0.6387293338775635,0.5190513134002686,0.5558889508247375,0.6411682367324829,0.5189288258552551,0.5768597722053528,0.6552062034606934,0.4166114926338196,0.5516758561134338,0.6593028903007507,0.5000346899032593,0.5549009442329407,0.6271486878395081,0.48722925782203674,0.5463090538978577,0.6205204129219055,0.511005699634552,0.578433096408844,0.6057525873184204,0.20400914549827576,0.48615407943725586,0.6305927634239197,0.4589889943599701,0.5899618268013,0.4238240420818329,0.11688748747110367,0.40082278847694397,0.5098488330841064,0.4784848988056183,0.5980932712554932,0.23709025979042053,0.05210016667842865,0.3388110399246216,0.34468090534210205,0.46477800607681274,0.595325767993927,0.19665227830410004,0.01665521413087845,0.33954209089279175,0.324982225894928,0.4629376530647278,0.5944065451622009,0.19398540258407593,0.0483802892267704,0.33333921432495117,0.31423845887184143,0.4640490412712097,0.5918815732002258,0.20624954998493195,0.06343638151884079,0.33422061800956726,0.32185807824134827,0.4601014256477356,0.39473140239715576,0.6190837621688843,-0.07194313406944275,0.3404971659183502,0.6038864850997925,0.07176414877176285,0.21902580559253693,0.5411304235458374,-0.24974077939987183,0.21899789571762085,0.49960917234420776,-0.02637588232755661,0.12583805620670319,0.6177530288696289,-0.22830180823802948,0.10627053678035736,0.6171817183494568,-0.028132716193795204,0.11998835951089859,0.6336382627487183,-0.22291631996631622,0.09697466343641281,0.642853319644928,-0.027964238077402115,0.07841581851243973,0.6357964873313904,-0.2652098536491394,0.0651569738984108,0.6334864497184753,-0.10417257249355316
dbp_700201.jpg,0.5492250323295593,0.6261085867881775,0.5627830028533936,0.5638681054115295,0.6407305598258972,0.5421338677406311,0.5670374631881714,0.6428334712982178,0.5420538783073425,0.5701674222946167,0.6449046730995178,0.5418529510498047,0.5546739101409912,0.6384894251823425,0.5652967691421509,0.5520076155662537,0.6397534012794495,0.5654304623603821,0.549447774887085,0.6429052352905273,0.5652390718460083,0.5731092691421509,0.6556717157363892,0.42600303888320923,0.5452653765678406,0.6600085496902466,0.5334450602531433,0.5484446287155151,0.6260982751846313,0.5212448835372925,0.539552628993988,0.6210180521011353,0.551961362361908,0.5775800347328186,0.5876879096031189,0.2041502147912979,0.48168662190437317,0.6884295344352722,0.4773467481136322,0.5861139893531799,0.4058738648891449,0.10789231956005096,0.3890220820903778,0.577884316444397,0.442950576543808,0.5983310341835022,0.21610847115516663,0.039879512041807175,0.30990102887153625,0.4316754639148712,0.4549989700317383,0.5963333249092102,0.17418745160102844,0.0067928689531981945,0.3010440170764923,0.43566158413887024,0.44231659173965454,0.5953109264373779,0.1691083312034607,0.040003761649131775,0.29505839943885803,0.3958868384361267,0.42822960019111633,0.5925819873809814,0.18343186378479004,0.05158330127596855,0.2980235517024994,0.36934569478034973,0.4580531120300293,0.3964079022407532,0.6038457751274109,-0.08408837765455246,0.34733662009239197,0.6382688879966736,0.0838613361120224,0.22417397797107697,0.5138914585113525,-0.18557065725326538,0.23277954757213593,0.5028809309005737,0.0981406420469284,0.1256001740694046,0.5040631294250488,-0.24125267565250397,0.11325129866600037,0.5800149440765381,-0.02606348879635334,0.10878051817417145,0.5122817754745483,-0.24768327176570892,0.09995601326227188,0.591381847858429,-0.03207790106534958,0.09726171940565109,0.4953436553478241,-0.2877318561077118,0.07132048159837723,0.5889396071434021,-0.10429020971059799
dbp_700211.jpg,0.5481129288673401,0.6370533108711243,0.4517274796962738,0.561615526676178,0.6506342887878418,0.46099984645843506,0.565171480178833,0.6527299880981445,0.4608802795410156,0.5685733556747437,0.6548457741737366,0.4607548117637634,0.5517401099205017,0.6475986242294312,0.49419185519218445,0.5489605069160461,0.6479426622390747,0.4943920373916626,0.5463326573371887,0.6495146155357361,0.4941699206829071,0.5718926787376404,0.6629382967948914,0.34057700634002686,0.5420311689376831,0.6585205793380737,0.4088834822177887,0.5474376082420349,0.636024534702301,0.4549788534641266,0.5380612015724182,0.6302260756492615,0.5122015476226807,0.5704145431518555,0.6098471879959106,0.13372701406478882,0.4774910807609558,0.6828051209449768,0.3699887990951538,0.5859816074371338,0.41912320256233215,0.04412603750824928,0.39601385593414307,0.5080015063285828,0.3514813184738159,0.5984025597572327,0.22555004060268402,-0.025941066443920135,0.3435923159122467,0.25090038776397705,0.33926066756248474,0.594906210899353,0.18430133163928986,-0.06754686683416367,0.33525025844573975,0.22285234928131104,0.3323661684989929,0.5951728224754333,0.1817508488893509,-0.03250637650489807,0.3362223207950592,0.21925881505012512,0.3016250729560852,0.5929403901100159,0.19463202357292175,-0.014390398748219013,0.3395759165287018,0.22257372736930847,0.32307949662208557,0.39470842480659485,0.608929455280304,-0.08052285760641098,0.34650927782058716,0.6372691988945007,0.0802389532327652,0.20713360607624054,0.5245280265808105,-0.1909211128950119,0.21600216627120972,0.5029399991035461,0.019274963065981865,0.10645485669374466,0.5658249258995056,-0.15412190556526184,0.08258421719074249,0.5924054384231567,0.030885908752679825,0.09117340296506882,0.5772348642349243,-0.1465913951396942,0.07025425881147385,0.6140242218971252,0.03426487743854523,0.0717683732509613,0.5781023502349854,-0.20104581117630005,0.03322671726346016,0.5975109934806824,-0.04943530634045601
dbp_700221.jpg,0.5853529572486877,0.6633946895599365,0.42967715859413147,0.5963568091392517,0.6787360906600952,0.4277375340461731,0.5989557504653931,0.6811082363128662,0.42763280868530273,0.6014502048492432,0.6835331320762634,0.42750486731529236,0.5873293280601501,0.6771809458732605,0.44956380128860474,0.5839511156082153,0.6774572730064392,0.44963082671165466,0.5808456540107727,0.6783067584037781,0.44945868849754333,0.5946778655052185,0.6919578313827515,0.36071401834487915,0.567256510257721,0.6871896982192993,0.4453844428062439,0.5786013007164001,0.662840723991394,0.41514164209365845,0.570003867149353,0.657565712928772,0.44697871804237366,0.5924617648124695,0.6486934423446655,0.1435103714466095,0.48413267731666565,0.6789606213569641,0.44247689843177795,0.5910866260528564,0.4483031928539276,0.120719313621521,0.41568517684936523,0.5275614261627197,0.4657271206378937,0.5989465713500977,0.2630281150341034,0.16653786599636078,0.35492050647735596,0.32655712962150574,0.4953655004501343,0.5952671766281128,0.22166921198368073,0.14215369522571564,0.3394673764705658,0.3232114017009735,0.5055752396583557,0.5955225229263306,0.21647222340106964,0.16656316816806793,0.3368953466415405,0.3028848171234131,0.4687000811100006,0.5932837724685669,0.21919381618499756,0.17802003026008606,0.34973767399787903,0.30437931418418884,0.4792756140232086,0.3963981866836548,0.6366555690765381,-0.0746053084731102,0.3484039902687073,0.6443467140197754,0.07441601902246475,0.21292835474014282,0.540408194065094,-0.22317656874656677,0.2191290557384491,0.5450757145881653,0.019080808386206627,0.125705748796463,0.6176397800445557,-0.21419009566307068,0.08580674976110458,0.6054955124855042,-0.011850161477923393,0.11431088298559189,0.6318358778953552,-0.21419814229011536,0.08024384081363678,0.6242181658744812,-0.02023977041244507,0.09431547671556473,0.6270313858985901,-0.2651003897190094,0.06296861916780472,0.5990110039710999,-0.103547602891922
dbp_700231.jpg,0.5934189558029175,0.6700848340988159,0.40322282910346985,0.5990621447563171,0.6817246079444885,0.4139366149902344,0.599911630153656,0.6845825910568237,0.41382962465286255,0.6008387804031372,0.6875572800636292,0.41367846727371216,0.5954319834709167,0.6765250563621521,0.43605613708496094,0.5938803553581238,0.674712061882019,0.4362521171569824,0.5925102233886719,0.6731908917427063,0.43614330887794495,0.5928508639335632,0.6910301446914673,0.43269795179367065,0.5797837376594543,0.6769254207611084,0.4796270430088043,0.5833771824836731,0.6687992215156555,0.4012431204319,0.5807402729988098,0.6592968702316284,0.44072166085243225,0.5901197195053101,0.6946824193000793,0.24373675882816315,0.514822244644165,0.6398459672927856,0.47995221614837646,0.591948390007019,0.6603330373764038,0.15287010371685028,0.47579970955848694,0.5291596055030823,0.3886319100856781,0.5968209505081177,0.5056836605072021,0.21036957204341888,0.5213030576705933,0.48838165402412415,0.22918395698070526,0.5948336720466614,0.46424195170402527,0.18764744699001312,0.5329254269599915,0.4834139049053192,0.19877256453037262,0.5954059958457947,0.465159147977829,0.20609144866466522,0.5359473824501038,0.4815424680709839,0.2094128578901291,0.5927041172981262,0.4740103483200073,0.21990558505058289,0.531082808971405,0.489223450422287,0.2237832099199295,0.39714735746383667,0.6598917841911316,-0.0707293301820755,0.3678138554096222,0.631903886795044,0.0704764649271965,0.24574123322963715,0.5392913222312927,-0.23901446163654327,0.24671535193920135,0.5204936265945435,-0.08906498551368713,0.12569449841976166,0.6201196312904358,-0.27746519446372986,0.09840890020132065,0.5968141555786133,-0.13201852142810822,0.11224236339330673,0.6429550051689148,-0.27826806902885437,0.08619575202465057,0.616034209728241,-0.136684849858284,0.07148058712482452,0.6257957816123962,-0.3107554614543915,0.046946655958890915,0.5882231593132019,-0.1905612051486969
dbp_700241.jpg,,,,,,,,,,,,,,,,,,,,,,,,,,,,,,,,,,,,,,,,,,,,,,,,,,,,,,,,,,,,,,,,,,,,,,,,,,,,,,,,,,,,,,,,,,,,,,,,,,,
dbp_700251.jpg,,,,,,,,,,,,,,,,,,,,,,,,,,,,,,,,,,,,,,,,,,,,,,,,,,,,,,,,,,,,,,,,,,,,,,,,,,,,,,,,,,,,,,,,,,,,,,,,,,,
dbp_700261.jpg,0.06598060578107834,0.16999173164367676,0.02518678456544876,0.05923209339380264,0.15709903836250305,0.013106824830174446,0.06001807004213333,0.1530785858631134,0.01306066196411848,0.06088869273662567,0.14806407690048218,0.013041078113019466,0.0572965145111084,0.1651720106601715,0.03628195449709892,0.05684518814086914,0.1669931709766388,0.036258894950151443,0.05662041902542114,0.16872474551200867,0.036213673651218414,0.06631741672754288,0.1321582943201065,-0.003312185173854232,0.06372058391571045,0.15599043667316437,0.10163997113704681,0.07782364636659622,0.16598522663116455,0.022372977808117867,0.07668478041887283,0.17435002326965332,0.052842579782009125,0.10173320770263672,0.10826286673545837,-0.07324101775884628,0.1086420938372612,0.150954931974411,0.18008260428905487,0.13828282058238983,0.14036652445793152,-0.1980282962322235,0.1398211419582367,0.19055065512657166,0.2937833368778229,0.1222345381975174,0.2136496603488922,-0.25178951025009155,0.11594872176647186,0.20700283348560333,0.3651002049446106,0.11370135098695755,0.2267882525920868,-0.27492985129356384,0.115033820271492,0.20891213417053223,0.38496464490890503,0.10853514075279236,0.22180452942848206,-0.2619418799877167,0.10964931547641754,0.2023375779390335,0.3679406940937042,0.11100407689809799,0.21754692494869232,-0.2457040250301361,0.11048013716936111,0.20224341750144958,0.3592606782913208,0.23086626827716827,0.21474257111549377,-0.09263524413108826,0.22826676070690155,0.22262468934059143,0.09288211911916733,0.20879361033439636,0.3516697585582733,-0.14932450652122498,0.22693143784999847,0.3483077883720398,0.06406132876873016,0.26517441868782043,0.4765529930591583,-0.16095022857189178,0.2893728017807007,0.438809335231781,0.03679439052939415,0.28885990381240845,0.484616219997406,-0.16044555604457855,0.30808335542678833,0.4445428252220154,0.03293204307556152,0.261951744556427,0.5341576337814331,-0.18439951539039612,0.28279227018356323,0.4973064959049225,0.0064242202788591385
dbp_700271.jpg,0.06448940187692642,0.17011836171150208,0.03452268987894058,0.05639563873410225,0.15708757936954498,0.024432925507426262,0.057116925716400146,0.15300767123699188,0.02436237782239914,0.05794340372085571,0.14801159501075745,0.02431357651948929,0.05491233989596367,0.16517123579978943,0.04621586948633194,0.054577864706516266,0.16698384284973145,0.046243492513895035,0.054298724979162216,0.16870903968811035,0.04621528834104538,0.06326774507761002,0.13202813267707825,0.010249576531350613,0.05990893021225929,0.15451866388320923,0.1094341054558754,0.0767800509929657,0.1659887135028839,0.03172146528959274,0.07560155540704727,0.1742727905511856,0.06062166020274162,0.09657132625579834,0.10809828341007233,-0.05687321722507477,0.10846113413572311,0.14750885963439941,0.17623339593410492,0.13426090776920319,0.13861466944217682,-0.1473635733127594,0.1597289741039276,0.18866774439811707,0.23116986453533173,0.11982045322656631,0.21317331492900848,-0.15697400271892548,0.15738599002361298,0.20715147256851196,0.22208288311958313,0.1111527755856514,0.22669944167137146,-0.17707712948322296,0.17768727242946625,0.20920267701148987,0.2277720421552658,0.1062949150800705,0.22186049818992615,-0.15907073020935059,0.17061573266983032,0.20685738325119019,0.20598918199539185,0.10927054286003113,0.21756257116794586,-0.14843158423900604,0.1676902025938034,0.20597603917121887,0.2123003900051117,0.22701197862625122,0.21298334002494812,-0.0847901850938797,0.22463224828243256,0.2214045226573944,0.08490736037492752,0.22235850989818573,0.34445202350616455,-0.132425919175148,0.2256983369588852,0.3462686836719513,0.061883118003606796,0.26749107241630554,0.4735925495624542,-0.15258732438087463,0.26794344186782837,0.44771382212638855,0.03474056348204613,0.2936283349990845,0.4786584675312042,-0.15346179902553558,0.28457191586494446,0.4582410454750061,0.031040793284773827,0.2651449739933014,0.5233467817306519,-0.18232598900794983,0.25412246584892273,0.501714825630188,0.005174742080271244
dbp_700281.jpg,0.04812241345643997,0.11339343339204788,-0.09795089066028595,0.04518860951066017,0.09628390520811081,-0.09897388517856598,0.047424692660570145,0.09166524559259415,-0.09904122352600098,0.04971833527088165,0.0869278833270073,-0.09912798553705215,0.040560707449913025,0.10502174496650696,-0.08105933666229248,0.03938237205147743,0.10690931975841522,-0.08101682364940643,0.03813057020306587,0.10856606066226959,-0.08103100210428238,0.0581572987139225,0.07834022492170334,-0.058587148785591125,0.04447287321090698,0.10460615158081055,0.020938241854310036,0.06139731779694557,0.11646755039691925,-0.08011648803949356,0.05610734224319458,0.12455383688211441,-0.057099245488643646,0.09532930701971054,0.07969701290130615,-0.0981251448392868,0.08825760334730148,0.14026281237602234,0.14714275300502777,0.1361374408006668,0.13947716355323792,-0.07927652448415756,0.14854341745376587,0.1978984773159027,0.10568629950284958,0.11447100341320038,0.21312183141708374,0.04228530079126358,0.13213768601417542,0.20471146702766418,-0.0716443583369255,0.10479696840047836,0.2264815866947174,0.04263382405042648,0.12469000369310379,0.20548543334007263,-0.08321557939052582,0.09983095526695251,0.22156347334384918,0.05010908097028732,0.11940492689609528,0.20302420854568481,-0.09216275066137314,0.10329525172710419,0.21699489653110504,0.05180753022432327,0.12234125286340714,0.20150436460971832,-0.08023861050605774,0.2194344848394394,0.1917451024055481,-0.08508086204528809,0.20855580270290375,0.2101135104894638,0.0852375254034996,0.22295185923576355,0.3260587453842163,-0.13102152943611145,0.2245148867368698,0.33080339431762695,0.0805635079741478,0.2665007412433624,0.4664645195007324,-0.1267191618680954,0.27343466877937317,0.43305981159210205,0.098313108086586,0.29324668645858765,0.46204644441604614,-0.1284320205450058,0.2909267544746399,0.44405609369277954,0.09823708236217499,0.2636544406414032,0.5099322199821472,-0.18237371742725372,0.26268771290779114,0.4889697730541229,0.05811161547899246
dbp_700291.jpg,0.03616712614893913,0.0021609331015497446,-0.19550301134586334,0.03885211423039436,-0.008898051455616951,-0.19608595967292786,0.04182789847254753,-0.011539877392351627,-0.19614969193935394,0.04427170380949974,-0.012274889275431633,-0.19622376561164856,0.03366032615303993,-0.0016462852945551276,-0.1762254387140274,0.032740626484155655,0.002412900561466813,-0.17619271576404572,0.031936485320329666,0.005404050927609205,-0.17624559998512268,0.0530843511223793,-0.003499886952340603,-0.1637195646762848,0.03825030475854874,0.013382688164710999,-0.07520850002765656,0.0488242581486702,0.005669752135872841,-0.1822074055671692,0.04157918319106102,0.016131391748785973,-0.15658040344715118,0.10850178450345993,0.01912005990743637,-0.19464559853076935,0.07118240743875504,0.08189572393894196,0.04682093858718872,0.1720469444990158,0.07899466902017593,-0.18918780982494354,0.12232538312673569,0.15419188141822815,0.10947166383266449,0.14032714068889618,0.17339196801185608,-0.15492109954357147,0.12333866208791733,0.19385632872581482,0.03780041262507439,0.13112516701221466,0.19867464900016785,-0.20289628207683563,0.12087622284889221,0.20007149875164032,0.028073357418179512,0.12230627983808517,0.1970827281475067,-0.1930074542760849,0.11463046073913574,0.2005399763584137,-0.00036399325472302735,0.12378358095884323,0.19027629494667053,-0.15040971338748932,0.11747753620147705,0.1948084980249405,0.02364370785653591,0.22073253989219666,0.14578483998775482,-0.07890066504478455,0.200429767370224,0.1884876936674118,0.07903747260570526,0.255179762840271,0.2485823929309845,-0.12118281424045563,0.2184448391199112,0.32515186071395874,0.07297814637422562,0.3173221945762634,0.32921645045280457,0.07078952342271805,0.25420844554901123,0.4439437985420227,0.1980794072151184,0.32779762148857117,0.33381137251853943,0.0881573036313057,0.27391549944877625,0.4441225826740265,0.20981959998607635,0.3265194892883301,0.3819248080253601,0.01524505577981472,0.259351909160614,0.4869915544986725,0.1461837887763977
dbp_700301.jpg,,,,,,,,,,,,,,,,,,,,,,,,,,,,,,,,,,,,,,,,,,,,,,,,,,,,,,,,,,,,,,,,,,,,,,,,,,,,,,,,,,,,,,,,,,,,,,,,,,,
dbp_700311.jpg,0.6029598712921143,0.669390857219696,0.2670041024684906,0.6131232976913452,0.6828291416168213,0.27337637543678284,0.6149817705154419,0.6873935461044312,0.27328112721443176,0.6167329549789429,0.6921074986457825,0.2731786072254181,0.6061654686927795,0.6730444431304932,0.28303441405296326,0.6036227345466614,0.669558048248291,0.28304317593574524,0.6011512279510498,0.6662410497665405,0.2829069197177887,0.6096185445785522,0.6986211538314819,0.27756252884864807,0.5891684293746948,0.665254533290863,0.32019633054733276,0.5946751832962036,0.6728537678718567,0.2663382291793823,0.5885668396949768,0.6588641405105591,0.2794328033924103,0.6015664935112,0.7012343406677246,0.13589806854724884,0.5226544141769409,0.6157543659210205,0.3196640610694885,0.613732099533081,0.5582520961761475,0.06429079920053482,0.4518880248069763,0.4930684268474579,0.32599952816963196,0.6102749109268188,0.4145388603210449,0.047782037407159805,0.37541407346725464,0.31924065947532654,0.33384960889816284,0.6106172204017639,0.3674265444278717,0.011440531350672245,0.36563846468925476,0.2892151176929474,0.3221941590309143,0.6083204746246338,0.3653164803981781,0.03005974180996418,0.3677215576171875,0.28552502393722534,0.28861480951309204,0.6039988398551941,0.37841808795928955,0.05268740653991699,0.3676239252090454,0.29694294929504395,0.31606215238571167,0.44101664423942566,0.673437237739563,-0.0400104746222496,0.40621861815452576,0.5979732275009155,0.03982888534665108,0.31099647283554077,0.6415787935256958,-0.3168138861656189,0.3059140145778656,0.4961470663547516,-0.08825256675481796,0.22162112593650818,0.6583302617073059,-0.24307100474834442,0.2085258811712265,0.5796130299568176,0.020819323137402534,0.20981021225452423,0.6688864827156067,-0.2329520732164383,0.19943803548812866,0.6055302619934082,0.028871605172753334,0.17453084886074066,0.6497928500175476,-0.3128545582294464,0.1590539962053299,0.5629322528839111,-0.05362669378519058
dbp_700321.jpg,0.5956239700317383,0.6246883273124695,0.3241167962551117,0.6025345325469971,0.6376416683197021,0.3485371470451355,0.6033703684806824,0.6451369524002075,0.34843340516090393,0.6040733456611633,0.6527391076087952,0.34815099835395813,0.5988553166389465,0.6189545392990112,0.3564288914203644,0.59737229347229,0.6131378412246704,0.3564756512641907,0.5959163308143616,0.6074237823486328,0.35635149478912354,0.5972678065299988,0.669433057308197,0.41564255952835083,0.5858640670776367,0.6048033833503723,0.45282793045043945,0.5861151218414307,0.6398009061813354,0.3450360596179962,0.5827990770339966,0.6169980764389038,0.3552660346031189,0.5665324330329895,0.7148779034614563,0.35220831632614136,0.5286486744880676,0.5697046518325806,0.39996370673179626,0.5681450963020325,0.8029165267944336,0.18422888219356537,0.45854616165161133,0.518653929233551,0.37666115164756775,0.5906168222427368,0.7081865668296814,0.06483358889818192,0.437651127576828,0.4727252125740051,0.30434879660606384,0.5975469350814819,0.6931810975074768,0.024539316073060036,0.4094923138618469,0.4511350989341736,0.28962400555610657,0.6011645793914795,0.6725886464118958,0.06186610832810402,0.43402549624443054,0.4686795473098755,0.27021780610084534,0.5959699153900146,0.6718382239341736,0.07459776848554611,0.4377330541610718,0.48048561811447144,0.2932426631450653,0.4425262212753296,0.6838023662567139,0.004029714502394199,0.4374534487724304,0.5854125618934631,-0.004023225046694279,0.32626286149024963,0.6997072696685791,-0.3144572675228119,0.32212576270103455,0.5376144051551819,-0.32343488931655884,0.1982916295528412,0.6982528567314148,-0.1714978814125061,0.18234948813915253,0.5771752595901489,-0.20235227048397064,0.18139386177062988,0.6846030950546265,-0.156459242105484,0.1619414985179901,0.5897219181060791,-0.18937379121780396,0.13942189514636993,0.7552574872970581,-0.2535277307033539,0.12660753726959229,0.5742892026901245,-0.3220994770526886
dbp_700331.jpg,0.5766849517822266,0.6013382077217102,0.21669699251651764,0.5810524821281433,0.6068035960197449,0.2436559945344925,0.5795691609382629,0.6185459494590759,0.24355857074260712,0.5794202089309692,0.6247637271881104,0.24330823123455048,0.5809379816055298,0.5900601148605347,0.2548254430294037,0.5801647305488586,0.5834544897079468,0.25483956933021545,0.5788738131523132,0.5791605710983276,0.2545875012874603,0.5750571489334106,0.6400259733200073,0.3512054681777954,0.5707792043685913,0.5855659246444702,0.3886813521385193,0.5689265727996826,0.6247467398643494,0.24972587823867798,0.5632731914520264,0.5927481055259705,0.26481831073760986,0.5532029867172241,0.7133194208145142,0.29095080494880676,0.5187849998474121,0.5585850477218628,0.3945755958557129,0.5578550696372986,0.8329963088035583,0.10939640551805496,0.4468276798725128,0.5266027450561523,0.2941645383834839,0.5890514850616455,0.7089597582817078,-0.0318114347755909,0.4142155945301056,0.48884373903274536,0.17916396260261536,0.5977208018302917,0.6832301020622253,-0.07040620595216751,0.39563003182411194,0.47008949518203735,0.1587172895669937,0.5960245728492737,0.6690385341644287,-0.014629973098635674,0.4174359142780304,0.47334378957748413,0.13980256021022797,0.5885002613067627,0.6724681258201599,-0.01671460084617138,0.4104980528354645,0.48965275287628174,0.16703884303569794,0.40751171112060547,0.6879749894142151,0.003677944652736187,0.4129670262336731,0.5837554931640625,-0.0038183294236660004,0.3154798746109009,0.6911345720291138,-0.30930766463279724,0.32072579860687256,0.5267035365104675,-0.3141174018383026,0.1728118509054184,0.688597559928894,-0.12472489476203918,0.16937659680843353,0.5613081455230713,-0.15185074508190155,0.15733379125595093,0.6702589392662048,-0.10454194992780685,0.1524396538734436,0.5716305375099182,-0.1337631642818451,0.10840318351984024,0.7227738499641418,-0.1860562413930893,0.10544051975011826,0.5719441771507263,-0.24036139249801636
dbp_700341.jpg,0.5694653987884521,0.6688314080238342,0.4258074462413788,0.5782744884490967,0.6685426235198975,0.4232178330421448,0.5787810683250427,0.6676512956619263,0.42318347096443176,0.5795232057571411,0.6653521060943604,0.4231926500797272,0.5761526823043823,0.6736085414886475,0.4298402965068817,0.5755020380020142,0.6751235127449036,0.429775208234787,0.5746968984603882,0.6768995523452759,0.42956870794296265,0.5761300921440125,0.6665672063827515,0.37898463010787964,0.5687808990478516,0.6856440901756287,0.4103805124759674,0.5624397993087769,0.6701522469520569,0.4068208932876587,0.5625255107879639,0.6654354333877563,0.41565024852752686,0.5527215600013733,0.6744343042373657,0.24660398066043854,0.525190532207489,0.6926846504211426,0.36429864168167114,0.5536686778068542,0.5510522127151489,0.19293338060379028,0.49745702743530273,0.6157518029212952,0.37740856409072876,0.5804776549339294,0.43410348892211914,0.23244865238666534,0.49112632870674133,0.5082883834838867,0.42813166975975037,0.5770861506462097,0.39801162481307983,0.21663644909858704,0.49536606669425964,0.48408836126327515,0.43514785170555115,0.5799750089645386,0.4011034667491913,0.23300376534461975,0.4925512671470642,0.47555240988731384,0.4180656373500824,0.577919602394104,0.41553667187690735,0.23880556225776672,0.48914554715156555,0.4857224225997925,0.4220167100429535,0.41498881578445435,0.6694377660751343,-0.00631993543356657,0.41341087222099304,0.6602645516395569,0.006042479071766138,0.31053078174591064,0.6874735951423645,-0.18326909840106964,0.3200320303440094,0.6384968757629395,-0.10052654147148132,0.18105418980121613,0.684442400932312,-0.2693285644054413,0.1726829558610916,0.6609177589416504,-0.23718349635601044,0.1683932989835739,0.6669962406158447,-0.282865434885025,0.16430003941059113,0.6612633466720581,-0.2532159686088562,0.12133586406707764,0.6958038210868835,-0.3256596326828003,0.10828766226768494,0.680532693862915,-0.32047465443611145
dbp_700351.jpg,,,,,,,,,,,,,,,,,,,,,,,,,,,,,,,,,,,,,,,,,,,,,,,,,,,,,,,,,,,,,,,,,,,,,,,,,,,,,,,,,,,,,,,,,,,,,,,,,,,
dbp_700361.jpg,,,,,,,,,,,,,,,,,,,,,,,,,,,,,,,,,,,,,,,,,,,,,,,,,,,,,,,,,,,,,,,,,,,,,,,,,,,,,,,,,,,,,,,,,,,,,,,,,,,
dbp_700371.jpg,,,,,,,,,,,,,,,,,,,,,,,,,,,,,,,,,,,,,,,,,,,,,,,,,,,,,,,,,,,,,,,,,,,,,,,,,,,,,,,,,,,,,,,,,,,,,,,,,,,
dbp_700381.jpg,,,,,,,,,,,,,,,,,,,,,,,,,,,,,,,,,,,,,,,,,,,,,,,,,,,,,,,,,,,,,,,,,,,,,,,,,,,,,,,,,,,,,,,,,,,,,,,,,,,
dbp_700391.jpg,,,,,,,,,,,,,,,,,,,,,,,,,,,,,,,,,,,,,,,,,,,,,,,,,,,,,,,,,,,,,,,,,,,,,,,,,,,,,,,,,,,,,,,,,,,,,,,,,,,
dbp_700401.jpg,,,,,,,,,,,,,,,,,,,,,,,,,,,,,,,,,,,,,,,,,,,,,,,,,,,,,,,,,,,,,,,,,,,,,,,,,,,,,,,,,,,,,,,,,,,,,,,,,,,
dbp_700411.jpg,,,,,,,,,,,,,,,,,,,,,,,,,,,,,,,,,,,,,,,,,,,,,,,,,,,,,,,,,,,,,,,,,,,,,,,,,,,,,,,,,,,,,,,,,,,,,,,,,,,
dbp_700421.jpg,,,,,,,,,,,,,,,,,,,,,,,,,,,,,,,,,,,,,,,,,,,,,,,,,,,,,,,,,,,,,,,,,,,,,,,,,,,,,,,,,,,,,,,,,,,,,,,,,,,
dbp_700431.jpg,,,,,,,,,,,,,,,,,,,,,,,,,,,,,,,,,,,,,,,,,,,,,,,,,,,,,,,,,,,,,,,,,,,,,,,,,,,,,,,,,,,,,,,,,,,,,,,,,,,
dbp_700441.jpg,,,,,,,,,,,,,,,,,,,,,,,,,,,,,,,,,,,,,,,,,,,,,,,,,,,,,,,,,,,,,,,,,,,,,,,,,,,,,,,,,,,,,,,,,,,,,,,,,,,
dbp_700451.jpg,0.05675152316689491,0.21159441769123077,-0.24976541101932526,0.04813257232308388,0.19801481068134308,-0.2708761394023895,0.04910186305642128,0.19502121210098267,-0.2707676589488983,0.05005614459514618,0.191627636551857,-0.2707437574863434,0.04575033485889435,0.2003132551908493,-0.24267062544822693,0.04509345069527626,0.1991327852010727,-0.2427944839000702,0.044330790638923645,0.1976940780878067,-0.24286554753780365,0.05718132480978966,0.17131057381629944,-0.2963389754295349,0.04894784465432167,0.18024784326553345,-0.17291472852230072,0.0698045939207077,0.20768989622592926,-0.2540103495121002,0.06673182547092438,0.2110312283039093,-0.21849651634693146,0.12494523078203201,0.1546357274055481,-0.3140079081058502,0.09520545601844788,0.19761702418327332,-0.05540751665830612,0.19947558641433716,0.18878650665283203,-0.31842055916786194,0.13339969515800476,0.23178888857364655,0.09781010448932648,0.19703198969364166,0.2837054431438446,-0.28522905707359314,0.13171374797821045,0.28423869609832764,0.14222702383995056,0.2003314197063446,0.3104479908943176,-0.3059104382991791,0.12648530304431915,0.3051730990409851,0.1551324427127838,0.18825998902320862,0.30826717615127563,-0.29150524735450745,0.125441774725914,0.3030189573764801,0.12613889575004578,0.1848597526550293,0.29987776279449463,-0.2758343517780304,0.12832015752792358,0.2947345972061157,0.13208778202533722,0.26301881670951843,0.1984255462884903,-0.08979187905788422,0.234884575009346,0.23526597023010254,0.08967117965221405,0.357976496219635,0.3124508261680603,-0.13986240327358246,0.24828624725341797,0.4183658957481384,0.08299041539430618,0.3730005621910095,0.21673648059368134,-0.022914230823516846,0.284297913312912,0.5084037780761719,0.08529169112443924,0.398226261138916,0.20535027980804443,-0.0051221163012087345,0.29798853397369385,0.513892412185669,0.0873018130660057,0.41937288641929626,0.23093387484550476,0.01588381454348564,0.2761947512626648,0.5618972778320312,0.10634487122297287
dbp_700461.jpg,0.07024906575679779,0.16990557312965393,-0.3411995470523834,0.06430711597204208,0.15212082862854004,-0.3537243604660034,0.06599842756986618,0.1487007737159729,-0.3536122143268585,0.06805644184350967,0.14460784196853638,-0.3535827100276947,0.06073959916830063,0.1553686112165451,-0.33274781703948975,0.05986262485384941,0.1544380784034729,-0.33288484811782837,0.05900252237915993,0.15324600040912628,-0.33291536569595337,0.07916402816772461,0.12629681825637817,-0.33816614747047424,0.06740517914295197,0.13964413106441498,-0.24493525922298431,0.08370821923017502,0.16837507486343384,-0.329365998506546,0.07947459071874619,0.1734536737203598,-0.30275240540504456,0.14874395728111267,0.13411760330200195,-0.34899404644966125,0.0995800569653511,0.17806404829025269,-0.08797264099121094,0.215242400765419,0.18546494841575623,-0.38355541229248047,0.13470664620399475,0.22872062027454376,0.08745013922452927,0.19854694604873657,0.2836253046989441,-0.43392354249954224,0.12960581481456757,0.28102540969848633,0.13658346235752106,0.20030967891216278,0.31044983863830566,-0.4703734219074249,0.12177695333957672,0.3011516034603119,0.15091688930988312,0.1884051412343979,0.30919283628463745,-0.462913453578949,0.12214937806129456,0.30115950107574463,0.1165907084941864,0.18560899794101715,0.30057647824287415,-0.43002137541770935,0.12569822371006012,0.29315948486328125,0.12558351457118988,0.27581655979156494,0.1988276094198227,-0.0888483077287674,0.23820684850215912,0.23386667668819427,0.08876817673444748,0.33992844820022583,0.35591554641723633,-0.13686354458332062,0.24236592650413513,0.41545432806015015,0.08467134833335876,0.36630162596702576,0.23595839738845825,0.013437451794743538,0.2775590717792511,0.5137552618980408,0.08528675138950348,0.37527865171432495,0.2545698881149292,0.033481664955616,0.29099369049072266,0.525786280632019,0.08698607236146927,0.3791031837463379,0.2932538688182831,0.06090072914958,0.2592260241508484,0.5654934048652649,0.09935356676578522
dbp_700471.jpg,0.10703723132610321,0.14386145770549774,-0.3672776222229004,0.10278238356113434,0.12837623059749603,-0.37603476643562317,0.10466194152832031,0.12509660422801971,-0.37591463327407837,0.10666473954916,0.12156756967306137,-0.37589558959007263,0.09790801256895065,0.13365134596824646,-0.3604141175746918,0.09635809063911438,0.13414616882801056,-0.36055535078048706,0.09479448944330215,0.1346009522676468,-0.36057931184768677,0.11329773813486099,0.11079474538564682,-0.34179064631462097,0.10066640377044678,0.12616203725337982,-0.2715145945549011,0.11763016879558563,0.14265917241573334,-0.34741610288619995,0.11219373345375061,0.14876043796539307,-0.3277661204338074,0.17274603247642517,0.12252597510814667,-0.34791678190231323,0.12097664177417755,0.16331368684768677,-0.10361674427986145,0.23298026621341705,0.18552900850772858,-0.3631044030189514,0.1410878747701645,0.2264852076768875,0.041052401065826416,0.20191368460655212,0.282627671957016,-0.37591758370399475,0.12521742284297943,0.278571754693985,0.044540777802467346,0.20040589570999146,0.3079976439476013,-0.4059275984764099,0.1158130019903183,0.2987537980079651,0.05267425626516342,0.18958334624767303,0.3062143623828888,-0.3932901918888092,0.11667043715715408,0.2996978461742401,0.01717989519238472,0.18804015219211578,0.29816287755966187,-0.3686164319515228,0.12152047455310822,0.29204830527305603,0.03215070068836212,0.29002541303634644,0.19939668476581573,-0.08787912875413895,0.2531503438949585,0.22792737185955048,0.08769585937261581,0.3287326395511627,0.34369227290153503,-0.13704589009284973,0.23125137388706207,0.4005031883716583,0.08473983407020569,0.36685898900032043,0.23317769169807434,-0.03654556721448898,0.25808805227279663,0.5124383568763733,0.10673616081476212,0.37786033749580383,0.2502652406692505,-0.023213861510157585,0.27135908603668213,0.5245848894119263,0.11039912700653076,0.3915977478027344,0.28446313738822937,-0.013854067772626877,0.23837591707706451,0.561533510684967,0.11481604725122452
dbp_700481.jpg,0.09372912347316742,0.1462080478668213,-0.2390826791524887,0.08854897320270538,0.13077792525291443,-0.2608490586280823,0.09028833359479904,0.12840570509433746,-0.2607271373271942,0.09217237681150436,0.12589062750339508,-0.2606792151927948,0.08523029834032059,0.13291431963443756,-0.23339791595935822,0.08465584367513657,0.13191844522953033,-0.23361870646476746,0.0841461643576622,0.13085518777370453,-0.23370753228664398,0.10286108404397964,0.11139289289712906,-0.2917104959487915,0.09216587990522385,0.11959570646286011,-0.1726573258638382,0.10560011118650436,0.14644156396389008,-0.24529699981212616,0.10162880271673203,0.1489218771457672,-0.21045193076133728,0.17078284919261932,0.12165124714374542,-0.3193071782588959,0.11625972390174866,0.15828418731689453,-0.05330108106136322,0.2260185331106186,0.19023096561431885,-0.3216789960861206,0.13167545199394226,0.24130845069885254,0.09032894670963287,0.1929074078798294,0.28914690017700195,-0.3027467131614685,0.10136992484331131,0.31312352418899536,0.08837848156690598,0.18826331198215485,0.32105010747909546,-0.3349590003490448,0.09451331198215485,0.3403235077857971,0.0652557834982872,0.1799669861793518,0.3182515501976013,-0.3333548307418823,0.09599574655294418,0.33938536047935486,0.05467045307159424,0.18009990453720093,0.30833929777145386,-0.30050933361053467,0.1004234030842781,0.33108970522880554,0.060754891484975815,0.2871926426887512,0.21006101369857788,-0.0928860679268837,0.25429123640060425,0.22773166000843048,0.09281989932060242,0.2445986270904541,0.3840138018131256,-0.11827289313077927,0.22201292216777802,0.40208905935287476,0.10939063876867294,0.3287690579891205,0.4222264587879181,0.004420171957463026,0.26099294424057007,0.48678892850875854,0.24294520914554596,0.347579687833786,0.4157971739768982,0.02073616534471512,0.27294400334358215,0.4885089099407196,0.2577415704727173,0.3222609758377075,0.47644662857055664,0.03555132821202278,0.24369987845420837,0.5464980006217957,0.2807096242904663
dbp_700491.jpg,0.08160481601953506,0.1516951620578766,-0.1477123647928238,0.07644037157297134,0.133676216006279,-0.16762235760688782,0.07751132547855377,0.12956750392913818,-0.16757330298423767,0.0787554532289505,0.12763190269470215,-0.16760706901550293,0.07508499920368195,0.13912926614284515,-0.13899274170398712,0.07526673376560211,0.13925346732139587,-0.13906003534793854,0.07550918310880661,0.1393539011478424,-0.13910311460494995,0.09666159749031067,0.11344151198863983,-0.20425523817539215,0.09140753000974655,0.12923941016197205,-0.0767553523182869,0.09646690636873245,0.15153978765010834,-0.15759380161762238,0.0934324637055397,0.15646885335445404,-0.12054650485515594,0.1441933810710907,0.15000087022781372,-0.25424283742904663,0.11184616386890411,0.16458308696746826,0.019998932257294655,0.1740202158689499,0.26251938939094543,-0.2512248158454895,0.12090633809566498,0.2693377137184143,0.09646761417388916,0.11941467970609665,0.3434200584888458,-0.1807257980108261,0.10429941117763519,0.3515467941761017,0.04683272913098335,0.11548725515604019,0.37356841564178467,-0.20395049452781677,0.0979941338300705,0.3899471163749695,0.042205654084682465,0.10501806437969208,0.3804926872253418,-0.19532428681850433,0.09622601419687271,0.39218780398368835,0.009588565677404404,0.10729947686195374,0.36802443861961365,-0.1746046096086502,0.09992936998605728,0.37923097610473633,0.029417099431157112,0.25282058119773865,0.25265511870384216,-0.09212087094783783,0.22558850049972534,0.24729987978935242,0.09213658422231674,0.20801036059856415,0.4244833290576935,-0.14936107397079468,0.18234291672706604,0.4023124575614929,0.06723332405090332,0.2891685664653778,0.5209431052207947,-0.03996269777417183,0.2565247714519501,0.49947094917297363,0.17254133522510529,0.3075627386569977,0.5212464332580566,-0.026522615924477577,0.2730012834072113,0.5019873976707458,0.18177615106105804,0.2840166985988617,0.5857613682746887,-0.03105938993394375,0.2482805699110031,0.5709842443466187,0.20068885385990143
dbp_700501.jpg,0.0796675980091095,0.217026948928833,-0.08315656334161758,0.0719493180513382,0.20579373836517334,-0.1092575266957283,0.07228373736143112,0.20307029783725739,-0.10923352092504501,0.07285063713788986,0.20040231943130493,-0.10922790318727493,0.07215144485235214,0.2070620059967041,-0.07729586958885193,0.07260752469301224,0.20551125705242157,-0.07738747447729111,0.07352741807699203,0.20363017916679382,-0.07746052742004395,0.08455517143011093,0.18080425262451172,-0.1764621138572693,0.08882737159729004,0.18453720211982727,-0.03469010442495346,0.09121649712324142,0.21121224761009216,-0.10395409911870956,0.09110789746046066,0.21237070858478546,-0.06269068270921707,0.13299545645713806,0.1968061923980713,-0.23319503664970398,0.11060846596956253,0.17208091914653778,0.0532584972679615,0.16686342656612396,0.30154144763946533,-0.20457668602466583,0.12144944071769714,0.2863497734069824,0.14188170433044434,0.12349726259708405,0.3772737383842468,-0.09521544724702835,0.10519923269748688,0.37175697088241577,0.10747376084327698,0.12191524356603622,0.40478774905204773,-0.11007881909608841,0.1015075221657753,0.40005505084991455,0.11002559959888458,0.10979711264371872,0.4056832492351532,-0.10227661579847336,0.09698393940925598,0.40312474966049194,0.07384015619754791,0.11093521118164062,0.3965790271759033,-0.08857205510139465,0.09906239807605743,0.39295488595962524,0.08973647654056549,0.2557959258556366,0.28353410959243774,-0.09234719723463058,0.22888632118701935,0.2709006369113922,0.09238311648368835,0.23438505828380585,0.4394114315509796,-0.13574162125587463,0.2028678059577942,0.39961063861846924,0.09664082527160645,0.3169229328632355,0.4981417655944824,-0.03915601596236229,0.2819436490535736,0.47301289439201355,0.20223437249660492,0.33618512749671936,0.49257469177246094,-0.018171649426221848,0.3000149726867676,0.47321271896362305,0.211640402674675,0.32018718123435974,0.5471119284629822,-0.009783857502043247,0.28264251351356506,0.5286844968795776,0.214447483420372
dbp_700511.jpg,0.07883050292730331,0.25943461060523987,-0.07795552909374237,0.07131769508123398,0.2514338791370392,-0.10266110301017761,0.07182511687278748,0.24935421347618103,-0.10261515527963638,0.07252243906259537,0.24695822596549988,-0.10258305817842484,0.07057518512010574,0.2511805295944214,-0.06749864667654037,0.07055341452360153,0.24920010566711426,-0.06756579875946045,0.07077766209840775,0.2468492090702057,-0.06762415915727615,0.0834861546754837,0.22520393133163452,-0.17359666526317596,0.0821538195014,0.2249584197998047,-0.017783788964152336,0.09067092835903168,0.25188499689102173,-0.10167571902275085,0.08953306823968887,0.25198352336883545,-0.05638284236192703,0.1345994919538498,0.2071514129638672,-0.23674336075782776,0.10952558368444443,0.2035364806652069,0.0702974796295166,0.17535996437072754,0.31057628989219666,-0.22350358963012695,0.13291572034358978,0.2903621792793274,0.16505810618400574,0.13915587961673737,0.3892259895801544,-0.14766055345535278,0.10996638238430023,0.3811659514904022,0.1320558488368988,0.13697966933250427,0.4156191051006317,-0.1701461374759674,0.11163690686225891,0.40485069155693054,0.13678839802742004,0.1250271052122116,0.41409099102020264,-0.1629704087972641,0.09812424331903458,0.40536877512931824,0.10133034735918045,0.1245327964425087,0.40557318925857544,-0.14200106263160706,0.10177125036716461,0.3974776268005371,0.11580005288124084,0.25848978757858276,0.28492456674575806,-0.09641196578741074,0.2261953353881836,0.2841233015060425,0.09656119346618652,0.2391505241394043,0.46626603603363037,-0.1671319305896759,0.19199901819229126,0.4104718565940857,0.09463229775428772,0.3060266077518463,0.538629949092865,-0.04688749834895134,0.2705461382865906,0.4900592267513275,0.18380968272686005,0.3208956718444824,0.5347892045974731,-0.03186111897230148,0.2877877652645111,0.4895213544368744,0.1918526291847229,0.30376148223876953,0.5940665006637573,-0.030264204367995262,0.2817190885543823,0.544960081577301,0.1922563910484314
dbp_700521.jpg,0.0976860523223877,0.26345300674438477,-0.0841793343424797,0.08910659700632095,0.2559414505958557,-0.10916388779878616,0.08957324922084808,0.25375428795814514,-0.10909029841423035,0.0901961624622345,0.25125572085380554,-0.1090116873383522,0.08767598122358322,0.25621962547302246,-0.07491949945688248,0.08715207129716873,0.25436657667160034,-0.07502216845750809,0.08680547773838043,0.25214818120002747,-0.07510028034448624,0.09737890213727951,0.22982442378997803,-0.18003687262535095,0.09419660270214081,0.23062847554683685,-0.027160467579960823,0.10971225798130035,0.2559823989868164,-0.10757660865783691,0.10770099610090256,0.256545752286911,-0.06307892501354218,0.15646125376224518,0.21652035415172577,-0.24444153904914856,0.12861698865890503,0.21442517638206482,0.06399977952241898,0.17987702786922455,0.31582286953926086,-0.22837398946285248,0.1439126431941986,0.30195173621177673,0.1551462560892105,0.1490243375301361,0.390281081199646,-0.13267652690410614,0.12393471598625183,0.3870900869369507,0.12794114649295807,0.14536650478839874,0.41602256894111633,-0.15436625480651855,0.12417405098676682,0.4129772186279297,0.13579192757606506,0.13357004523277283,0.4123816192150116,-0.14695514738559723,0.1134687215089798,0.412413626909256,0.0981481596827507,0.13357390463352203,0.4041009545326233,-0.12646061182022095,0.11443118005990982,0.4031711518764496,0.11373219639062881,0.28662076592445374,0.2964334487915039,-0.09909998625516891,0.2540026903152466,0.2896854281425476,0.09924496710300446,0.25883668661117554,0.4761136770248413,-0.16542373597621918,0.2248729169368744,0.42141008377075195,0.11278168112039566,0.3213503658771515,0.5219690203666687,-0.04859373718500137,0.2946964204311371,0.4861868619918823,0.21362927556037903,0.3276933431625366,0.5129658579826355,-0.037466809153556824,0.3092585802078247,0.4844684600830078,0.22308926284313202,0.32634684443473816,0.5776593089103699,-0.03011714480817318,0.30053654313087463,0.5350295305252075,0.2442612498998642
dbp_700531.jpg,0.1090109571814537,0.26318415999412537,-0.10787118971347809,0.10286878794431686,0.25492820143699646,-0.13720044493675232,0.10407788306474686,0.25283125042915344,-0.13719145953655243,0.10548972338438034,0.2505720555782318,-0.13703151047229767,0.1000647097826004,0.25591400265693665,-0.09957338869571686,0.0992479994893074,0.25461652874946594,-0.09982266277074814,0.09860406816005707,0.25313764810562134,-0.10024163872003555,0.11400286853313446,0.231365367770195,-0.23016062378883362,0.10637220740318298,0.23480722308158875,-0.08291959762573242,0.12136899679899216,0.2575477957725525,-0.15333768725395203,0.11739851534366608,0.2589559853076935,-0.10674886405467987,0.17311792075634003,0.23105169832706451,-0.2801656424999237,0.1296742856502533,0.21927472949028015,-0.013543806038796902,0.18156541883945465,0.3350293040275574,-0.26700931787490845,0.14249520003795624,0.3027331531047821,0.041348669677972794,0.14750319719314575,0.4078718423843384,-0.1889197677373886,0.1256106048822403,0.3957858085632324,-0.030619224533438683,0.1425340175628662,0.43503713607788086,-0.23286393284797668,0.12417791783809662,0.42045021057128906,-0.03511772304773331,0.13090895116329193,0.43259352445602417,-0.22496764361858368,0.11582675576210022,0.421622633934021,-0.07360466569662094,0.13206271827220917,0.42311426997184753,-0.1888202577829361,0.11664950847625732,0.41303321719169617,-0.047461844980716705,0.2826862335205078,0.2930927872657776,-0.0983976423740387,0.2464865893125534,0.2883059084415436,0.09850677847862244,0.26091858744621277,0.45271480083465576,-0.1640964299440384,0.20322534441947937,0.4280757009983063,0.02786846086382866,0.30897441506385803,0.5610493421554565,-0.06394866108894348,0.2743673026561737,0.5188165903091431,0.16470980644226074,0.3213164210319519,0.5698874592781067,-0.055914103984832764,0.2890770137310028,0.5246956944465637,0.1793420910835266,0.29188409447669983,0.6151776313781738,-0.09562463313341141,0.2725926339626312,0.5717835426330566,0.15561680495738983
dbp_700541.jpg,0.1021481528878212,0.2644934356212616,-0.27612143754959106,0.09451571106910706,0.25306186079978943,-0.29895928502082825,0.09521996974945068,0.2508302330970764,-0.2988891899585724,0.09622611105442047,0.24845831096172333,-0.2988925874233246,0.09330074489116669,0.25395578145980835,-0.26628929376602173,0.09296742081642151,0.25239965319633484,-0.26646748185157776,0.09268324822187424,0.2505526840686798,-0.2665790319442749,0.10390494018793106,0.2297629714012146,-0.34657010436058044,0.09693197160959244,0.23056717216968536,-0.20073610544204712,0.1135716363787651,0.2616088092327118,-0.29048818349838257,0.11061261594295502,0.2630966305732727,-0.2477167695760727,0.16557088494300842,0.24016264081001282,-0.3771008849143982,0.11824095994234085,0.2363460808992386,-0.10084393620491028,0.1770479381084442,0.34747421741485596,-0.3796018958091736,0.12923775613307953,0.3427704870700836,-0.049448903650045395,0.13307106494903564,0.43313705921173096,-0.33667314052581787,0.1104159727692604,0.4355444312095642,-0.1194322481751442,0.128127321600914,0.46613383293151855,-0.38116416335105896,0.10712862759828568,0.46270751953125,-0.12705187499523163,0.11895786225795746,0.4676782488822937,-0.37269869446754456,0.10382239520549774,0.4652251899242401,-0.16912613809108734,0.11999117583036423,0.458980530500412,-0.3344004452228546,0.10612773895263672,0.4570602476596832,-0.1378752589225769,0.2730741798877716,0.3000684976577759,-0.0980464294552803,0.2253410816192627,0.295637309551239,0.09818936139345169,0.2511511445045471,0.4580204486846924,-0.16063737869262695,0.18811732530593872,0.4347418546676636,0.036264900118112564,0.285308301448822,0.5690873861312866,-0.006995426025241613,0.2395258992910385,0.5344173312187195,0.21224786341190338,0.29489022493362427,0.5780099034309387,0.00688198022544384,0.2517232894897461,0.5444298386573792,0.22991327941417694,0.26628100872039795,0.6211639046669006,-0.06997449696063995,0.2281516045331955,0.5818436741828918,0.2092391699552536
dbp_700551.jpg,0.08508406579494476,0.2686249911785126,-0.24473756551742554,0.07790670543909073,0.25768333673477173,-0.2671002447605133,0.07891060411930084,0.2555834949016571,-0.26704150438308716,0.08005785197019577,0.2532842755317688,-0.26702576875686646,0.07611850649118423,0.25782161951065063,-0.23926495015621185,0.0758386105298996,0.255896657705307,-0.23941859602928162,0.07560073584318161,0.2536314129829407,-0.23948486149311066,0.0894690454006195,0.235041081905365,-0.3101164400577545,0.082864910364151,0.23494072258472443,-0.18601514399051666,0.09800112992525101,0.26635921001434326,-0.256137490272522,0.09469976276159286,0.26611748337745667,-0.21963688731193542,0.1487710326910019,0.2613511085510254,-0.3374669849872589,0.11181005835533142,0.24204714596271515,-0.08560590445995331,0.13840772211551666,0.3756038546562195,-0.3309951722621918,0.10807826370000839,0.3426205813884735,-0.019972987473011017,0.1090303286910057,0.4708913266658783,-0.282063364982605,0.10120202600955963,0.44797587394714355,-0.057094816118478775,0.10348907113075256,0.4953300356864929,-0.3173852264881134,0.09334944188594818,0.4722435474395752,-0.05732477828860283,0.09552619606256485,0.4935537576675415,-0.30592072010040283,0.09096059948205948,0.4759139120578766,-0.09849973767995834,0.09773188084363937,0.48618942499160767,-0.2773430645465851,0.09553585201501846,0.4685724973678589,-0.07403174787759781,0.26009565591812134,0.3165610134601593,-0.08599534630775452,0.214945450425148,0.31033602356910706,0.08603009581565857,0.23534615337848663,0.47040626406669617,-0.12924480438232422,0.18094868957996368,0.43871819972991943,0.05232236161828041,0.27629467844963074,0.5666269659996033,0.02406243048608303,0.23084601759910583,0.526411235332489,0.2316170036792755,0.28899699449539185,0.5712862014770508,0.037819650024175644,0.24343062937259674,0.5339468717575073,0.24866347014904022,0.25512051582336426,0.624035120010376,0.00618679728358984,0.22037072479724884,0.5756010413169861,0.24992667138576508
dbp_700561.jpg,0.07362451404333115,0.2738836705684662,-0.25274935364723206,0.06606025993824005,0.2618424594402313,-0.27604714035987854,0.06679428368806839,0.25966641306877136,-0.27602246403694153,0.06765333563089371,0.25723615288734436,-0.27604398131370544,0.06488461047410965,0.26214519143104553,-0.24575389921665192,0.06476621329784393,0.2602129876613617,-0.24588917195796967,0.06474191695451736,0.2578929662704468,-0.24595430493354797,0.07833100110292435,0.23839735984802246,-0.31955957412719727,0.07459159940481186,0.23858968913555145,-0.18358652293682098,0.08797901123762131,0.27170050144195557,-0.26375138759613037,0.08528628945350647,0.2724727690219879,-0.2239322066307068,0.13692139089107513,0.2700396776199341,-0.3555976450443268,0.10679794102907181,0.2468404918909073,-0.06852999329566956,0.12622696161270142,0.38379570841789246,-0.37091031670570374,0.09856720268726349,0.35031837224960327,-0.01125620398670435,0.09704416245222092,0.4824121296405792,-0.3354267477989197,0.0925036147236824,0.4530620276927948,-0.06430366635322571,0.09061045944690704,0.504377007484436,-0.379202663898468,0.08486418426036835,0.473889023065567,-0.06223044916987419,0.08428282290697098,0.5027459859848022,-0.3586910367012024,0.08275307714939117,0.47941458225250244,-0.1063334122300148,0.08701234310865402,0.49547478556632996,-0.3278745412826538,0.0869671031832695,0.47290632128715515,-0.08271148800849915,0.2514611780643463,0.3254384398460388,-0.08839941024780273,0.20971156656742096,0.3200267255306244,0.08849646896123886,0.22951683402061462,0.48365816473960876,-0.13265080749988556,0.18963223695755005,0.4550849497318268,0.09199373424053192,0.279852956533432,0.5787048935890198,0.031424086540937424,0.2413690984249115,0.539208710193634,0.2757532000541687,0.2933530807495117,0.584996223449707,0.046193528920412064,0.2542213201522827,0.5470364093780518,0.29391515254974365,0.2581999599933624,0.6312052011489868,0.015366178005933762,0.23075804114341736,0.5828580260276794,0.2889727056026459
dbp_700571.jpg,0.07244416326284409,0.268058717250824,-0.2880668640136719,0.06651734560728073,0.25477612018585205,-0.31067001819610596,0.0675133541226387,0.2525428235530853,-0.31060269474983215,0.06860930472612381,0.25020918250083923,-0.3105985224246979,0.06488807499408722,0.2554554343223572,-0.28511348366737366,0.06470975279808044,0.253708153963089,-0.2852884531021118,0.0645800307393074,0.25171542167663574,-0.2853659987449646,0.07963922619819641,0.23345333337783813,-0.34477654099464417,0.07451014220714569,0.23487375676631927,-0.23101608455181122,0.08662153035402298,0.2671832740306854,-0.29482942819595337,0.08329863101243973,0.26773589849472046,-0.2613762617111206,0.13829083740711212,0.2692475914955139,-0.35778263211250305,0.10237286984920502,0.23977887630462646,-0.11809465289115906,0.12504535913467407,0.38070014119148254,-0.34554681181907654,0.09558921307325363,0.3419256806373596,-0.04297962039709091,0.09737322479486465,0.47468313574790955,-0.29879799485206604,0.09090397506952286,0.446961373090744,-0.0785343274474144,0.09065628796815872,0.49903565645217896,-0.33674001693725586,0.07972262799739838,0.4707750082015991,-0.07942188531160355,0.08243361860513687,0.49794113636016846,-0.323424369096756,0.0797668918967247,0.47502028942108154,-0.12236770987510681,0.0855972021818161,0.49103668332099915,-0.29349997639656067,0.08554947376251221,0.4672662019729614,-0.09542541205883026,0.2466171383857727,0.32631418108940125,-0.0829377993941307,0.20121905207633972,0.31739169359207153,0.0829235315322876,0.23778554797172546,0.4829874336719513,-0.10905458778142929,0.1786668747663498,0.4542349874973297,0.07089304178953171,0.28056854009628296,0.5822048783302307,0.033984050154685974,0.2278367429971695,0.5334330201148987,0.24233828485012054,0.29382213950157166,0.5893400311470032,0.04658132791519165,0.2400478571653366,0.5398721694946289,0.2596507668495178,0.25668540596961975,0.6361190676689148,0.013327553868293762,0.21661663055419922,0.5781222581863403,0.25905972719192505
dbp_700581.jpg,0.07190286368131638,0.26607149839401245,-0.2941182255744934,0.06611429899930954,0.2522357404232025,-0.3180514872074127,0.06726603955030441,0.2499675154685974,-0.3179773986339569,0.06849071383476257,0.24763435125350952,-0.3179766833782196,0.06404303014278412,0.2531057894229889,-0.2903048098087311,0.0637286901473999,0.25141945481300354,-0.29046279191970825,0.06346594542264938,0.24948561191558838,-0.2905339002609253,0.08043444901704788,0.2305259257555008,-0.35516396164894104,0.07390154153108597,0.2331356406211853,-0.23247535526752472,0.0865231528878212,0.26505401730537415,-0.30164116621017456,0.08299372345209122,0.2659875750541687,-0.2656506597995758,0.13992558419704437,0.25966861844062805,-0.366326242685318,0.09812450408935547,0.24809274077415466,-0.11304498463869095,0.13049569725990295,0.3817451000213623,-0.3635236620903015,0.10282310098409653,0.3594628572463989,-0.03899658843874931,0.0996866226196289,0.48427262902259827,-0.3491278886795044,0.08972901850938797,0.46789512038230896,-0.053301114588975906,0.09011945873498917,0.5070590376853943,-0.39057648181915283,0.07936232537031174,0.4874802827835083,-0.050940047949552536,0.08256824314594269,0.5053295493125916,-0.37502944469451904,0.0773189589381218,0.4903608560562134,-0.09131286293268204,0.08614683151245117,0.4980178773403168,-0.3443450331687927,0.08292490988969803,0.48505455255508423,-0.06884704530239105,0.25004953145980835,0.32309460639953613,-0.08375068753957748,0.2055821716785431,0.3251829147338867,0.08368535339832306,0.2424120008945465,0.4963138997554779,-0.13890871405601501,0.17428818345069885,0.48302891850471497,0.07121507078409195,0.304484486579895,0.4873431622982025,0.02240796945989132,0.23745594918727875,0.5492908358573914,0.22876690328121185,0.3146165609359741,0.4651055335998535,0.04211403429508209,0.25081440806388855,0.5473723411560059,0.24550212919712067,0.31030312180519104,0.520429253578186,0.07984552532434464,0.2231849730014801,0.5999510288238525,0.27073127031326294
dbp_700591.jpg,0.06643161922693253,0.2585848867893219,-0.28596609830856323,0.06005356088280678,0.2422901839017868,-0.308743417263031,0.06149246171116829,0.2401094287633896,-0.3087056279182434,0.06309375166893005,0.2376677244901657,-0.3087661862373352,0.05764327943325043,0.24279530346393585,-0.2802099585533142,0.05731407552957535,0.2410966455936432,-0.28036829829216003,0.057082485407590866,0.23905949294567108,-0.2804482877254486,0.0776669830083847,0.22269456088542938,-0.34635159373283386,0.06998960673809052,0.22612160444259644,-0.21933327615261078,0.08093370497226715,0.26216739416122437,-0.29459819197654724,0.07719109952449799,0.2626872956752777,-0.2573939561843872,0.14087043702602386,0.2514912784099579,-0.3631032705307007,0.09513653069734573,0.24617703258991241,-0.11699093878269196,0.137257918715477,0.3764704763889313,-0.34996119141578674,0.10473422706127167,0.35521718859672546,-0.06392712146043777,0.1047305092215538,0.4794750511646271,-0.31229066848754883,0.09149385243654251,0.46701762080192566,-0.1047062799334526,0.09813495725393295,0.5031226277351379,-0.3496960699558258,0.08391480147838593,0.4879601001739502,-0.11224745959043503,0.08697950094938278,0.4999271333217621,-0.34001120924949646,0.0807974711060524,0.48859935998916626,-0.15110619366168976,0.08944452553987503,0.49231481552124023,-0.30864936113357544,0.08520913124084473,0.48221540451049805,-0.12128926813602448,0.24332299828529358,0.3236016631126404,-0.08086879551410675,0.1980154663324356,0.3260899484157562,0.08087989687919617,0.21547231078147888,0.5040217638015747,-0.1288972944021225,0.14689503610134125,0.46721556782722473,0.07471688836812973,0.27078884840011597,0.5626632571220398,0.09702242165803909,0.1919996291399002,0.5479817986488342,0.24300283193588257,0.28217506408691406,0.5568869113922119,0.12298060208559036,0.20538830757141113,0.5542474389076233,0.2605830729007721,0.2637042701244354,0.6192634701728821,0.14486518502235413,0.17478547990322113,0.5980008244514465,0.2752287685871124
dbp_700601.jpg,0.05649595335125923,0.2554214596748352,-0.2726432979106903,0.050406742841005325,0.23775388300418854,-0.29372555017471313,0.051768653094768524,0.23557211458683014,-0.29369422793388367,0.05321495980024338,0.23313501477241516,-0.29372742772102356,0.04799585044384003,0.23874960839748383,-0.26480230689048767,0.04771268740296364,0.23737074434757233,-0.2649555504322052,0.04750249907374382,0.235699862241745,-0.2650340795516968,0.06688664108514786,0.21845999360084534,-0.32880136370658875,0.05943360552191734,0.2239026129245758,-0.2002166211605072,0.0690862387418747,0.26106294989585876,-0.2804674506187439,0.06615594774484634,0.2622659504413605,-0.24268469214439392,0.13118210434913635,0.2469819337129593,-0.35335075855255127,0.08589097112417221,0.24802936613559723,-0.09535272419452667,0.13491812348365784,0.37216126918792725,-0.36663782596588135,0.0988217443227768,0.3562793433666229,-0.041382625699043274,0.10283167660236359,0.4773910641670227,-0.35665348172187805,0.08397964388132095,0.4642189145088196,-0.08861508965492249,0.09568314999341965,0.5024621486663818,-0.3974340856075287,0.07618175446987152,0.4863092601299286,-0.09381769597530365,0.08187246322631836,0.4981697201728821,-0.38952910900115967,0.07208777219057083,0.487008273601532,-0.13357120752334595,0.08444265276193619,0.49052682518959045,-0.35480979084968567,0.07634866237640381,0.4802512228488922,-0.10586058348417282,0.23361626267433167,0.3251960873603821,-0.08130998909473419,0.19008184969425201,0.3256312608718872,0.08130072802305222,0.19949576258659363,0.48740354180336,-0.1807052493095398,0.11324089020490646,0.4095597267150879,0.050592321902513504,0.24103975296020508,0.5555247664451599,0.06082197278738022,0.15279370546340942,0.5315918922424316,0.1620379537343979,0.24849125742912292,0.5422349572181702,0.08667562901973724,0.1677817404270172,0.5522063970565796,0.17252478003501892,0.23813989758491516,0.6116710901260376,0.10405132919549942,0.13115949928760529,0.5843008160591125,0.16968300938606262
dbp_700611.jpg,0.05015233904123306,0.24617460370063782,-0.2869022488594055,0.044426243752241135,0.22974500060081482,-0.3074788749217987,0.045950256288051605,0.2276378870010376,-0.30745118856430054,0.047660015523433685,0.22517290711402893,-0.3074904680252075,0.041772373020648956,0.23066887259483337,-0.2800334692001343,0.04145669564604759,0.22935958206653595,-0.28016397356987,0.04121703281998634,0.22779995203018188,-0.280236154794693,0.062228716909885406,0.20942965149879456,-0.33362242579460144,0.05458389222621918,0.21475529670715332,-0.20967872440814972,0.06453850120306015,0.25110888481140137,-0.29073360562324524,0.061167169362306595,0.25166797637939453,-0.25455304980278015,0.12249491363763809,0.24533870816230774,-0.35025233030319214,0.07953337579965591,0.245403453707695,-0.10611630976200104,0.12260618060827255,0.36826807260513306,-0.3624238073825836,0.09364567697048187,0.34969356656074524,-0.05744129791855812,0.09046801924705505,0.4742720425128937,-0.34933793544769287,0.07842548936605453,0.4587702751159668,-0.10587053745985031,0.07691952586174011,0.5004332065582275,-0.39031723141670227,0.06651975959539413,0.4803355038166046,-0.11322018504142761,0.0707227811217308,0.49441730976104736,-0.3831363320350647,0.06631309539079666,0.48135906457901,-0.15397793054580688,0.07352055609226227,0.4871003329753876,-0.3478829562664032,0.0708186998963356,0.4748636782169342,-0.1231040209531784,0.2242613285779953,0.32455334067344666,-0.0807269737124443,0.18137624859809875,0.3248637318611145,0.08067195117473602,0.1985330879688263,0.4897252023220062,-0.19568628072738647,0.09283660352230072,0.4079030454158783,0.05208875611424446,0.246677428483963,0.5485786199569702,0.05438397824764252,0.1520143449306488,0.5121256709098816,0.18251633644104004,0.2552873492240906,0.5277467966079712,0.08308138698339462,0.16981194913387299,0.5213587284088135,0.19555826485157013,0.2480095773935318,0.6004683971405029,0.11527493596076965,0.13946399092674255,0.5676730275154114,0.19864685833454132
dbp_700621.jpg,0.044226113706827164,0.2461819052696228,-0.3031337857246399,0.03903000429272652,0.22967830300331116,-0.32142603397369385,0.04058240354061127,0.2269333451986313,-0.32133418321609497,0.042272329330444336,0.22360403835773468,-0.3213767111301422,0.035840120166540146,0.23117832839488983,-0.2985312044620514,0.0351879820227623,0.22989065945148468,-0.2986482083797455,0.03455021232366562,0.2295861542224884,-0.2986907362937927,0.05492310971021652,0.20580561459064484,-0.3317893147468567,0.04492167383432388,0.21548667550086975,-0.22770261764526367,0.05868026986718178,0.2493739277124405,-0.29998335242271423,0.05454765260219574,0.2513412833213806,-0.2697448432445526,0.11161935329437256,0.24381694197654724,-0.3474513292312622,0.07410107553005219,0.2495984584093094,-0.10821066796779633,0.11775592714548111,0.37380778789520264,-0.34376823902130127,0.08708972483873367,0.35936543345451355,-0.042915355414152145,0.08696577697992325,0.48393869400024414,-0.34586700797080994,0.06862742453813553,0.4689284861087799,-0.07757207751274109,0.08087755739688873,0.5092281103134155,-0.36461034417152405,0.05806141346693039,0.4904552102088928,-0.08101857453584671,0.07086841762065887,0.5050309300422668,-0.37419959902763367,0.05649079009890556,0.4920581877231598,-0.13157276809215546,0.07338114082813263,0.49764248728752136,-0.33751243352890015,0.06186758726835251,0.485178679227829,-0.09633080661296844,0.21509861946105957,0.3252718150615692,-0.07833656668663025,0.17574135959148407,0.32748615741729736,0.07821796834468842,0.17009346187114716,0.5076414942741394,-0.1799793839454651,0.12050433456897736,0.45550084114074707,0.04307704046368599,0.23591391742229462,0.5971001982688904,-0.014576142653822899,0.1827533096075058,0.5510349869728088,0.17298464477062225,0.2500505745410919,0.5929089188575745,0.0052407849580049515,0.19884498417377472,0.5537177324295044,0.18603523075580597,0.23637904226779938,0.663504958152771,0.020415138453245163,0.17208825051784515,0.612307608127594,0.18219350278377533
dbp_700631.jpg,0.029628513380885124,0.26339080929756165,-0.23027685284614563,0.02478080242872238,0.24926862120628357,-0.255131334066391,0.026179391890764236,0.24706880748271942,-0.2550910413265228,0.02766312286257744,0.24461239576339722,-0.2551117539405823,0.02236250229179859,0.25035080313682556,-0.22323431074619293,0.022052498534321785,0.24909080564975739,-0.22330699861049652,0.021871794015169144,0.2478325515985489,-0.2233746349811554,0.04012448340654373,0.22843021154403687,-0.30229538679122925,0.03418426588177681,0.2316209226846695,-0.16338254511356354,0.04327359423041344,0.26523441076278687,-0.24260900914669037,0.04022779315710068,0.2668149173259735,-0.20166587829589844,0.10036900639533997,0.2671002447605133,-0.34591642022132874,0.07018835097551346,0.2605239748954773,-0.026193886995315552,0.10850930213928223,0.3945346474647522,-0.3458245098590851,0.08031955361366272,0.37359708547592163,0.045969974249601364,0.0852963775396347,0.502136766910553,-0.3282601237297058,0.060512974858284,0.477422297000885,0.03558512032032013,0.07941561192274094,0.5275605320930481,-0.3611587584018707,0.051172927021980286,0.5009943246841431,0.04626058414578438,0.07151258736848831,0.5259141325950623,-0.35519954562187195,0.04854556545615196,0.5025108456611633,0.006580050569027662,0.07267263531684875,0.5177565813064575,-0.3224102854728699,0.054070960730314255,0.49611982703208923,0.019461262971162796,0.2161100059747696,0.3554234504699707,-0.08790919184684753,0.1842145472764969,0.3540003299713135,0.0878373458981514,0.18475934863090515,0.5245927572250366,-0.14109085500240326,0.13850416243076324,0.5076823830604553,0.04715096578001976,0.27641433477401733,0.6219483017921448,-0.027230022475123405,0.22420600056648254,0.6006426215171814,0.18072718381881714,0.29551899433135986,0.6243355870246887,-0.015819134190678596,0.24233116209506989,0.6041571497917175,0.19338208436965942,0.26262715458869934,0.6863076686859131,-0.035130489617586136,0.21803440153598785,0.6607460975646973,0.18624284863471985
dbp_700641.jpg,0.015416119247674942,0.2824212908744812,-0.22885499894618988,0.009043176658451557,0.2702845335006714,-0.253396213054657,0.010484287515282631,0.2678130269050598,-0.2533794343471527,0.01199759729206562,0.26518136262893677,-0.2534181475639343,0.00594312371686101,0.271910697221756,-0.2182171791791916,0.005399615038186312,0.2705412209033966,-0.21825790405273438,0.005076725501567125,0.26905208826065063,-0.21831747889518738,0.0222312118858099,0.24840238690376282,-0.3016701340675354,0.01592910848557949,0.25176650285720825,-0.14485719799995422,0.028826922178268433,0.28076791763305664,-0.24178378283977509,0.025711392983794212,0.2813505530357361,-0.19609485566616058,0.07737996429204941,0.27834612131118774,-0.3634345829486847,0.049078527837991714,0.27822884917259216,-0.009058053605258465,0.09128668159246445,0.40716201066970825,-0.41432371735572815,0.06721188127994537,0.39807984232902527,0.041620299220085144,0.07721029222011566,0.5249282121658325,-0.4192141592502594,0.047430988401174545,0.5059639811515808,-0.001202234998345375,0.07174024730920792,0.5507515668869019,-0.46906164288520813,0.03940127044916153,0.5292733311653137,0.0023207508493214846,0.06306792795658112,0.5494580864906311,-0.4509226381778717,0.036144256591796875,0.5308113694190979,-0.03857242316007614,0.06351932883262634,0.5411914587020874,-0.412858784198761,0.04173005744814873,0.5235514044761658,-0.019020050764083862,0.19359993934631348,0.3621881306171417,-0.10859449207782745,0.16774693131446838,0.3678102195262909,0.1086021140217781,0.1708618700504303,0.5273969769477844,-0.2031433880329132,0.13060122728347778,0.5085984468460083,0.043157510459423065,0.26053693890571594,0.6225022673606873,-0.10264232009649277,0.22234493494033813,0.5972493886947632,0.16975970566272736,0.2808220684528351,0.622198224067688,-0.09166841953992844,0.238235205411911,0.5994864702224731,0.18217900395393372,0.2549005448818207,0.6889987587928772,-0.11709436029195786,0.214819997549057,0.6590743660926819,0.16512823104858398
dbp_700651.jpg,-0.014339027926325798,0.2905323803424835,-0.24978740513324738,-0.01935400255024433,0.27495691180229187,-0.27037447690963745,-0.015787219628691673,0.2704848349094391,-0.27042511105537415,-0.012395381927490234,0.2674025893211365,-0.27050283551216125,-0.025455305352807045,0.28043892979621887,-0.2351509928703308,-0.025925278663635254,0.2811242341995239,-0.23515719175338745,-0.026169857010245323,0.2812559902667999,-0.2352357655763626,0.0012032660888507962,0.25316518545150757,-0.3053588271141052,-0.01568361558020115,0.26866793632507324,-0.15802104771137238,0.0037808010820299387,0.2898939847946167,-0.2571479380130768,-0.0017700711032375693,0.29329898953437805,-0.21230994164943695,0.0621672049164772,0.2846480906009674,-0.35854265093803406,0.022707883268594742,0.29747188091278076,-0.034954119473695755,0.07892101258039474,0.41833004355430603,-0.38393422961235046,0.047687090933322906,0.41734546422958374,0.024836387485265732,0.07030783593654633,0.5348699688911438,-0.3864845633506775,0.029656540602445602,0.5303412079811096,-0.013876291923224926,0.06536100804805756,0.5638702511787415,-0.4326055943965912,0.02373633161187172,0.553527295589447,-0.011899073608219624,0.05348576232790947,0.5642106533050537,-0.4216998815536499,0.023579340428113937,0.5551176071166992,-0.05207158252596855,0.05430600792169571,0.5549979209899902,-0.3825279176235199,0.028598694130778313,0.5484498143196106,-0.03101005032658577,0.17365817725658417,0.37702298164367676,-0.10276999324560165,0.1394590586423874,0.38754671812057495,0.10273218154907227,0.16718146204948425,0.5314062237739563,-0.19096125662326813,0.13550829887390137,0.5179328322410583,0.020851317793130875,0.24480322003364563,0.6263965368270874,-0.06831736117601395,0.22683408856391907,0.591560959815979,0.1542290598154068,0.26199057698249817,0.6287332773208618,-0.05569787323474884,0.24309465289115906,0.5923413038253784,0.167323499917984,0.24117277562618256,0.6834201216697693,-0.08427958190441132,0.2311207801103592,0.6502310037612915,0.13794903457164764
dbp_800011.jpg,,,,,,,,,,,,,,,,,,,,,,,,,,,,,,,,,,,,,,,,,,,,,,,,,,,,,,,,,,,,,,,,,,,,,,,,,,,,,,,,,,,,,,,,,,,,,,,,,,,
dbp_800021.jpg,0.5408374071121216,0.6757262349128723,0.4132402837276459,0.5579943060874939,0.6882319450378418,0.44653770327568054,0.5619418621063232,0.6981767416000366,0.4463631808757782,0.5645768046379089,0.7043193578720093,0.4461115002632141,0.5488417148590088,0.6751071214675903,0.4579804241657257,0.5457082390785217,0.6695142984390259,0.4578978717327118,0.5423220992088318,0.6670580506324768,0.4575819969177246,0.5641035437583923,0.7363698482513428,0.5293321013450623,0.5159673690795898,0.6663108468055725,0.5859196782112122,0.5351029634475708,0.6964929103851318,0.43770524859428406,0.5251673460006714,0.6809368133544922,0.45449480414390564,0.5523000359535217,0.8270072340965271,0.3415432274341583,0.41603443026542664,0.6776909828186035,0.5561691522598267,0.6145849227905273,0.658940851688385,0.03149215877056122,0.303975909948349,0.48965656757354736,0.512022852897644,0.6657260656356812,0.4614012837409973,-0.1377454251050949,0.283279150724411,0.23751942813396454,0.39731311798095703,0.6661924719810486,0.40584596991539,-0.20571424067020416,0.2659311592578888,0.19018159806728363,0.37282341718673706,0.6626023054122925,0.4024527668952942,-0.16783899068832397,0.26703011989593506,0.19012612104415894,0.3308568596839905,0.6586611866950989,0.41950222849845886,-0.13454671204090118,0.27153581380844116,0.20698438584804535,0.36932817101478577,0.3274853527545929,0.8913421630859375,-0.035420406609773636,0.242709219455719,0.7639015913009644,0.035359255969524384,0.21439051628112793,0.9276199340820312,-0.5369795560836792,0.06127883493900299,0.8288084268569946,-0.2441178858280182,0.06144598498940468,1.0523321628570557,-0.47675955295562744,-0.01081685721874237,0.9762742519378662,-0.1792660355567932,0.04760439693927765,1.0725561380386353,-0.46889808773994446,-0.016670674085617065,1.0075403451919556,-0.17381013929843903,-0.014535501599311829,1.0937771797180176,-0.5995309352874756,-0.04622267186641693,0.9883837103843689,-0.332914799451828
dbp_800031.jpg,,,,,,,,,,,,,,,,,,,,,,,,,,,,,,,,,,,,,,,,,,,,,,,,,,,,,,,,,,,,,,,,,,,,,,,,,,,,,,,,,,,,,,,,,,,,,,,,,,,
dbp_800041.jpg,,,,,,,,,,,,,,,,,,,,,,,,,,,,,,,,,,,,,,,,,,,,,,,,,,,,,,,,,,,,,,,,,,,,,,,,,,,,,,,,,,,,,,,,,,,,,,,,,,,
dbp_800051.jpg,,,,,,,,,,,,,,,,,,,,,,,,,,,,,,,,,,,,,,,,,,,,,,,,,,,,,,,,,,,,,,,,,,,,,,,,,,,,,,,,,,,,,,,,,,,,,,,,,,,
dbp_800061.jpg,,,,,,,,,,,,,,,,,,,,,,,,,,,,,,,,,,,,,,,,,,,,,,,,,,,,,,,,,,,,,,,,,,,,,,,,,,,,,,,,,,,,,,,,,,,,,,,,,,,
dbp_900001.jpg,,,,,,,,,,,,,,,,,,,,,,,,,,,,,,,,,,,,,,,,,,,,,,,,,,,,,,,,,,,,,,,,,,,,,,,,,,,,,,,,,,,,,,,,,,,,,,,,,,,
dbp_900011.jpg,,,,,,,,,,,,,,,,,,,,,,,,,,,,,,,,,,,,,,,,,,,,,,,,,,,,,,,,,,,,,,,,,,,,,,,,,,,,,,,,,,,,,,,,,,,,,,,,,,,
dbp_900021.jpg,,,,,,,,,,,,,,,,,,,,,,,,,,,,,,,,,,,,,,,,,,,,,,,,,,,,,,,,,,,,,,,,,,,,,,,,,,,,,,,,,,,,,,,,,,,,,,,,,,,
dbp_900031.jpg,,,,,,,,,,,,,,,,,,,,,,,,,,,,,,,,,,,,,,,,,,,,,,,,,,,,,,,,,,,,,,,,,,,,,,,,,,,,,,,,,,,,,,,,,,,,,,,,,,,
dbp_900041.jpg,,,,,,,,,,,,,,,,,,,,,,,,,,,,,,,,,,,,,,,,,,,,,,,,,,,,,,,,,,,,,,,,,,,,,,,,,,,,,,,,,,,,,,,,,,,,,,,,,,,
dbp_900051.jpg,,,,,,,,,,,,,,,,,,,,,,,,,,,,,,,,,,,,,,,,,,,,,,,,,,,,,,,,,,,,,,,,,,,,,,,,,,,,,,,,,,,,,,,,,,,,,,,,,,,
dbp_900061.jpg,,,,,,,,,,,,,,,,,,,,,,,,,,,,,,,,,,,,,,,,,,,,,,,,,,,,,,,,,,,,,,,,,,,,,,,,,,,,,,,,,,,,,,,,,,,,,,,,,,,
dbp_900071.jpg,,,,,,,,,,,,,,,,,,,,,,,,,,,,,,,,,,,,,,,,,,,,,,,,,,,,,,,,,,,,,,,,,,,,,,,,,,,,,,,,,,,,,,,,,,,,,,,,,,,
dbp_900081.jpg,,,,,,,,,,,,,,,,,,,,,,,,,,,,,,,,,,,,,,,,,,,,,,,,,,,,,,,,,,,,,,,,,,,,,,,,,,,,,,,,,,,,,,,,,,,,,,,,,,,
dbp_900091.jpg,,,,,,,,,,,,,,,,,,,,,,,,,,,,,,,,,,,,,,,,,,,,,,,,,,,,,,,,,,,,,,,,,,,,,,,,,,,,,,,,,,,,,,,,,,,,,,,,,,,
dbp_900101.jpg,,,,,,,,,,,,,,,,,,,,,,,,,,,,,,,,,,,,,,,,,,,,,,,,,,,,,,,,,,,,,,,,,,,,,,,,,,,,,,,,,,,,,,,,,,,,,,,,,,,
dbp_900111.jpg,,,,,,,,,,,,,,,,,,,,,,,,,,,,,,,,,,,,,,,,,,,,,,,,,,,,,,,,,,,,,,,,,,,,,,,,,,,,,,,,,,,,,,,,,,,,,,,,,,,
dbp_900121.jpg,,,,,,,,,,,,,,,,,,,,,,,,,,,,,,,,,,,,,,,,,,,,,,,,,,,,,,,,,,,,,,,,,,,,,,,,,,,,,,,,,,,,,,,,,,,,,,,,,,,
dbp_900131.jpg,,,,,,,,,,,,,,,,,,,,,,,,,,,,,,,,,,,,,,,,,,,,,,,,,,,,,,,,,,,,,,,,,,,,,,,,,,,,,,,,,,,,,,,,,,,,,,,,,,,
dbp_900141.jpg,,,,,,,,,,,,,,,,,,,,,,,,,,,,,,,,,,,,,,,,,,,,,,,,,,,,,,,,,,,,,,,,,,,,,,,,,,,,,,,,,,,,,,,,,,,,,,,,,,,
dbp_900151.jpg,,,,,,,,,,,,,,,,,,,,,,,,,,,,,,,,,,,,,,,,,,,,,,,,,,,,,,,,,,,,,,,,,,,,,,,,,,,,,,,,,,,,,,,,,,,,,,,,,,,
dbp_900161.jpg,,,,,,,,,,,,,,,,,,,,,,,,,,,,,,,,,,,,,,,,,,,,,,,,,,,,,,,,,,,,,,,,,,,,,,,,,,,,,,,,,,,,,,,,,,,,,,,,,,,
dbp_900171.jpg,,,,,,,,,,,,,,,,,,,,,,,,,,,,,,,,,,,,,,,,,,,,,,,,,,,,,,,,,,,,,,,,,,,,,,,,,,,,,,,,,,,,,,,,,,,,,,,,,,,
dbp_900181.jpg,,,,,,,,,,,,,,,,,,,,,,,,,,,,,,,,,,,,,,,,,,,,,,,,,,,,,,,,,,,,,,,,,,,,,,,,,,,,,,,,,,,,,,,,,,,,,,,,,,,
dbp_900191.jpg,,,,,,,,,,,,,,,,,,,,,,,,,,,,,,,,,,,,,,,,,,,,,,,,,,,,,,,,,,,,,,,,,,,,,,,,,,,,,,,,,,,,,,,,,,,,,,,,,,,
dbp_g1.jpg,0.24714234471321106,0.6999065279960632,0.25406402349472046,0.23988419771194458,0.713068962097168,0.2709559500217438,0.23981499671936035,0.7123165130615234,0.2709125578403473,0.23969456553459167,0.7117030620574951,0.27075788378715515,0.24001330137252808,0.7212139368057251,0.23775365948677063,0.24012398719787598,0.7256373167037964,0.2377360314130783,0.2401687353849411,0.7299447059631348,0.23771043121814728,0.24527926743030548,0.7278926968574524,0.3448014259338379,0.24543684720993042,0.7470949292182922,0.19251351058483124,0.25626271963119507,0.6929368376731873,0.2849346995353699,0.25566864013671875,0.7029684782028198,0.24121466279029846,0.32548943161964417,0.6999344229698181,0.42651501297950745,0.267376184463501,0.7180359363555908,0.05782505124807358,0.3522346615791321,0.539645254611969,0.46361014246940613,0.26758623123168945,0.555152952671051,0.0057577695697546005,0.3318707346916199,0.3722894787788391,0.45905202627182007,0.2630215585231781,0.3619687557220459,0.06668943166732788,0.32658514380455017,0.3325185179710388,0.4661034941673279,0.26680096983909607,0.3245121240615845,0.05473921820521355,0.31606853008270264,0.32927072048187256,0.4477812647819519,0.2660733163356781,0.3222219944000244,0.08071104437112808,0.3175361752510071,0.33984699845314026,0.4470360577106476,0.2662070393562317,0.332868754863739,0.07956124097108841,0.46248072385787964,0.5202584862709045,0.11298681795597076,0.4487112760543823,0.5530521869659424,-0.11314472556114197,0.6134821176528931,0.40848323702812195,0.02687334455549717,0.6195300221443176,0.4291781783103943,-0.21244589984416962,0.7374199032783508,0.5834580659866333,0.0907076746225357,0.7565044164657593,0.6766722798347473,-0.17879249155521393,0.7426294088363647,0.620962917804718,0.09593705087900162,0.7587732076644897,0.7360012531280518,-0.17197711765766144,0.7836166620254517,0.5955489873886108,0.05122216045856476,0.8152510523796082,0.7181911468505859,-0.22364015877246857
dbp_g10.jpg,0.5706464052200317,0.7293403744697571,-0.5209733247756958,0.5549724102020264,0.7270990610122681,-0.5446668863296509,0.550388514995575,0.7192274928092957,-0.5447288751602173,0.5458493828773499,0.7111433744430542,-0.5450969338417053,0.564450740814209,0.7499825358390808,-0.5461528301239014,0.567389190196991,0.7592105865478516,-0.5460931062698364,0.5703033208847046,0.7684122323989868,-0.5461064577102661,0.5292778015136719,0.7047407627105713,-0.5173384547233582,0.5649224519729614,0.7887113690376282,-0.5249849557876587,0.5625003576278687,0.7123070955276489,-0.49316033720970154,0.5745763778686523,0.7396742701530457,-0.4958924651145935,0.49857285618782043,0.6640692353248596,-0.4003635346889496,0.5514646172523499,0.8150267601013184,-0.39236289262771606,0.4707050025463104,0.5041168332099915,-0.321964293718338,0.5540579557418823,0.6949909925460815,-0.2402518391609192,0.43295472860336304,0.40989333391189575,-0.3294391334056854,0.5472524762153625,0.6173804402351379,-0.17257799208164215,0.43690311908721924,0.3719424307346344,-0.34122326970100403,0.5520365834236145,0.5984167456626892,-0.17491145431995392,0.4461946189403534,0.38477882742881775,-0.3737121522426605,0.5416655540466309,0.6031570434570312,-0.178280770778656,0.4529682993888855,0.398965060710907,-0.3406546711921692,0.538740873336792,0.5992509126663208,-0.16975469887256622,0.5531933307647705,0.6156811118125916,-0.020074307918548584,0.5793014168739319,0.6857662796974182,0.020224224776029587,0.6127527952194214,0.5748575925827026,-0.0776895135641098,0.6639504432678223,0.7130764722824097,-0.009732773527503014,0.6105819940567017,0.485444575548172,0.18266426026821136,0.6435793042182922,0.5407938361167908,0.2181331068277359,0.5993092060089111,0.47185513377189636,0.21667076647281647,0.6254262924194336,0.5175502300262451,0.24876618385314941,0.6420226693153381,0.4524626135826111,0.25784832239151,0.6750893592834473,0.4784575402736664,0.29643210768699646
dbp_g11.jpg,0.26092982292175293,0.6474364399909973,-0.22355341911315918,0.25406619906425476,0.6239049434661865,-0.23345284163951874,0.25389334559440613,0.6146857142448425,-0.23344579339027405,0.25369906425476074,0.6036286354064941,-0.233541801571846,0.2548888325691223,0.637968897819519,-0.22913043200969696,0.25540226697921753,0.6416945457458496,-0.22915509343147278,0.25589054822921753,0.6454611420631409,-0.22929605841636658,0.25981006026268005,0.5657886266708374,-0.2213129997253418,0.2633747458457947,0.6376011967658997,-0.2010815143585205,0.26968419551849365,0.6454500555992126,-0.21138863265514374,0.27030739188194275,0.6600416898727417,-0.20599806308746338,0.31725966930389404,0.6301363110542297,-0.21433763206005096,0.31142643094062805,0.6857300400733948,-0.10769112408161163,0.23572984337806702,0.6560453772544861,-0.23824742436408997,0.3433423340320587,0.6719258427619934,-0.047168973833322525,0.1813172847032547,0.7575846910476685,-0.2675265073776245,0.30155137181282043,0.6910781264305115,0.013955493457615376,0.1688595712184906,0.7791579961776733,-0.28032174706459045,0.2963539659976959,0.6785552501678467,0.01344412099570036,0.17087608575820923,0.7877019047737122,-0.2658543884754181,0.2890093922615051,0.6966113448143005,0.02028125897049904,0.178043931722641,0.7793394327163696,-0.26128947734832764,0.2910948097705841,0.7035290002822876,0.017919067293405533,0.4191482663154602,0.5237164497375488,-0.04455786198377609,0.44890403747558594,0.5514248609542847,0.044711578637361526,0.3470154404640198,0.5529618859291077,-0.07256894558668137,0.5368846654891968,0.5850422382354736,0.07530299574136734,0.2841819226741791,0.6007299423217773,-0.03505631536245346,0.5512450337409973,0.386473685503006,0.265358030796051,0.27756690979003906,0.5830527544021606,-0.02728218212723732,0.5342844724655151,0.3606886863708496,0.2882005274295807,0.26041489839553833,0.632577121257782,-0.040064502507448196,0.5887693166732788,0.32325753569602966,0.2790251076221466
dbp_g12.jpg,0.3559284806251526,0.623067319393158,-0.03721921890974045,0.34968382120132446,0.634421706199646,-0.028144406154751778,0.34977710247039795,0.6358737349510193,-0.028201304376125336,0.34985458850860596,0.6377509832382202,-0.028259146958589554,0.3502925932407379,0.6370453834533691,-0.052005473524332047,0.35083135962486267,0.6399803161621094,-0.05196404829621315,0.3514463007450104,0.6434299349784851,-0.051932916045188904,0.3548978567123413,0.657881498336792,0.029772168025374413,0.35767999291419983,0.6656903624534607,-0.07931075990200043,0.36418816447257996,0.6262097358703613,-0.012567475438117981,0.36530157923698425,0.6305429935455322,-0.04382115975022316,0.3954620957374573,0.6602393388748169,0.09782230108976364,0.4008617699146271,0.6800373196601868,-0.12714146077632904,0.41422396898269653,0.6219252943992615,0.13658155500888824,0.4352840483188629,0.6396141052246094,-0.1843930184841156,0.417576402425766,0.5834550857543945,0.11165126413106918,0.42082029581069946,0.5920884013175964,-0.21101216971874237,0.4204677641391754,0.5615442395210266,0.11628326028585434,0.42140212655067444,0.5759475827217102,-0.22152256965637207,0.41600218415260315,0.5739248991012573,0.09723594784736633,0.41778871417045593,0.5790857672691345,-0.20552629232406616,0.41646650433540344,0.5778391361236572,0.10196518152952194,0.4161533713340759,0.5842788815498352,-0.20285651087760925,0.50892573595047,0.5628953576087952,0.047204528003931046,0.5248634815216064,0.5836514830589294,-0.04733651876449585,0.5950325727462769,0.582496702671051,0.0833623856306076,0.6104227900505066,0.5888954401016235,-0.0655246302485466,0.6373156905174255,0.6798638701438904,0.16533198952674866,0.6520995497703552,0.7361871600151062,0.014315535314381123,0.6321679949760437,0.7145557403564453,0.17228743433952332,0.6483660340309143,0.7792382836341858,0.02734212949872017,0.6573113203048706,0.6859527826309204,0.16097959876060486,0.6829472780227661,0.7131232619285583,0.0272231288254261
dbp_g13.jpg,0.5691884756088257,0.6123901605606079,-0.49096623063087463,0.558102011680603,0.6213356256484985,-0.5191766023635864,0.5545310974121094,0.6184882521629333,-0.519241988658905,0.550951361656189,0.6155437231063843,-0.5194368958473206,0.5669583082199097,0.6313419938087463,-0.5289680361747742,0.5699566602706909,0.636801540851593,-0.5290883779525757,0.5729659795761108,0.6421483755111694,-0.5292404890060425,0.538641631603241,0.6314084529876709,-0.5271179676055908,0.5713543891906738,0.6725614070892334,-0.5686174035072327,0.5569325685501099,0.6263971328735352,-0.47527560591697693,0.5730305910110474,0.6242959499359131,-0.4878971576690674,0.4968699514865875,0.6536238789558411,-0.4169641435146332,0.597927987575531,0.7295028567314148,-0.4822476804256439,0.496351420879364,0.5187742710113525,-0.30220827460289,0.6426633596420288,0.602276086807251,-0.4323888421058655,0.4645545482635498,0.3612433671951294,-0.3058083951473236,0.6441167593002319,0.4320359230041504,-0.551232635974884,0.4774341583251953,0.3461742699146271,-0.32613569498062134,0.6536821126937866,0.39729607105255127,-0.5786552429199219,0.4724904000759125,0.3342287838459015,-0.3538484573364258,0.6323394775390625,0.3861805498600006,-0.476628839969635,0.4764438271522522,0.34555959701538086,-0.3171120285987854,0.6282961964607239,0.39769434928894043,-0.4601632058620453,0.5556250810623169,0.6370185613632202,0.01275052409619093,0.600587010383606,0.6917153596878052,-0.012548950500786304,0.6006805896759033,0.5388824343681335,0.2742446959018707,0.6429437398910522,0.6653372645378113,0.2563014626502991,0.6041216254234314,0.44719383120536804,0.5945833325386047,0.6870750188827515,0.7053717374801636,0.5761586427688599,0.6013263463973999,0.4400860667228699,0.6282695531845093,0.6870841979980469,0.7155148983001709,0.6085799932479858,0.6186110377311707,0.3979165256023407,0.5842164754867554,0.716469943523407,0.6848096251487732,0.5669395923614502
dbp_g14.jpg,,,,,,,,,,,,,,,,,,,,,,,,,,,,,,,,,,,,,,,,,,,,,,,,,,,,,,,,,,,,,,,,,,,,,,,,,,,,,,,,,,,,,,,,,,,,,,,,,,,
dbp_g15.jpg,0.3623461127281189,0.44615229964256287,0.3598102629184723,0.3519994914531708,0.45054447650909424,0.3860887289047241,0.352780282497406,0.451018363237381,0.38605546951293945,0.3536916971206665,0.451980859041214,0.3859425485134125,0.3483550548553467,0.4535885155200958,0.3413386940956116,0.346580445766449,0.4560648500919342,0.3414057791233063,0.3450694680213928,0.45885756611824036,0.34143251180648804,0.3605116903781891,0.46912357211112976,0.4757072925567627,0.3503643572330475,0.476394385099411,0.270616739988327,0.3737243711948395,0.44885483384132385,0.39409029483795166,0.370620995759964,0.45197200775146484,0.3346641957759857,0.4376008212566376,0.4843248128890991,0.5319510102272034,0.3741612434387207,0.5003135204315186,0.10731294006109238,0.5071476101875305,0.4245772659778595,0.569914698600769,0.3604351282119751,0.4371635317802429,-0.055778298527002335,0.5631201863288879,0.33454596996307373,0.5371599197387695,0.3511071801185608,0.32965970039367676,-0.01648653671145439,0.5686476230621338,0.3131401240825653,0.5421242713928223,0.3546278476715088,0.30942636728286743,-0.036981645971536636,0.5641791820526123,0.312812477350235,0.5177899599075317,0.3575564920902252,0.31020718812942505,0.0029230620712041855,0.5634952783584595,0.3250865936279297,0.5228150486946106,0.35820770263671875,0.315714031457901,0.003326001577079296,0.5970235466957092,0.4086766242980957,0.13304315507411957,0.5771684646606445,0.41948235034942627,-0.13327351212501526,0.7032085061073303,0.2910945415496826,0.037601180374622345,0.7105026841163635,0.34214264154434204,-0.34893009066581726,0.7789374589920044,0.4200516641139984,-0.0038059349171817303,0.7931056022644043,0.5040841102600098,-0.5473800897598267,0.7756104469299316,0.44750258326530457,-0.012404942885041237,0.7889637351036072,0.5222307443618774,-0.5678358674049377,0.8299914598464966,0.4287397861480713,-0.028011392802000046,0.8590148687362671,0.5520753860473633,-0.6028959155082703
dbp_g16.jpg,,,,,,,,,,,,,,,,,,,,,,,,,,,,,,,,,,,,,,,,,,,,,,,,,,,,,,,,,,,,,,,,,,,,,,,,,,,,,,,,,,,,,,,,,,,,,,,,,,,
dbp_g17.jpg,0.39140981435775757,0.6421607732772827,-0.042346082627773285,0.3876616656780243,0.650141179561615,-0.030995255336165428,0.38788264989852905,0.6504929065704346,-0.031084759160876274,0.38816267251968384,0.6509007215499878,-0.031185587868094444,0.38837260007858276,0.6528140306472778,-0.06538595259189606,0.3890835642814636,0.6552739143371582,-0.06539253145456314,0.3899163603782654,0.6580591797828674,-0.06545049697160721,0.39627325534820557,0.6618816256523132,0.035144366323947906,0.3993867337703705,0.6696197390556335,-0.11662793159484863,0.3994970917701721,0.640454888343811,-0.013973274268209934,0.40084224939346313,0.6434141397476196,-0.05802265554666519,0.4466288685798645,0.6379470825195312,0.1349189579486847,0.45001906156539917,0.6656482815742493,-0.19343513250350952,0.4459846615791321,0.5644043684005737,0.189368337392807,0.47413870692253113,0.5839131474494934,-0.2831427752971649,0.4349401593208313,0.5129903554916382,0.13498762249946594,0.443223774433136,0.5192431807518005,-0.30571797490119934,0.428375780582428,0.5035051703453064,0.13513614237308502,0.4359486699104309,0.5044227242469788,-0.33947691321372986,0.42512261867523193,0.5049527287483215,0.11155778914690018,0.42725998163223267,0.5113721489906311,-0.323044091463089,0.4279433488845825,0.5073930621147156,0.12163732945919037,0.4307572543621063,0.5176982283592224,-0.29987993836402893,0.5804232954978943,0.5983253121376038,0.10346392542123795,0.5835606455802917,0.609577476978302,-0.10346659272909164,0.6660594940185547,0.5133914947509766,0.08136460930109024,0.6754335165023804,0.5136629343032837,-0.13290204107761383,0.7389829754829407,0.5990769863128662,0.20202256739139557,0.7534452676773071,0.5951988697052002,-0.041122835129499435,0.7422617673873901,0.6194106340408325,0.21296507120132446,0.7671326398849487,0.6232975125312805,-0.03262681886553764,0.7718034982681274,0.5733858346939087,0.19620725512504578,0.7926599383354187,0.5657861828804016,-0.06853016465902328
dbp_g18.jpg,,,,,,,,,,,,,,,,,,,,,,,,,,,,,,,,,,,,,,,,,,,,,,,,,,,,,,,,,,,,,,,,,,,,,,,,,,,,,,,,,,,,,,,,,,,,,,,,,,,
dbp_g19.jpg,0.6778321266174316,0.637689471244812,-0.5488755106925964,0.6805460453033447,0.6590806841850281,-0.5704512596130371,0.6757356524467468,0.6636117696762085,-0.5704401731491089,0.6702935099601746,0.6688985228538513,-0.5706615447998047,0.6898724436759949,0.6532473564147949,-0.5432695746421814,0.6920605301856995,0.6531997919082642,-0.5434233546257019,0.6944255828857422,0.6532363295555115,-0.5436612367630005,0.644212543964386,0.6862130165100098,-0.5467894077301025,0.6740171313285828,0.6692523956298828,-0.4318113327026367,0.6577261090278625,0.631834089756012,-0.5290819406509399,0.6670426726341248,0.6268008947372437,-0.49553412199020386,0.5254814624786377,0.6575883626937866,-0.5090305209159851,0.6683814525604248,0.5963155031204224,-0.2666904032230377,0.4542442560195923,0.5362278819084167,-0.4585931897163391,0.6953903436660767,0.48000839352607727,-0.17719632387161255,0.41998064517974854,0.40455329418182373,-0.43147778511047363,0.7294635772705078,0.3505302667617798,-0.19528606534004211,0.41219407320022583,0.37937259674072266,-0.4677427411079407,0.753614068031311,0.32910358905792236,-0.20590895414352417,0.4316137433052063,0.3767087459564209,-0.49420487880706787,0.743523120880127,0.3272239565849304,-0.24417997896671295,0.43661731481552124,0.3845946490764618,-0.44091853499412537,0.7318838238716125,0.33262699842453003,-0.214372918009758,0.41324320435523987,0.497000128030777,-0.06701751053333282,0.4903358519077301,0.4629741907119751,0.0666598230600357,0.3462161123752594,0.33908939361572266,0.004991457797586918,0.4325851500034332,0.33071330189704895,0.19802327454090118,0.2925233542919159,0.2666419446468353,0.29234230518341064,0.3351365029811859,0.27994680404663086,0.45895057916641235,0.27713149785995483,0.2605307102203369,0.3204209804534912,0.3142571747303009,0.2773551940917969,0.48864415287971497,0.3059987425804138,0.2039772868156433,0.27962902188301086,0.3306647539138794,0.2235293835401535,0.45866772532463074
dbp_g2.jpg,,,,,,,,,,,,,,,,,,,,,,,,,,,,,,,,,,,,,,,,,,,,,,,,,,,,,,,,,,,,,,,,,,,,,,,,,,,,,,,,,,,,,,,,,,,,,,,,,,,
dbp_g20.jpg,0.6075623035430908,0.5023736357688904,0.3476116955280304,0.6175902485847473,0.5165833234786987,0.3517521619796753,0.6179397106170654,0.5206739902496338,0.3517239987850189,0.618384838104248,0.5248627662658691,0.35175907611846924,0.616878867149353,0.5129595994949341,0.3805958330631256,0.6166142225265503,0.5143418908119202,0.38057783246040344,0.6164495944976807,0.5160254240036011,0.38052898645401,0.6140124797821045,0.5476560592651367,0.35103923082351685,0.6108295917510986,0.5388861894607544,0.4843815863132477,0.5978174209594727,0.5124433040618896,0.3429025411605835,0.5972824096679688,0.506831705570221,0.3814893662929535,0.5822620987892151,0.5623084306716919,0.20389896631240845,0.5333006381988525,0.5109874606132507,0.5081565380096436,0.6156782507896423,0.44030165672302246,0.002213225932791829,0.4858931303024292,0.40828758478164673,0.5931141972541809,0.6344088315963745,0.32255980372428894,-0.07951763272285461,0.477094829082489,0.28008192777633667,0.5937026739120483,0.6427344083786011,0.29145804047584534,-0.11521457880735397,0.475492000579834,0.25427618622779846,0.5920618176460266,0.6427488923072815,0.29315346479415894,-0.09889346361160278,0.4793490469455719,0.24847039580345154,0.565266489982605,0.6360042095184326,0.3036324679851532,-0.07416852563619614,0.4791020154953003,0.2582372725009918,0.5811711549758911,0.42193275690078735,0.49564415216445923,-0.09507524222135544,0.3862989842891693,0.473716139793396,0.09478577226400375,0.26604217290878296,0.4622271955013275,-0.3238413333892822,0.24013882875442505,0.4524323642253876,-0.006088441237807274,0.19731786847114563,0.6981004476547241,-0.39543288946151733,0.16138054430484772,0.6500377058982849,-0.07761917263269424,0.20594511926174164,0.7298786640167236,-0.4044899046421051,0.16440318524837494,0.6845507621765137,-0.09275731444358826,0.12716564536094666,0.7461141347885132,-0.46562501788139343,0.1044655442237854,0.665429949760437,-0.15798208117485046
dbp_g21.jpg,0.5836896896362305,0.4291568696498871,0.17967534065246582,0.6019237637519836,0.43206721544265747,0.18204478919506073,0.6043017506599426,0.4371919333934784,0.18189489841461182,0.6067327857017517,0.44384855031967163,0.1816757470369339,0.5963464379310608,0.42335188388824463,0.2089250534772873,0.5950570702552795,0.42269980907440186,0.208988755941391,0.5937881469726562,0.42310434579849243,0.2088383287191391,0.6115143299102783,0.47189977765083313,0.1940852403640747,0.5960012674331665,0.44974851608276367,0.3191002309322357,0.5786393284797668,0.4534043073654175,0.1825704723596573,0.5716341137886047,0.4408995509147644,0.21573521196842194,0.6021636128425598,0.6067510843276978,0.13973569869995117,0.5370814204216003,0.49538007378578186,0.3259662687778473,0.6344372630119324,0.7577323913574219,-0.036732252687215805,0.44883495569229126,0.4659881293773651,0.303301602602005,0.614445149898529,0.631666898727417,-0.08822605758905411,0.4063817858695984,0.40135863423347473,0.13023388385772705,0.6293776035308838,0.5958507657051086,-0.12465965747833252,0.39108967781066895,0.37790045142173767,0.10444195568561554,0.6104602813720703,0.5940239429473877,-0.09560418128967285,0.40039321780204773,0.3765847384929657,0.08197350054979324,0.6071978807449341,0.6008453369140625,-0.08188769221305847,0.4059223532676697,0.3905934989452362,0.1145407035946846,0.42699190974235535,0.5634814500808716,-0.05349382758140564,0.40825527906417847,0.49077290296554565,0.05330484360456467,0.37351930141448975,0.5532011985778809,-0.15936052799224854,0.36269262433052063,0.422229528427124,0.004689961671829224,0.29894784092903137,0.6465458273887634,-0.150436669588089,0.26574668288230896,0.5466306209564209,-0.04480365291237831,0.2826077342033386,0.6716563105583191,-0.1476074904203415,0.24871912598609924,0.581717848777771,-0.0526239387691021,0.26939380168914795,0.6385297179222107,-0.18033026158809662,0.23000623285770416,0.5260414481163025,-0.10398517549037933
dbp_g22.jpg,0.9769171476364136,0.7162458896636963,-0.025074245408177376,0.9846994280815125,0.7391510009765625,-0.03607022017240524,0.9825392365455627,0.7455079555511475,-0.03628024086356163,0.9803189635276794,0.7520139217376709,-0.03642477095127106,0.9878690242767334,0.7256734371185303,-0.010811799205839634,0.9879902005195618,0.7219341993331909,-0.01072019524872303,0.9880244135856628,0.7185482382774353,-0.01085022184997797,0.9125378727912903,0.7492856383323669,-0.024039430543780327,0.9677397608757019,0.7198984622955322,0.08970391750335693,0.9103229641914368,0.7071672677993774,-0.017554640769958496,0.9117926955223083,0.6981077194213867,0.015133506618440151,0.8463975787162781,0.7425323128700256,-0.1345996856689453,0.8291929364204407,0.6462109088897705,0.23791368305683136,0.7736788988113403,0.5935081243515015,-0.15708190202713013,0.7466732859611511,0.5256311893463135,0.26968175172805786,0.7635622620582581,0.4424109160900116,-0.10841035097837448,0.7468066811561584,0.3998911380767822,0.2041369527578354,0.7638071179389954,0.4056290090084076,-0.14009155333042145,0.7552007436752319,0.3639831244945526,0.20057736337184906,0.7588520050048828,0.4079122245311737,-0.12073419988155365,0.7431224584579468,0.3590383231639862,0.1639876663684845,0.7716284394264221,0.4223323464393616,-0.09919336438179016,0.7375600934028625,0.37037575244903564,0.1855606883764267,0.5120565295219421,0.6487740278244019,-0.10877182334661484,0.5155859589576721,0.5934644937515259,0.10866495221853256,0.2897648811340332,0.5320913195610046,-0.19247828423976898,0.29841873049736023,0.5154939889907837,0.06200800836086273,0.2285727560520172,0.8321550488471985,-0.08833102881908417,0.1633622795343399,0.8429876565933228,0.16349689662456512,0.2249179631471634,0.8021351099014282,-0.07305120676755905,0.28228825330734253,0.8219918608665466,0.17380964756011963,0.030443154275417328,0.7231085896492004,-0.08948466926813126,0.03310709446668625,0.7037132978439331,0.12560416758060455
dbp_g3.jpg,0.6408791542053223,-0.20051217079162598,-0.38461363315582275,0.6629460453987122,-0.16791048645973206,-0.38500910997390747,0.6646034717559814,-0.13070106506347656,-0.38553744554519653,0.666033148765564,-0.09352777898311615,-0.3862171173095703,0.6593837141990662,-0.25961050391197205,-0.3594919741153717,0.6586939692497253,-0.29502251744270325,-0.3591916263103485,0.6580613851547241,-0.32999512553215027,-0.36013588309288025,0.6653210520744324,-0.031090036034584045,-0.22203226387500763,0.6555824875831604,-0.34734609723091125,-0.10160164535045624,0.6297236680984497,-0.10466762632131577,-0.30724942684173584,0.6256888508796692,-0.22786852717399597,-0.2721211910247803,0.614358127117157,0.29423508048057556,-0.1903022825717926,0.6038714647293091,-0.433576375246048,0.15563659369945526,0.5100528001785278,0.3763621151447296,-0.23111189901828766,0.505764365196228,-0.49239879846572876,0.2389129400253296,0.5138195157051086,0.08109690994024277,-0.40904322266578674,0.4817955493927002,-0.2731168866157532,0.10658753663301468,0.5069969892501831,0.008710150606930256,-0.4599737524986267,0.47911396622657776,-0.20757727324962616,0.10300496220588684,0.5254367589950562,-0.03482789918780327,-0.4215003252029419,0.4957110285758972,-0.20340734720230103,0.08691045641899109,0.5257601141929626,-0.036727745085954666,-0.38629159331321716,0.48753252625465393,-0.19251446425914764,0.0998556986451149,0.4161362946033478,0.18005691468715668,-0.09129126369953156,0.41907721757888794,-0.2938573658466339,0.09230050444602966,0.3211771547794342,0.13634586334228516,-0.19454030692577362,0.34348124265670776,-0.3821448087692261,0.1105627492070198,0.2426317185163498,0.21200139820575714,0.5246319770812988,0.2157772034406662,0.020366661250591278,0.5040504336357117,0.23889073729515076,0.2606044411659241,0.6059801578521729,0.23548704385757446,0.1107405573129654,0.5573982000350952,0.1382734328508377,0.13399195671081543,0.5920791625976562,0.12260143458843231,0.0422622449696064,0.49107626080513
dbp_g4.jpg,,,,,,,,,,,,,,,,,,,,,,,,,,,,,,,,,,,,,,,,,,,,,,,,,,,,,,,,,,,,,,,,,,,,,,,,,,,,,,,,,,,,,,,,,,,,,,,,,,,
dbp_g5.jpg,0.20895135402679443,0.5933727025985718,-0.06103586032986641,0.19751977920532227,0.6094698309898376,-0.047506000846624374,0.19766312837600708,0.6105052828788757,-0.04756456986069679,0.19798457622528076,0.6118811368942261,-0.0476512536406517,0.19764629006385803,0.6178517937660217,-0.07926629483699799,0.19791311025619507,0.6247309446334839,-0.07924899458885193,0.19842731952667236,0.6327056288719177,-0.07923553884029388,0.20744754374027252,0.6422563791275024,0.04793742671608925,0.2083774209022522,0.666338324546814,-0.09481728821992874,0.22350844740867615,0.5965414047241211,-0.02164936624467373,0.22465191781520844,0.6065661907196045,-0.06297504901885986,0.2912391424179077,0.5967453122138977,0.17928780615329742,0.2771298587322235,0.6729656457901001,-0.20122882723808289,0.3139396905899048,0.4453428089618683,0.2420804798603058,0.3032243251800537,0.5242679715156555,-0.36835354566574097,0.3066585659980774,0.3602023720741272,0.20051178336143494,0.2786005139350891,0.3760921061038971,-0.4084779918193817,0.30187901854515076,0.33964431285858154,0.19905343651771545,0.2863277792930603,0.34914088249206543,-0.440148264169693,0.2967425584793091,0.3493044674396515,0.1767960786819458,0.28637367486953735,0.3463302254676819,-0.4194872975349426,0.29964056611061096,0.3579935133457184,0.18814045190811157,0.28598397970199585,0.35550880432128906,-0.3994266092777252,0.5095774531364441,0.47890806198120117,0.12471351772546768,0.5177156925201416,0.518883228302002,-0.12446992844343185,0.6469786763191223,0.3773450255393982,0.15295465290546417,0.6687946915626526,0.353184312582016,-0.13071729242801666,0.7691037058830261,0.5066139101982117,0.24627403914928436,0.8046054244041443,0.5344306826591492,-0.08556906878948212,0.7769346833229065,0.5602031350135803,0.2509475350379944,0.8178751468658447,0.5892140865325928,-0.08215043693780899,0.8275359272956848,0.45941758155822754,0.20850473642349243,0.8657574653625488,0.4689145088195801,-0.1431102305650711
dbp_g6.jpg,0.336667537689209,0.7654461860656738,-0.19906815886497498,0.3259812891483307,0.7647144794464111,-0.24955783784389496,0.3266114294528961,0.7664774656295776,-0.24951699376106262,0.32737064361572266,0.7683136463165283,-0.2497555911540985,0.3212268054485321,0.7518988847732544,-0.21735206246376038,0.3185175359249115,0.7442770004272461,-0.21747682988643646,0.31577107310295105,0.7364474534988403,-0.21783001720905304,0.32638901472091675,0.7421122789382935,-0.40833550691604614,0.3185315430164337,0.7244008183479309,-0.2547517418861389,0.34296751022338867,0.7533970475196838,-0.24508534371852875,0.3386257588863373,0.7425479292869568,-0.20171093940734863,0.37552839517593384,0.7648098468780518,-0.49010685086250305,0.3082260191440582,0.5761304497718811,-0.18780067563056946,0.4076770544052124,1.0061556100845337,-0.49801498651504517,0.33029904961586,0.84004145860672,-0.12028967589139938,0.3460451662540436,1.033286690711975,-0.44671690464019775,0.32952842116355896,1.0070500373840332,-0.2305097132921219,0.3325866460800171,1.049472689628601,-0.503385603427887,0.32715100049972534,1.0440900325775146,-0.26301947236061096,0.32027414441108704,1.0082608461380005,-0.5258205533027649,0.32663753628730774,1.0459210872650146,-0.3174896240234375,0.32421404123306274,0.9964657425880432,-0.45615461468696594,0.3310021460056305,1.0383261442184448,-0.2558608055114746,0.5552276372909546,0.6527992486953735,-0.11506659537553787,0.4902176260948181,0.5057995319366455,0.11399015784263611,0.6616239547729492,0.8076785802841187,0.1245085671544075,0.5096635222434998,0.4076991379261017,0.532977283000946,0.6141721606254578,0.6407562494277954,0.4653379023075104,0.4882020354270935,0.3298391103744507,0.8003841042518616,0.5987299084663391,0.5871068239212036,0.5113916397094727,0.4862169623374939,0.31308993697166443,0.8379205465316772,0.6159536838531494,0.6345526576042175,0.6415952444076538,0.4934614896774292,0.33853501081466675,0.9873796105384827
dbp_g7.jpg,,,,,,,,,,,,,,,,,,,,,,,,,,,,,,,,,,,,,,,,,,,,,,,,,,,,,,,,,,,,,,,,,,,,,,,,,,,,,,,,,,,,,,,,,,,,,,,,,,,
dbp_g8.jpg,0.6368517279624939,0.5562460422515869,-0.74698406457901,0.6428088545799255,0.5779070258140564,-0.7740278840065002,0.6395496129989624,0.5828135013580322,-0.7739614248275757,0.6356703639030457,0.5888646841049194,-0.774175226688385,0.6505541801452637,0.5714302062988281,-0.7286768555641174,0.6529320478439331,0.5714704990386963,-0.7287048101425171,0.6552238464355469,0.5717707872390747,-0.7287988066673279,0.6172317266464233,0.6125969886779785,-0.7493765950202942,0.6429399251937866,0.5947645306587219,-0.5482395887374878,0.6169720888137817,0.552653431892395,-0.7248290777206421,0.6268293261528015,0.5469135642051697,-0.6672259569168091,0.49650314450263977,0.5886467695236206,-0.7357598543167114,0.6206881999969482,0.5443621873855591,-0.3040889501571655,0.4215409755706787,0.4500069320201874,-0.8199654817581177,0.631354808807373,0.411464124917984,-0.21637527644634247,0.4025632441043854,0.2927279472351074,-0.8463347554206848,0.6426929235458374,0.2822543978691101,-0.30459651350975037,0.3957687318325043,0.25622570514678955,-0.9164265990257263,0.6512981653213501,0.25775790214538574,-0.32939550280570984,0.41501984000205994,0.2515202462673187,-0.9152961373329163,0.635199785232544,0.2562684714794159,-0.37664100527763367,0.4188126027584076,0.26279085874557495,-0.8462592363357544,0.6295897364616394,0.2627714276313782,-0.3289808928966522,0.33760151267051697,0.4620016813278198,-0.10336717218160629,0.40402501821517944,0.4039272665977478,0.10283030569553375,0.20904923975467682,0.355684369802475,-0.13647989928722382,0.2948549687862396,0.22435973584651947,-0.05418258532881737,0.13848386704921722,0.45567795634269714,0.44361695647239685,0.16456668078899384,0.35470789670944214,0.3681405484676361,0.14370155334472656,0.48274850845336914,0.5064719319343567,0.15253295004367828,0.38358598947525024,0.4152333438396454,0.06263700127601624,0.39966997504234314,0.4937441051006317,0.10850083082914352,0.30384430289268494,0.38173696398735046
dbp_g9.jpg,0.73316490650177,0.49027469754219055,-0.6075798273086548,0.7363340854644775,0.5161170959472656,-0.6423467397689819,0.7323546409606934,0.5220861434936523,-0.6421930193901062,0.728111743927002,0.5284903049468994,-0.6424190402030945,0.743261456489563,0.50839763879776,-0.5937507152557373,0.7444407343864441,0.5086528062820435,-0.5938177108764648,0.7457984089851379,0.5092238783836365,-0.5937471389770508,0.7074477672576904,0.5527471303939819,-0.6408798098564148,0.7270900011062622,0.5354673862457275,-0.4226840138435364,0.7061964273452759,0.49395087361335754,-0.5927480459213257,0.7194180488586426,0.48398688435554504,-0.5306455492973328,0.5924361348152161,0.5637009143829346,-0.6011987924575806,0.7094402313232422,0.4970264732837677,-0.1332847625017166,0.4654267430305481,0.6081483364105225,-0.627710223197937,0.7562011480331421,0.44194087386131287,0.1759549230337143,0.5051254630088806,0.44119250774383545,-0.5284982919692993,0.7561430931091309,0.3923821747303009,0.3019469380378723,0.5112617611885071,0.40042534470558167,-0.548547089099884,0.7618106603622437,0.3813091218471527,0.33168429136276245,0.5364866852760315,0.4021172523498535,-0.5161741375923157,0.7520120143890381,0.38531193137168884,0.29774048924446106,0.5347990989685059,0.4140331447124481,-0.5032193064689636,0.7456012964248657,0.39322832226753235,0.28949591517448425,0.4243047535419464,0.41793614625930786,-0.15584394335746765,0.4772789478302002,0.3637794852256775,0.1558484435081482,0.3364374339580536,0.21465545892715454,-0.29129427671432495,0.37619873881340027,0.17715249955654144,0.04271113872528076,0.2046842724084854,0.35999631881713867,0.02731075882911682,0.2575676441192627,0.33597448468208313,0.4423016607761383,0.19265981018543243,0.4015122354030609,0.06132692098617554,0.26026612520217896,0.38037770986557007,0.4876667261123657,0.1342773735523224,0.32246723771095276,0.0388469323515892,0.16866125166416168,0.3106863498687744,0.5383260846138
