image_name,keypoint_0_x,keypoint_1_x,keypoint_2_x,keypoint_3_x,keypoint_4_x,keypoint_5_x,keypoint_6_x,keypoint_7_x,keypoint_8_x,keypoint_9_x,keypoint_10_x,keypoint_11_x,keypoint_12_x,keypoint_13_x,keypoint_14_x,keypoint_15_x,keypoint_16_x,keypoint_17_x,keypoint_18_x,keypoint_19_x,keypoint_20_x,keypoint_21_x,keypoint_22_x,keypoint_23_x,keypoint_24_x,keypoint_25_x,keypoint_26_x,keypoint_27_x,keypoint_28_x,keypoint_29_x,keypoint_30_x,keypoint_31_x,keypoint_32_x,keypoint_0_y,keypoint_1_y,keypoint_2_y,keypoint_3_y,keypoint_4_y,keypoint_5_y,keypoint_6_y,keypoint_7_y,keypoint_8_y,keypoint_9_y,keypoint_10_y,keypoint_11_y,keypoint_12_y,keypoint_13_y,keypoint_14_y,keypoint_15_y,keypoint_16_y,keypoint_17_y,keypoint_18_y,keypoint_19_y,keypoint_20_y,keypoint_21_y,keypoint_22_y,keypoint_23_y,keypoint_24_y,keypoint_25_y,keypoint_26_y,keypoint_27_y,keypoint_28_y,keypoint_29_y,keypoint_30_y,keypoint_31_y,keypoint_32_y,keypoint_0_z,keypoint_1_z,keypoint_2_z,keypoint_3_z,keypoint_4_z,keypoint_5_z,keypoint_6_z,keypoint_7_z,keypoint_8_z,keypoint_9_z,keypoint_10_z,keypoint_11_z,keypoint_12_z,keypoint_13_z,keypoint_14_z,keypoint_15_z,keypoint_16_z,keypoint_17_z,keypoint_18_z,keypoint_19_z,keypoint_20_z,keypoint_21_z,keypoint_22_z,keypoint_23_z,keypoint_24_z,keypoint_25_z,keypoint_26_z,keypoint_27_z,keypoint_28_z,keypoint_29_z,keypoint_30_z,keypoint_31_z,keypoint_32_z
leg raises_1000001.jpg,0.5341970324516296,0.5136914849281311,-0.09439148753881454,0.5283299684524536,0.4946901500225067,-0.08218679577112198,0.5273306965827942,0.49438345432281494,-0.08227617293596268,0.5261337161064148,0.49380987882614136,-0.08229462802410126,0.5265154838562012,0.4954730272293091,-0.12404127418994904,0.5244147777557373,0.49596020579338074,-0.12404508888721466,0.5220521688461304,0.49638307094573975,-0.12404993176460266,0.5085399746894836,0.49930813908576965,-0.003696923144161701,0.5031951069831848,0.5068760514259338,-0.19300465285778046,0.5266715884208679,0.5326926112174988,-0.058070410043001175,0.5248446464538574,0.5324670076370239,-0.11420094966888428,0.47223156690597534,0.5770605206489563,0.07439243048429489,0.48022395372390747,0.589791476726532,-0.25802427530288696,0.5028331279754639,0.4005201458930969,0.12578871846199036,0.4983254075050354,0.410523384809494,-0.4184539020061493,0.5046414136886597,0.23648734390735626,0.0020624857861548662,0.5058881044387817,0.23250579833984375,-0.43299081921577454,0.4956309199333191,0.20291869342327118,-0.03100895881652832,0.5056488513946533,0.19623370468616486,-0.4614366888999939,0.4975922405719757,0.19602027535438538,-0.04426846653223038,0.5022445321083069,0.19167780876159668,-0.4470973312854767,0.5005320906639099,0.20731689035892487,-0.013886122032999992,0.5013136863708496,0.20261894166469574,-0.4267736077308655,0.45751792192459106,0.911434531211853,0.12098177522420883,0.4647640883922577,0.919032633304596,-0.1207742765545845,0.4426882863044739,1.0881644487380981,0.16807503998279572,0.5022784471511841,1.1197974681854248,-0.1411009579896927,0.47917142510414124,1.219847321510315,0.267582505941391,0.44973814487457275,1.2502914667129517,-0.018174167722463608,0.4731177091598511,1.2422043085098267,0.27351242303848267,0.418044775724411,1.2544500827789307,-0.01089006569236517,0.5302192568778992,1.261717677116394,0.2429407685995102,0.48205384612083435,1.317225694656372,-0.08161075413227081
leg raises_100001.jpg,0.48884814977645874,0.1259704977273941,-0.20047946274280548,0.48988157510757446,0.10124365240335464,-0.18905140459537506,0.49305301904678345,0.10047769546508789,-0.18924300372600555,0.4961996078491211,0.09903235733509064,-0.18938322365283966,0.4763711988925934,0.10213169455528259,-0.213499516248703,0.47042953968048096,0.1025906354188919,-0.21341142058372498,0.46391281485557556,0.10273395478725433,-0.21346330642700195,0.49036768078804016,0.10677039623260498,-0.06648020446300507,0.4478072226047516,0.11463171988725662,-0.18319658935070038,0.48948878049850464,0.148809015750885,-0.15005747973918915,0.47519880533218384,0.15179866552352905,-0.18238146603107452,0.4703472852706909,0.21568243205547333,0.04823185130953789,0.434023916721344,0.2278612107038498,-0.2306167334318161,0.5155335664749146,0.4009796679019928,0.1703256517648697,0.47546496987342834,0.3784870505332947,-0.32076549530029297,0.5247310400009155,0.421677827835083,0.15789498388767242,0.5450714230537415,0.34348228573799133,-0.34605884552001953,0.5238561630249023,0.43594059348106384,0.14008496701717377,0.5829828977584839,0.355337917804718,-0.370155930519104,0.5082555413246155,0.38322728872299194,0.11528579145669937,0.5533867478370667,0.3167397379875183,-0.37436768412590027,0.5222803354263306,0.4125293791294098,0.14633022248744965,0.5461503267288208,0.31923016905784607,-0.34794241189956665,0.49041441082954407,0.6456378102302551,0.07968664169311523,0.4503232538700104,0.6521450877189636,-0.07900189608335495,0.5034055709838867,0.8213969469070435,0.19718961417675018,0.4381366968154907,0.8467264175415039,-0.06866887956857681,0.49219977855682373,0.9487667679786682,0.3605296313762665,0.4393465220928192,0.9882218241691589,0.15914683043956757,0.48110345005989075,0.9651501774787903,0.3740333616733551,0.430166095495224,0.9888145327568054,0.17465215921401978,0.5188646912574768,1.0048905611038208,0.33486732840538025,0.46609556674957275,1.157468557357788,0.10274030268192291
leg raises_1000011.jpg,0.5007469654083252,0.49025967717170715,-0.34577977657318115,0.5002622604370117,0.46307802200317383,-0.3166375756263733,0.5022173523902893,0.46410971879959106,-0.31661128997802734,0.5041171312332153,0.46534767746925354,-0.31670311093330383,0.4914887547492981,0.4600446820259094,-0.3477472960948944,0.487311989068985,0.45879286527633667,-0.34781762957572937,0.4828501343727112,0.45770004391670227,-0.3478487730026245,0.49516382813453674,0.4824463725090027,-0.17102691531181335,0.4661555588245392,0.4756762683391571,-0.3042152225971222,0.49968573451042175,0.5185966491699219,-0.2879198491573334,0.4900210201740265,0.5177770853042603,-0.32886648178100586,0.4872528314590454,0.5692436695098877,-0.04852556064724922,0.43267032504081726,0.5744345188140869,-0.3917027711868286,0.5229818820953369,0.4184263348579407,-0.02751665562391281,0.43818578124046326,0.4155760109424591,-0.5664458870887756,0.5228416323661804,0.246443510055542,-0.12929613888263702,0.4420641362667084,0.24745585024356842,-0.5453274846076965,0.5171043276786804,0.21350383758544922,-0.14463363587856293,0.4400358498096466,0.20937101542949677,-0.5855283141136169,0.5141856670379639,0.207236185669899,-0.15183371305465698,0.4416596591472626,0.19965283572673798,-0.5675052404403687,0.5128669738769531,0.21588441729545593,-0.14130662381649017,0.44544127583503723,0.20972372591495514,-0.5400912761688232,0.4780445098876953,0.8786299228668213,0.1086418405175209,0.44106441736221313,0.8939122557640076,-0.10860279202461243,0.5366032719612122,0.9720202684402466,0.11408185213804245,0.5307953953742981,1.0785681009292603,-0.25724107027053833,0.4950767159461975,1.08381187915802,0.28287938237190247,0.4634886682033539,1.118994951248169,0.04841882735490799,0.4871964752674103,1.0918567180633545,0.2916125953197479,0.4486647844314575,1.108762502670288,0.07440801709890366,0.505937933921814,1.1152746677398682,0.3045482337474823,0.46414774656295776,1.1459360122680664,0.06825938820838928
leg raises_1000021.jpg,0.501977801322937,0.5122775435447693,-0.1744377464056015,0.5011253952980042,0.48700952529907227,-0.15547513961791992,0.5031688213348389,0.4869135022163391,-0.15550518035888672,0.5052047371864319,0.4866098165512085,-0.15559262037277222,0.49192479252815247,0.4869195222854614,-0.1904923915863037,0.48717087507247925,0.48682665824890137,-0.19056369364261627,0.482054740190506,0.48663783073425293,-0.1905069798231125,0.4941481351852417,0.499360054731369,-0.057293474674224854,0.46031302213668823,0.5018349289894104,-0.21985477209091187,0.5025689601898193,0.5381425023078918,-0.1316286027431488,0.49309292435646057,0.537960410118103,-0.17927946150302887,0.470922589302063,0.5960575342178345,0.03926029056310654,0.45000186562538147,0.60816890001297,-0.28410598635673523,0.5023819208145142,0.4117434322834015,0.09187205880880356,0.45141568779945374,0.4217166602611542,-0.4445938467979431,0.5110471248626709,0.2279084324836731,-0.05531900376081467,0.4519750773906708,0.23352351784706116,-0.4623625874519348,0.5031192898750305,0.197732612490654,-0.07245190441608429,0.44998088479042053,0.19115698337554932,-0.5128806233406067,0.5009412169456482,0.1930381804704666,-0.10520340502262115,0.44858911633491516,0.1851581633090973,-0.4822682738304138,0.5014340281486511,0.20207597315311432,-0.07634761184453964,0.4522026777267456,0.19551150500774384,-0.4540572762489319,0.46717309951782227,0.9325522780418396,0.1206991970539093,0.4598620533943176,0.9538121819496155,-0.12016353756189346,0.6116576790809631,0.9477189183235168,0.21845166385173798,0.5900918841362,0.9568027257919312,-0.10082073509693146,0.7383584976196289,0.9244651198387146,0.38724958896636963,0.6721404790878296,0.9391525983810425,0.11068461090326309,0.7688601613044739,0.9251692891120911,0.3989124894142151,0.7709459066390991,0.9570938348770142,0.11971061676740646,0.7914655208587646,0.857100784778595,0.3352241516113281,0.7925068140029907,0.8622015118598938,0.013522687368094921
leg raises_1000031.jpg,0.512937068939209,0.5130903720855713,-0.0872751921415329,0.5062038898468018,0.491014301776886,-0.07328459620475769,0.506041407585144,0.4906243085861206,-0.07324666529893875,0.5058562159538269,0.490062415599823,-0.07326539605855942,0.49981844425201416,0.49180662631988525,-0.11524876207113266,0.49532923102378845,0.4920801520347595,-0.11527015268802643,0.4903806447982788,0.4922495186328888,-0.11516670882701874,0.4859910309314728,0.5012586116790771,0.002355763455852866,0.4653555154800415,0.5044689178466797,-0.1915471851825714,0.5071660876274109,0.536449670791626,-0.05020925775170326,0.4996863901615143,0.5369970798492432,-0.10695331543684006,0.4555438756942749,0.5964620113372803,0.0948127880692482,0.4433750510215759,0.6024467349052429,-0.25450482964515686,0.4986098110675812,0.4140320122241974,0.18574735522270203,0.4578756093978882,0.4192056357860565,-0.4342552125453949,0.5103820562362671,0.2394707351922989,-9.99447365757078e-06,0.4536299705505371,0.23401100933551788,-0.4296227693557739,0.4971703290939331,0.20618703961372375,-0.01103196945041418,0.4502379596233368,0.18855668604373932,-0.47517645359039307,0.49736520648002625,0.2003011703491211,-0.0549301877617836,0.4488067626953125,0.18485817313194275,-0.43787533044815063,0.5001416802406311,0.21069276332855225,-0.0244407020509243,0.45510178804397583,0.198807030916214,-0.41626644134521484,0.4681735336780548,0.9405298829078674,0.12336085736751556,0.4695397615432739,0.9547456502914429,-0.12282388657331467,0.6162856817245483,0.9132025837898254,0.2185239940881729,0.600071370601654,0.9533106684684753,-0.06659679859876633,0.7559806108474731,0.8775501847267151,0.4111301302909851,0.7431793212890625,0.907707154750824,0.14128491282463074,0.795998215675354,0.9140630960464478,0.4251101613044739,0.797260582447052,0.9050969481468201,0.1485406905412674,0.8074019551277161,0.8021794557571411,0.36550962924957275,0.8185656666755676,0.8100003004074097,0.040327753871679306
leg raises_1000041.jpg,0.5086181163787842,0.5101019144058228,-0.07271301746368408,0.5019493103027344,0.4882276654243469,-0.06149211898446083,0.5015128254890442,0.4875783324241638,-0.061458297073841095,0.5010263323783875,0.4866679608821869,-0.06145588308572769,0.4960005581378937,0.4894352853298187,-0.10331352055072784,0.49172529578208923,0.489626944065094,-0.1033484935760498,0.4873448312282562,0.48959457874298096,-0.10326839983463287,0.48177269101142883,0.4992033541202545,0.006264989264309406,0.46556928753852844,0.5024861097335815,-0.18883827328681946,0.5022067427635193,0.5325573086738586,-0.03805633261799812,0.4956519305706024,0.533052384853363,-0.09493616223335266,0.44798949360847473,0.5931537747383118,0.10089585185050964,0.440689355134964,0.5964152216911316,-0.2482539713382721,0.48068374395370483,0.40890732407569885,0.19931402802467346,0.4597686529159546,0.4163960814476013,-0.4272718131542206,0.49220380187034607,0.24556080996990204,0.005994321312755346,0.4535585045814514,0.23319102823734283,-0.4179346263408661,0.47645869851112366,0.2135428935289383,-0.0044289384968578815,0.45003291964530945,0.19366644322872162,-0.46258118748664856,0.4805647134780884,0.20552092790603638,-0.04952462762594223,0.4479259252548218,0.190208300948143,-0.4273805320262909,0.4853787422180176,0.21639257669448853,-0.018330030143260956,0.4523284137248993,0.2031816840171814,-0.40499794483184814,0.4639724791049957,0.9421232342720032,0.1254115253686905,0.4673638343811035,0.9550983905792236,-0.12494799494743347,0.601538360118866,0.9111950397491455,0.2412630021572113,0.5753040313720703,0.9558277726173401,-0.029567398130893707,0.736885666847229,0.8770864009857178,0.43303436040878296,0.7433601021766663,0.8805648684501648,0.16519169509410858,0.7641812562942505,0.8907855749130249,0.44744378328323364,0.7803485989570618,0.8972249627113342,0.1729072779417038,0.7838308811187744,0.7889755368232727,0.3886510133743286,0.8004015684127808,0.7930659055709839,0.06492580473423004
leg raises_1000051.jpg,0.502629280090332,0.5002431869506836,-0.10177314281463623,0.4982808232307434,0.4804433286190033,-0.08350761234760284,0.4991341829299927,0.48000046610832214,-0.083544060587883,0.4999845325946808,0.4791052043437958,-0.08358979225158691,0.4893413782119751,0.48088210821151733,-0.12393000721931458,0.4842108190059662,0.4807499349117279,-0.12396299093961716,0.4791657626628876,0.4802839457988739,-0.12388239800930023,0.4843188226222992,0.4917736351490021,0.011436174623668194,0.4600246548652649,0.49408379197120667,-0.17451567947864532,0.4975793957710266,0.5220467448234558,-0.058467697352170944,0.48787814378738403,0.522522509098053,-0.11231262981891632,0.45253098011016846,0.5881696939468384,0.12463641911745071,0.44444477558135986,0.5913013815879822,-0.2574031949043274,0.49103543162345886,0.4028528928756714,0.19896753132343292,0.4525194466114044,0.41017159819602966,-0.42418989539146423,0.5048142075538635,0.23736125230789185,0.024948948994278908,0.4412173926830292,0.22797641158103943,-0.42941948771476746,0.48878130316734314,0.20812445878982544,0.004150195978581905,0.44138282537460327,0.19035805761814117,-0.4783562123775482,0.4874512851238251,0.2026250809431076,-0.03153133764863014,0.4433232843875885,0.18004614114761353,-0.45268547534942627,0.49528199434280396,0.21265538036823273,0.0010289967758581042,0.4468887746334076,0.1951829493045807,-0.4210645854473114,0.4619145691394806,0.9476445317268372,0.14182475209236145,0.4716326594352722,0.9532291889190674,-0.14128665626049042,0.61493319272995,0.9725108742713928,0.2187320739030838,0.615295946598053,1.0196737051010132,-0.06630871444940567,0.7648810744285583,0.9948575496673584,0.4038142263889313,0.7607318758964539,1.0306144952774048,0.08972182124853134,0.7834344506263733,1.0243699550628662,0.416858047246933,0.7918550372123718,1.0580518245697021,0.09323491901159286,0.8294409513473511,0.9157154560089111,0.3643084466457367,0.837173581123352,0.9427809715270996,-0.03493349626660347
leg raises_1000061.jpg,0.5108131170272827,0.5017481446266174,-0.12418260425329208,0.5048430562019348,0.4812910258769989,-0.09994753450155258,0.50499027967453,0.48108983039855957,-0.09991136938333511,0.5051164627075195,0.48062071204185486,-0.0998641774058342,0.49765318632125854,0.48155325651168823,-0.1428910195827484,0.4928280711174011,0.48156997561454773,-0.1428336203098297,0.48796385526657104,0.48144814372062683,-0.14267787337303162,0.48928388953208923,0.4943699836730957,0.025810563936829567,0.4702502489089966,0.4961715340614319,-0.1713966578245163,0.5033841133117676,0.5237791538238525,-0.07188823819160461,0.4954306483268738,0.5252536535263062,-0.12820397317409515,0.46094608306884766,0.5837266445159912,0.13848257064819336,0.451620876789093,0.5911226272583008,-0.2703019678592682,0.49374061822891235,0.40861302614212036,0.18796110153198242,0.4535583257675171,0.4104861319065094,-0.47978675365448,0.5053063035011292,0.24284669756889343,-1.8415450540487655e-05,0.44853657484054565,0.2186199426651001,-0.5254861116409302,0.49260029196739197,0.20908671617507935,-0.04457146301865578,0.4475623667240143,0.1786697804927826,-0.5729713439941406,0.49325326085090637,0.19978569447994232,-0.06941472738981247,0.4489459991455078,0.17148342728614807,-0.553701639175415,0.49482351541519165,0.21317388117313385,-0.02557896450161934,0.45203810930252075,0.18632979691028595,-0.5197253823280334,0.4660097062587738,0.9464448690414429,0.13630573451519012,0.4689396917819977,0.9509652853012085,-0.13603277504444122,0.48914414644241333,1.0219032764434814,0.20778118073940277,0.5089924335479736,1.168513298034668,-0.140911266207695,0.4963328242301941,1.2716046571731567,0.3782985806465149,0.4644864797592163,1.3301379680633545,-0.0033733337186276913,0.4852302670478821,1.2973798513412476,0.3883157968521118,0.4431011378765106,1.3481578826904297,0.0107337087392807,0.5427564382553101,1.2745875120162964,0.327777236700058,0.48450881242752075,1.3009114265441895,-0.10958941280841827
leg raises_1000071.jpg,0.5053626894950867,0.5086854696273804,-0.17453373968601227,0.50095534324646,0.4859471619129181,-0.14159564673900604,0.5018782019615173,0.4859147369861603,-0.141537144780159,0.5028590559959412,0.4857439696788788,-0.14137831330299377,0.4931051433086395,0.48582789301872253,-0.18294955790042877,0.48867928981781006,0.48571738600730896,-0.1829051375389099,0.48417842388153076,0.48549380898475647,-0.18279510736465454,0.4926607310771942,0.5005034804344177,0.022623753175139427,0.4691278040409088,0.5001514554023743,-0.1679174154996872,0.5005322098731995,0.5324341654777527,-0.1096014603972435,0.4922826588153839,0.5329788327217102,-0.16317202150821686,0.47534888982772827,0.616192102432251,0.15815864503383636,0.45360496640205383,0.6059013605117798,-0.2921849191188812,0.5102846622467041,0.41936194896698,0.189564511179924,0.4577495753765106,0.42383110523223877,-0.5273714661598206,0.5216545462608337,0.2452762871980667,-0.030050020664930344,0.45720240473747253,0.22681021690368652,-0.5914146900177002,0.506709635257721,0.20882274210453033,-0.08206818252801895,0.45105722546577454,0.18683402240276337,-0.6432616710662842,0.5050357580184937,0.2035256326198578,-0.11337877064943314,0.45205071568489075,0.18103133141994476,-0.6325615048408508,0.5085680484771729,0.21583016216754913,-0.060155175626277924,0.45706260204315186,0.19174666702747345,-0.5882377624511719,0.47547706961631775,0.9596982598304749,0.14602059125900269,0.4612281620502472,0.9586098790168762,-0.145711287856102,0.47680968046188354,1.2152091264724731,0.16596393287181854,0.4378577470779419,1.2413889169692993,-0.1832960695028305,0.48109108209609985,1.4287214279174805,0.3231317102909088,0.42891165614128113,1.4380725622177124,-0.11142683029174805,0.4670839309692383,1.4680311679840088,0.32939374446868896,0.4106820225715637,1.503961205482483,-0.1110537126660347,0.5198528170585632,1.5392966270446777,0.21750527620315552,0.4649165868759155,1.5951008796691895,-0.3213025629520416
leg raises_1000081.jpg,0.5058184266090393,0.49979954957962036,-0.22999747097492218,0.5057590007781982,0.4790971875190735,-0.189603790640831,0.5082256197929382,0.4793461263179779,-0.18955515325069427,0.5107136964797974,0.47930118441581726,-0.18941840529441833,0.49428755044937134,0.4792201519012451,-0.2233797013759613,0.4885917603969574,0.4794643819332123,-0.22335600852966309,0.4826788604259491,0.4795428514480591,-0.22326837480068207,0.5026225447654724,0.49531787633895874,-0.004477033857256174,0.46548402309417725,0.4952392578125,-0.16039921343326569,0.505060613155365,0.5271649956703186,-0.16028711199760437,0.4918856620788574,0.5272693037986755,-0.20322240889072418,0.48397156596183777,0.5889391303062439,0.11838391423225403,0.4539126753807068,0.5913295745849609,-0.28595277667045593,0.5167404413223267,0.4070359170436859,0.10957010090351105,0.4545499086380005,0.41971808671951294,-0.5238390564918518,0.5200615525245667,0.23626016080379486,-0.09945996105670929,0.4515745937824249,0.21909663081169128,-0.5993028283119202,0.5111840963363647,0.20407554507255554,-0.15536563098430634,0.45147642493247986,0.1798112392425537,-0.65031498670578,0.5134826302528381,0.20031604170799255,-0.17673616111278534,0.452480673789978,0.17093293368816376,-0.6382853388786316,0.5130326747894287,0.20700760185718536,-0.12586604058742523,0.45618876814842224,0.18386003375053406,-0.596746563911438,0.48106640577316284,0.9612600803375244,0.14011862874031067,0.4615898132324219,0.9549139142036438,-0.139753058552742,0.4725070297718048,1.2004115581512451,0.1428346186876297,0.4275652766227722,1.210486650466919,-0.1855054646730423,0.47103896737098694,1.4385099411010742,0.2984117269515991,0.4146082103252411,1.4866738319396973,-0.12828458845615387,0.45749732851982117,1.4716657400131226,0.30515745282173157,0.3943115770816803,1.5329104661941528,-0.13053566217422485,0.5095756649971008,1.5341066122055054,0.2035648375749588,0.45827093720436096,1.5950268507003784,-0.3354836404323578
leg raises_1000091.jpg,0.5053806900978088,0.4902481138706207,-0.15911413729190826,0.5035988688468933,0.4743448793888092,-0.1318984180688858,0.5042250156402588,0.4748346209526062,-0.131858229637146,0.504991352558136,0.47453752160072327,-0.13177822530269623,0.4992147386074066,0.47547128796577454,-0.16546180844306946,0.4963516891002655,0.4768330156803131,-0.16543737053871155,0.492775559425354,0.477579802274704,-0.16541869938373566,0.5009523034095764,0.4913158118724823,-0.001654678606428206,0.47780725359916687,0.4976702928543091,-0.15395487844944,0.5027502179145813,0.5216235518455505,-0.1066916212439537,0.49705466628074646,0.5227135419845581,-0.15100646018981934,0.47063684463500977,0.5947293043136597,0.08203938603401184,0.47208359837532043,0.5839331746101379,-0.2508316934108734,0.49902212619781494,0.4065764844417572,0.08986374735832214,0.4697318375110626,0.40602391958236694,-0.4411652982234955,0.50163733959198,0.22621983289718628,-0.06793509423732758,0.46943095326423645,0.21815381944179535,-0.5058685541152954,0.4912034273147583,0.1937236189842224,-0.11039193719625473,0.4666700065135956,0.1836342215538025,-0.5564433932304382,0.4968854486942291,0.19036826491355896,-0.13135652244091034,0.46710875630378723,0.17513173818588257,-0.537921130657196,0.4983218312263489,0.19690734148025513,-0.08906786888837814,0.46950194239616394,0.1890181452035904,-0.5021178722381592,0.46769896149635315,0.9608715772628784,0.11739028245210648,0.4846407473087311,0.9599807858467102,-0.11715640872716904,0.4309496581554413,1.1018677949905396,0.1861123889684677,0.46821364760398865,1.1487747430801392,-0.13734079897403717,0.42541036009788513,1.2546226978302002,0.3868807256221771,0.4055272042751312,1.3056552410125732,0.00013077732000965625,0.4157353937625885,1.2747317552566528,0.40100494027137756,0.38035520911216736,1.3181699514389038,0.015177195891737938,0.4358682930469513,1.3116698265075684,0.3363807499408722,0.4068700075149536,1.3661079406738281,-0.10380315035581589
leg raises_1000101.jpg,0.5093295574188232,0.5015873312950134,-0.1624026894569397,0.5053214430809021,0.48222699761390686,-0.1348230242729187,0.5063542127609253,0.4828210473060608,-0.13480563461780548,0.5075753331184387,0.48288866877555847,-0.13468095660209656,0.49874892830848694,0.48297885060310364,-0.1758989542722702,0.4953099191188812,0.4841117560863495,-0.1758606731891632,0.4919544756412506,0.4848387539386749,-0.17584101855754852,0.4955698251724243,0.5041033625602722,0.008356999605894089,0.47521132230758667,0.505582332611084,-0.17461208999156952,0.5075324177742004,0.5308593511581421,-0.10418059676885605,0.4995121359825134,0.5318012237548828,-0.15739956498146057,0.4744114279747009,0.6080330014228821,0.13140633702278137,0.4602099359035492,0.5924040079116821,-0.29235875606536865,0.5036466121673584,0.4212188720703125,0.1690060943365097,0.4635688364505768,0.41787445545196533,-0.5176568627357483,0.5339515209197998,0.27364712953567505,-0.03785359486937523,0.4683614671230316,0.21640464663505554,-0.5967699885368347,0.5127933025360107,0.2214234471321106,-0.08612015843391418,0.46542268991470337,0.17968527972698212,-0.6467611789703369,0.5133427977561951,0.2071138620376587,-0.11508645862340927,0.4641272723674774,0.17119108140468597,-0.6381279826164246,0.5136111974716187,0.2182668000459671,-0.06625605374574661,0.46742287278175354,0.18464335799217224,-0.5945195555686951,0.4757887125015259,0.9575875401496887,0.1358957290649414,0.4662556052207947,0.9492069482803345,-0.1355278640985489,0.4644719362258911,1.1812734603881836,0.17733310163021088,0.43716666102409363,1.1894954442977905,-0.16234911978244781,0.4595889151096344,1.3708902597427368,0.3402827978134155,0.414232462644577,1.4107388257980347,-0.06043800339102745,0.4476557970046997,1.404640555381775,0.3484930992126465,0.3944155275821686,1.4476956129074097,-0.05451853573322296,0.4865618646144867,1.4654179811477661,0.25653785467147827,0.44367197155952454,1.5158158540725708,-0.2305256724357605
leg raises_100011.jpg,0.4905332028865814,0.10219065099954605,-0.21015451848506927,0.4910651743412018,0.08035802841186523,-0.19316568970680237,0.49394798278808594,0.07953319698572159,-0.19326190650463104,0.4969620406627655,0.07839185744524002,-0.19331081211566925,0.48044633865356445,0.08245021104812622,-0.22810854017734528,0.47610488533973694,0.08302148431539536,-0.22811952233314514,0.47116196155548096,0.08331815153360367,-0.22817827761173248,0.491128534078598,0.09033053368330002,-0.06569034606218338,0.4597878158092499,0.09749110788106918,-0.25349414348602295,0.4912111461162567,0.12334930896759033,-0.15645648539066315,0.48039814829826355,0.1252659112215042,-0.20150475203990936,0.5032374858856201,0.2603244185447693,0.062291618436574936,0.43686968088150024,0.22032596170902252,-0.3446436822414398,0.5233730673789978,0.40870213508605957,0.213187113404274,0.4688315689563751,0.38739171624183655,-0.4536972641944885,0.5547162890434265,0.39003074169158936,0.14807970821857452,0.5503146648406982,0.30453920364379883,-0.5932320952415466,0.5549497604370117,0.38824182748794556,0.12030677497386932,0.5673372149467468,0.29130661487579346,-0.5975826978683472,0.5602048635482788,0.36203816533088684,0.07610736787319183,0.5627611875534058,0.2713209092617035,-0.5956078171730042,0.5568036437034607,0.36294203996658325,0.12482831627130508,0.5515106916427612,0.2697407901287079,-0.5366572141647339,0.500636637210846,0.6823157072067261,0.11736607551574707,0.46991902589797974,0.6838318109512329,-0.1167876273393631,0.5024017691612244,0.832991898059845,0.40083491802215576,0.4586438238620758,0.8766364455223083,0.11267922073602676,0.4895685613155365,1.006436824798584,0.7259904742240906,0.45269453525543213,0.9982241988182068,0.4117238223552704,0.48010244965553284,1.030920386314392,0.756121039390564,0.4386522173881531,0.987329363822937,0.44425883889198303,0.509006679058075,1.0753146409988403,0.7156321406364441,0.48232004046440125,1.127947211265564,0.3545796573162079
leg raises_1000111.jpg,0.5156440138816833,0.4152194559574127,-0.2220485657453537,0.5102332830429077,0.4020707309246063,-0.20129624009132385,0.5107694864273071,0.3996127247810364,-0.20136632025241852,0.5113343000411987,0.3963332772254944,-0.20140911638736725,0.5040167570114136,0.40432658791542053,-0.2363223433494568,0.500287652015686,0.40394264459609985,-0.23637725412845612,0.4966133236885071,0.4034219980239868,-0.23642729222774506,0.4975681006908417,0.37603139877319336,-0.08007629960775375,0.47860270738601685,0.3972100019454956,-0.2506038248538971,0.5128322243690491,0.4081996977329254,-0.17193953692913055,0.5066813826560974,0.4102129638195038,-0.21562723815441132,0.485621839761734,0.5056079626083374,0.023223284631967545,0.45561468601226807,0.36655113101005554,-0.3370800316333771,0.5115712881088257,0.40559566020965576,0.08216571062803268,0.4593595266342163,0.4164228141307831,-0.5300223231315613,0.5086144804954529,0.23857608437538147,-0.03388772904872894,0.4586273729801178,0.24335750937461853,-0.5752027034759521,0.5019755959510803,0.20919951796531677,-0.0683000460267067,0.45771026611328125,0.20092988014221191,-0.6097894310951233,0.4994702935218811,0.20174503326416016,-0.08343549817800522,0.4577389359474182,0.1939864307641983,-0.5991750359535217,0.5004574060440063,0.21031413972377777,-0.051578719168901443,0.46122393012046814,0.2065105438232422,-0.5669025778770447,0.4855743646621704,0.9090481400489807,0.1143105998635292,0.47011640667915344,0.9110842943191528,-0.11404144763946533,0.504822313785553,1.0807158946990967,0.1932549774646759,0.4866657853126526,1.1138484477996826,-0.07059542834758759,0.5030567049980164,1.2449431419372559,0.39435213804244995,0.48054879903793335,1.2768877744674683,0.04907414689660072,0.49774739146232605,1.272384524345398,0.4157743752002716,0.4626557230949402,1.305978775024414,0.05774782598018646,0.5510666370391846,1.2718713283538818,0.305885910987854,0.4971380829811096,1.2951580286026,0.021497081965208054
leg raises_1000121.jpg,0.501548171043396,0.47517576813697815,-0.23388472199440002,0.5026788115501404,0.46209636330604553,-0.20148947834968567,0.504975438117981,0.46053993701934814,-0.2015555202960968,0.5074445009231567,0.4580479860305786,-0.2015640139579773,0.49322572350502014,0.46338051557540894,-0.23333247005939484,0.48882681131362915,0.4630627930164337,-0.23335246741771698,0.48425742983818054,0.4623631238937378,-0.23344945907592773,0.5033365488052368,0.45205017924308777,-0.025112073868513107,0.4661397635936737,0.4695456922054291,-0.1724725365638733,0.5022819638252258,0.47431907057762146,-0.16978484392166138,0.4915643334388733,0.4777415096759796,-0.21085305511951447,0.4823879599571228,0.5653439164161682,0.09041393548250198,0.4505740702152252,0.42899948358535767,-0.2941584885120392,0.5185902118682861,0.4176379442214966,0.09715544432401657,0.46034306287765503,0.4240533709526062,-0.4943530261516571,0.5230551362037659,0.24257904291152954,-0.050163544714450836,0.45919790863990784,0.234709694981575,-0.5339258313179016,0.5172247886657715,0.20607304573059082,-0.09196951240301132,0.4582267701625824,0.18877044320106506,-0.575370728969574,0.5172581076622009,0.2003290355205536,-0.10729251801967621,0.4591359496116638,0.18344950675964355,-0.5617745518684387,0.5168426632881165,0.2115984857082367,-0.07110432535409927,0.462812215089798,0.19879832863807678,-0.5303057432174683,0.48675355315208435,0.9642321467399597,0.11370772868394852,0.45766544342041016,0.9624059200286865,-0.11359061300754547,0.5005452632904053,1.2027390003204346,0.15265260636806488,0.43588557839393616,1.1699504852294922,-0.10283076018095016,0.5110153555870056,1.4429525136947632,0.34155380725860596,0.4598243832588196,1.4776394367218018,0.01992594450712204,0.5050164461135864,1.4683680534362793,0.3543417751789093,0.4480074942111969,1.5071498155593872,0.025785809382796288,0.5500664114952087,1.5435562133789062,0.23781895637512207,0.4959607720375061,1.5746856927871704,-0.15204548835754395
leg raises_1000131.jpg,0.4963865578174591,0.4948340058326721,-0.14867311716079712,0.4948893189430237,0.48255839943885803,-0.12496302276849747,0.4962874948978424,0.4821201264858246,-0.12502385675907135,0.49771273136138916,0.4810488522052765,-0.12503784894943237,0.48819324374198914,0.48361489176750183,-0.15820179879665375,0.4850044250488281,0.48392656445503235,-0.1581818163394928,0.48184913396835327,0.4838488698005676,-0.15828482806682587,0.48817089200019836,0.48497357964515686,-0.00429616728797555,0.46609434485435486,0.49564775824546814,-0.15352243185043335,0.49439021944999695,0.5059746503829956,-0.09961998462677002,0.486752450466156,0.507754921913147,-0.14360813796520233,0.4594734013080597,0.5753775835037231,0.054311059415340424,0.4561987519264221,0.5409501194953918,-0.23767395317554474,0.48940709233283997,0.42367663979530334,0.04927556961774826,0.4619174301624298,0.4315953254699707,-0.45584407448768616,0.49694421887397766,0.23895151913166046,-0.0917520597577095,0.46485286951065063,0.22703908383846283,-0.5186783075332642,0.4887426197528839,0.19826029241085052,-0.1040104329586029,0.46540987491607666,0.1828552633523941,-0.5477717518806458,0.4920802414417267,0.19264797866344452,-0.14362354576587677,0.4613972008228302,0.174903005361557,-0.5527254343032837,0.4939322769641876,0.20112499594688416,-0.10551977902650833,0.4640682339668274,0.1880798488855362,-0.5168039202690125,0.4812888503074646,0.9804507493972778,0.09440381824970245,0.4639897048473358,0.9866907000541687,-0.09439372271299362,0.4831942021846771,1.2080087661743164,0.136941060423851,0.44627851247787476,1.1946406364440918,-0.10036586225032806,0.4872005581855774,1.4496318101882935,0.318640798330307,0.4452190101146698,1.4811782836914062,0.03713757172226906,0.4821285903453827,1.47806715965271,0.3347316384315491,0.43851128220558167,1.515528917312622,0.04367314651608467,0.49898761510849,1.5203849077224731,0.1940566748380661,0.4573197662830353,1.5483341217041016,-0.14367087185382843
leg raises_1000141.jpg,0.504138171672821,0.5143027901649475,-0.09698119759559631,0.4987768828868866,0.4939243197441101,-0.08460383862257004,0.4985557496547699,0.4930451214313507,-0.08455932140350342,0.49813592433929443,0.4916366636753082,-0.08457604795694351,0.49327388405799866,0.49585646390914917,-0.12462007254362106,0.48981258273124695,0.4964502453804016,-0.12460561096668243,0.4861987829208374,0.4966427981853485,-0.12458452582359314,0.4773031771183014,0.4966650605201721,-0.009399992413818836,0.4644326865673065,0.5071411728858948,-0.16812123358249664,0.4983673095703125,0.52998948097229,-0.05987238883972168,0.4920435845851898,0.5326460003852844,-0.11419808864593506,0.4455004334449768,0.5921775698661804,0.08548963069915771,0.4437127113342285,0.5672382116317749,-0.25075003504753113,0.47121694684028625,0.4088289141654968,0.18281258642673492,0.463583379983902,0.41483795642852783,-0.4429442584514618,0.4825713336467743,0.2308143824338913,0.012113590724766254,0.46674448251724243,0.2245175540447235,-0.47725287079811096,0.4726307988166809,0.18913814425468445,0.007806229870766401,0.4611184298992157,0.17909231781959534,-0.5248717665672302,0.47563984990119934,0.18477313220500946,-0.0420389324426651,0.461457222700119,0.17491550743579865,-0.468354195356369,0.4800167977809906,0.195465549826622,-0.012508870102465153,0.4650813043117523,0.18766669929027557,-0.45211461186408997,0.473940908908844,0.9618569016456604,0.11914300173521042,0.4636179208755493,0.9690619707107544,-0.11883657425642014,0.5937455296516418,0.9481531977653503,0.22192928194999695,0.5393030047416687,0.9898087382316589,-0.01659812219440937,0.741220235824585,0.9414395689964294,0.44470879435539246,0.7285594940185547,0.9480908513069153,0.16312865912914276,0.7527841329574585,0.9422211647033691,0.46295166015625,0.7454256415367126,0.9616516828536987,0.1737339347600937,0.7802297472953796,0.8958573937416077,0.404350221157074,0.7743578553199768,0.8863508701324463,0.07271476089954376
leg raises_1000151.jpg,0.5053216814994812,0.5072866082191467,-0.049235329031944275,0.49882498383522034,0.4901888072490692,-0.041085418313741684,0.4984360635280609,0.4891168773174286,-0.040964387357234955,0.49809062480926514,0.48744523525238037,-0.040854595601558685,0.49405619502067566,0.49513164162635803,-0.08196403831243515,0.4903087913990021,0.49448275566101074,-0.08196412026882172,0.48634466528892517,0.4931022524833679,-0.08188782632350922,0.47767412662506104,0.4941663444042206,0.0188869871199131,0.4630223512649536,0.5039793848991394,-0.16915853321552277,0.5014461874961853,0.5250613689422607,-0.015653101727366447,0.49512070417404175,0.5284299850463867,-0.07196657359600067,0.443349152803421,0.5857247114181519,0.1126050278544426,0.44463613629341125,0.5762110352516174,-0.2297559529542923,0.47148773074150085,0.39239856600761414,0.22279149293899536,0.47673797607421875,0.3994816541671753,-0.40910062193870544,0.48153647780418396,0.22914448380470276,0.018978741019964218,0.47425252199172974,0.21567580103874207,-0.3751877546310425,0.46565619111061096,0.1907048374414444,0.014621475711464882,0.4676663279533386,0.17888645827770233,-0.4175592362880707,0.4687407612800598,0.18692253530025482,-0.03835959732532501,0.46340465545654297,0.17517384886741638,-0.36845266819000244,0.4728601276874542,0.19781774282455444,-0.006709181237965822,0.46582621335983276,0.18596428632736206,-0.35449299216270447,0.4735024869441986,0.9505295753479004,0.1176997572183609,0.4679051339626312,0.9594589471817017,-0.11740835756063461,0.5877849459648132,0.9094924330711365,0.23923379182815552,0.5473992824554443,0.9417186379432678,0.022853894159197807,0.7367023229598999,0.8284332156181335,0.43729260563850403,0.7433901429176331,0.8276647925376892,0.19012697041034698,0.761784553527832,0.8318806886672974,0.4527602195739746,0.7652013301849365,0.8317204117774963,0.1966298669576645,0.7835075259208679,0.7579801082611084,0.39051157236099243,0.7776412963867188,0.7516210675239563,0.08950703591108322
leg raises_1000161.jpg,0.4913083612918854,0.5052989721298218,-0.038483280688524246,0.48576247692108154,0.48805737495422363,-0.02896626852452755,0.48536625504493713,0.48754751682281494,-0.02886744774878025,0.48491594195365906,0.48651939630508423,-0.028794430196285248,0.4808737337589264,0.4911321997642517,-0.06899867951869965,0.47703462839126587,0.4903176724910736,-0.06896944344043732,0.4731064736843109,0.4890812635421753,-0.06889883428812027,0.4658115804195404,0.4937533140182495,0.032802049070596695,0.45129215717315674,0.5017513036727905,-0.1570362150669098,0.48709261417388916,0.5213494896888733,-0.004567996598780155,0.4809776246547699,0.5250988602638245,-0.059459391981363297,0.4436735212802887,0.5898585915565491,0.12858253717422485,0.4390486478805542,0.5799845457077026,-0.21744756400585175,0.47556447982788086,0.40293022990226746,0.23833899199962616,0.47318682074546814,0.400947242975235,-0.38047078251838684,0.4957199692726135,0.24143719673156738,0.04929112643003464,0.47678878903388977,0.2167927622795105,-0.35312098264694214,0.4821828305721283,0.2035224884748459,0.04610496759414673,0.4757986068725586,0.18516018986701965,-0.3957796096801758,0.48278510570526123,0.1994834542274475,-0.00572482543066144,0.4669019281864166,0.18185223639011383,-0.352017343044281,0.48537129163742065,0.2098078429698944,0.023790786042809486,0.4681840240955353,0.19353584945201874,-0.3358900249004364,0.4744393229484558,0.951537549495697,0.11734972894191742,0.4659106135368347,0.9613561630249023,-0.11706200987100601,0.5848014950752258,0.9196844100952148,0.24561038613319397,0.5507897734642029,0.9545960426330566,0.03783657029271126,0.7350396513938904,0.8358945250511169,0.45717427134513855,0.7306767106056213,0.8359893560409546,0.21322408318519592,0.760359525680542,0.836735725402832,0.47538694739341736,0.7507179975509644,0.8752766847610474,0.22271841764450073,0.7631457448005676,0.7671231627464294,0.4238285720348358,0.7666752934455872,0.767536997795105,0.12545865774154663
leg raises_1000171.jpg,0.4936799108982086,0.5040222406387329,-0.06617171317338943,0.4869037866592407,0.48627734184265137,-0.053784701973199844,0.4868699610233307,0.48589980602264404,-0.053719259798526764,0.4869305491447449,0.48502904176712036,-0.053685661405324936,0.4811267852783203,0.4890942871570587,-0.09488756209611893,0.47712820768356323,0.48941048979759216,-0.09485756605863571,0.47308310866355896,0.489368736743927,-0.09475637227296829,0.46932050585746765,0.4951263964176178,0.019247952848672867,0.4512280225753784,0.5036450028419495,-0.16660980880260468,0.48993828892707825,0.5219866633415222,-0.02851211465895176,0.4831390976905823,0.5256370306015015,-0.08415070921182632,0.44597142934799194,0.5942131280899048,0.12495378404855728,0.4353977143764496,0.5813356041908264,-0.2325965315103531,0.4785645306110382,0.405987411737442,0.23325501382350922,0.4655879735946655,0.41126975417137146,-0.406220018863678,0.4976869821548462,0.24521692097187042,0.04367856681346893,0.4700472950935364,0.23102809488773346,-0.37013301253318787,0.4863876700401306,0.2044636458158493,0.035705048590898514,0.46984806656837463,0.19209331274032593,-0.406393438577652,0.4863453507423401,0.19937799870967865,-0.014241049066185951,0.4619746804237366,0.19020874798297882,-0.3961097002029419,0.4881488084793091,0.21357394754886627,0.0173492468893528,0.4632129967212677,0.2037965953350067,-0.36950722336769104,0.46954619884490967,0.9503927230834961,0.12392304092645645,0.45428988337516785,0.958947479724884,-0.12363753467798233,0.5860945582389832,0.9166436195373535,0.2515389919281006,0.5503841638565063,0.9644142985343933,0.029422223567962646,0.7353232502937317,0.852051317691803,0.4803275465965271,0.7271749377250671,0.8636671900749207,0.21470288932323456,0.7512655854225159,0.8557717800140381,0.4995211660861969,0.7421980500221252,0.9058994054794312,0.225572407245636,0.7753778696060181,0.7880418300628662,0.44638440012931824,0.7668764591217041,0.7983485460281372,0.1232936680316925
leg raises_100021.jpg,0.4766417443752289,0.1660039722919464,-0.21623603999614716,0.4838830232620239,0.12457731366157532,-0.18882054090499878,0.48925164341926575,0.12472464144229889,-0.1889822632074356,0.4955231845378876,0.1251658946275711,-0.18914753198623657,0.4661044776439667,0.1256963312625885,-0.20968610048294067,0.459833025932312,0.12682674825191498,-0.20976732671260834,0.4536632299423218,0.12796033918857574,-0.21009668707847595,0.49217742681503296,0.15026450157165527,0.004892171360552311,0.4370631277561188,0.1453247219324112,-0.14041928946971893,0.48505157232284546,0.2029871642589569,-0.14207302033901215,0.4663168489933014,0.20352916419506073,-0.17245878279209137,0.5215780138969421,0.34389346837997437,0.09901560842990875,0.39550039172172546,0.3149809241294861,-0.15997667610645294,0.5520157217979431,0.47246450185775757,0.19919519126415253,0.3790991008281708,0.4239652752876282,-0.281030535697937,0.5196355581283569,0.43866410851478577,0.14700369536876678,0.4309140145778656,0.4494958221912384,-0.2977023124694824,0.5079963207244873,0.4393916726112366,0.13927029073238373,0.44337671995162964,0.4718506634235382,-0.30687522888183594,0.506726861000061,0.3709528148174286,0.14153195917606354,0.4446731209754944,0.455591082572937,-0.30572381615638733,0.4982176423072815,0.3754182457923889,0.14852295815944672,0.44607415795326233,0.4545109272003174,-0.2952300012111664,0.49942609667778015,0.770568311214447,0.052888449281454086,0.4367610216140747,0.7796971797943115,-0.05206179991364479,0.561295747756958,0.9776844382286072,0.027289429679512978,0.43561235070228577,1.005003809928894,0.021126748993992805,0.5492271184921265,1.1851694583892822,0.24067185819149017,0.4677572548389435,1.2295353412628174,0.16162417829036713,0.5407631397247314,1.211165189743042,0.2580209970474243,0.47088944911956787,1.2583069801330566,0.18257246911525726,0.5521665811538696,1.3085095882415771,0.15996438264846802,0.4788527488708496,1.3523352146148682,0.03237311169505119
leg raises_100031.jpg,0.4666878581047058,0.10288351774215698,-0.20438100397586823,0.4797057509422302,0.07259213179349899,-0.18627138435840607,0.4867994487285614,0.07341352850198746,-0.1865084171295166,0.49417027831077576,0.07421279698610306,-0.18681573867797852,0.46086427569389343,0.07039269059896469,-0.20033448934555054,0.4546544849872589,0.06981630623340607,-0.20037446916103363,0.4482576549053192,0.06915242224931717,-0.20066441595554352,0.5010519623756409,0.09233731031417847,-0.03019868955016136,0.4396496117115021,0.08810275793075562,-0.10159048438072205,0.47597387433052063,0.13617172837257385,-0.1438632607460022,0.4586521089076996,0.13547489047050476,-0.16959881782531738,0.5324140191078186,0.2673379182815552,0.023532800376415253,0.3970509171485901,0.2252788096666336,-0.060327351093292236,0.5843513607978821,0.47172126173973083,0.08200730383396149,0.377029687166214,0.4025505781173706,0.021338319405913353,0.5292543768882751,0.4729129374027252,0.07054886966943741,0.4218169152736664,0.41947126388549805,0.13438482582569122,0.5162225365638733,0.4904947876930237,0.05721371993422508,0.43710944056510925,0.43672704696655273,0.14107540249824524,0.5134809017181396,0.45134401321411133,0.050958894193172455,0.435962975025177,0.41224679350852966,0.13378125429153442,0.5092772245407104,0.44719234108924866,0.06861605495214462,0.4376460015773773,0.4117334485054016,0.13662518560886383,0.5174543857574463,0.677430272102356,0.004333335440605879,0.4281146228313446,0.6815583109855652,-0.003721408313140273,0.5436545610427856,0.9528126120567322,0.0678788498044014,0.42550528049468994,0.971744954586029,0.12694962322711945,0.5257306694984436,1.1957955360412598,0.25077611207962036,0.4449010193347931,1.2212742567062378,0.33194100856781006,0.522071123123169,1.2236799001693726,0.2670905888080597,0.45313841104507446,1.2533787488937378,0.3539647161960602,0.5204118490219116,1.3132479190826416,0.17389000952243805,0.4352460503578186,1.3211933374404907,0.2432304471731186
leg raises_100041.jpg,0.47631028294563293,0.10598617047071457,-0.27146461606025696,0.48432621359825134,0.07976657897233963,-0.24742935597896576,0.4898246228694916,0.07985015958547592,-0.24764814972877502,0.4956999123096466,0.07981495559215546,-0.24793247878551483,0.46752890944480896,0.078727126121521,-0.25857317447662354,0.46123093366622925,0.07829547673463821,-0.25839248299598694,0.4548875689506531,0.07781738042831421,-0.2585531175136566,0.4991583228111267,0.08557523041963577,-0.061344344168901443,0.4422433078289032,0.08700001239776611,-0.122951939702034,0.4836899936199188,0.13160738348960876,-0.19879350066184998,0.4664528965950012,0.12936562299728394,-0.21555869281291962,0.5307264924049377,0.23108656704425812,0.025911539793014526,0.402198851108551,0.2214568704366684,-0.09052176773548126,0.5413110256195068,0.4253721833229065,0.007929598912596703,0.3816823959350586,0.40215349197387695,0.015990369021892548,0.5311552882194519,0.4241669178009033,-0.1776578426361084,0.42413172125816345,0.3980472683906555,-0.512852132320404,0.5240218043327332,0.4329577088356018,-0.2328311949968338,0.44942209124565125,0.41941893100738525,-0.566851794719696,0.5143693089485168,0.39928382635116577,-0.24543999135494232,0.4500959515571594,0.3900582492351532,-0.5759748816490173,0.5148071050643921,0.40530508756637573,-0.18870043754577637,0.4515150189399719,0.3877711892127991,-0.5221928954124451,0.5163674354553223,0.5945397019386292,0.01395977009087801,0.4195190370082855,0.6114237308502197,-0.013078427873551846,0.5301154851913452,0.8558807969093323,0.026800487190485,0.4361322522163391,0.8723264932632446,0.050204914063215256,0.5193873643875122,1.0361871719360352,0.21482792496681213,0.4398529827594757,1.0443774461746216,0.2161591649055481,0.5026991367340088,1.0231058597564697,0.22775691747665405,0.44800031185150146,1.0354394912719727,0.23923353850841522,0.5248677730560303,1.3082383871078491,0.10422533005475998,0.44698458909988403,1.266831636428833,0.061705172061920166
leg raises_100051.jpg,0.4716378450393677,0.10756596177816391,-0.13277463614940643,0.4804736375808716,0.08712754398584366,-0.11350055783987045,0.4850829839706421,0.08676232397556305,-0.11357486993074417,0.4899175465106964,0.08626487851142883,-0.11372344195842743,0.4673983156681061,0.08783776313066483,-0.11108604818582535,0.4628734588623047,0.08776550740003586,-0.1108713448047638,0.45837414264678955,0.08736000955104828,-0.11091067641973495,0.4961085319519043,0.0958179384469986,0.025095881894230843,0.4508261978626251,0.09611924737691879,0.020616944879293442,0.47805288434028625,0.12737558782100677,-0.079177625477314,0.4635370075702667,0.1282530575990677,-0.07879813015460968,0.5208006501197815,0.21494388580322266,0.07010455429553986,0.41328874230384827,0.21075977385044098,0.09450030326843262,0.5602062940597534,0.3646894693374634,0.008089898154139519,0.40171268582344055,0.35342922806739807,0.06378329545259476,0.5346551537513733,0.32935386896133423,-0.1262296587228775,0.44014596939086914,0.33290940523147583,-0.08647823333740234,0.5277661681175232,0.31530869007110596,-0.16612467169761658,0.4567185640335083,0.33786261081695557,-0.1093764677643776,0.5160543322563171,0.28309160470962524,-0.16113045811653137,0.4545891582965851,0.3125494718551636,-0.12040572613477707,0.5169241428375244,0.29044008255004883,-0.12756316363811493,0.4551813304424286,0.31209224462509155,-0.09514626115560532,0.515051543712616,0.487712025642395,0.008847835473716259,0.4332086145877838,0.4840867221355438,-0.00830814242362976,0.5301695466041565,0.7081864476203918,-0.029792411252856255,0.4484069049358368,0.7172921895980835,-0.06522498279809952,0.5297653079032898,0.9041211605072021,0.0728837177157402,0.4837666153907776,0.9644284844398499,-0.018856516107916832,0.5207610726356506,0.9293397068977356,0.0816270112991333,0.4889240860939026,0.9870972633361816,-0.013558056205511093,0.5423746109008789,0.9754453301429749,-0.029315901920199394,0.49553054571151733,1.0877994298934937,-0.15304073691368103
leg raises_100061.jpg,0.4738219678401947,0.1346474289894104,-0.2229500412940979,0.4813064932823181,0.1126624345779419,-0.19783563911914825,0.4857679605484009,0.11200003325939178,-0.1979203224182129,0.49056461453437805,0.11127538979053497,-0.19811829924583435,0.46731051802635193,0.11297178268432617,-0.2000589370727539,0.46194878220558167,0.11268720775842667,-0.199940025806427,0.4566493034362793,0.11212792992591858,-0.19987449049949646,0.4952850937843323,0.11843208968639374,-0.024728937074542046,0.44629281759262085,0.11998040229082108,-0.05296730622649193,0.48149269819259644,0.1555701047182083,-0.1593461036682129,0.46430930495262146,0.15425613522529602,-0.16269119083881378,0.5215715765953064,0.2292693704366684,0.06836604326963425,0.4101432263851166,0.22412313520908356,0.007608622312545776,0.55937260389328,0.36727073788642883,0.01445101760327816,0.40420517325401306,0.35943174362182617,0.00972122885286808,0.5349826216697693,0.3382488191127777,-0.1365211308002472,0.4469156563282013,0.32908347249031067,-0.019465742632746696,0.5378144979476929,0.32062122225761414,-0.18358339369297028,0.459311842918396,0.3280395269393921,-0.03505587577819824,0.5288442969322205,0.2962437570095062,-0.18560059368610382,0.45887795090675354,0.30624014139175415,-0.04896384850144386,0.5268594622612,0.29807108640670776,-0.14400281012058258,0.45893412828445435,0.30658838152885437,-0.02698066644370556,0.515688955783844,0.506775438785553,0.015119765885174274,0.4337254762649536,0.5020074844360352,-0.014439762569963932,0.5215949416160583,0.7193596959114075,-0.032241545617580414,0.45285212993621826,0.7213592529296875,-0.08444411307573318,0.5218304395675659,0.9153844118118286,0.09790732711553574,0.47184163331985474,0.9403904676437378,0.0034194174222648144,0.511037290096283,0.9254764318466187,0.10536842793226242,0.46914923191070557,0.949381947517395,0.007803607266396284,0.534723162651062,0.9675168991088867,-0.04267532005906105,0.49563881754875183,1.0610013008117676,-0.17196938395500183
leg raises_100071.jpg,0.4765649437904358,0.13985271751880646,-0.21404026448726654,0.48280152678489685,0.11954993009567261,-0.18925315141677856,0.4867710471153259,0.11911115795373917,-0.18933841586112976,0.49099060893058777,0.11872826516628265,-0.1894994080066681,0.4700253903865814,0.11949866265058517,-0.19784879684448242,0.4649163782596588,0.11916735768318176,-0.19775742292404175,0.4597482979297638,0.11876793950796127,-0.19773727655410767,0.4940780997276306,0.12574893236160278,-0.01523377001285553,0.4489578902721405,0.1263645738363266,-0.07162664830684662,0.48329195380210876,0.15960915386676788,-0.1517215073108673,0.4674159586429596,0.15841560065746307,-0.1634974479675293,0.517909049987793,0.22995734214782715,0.08754776418209076,0.4131010174751282,0.23148159682750702,-0.029747983440756798,0.5482368469238281,0.36108407378196716,0.0024027691688388586,0.4117056727409363,0.36716100573539734,-0.018540801480412483,0.5368592739105225,0.34277889132499695,-0.2551647424697876,0.4801429808139801,0.3223101794719696,0.021793775260448456,0.5431250929832458,0.32546451687812805,-0.3142825663089752,0.5074387192726135,0.32896673679351807,0.010012317448854446,0.5432845950126648,0.30085140466690063,-0.3174346089363098,0.5029116272926331,0.30577003955841064,-0.0029463747050613165,0.5338638424873352,0.30281803011894226,-0.2673835754394531,0.48105233907699585,0.3087974190711975,0.01842050999403,0.5117937326431274,0.5165102481842041,0.015395713038742542,0.4372376501560211,0.5173757076263428,-0.014940661378204823,0.5129696130752563,0.7040530443191528,-0.01385806780308485,0.45000210404396057,0.7192075848579407,-0.08933999389410019,0.507614254951477,0.8861684799194336,0.1505301594734192,0.45353883504867554,0.9227845668792725,0.0059223962016403675,0.49553394317626953,0.9050478339195251,0.16516254842281342,0.4481904208660126,0.9361655116081238,0.009208902716636658,0.5257736444473267,0.9481399655342102,0.05056552216410637,0.47830066084861755,1.031356930732727,-0.17357105016708374
leg raises_100081.jpg,0.4774220585823059,0.1415901780128479,-0.22247783839702606,0.48374560475349426,0.12041232734918594,-0.1979178637266159,0.48816701769828796,0.12049200385808945,-0.1980152577161789,0.49283286929130554,0.12068750709295273,-0.1981474608182907,0.46959394216537476,0.11981898546218872,-0.2071090191602707,0.46363866329193115,0.11924179643392563,-0.20701864361763,0.45755353569984436,0.1187773048877716,-0.20697657763957977,0.4961696267127991,0.1291084885597229,-0.027489589527249336,0.445568710565567,0.12840168178081512,-0.08035332709550858,0.4844529330730438,0.163862407207489,-0.16007818281650543,0.4674037992954254,0.16219130158424377,-0.1723853051662445,0.5186251401901245,0.23257111012935638,0.0799095407128334,0.4150051176548004,0.2306390106678009,-0.028004011139273643,0.5486476421356201,0.3510598838329315,0.014749514870345592,0.42142441868782043,0.37260499596595764,0.0022869249805808067,0.5361500978469849,0.34527158737182617,-0.14173658192157745,0.4785906672477722,0.32266756892204285,0.035190414637327194,0.5354115962982178,0.3311455547809601,-0.1921793520450592,0.49998676776885986,0.31739816069602966,0.026207206770777702,0.5355546474456787,0.30972176790237427,-0.171227365732193,0.49875032901763916,0.29994726181030273,0.012638862244784832,0.5314667224884033,0.3090882897377014,-0.1397119015455246,0.48042038083076477,0.30413147807121277,0.030811857432127,0.5104725360870361,0.5096666216850281,0.02139553241431713,0.4381546080112457,0.509783148765564,-0.02085304446518421,0.5145366787910461,0.7116461992263794,0.000795660715084523,0.45076391100883484,0.7188686728477478,-0.07956581562757492,0.5158274173736572,0.9009323716163635,0.14202629029750824,0.4587278366088867,0.9281385540962219,0.027169862762093544,0.5042653679847717,0.9183377027511597,0.15032342076301575,0.4556455612182617,0.9385117292404175,0.03202894702553749,0.5341973900794983,0.9490383863449097,0.015720590949058533,0.48379260301589966,1.0312830209732056,-0.14181049168109894
leg raises_100091.jpg,0.4771108329296112,0.1307157427072525,-0.14874273538589478,0.4825034737586975,0.11084537208080292,-0.1211356371641159,0.48652735352516174,0.11091091483831406,-0.12134165316820145,0.4910065233707428,0.1110348179936409,-0.12153707444667816,0.4686300456523895,0.11056049168109894,-0.1328563094139099,0.4625396728515625,0.11035548150539398,-0.1327226459980011,0.45621663331985474,0.10984588414430618,-0.13266684114933014,0.49352607131004333,0.11919695883989334,0.040958303958177567,0.44457700848579407,0.11856955289840698,-0.015558355487883091,0.48316651582717896,0.15085925161838531,-0.08709400147199631,0.46706050634384155,0.14996016025543213,-0.10289381444454193,0.5106702446937561,0.22001813352108002,0.15551543235778809,0.41714274883270264,0.22558610141277313,0.029642295092344284,0.542357325553894,0.3326855003833771,0.10795675963163376,0.42218104004859924,0.37639209628105164,-0.017636286094784737,0.5513086915016174,0.3282496929168701,-0.11326900124549866,0.4490881860256195,0.32429197430610657,-0.12863929569721222,0.5552099347114563,0.32178494334220886,-0.18427328765392303,0.4584853947162628,0.31766557693481445,-0.16179050505161285,0.5547803044319153,0.3050439953804016,-0.16399584710597992,0.4487498700618744,0.29596999287605286,-0.18185149133205414,0.5515050888061523,0.3079048991203308,-0.12044178694486618,0.44490909576416016,0.2998231053352356,-0.14306679368019104,0.5076333284378052,0.44890955090522766,0.07010173052549362,0.44018495082855225,0.45191577076911926,-0.06978700309991837,0.5328866243362427,0.6449591517448425,-0.012420054525136948,0.4998167157173157,0.648352324962616,-0.18478256464004517,0.5161924362182617,0.8734279870986938,0.0440448522567749,0.4894884526729584,0.9012812376022339,-0.15039817988872528,0.5143477916717529,0.9055323004722595,0.04393129050731659,0.4661532938480377,0.9257416725158691,-0.14849548041820526,0.5595148205757141,0.9500107765197754,-0.06496699154376984,0.550532341003418,0.9963895082473755,-0.2863639295101166
leg raises_100101.jpg,0.4709605872631073,0.12588344514369965,-0.28699690103530884,0.47617024183273315,0.10640498995780945,-0.26708194613456726,0.4805477559566498,0.10620508342981339,-0.26713278889656067,0.4849049150943756,0.10621349513530731,-0.26724979281425476,0.46147727966308594,0.10572076588869095,-0.27567097544670105,0.4555482864379883,0.10504361242055893,-0.27573278546333313,0.45014187693595886,0.10427462309598923,-0.27573859691619873,0.4893828332424164,0.11283395439386368,-0.12021481990814209,0.44044753909111023,0.113417848944664,-0.15369006991386414,0.48004987835884094,0.14551497995853424,-0.22700004279613495,0.4616740643978119,0.14314286410808563,-0.2370157241821289,0.5122805833816528,0.1949821263551712,-0.05120951682329178,0.4155169427394867,0.21648161113262177,-0.028416015207767487,0.538441002368927,0.2873247265815735,-0.17358534038066864,0.40946394205093384,0.3305831849575043,0.06085791811347008,0.5460159778594971,0.2743838131427765,-0.387180358171463,0.4448792338371277,0.3372437059879303,0.13499294221401215,0.5535487532615662,0.2746637165546417,-0.4016428291797638,0.44965752959251404,0.3442397117614746,0.14588934183120728,0.5517444610595703,0.2673601508140564,-0.407377690076828,0.4455195665359497,0.3332144618034363,0.13626331090927124,0.5485803484916687,0.2663993537425995,-0.3924148678779602,0.44499796628952026,0.32687893509864807,0.13506512343883514,0.49702638387680054,0.46453529596328735,0.024543868377804756,0.43907055258750916,0.45275118947029114,-0.024065135046839714,0.5169239640235901,0.49305838346481323,-0.11195655167102814,0.48346105217933655,0.3672258257865906,-0.3174426257610321,0.5209710597991943,0.3553532361984253,-0.170470729470253,0.5240291953086853,0.2744550108909607,-0.517570972442627,0.5341809391975403,0.3465539216995239,-0.17524453997612,0.5280746817588806,0.2822306454181671,-0.536810040473938,0.5319204926490784,0.2800644636154175,-0.27621567249298096,0.5864759087562561,0.16647589206695557,-0.6702799201011658
leg raises_100111.jpg,0.4673382639884949,0.11891389638185501,-0.3430652618408203,0.4734545052051544,0.09899738430976868,-0.31567972898483276,0.47741714119911194,0.099007248878479,-0.3158564567565918,0.4808618426322937,0.0992644876241684,-0.31604546308517456,0.4593183696269989,0.09917063266038895,-0.3215545117855072,0.4533866047859192,0.09915347397327423,-0.32147127389907837,0.44780322909355164,0.09904514253139496,-0.32144293189048767,0.4854878783226013,0.10684322565793991,-0.1351291984319687,0.4394465386867523,0.10803412646055222,-0.1636529117822647,0.47549498081207275,0.13848353922367096,-0.2746506929397583,0.4576238989830017,0.13855594396591187,-0.2825721204280853,0.5124101042747498,0.21195156872272491,-0.016964370384812355,0.4109485447406769,0.2134404480457306,-0.04273022711277008,0.5372136235237122,0.3161649703979492,-0.11765141040086746,0.39536285400390625,0.3430204689502716,0.03860325738787651,0.5471454858779907,0.3150422275066376,-0.44258853793144226,0.39000314474105835,0.3975377082824707,0.011890323832631111,0.5554607510566711,0.31594711542129517,-0.5042575597763062,0.37251079082489014,0.42457109689712524,-0.0021029773633927107,0.5561026334762573,0.2963460087776184,-0.5182940363883972,0.3686370551586151,0.4205082356929779,-0.028133396059274673,0.5514118075370789,0.29608336091041565,-0.45862632989883423,0.3751252293586731,0.41317978501319885,-0.0013973154127597809,0.49808207154273987,0.446383535861969,0.02971416339278221,0.43908360600471497,0.4476426839828491,-0.029168372973799706,0.5255795121192932,0.6219239830970764,-0.035536181181669235,0.4985789954662323,0.5901842713356018,-0.1925518661737442,0.5232437252998352,0.5355631709098816,0.023373465985059738,0.5220080018043518,0.64413982629776,-0.0017349516274407506,0.5324490666389465,0.536182701587677,0.015300320461392403,0.5245470404624939,0.6472277045249939,0.016819987446069717,0.5642601251602173,0.5005480647087097,-0.11690568178892136,0.5682587027549744,0.725412905216217,-0.0995800718665123
leg raises_100121.jpg,0.46827274560928345,0.11499043554067612,-0.27310556173324585,0.4742804169654846,0.09585623443126678,-0.22438697516918182,0.47779417037963867,0.09619437158107758,-0.2246282398700714,0.48138436675071716,0.09651896357536316,-0.22481569647789001,0.4602183401584625,0.09592196345329285,-0.2309766560792923,0.4544846713542938,0.09582072496414185,-0.23094668984413147,0.448601633310318,0.09580280631780624,-0.23074239492416382,0.48583775758743286,0.10536791384220123,-0.007749700918793678,0.4393079876899719,0.10540801286697388,-0.05360850319266319,0.47591450810432434,0.1347356140613556,-0.17952489852905273,0.4587032198905945,0.1351149082183838,-0.19014278054237366,0.5126345753669739,0.21572063863277435,0.11167927086353302,0.40864458680152893,0.21061180531978607,0.0636853575706482,0.5389283895492554,0.331100732088089,0.03280012682080269,0.3941073715686798,0.34665367007255554,0.04797928035259247,0.5504888892173767,0.32499608397483826,-0.28771620988845825,0.3892211318016052,0.3938201069831848,-0.17921136319637299,0.5571399331092834,0.3264071047306061,-0.3551052510738373,0.38559725880622864,0.3893369436264038,-0.23254984617233276,0.5579376220703125,0.30642786622047424,-0.3683338761329651,0.38617318868637085,0.39369845390319824,-0.26653727889060974,0.5531242489814758,0.3064108192920685,-0.3023112416267395,0.3900459110736847,0.3960656523704529,-0.20033369958400726,0.49817749857902527,0.461211234331131,0.029909104108810425,0.43168920278549194,0.4575744569301605,-0.02939167432487011,0.5129351019859314,0.6583559513092041,-0.04025701805949211,0.4585992097854614,0.6422862410545349,-0.1381504386663437,0.4962470233440399,0.7690421342849731,0.1797846406698227,0.4675736725330353,0.8363106846809387,0.10710656642913818,0.5021141767501831,0.7931712865829468,0.19535160064697266,0.46669867634773254,0.8556809425354004,0.12186510860919952,0.5184075236320496,0.866784393787384,0.02114233188331127,0.48963963985443115,0.9241254925727844,-0.07055092602968216
leg raises_100131.jpg,0.4701586961746216,0.11180195212364197,-0.288496196269989,0.4759708344936371,0.0941576287150383,-0.25224769115448,0.4797014594078064,0.0945199728012085,-0.252421498298645,0.48353514075279236,0.09477567672729492,-0.25255075097084045,0.46216970682144165,0.09338529407978058,-0.25939518213272095,0.45645958185195923,0.09309656172990799,-0.25938689708709717,0.45066937804222107,0.09261419624090195,-0.25932103395462036,0.48750585317611694,0.10457003116607666,-0.02937428094446659,0.4409870207309723,0.10177005082368851,-0.06295623630285263,0.4773341417312622,0.13300377130508423,-0.20820632576942444,0.460447758436203,0.13187304139137268,-0.21902142465114594,0.5151852369308472,0.21879838407039642,0.08904781937599182,0.4101299047470093,0.21129383146762848,0.030561935156583786,0.536977231502533,0.33146917819976807,0.022127492353320122,0.394023597240448,0.351388156414032,-0.049627792090177536,0.55335533618927,0.3291020393371582,-0.3441701829433441,0.39101409912109375,0.38601240515708923,-0.4121517539024353,0.5680956244468689,0.326616108417511,-0.4230007827281952,0.39211738109588623,0.3529418408870697,-0.4840136468410492,0.568250298500061,0.3069966435432434,-0.446554034948349,0.3942092955112457,0.34117117524147034,-0.5064070820808411,0.5604254007339478,0.3083766996860504,-0.3647104799747467,0.39702165126800537,0.3545212149620056,-0.4303155839443207,0.4967852532863617,0.48187315464019775,0.0306199062615633,0.4279273450374603,0.474303662776947,-0.030120862647891045,0.4951823353767395,0.6739225387573242,-0.028271503746509552,0.4403805434703827,0.6495652794837952,-0.10330550372600555,0.4770224988460541,0.8178701400756836,0.3217225968837738,0.4490242600440979,0.8881852030754089,0.13039234280586243,0.4713081419467926,0.8388655781745911,0.3483862280845642,0.44647884368896484,0.9115847945213318,0.14364248514175415,0.4863671064376831,0.8847606182098389,0.1917496621608734,0.457343190908432,0.9597761631011963,-0.06861310452222824
leg raises_100141.jpg,0.47123879194259644,0.10818704217672348,-0.2671169936656952,0.47704648971557617,0.08985326439142227,-0.24469338357448578,0.48086312413215637,0.09020265936851501,-0.2447311133146286,0.4847516715526581,0.09044700115919113,-0.24485965073108673,0.4633375108242035,0.08859410136938095,-0.25298696756362915,0.4576318562030792,0.08810324221849442,-0.252851277589798,0.45187532901763916,0.08747982233762741,-0.2528449594974518,0.488461971282959,0.09926100820302963,-0.01739657297730446,0.4420102834701538,0.09499994665384293,-0.06467074900865555,0.47808071970939636,0.13050425052642822,-0.20600539445877075,0.4614185094833374,0.12981536984443665,-0.21780185401439667,0.5167662501335144,0.21733419597148895,0.10648391395807266,0.41078871488571167,0.2087232768535614,0.03794368728995323,0.5379739999771118,0.33689746260643005,0.026502732187509537,0.39434945583343506,0.3523626923561096,-0.0060846442356705666,0.555682897567749,0.33522191643714905,-0.3254198133945465,0.3936171233654022,0.3768812417984009,-0.2523323893547058,0.5695679187774658,0.3330581784248352,-0.4059075713157654,0.3963962495326996,0.34993600845336914,-0.30646181106567383,0.5677783489227295,0.31073862314224243,-0.4249208867549896,0.3982795178890228,0.3304681181907654,-0.334088534116745,0.5602158904075623,0.31236961483955383,-0.3447137475013733,0.40111586451530457,0.3402423560619354,-0.2689352333545685,0.4979133903980255,0.47913306951522827,0.032280270010232925,0.4285682439804077,0.4746141731739044,-0.031798724085092545,0.5002670288085938,0.6789209842681885,-0.022927159443497658,0.44315069913864136,0.6581799983978271,-0.10525354743003845,0.49454012513160706,0.8735269904136658,0.23052120208740234,0.45609942078590393,0.8959718346595764,0.10186498612165451,0.48640868067741394,0.8953297734260559,0.24531416594982147,0.45577260851860046,0.9189210534095764,0.11217226088047028,0.5039709806442261,0.942710816860199,0.09273156523704529,0.4695849120616913,0.9768210649490356,-0.10003851354122162
leg raises_100151.jpg,0.46979820728302,0.10271871089935303,-0.1438024938106537,0.4757874310016632,0.084060899913311,-0.11125310510396957,0.47918224334716797,0.08449587970972061,-0.11153031140565872,0.4828168451786041,0.08483687788248062,-0.11180480569601059,0.46250611543655396,0.08306878060102463,-0.12075658142566681,0.45710691809654236,0.08293924480676651,-0.12067706882953644,0.451193630695343,0.08285928517580032,-0.12066265940666199,0.48591816425323486,0.09237679094076157,0.06539368629455566,0.4423503279685974,0.09016665071249008,0.01934501715004444,0.47613561153411865,0.12386846542358398,-0.08018077909946442,0.4601860046386719,0.12405088543891907,-0.09379987418651581,0.5154234766960144,0.20862388610839844,0.1659802496433258,0.4113806486129761,0.2052704244852066,0.06637848168611526,0.5343401432037354,0.3364139497280121,0.052516452968120575,0.3939366638660431,0.3442986309528351,-0.050695255398750305,0.5552470088005066,0.3378741145133972,-0.2896679937839508,0.39851295948028564,0.36043620109558105,-0.3523501455783844,0.5691916942596436,0.3354562222957611,-0.3541671931743622,0.4015837013721466,0.33852440118789673,-0.40846577286720276,0.5653170347213745,0.3134954869747162,-0.37180158495903015,0.4023062288761139,0.31459659337997437,-0.4162246286869049,0.5590139627456665,0.31461361050605774,-0.3061616122722626,0.4066621661186218,0.31945908069610596,-0.361921489238739,0.4982944130897522,0.4348692297935486,0.05859284847974777,0.4347015917301178,0.4395458996295929,-0.05806032195687294,0.5340206027030945,0.594681441783905,-0.03808709233999252,0.5153933167457581,0.5495098233222961,-0.4898817241191864,0.5280099511146545,0.7865903377532959,-0.04631464555859566,0.5210576057434082,0.5724514722824097,-0.5954553484916687,0.5109338760375977,0.8184440732002258,-0.05576414614915848,0.5104187726974487,0.6073033213615417,-0.6043580770492554,0.5719582438468933,0.8367327451705933,-0.1781034916639328,0.5659605860710144,0.6185621619224548,-0.7323089838027954
leg raises_100161.jpg,0.4663582146167755,0.106236532330513,-0.3713492751121521,0.47333139181137085,0.08678504079580307,-0.34192895889282227,0.4766150116920471,0.08708388358354568,-0.3421427607536316,0.4800080358982086,0.08737930655479431,-0.34236177802085876,0.4586959779262543,0.08598337322473526,-0.3443267047405243,0.45249730348587036,0.08606982231140137,-0.34431758522987366,0.44653400778770447,0.08616813272237778,-0.34433841705322266,0.484058678150177,0.09511040896177292,-0.14544571936130524,0.4386983811855316,0.09469860047101974,-0.16011013090610504,0.4735812246799469,0.12755832076072693,-0.29689648747444153,0.4557276666164398,0.12832166254520416,-0.30141976475715637,0.5168715119361877,0.21574050188064575,-0.03150930628180504,0.4092242419719696,0.20878423750400543,-0.029388967901468277,0.535467267036438,0.3425658345222473,-0.1896500438451767,0.39075610041618347,0.347049742937088,-0.12747356295585632,0.5571272969245911,0.33024394512176514,-0.5644086003303528,0.39930474758148193,0.35991349816322327,-0.4572739005088806,0.5671265125274658,0.3192572593688965,-0.6309547424316406,0.40314772725105286,0.33715441823005676,-0.5228044390678406,0.5641173124313354,0.2976391315460205,-0.6468009948730469,0.40408578515052795,0.31298157572746277,-0.5354921817779541,0.5588476061820984,0.3025159537792206,-0.5792409181594849,0.40713950991630554,0.31791117787361145,-0.4707150161266327,0.49845245480537415,0.4620068073272705,0.01142317894846201,0.43424558639526367,0.463373601436615,-0.01083881314843893,0.5241108536720276,0.6311408281326294,0.029128441587090492,0.43440157175064087,0.5558485388755798,-0.29148590564727783,0.5261894464492798,0.8012833595275879,0.15590734779834747,0.5148752331733704,0.6070451736450195,-0.5456413626670837,0.5112735033035278,0.8225968480110168,0.15820804238319397,0.5044680833816528,0.6110097765922546,-0.4241335093975067,0.5554987192153931,0.8549086451530457,-0.02369842492043972,0.5288525819778442,0.6373593807220459,-0.5154011249542236
leg raises_100171.jpg,0.4614028036594391,0.11067427694797516,-0.379316508769989,0.4684237837791443,0.09119733422994614,-0.34797632694244385,0.47249510884284973,0.09162601828575134,-0.3480994403362274,0.47536152601242065,0.09203935414552689,-0.34817907214164734,0.4538295865058899,0.09032410383224487,-0.355283260345459,0.44748395681381226,0.09041246771812439,-0.3552643358707428,0.44233664870262146,0.09046290814876556,-0.3551885485649109,0.4778980016708374,0.10040321201086044,-0.15988858044147491,0.43431150913238525,0.09973940253257751,-0.19592666625976562,0.46772733330726624,0.13245294988155365,-0.3091517388820648,0.4500395655632019,0.13284508883953094,-0.3195733428001404,0.5099499821662903,0.21683447062969208,-0.03837061673402786,0.40165913105010986,0.21141372621059418,-0.07894951850175858,0.5304685235023499,0.3462192714214325,-0.1009083017706871,0.38038161396980286,0.35152924060821533,-0.15286250412464142,0.5569528937339783,0.34458234906196594,-0.42487382888793945,0.381605327129364,0.35682445764541626,-0.46956542134284973,0.5664051175117493,0.34057965874671936,-0.49504518508911133,0.38713473081588745,0.33766981959342957,-0.5376371741294861,0.563847005367279,0.3228570520877838,-0.5263518691062927,0.38897809386253357,0.31322887539863586,-0.5588074326515198,0.5575612783432007,0.32581827044487,-0.44574910402297974,0.390624076128006,0.3183491826057434,-0.4858580231666565,0.48901525139808655,0.44964921474456787,0.02013435773551464,0.42865806818008423,0.4525076448917389,-0.02037270925939083,0.5112132430076599,0.6345890760421753,0.017656974494457245,0.4401681125164032,0.5934832692146301,-0.11945632845163345,0.5249744057655334,0.8091908693313599,0.1499151587486267,0.5071019530296326,0.8130480647087097,0.01300744991749525,0.5114081501960754,0.8452955484390259,0.1572631448507309,0.5025925040245056,0.840062141418457,0.02452988363802433,0.5521847605705261,0.9012060165405273,-0.04603711515665054,0.5264773964881897,0.895687460899353,-0.17599745094776154
leg raises_100181.jpg,0.457290381193161,0.11711752414703369,-0.24712727963924408,0.4644835889339447,0.09844578802585602,-0.215590700507164,0.4691060185432434,0.09919708222150803,-0.21570605039596558,0.4721198081970215,0.10015296190977097,-0.21577075123786926,0.44931066036224365,0.09754106402397156,-0.22594000399112701,0.44321244955062866,0.09787050634622574,-0.22593405842781067,0.43794891238212585,0.09831087291240692,-0.22588613629341125,0.47476527094841003,0.10921800136566162,-0.02903653122484684,0.42968979477882385,0.1082833856344223,-0.07920398563146591,0.4641270339488983,0.1386895626783371,-0.17700661718845367,0.444874107837677,0.1397702395915985,-0.19089427590370178,0.5072864294052124,0.22790683805942535,0.09818706661462784,0.3921968340873718,0.21787407994270325,0.009484957903623581,0.5278716683387756,0.3588002026081085,0.029525358229875565,0.371345192193985,0.3677479922771454,-0.03671085834503174,0.5511443614959717,0.35258281230926514,-0.3014433681964874,0.3871919810771942,0.359165221452713,-0.24607719480991364,0.5622360110282898,0.35349100828170776,-0.37790390849113464,0.3939158320426941,0.3449801504611969,-0.30110761523246765,0.5608176589012146,0.3336305320262909,-0.3975483477115631,0.393555611371994,0.321370393037796,-0.32115742564201355,0.553667426109314,0.33385053277015686,-0.3199327886104584,0.39546558260917664,0.3256860673427582,-0.25691917538642883,0.48757505416870117,0.4856923520565033,0.03414207696914673,0.417706161737442,0.48792287707328796,-0.03426012024283409,0.48903322219848633,0.7063670754432678,0.017444973811507225,0.4288696050643921,0.7086395621299744,-0.07862524688243866,0.4910374581813812,0.894977331161499,0.2531697452068329,0.447089821100235,0.9129987955093384,0.1534172147512436,0.4821915328502655,0.9138298630714417,0.26754090189933777,0.44935116171836853,0.9293963313102722,0.1670420616865158,0.5103253722190857,0.9765452146530151,0.08853239566087723,0.4645296633243561,0.997340977191925,-0.03239186480641365
leg raises_100191.jpg,0.4572470784187317,0.14158694446086884,-0.2312575876712799,0.464237242937088,0.12232177704572678,-0.20052053034305573,0.4680422842502594,0.1226959228515625,-0.20063838362693787,0.47053247690200806,0.12297128885984421,-0.2006913274526596,0.45011186599731445,0.12133082002401352,-0.21046333014965057,0.4439297318458557,0.12117520719766617,-0.21045070886611938,0.4385818541049957,0.12104987353086472,-0.21040071547031403,0.47248899936676025,0.12806349992752075,-0.016737332567572594,0.4291529953479767,0.1267121136188507,-0.06561422348022461,0.4633706212043762,0.16185154020786285,-0.16201040148735046,0.44539719820022583,0.16227386891841888,-0.17552094161510468,0.5029717087745667,0.24175527691841125,0.09965384751558304,0.39056286215782166,0.23732975125312805,0.03028220124542713,0.5191280841827393,0.37247031927108765,0.02578013204038143,0.3689727485179901,0.3834232687950134,-0.027048178017139435,0.5492233633995056,0.3573123812675476,-0.30760523676872253,0.38028842210769653,0.3620472848415375,-0.2569103240966797,0.5620416402816772,0.3545185327529907,-0.3785145878791809,0.38497194647789,0.3504165709018707,-0.32070598006248474,0.5609093308448792,0.33671125769615173,-0.4021373391151428,0.3843105733394623,0.32693955302238464,-0.3440413177013397,0.5534695386886597,0.33885857462882996,-0.3254919946193695,0.3859996795654297,0.3307408094406128,-0.2708408534526825,0.48583048582077026,0.5063449144363403,0.03447289764881134,0.41877371072769165,0.509569525718689,-0.034657105803489685,0.482704222202301,0.7181211709976196,0.017203975468873978,0.4297846555709839,0.7237091064453125,-0.07173336297273636,0.479166716337204,0.9018178582191467,0.26476380228996277,0.436731219291687,0.9226245284080505,0.17074261605739594,0.4690500795841217,0.9202526807785034,0.2812660038471222,0.4378669857978821,0.936047375202179,0.1852007806301117,0.49595901370048523,0.9726809859275818,0.1085696741938591,0.4489534795284271,0.9952025413513184,-0.008498912677168846
leg raises_100201.jpg,0.4584030210971832,0.1490422636270523,-0.3461393415927887,0.4650205373764038,0.1332472711801529,-0.3159452974796295,0.4687449634075165,0.13338539004325867,-0.3160850703716278,0.47170397639274597,0.13342788815498352,-0.31612664461135864,0.45116105675697327,0.13158948719501495,-0.3224610388278961,0.4451451301574707,0.13132867217063904,-0.3224470317363739,0.43961313366889954,0.13138532638549805,-0.3224395215511322,0.47349444031715393,0.1380593180656433,-0.1317126303911209,0.4301869571208954,0.13885143399238586,-0.16239319741725922,0.46434423327445984,0.1702316552400589,-0.2768257260322571,0.4466896653175354,0.17048098146915436,-0.2855369448661804,0.5032896399497986,0.2553383409976959,-0.011883852072060108,0.3934836685657501,0.2518314719200134,-0.050645507872104645,0.5168629884719849,0.3875383734703064,-0.08398650586605072,0.37401455640792847,0.3921492397785187,-0.12704335153102875,0.5494253039360046,0.37524354457855225,-0.4361019730567932,0.38163694739341736,0.3760984241962433,-0.43229010701179504,0.5645118951797485,0.3685997426509857,-0.5095301866531372,0.38582324981689453,0.3655896484851837,-0.4949280917644501,0.5645403265953064,0.3520708978176117,-0.5422254800796509,0.38679373264312744,0.34530162811279297,-0.5212172865867615,0.5560282468795776,0.35582584142684937,-0.4587290585041046,0.38886117935180664,0.34824424982070923,-0.4495481252670288,0.48751673102378845,0.5046653747558594,0.03419717773795128,0.41923436522483826,0.5066794753074646,-0.034337352961301804,0.4874557554721832,0.7147825360298157,0.01517465990036726,0.44880107045173645,0.7004925012588501,-0.06175585091114044,0.498845636844635,0.8877511024475098,0.22527016699314117,0.4666970372200012,0.8932244181632996,0.11919369548559189,0.49408039450645447,0.9069371819496155,0.22214242815971375,0.4632682204246521,0.9128178358078003,0.12648926675319672,0.5185971260070801,0.9576775431632996,0.007930373772978783,0.4881148338317871,0.9672137498855591,-0.0704207792878151
leg raises_100211.jpg,0.46132004261016846,0.15909060835838318,-0.19985784590244293,0.46797946095466614,0.14359109103679657,-0.16196957230567932,0.47206079959869385,0.14362643659114838,-0.1621711254119873,0.475721538066864,0.14347387850284576,-0.16227218508720398,0.4545685946941376,0.14346997439861298,-0.1718561053276062,0.4494984447956085,0.14357733726501465,-0.17196577787399292,0.4444255828857422,0.14390155673027039,-0.17197386920452118,0.47710832953453064,0.15054239332675934,0.030478520318865776,0.43503135442733765,0.15167370438575745,-0.014655637554824352,0.46665480732917786,0.18038040399551392,-0.13030143082141876,0.4512718915939331,0.1803039312362671,-0.143227681517601,0.5058207511901855,0.26977410912513733,0.14410871267318726,0.4008558690547943,0.2647548317909241,0.03913852944970131,0.5255199074745178,0.3865506052970886,0.029200170189142227,0.38571614027023315,0.3929905891418457,-0.0862928107380867,0.5569705367088318,0.3850816488265991,-0.29160282015800476,0.3897967040538788,0.38542991876602173,-0.4169349670410156,0.5664532780647278,0.38276803493499756,-0.33429428935050964,0.39065223932266235,0.37714478373527527,-0.40304750204086304,0.5657855272293091,0.3709990978240967,-0.35682159662246704,0.3935731053352356,0.35855796933174133,-0.41379955410957336,0.5569934844970703,0.3744359016418457,-0.3071904480457306,0.39590469002723694,0.3604087829589844,-0.40228530764579773,0.49702852964401245,0.5040363669395447,0.057775381952524185,0.4348410665988922,0.506950318813324,-0.05773897469043732,0.5608459711074829,0.5592396855354309,-0.06831958889961243,0.4772854447364807,0.36307665705680847,-0.4084458351135254,0.5346314907073975,0.717717170715332,-0.09540203958749771,0.5356162190437317,0.5237324237823486,-0.49101632833480835,0.5182175040245056,0.7393323183059692,-0.10569633543491364,0.5316067337989807,0.5580700635910034,-0.4994162917137146,0.5575190782546997,0.7729008197784424,-0.21872428059577942,0.5879448056221008,0.5426960587501526,-0.6062642335891724
leg raises_100221.jpg,0.47593948245048523,0.1752324253320694,-0.2221628725528717,0.48020103573799133,0.15982899069786072,-0.1922263354063034,0.48375362157821655,0.16021105647087097,-0.1923258751630783,0.48679059743881226,0.16075393557548523,-0.19237275421619415,0.46833911538124084,0.15924867987632751,-0.200522318482399,0.46334588527679443,0.15922299027442932,-0.2005470097064972,0.45847687125205994,0.15916724503040314,-0.2005932778120041,0.48601609468460083,0.1700442135334015,-0.006711983121931553,0.44841018319129944,0.16675518453121185,-0.04802071303129196,0.48028093576431274,0.1958012878894806,-0.1554051786661148,0.46782025694847107,0.19463121891021729,-0.16413243114948273,0.5112830400466919,0.28466352820396423,0.11218063533306122,0.41477876901626587,0.2791498303413391,0.024326737970113754,0.526201069355011,0.39319658279418945,0.020823486149311066,0.39709585905075073,0.40001145005226135,-0.05035431310534477,0.5658129453659058,0.3963867723941803,-0.2823304235935211,0.4013497233390808,0.3991144299507141,-0.2887185513973236,0.5827189683914185,0.3958421051502228,-0.33049190044403076,0.40317216515541077,0.39247745275497437,-0.31620365381240845,0.5837832093238831,0.3847200572490692,-0.3587301969528198,0.4045197665691376,0.37576040625572205,-0.3365292549133301,0.5740228295326233,0.38560950756073,-0.30037301778793335,0.4063609838485718,0.37524959444999695,-0.29528725147247314,0.5032029747962952,0.5036704540252686,0.05402207374572754,0.4462732672691345,0.5061348676681519,-0.053869713097810745,0.5432973504066467,0.5999053716659546,-0.22454600036144257,0.49660614132881165,0.5213872790336609,-0.4815235435962677,0.5517042875289917,0.7665248513221741,-0.44400325417518616,0.5512472987174988,0.6311569213867188,-0.7812576293945312,0.5451781749725342,0.7995812296867371,-0.47584933042526245,0.5512501001358032,0.6645065546035767,-0.8170514702796936,0.582922101020813,0.7733510136604309,-0.6082994341850281,0.5837063193321228,0.5872766971588135,-0.956885576248169
leg raises_100231.jpg,0.485088050365448,0.19919726252555847,-0.23072941601276398,0.4900033175945282,0.18451330065727234,-0.20198941230773926,0.49362075328826904,0.184723898768425,-0.20212630927562714,0.4968857765197754,0.18505509197711945,-0.20220142602920532,0.4775599539279938,0.1835881620645523,-0.21098895370960236,0.4727070927619934,0.1829853653907776,-0.21100632846355438,0.4676145911216736,0.1822679489850998,-0.2110244333744049,0.4970455765724182,0.19240213930606842,-0.01833806373178959,0.45825302600860596,0.18687257170677185,-0.060174599289894104,0.4904792606830597,0.2192794382572174,-0.16318143904209137,0.4768531918525696,0.21818947792053223,-0.1747063547372818,0.5213504433631897,0.2985013425350189,0.1023019328713417,0.42169198393821716,0.29165154695510864,0.0188404843211174,0.54189133644104,0.41107919812202454,0.010203225538134575,0.3979153633117676,0.41234394907951355,-0.08236654102802277,0.5761920809745789,0.40167781710624695,-0.3469303250312805,0.4053158462047577,0.40558695793151855,-0.39217376708984375,0.5891227126121521,0.3973139524459839,-0.4189058840274811,0.4066408574581146,0.4014277458190918,-0.4532165229320526,0.5876079201698303,0.38618385791778564,-0.4413934051990509,0.40759560465812683,0.38644811511039734,-0.47672393918037415,0.5807925462722778,0.3882555663585663,-0.3663792908191681,0.4097502827644348,0.38580796122550964,-0.406852662563324,0.5076625347137451,0.5494651198387146,0.0531405471265316,0.4490237832069397,0.5521380305290222,-0.053048308938741684,0.5372520685195923,0.7519840002059937,-0.004487528931349516,0.4850267171859741,0.7448307275772095,-0.10254240781068802,0.5418232083320618,0.9430242776870728,0.15819498896598816,0.53264319896698,0.9449450373649597,0.059483449906110764,0.5333360433578491,0.9525126814842224,0.1634761244058609,0.5233927369117737,0.9507009983062744,0.0656905248761177,0.5647326707839966,0.9986785650253296,-0.008486525155603886,0.5533276200294495,1.0078078508377075,-0.1255721151828766
leg raises_100241.jpg,0.489311158657074,0.2128259837627411,-0.17157156765460968,0.4947499632835388,0.1964128315448761,-0.14527930319309235,0.49848753213882446,0.19649560749530792,-0.14540772140026093,0.501908004283905,0.1965312361717224,-0.14549827575683594,0.4820328950881958,0.19512563943862915,-0.15619821846485138,0.47721758484840393,0.194091796875,-0.15620467066764832,0.4719463884830475,0.1929493546485901,-0.1562049835920334,0.5014305710792542,0.20076876878738403,0.025674594566226006,0.46263328194618225,0.1954188495874405,-0.026899421587586403,0.49357420206069946,0.23337745666503906,-0.1049162894487381,0.4805355668067932,0.23026762902736664,-0.11980640888214111,0.5241569876670837,0.3040724992752075,0.13337264955043793,0.423801064491272,0.2948821485042572,0.05970257893204689,0.5408306121826172,0.4247293174266815,0.05607431009411812,0.40301090478897095,0.4245752692222595,-0.04833274707198143,0.582625150680542,0.4086686372756958,-0.26013606786727905,0.4110632836818695,0.40104666352272034,-0.37886473536491394,0.5999290943145752,0.40469634532928467,-0.3253658413887024,0.41429856419563293,0.39493778347969055,-0.43364226818084717,0.599856436252594,0.39088141918182373,-0.35008132457733154,0.41227903962135315,0.3782324492931366,-0.4606914520263672,0.5918411612510681,0.392853319644928,-0.2794681191444397,0.41475051641464233,0.3809638023376465,-0.3867637813091278,0.5118365287780762,0.5544847846031189,0.0412556417286396,0.44905635714530945,0.5566679835319519,-0.04105238616466522,0.5117213726043701,0.7562721967697144,-0.017162514850497246,0.4769427478313446,0.7574633955955505,-0.08929062634706497,0.5064060688018799,0.942115843296051,0.2072928547859192,0.4797467887401581,0.9519795179367065,0.11866530030965805,0.49758180975914,0.9556866884231567,0.22175602614879608,0.47515878081321716,0.9648933410644531,0.12995211780071259,0.5119643807411194,1.001827597618103,0.06248290836811066,0.4777930676937103,1.0113781690597534,-0.05180422589182854
leg raises_100251.jpg,0.4854172170162201,0.2105475515127182,-0.2053891271352768,0.4910826086997986,0.19527694582939148,-0.17448574304580688,0.4949786365032196,0.19519925117492676,-0.17462719976902008,0.4985010027885437,0.1951969712972641,-0.1747405081987381,0.4781128466129303,0.19402337074279785,-0.18549340963363647,0.4730171263217926,0.19320951402187347,-0.1855105608701706,0.4676932394504547,0.19237205386161804,-0.18550467491149902,0.49881118535995483,0.19854727387428284,0.020694322884082794,0.4582529664039612,0.19685795903205872,-0.043232183903455734,0.4900902211666107,0.22884102165699005,-0.13683195412158966,0.47615712881088257,0.22726164758205414,-0.15104028582572937,0.5239212512969971,0.30364349484443665,0.10738490521907806,0.4218546450138092,0.298655241727829,0.04181230440735817,0.5440395474433899,0.42151519656181335,0.045368026942014694,0.4010244309902191,0.43363842368125916,-0.05245371535420418,0.5783652067184448,0.4122714102268219,-0.3034765124320984,0.4095052182674408,0.41457638144493103,-0.3842940926551819,0.5935014486312866,0.40661337971687317,-0.38036400079727173,0.4141750633716583,0.40681004524230957,-0.4463765025138855,0.5922911167144775,0.3919488191604614,-0.4075050354003906,0.41162368655204773,0.3912031054496765,-0.4693169891834259,0.5851286053657532,0.3947293162345886,-0.32358449697494507,0.4137938618659973,0.39294612407684326,-0.39921969175338745,0.5109217166900635,0.5587902665138245,0.03449317067861557,0.4474370777606964,0.5596932172775269,-0.03433789685368538,0.5121405124664307,0.7579318284988403,-0.006873438134789467,0.4748515486717224,0.7544431090354919,-0.0647328570485115,0.5172548890113831,0.9497753381729126,0.18930935859680176,0.4802555739879608,0.9599882364273071,0.11718210577964783,0.5115851759910583,0.9639637470245361,0.19833578169345856,0.4798840284347534,0.9725789427757263,0.12536479532718658,0.5330256223678589,1.0023694038391113,0.03114754520356655,0.4838458001613617,1.0202720165252686,-0.058314282447099686
leg raises_100261.jpg,0.4744417071342468,0.21301957964897156,-0.20985768735408783,0.47904592752456665,0.196555033326149,-0.17851346731185913,0.4824398458003998,0.19612674415111542,-0.17874747514724731,0.4862455725669861,0.19562619924545288,-0.1789201945066452,0.46586185693740845,0.19624914228916168,-0.18750187754631042,0.4602985084056854,0.19570747017860413,-0.18755488097667694,0.45538678765296936,0.19542117416858673,-0.18752609193325043,0.48852983117103577,0.19865508377552032,0.0009340494289062917,0.44664034247398376,0.20145352184772491,-0.045738887041807175,0.4809368848800659,0.2316291630268097,-0.1435319483280182,0.4650956094264984,0.2321127951145172,-0.1559406965970993,0.5175703167915344,0.3015328347682953,0.11460964381694794,0.4182865023612976,0.30264759063720703,0.026286402717232704,0.5392417311668396,0.4165409505367279,0.04878617450594902,0.39490291476249695,0.43391329050064087,-0.09394872933626175,0.5713452696800232,0.4112471342086792,-0.20606747269630432,0.40916767716407776,0.42105305194854736,-0.3753174841403961,0.5918168425559998,0.41251543164253235,-0.243325337767601,0.41274169087409973,0.41460058093070984,-0.4237411916255951,0.5893877744674683,0.39700448513031006,-0.2645155191421509,0.41116732358932495,0.3950355052947998,-0.44232377409935,0.5759270191192627,0.3973524272441864,-0.21937336027622223,0.413108766078949,0.39635908603668213,-0.38556477427482605,0.5104873180389404,0.5294150114059448,0.0587361678481102,0.448067843914032,0.5524598956108093,-0.05845571681857109,0.5520291924476624,0.601097583770752,-0.016082389280200005,0.508392870426178,0.5459842085838318,-0.547068178653717,0.5774114727973938,0.6820695400238037,-0.12247227877378464,0.5618143677711487,0.6245549917221069,-0.81353759765625,0.588068962097168,0.7446132898330688,-0.13947613537311554,0.5718746185302734,0.660879909992218,-0.8415170907974243,0.634487509727478,0.6878752112388611,-0.2166413515806198,0.6029455065727234,0.5670390129089355,-0.9605116248130798
leg raises_100271.jpg,0.4613831341266632,0.2234131246805191,-0.1600823551416397,0.4673101305961609,0.20509283244609833,-0.1309061199426651,0.47169700264930725,0.20443855226039886,-0.1310947984457016,0.47508975863456726,0.20409563183784485,-0.13127273321151733,0.45302608609199524,0.20596051216125488,-0.13937236368656158,0.4478062391281128,0.2060467153787613,-0.1395053118467331,0.4427458643913269,0.20655226707458496,-0.1395244300365448,0.47793063521385193,0.20783229172229767,0.031458016484975815,0.4363422691822052,0.2122502624988556,-0.005400423891842365,0.46940484642982483,0.2425832897424698,-0.09898524731397629,0.4518946707248688,0.24387702345848083,-0.10968632996082306,0.5114061236381531,0.3048728406429291,0.1443880945444107,0.40708452463150024,0.3139798939228058,0.0337655209004879,0.5392892360687256,0.41564497351646423,0.14341889321804047,0.38688477873802185,0.43589022755622864,-0.02348032034933567,0.5721051692962646,0.43368321657180786,0.01780213601887226,0.3854919373989105,0.42433875799179077,-0.1660493016242981,0.5885084867477417,0.43559592962265015,0.011665417812764645,0.38491132855415344,0.4141261577606201,-0.17701871693134308,0.5889537334442139,0.41884711384773254,-0.009561007842421532,0.38843682408332825,0.3984852731227875,-0.19269666075706482,0.5771180987358093,0.42663952708244324,0.0071999430656433105,0.3911047875881195,0.40404683351516724,-0.1735459715127945,0.5096523761749268,0.5289188623428345,0.06347087770700455,0.4472612142562866,0.5497902035713196,-0.06341233104467392,0.5622150897979736,0.4465186595916748,-0.13235114514827728,0.4949852526187897,0.42750900983810425,-0.39825206995010376,0.5788109302520752,0.5433751940727234,-0.29038628935813904,0.5703017115592957,0.5468215346336365,-0.558005690574646,0.580741286277771,0.5694971084594727,-0.30738919973373413,0.5711618661880493,0.5833151340484619,-0.5729063749313354,0.6003158092498779,0.5227289199829102,-0.37246865034103394,0.6339702606201172,0.5079283118247986,-0.6665639281272888
leg raises_100281.jpg,0.4593396484851837,0.23428906500339508,-0.2673241198062897,0.4659716784954071,0.2175626903772354,-0.2456623911857605,0.46956977248191833,0.21723425388336182,-0.24579565227031708,0.47255316376686096,0.21683235466480255,-0.24585053324699402,0.4525119662284851,0.21616530418395996,-0.252060204744339,0.44742652773857117,0.21520957350730896,-0.25206321477890015,0.4426426291465759,0.21461552381515503,-0.2520618140697479,0.47528311610221863,0.21873141825199127,-0.0848962739109993,0.43545621633529663,0.2177378386259079,-0.1167508214712143,0.4665099084377289,0.2531697452068329,-0.20364484190940857,0.4499124586582184,0.25303274393081665,-0.21271103620529175,0.5080133676528931,0.31465259194374084,0.03746138885617256,0.4042885899543762,0.3194376826286316,-0.0115668885409832,0.5327262878417969,0.42783820629119873,-0.01772240735590458,0.3831940293312073,0.4437396228313446,-0.09219997376203537,0.5645755529403687,0.4225583076477051,-0.3282294273376465,0.38442662358283997,0.4292390048503876,-0.3879639506340027,0.5818349123001099,0.42098358273506165,-0.3922291398048401,0.3855699300765991,0.422821044921875,-0.445620596408844,0.5799154043197632,0.4047722816467285,-0.4193588197231293,0.3875507116317749,0.4084320366382599,-0.46669575572013855,0.5693061351776123,0.4094320833683014,-0.3469749391078949,0.3908114433288574,0.4101407825946808,-0.402367502450943,0.5053792595863342,0.5320727229118347,0.04464510455727577,0.4462425112724304,0.5466523766517639,-0.044538114219903946,0.5347316265106201,0.672119140625,-0.04428558796644211,0.48950138688087463,0.6880842447280884,-0.12865032255649567,0.5659196972846985,0.8834297060966492,0.020781347528100014,0.5428940057754517,0.8925788998603821,-0.023801617324352264,0.5673255920410156,0.9057786464691162,0.017127972096204758,0.5453055500984192,0.9161695837974548,-0.02220848575234413,0.5881685018539429,0.9385102391242981,-0.2123555839061737,0.5960250496864319,0.9498610496520996,-0.19780613481998444
leg raises_100291.jpg,0.4599389433860779,0.2501579225063324,-0.19427379965782166,0.467476487159729,0.2320818305015564,-0.1730259507894516,0.4713195562362671,0.2312871664762497,-0.17313113808631897,0.47449520230293274,0.2302946150302887,-0.1732025146484375,0.45264101028442383,0.23194266855716705,-0.1813790202140808,0.4483608305454254,0.23120076954364777,-0.18135549128055573,0.44340261816978455,0.23042768239974976,-0.18133248388767242,0.47720035910606384,0.22936303913593292,-0.011523867957293987,0.4365231394767761,0.23066426813602448,-0.05142245814204216,0.46799150109291077,0.2668147683143616,-0.12882277369499207,0.45041924715042114,0.26615312695503235,-0.14036370813846588,0.5087782144546509,0.32053232192993164,0.11063146591186523,0.40448901057243347,0.3245266079902649,0.038735829293727875,0.5330147743225098,0.438867449760437,0.03488926589488983,0.3824698328971863,0.4552834928035736,-0.08766996115446091,0.5682874917984009,0.4189857840538025,-0.2675761580467224,0.38946598768234253,0.42711588740348816,-0.3655458092689514,0.5848919749259949,0.41417622566223145,-0.3344501852989197,0.3922463655471802,0.41567519307136536,-0.4215960204601288,0.5842235088348389,0.39907488226890564,-0.35137584805488586,0.3927305340766907,0.401745468378067,-0.4382286071777344,0.5760884881019592,0.40324631333351135,-0.28339341282844543,0.395760178565979,0.4055306017398834,-0.3777894973754883,0.5053165555000305,0.578860878944397,0.0348910354077816,0.4455821216106415,0.5848736763000488,-0.03476830571889877,0.5194730758666992,0.7854112982749939,-0.019260849803686142,0.4739776849746704,0.7935799360275269,-0.0690402165055275,0.5286509394645691,0.9650402665138245,0.18035975098609924,0.48515161871910095,0.9792003035545349,0.11518178880214691,0.5248573422431946,0.9783586859703064,0.1906072348356247,0.48491302132606506,0.9859378337860107,0.12460336834192276,0.5419089794158936,1.0344887971878052,0.02079709619283676,0.508055567741394,1.0448591709136963,-0.0555662102997303
leg raises_100301.jpg,0.46715229749679565,0.24584172666072845,-0.18112513422966003,0.4729210436344147,0.22832557559013367,-0.15789540112018585,0.47665658593177795,0.22781072556972504,-0.1580324023962021,0.4797505736351013,0.22718864679336548,-0.15812163054943085,0.45928993821144104,0.227344810962677,-0.16874010860919952,0.4543973505496979,0.2264106273651123,-0.1687345653772354,0.4494093954563141,0.2256537824869156,-0.168723925948143,0.4807775914669037,0.22721464931964874,0.003367319703102112,0.440773069858551,0.22707758843898773,-0.04834921658039093,0.47244590520858765,0.2636413872241974,-0.11714599281549454,0.45839130878448486,0.2624674141407013,-0.1319051831960678,0.5100776553153992,0.3210350573062897,0.11993741989135742,0.4078824818134308,0.32424408197402954,0.0410628579556942,0.5345404744148254,0.44006627798080444,0.04114542528986931,0.38675233721733093,0.46264439821243286,-0.024146249517798424,0.5682607889175415,0.4175000488758087,-0.27091366052627563,0.40073689818382263,0.43779775500297546,-0.252712607383728,0.5844923257827759,0.41119036078453064,-0.3387826085090637,0.4049302935600281,0.42739546298980713,-0.30099210143089294,0.5836623907089233,0.39646512269973755,-0.355779230594635,0.4024556279182434,0.4095481336116791,-0.32158660888671875,0.5760255455970764,0.40039095282554626,-0.28678083419799805,0.404653400182724,0.41148778796195984,-0.26433631777763367,0.5073866248130798,0.5842840671539307,0.03620578721165657,0.44514185190200806,0.587181031703949,-0.03606573864817619,0.5110675692558289,0.7872341871261597,-0.008317370899021626,0.46480733156204224,0.7939704060554504,-0.07882612198591232,0.508826494216919,0.9576416611671448,0.20514534413814545,0.47011619806289673,0.9760780930519104,0.09891150891780853,0.4980590045452118,0.967625081539154,0.2177807241678238,0.4657786786556244,0.980660080909729,0.1083160787820816,0.5284897685050964,1.0008020401000977,0.07296312600374222,0.48927679657936096,1.0488930940628052,-0.06559497863054276
leg raises_100311.jpg,0.46708396077156067,0.24443666636943817,-0.1989460587501526,0.47262245416641235,0.22719866037368774,-0.1771654188632965,0.47647035121917725,0.22669783234596252,-0.17732809484004974,0.47961801290512085,0.2262137532234192,-0.17738975584506989,0.459448903799057,0.2264929711818695,-0.1847553700208664,0.4545324444770813,0.22570520639419556,-0.18463510274887085,0.4495367109775543,0.22496439516544342,-0.1845850646495819,0.4809500277042389,0.2261360138654709,-0.017242256551980972,0.44081002473831177,0.22683043777942657,-0.057063840329647064,0.47245967388153076,0.26152026653289795,-0.13600368797779083,0.4584940969944,0.25987789034843445,-0.14676158130168915,0.510312020778656,0.31764858961105347,0.09877339005470276,0.40913262963294983,0.322118878364563,0.03705119714140892,0.5378237962722778,0.4374904930591583,0.03412715718150139,0.38996896147727966,0.4540630877017975,-0.03521794453263283,0.5715636610984802,0.4155672788619995,-0.2828683853149414,0.40077224373817444,0.43946215510368347,-0.3382629156112671,0.5850681066513062,0.4099065959453583,-0.3506677746772766,0.4047972857952118,0.4352465271949768,-0.3987274467945099,0.5841802358627319,0.39533424377441406,-0.37347090244293213,0.40249428153038025,0.4172748029232025,-0.42297905683517456,0.5771123170852661,0.39873266220092773,-0.3009208142757416,0.40468961000442505,0.4179735779762268,-0.35475847125053406,0.5094174742698669,0.5625416040420532,0.03585583716630936,0.45041999220848083,0.5754266977310181,-0.0356382317841053,0.5188725590705872,0.7473961710929871,-0.010910497047007084,0.48840105533599854,0.7390955686569214,-0.12150145322084427,0.5421505570411682,0.9213146567344666,0.08552074432373047,0.527310311794281,0.9321979880332947,-0.0165212731808424,0.539958655834198,0.9410097599029541,0.0838373601436615,0.5261908769607544,0.949766993522644,-0.013969168066978455,0.5727755427360535,0.9732052087783813,-0.07528756558895111,0.545957624912262,0.9838762879371643,-0.18171149492263794
leg raises_100321.jpg,0.4618645906448364,0.2374766618013382,-0.2844955027103424,0.4668099582195282,0.21997229754924774,-0.25308772921562195,0.4697839915752411,0.21954074501991272,-0.253215491771698,0.4727277159690857,0.2191016674041748,-0.25333699584007263,0.4544954299926758,0.2194671630859375,-0.2658664882183075,0.44930511713027954,0.21886704862117767,-0.2659112215042114,0.44479942321777344,0.2181970328092575,-0.2658691108226776,0.4739421606063843,0.220387801527977,-0.07713612914085388,0.43424803018569946,0.22155199944972992,-0.13446751236915588,0.4673624634742737,0.25479966402053833,-0.21686114370822906,0.4518897831439972,0.25363102555274963,-0.23328058421611786,0.5021458268165588,0.3160375654697418,0.07217974960803986,0.4046592116355896,0.31919851899147034,-0.06130462512373924,0.5294232368469238,0.43562930822372437,0.0320589654147625,0.3875427842140198,0.45086368918418884,0.04433765634894371,0.5704970955848694,0.39054983854293823,-0.2213611751794815,0.39298999309539795,0.43659713864326477,0.09450290352106094,0.584644079208374,0.3739038109779358,-0.24571362137794495,0.39734867215156555,0.4324343800544739,0.10193439573049545,0.5831031203269958,0.36481454968452454,-0.2612681984901428,0.39552727341651917,0.41342079639434814,0.07963122427463531,0.5751870274543762,0.3726462125778198,-0.23377276957035065,0.3968185782432556,0.41381707787513733,0.09031350910663605,0.495400995016098,0.5276375412940979,0.06297536939382553,0.44760164618492126,0.5603094100952148,-0.06255777925252914,0.5286814570426941,0.48239368200302124,-0.010029776021838188,0.48667189478874207,0.4947579801082611,-0.36788004636764526,0.5451900362968445,0.5518550276756287,-0.0013164988486096263,0.5779695510864258,0.4951171875,-0.4637703001499176,0.5464456677436829,0.5731081366539001,-0.0027316261548548937,0.5854361057281494,0.5031923651695251,-0.4725392162799835,0.5720694065093994,0.5321822166442871,-0.08232397586107254,0.6071398854255676,0.42957979440689087,-0.5890176892280579
leg raises_100331.jpg,0.4481377601623535,0.235983207821846,-0.4124320447444916,0.4519409239292145,0.21936877071857452,-0.3888648450374603,0.45468416810035706,0.2192544937133789,-0.38909098505973816,0.45758599042892456,0.21867713332176208,-0.38924524188041687,0.4404396414756775,0.21732592582702637,-0.3967711329460144,0.43569353222846985,0.21643085777759552,-0.3968270719051361,0.4310758709907532,0.21546350419521332,-0.3967738449573517,0.4577687680721283,0.21915572881698608,-0.21080094575881958,0.422412246465683,0.21840441226959229,-0.25253525376319885,0.45281317830085754,0.2545405626296997,-0.34255489706993103,0.43815550208091736,0.2515297830104828,-0.354621022939682,0.48897016048431396,0.3153555691242218,-0.05943189933896065,0.38726717233657837,0.31678372621536255,-0.1208581030368805,0.5222970843315125,0.4263250529766083,-0.12258697301149368,0.3696938157081604,0.44777658581733704,-0.1722404658794403,0.5524478554725647,0.3931623101234436,-0.4398287534713745,0.37637659907341003,0.43472251296043396,-0.46236059069633484,0.5611772537231445,0.3876737058162689,-0.4981609582901001,0.38468754291534424,0.43116751313209534,-0.52193683385849,0.5589990615844727,0.374597430229187,-0.5256181359291077,0.3824399411678314,0.4105058014392853,-0.5404394865036011,0.5529012084007263,0.37821993231773376,-0.4577696919441223,0.38186636567115784,0.411153107881546,-0.4736718237400055,0.48937276005744934,0.5176651477813721,0.05484272539615631,0.4345572888851166,0.5364627242088318,-0.05435575917363167,0.5362138748168945,0.644174337387085,0.14803771674633026,0.48532962799072266,0.5699350237846375,-0.5542404651641846,0.5441349744796753,0.71470707654953,0.3475005030632019,0.5562359690666199,0.7033906579017639,-0.6523899435997009,0.5428137183189392,0.7645440697669983,0.35802116990089417,0.56352299451828,0.7196823954582214,-0.6675653457641602,0.5756335854530334,0.7413769960403442,0.22948338091373444,0.5867128372192383,0.6953610777854919,-0.8623660206794739
leg raises_100341.jpg,0.43723684549331665,0.23360970616340637,-0.30172160267829895,0.442111074924469,0.21897953748703003,-0.2766152322292328,0.4451359212398529,0.21847055852413177,-0.27677300572395325,0.44826453924179077,0.21692362427711487,-0.27686697244644165,0.4298134744167328,0.21544992923736572,-0.28493157029151917,0.4248494803905487,0.21456366777420044,-0.28494465351104736,0.4200226366519928,0.2135932445526123,-0.28492799401283264,0.4487726092338562,0.21742187440395355,-0.10289027541875839,0.41143739223480225,0.21703927218914032,-0.1463175266981125,0.44198939204216003,0.2541112005710602,-0.23402367532253265,0.426792711019516,0.24963146448135376,-0.24649906158447266,0.48092010617256165,0.3102265000343323,0.028455667197704315,0.3750148117542267,0.3164435625076294,-0.07871046662330627,0.5135571360588074,0.4205694794654846,-0.036404844373464584,0.355381041765213,0.44603657722473145,-0.1075838953256607,0.5456719994544983,0.39388254284858704,-0.3523962199687958,0.37190335988998413,0.4333815276622772,-0.4294840395450592,0.5536011457443237,0.3880713880062103,-0.4165186882019043,0.3791392743587494,0.42921027541160583,-0.4902344346046448,0.5513809323310852,0.37414246797561646,-0.43904104828834534,0.3772828280925751,0.4097896218299866,-0.5070151090621948,0.5461909770965576,0.3772193193435669,-0.36938363313674927,0.3771519958972931,0.40906885266304016,-0.4412284791469574,0.483488529920578,0.5335806012153625,0.031024811789393425,0.42373839020729065,0.549570620059967,-0.030874889343976974,0.5049449801445007,0.7360066771507263,0.13124337792396545,0.46289506554603577,0.7425133585929871,-0.08383642882108688,0.5205166339874268,0.9176023006439209,0.18761032819747925,0.5021107196807861,0.9463767409324646,0.08372444659471512,0.5170674920082092,0.9360433220863342,0.19492816925048828,0.5027104616165161,0.9589466452598572,0.09015295654535294,0.5421034097671509,0.9632195234298706,0.04096214845776558,0.5126020908355713,1.0045185089111328,-0.10003435611724854
leg raises_100351.jpg,0.43246057629585266,0.2330407202243805,-0.26866939663887024,0.43764808773994446,0.21709874272346497,-0.2465498000383377,0.44123780727386475,0.21619881689548492,-0.24668963253498077,0.4440332353115082,0.2148692011833191,-0.24676603078842163,0.42480185627937317,0.21481594443321228,-0.2530353367328644,0.41962993144989014,0.2139652520418167,-0.2529793083667755,0.41482236981391907,0.2127913385629654,-0.2530728578567505,0.4452644884586334,0.21599900722503662,-0.05888369306921959,0.4061415493488312,0.21639853715896606,-0.09648118913173676,0.4379101097583771,0.25068581104278564,-0.19379298388957977,0.42175424098968506,0.2484130710363388,-0.20417481660842896,0.47762662172317505,0.3076239228248596,0.08171197772026062,0.3719530403614044,0.3134172558784485,-0.007301005534827709,0.5083126425743103,0.41739675402641296,0.0039035649970173836,0.35179078578948975,0.439465194940567,-0.08964517712593079,0.5345297455787659,0.3947230875492096,-0.3186240494251251,0.37414848804473877,0.43166542053222656,-0.34859034419059753,0.5447344183921814,0.3907877206802368,-0.3802824020385742,0.3784072995185852,0.4271501898765564,-0.40320271253585815,0.5409535765647888,0.3753039836883545,-0.40181586146354675,0.37730109691619873,0.40778863430023193,-0.42447537183761597,0.5328901410102844,0.3775447905063629,-0.33524829149246216,0.3789061903953552,0.40764862298965454,-0.3614911437034607,0.47515860199928284,0.5482843518257141,0.03433927148580551,0.41174963116645813,0.5589924454689026,-0.0342445969581604,0.4816168546676636,0.7596732974052429,0.048152923583984375,0.4443245232105255,0.7640296220779419,-0.08118127286434174,0.49462005496025085,0.9375908970832825,0.20612795650959015,0.4646100103855133,0.957294225692749,0.11721453070640564,0.48618829250335693,0.9543102979660034,0.21597641706466675,0.4654408097267151,0.9670588970184326,0.12670299410820007,0.5192803740501404,0.9815146327018738,0.05157618969678879,0.4794920086860657,1.0180498361587524,-0.06278889626264572
leg raises_1100011.jpg,0.38678738474845886,0.0514698289334774,0.019614068791270256,0.38757333159446716,0.0373421236872673,0.05223417654633522,0.38796642422676086,0.037776969373226166,0.05216006934642792,0.3881121277809143,0.0381636880338192,0.05200520530343056,0.3829290568828583,0.03759254515171051,0.002316694939509034,0.37857624888420105,0.03904799371957779,0.0023844989482313395,0.3747240900993347,0.040502239018678665,0.0024490943178534508,0.3660343289375305,0.0455775111913681,0.20970852673053741,0.34412097930908203,0.05082051083445549,-0.01735840179026127,0.38052722811698914,0.07013069093227386,0.08256376534700394,0.374083012342453,0.07116037607192993,0.015797700732946396,0.34680861234664917,0.2083035111427307,0.33855512738227844,0.2944459617137909,0.2062740921974182,-0.0782274529337883,0.3810308277606964,0.2277548909187317,0.4162731468677521,0.32792431116104126,0.21298904716968536,-0.3101355731487274,0.367521733045578,0.10848961025476456,0.37042567133903503,0.3167376220226288,0.08057892322540283,-0.39318570494651794,0.36362960934638977,0.08830319344997406,0.37526246905326843,0.31377583742141724,0.047502871602773666,-0.4214366674423218,0.35995715856552124,0.0781794860959053,0.3846723735332489,0.3077934682369232,0.04683911055326462,-0.4164433181285858,0.3599229156970978,0.08604742586612701,0.37081095576286316,0.3115234673023224,0.057871878147125244,-0.3906964957714081,0.3628154695034027,0.4934680163860321,0.14081940054893494,0.3307105600833893,0.5105249881744385,-0.14080952107906342,0.5033145546913147,0.5930514335632324,-0.03684152290225029,0.4802153408527374,0.6372941136360168,-0.287759006023407,0.6468827128410339,0.7127504348754883,-0.1441473513841629,0.6518024802207947,0.7052242755889893,-0.4005410373210907,0.6564072370529175,0.745123028755188,-0.15824702382087708,0.6700819730758667,0.7394356727600098,-0.41263094544410706,0.7058895826339722,0.6880080699920654,-0.29200613498687744,0.7103239893913269,0.6505605578422546,-0.5563972592353821
leg raises_1100021.jpg,0.3862077593803406,0.036665234714746475,-0.022610396146774292,0.3866138756275177,0.007978811860084534,0.00952247902750969,0.38687843084335327,0.010498598217964172,0.00944684911519289,0.3872843384742737,0.010312195867300034,0.009331835433840752,0.3802963197231293,0.00653355848044157,-0.04123125597834587,0.3758244216442108,0.0049056257121264935,-0.04124324396252632,0.36986860632896423,0.0037679781671613455,-0.0412459596991539,0.36890310049057007,0.007015340030193329,0.17217005789279938,0.3414187431335449,0.003980701323598623,-0.0501689538359642,0.38041794300079346,0.055071111768484116,0.04174213111400604,0.3738674223423004,0.053353775292634964,-0.025752421468496323,0.3477015197277069,0.1889629364013672,0.3009483218193054,0.28901201486587524,0.16680338978767395,-0.12724857032299042,0.37590697407722473,0.29246601462364197,0.43223246932029724,0.32144272327423096,0.21570096909999847,-0.27260106801986694,0.39140182733535767,0.2626717686653137,0.44068530201911926,0.3235531747341156,0.05627872794866562,-0.20736126601696014,0.3987135589122772,0.26434019207954407,0.4441252052783966,0.32617276906967163,0.02651503123342991,-0.21537497639656067,0.3953118920326233,0.25443288683891296,0.44304418563842773,0.32181665301322937,0.02964354120194912,-0.2052018791437149,0.3907330632209778,0.2549395263195038,0.43630921840667725,0.321970134973526,0.04426876828074455,-0.19828851521015167,0.355129599571228,0.5055784583091736,0.13961854577064514,0.3178081214427948,0.5167547464370728,-0.13956069946289062,0.4929411709308624,0.7012285590171814,-0.007451857905834913,0.47090673446655273,0.7443702816963196,-0.16663551330566406,0.6253383755683899,0.9224749207496643,-0.05536346882581711,0.610569953918457,0.932502806186676,-0.38569992780685425,0.6266590356826782,0.9457584023475647,-0.06759632378816605,0.6131411790847778,0.9902598261833191,-0.3768232762813568,0.6983255743980408,0.9445048570632935,-0.2024744302034378,0.6861919164657593,0.9489015340805054,-0.3085736334323883
leg raises_1100031.jpg,0.3811693787574768,0.09627357870340347,0.007553064730018377,0.3650503158569336,0.0466105155646801,0.035505808889865875,0.3662785291671753,0.04558289423584938,0.03536843881011009,0.3676246702671051,0.045352187007665634,0.035163141787052155,0.36446890234947205,0.0734977275133133,-0.009557588957250118,0.35826969146728516,0.07315823435783386,-0.00955994427204132,0.3519474267959595,0.0729287713766098,-0.009645224548876286,0.36155420541763306,0.08196993917226791,0.17692622542381287,0.32494840025901794,0.08192399144172668,-0.027966678142547607,0.3796840012073517,0.11777489632368088,0.06465355306863785,0.36537599563598633,0.11769460141658783,0.004776179790496826,0.36443981528282166,0.20723474025726318,0.28452268242836,0.2776332199573517,0.19592872262001038,-0.08886025846004486,0.3832857012748718,0.23954547941684723,0.42890194058418274,0.3175693452358246,0.158874973654747,-0.14729686081409454,0.38282695412635803,0.13825857639312744,0.4802590310573578,0.31450679898262024,0.037091951817274094,0.16545556485652924,0.3847757875919342,0.1214054524898529,0.48097628355026245,0.32570570707321167,0.0018472393276169896,0.1759631484746933,0.3780572712421417,0.10972301661968231,0.48705294728279114,0.3194018006324768,0.004932515788823366,0.16624554991722107,0.3744834065437317,0.11644669622182846,0.47807711362838745,0.31929731369018555,0.01582670770585537,0.16816002130508423,0.3621986508369446,0.5088101029396057,0.11966248601675034,0.32230326533317566,0.5217309594154358,-0.11971814930438995,0.45360586047172546,0.7381683588027954,0.08622946590185165,0.4133945405483246,0.7853731513023376,-0.12579071521759033,0.5164528489112854,0.9470311403274536,0.1397235244512558,0.4877217710018158,0.9809032082557678,-0.045704882591962814,0.5052411556243896,0.9681912660598755,0.13696597516536713,0.4835125803947449,1.0436840057373047,-0.039807725697755814,0.5882362723350525,0.9886410236358643,0.023553024977445602,0.5560309886932373,1.060685634613037,-0.16300715506076813
leg raises_1100041.jpg,0.37787893414497375,0.09011384844779968,-0.0653194710612297,0.3644755184650421,0.036745764315128326,-0.06451082974672318,0.36568063497543335,0.035861846059560776,-0.06472943723201752,0.3668172061443329,0.03559498116374016,-0.06514915078878403,0.3535073697566986,0.04228400066494942,-0.14421214163303375,0.349148690700531,0.04239986091852188,-0.14427301287651062,0.33998170495033264,0.04541783407330513,-0.14449302852153778,0.3527566194534302,0.04118253290653229,0.03743975609540939,0.32101869583129883,0.05580991134047508,-0.1802704930305481,0.3631264567375183,0.09277378767728806,-0.034636031836271286,0.36221325397491455,0.11556532233953476,-0.12906117737293243,0.3639480471611023,0.20635469257831573,0.1760939508676529,0.2835613191127777,0.20023281872272491,-0.24272798001766205,0.36638158559799194,0.3000938296318054,0.31385767459869385,0.2987963855266571,0.19371354579925537,-0.4364185333251953,0.40085524320602417,0.2343999594449997,0.3758307099342346,0.3266286253929138,0.04699357971549034,-0.40886804461479187,0.41001179814338684,0.295547217130661,0.38316306471824646,0.3424428701400757,0.01244878489524126,-0.4397892355918884,0.4104163944721222,0.2851020395755768,0.35741356015205383,0.3387337327003479,0.012344354763627052,-0.4165116250514984,0.40396660566329956,0.27080780267715454,0.36338695883750916,0.3386419713497162,0.025842465460300446,-0.40058374404907227,0.36265525221824646,0.5424147844314575,0.10955362766981125,0.32999351620674133,0.5468177795410156,-0.10958297550678253,0.4207708239555359,0.7831754684448242,0.20269900560379028,0.37235766649246216,0.8215608596801758,-0.009528925642371178,0.44003814458847046,0.9628399610519409,0.41087648272514343,0.41970255970954895,0.9798290729522705,0.21082578599452972,0.4255390167236328,0.975162923336029,0.4262274205684662,0.4076152741909027,1.0444587469100952,0.23020842671394348,0.49537721276283264,1.0041981935501099,0.3163256049156189,0.4647490084171295,1.0960839986801147,0.08842947334051132
leg raises_1100051.jpg,0.3787282705307007,0.05068495124578476,-0.11670605838298798,0.3753613829612732,0.012234280817210674,-0.09835764765739441,0.37560901045799255,0.011460565030574799,-0.0985322892665863,0.37559452652931213,0.01131473109126091,-0.09875798225402832,0.365902841091156,0.013840284198522568,-0.14644789695739746,0.3609286844730377,0.013483429327607155,-0.14651848375797272,0.3534253239631653,0.014938424341380596,-0.14666596055030823,0.3575659990310669,0.015172810293734074,0.026462852954864502,0.3311167061328888,0.023523010313510895,-0.17221689224243164,0.3716031610965729,0.07365451753139496,-0.063871830701828,0.36342987418174744,0.07631564140319824,-0.13188976049423218,0.3757613003253937,0.1807120442390442,0.13078783452510834,0.2827804982662201,0.1710745245218277,-0.16375331580638885,0.3791279196739197,0.26325523853302,0.30648308992385864,0.27953100204467773,0.029990220442414284,-0.301626980304718,0.3937512934207916,0.27047425508499146,0.3604932129383087,0.316439151763916,0.013826490379869938,0.2020803987979889,0.4016619920730591,0.2913700342178345,0.354117214679718,0.3280028998851776,-0.000928635650780052,0.21364746987819672,0.39737606048583984,0.28443780541419983,0.32759734988212585,0.3299136161804199,0.021423425525426865,0.23753847181797028,0.3906160295009613,0.2781762480735779,0.34442338347435,0.3277619481086731,0.02753388322889805,0.21307587623596191,0.3686015009880066,0.5422152876853943,0.08949797600507736,0.33124732971191406,0.5469595193862915,-0.08931154757738113,0.4073456823825836,0.7683308720588684,0.10566505789756775,0.36055833101272583,0.8031284809112549,-0.06334150582551956,0.4163893759250641,0.9626054763793945,0.23665794730186462,0.38843536376953125,0.9701583981513977,0.1063244566321373,0.40336713194847107,0.9736541509628296,0.2451125532388687,0.3831377923488617,0.9889581203460693,0.12055554986000061,0.46140262484550476,1.0411919355392456,0.12246949225664139,0.41272079944610596,1.081122636795044,-0.01866834983229637
leg raises_1100061.jpg,,,,,,,,,,,,,,,,,,,,,,,,,,,,,,,,,,,,,,,,,,,,,,,,,,,,,,,,,,,,,,,,,,,,,,,,,,,,,,,,,,,,,,,,,,,,,,,,,,,
leg raises_1100071.jpg,0.3740544617176056,0.08810269832611084,-0.15145613253116608,0.3557324707508087,0.05268728360533714,-0.12357468903064728,0.3580513596534729,0.050943851470947266,-0.1236833706498146,0.36069437861442566,0.04911619424819946,-0.12385770678520203,0.3439992368221283,0.04975498095154762,-0.15709568560123444,0.3492678701877594,0.06654113531112671,-0.1570192128419876,0.34263959527015686,0.06676250696182251,-0.15701435506343842,0.34969720244407654,0.054791927337646484,0.02366950735449791,0.3206312954425812,0.06798231601715088,-0.12804366648197174,0.3637780547142029,0.09917131066322327,-0.09239500015974045,0.3522946536540985,0.10336968302726746,-0.13639339804649353,0.3541128933429718,0.20275308191776276,0.15709061920642853,0.30410236120224,0.1930316686630249,-0.18578536808490753,0.37560951709747314,0.15101176500320435,0.3072928786277771,0.3154735565185547,0.08068662881851196,-0.27417701482772827,0.35510915517807007,0.02858501486480236,0.3753020465373993,0.32587435841560364,-0.01011580228805542,-0.15897022187709808,0.3722285330295563,0.04155796766281128,0.37944287061691284,0.3457495868206024,-0.05328494310379028,-0.1699575036764145,0.37347301840782166,0.03780949115753174,0.37514299154281616,0.33554086089134216,-0.04967093467712402,-0.17415699362754822,0.3733224868774414,0.04836851358413696,0.3693602383136749,0.33466896414756775,-0.03392547369003296,-0.15828828513622284,0.3514177203178406,0.5708842277526855,0.12711523473262787,0.34773415327072144,0.5802150964736938,-0.12742185592651367,0.39669474959373474,0.8239426612854004,0.19781173765659332,0.39306700229644775,0.8445812463760376,-0.05585021898150444,0.4228351414203644,0.9705718755722046,0.2930672764778137,0.42111334204673767,1.068795919418335,0.03431650251150131,0.4167154133319855,0.9951192140579224,0.2974456250667572,0.40524372458457947,1.1104354858398438,0.03979003056883812,0.49376389384269714,1.05739164352417,0.22590094804763794,0.49441567063331604,1.117244005203247,-0.07312775403261185
leg raises_1100081.jpg,0.3740646243095398,0.03996708616614342,-0.06681646406650543,0.3606972396373749,0.008940101601183414,-0.048083942383527756,0.3614906072616577,0.009133197367191315,-0.04826696962118149,0.36261001229286194,0.009173253551125526,-0.04854258522391319,0.3514370024204254,0.009774615056812763,-0.09788239002227783,0.34984418749809265,0.011423656716942787,-0.09779881685972214,0.3426399827003479,0.013192767277359962,-0.09788091480731964,0.3478431701660156,0.02762790024280548,0.06542936712503433,0.320598304271698,0.03320155292749405,-0.1434638500213623,0.3645816445350647,0.06473343819379807,-0.01868569478392601,0.35316163301467896,0.06803075224161148,-0.0847248062491417,0.3517366349697113,0.1715078204870224,0.1858375072479248,0.29718509316444397,0.16897308826446533,-0.20075729489326477,0.3682890832424164,0.1352161467075348,0.394079327583313,0.2969397306442261,0.0627799928188324,-0.24003905057907104,0.35489287972450256,0.023671405389904976,0.49270737171173096,0.31632667779922485,-0.006077890750020742,0.018096180632710457,0.3653726875782013,0.00628182478249073,0.4950796067714691,0.330853134393692,-0.04891233518719673,0.015253543853759766,0.36687448620796204,-0.004954035393893719,0.4838739037513733,0.3264843225479126,-0.042719412595033646,0.022097459062933922,0.3658110499382019,0.0050331843085587025,0.4834470748901367,0.32413890957832336,-0.030558185651898384,0.024112846702337265,0.3509543836116791,0.5695343613624573,0.12984755635261536,0.33484622836112976,0.5784210562705994,-0.1299590766429901,0.4448781907558441,0.8201274275779724,0.18061813712120056,0.42894092202186584,0.8443663120269775,-0.07887332886457443,0.49010780453681946,1.0035064220428467,0.26194900274276733,0.4765878915786743,1.0660372972488403,0.016314182430505753,0.48053091764450073,1.0404114723205566,0.26368942856788635,0.45981961488723755,1.0995017290115356,0.02425829879939556,0.5487186908721924,1.028542160987854,0.1811642348766327,0.558122456073761,1.12339448928833,-0.07819352298974991
leg raises_1100091.jpg,0.3841140568256378,0.007863719016313553,-0.04280392825603485,0.3751787543296814,-0.013793320395052433,-0.0252732802182436,0.3737342059612274,-0.0125986747443676,-0.025450877845287323,0.3723127543926239,-0.011294744908809662,-0.025654397904872894,0.3712097108364105,-0.014210143126547337,-0.07315286248922348,0.3664005696773529,-0.01437885221093893,-0.07319227606058121,0.3594856858253479,-0.012746215797960758,-0.07329098135232925,0.3517023026943207,0.01454914640635252,0.08380213379859924,0.33197954297065735,0.004558571148663759,-0.14242301881313324,0.3728635907173157,0.03589003533124924,0.0036565910559147596,0.3676684498786926,0.03405619040131569,-0.0619325190782547,0.3481845259666443,0.14428892731666565,0.18657751381397247,0.29744595289230347,0.14274151623249054,-0.19330579042434692,0.3434075117111206,0.06992922723293304,0.371099054813385,0.2897626757621765,0.03682396188378334,-0.39782997965812683,0.3507046699523926,0.003339154180139303,0.36047106981277466,0.3166097402572632,-0.012886575423181057,-0.41635528206825256,0.350229412317276,-0.025249529629945755,0.3586559593677521,0.33331620693206787,-0.04895826056599617,-0.4534938633441925,0.3499862253665924,-0.023539148271083832,0.3323931097984314,0.337453156709671,-0.043037138879299164,-0.41371801495552063,0.35024768114089966,-0.035102616995573044,0.34638693928718567,0.33054807782173157,-0.033402372151613235,-0.4033536911010742,0.3463505804538727,0.5660906434059143,0.13531197607517242,0.3263969421386719,0.5756321549415588,-0.1351955533027649,0.4875824749469757,0.7397282123565674,0.1314440369606018,0.47476890683174133,0.7528848648071289,-0.11420240998268127,0.6372573375701904,0.9352125525474548,0.10139124095439911,0.6458402276039124,0.9392096400260925,-0.18252287805080414,0.6397997736930847,0.9889271259307861,0.0899067148566246,0.6473616361618042,0.9807179570198059,-0.1950330287218094,0.7332900762557983,0.921089768409729,-0.011863763444125652,0.7554908394813538,0.9294824600219727,-0.3116017282009125
leg raises_1100101.jpg,0.38347798585891724,0.027937671169638634,-0.1196662038564682,0.3740867078304291,0.0002671050315257162,-0.1032477468252182,0.37280556559562683,0.00028140199719928205,-0.10339130461215973,0.3717361390590668,0.0006454999092966318,-0.10349111258983612,0.3688003718852997,-0.0014668910298496485,-0.145714670419693,0.36481502652168274,0.005647996440529823,-0.1459420770406723,0.35902807116508484,0.00627243472263217,-0.1460247039794922,0.3470360040664673,0.021052047610282898,0.02948746830224991,0.3310151994228363,0.018771057948470116,-0.17794717848300934,0.37264978885650635,0.04807785525918007,-0.06304580718278885,0.36684781312942505,0.04973512142896652,-0.12716880440711975,0.3413173258304596,0.153586745262146,0.15595687925815582,0.297759085893631,0.1506739854812622,-0.24242816865444183,0.3358595669269562,0.06926935911178589,0.24367886781692505,0.279833048582077,0.038044560700654984,-0.6306489109992981,0.3567347824573517,0.004673870280385017,0.2040468156337738,0.3134893476963043,-0.03972921520471573,-0.8631707429885864,0.3573014438152313,-0.012453596107661724,0.21636247634887695,0.33033403754234314,-0.06531482934951782,-0.917316198348999,0.3517761826515198,-0.01451431680470705,0.19490088522434235,0.3361908793449402,-0.06605550646781921,-0.8761599063873291,0.3514331579208374,-0.0135470200330019,0.19552096724510193,0.32954323291778564,-0.05417437478899956,-0.8512389063835144,0.33102574944496155,0.5672876834869385,0.16677354276180267,0.32574570178985596,0.57835453748703,-0.16634073853492737,0.5024779438972473,0.6258856654167175,0.5980396866798401,0.4934610426425934,0.6240531206130981,-0.5401990413665771,0.671383798122406,0.7062660455703735,0.7423369288444519,0.696175754070282,0.7094824910163879,-0.8369139432907104,0.6873415112495422,0.7423627376556396,0.7483133673667908,0.7119631171226501,0.7424690127372742,-0.8702043294906616,0.758364737033844,0.6366256475448608,0.694830060005188,0.7768756151199341,0.6298419237136841,-1.0525447130203247
leg raises_1100111.jpg,0.38341543078422546,0.015612868592143059,-0.07276684790849686,0.3751012682914734,-0.011614484712481499,-0.05850532278418541,0.373677134513855,-0.01134268194437027,-0.05861331522464752,0.37237975001335144,-0.011077024042606354,-0.05866827443242073,0.3702632784843445,-0.012949470430612564,-0.09940055757761002,0.36580607295036316,-0.012173612602055073,-0.09968230128288269,0.36068686842918396,-0.012445248663425446,-0.09979143738746643,0.3461952805519104,0.008848190307617188,0.048195526003837585,0.3307283818721771,0.0061582401394844055,-0.16849103569984436,0.3725929260253906,0.040279820561409,-0.027135254815220833,0.3677787184715271,0.03925923630595207,-0.0865495577454567,0.3346284329891205,0.13569243252277374,0.15146295726299286,0.2980618178844452,0.12078049778938293,-0.18087482452392578,0.34026578068733215,0.0021576934959739447,0.23180320858955383,0.2853647768497467,0.008968327194452286,-0.46893438696861267,0.34681227803230286,-0.09621461480855942,0.08106992393732071,0.3142901659011841,-0.08143789321184158,-0.49999529123306274,0.33167681097984314,-0.1169450655579567,0.08495596051216125,0.32116636633872986,-0.10384160280227661,-0.5292243361473083,0.32611438632011414,-0.11626039445400238,0.05502650886774063,0.3192040026187897,-0.09178055822849274,-0.48645007610321045,0.33299386501312256,-0.10801658779382706,0.06721493601799011,0.3182133436203003,-0.08026020228862762,-0.4830954968929291,0.328091561794281,0.5659162998199463,0.15936271846294403,0.3229856789112091,0.5707358717918396,-0.1591116487979889,0.5071114301681519,0.5282391905784607,0.42096418142318726,0.501376748085022,0.5230187177658081,-0.2932834327220917,0.6875916123390198,0.5391772389411926,0.46111994981765747,0.7041374444961548,0.5474919080734253,-0.4800851047039032,0.7409830689430237,0.5378305912017822,0.46004801988601685,0.7490490674972534,0.5737680792808533,-0.5094306468963623,0.752453625202179,0.42123740911483765,0.3822469711303711,0.7660510540008545,0.43314170837402344,-0.6791942715644836
leg raises_1100121.jpg,0.3745521605014801,0.02533884346485138,-0.1354650855064392,0.3691233992576599,-0.0036540392320603132,-0.11607503145933151,0.3675122857093811,-0.004515704233199358,-0.11619885265827179,0.36623409390449524,-0.005105885677039623,-0.11632765829563141,0.3651364743709564,-0.005274003371596336,-0.1485404223203659,0.3581192195415497,3.7362649891292676e-05,-0.14880283176898956,0.3541513681411743,-8.234349661506712e-05,-0.14883087575435638,0.3387293517589569,0.012145986780524254,0.024119893088936806,0.32125377655029297,0.014386177062988281,-0.1597168892621994,0.36752620339393616,0.04775101691484451,-0.07910413295030594,0.3637653589248657,0.04700128734111786,-0.12756727635860443,0.3250482678413391,0.14430132508277893,0.13825403153896332,0.2844337821006775,0.13373024761676788,-0.18435126543045044,0.333890825510025,0.038498979061841965,0.21953675150871277,0.28750526905059814,0.01705711893737316,-0.4991573989391327,0.34413963556289673,-0.05084611475467682,0.19423560798168182,0.30382612347602844,-0.05911974981427193,-0.6907738447189331,0.336753249168396,-0.08505433052778244,0.20225778222084045,0.31274282932281494,-0.05380908027291298,-0.7307916879653931,0.3321150839328766,-0.07666517794132233,0.1845366209745407,0.31030550599098206,-0.0547490157186985,-0.7066704630851746,0.3352319300174713,-0.07347958534955978,0.18538261950016022,0.3082563579082489,-0.04713582620024681,-0.6833021640777588,0.3236899971961975,0.569114625453949,0.15596172213554382,0.31256765127182007,0.5702264904975891,-0.1560068130493164,0.49914053082466125,0.5115568041801453,0.38214242458343506,0.48725414276123047,0.4999898672103882,-0.3785801827907562,0.6962502002716064,0.4836452603340149,0.4005659222602844,0.6867830157279968,0.5031582117080688,-0.6071125864982605,0.7307013273239136,0.5090336203575134,0.3991410434246063,0.7168095111846924,0.5421422719955444,-0.6360546946525574,0.747421145439148,0.36571815609931946,0.32430464029312134,0.7581489086151123,0.3803426921367645,-0.7990070581436157
leg raises_1100131.jpg,0.37254488468170166,0.030696619302034378,-0.13668617606163025,0.36851710081100464,0.0004931803559884429,-0.11685111373662949,0.3667730391025543,-0.00037679035449400544,-0.11697830259799957,0.3654320538043976,-0.0007442241767421365,-0.11709706485271454,0.36483705043792725,-0.0012622411595657468,-0.14913949370384216,0.35619354248046875,0.005966345313936472,-0.14938387274742126,0.3521074652671814,0.0056663514114916325,-0.14942200481891632,0.3372374176979065,0.01660607010126114,0.02406548336148262,0.31963080167770386,0.018252868205308914,-0.15553854405879974,0.36582306027412415,0.05192698910832405,-0.08072887361049652,0.36216720938682556,0.05134253948926926,-0.12854185700416565,0.3226771652698517,0.1391851007938385,0.13893580436706543,0.286798894405365,0.12423527985811234,-0.18187004327774048,0.3341006636619568,0.034194331616163254,0.2115948647260666,0.28834089636802673,0.022480197250843048,-0.4792417287826538,0.3438088297843933,-0.02691885083913803,0.1847563534975052,0.3019932210445404,-0.04679949954152107,-0.6624537110328674,0.34070873260498047,-0.05508672818541527,0.18908634781837463,0.3121309280395508,-0.04197518154978752,-0.7041060924530029,0.33730030059814453,-0.04432367905974388,0.1721184253692627,0.3095969557762146,-0.04377388581633568,-0.6781590580940247,0.3394079804420471,-0.04326687753200531,0.17590218782424927,0.30733543634414673,-0.036527786403894424,-0.6542938351631165,0.3191990554332733,0.5680557489395142,0.1529853790998459,0.31030213832855225,0.5692707300186157,-0.15298274159431458,0.49565649032592773,0.530301034450531,0.4388228952884674,0.48090997338294983,0.5224271416664124,-0.4135146737098694,0.6775680184364319,0.5390061736106873,0.47207197546958923,0.6911535859107971,0.5547298192977905,-0.6890920996665955,0.7245628237724304,0.5501917004585266,0.4686402380466461,0.7181854844093323,0.6064980626106262,-0.7230684161186218,0.7456014156341553,0.4164104163646698,0.4065055251121521,0.7739595174789429,0.45161280035972595,-0.8947960734367371
leg raises_1100141.jpg,0.3679569363594055,0.03371569514274597,-0.14728949964046478,0.36338797211647034,0.0020237285643815994,-0.1267470419406891,0.3625536262989044,0.002368846209719777,-0.12699763476848602,0.3621788024902344,0.002550635952502489,-0.12717968225479126,0.35781022906303406,0.0026606840547174215,-0.16187290847301483,0.3478866219520569,0.007002459838986397,-0.1620946228504181,0.34354421496391296,0.006655368488281965,-0.1622103899717331,0.3370513617992401,0.02420801669359207,0.010748586617410183,0.3174944818019867,0.02524801343679428,-0.16780470311641693,0.3619275987148285,0.0548425056040287,-0.09119486063718796,0.3564552962779999,0.05280888453125954,-0.14230544865131378,0.32561424374580383,0.14291760325431824,0.1235257238149643,0.2868460714817047,0.1257677525281906,-0.1954522281885147,0.3335653245449066,0.04453428089618683,0.16627368330955505,0.2895801365375519,0.04073213040828705,-0.4748747944831848,0.33961692452430725,-0.021460486575961113,0.06064857915043831,0.298902690410614,-0.023722989484667778,-0.64413982629776,0.3410361707210541,-0.04034041985869408,0.04526054114103317,0.3136768639087677,-0.03442231938242912,-0.6900712251663208,0.33574309945106506,-0.037447087466716766,0.0305809173732996,0.30761146545410156,-0.040094099938869476,-0.6683457493782043,0.33733314275741577,-0.03194096311926842,0.050480540841817856,0.30512940883636475,-0.029743976891040802,-0.6385266780853271,0.3212508261203766,0.5573887228965759,0.15737344324588776,0.31283265352249146,0.5720800757408142,-0.15713801980018616,0.49237924814224243,0.5844728946685791,0.4547341465950012,0.47548288106918335,0.5547438859939575,-0.3860150873661041,0.6580793857574463,0.746940016746521,0.5626791715621948,0.6717851161956787,0.7266344428062439,-0.6116851568222046,0.6720697283744812,0.8222463726997375,0.567550003528595,0.6793399453163147,0.8224810361862183,-0.638828456401825,0.7560403347015381,0.667695939540863,0.5318902134895325,0.7801016569137573,0.5799995064735413,-0.7781844735145569
leg raises_1100151.jpg,0.3215070962905884,0.07054174691438675,-0.09618457406759262,0.3317212164402008,0.05177842080593109,-0.10142402350902557,0.33584368228912354,0.0517842099070549,-0.10175511240959167,0.3398812413215637,0.052042070776224136,-0.10207667946815491,0.3190184235572815,0.039710137993097305,-0.07473091036081314,0.31777703762054443,0.039822060614824295,-0.07464288175106049,0.3177563548088074,0.03974222019314766,-0.07481042295694351,0.3312765657901764,0.04717705398797989,-0.049026742577552795,0.31464245915412903,0.06234496086835861,0.041586700826883316,0.3304562270641327,0.09401638060808182,-0.08103857934474945,0.31702718138694763,0.09600900113582611,-0.046368323266506195,0.33747726678848267,0.16958993673324585,-0.07949594408273697,0.3019821345806122,0.1884663850069046,0.11069045960903168,0.329557329416275,0.09001947939395905,-0.2413601577281952,0.30983418226242065,0.09399496018886566,0.1863253265619278,0.3430490493774414,-0.007503957953304052,-0.3710828721523285,0.32898786664009094,0.0016350549412891269,0.24094711244106293,0.3574570417404175,-0.035879723727703094,-0.4121052920818329,0.35821524262428284,-0.03285614773631096,0.23225834965705872,0.36300644278526306,-0.0350363589823246,-0.4028635323047638,0.3364953398704529,-0.023815901950001717,0.22311367094516754,0.3418973386287689,-0.012377243489027023,-0.3715359568595886,0.33503201603889465,0.001203777501359582,0.23267774283885956,0.3281572759151459,0.5988211035728455,-0.02825934812426567,0.3406296968460083,0.5960887670516968,0.028218459337949753,0.4883868992328644,0.8705123066902161,-0.022099081426858902,0.4832429587841034,0.8711727857589722,-0.00023700064048171043,0.5950708985328674,1.1188632249832153,0.05005039647221565,0.5989425778388977,1.098523736000061,0.07195711880922318,0.5985548496246338,1.1582152843475342,0.05092041194438934,0.6154413819313049,1.1258084774017334,0.07598384469747543,0.6300561428070068,1.1779218912124634,-0.08973895758390427,0.6227006316184998,1.1812316179275513,-0.03195918723940849
leg raises_1100161.jpg,0.3350362777709961,0.07706775516271591,-0.09334307163953781,0.3320743441581726,0.055740837007761,-0.07874919474124908,0.34286412596702576,0.056059110909700394,-0.07895613461732864,0.35123172402381897,0.05660159885883331,-0.07921779900789261,0.3265708088874817,0.05083268880844116,-0.08305910229682922,0.32473355531692505,0.05011601373553276,-0.08298461139202118,0.3214181363582611,0.04994915798306465,-0.08309894055128098,0.3536831736564636,0.06829161196947098,0.03591716289520264,0.31392428278923035,0.06450916081666946,-0.008747539483010769,0.33684590458869934,0.1037779375910759,-0.05185147374868393,0.3262101113796234,0.1034357100725174,-0.058434389531612396,0.366336852312088,0.18220804631710052,-0.0002987327170558274,0.299188494682312,0.19356797635555267,0.0010331216035410762,0.3313944935798645,0.08784017711877823,0.034467682242393494,0.3088197410106659,0.08541030436754227,-0.0490897111594677,0.34328269958496094,-0.011176278814673424,0.11822482943534851,0.32908210158348083,0.0009588748798705637,0.07391779869794846,0.3511033356189728,-0.04392344877123833,0.08574391156435013,0.3531720042228699,-0.026561373844742775,0.056830890476703644,0.3577395975589752,-0.04112299904227257,0.1113225594162941,0.34544917941093445,-0.02116113342344761,0.06452266871929169,0.34318670630455017,-0.02192801423370838,0.12172623723745346,0.3450256884098053,-0.0021835430525243282,0.07367654889822006,0.3482004702091217,0.6094563603401184,0.017568891867995262,0.34925031661987305,0.6040101647377014,-0.01759558916091919,0.438463032245636,0.8865505456924438,0.05478687584400177,0.4327507019042969,0.8944963216781616,-0.0031497201416641474,0.4605865180492401,1.111565351486206,0.1841583549976349,0.4351572096347809,1.1269009113311768,0.12594564259052277,0.45644694566726685,1.1458120346069336,0.19084735214710236,0.43582582473754883,1.15705144405365,0.1384299099445343,0.4863186478614807,1.1841142177581787,0.08376442641019821,0.45258891582489014,1.2104049921035767,0.026785900816321373
leg raises_1100171.jpg,0.35980555415153503,0.09871478378772736,-0.07109386473894119,0.35365310311317444,0.0752890557050705,-0.04625542834401131,0.36096155643463135,0.07555949687957764,-0.04635358601808548,0.3668704628944397,0.0760778933763504,-0.046546570956707,0.3416682183742523,0.07444358617067337,-0.08071444183588028,0.334426611661911,0.07420936971902847,-0.08066714555025101,0.32813021540641785,0.07459311932325363,-0.08070005476474762,0.3589566648006439,0.0927550345659256,0.10152653604745865,0.3140568137168884,0.07594963163137436,-0.044224899262189865,0.3396875560283661,0.11711744964122772,-0.011878196150064468,0.3455957770347595,0.12711846828460693,-0.05786438286304474,0.3652971386909485,0.21158774197101593,0.19444413483142853,0.29902762174606323,0.21205446124076843,-0.08029446750879288,0.36927059292793274,0.11741121858358383,0.2533193826675415,0.3143921494483948,0.08426603674888611,-0.14675374329090118,0.35356035828590393,-0.006295045372098684,0.2650579810142517,0.3391707241535187,-0.0008428578730672598,0.12116191536188126,0.3561781644821167,-0.04217392951250076,0.2306957095861435,0.3550552725791931,-0.02929714508354664,0.12555333971977234,0.35974395275115967,-0.0401717945933342,0.24458645284175873,0.35323652625083923,-0.021607132628560066,0.12448820471763611,0.35655370354652405,-0.02072776108980179,0.25984105467796326,0.3575519323348999,-0.005818241275846958,0.12603741884231567,0.3527953326702118,0.6184867024421692,0.08229215443134308,0.34892207384109497,0.618844211101532,-0.0826692134141922,0.4208781123161316,0.9061797261238098,0.13220565021038055,0.4119218587875366,0.9244744181632996,-0.077940434217453,0.41711336374282837,1.1394349336624146,0.24696780741214752,0.4016914665699005,1.1741267442703247,0.055998001247644424,0.404229998588562,1.1778184175491333,0.25129085779190063,0.3857356309890747,1.2100768089294434,0.06620623171329498,0.47028496861457825,1.1962345838546753,0.15186597406864166,0.4618034064769745,1.2476277351379395,-0.07416779547929764
leg raises_1100181.jpg,0.3698311746120453,0.09256322681903839,-0.15279893577098846,0.3567645847797394,0.05712059885263443,-0.12860527634620667,0.36286813020706177,0.05609210953116417,-0.12872931361198425,0.3677305281162262,0.05486166849732399,-0.12894867360591888,0.3486064374446869,0.0667981207370758,-0.17127984762191772,0.3392535150051117,0.06901256740093231,-0.1712595373392105,0.3311846852302551,0.06889239698648453,-0.17130206525325775,0.35697171092033386,0.07723066210746765,0.029974738135933876,0.3143469989299774,0.07148538529872894,-0.1682133674621582,0.3449249267578125,0.11482807993888855,-0.08967290073633194,0.3452080488204956,0.1221996620297432,-0.14629612863063812,0.36190739274024963,0.2048797607421875,0.16026869416236877,0.29872193932533264,0.20336773991584778,-0.19552332162857056,0.37664568424224854,0.146645188331604,0.25990021228790283,0.3166455328464508,0.08771590888500214,-0.18297262489795685,0.3540326654911041,0.022811731323599815,0.30106672644615173,0.33709970116615295,0.008124197833240032,0.12654103338718414,0.35878610610961914,0.016020314767956734,0.2784314453601837,0.35599976778030396,-0.024480413645505905,0.13941851258277893,0.36048203706741333,0.01633482053875923,0.285612553358078,0.35134854912757874,-0.015846718102693558,0.13418135046958923,0.35812628269195557,0.030359268188476562,0.294598788022995,0.35198190808296204,-0.0015767923323437572,0.13087248802185059,0.3512304127216339,0.6172484755516052,0.11146343499422073,0.35015925765037537,0.6227677464485168,-0.11176638305187225,0.405195027589798,0.9059930443763733,0.16765019297599792,0.402461439371109,0.9334505796432495,-0.0671631470322609,0.4049943685531616,1.1373735666275024,0.2584476172924042,0.3934589922428131,1.1753840446472168,0.031130172312259674,0.3919191062450409,1.1796238422393799,0.2620578706264496,0.37211382389068604,1.2119195461273193,0.03973136097192764,0.4666946828365326,1.1837036609649658,0.17564167082309723,0.46526023745536804,1.246519923210144,-0.07381288707256317
leg raises_1100191.jpg,0.3728471100330353,0.10965178906917572,-0.14291861653327942,0.35717490315437317,0.0713765099644661,-0.11317808926105499,0.36288073658943176,0.07001224160194397,-0.11321602016687393,0.3674095869064331,0.0683264285326004,-0.11341839283704758,0.34830495715141296,0.07644978910684586,-0.16343531012535095,0.33969590067863464,0.07789024710655212,-0.16345252096652985,0.3320010006427765,0.07833202928304672,-0.16356225311756134,0.3558094799518585,0.0804060846567154,0.041617266833782196,0.3150670826435089,0.08689236640930176,-0.14385028183460236,0.3662029802799225,0.13605442643165588,-0.07608917355537415,0.3527015149593353,0.13892129063606262,-0.1355602741241455,0.35984623432159424,0.2299671620130539,0.16628290712833405,0.3188764154911041,0.22201251983642578,-0.18254078924655914,0.37739473581314087,0.18366247415542603,0.30208131670951843,0.3186379075050354,0.08958038687705994,-0.1940888613462448,0.36358383297920227,0.03895208239555359,0.3540782928466797,0.3413526117801666,0.012963722459971905,0.06570374220609665,0.37559351325035095,0.04080454260110855,0.3392478823661804,0.3669927716255188,-0.012018430046737194,0.07368699461221695,0.3744688332080841,0.03567786142230034,0.3381776511669159,0.36078009009361267,-0.006416261196136475,0.06972532719373703,0.3715687692165375,0.04928017780184746,0.3466901481151581,0.3572033643722534,0.00646202964708209,0.07048175483942032,0.350974977016449,0.6255704164505005,0.1162077859044075,0.3517109155654907,0.6360707879066467,-0.11646286398172379,0.3926129937171936,0.897523045539856,0.1908329278230667,0.39597776532173157,0.9353286027908325,-0.0437542162835598,0.40391790866851807,1.0450528860092163,0.3314048647880554,0.39410191774368286,1.1615527868270874,0.08475886285305023,0.3928285241127014,1.1494051218032837,0.34116610884666443,0.37441912293434143,1.199994683265686,0.09595790505409241,0.4731066823005676,1.146488070487976,0.27827662229537964,0.47213834524154663,1.220004916191101,-0.020414302125573158
leg raises_1100201.jpg,0.3680626153945923,0.0877198800444603,-0.034633852541446686,0.3575792610645294,0.05422559380531311,-0.004360062535852194,0.36285945773124695,0.05390824377536774,-0.004428398329764605,0.3672123849391937,0.053541749715805054,-0.004645648878067732,0.34775418043136597,0.058804214000701904,-0.049587853252887726,0.3397568166255951,0.059277310967445374,-0.049519214779138565,0.33269214630126953,0.0601525641977787,-0.04951724037528038,0.35542699694633484,0.0792851597070694,0.15740327537059784,0.31520983576774597,0.08347225189208984,-0.043034058064222336,0.36581844091415405,0.11535654217004776,0.03206045180559158,0.35111019015312195,0.12179987877607346,-0.026870541274547577,0.3605519235134125,0.21953365206718445,0.26658153533935547,0.30571693181991577,0.21533219516277313,-0.09040260314941406,0.3629381060600281,0.11601094156503677,0.3458864092826843,0.31492358446121216,0.07249607145786285,-0.10138595849275589,0.35794687271118164,0.008129647932946682,0.37296390533447266,0.34011444449424744,-0.03353013098239899,0.19555388391017914,0.35682815313339233,-0.019422931596636772,0.3414192497730255,0.36607855558395386,-0.06503431499004364,0.19721172749996185,0.3546183407306671,-0.03859350085258484,0.3552996516227722,0.35941317677497864,-0.05391750484704971,0.1945851892232895,0.3546586334705353,-0.023523498326539993,0.3679973781108856,0.35441362857818604,-0.03981795534491539,0.19900675117969513,0.3509220480918884,0.6195880770683289,0.11768143624067307,0.3489798605442047,0.6268877387046814,-0.11781953275203705,0.40794607996940613,0.8859222531318665,0.13723452389240265,0.40642887353897095,0.9066852927207947,-0.07940419018268585,0.42639344930648804,1.105738639831543,0.28761181235313416,0.41237056255340576,1.1511532068252563,0.051340196281671524,0.4162645936012268,1.1509759426116943,0.29753100872039795,0.39801064133644104,1.1840835809707642,0.06319021433591843,0.4840916395187378,1.170693278312683,0.18230344355106354,0.4707329571247101,1.2257181406021118,-0.08227723091840744
leg raises_1100211.jpg,0.3679933249950409,0.08711381256580353,-0.049575325101614,0.3573770523071289,0.05587475746870041,-0.025581886991858482,0.3612537682056427,0.055384520441293716,-0.02577057294547558,0.36617419123649597,0.05482249706983566,-0.026013154536485672,0.3485506772994995,0.056743696331977844,-0.06628700345754623,0.34159332513809204,0.0562891811132431,-0.06625740975141525,0.34962013363838196,0.08744542300701141,-0.06633660942316055,0.3489293158054352,0.07512988150119781,0.1114557608962059,0.3153306245803833,0.07980547100305557,-0.061722442507743835,0.36366358399391174,0.11215809732675552,0.007908596657216549,0.35106274485588074,0.11823933571577072,-0.04621798172593117,0.3601965606212616,0.21441814303398132,0.20944705605506897,0.3026050329208374,0.21286332607269287,-0.10224799811840057,0.3575023412704468,0.11742478609085083,0.2852246165275574,0.3127021789550781,0.07676851749420166,-0.16070318222045898,0.3462507426738739,0.002284986898303032,0.32241174578666687,0.3264387547969818,-0.012886133044958115,-0.07931726425886154,0.34543293714523315,-0.03782997280359268,0.29190370440483093,0.3431187570095062,-0.061828333884477615,-0.10881851613521576,0.3425661623477936,-0.04585656151175499,0.32970696687698364,0.3353025019168854,-0.052148886024951935,-0.09631527960300446,0.34360626339912415,-0.031725455075502396,0.32687318325042725,0.33336129784584045,-0.03871004655957222,-0.07560250908136368,0.3507675230503082,0.6188000440597534,0.1126079186797142,0.3442312479019165,0.6229521036148071,-0.1128399595618248,0.47495248913764954,0.8740314245223999,0.08918747305870056,0.47259604930877686,0.8909419775009155,-0.10563210397958755,0.5559028387069702,1.1021753549575806,0.1401299089193344,0.557977020740509,1.1122254133224487,-0.011029493995010853,0.5513783693313599,1.1414124965667725,0.1372366100549698,0.5552770495414734,1.146709680557251,-0.008227856829762459,0.6228305101394653,1.1542954444885254,0.013543473556637764,0.6258934140205383,1.168657898902893,-0.14597105979919434
leg raises_1100221.jpg,0.36791718006134033,0.07588064670562744,-0.09045857936143875,0.35661154985427856,0.046550534665584564,-0.07357671856880188,0.3588356375694275,0.04727859050035477,-0.07380171120166779,0.37115007638931274,0.05572233721613884,-0.07395381480455399,0.34854280948638916,0.044682569801807404,-0.11396817117929459,0.3416508436203003,0.043302860110998154,-0.11414896696805954,0.3526046872138977,0.07871304452419281,-0.1142321303486824,0.3375673294067383,0.07163061201572418,0.04914570599794388,0.3143517076969147,0.06572075188159943,-0.14100423455238342,0.36282333731651306,0.10546200722455978,-0.038312479853630066,0.3510963022708893,0.10630162805318832,-0.09686031937599182,0.3417719900608063,0.19148434698581696,0.14826782047748566,0.29801055788993835,0.19376111030578613,-0.17814525961875916,0.3345976173877716,0.07070492953062057,0.19114820659160614,0.2936337888240814,0.06051292270421982,-0.4713638126850128,0.3433375358581543,-0.001967777032405138,0.08531911671161652,0.31362730264663696,-0.014537051320075989,-0.6119142174720764,0.3411470055580139,-0.03779599815607071,0.06971379369497299,0.33903372287750244,-0.0622112862765789,-0.6589681506156921,0.3405141234397888,-0.041142143309116364,0.05746302753686905,0.33329692482948303,-0.05784677341580391,-0.6233915090560913,0.337865948677063,-0.043854352086782455,0.07662713527679443,0.32991892099380493,-0.04468252882361412,-0.6018127799034119,0.33692842721939087,0.5911072492599487,0.1482042521238327,0.33363470435142517,0.6099039912223816,-0.14795748889446259,0.49402502179145813,0.7113779783248901,0.43721333146095276,0.486515611410141,0.7204809188842773,-0.3595339059829712,0.6433837413787842,0.8444593548774719,0.5403887033462524,0.6505581140518188,0.8509412407875061,-0.5676683187484741,0.6497997641563416,0.8992534279823303,0.5447438955307007,0.6593884229660034,0.9065421223640442,-0.5924385786056519,0.7503165006637573,0.7941613793373108,0.5064197182655334,0.7614486813545227,0.7946351170539856,-0.7293434739112854
leg raises_1100231.jpg,0.3703652024269104,0.04855271056294441,-0.1083441749215126,0.3580206632614136,0.03049394115805626,-0.09258566051721573,0.35907697677612305,0.031771473586559296,-0.09275222569704056,0.367851585149765,0.03471503406763077,-0.09285005182027817,0.3529485762119293,0.022995539009571075,-0.13191992044448853,0.34729036688804626,0.02202184498310089,-0.1321614533662796,0.35147300362586975,0.029458433389663696,-0.1322547048330307,0.3363673985004425,0.0511820949614048,0.0358516089618206,0.31561172008514404,0.0461316853761673,-0.1543629765510559,0.36316823959350586,0.07654112577438354,-0.05422596633434296,0.3549133837223053,0.07386302947998047,-0.11215711385011673,0.3341140151023865,0.16326473653316498,0.14842544496059418,0.29131338000297546,0.1579822599887848,-0.20123808085918427,0.33152997493743896,0.05618031322956085,0.2146150916814804,0.28008636832237244,0.03871092200279236,-0.5257004499435425,0.34480252861976624,-0.00048466279986314476,0.12165636569261551,0.31018227338790894,-0.013053993694484234,-0.7023885250091553,0.34134823083877563,-0.02243337593972683,0.17884498834609985,0.3239014744758606,-0.04348280280828476,-0.7432108521461487,0.34071314334869385,-0.025865549221634865,0.13033707439899445,0.3253189027309418,-0.03410906344652176,-0.7042935490608215,0.33891838788986206,-0.018599459901452065,0.10337522625923157,0.3218522369861603,-0.03372056037187576,-0.6884841918945312,0.3330838084220886,0.5731626152992249,0.15863743424415588,0.3284740447998047,0.5797929167747498,-0.15814444422721863,0.5176505446434021,0.5849213600158691,0.46070972084999084,0.5029128193855286,0.578162431716919,-0.49129486083984375,0.7309980988502502,0.6132630705833435,0.50260329246521,0.726508378982544,0.638673722743988,-0.7898379564285278,0.7604576349258423,0.6465930342674255,0.49960511922836304,0.7664163708686829,0.6911340355873108,-0.825222373008728,0.8001129627227783,0.5207854509353638,0.4422646164894104,0.8203381299972534,0.5450994372367859,-1.0076667070388794
leg raises_1100241.jpg,0.3712790906429291,0.04058708995580673,-0.09812083095312119,0.36043328046798706,0.01820746622979641,-0.08700356632471085,0.36021947860717773,0.01935207098722458,-0.08715485036373138,0.36706796288490295,0.020295361056923866,-0.08724620938301086,0.3567577302455902,0.014093931764364243,-0.13138456642627716,0.35179951786994934,0.013173331506550312,-0.1317707598209381,0.35199394822120667,0.013739131391048431,-0.13188068568706512,0.3357606828212738,0.04178851470351219,0.03690589964389801,0.3172149658203125,0.03212907165288925,-0.15715855360031128,0.36322733759880066,0.0668807104229927,-0.05112701654434204,0.356939435005188,0.06381168216466904,-0.10811511427164078,0.3249887228012085,0.1600436419248581,0.12132280319929123,0.29251235723495483,0.1517052799463272,-0.1872212439775467,0.3240750730037689,0.04398869350552559,0.20591701567173004,0.2751240134239197,0.03332662209868431,-0.443236768245697,0.3363777995109558,-0.01724225841462612,0.15379735827445984,0.30161169171333313,-0.0184366125613451,-0.5179411172866821,0.33360087871551514,-0.0523298941552639,0.1648615151643753,0.312343567609787,-0.04302852973341942,-0.5446053743362427,0.3290521800518036,-0.050833560526371,0.13835904002189636,0.3111635148525238,-0.034545741975307465,-0.5175086259841919,0.32915136218070984,-0.04248320311307907,0.1423150897026062,0.3070034980773926,-0.0328315831720829,-0.5069274306297302,0.32700836658477783,0.5748233199119568,0.14703558385372162,0.32502973079681396,0.5778888463973999,-0.14675167202949524,0.5117002725601196,0.5288032293319702,0.3696373403072357,0.5079135894775391,0.5208723545074463,-0.35362401604652405,0.7061120271682739,0.5033632516860962,0.41385406255722046,0.7078321576118469,0.5069955587387085,-0.4146730303764343,0.7350595593452454,0.5266237258911133,0.41751179099082947,0.7515668272972107,0.5518048405647278,-0.4316297471523285,0.7604817748069763,0.3816460371017456,0.34023579955101013,0.7825933694839478,0.3953324258327484,-0.569502592086792
leg raises_1200001.jpg,0.5034435391426086,0.3968801200389862,-0.1426403820514679,0.5056561827659607,0.3818332552909851,-0.12282165139913559,0.5077390074729919,0.3823281526565552,-0.12285517156124115,0.5100700855255127,0.38304397463798523,-0.12299076467752457,0.49668216705322266,0.3828619718551636,-0.15393619239330292,0.492003470659256,0.383691668510437,-0.15404830873012543,0.4873609244823456,0.3842085599899292,-0.15410572290420532,0.5037708878517151,0.39963027834892273,-0.012940713204443455,0.46906036138534546,0.3996585011482239,-0.15304023027420044,0.505980372428894,0.41872504353523254,-0.09947053343057632,0.493719220161438,0.4188404977321625,-0.1388358324766159,0.5105502605438232,0.49159732460975647,0.05924775078892708,0.43841615319252014,0.48110368847846985,-0.22174577414989471,0.5354669690132141,0.34399160742759705,0.1260771006345749,0.4347246587276459,0.3347057104110718,-0.39295798540115356,0.5416662096977234,0.19149252772331238,0.10609377175569534,0.4173465073108673,0.15450216829776764,-0.411800354719162,0.5299327373504639,0.17120139300823212,0.09390782564878464,0.4074205160140991,0.13173602521419525,-0.4395518898963928,0.5184024572372437,0.1696453094482422,0.08552183955907822,0.4053279161453247,0.12714609503746033,-0.41618913412094116,0.5173389315605164,0.17422541975975037,0.09404239058494568,0.4104710519313812,0.1346612572669983,-0.4048979580402374,0.495614618062973,0.8160306215286255,0.08615202456712723,0.4485890567302704,0.8199015855789185,-0.08591141551733017,0.5029079914093018,1.0315890312194824,0.15062247216701508,0.4941273331642151,1.0590006113052368,-0.09744030982255936,0.48693057894706726,1.0325160026550293,0.35811787843704224,0.47357088327407837,1.0568004846572876,0.11252481490373611,0.4816175401210785,1.011968731880188,0.40336740016937256,0.4655645191669464,1.0415949821472168,0.13504479825496674,0.47015661001205444,1.0951586961746216,0.3314685821533203,0.4644013047218323,1.1000242233276367,0.07730010151863098
leg raises_1200011.jpg,0.5113439559936523,0.4255770444869995,-0.22988352179527283,0.5127640962600708,0.41185420751571655,-0.1973351538181305,0.5146638751029968,0.413138747215271,-0.19730380177497864,0.5166022181510925,0.414209246635437,-0.19740413129329681,0.5043320655822754,0.410089910030365,-0.22390492260456085,0.5004062652587891,0.4101409912109375,-0.22391654551029205,0.49634453654289246,0.40998658537864685,-0.22382643818855286,0.5105654001235962,0.4296542704105377,-0.048985645174980164,0.48071691393852234,0.42586979269981384,-0.1704297959804535,0.5128157734870911,0.44932398200035095,-0.1741516888141632,0.5021272301673889,0.4470280408859253,-0.20903058350086212,0.5037361979484558,0.49875396490097046,0.034461911767721176,0.44763725996017456,0.4905182719230652,-0.2518526613712311,0.5238559246063232,0.3528440594673157,0.08653929084539413,0.4425150156021118,0.3396769165992737,-0.43054649233818054,0.5398552417755127,0.21032202243804932,0.04402853548526764,0.419455885887146,0.15748272836208344,-0.42829960584640503,0.5392168760299683,0.19553254544734955,0.021248841658234596,0.4090610146522522,0.1398105025291443,-0.4590192139148712,0.5339589715003967,0.19152233004570007,0.015173014253377914,0.41005632281303406,0.1356152892112732,-0.4347151815891266,0.5307707190513611,0.19355563819408417,0.02982376702129841,0.4158371388912201,0.14115294814109802,-0.42299896478652954,0.49009618163108826,0.8479225039482117,0.09308598190546036,0.4435155689716339,0.8497622013092041,-0.09290437400341034,0.5151351094245911,1.0183582305908203,0.07055878639221191,0.49380597472190857,1.0789436101913452,-0.1380714774131775,0.4779728949069977,1.0511209964752197,0.33694034814834595,0.45456716418266296,1.05429208278656,0.1151038110256195,0.4681120812892914,1.0429737567901611,0.3979634940624237,0.4369508624076843,1.0316473245620728,0.15109072625637054,0.47494757175445557,1.1117056608200073,0.3485316336154938,0.4648846387863159,1.1098164319992065,0.123454250395298
leg raises_1200021.jpg,0.5195700526237488,0.4291872978210449,-0.18602189421653748,0.5183151960372925,0.4124189615249634,-0.16310349106788635,0.5187724828720093,0.41264262795448303,-0.1630752682685852,0.5191265940666199,0.4129636585712433,-0.16314741969108582,0.5122079253196716,0.41328126192092896,-0.19642314314842224,0.5082888007164001,0.41424688696861267,-0.19637630879878998,0.5038147568702698,0.41530850529670715,-0.19624939560890198,0.5071219205856323,0.4236135184764862,-0.052061088383197784,0.4843665659427643,0.42808181047439575,-0.2091047614812851,0.5166228413581848,0.4494685232639313,-0.14031699299812317,0.5088619589805603,0.44886648654937744,-0.18499191105365753,0.4944133162498474,0.5062277317047119,0.03501393646001816,0.44896334409713745,0.5006510019302368,-0.2926214337348938,0.520578145980835,0.3576367199420929,0.06936291605234146,0.4480723738670349,0.34429752826690674,-0.4336640238761902,0.5437336564064026,0.2113545686006546,-0.04971188306808472,0.4219420552253723,0.16781407594680786,-0.44529393315315247,0.5370765328407288,0.19105924665927887,-0.08111856132745743,0.4132007360458374,0.1453525722026825,-0.48421210050582886,0.53288334608078,0.19012972712516785,-0.09596464037895203,0.41272661089897156,0.13986358046531677,-0.4755398631095886,0.5305528044700623,0.19496199488639832,-0.06911066174507141,0.4168461561203003,0.14794699847698212,-0.44595441222190857,0.4760362207889557,0.8421354293823242,0.0994381383061409,0.44736623764038086,0.8528808355331421,-0.09938526898622513,0.5144441723823547,0.9634517431259155,0.1887563169002533,0.5099930167198181,1.0367690324783325,-0.14914363622665405,0.4683777987957001,1.036136507987976,0.34776753187179565,0.46949827671051025,1.0484949350357056,0.10757467150688171,0.4614422917366028,1.0345150232315063,0.3840130567550659,0.46168699860572815,1.0254381895065308,0.1339067965745926,0.4637746512889862,1.0705808401107788,0.37546926736831665,0.4538009464740753,1.0670841932296753,0.15074270963668823
leg raises_1200031.jpg,0.5014859437942505,0.42744195461273193,-0.2913338243961334,0.5023666024208069,0.4114859700202942,-0.2624804675579071,0.5044592022895813,0.4113994538784027,-0.2625318169593811,0.5066952705383301,0.4113834798336029,-0.262634813785553,0.4927959740161896,0.4133451282978058,-0.29088062047958374,0.4875967800617218,0.414169043302536,-0.29092660546302795,0.4823451042175293,0.41488707065582275,-0.29092931747436523,0.49966952204704285,0.42396262288093567,-0.1224609836935997,0.4636930525302887,0.4274832308292389,-0.253081738948822,0.5024495124816895,0.44928833842277527,-0.23686102032661438,0.49077826738357544,0.44960692524909973,-0.2743004262447357,0.5009253025054932,0.49699410796165466,-0.010041255503892899,0.43813544511795044,0.5030863285064697,-0.33720698952674866,0.5362582802772522,0.35615408420562744,0.02609068714082241,0.44078272581100464,0.3512667417526245,-0.527741551399231,0.5415967106819153,0.20476271212100983,-0.06955130398273468,0.42346662282943726,0.16782890260219574,-0.575896143913269,0.5384406447410583,0.18158622086048126,-0.10138680040836334,0.4141349494457245,0.14590571820735931,-0.608024001121521,0.5325266122817993,0.17803406715393066,-0.10733186453580856,0.4143201410770416,0.14071105420589447,-0.6021121740341187,0.5301758646965027,0.18482083082199097,-0.08420475572347641,0.41916075348854065,0.14835628867149353,-0.5759773850440979,0.4827561378479004,0.8284717798233032,0.10748491436243057,0.4430522620677948,0.846846878528595,-0.10709554702043533,0.547748327255249,0.96967613697052,0.11324670165777206,0.5326521396636963,1.016624927520752,-0.16353844106197357,0.4787837862968445,1.1147136688232422,0.19882242381572723,0.4962983727455139,1.1676371097564697,-0.020704064518213272,0.4983164370059967,1.1395635604858398,0.20406965911388397,0.48096439242362976,1.1748168468475342,-0.007277823984622955,0.517515242099762,1.1633522510528564,0.17608772218227386,0.5003048181533813,1.23250412940979,-0.0717908963561058
leg raises_1200041.jpg,0.501197099685669,0.42901960015296936,-0.17948339879512787,0.5019826292991638,0.4135628640651703,-0.1486215740442276,0.5043607354164124,0.4138725996017456,-0.14877323806285858,0.50687575340271,0.4142625033855438,-0.14886896312236786,0.4918285310268402,0.4148235619068146,-0.17791391909122467,0.4864733815193176,0.415770947933197,-0.17799612879753113,0.48100438714027405,0.41668087244033813,-0.17798350751399994,0.5001345872879028,0.4281232953071594,-0.039411358535289764,0.46155038475990295,0.43062683939933777,-0.16799809038639069,0.5029353499412537,0.4504389762878418,-0.14025206863880157,0.491066575050354,0.45009177923202515,-0.17688147723674774,0.4990314245223999,0.5068376064300537,0.04758341237902641,0.43536415696144104,0.4963931739330292,-0.3309987783432007,0.5334631204605103,0.3608078360557556,0.05080969259142876,0.4381192624568939,0.3394162058830261,-0.4308844208717346,0.5434518456459045,0.210083469748497,0.0073158396407961845,0.42267146706581116,0.16247326135635376,-0.4621144235134125,0.5388633608818054,0.18676817417144775,-0.011437810026109219,0.41398635506629944,0.14104577898979187,-0.5116022825241089,0.533268392086029,0.18247133493423462,-0.026904989033937454,0.4137233793735504,0.1365267038345337,-0.4743630588054657,0.5307167172431946,0.18894803524017334,-0.008798741735517979,0.41871023178100586,0.1439356505870819,-0.45498180389404297,0.4742628335952759,0.8259680867195129,0.11673062294721603,0.4389711916446686,0.842811644077301,-0.11626262962818146,0.6088520288467407,0.9544194340705872,0.1532709300518036,0.5673843026161194,0.9645592570304871,-0.24074190855026245,0.611344575881958,1.0656393766403198,0.25977107882499695,0.6289710402488708,1.14406418800354,-0.0779062807559967,0.6118622422218323,1.0854294300079346,0.26548653841018677,0.6467947363853455,1.0989508628845215,-0.05034935101866722,0.6736047863960266,1.0517504215240479,0.18927417695522308,0.6971089243888855,1.0488617420196533,-0.12537690997123718
leg raises_1200051.jpg,0.5008105635643005,0.42089080810546875,-0.2246522754430771,0.5030279755592346,0.4062420725822449,-0.20120516419410706,0.50547856092453,0.40703117847442627,-0.20133791863918304,0.5081315040588379,0.4078933596611023,-0.20135129988193512,0.49303463101387024,0.4069024324417114,-0.22694191336631775,0.4879050850868225,0.40795665979385376,-0.2270931601524353,0.48269250988960266,0.40901979804039,-0.22700554132461548,0.5030156373977661,0.4242812991142273,-0.07897473126649857,0.4637790322303772,0.42554059624671936,-0.20727136731147766,0.502361536026001,0.44379186630249023,-0.18003597855567932,0.4907470941543579,0.44261980056762695,-0.21669627726078033,0.5003845691680908,0.5059523582458496,-0.004605042282491922,0.435203492641449,0.49134042859077454,-0.28772035241127014,0.5277875065803528,0.35998034477233887,-0.021052030846476555,0.44035691022872925,0.33855530619621277,-0.43404874205589294,0.5419774651527405,0.20909887552261353,-0.12613926827907562,0.422525554895401,0.16505838930606842,-0.43316373229026794,0.5378901362419128,0.1897687017917633,-0.14160268008708954,0.41389569640159607,0.1441737860441208,-0.4682524502277374,0.5301584601402283,0.1866200715303421,-0.1522117406129837,0.4141996502876282,0.13935153186321259,-0.44299283623695374,0.5282200574874878,0.1917051523923874,-0.13660961389541626,0.41871997714042664,0.14644061028957367,-0.42586544156074524,0.4774205982685089,0.8121688961982727,0.11687500774860382,0.44040921330451965,0.8334304094314575,-0.11627256870269775,0.5705329179763794,0.8803324103355408,-0.113194040954113,0.5458012223243713,0.9108828902244568,-0.5615186095237732,0.651343047618866,0.9235520958900452,-0.39451080560684204,0.6528648138046265,0.9459643959999084,-0.954777181148529,0.6685600280761719,0.9385519027709961,-0.4275861084461212,0.6688967943191528,0.9526023268699646,-0.9985995888710022,0.70839524269104,0.8685808181762695,-0.5389074087142944,0.7172495722770691,0.8742720484733582,-1.1636393070220947
leg raises_1200061.jpg,0.5003318190574646,0.42435285449028015,-0.20673583447933197,0.502095639705658,0.4091922640800476,-0.18434567749500275,0.5044844150543213,0.40981194376945496,-0.1844644993543625,0.5070644021034241,0.4104771614074707,-0.18450549244880676,0.49195611476898193,0.40978729724884033,-0.21258191764354706,0.4868472218513489,0.41060036420822144,-0.2127666026353836,0.48174920678138733,0.41138458251953125,-0.21273618936538696,0.5009811520576477,0.42539358139038086,-0.06720728427171707,0.46269968152046204,0.42652881145477295,-0.20286825299263,0.5020760297775269,0.4472809135913849,-0.16218824684619904,0.4903557002544403,0.44627779722213745,-0.2017025202512741,0.4960394501686096,0.5007718205451965,0.009804709814488888,0.4332215487957001,0.4917629659175873,-0.27747097611427307,0.524537205696106,0.3573136329650879,0.0159644465893507,0.4398594796657562,0.34148088097572327,-0.4314430058002472,0.5405970811843872,0.20451104640960693,-0.08059117197990417,0.42419639229774475,0.16715024411678314,-0.4215707778930664,0.5361968874931335,0.18640100955963135,-0.09004359692335129,0.41544368863105774,0.1458548903465271,-0.4530903100967407,0.5288344621658325,0.1824534684419632,-0.10904383659362793,0.4159204363822937,0.14106202125549316,-0.43510493636131287,0.5271265506744385,0.1879354864358902,-0.09473074227571487,0.4204133152961731,0.14829403162002563,-0.4186159670352936,0.47226768732070923,0.8076131939888,0.118608258664608,0.4406846761703491,0.8267045021057129,-0.11779520660638809,0.5628269910812378,0.8303704261779785,-0.05193709582090378,0.5072540044784546,0.8513401746749878,-0.36857613921165466,0.653567910194397,0.8602097630500793,-0.2321116179227829,0.6497569680213928,0.8700557947158813,-0.5013747811317444,0.6888341307640076,0.9282758831977844,-0.2547229528427124,0.665151059627533,0.9011406898498535,-0.5190293788909912,0.7005093097686768,0.7921056151390076,-0.33273860812187195,0.707382082939148,0.7919908165931702,-0.6320705413818359
leg raises_1200071.jpg,0.4975537955760956,0.4265630543231964,-0.1984441727399826,0.4992913603782654,0.41195565462112427,-0.17488931119441986,0.5015719532966614,0.41245347261428833,-0.17500019073486328,0.5040071606636047,0.41290807723999023,-0.17506994307041168,0.4890464246273041,0.4124852120876312,-0.20474296808242798,0.48399925231933594,0.41325557231903076,-0.20487810671329498,0.4789148271083832,0.4140011966228485,-0.20485331118106842,0.49795565009117126,0.42719683051109314,-0.06100020185112953,0.45949065685272217,0.42878299951553345,-0.1959654688835144,0.49920645356178284,0.4486495852470398,-0.15148164331912994,0.48748013377189636,0.44810375571250916,-0.19237664341926575,0.4931401312351227,0.5030516386032104,0.02183224819600582,0.43380874395370483,0.4933755695819855,-0.2670782804489136,0.5233055353164673,0.35945671796798706,0.046904802322387695,0.4409129321575165,0.3416367769241333,-0.4195789694786072,0.5404513478279114,0.20914408564567566,-0.0439596027135849,0.42314034700393677,0.1660918891429901,-0.4079447388648987,0.5353162884712219,0.1889752894639969,-0.053865984082221985,0.41447165608406067,0.14504800736904144,-0.4425617754459381,0.5282160639762878,0.18450818955898285,-0.075279600918293,0.41458508372306824,0.1408195048570633,-0.4132535755634308,0.5280898213386536,0.19077527523040771,-0.05993802100419998,0.4191490709781647,0.14833815395832062,-0.4005087614059448,0.4719386696815491,0.8073701858520508,0.11411059647798538,0.44531992077827454,0.822773814201355,-0.1135830208659172,0.556001603603363,0.8225886225700378,0.18145252764225006,0.49075552821159363,0.8315750360488892,-0.36494359374046326,0.6439495086669922,0.8321549296379089,0.22145594656467438,0.6373080015182495,0.8377659916877747,-0.26259645819664,0.6621745228767395,0.9016593098640442,0.22199378907680511,0.6441285014152527,0.8666782975196838,-0.24571385979652405,0.6927860975265503,0.7655183672904968,0.19546301662921906,0.6890837550163269,0.7703614234924316,-0.2880789637565613
leg raises_1200081.jpg,0.4975193738937378,0.4300667643547058,-0.19338537752628326,0.4998650550842285,0.4154570400714874,-0.1702781319618225,0.5023390650749207,0.4163852632045746,-0.1703777313232422,0.5050137639045715,0.4173901081085205,-0.17045100033283234,0.4896222949028015,0.4145364463329315,-0.20099546015262604,0.48445579409599304,0.41469329595565796,-0.20109374821186066,0.4793410003185272,0.4149373769760132,-0.20109421014785767,0.4993630647659302,0.43079957365989685,-0.05701180920004845,0.46056169271469116,0.4286975562572479,-0.1880568116903305,0.4991615414619446,0.45342543721199036,-0.1464879959821701,0.48725512623786926,0.4514804482460022,-0.18780270218849182,0.49151065945625305,0.5063984394073486,0.029312828555703163,0.43148547410964966,0.4926028847694397,-0.2586977183818817,0.5295076370239258,0.36895841360092163,0.030415773391723633,0.43751290440559387,0.3370817303657532,-0.41672664880752563,0.5451868772506714,0.21337096393108368,-0.07692239433526993,0.4221242666244507,0.16378167271614075,-0.40756362676620483,0.5419650673866272,0.19284044206142426,-0.08721454441547394,0.41394519805908203,0.14465537667274475,-0.44153210520744324,0.5353915095329285,0.1876383274793625,-0.10025639832019806,0.4141789376735687,0.14023691415786743,-0.40355995297431946,0.5343247652053833,0.19391527771949768,-0.08817054331302643,0.41876715421676636,0.14685088396072388,-0.3974144756793976,0.471383273601532,0.8064851760864258,0.11494862288236618,0.4404459297657013,0.8249655961990356,-0.11414004862308502,0.5550422668457031,0.8310323357582092,-0.16099773347377777,0.5179162621498108,0.8465732932090759,-0.531915009021759,0.6538873910903931,0.8572478294372559,-0.4882822036743164,0.6472319960594177,0.8711275458335876,-0.8798531293869019,0.6989508271217346,0.9146866798400879,-0.5261071920394897,0.6589969396591187,0.9016714096069336,-0.9187375903129578,0.7101677060127258,0.7944333553314209,-0.6446565389633179,0.7028671503067017,0.8101718425750732,-1.0755265951156616
leg raises_1200091.jpg,0.49880164861679077,0.4329030215740204,-0.23473069071769714,0.5020896792411804,0.4171423614025116,-0.201284721493721,0.5051262378692627,0.4177964925765991,-0.2012888491153717,0.5082009434700012,0.4185768663883209,-0.20138049125671387,0.49093887209892273,0.41671842336654663,-0.23135600984096527,0.4853367805480957,0.41678386926651,-0.23134659230709076,0.4797132909297943,0.41687124967575073,-0.23127171397209167,0.5024080872535706,0.4307698905467987,-0.05758672580122948,0.4610438048839569,0.428907573223114,-0.1907554566860199,0.5009182691574097,0.4570637047290802,-0.17824356257915497,0.48791226744651794,0.4554687440395355,-0.21774831414222717,0.49978071451187134,0.5020280480384827,0.04850544407963753,0.43310546875,0.49610719084739685,-0.2850186228752136,0.5404254198074341,0.36536213755607605,0.10053185373544693,0.43523159623146057,0.3392876088619232,-0.4621196389198303,0.5485284924507141,0.21212461590766907,0.014335470274090767,0.42275333404541016,0.1638631671667099,-0.48984017968177795,0.5466863512992859,0.19083067774772644,-0.0025770009960979223,0.41506531834602356,0.14424191415309906,-0.5271987915039062,0.5404477715492249,0.18542228639125824,-0.011132242158055305,0.4151129722595215,0.13908590376377106,-0.5115169286727905,0.5388311743736267,0.19229629635810852,-0.0009852127404883504,0.419708788394928,0.14561907947063446,-0.48731881380081177,0.4836736023426056,0.8187686204910278,0.1254134625196457,0.4433555006980896,0.8380972146987915,-0.12501931190490723,0.5770695209503174,0.950091540813446,0.16570837795734406,0.5603065490722656,0.985428512096405,-0.2761208713054657,0.5589214563369751,1.0142860412597656,0.29752638936042786,0.5399128794670105,1.0531954765319824,-0.0030664948280900717,0.5473078489303589,1.0220614671707153,0.30332261323928833,0.5053840279579163,0.9468516707420349,0.027209673076868057,0.5690193176269531,1.0555256605148315,0.34414178133010864,0.5453304648399353,1.0908300876617432,0.05682440102100372
leg raises_1200101.jpg,0.49901875853538513,0.43130433559417725,-0.24253453314304352,0.5024803280830383,0.41517049074172974,-0.21242684125900269,0.5057312846183777,0.4157150685787201,-0.2124718874692917,0.509019672870636,0.4163573086261749,-0.2126348912715912,0.49098750948905945,0.41548821330070496,-0.2397417277097702,0.48531773686408997,0.41588401794433594,-0.23973417282104492,0.4796147048473358,0.4161229729652405,-0.23970437049865723,0.5046336054801941,0.42881062626838684,-0.07212568074464798,0.46142637729644775,0.4286254346370697,-0.19543442130088806,0.501665472984314,0.4552609324455261,-0.1888027787208557,0.4879741072654724,0.4538140594959259,-0.2246827483177185,0.5089952349662781,0.49889805912971497,0.02271570824086666,0.43257275223731995,0.4991168677806854,-0.2867172360420227,0.5413543581962585,0.3637801706790924,0.07482348382472992,0.4340582489967346,0.34455522894859314,-0.45714470744132996,0.5473169684410095,0.21035531163215637,0.012551981024444103,0.42368003726005554,0.16593532264232635,-0.4725993871688843,0.5460136532783508,0.1886085867881775,-0.0056803408078849316,0.4168519079685211,0.14503198862075806,-0.5013185143470764,0.5398666858673096,0.18367336690425873,-0.013868848793208599,0.4164702594280243,0.1395566761493683,-0.488796591758728,0.537976861000061,0.1906612664461136,-0.0018000993877649307,0.42058372497558594,0.14644204080104828,-0.4702669680118561,0.4944666028022766,0.825653076171875,0.11259517818689346,0.4448646903038025,0.8351084589958191,-0.1122078150510788,0.5507565140724182,0.9766861200332642,0.12150193005800247,0.5363097786903381,1.0301884412765503,-0.2508334517478943,0.5150071978569031,1.0905096530914307,0.26319530606269836,0.4950591027736664,1.1034599542617798,0.037964385002851486,0.5038802623748779,1.099056363105774,0.2787056267261505,0.47536811232566833,1.0770503282546997,0.07063189893960953,0.5302379727363586,1.150596261024475,0.271532267332077,0.5170252919197083,1.1691867113113403,0.04621563106775284
leg raises_1200111.jpg,0.49758511781692505,0.43043801188468933,-0.22882379591464996,0.5007704496383667,0.41453659534454346,-0.19944581389427185,0.5038618445396423,0.41518059372901917,-0.19950026273727417,0.507132887840271,0.4159286618232727,-0.19962666928768158,0.48958200216293335,0.41477465629577637,-0.22781144082546234,0.48420408368110657,0.41508686542510986,-0.227858304977417,0.47877559065818787,0.4153234362602234,-0.2278316169977188,0.5039328932762146,0.4294532835483551,-0.05678308382630348,0.46113160252571106,0.428292453289032,-0.170394167304039,0.5007608532905579,0.4542698264122009,-0.17567838728427887,0.486950546503067,0.45215868949890137,-0.21378985047340393,0.507719874382019,0.5030425786972046,0.0588894858956337,0.43414080142974854,0.4973112642765045,-0.2815800607204437,0.539272665977478,0.36433812975883484,0.11374764889478683,0.4335886240005493,0.3429727256298065,-0.44910335540771484,0.5482837557792664,0.2129366397857666,0.04476569592952728,0.42278480529785156,0.16659948229789734,-0.4832809269428253,0.5479410886764526,0.19260939955711365,0.01772974245250225,0.4161854386329651,0.14582905173301697,-0.5162091851234436,0.5414649248123169,0.1863454431295395,0.009869489818811417,0.4158726930618286,0.13987860083580017,-0.5050414204597473,0.5394434332847595,0.19271239638328552,0.02827739529311657,0.4198218286037445,0.14661981165409088,-0.4817221760749817,0.4928836524486542,0.8284277319908142,0.11467372626066208,0.44646888971328735,0.8343715071678162,-0.11431287229061127,0.5232732892036438,1.0148481130599976,0.1399623602628708,0.5257145762443542,1.0946687459945679,-0.23976613581180573,0.49057450890541077,1.1111233234405518,0.30072256922721863,0.46634194254875183,1.1260979175567627,0.010314885526895523,0.48157674074172974,1.121888279914856,0.31462934613227844,0.447413831949234,1.1105475425720215,0.038384560495615005,0.5110920071601868,1.1684339046478271,0.300079882144928,0.48624590039253235,1.1964060068130493,0.0006665477412752807
leg raises_1200121.jpg,0.4973127245903015,0.43038231134414673,-0.23479114472866058,0.5001555681228638,0.41454166173934937,-0.20328916609287262,0.5029789805412292,0.4151557981967926,-0.20332233607769012,0.5060068964958191,0.4158962666988373,-0.20347361266613007,0.48933568596839905,0.4149094521999359,-0.23126935958862305,0.48418980836868286,0.4152742922306061,-0.23124746978282928,0.4789838194847107,0.41552072763442993,-0.2312002331018448,0.5021936893463135,0.42970556020736694,-0.05702478811144829,0.4612782597541809,0.42823100090026855,-0.17333120107650757,0.5003418326377869,0.45366790890693665,-0.1791243553161621,0.486800879240036,0.4516172707080841,-0.21581193804740906,0.5065303444862366,0.503934383392334,0.05776023119688034,0.4343797266483307,0.4982280433177948,-0.2815667986869812,0.5377272367477417,0.365259051322937,0.110103540122509,0.43420660495758057,0.34560295939445496,-0.45777085423469543,0.5477160215377808,0.21336765587329865,0.048183735460042953,0.42239680886268616,0.16660526394844055,-0.4927218556404114,0.547107458114624,0.19307959079742432,0.023582149296998978,0.4154113233089447,0.14562459290027618,-0.5259684920310974,0.5404190421104431,0.18626348674297333,0.01637718826532364,0.4152727723121643,0.13936932384967804,-0.514902651309967,0.5385485291481018,0.19237762689590454,0.03265656903386116,0.41934725642204285,0.146138995885849,-0.49133434891700745,0.49065548181533813,0.8350012898445129,0.11485897749662399,0.4479452669620514,0.8386591672897339,-0.11448710411787033,0.5084688663482666,1.023650050163269,0.14096684753894806,0.5196470618247986,1.1088473796844482,-0.24168094992637634,0.48390376567840576,1.100824236869812,0.32715514302253723,0.46072226762771606,1.108170747756958,0.05878670513629913,0.4776570200920105,1.1097975969314575,0.3444597125053406,0.4432923197746277,1.0894486904144287,0.09318216890096664,0.5008874535560608,1.1517246961593628,0.3314221203327179,0.47473618388175964,1.1713273525238037,0.06854736804962158
leg raises_1200131.jpg,0.4994622766971588,0.4302405118942261,-0.2277054339647293,0.5015009045600891,0.41479289531707764,-0.1982041299343109,0.504004955291748,0.41530677676200867,-0.1982382982969284,0.5066584944725037,0.4158778190612793,-0.19837775826454163,0.4914293587207794,0.415497362613678,-0.22670544683933258,0.4864550232887268,0.4161008596420288,-0.22668200731277466,0.48136821389198303,0.4164202809333801,-0.22663185000419617,0.5012473464012146,0.4297778308391571,-0.060663677752017975,0.46329349279403687,0.4286195933818817,-0.18717409670352936,0.5017518401145935,0.4527044892311096,-0.17429348826408386,0.4889475107192993,0.45167961716651917,-0.2118559330701828,0.5043981075286865,0.5019996762275696,0.047377463430166245,0.4376121461391449,0.49748387932777405,-0.2869162857532501,0.5357136130332947,0.36385583877563477,0.10632345080375671,0.43829452991485596,0.3478460907936096,-0.46115633845329285,0.5465167760848999,0.21185733377933502,0.04478384554386139,0.4231736361980438,0.16598939895629883,-0.48734721541404724,0.54558265209198,0.19120943546295166,0.007019469048827887,0.4155990481376648,0.1448814570903778,-0.5225439071655273,0.538821280002594,0.18432681262493134,0.00010102802480105311,0.4152718782424927,0.13846805691719055,-0.5107375979423523,0.536945104598999,0.1903390884399414,0.02444867417216301,0.41972076892852783,0.14519216120243073,-0.48634442687034607,0.49037978053092957,0.8371104598045349,0.11499904841184616,0.45182445645332336,0.8413901329040527,-0.11461945623159409,0.5085552930831909,1.0241262912750244,0.16263574361801147,0.5164881944656372,1.1071088314056396,-0.21982352435588837,0.49178823828697205,1.1125924587249756,0.33192408084869385,0.46653905510902405,1.115097999572754,0.054096564650535583,0.4861208498477936,1.1240662336349487,0.34580570459365845,0.45054787397384644,1.098379373550415,0.08439422398805618,0.5117706656455994,1.1658542156219482,0.32181432843208313,0.4805604815483093,1.17915678024292,0.04897873103618622
leg raises_1200141.jpg,0.501656711101532,0.43096721172332764,-0.22744426131248474,0.503075361251831,0.41524264216423035,-0.20139248669147491,0.5052648186683655,0.4157123863697052,-0.20139284431934357,0.5075719356536865,0.4161953926086426,-0.20152869820594788,0.49387580156326294,0.41574355959892273,-0.23092444241046906,0.48914197087287903,0.41635921597480774,-0.23087553679943085,0.484218955039978,0.41668930649757385,-0.23080545663833618,0.5010613203048706,0.4295109510421753,-0.075066938996315,0.4662657678127289,0.4289751350879669,-0.20988956093788147,0.5031413435935974,0.45240259170532227,-0.17703977227210999,0.49120602011680603,0.4516104459762573,-0.2158299833536148,0.5023437142372131,0.5023928880691528,0.022292179986834526,0.4392256736755371,0.49802789092063904,-0.29501810669898987,0.5344340205192566,0.36545422673225403,0.0850168913602829,0.43991050124168396,0.3475566804409027,-0.45927947759628296,0.5463932752609253,0.21240094304084778,0.03556833788752556,0.42326611280441284,0.1652296483516693,-0.4778561294078827,0.5446915030479431,0.19133290648460388,-0.0013818073784932494,0.41535112261772156,0.143883615732193,-0.5117994546890259,0.5382683873176575,0.18456213176250458,-0.00879648420959711,0.4147631525993347,0.1377507746219635,-0.4991350471973419,0.5366958975791931,0.19058163464069366,0.015323261730372906,0.4192879796028137,0.14445996284484863,-0.476309597492218,0.48941099643707275,0.8395522832870483,0.11139079928398132,0.4534156024456024,0.8471418023109436,-0.11105351150035858,0.5070013403892517,1.0150898694992065,0.15931019186973572,0.517973780632019,1.1068817377090454,-0.2159002423286438,0.48608317971229553,1.0798273086547852,0.35559937357902527,0.4665450155735016,1.0822807550430298,0.11363627016544342,0.48070794343948364,1.0909048318862915,0.37412604689598083,0.45111197233200073,1.0762736797332764,0.15174569189548492,0.4961368143558502,1.1246626377105713,0.3624004125595093,0.4685521423816681,1.1253079175949097,0.14436671137809753
leg raises_1200151.jpg,0.502113401889801,0.42956283688545227,-0.2258027046918869,0.5029368996620178,0.4127853512763977,-0.201019749045372,0.5050011277198792,0.41309404373168945,-0.20110630989074707,0.5072163343429565,0.41340434551239014,-0.20127898454666138,0.4939676821231842,0.4133324921131134,-0.23034720122814178,0.4891950190067291,0.41383635997772217,-0.23017525672912598,0.4842450022697449,0.4141475260257721,-0.22997668385505676,0.5003896951675415,0.42682546377182007,-0.07355675101280212,0.4656721353530884,0.4269128143787384,-0.20311716198921204,0.5036166906356812,0.45057278871536255,-0.17486552894115448,0.4920352101325989,0.4499470889568329,-0.21439866721630096,0.5022194981575012,0.5025033950805664,0.02638104371726513,0.4393547475337982,0.4993812143802643,-0.29431405663490295,0.5329378247261047,0.36640918254852295,0.08452115207910538,0.4425355792045593,0.346451997756958,-0.4304446280002594,0.5459454655647278,0.21181945502758026,0.031587257981300354,0.4232918918132782,0.16415677964687347,-0.43734994530677795,0.5432896018028259,0.19045193493366241,0.0015008788323029876,0.4151088297367096,0.142913818359375,-0.4733017385005951,0.5378111600875854,0.18438675999641418,-0.007825272157788277,0.41432878375053406,0.13707463443279266,-0.4626063108444214,0.5362974405288696,0.190379336476326,0.0132512915879488,0.4188867211341858,0.14377884566783905,-0.43775346875190735,0.4874587953090668,0.8379800319671631,0.11082200706005096,0.45167505741119385,0.8466739058494568,-0.1105697900056839,0.5105631947517395,0.9994975328445435,0.16930191218852997,0.5248022079467773,1.1064187288284302,-0.22393038868904114,0.4565841555595398,1.0754008293151855,0.32323646545410156,0.45178037881851196,1.0743414163589478,0.08423919975757599,0.4423128664493561,0.9644033908843994,0.3341091573238373,0.4386969804763794,1.036787986755371,0.11930391937494278,0.4428878724575043,1.115376591682434,0.3558325469493866,0.4370281994342804,1.0854222774505615,0.1476275771856308
leg raises_1200161.jpg,0.5021723508834839,0.4297166168689728,-0.23160219192504883,0.5026507377624512,0.4125533699989319,-0.2019355595111847,0.5046040415763855,0.4126758873462677,-0.2019839733839035,0.5067347884178162,0.41278204321861267,-0.20212601125240326,0.49369582533836365,0.4133167266845703,-0.23190173506736755,0.48888882994651794,0.4138524830341339,-0.23181070387363434,0.4839557707309723,0.4142712950706482,-0.23167861998081207,0.49967658519744873,0.42582982778549194,-0.07088720053434372,0.46513745188713074,0.42765092849731445,-0.20028242468833923,0.5034641027450562,0.44966036081314087,-0.1774745136499405,0.4921964704990387,0.449215829372406,-0.21704591810703278,0.5014904737472534,0.5045128464698792,0.0437595397233963,0.43974027037620544,0.49869483709335327,-0.29263728857040405,0.5323240160942078,0.3670652508735657,0.10093416273593903,0.44474920630455017,0.34578874707221985,-0.4491077959537506,0.5462612509727478,0.21355243027210236,0.029234545305371284,0.42304685711860657,0.16371029615402222,-0.4681098759174347,0.5435264110565186,0.19179122149944305,0.0013645874569192529,0.4148218035697937,0.14208556711673737,-0.5047721266746521,0.5372604727745056,0.18565088510513306,-0.007712512742727995,0.41403576731681824,0.1363990753889084,-0.4914225935935974,0.5358749628067017,0.19192558526992798,0.011819054372608662,0.4186212718486786,0.143221914768219,-0.4663692116737366,0.4862614572048187,0.8374177813529968,0.121842160820961,0.45026740431785583,0.8484139442443848,-0.12152298539876938,0.5520504117012024,0.9907944798469543,0.1709168255329132,0.549258291721344,1.0473220348358154,-0.2298259437084198,0.5133993625640869,1.0699931383132935,0.3233550786972046,0.5024115443229675,1.0988354682922363,0.028053907677531242,0.48453089594841003,1.0498993396759033,0.33481985330581665,0.4762512147426605,1.0855565071105957,0.057023145258426666,0.5274413228034973,1.1119415760040283,0.3544188141822815,0.5338699221611023,1.136470079421997,0.05535959452390671
leg raises_1200171.jpg,0.5041013360023499,0.4291474521160126,-0.15617014467716217,0.5035789012908936,0.41162627935409546,-0.13234315812587738,0.5052121877670288,0.4117029309272766,-0.13252580165863037,0.5070269703865051,0.41173243522644043,-0.132646843791008,0.4954812228679657,0.41250038146972656,-0.1669933795928955,0.4909496307373047,0.41314005851745605,-0.1671302616596222,0.48624342679977417,0.41368797421455383,-0.16705936193466187,0.49919185042381287,0.4249739646911621,-0.016504161059856415,0.4665108919143677,0.4276016652584076,-0.17512086033821106,0.5045422911643982,0.44938597083091736,-0.1100480705499649,0.4943886995315552,0.4493410885334015,-0.1569264829158783,0.49741697311401367,0.5045315623283386,0.06344189494848251,0.4402789771556854,0.49737057089805603,-0.2546157240867615,0.5305547118186951,0.3663914203643799,0.09962625056505203,0.4475582540035248,0.34427163004875183,-0.39541590213775635,0.5452072620391846,0.21296492218971252,-0.012915566563606262,0.42302337288856506,0.1632387787103653,-0.36780300736427307,0.5432965159416199,0.1913960725069046,-0.027159076184034348,0.41463151574134827,0.14151684939861298,-0.39796239137649536,0.5363110899925232,0.18522143363952637,-0.04349556192755699,0.4138135612010956,0.13594308495521545,-0.37330639362335205,0.5356223583221436,0.1914318948984146,-0.027958955615758896,0.41841068863868713,0.1428355574607849,-0.35903140902519226,0.4860566258430481,0.8362253904342651,0.12150879204273224,0.44965848326683044,0.8461378216743469,-0.12115193903446198,0.606864333152771,0.9059839248657227,-0.0028667235746979713,0.5499536395072937,0.9462046027183533,-0.408849835395813,0.6491387486457825,0.9457806348800659,-0.10505697131156921,0.6323310732841492,0.9570403099060059,-0.44352397322654724,0.6532260179519653,0.9549480676651001,-0.11985697597265244,0.6408014893531799,0.9684665203094482,-0.4480433762073517,0.7061715722084045,0.907898485660553,-0.17044900357723236,0.6933536529541016,0.9078546166419983,-0.5330527424812317
leg raises_1200181.jpg,0.5042699575424194,0.42944303154945374,-0.12403514981269836,0.503412663936615,0.4113936126232147,-0.10436150431632996,0.5049585700035095,0.41138043999671936,-0.10439115017652512,0.5067166090011597,0.4112876355648041,-0.10439720749855042,0.49560216069221497,0.41248780488967896,-0.1346396654844284,0.49113717675209045,0.41319236159324646,-0.13472901284694672,0.48645561933517456,0.41379088163375854,-0.1347154974937439,0.4990920424461365,0.4245392382144928,-0.005810475908219814,0.46649685502052307,0.4276951253414154,-0.14933127164840698,0.5045307874679565,0.44988834857940674,-0.0842691957950592,0.49493682384490967,0.45017024874687195,-0.12562279403209686,0.4904874265193939,0.5050963759422302,0.08275357633829117,0.4408493638038635,0.49686431884765625,-0.22206279635429382,0.5246637463569641,0.3662164807319641,0.12868323922157288,0.44889700412750244,0.34364381432533264,-0.36355987191200256,0.5445254445075989,0.21499180793762207,-0.002607002155855298,0.42294010519981384,0.16304878890514374,-0.37453991174697876,0.5419332385063171,0.19463424384593964,-0.006898343097418547,0.414535790681839,0.14111201465129852,-0.413170725107193,0.535716712474823,0.18838422000408173,-0.04216600954532623,0.413686603307724,0.1357937604188919,-0.38626864552497864,0.5354345440864563,0.19380545616149902,-0.022255171090364456,0.4182726740837097,0.14273154735565186,-0.36721116304397583,0.474443256855011,0.831555962562561,0.12154173851013184,0.4531312882900238,0.8417159914970398,-0.12124371528625488,0.5975963473320007,0.8500727415084839,0.27621060609817505,0.5448994040489197,0.8758710026741028,-0.2730879783630371,0.642200767993927,0.8279085755348206,0.441008985042572,0.6449621319770813,0.833864688873291,-0.40681931376457214,0.651892364025116,0.8483139276504517,0.4538402557373047,0.6513469815254211,0.8548623919487,-0.2892698049545288,0.6971271634101868,0.7511675357818604,0.427335262298584,0.7057154774665833,0.7526466250419617,-0.2597893476486206
leg raises_1300001.jpg,0.5509122610092163,0.41127002239227295,-0.0014464323176071048,0.5463465452194214,0.39071473479270935,0.010876217857003212,0.5454012751579285,0.3902393877506256,0.010813320986926556,0.5441849231719971,0.38951781392097473,0.010787124745547771,0.5445069074630737,0.390597403049469,-0.03132268041372299,0.5424439311027527,0.38999444246292114,-0.0314357727766037,0.5399004220962524,0.3891453146934509,-0.03149602934718132,0.5274044871330261,0.39262092113494873,0.07311275601387024,0.5199400186538696,0.3931159973144531,-0.1218152567744255,0.5440194606781006,0.4282499849796295,0.03043746016919613,0.5419140458106995,0.42728397250175476,-0.02727849967777729,0.49854138493537903,0.46520403027534485,0.14790818095207214,0.4948473274707794,0.44559890031814575,-0.15456002950668335,0.5234094858169556,0.32340866327285767,0.26027020812034607,0.5163914561271667,0.2825023829936981,-0.3378927409648895,0.5364125967025757,0.2084549516439438,0.0461292639374733,0.5127186179161072,0.127274751663208,-0.2893693745136261,0.5196052193641663,0.1719704419374466,0.056246254593133926,0.5070131421089172,0.07940234243869781,-0.31859010457992554,0.5178244709968567,0.16278082132339478,0.0039676097221672535,0.5023028254508972,0.07847053557634354,-0.2659462094306946,0.5269681215286255,0.1723458468914032,0.023665688931941986,0.5034565329551697,0.09728436917066574,-0.26660671830177307,0.48661983013153076,0.7878744602203369,0.11968330293893814,0.49075573682785034,0.7909644842147827,-0.11944326758384705,0.6547971367835999,0.7738623023033142,0.20121757686138153,0.6604898571968079,0.7788262367248535,-0.04518238082528114,0.7981863021850586,0.7655696272850037,0.31106212735176086,0.8244645595550537,0.767087459564209,0.011016287840902805,0.8204423189163208,0.7883520126342773,0.3184998631477356,0.8679291009902954,0.7866747379302979,0.013355717994272709,0.8428106307983398,0.6859601140022278,0.30615344643592834,0.8666003346443176,0.6868335604667664,-0.08195050060749054
leg raises_1300011.jpg,0.557913064956665,0.4018259644508362,0.000978446681983769,0.5538740158081055,0.37984123826026917,0.012262898497283459,0.5531724095344543,0.37941843271255493,0.012207655236124992,0.5521355271339417,0.3788715898990631,0.012188451364636421,0.5514296293258667,0.3791220784187317,-0.02863314561545849,0.549213171005249,0.3782427906990051,-0.02873566374182701,0.5465075969696045,0.3773619830608368,-0.028781477361917496,0.5347257852554321,0.38179275393486023,0.07276781648397446,0.5258148312568665,0.3816055357456207,-0.11863593757152557,0.5512165427207947,0.4172604978084564,0.03200533986091614,0.5486553311347961,0.4166540801525116,-0.02414168044924736,0.5040373802185059,0.4558414816856384,0.14502283930778503,0.4990236163139343,0.4404143989086151,-0.143782377243042,0.5235063433647156,0.3036021888256073,0.25574806332588196,0.5260083079338074,0.2766561210155487,-0.3179587423801422,0.5339152216911316,0.20656536519527435,0.05274318531155586,0.5218430161476135,0.1190229281783104,-0.2605625092983246,0.5209143757820129,0.17243218421936035,0.061852823942899704,0.515052080154419,0.07080070674419403,-0.287161648273468,0.5187884569168091,0.16298741102218628,0.011877874843776226,0.5103029608726501,0.06912785023450851,-0.23554320633411407,0.5255187749862671,0.162179633975029,0.031087778508663177,0.5115172266960144,0.0873846560716629,-0.23802679777145386,0.4942167103290558,0.7754896283149719,0.11622831970453262,0.49598264694213867,0.7816782593727112,-0.11606113612651825,0.6554950475692749,0.7567465901374817,0.1779320240020752,0.662613034248352,0.7653776407241821,-0.03138754889369011,0.7983333468437195,0.746821403503418,0.2781696021556854,0.8238811492919922,0.7465298175811768,0.037534840404987335,0.8297105431556702,0.7630058526992798,0.285160630941391,0.8730455040931702,0.7690228819847107,0.03395596519112587,0.8520325422286987,0.6765971779823303,0.22642339766025543,0.8677546977996826,0.6761101484298706,-0.06439373642206192
leg raises_1300021.jpg,0.5601943135261536,0.39988216757774353,0.012720595113933086,0.5568001866340637,0.3760771155357361,0.0246307123452425,0.5560609698295593,0.3754439949989319,0.02458854392170906,0.5548570156097412,0.37463751435279846,0.024579910561442375,0.5546171069145203,0.3753929138183594,-0.017671341076493263,0.5526587963104248,0.37443965673446655,-0.017776960507035255,0.5501020550727844,0.37342992424964905,-0.017812136560678482,0.535868763923645,0.37765222787857056,0.08634840697050095,0.527507483959198,0.37791502475738525,-0.11176891624927521,0.5521763563156128,0.41529133915901184,0.04471803829073906,0.5500959753990173,0.4152219891548157,-0.013484301045536995,0.5037376880645752,0.4491936266422272,0.15683630108833313,0.5017081499099731,0.43577197194099426,-0.13654008507728577,0.5235282778739929,0.29961255192756653,0.27411121129989624,0.5294210314750671,0.2734874188899994,-0.3129968047142029,0.530082643032074,0.19326186180114746,0.06356408447027206,0.5233872532844543,0.10701468586921692,-0.24618011713027954,0.5155351161956787,0.1538037359714508,0.07382715493440628,0.5173120498657227,0.06342079490423203,-0.27170616388320923,0.5129783153533936,0.14543168246746063,0.023579375818371773,0.5110742449760437,0.06178960204124451,-0.22016967833042145,0.5227475166320801,0.15269000828266144,0.042162224650382996,0.5118325352668762,0.07624887675046921,-0.22279071807861328,0.49404439330101013,0.7742515802383423,0.11535325646400452,0.49846991896629333,0.7808386087417603,-0.11519478261470795,0.6546013355255127,0.7506238222122192,0.16901248693466187,0.6654660701751709,0.7548567056655884,-0.03414072096347809,0.79493647813797,0.735107421875,0.2650257647037506,0.8214252591133118,0.7306799292564392,0.034869078546762466,0.8248501420021057,0.7553483843803406,0.27161094546318054,0.8725200891494751,0.753713071346283,0.030824579298496246,0.8463176488876343,0.658887505531311,0.19833269715309143,0.8612551093101501,0.656164824962616,-0.06625654548406601
leg raises_1300031.jpg,0.5585042834281921,0.40102267265319824,0.02427857741713524,0.5552896857261658,0.37814733386039734,0.03629262000322342,0.5545231103897095,0.3775678277015686,0.03620405122637749,0.5533732175827026,0.37683776021003723,0.03617052733898163,0.5525783896446228,0.3776874542236328,-0.005029285326600075,0.5501359701156616,0.3769392967224121,-0.005146427545696497,0.5472382307052612,0.37616410851478577,-0.005216600839048624,0.5343018174171448,0.38061365485191345,0.09589382261037827,0.5257695913314819,0.38129162788391113,-0.09757093340158463,0.5502992272377014,0.41696327924728394,0.05433889105916023,0.547528862953186,0.4170633852481842,-0.002562149427831173,0.5035454630851746,0.4492773711681366,0.16484032571315765,0.5023899078369141,0.4384078085422516,-0.1348697990179062,0.5239007472991943,0.30354738235473633,0.26483502984046936,0.5314655900001526,0.27628499269485474,-0.31169936060905457,0.5282102227210999,0.1932336390018463,0.06308373808860779,0.5249606370925903,0.10800310969352722,-0.26491034030914307,0.5151233673095703,0.15769101679325104,0.06816845387220383,0.51923006772995,0.06506320834159851,-0.29382941126823425,0.5132762789726257,0.14971502125263214,0.020287714898586273,0.5134050846099854,0.06325964629650116,-0.24440278112888336,0.5216155648231506,0.15317341685295105,0.04123035445809364,0.5143185257911682,0.07639201730489731,-0.24295450747013092,0.4953220784664154,0.7720983624458313,0.11551065742969513,0.5001734495162964,0.7806611657142639,-0.11534034460783005,0.6696290373802185,0.7780985236167908,0.13852237164974213,0.6750736832618713,0.7836909890174866,-0.06770048290491104,0.8155783414840698,0.7806177735328674,0.19662438333034515,0.83604496717453,0.7893205285072327,-0.002990047913044691,0.8394272923469543,0.8035469651222229,0.1968095600605011,0.8573160171508789,0.8147426247596741,0.020387092605233192,0.8680211305618286,0.7055636048316956,0.12128476798534393,0.8869030475616455,0.7098631858825684,-0.12702830135822296
leg raises_1300041.jpg,0.5637137293815613,0.3915148079395294,0.0243332851678133,0.5605443716049194,0.36945435404777527,0.03784269466996193,0.5599076747894287,0.36892178654670715,0.03763451799750328,0.5587948560714722,0.3683168590068817,0.03751564398407936,0.5573949813842773,0.3689916729927063,-0.003909518476575613,0.5549541115760803,0.3682699501514435,-0.003992370795458555,0.552001953125,0.36766818165779114,-0.0040368386544287205,0.5393373966217041,0.37432119250297546,0.10543734580278397,0.5296939611434937,0.37534385919570923,-0.08735403418540955,0.5561188459396362,0.40708473324775696,0.05594267323613167,0.5529857277870178,0.4071277976036072,-0.0009233070304617286,0.5066118836402893,0.44785431027412415,0.1780085414648056,0.5078615546226501,0.4319583475589752,-0.15788203477859497,0.5242387056350708,0.30358123779296875,0.2590585947036743,0.534101128578186,0.27394020557403564,-0.3074294328689575,0.5279144644737244,0.18263348937034607,0.0959409698843956,0.5274284482002258,0.11046623438596725,-0.26356977224349976,0.5148831605911255,0.14651137590408325,0.07234213501214981,0.5210951566696167,0.06589523702859879,-0.3028325140476227,0.5132701992988586,0.1467287540435791,0.039699994027614594,0.5153102874755859,0.06431729346513748,-0.28051766753196716,0.5207435488700867,0.15338391065597534,0.07521852105855942,0.516426682472229,0.07645021378993988,-0.25605490803718567,0.5043227076530457,0.7783185243606567,0.12474694848060608,0.5163756012916565,0.7841162085533142,-0.12453817576169968,0.6596914529800415,0.9255853295326233,0.13924507796764374,0.68328458070755,0.9251463413238525,-0.10632620006799698,0.7910529375076294,1.0688596963882446,0.20403648912906647,0.8235646486282349,1.0638222694396973,-0.010028382763266563,0.7998345494270325,1.111729383468628,0.20426416397094727,0.8333520293235779,1.1041096448898315,-0.0006972269620746374,0.8645378947257996,1.0422428846359253,0.14870570600032806,0.9026133418083191,1.0345295667648315,-0.12673838436603546
leg raises_1300051.jpg,0.5637837648391724,0.39205387234687805,-0.020671585574746132,0.5611087679862976,0.37128862738609314,-1.3971551197755616e-05,0.5608359575271606,0.37090298533439636,-0.00012639867782127112,0.560096025466919,0.3704841136932373,-0.00016919893096201122,0.5570002794265747,0.37082260847091675,-0.03432818874716759,0.5542892813682556,0.3702428638935089,-0.03479035571217537,0.5510688424110413,0.36981019377708435,-0.03482984006404877,0.5418344736099243,0.37745407223701477,0.07136734575033188,0.5314992666244507,0.3782326877117157,-0.13716274499893188,0.5566688776016235,0.4078351855278015,0.016917722299695015,0.5529909133911133,0.4076286852359772,-0.032925043255090714,0.511613130569458,0.45140817761421204,0.14841128885746002,0.5151489973068237,0.43694713711738586,-0.2169651985168457,0.5242649912834167,0.30786818265914917,0.2169790267944336,0.5347119569778442,0.2760487496852875,-0.3761206865310669,0.5280433893203735,0.1837475299835205,0.06907984614372253,0.5285780429840088,0.1121949851512909,-0.3709333837032318,0.5162452459335327,0.14872215688228607,0.016462363302707672,0.5232107639312744,0.06691431254148483,-0.40496528148651123,0.5162253975868225,0.15382924675941467,-0.0034037046134471893,0.5173872709274292,0.06462835520505905,-0.4017162322998047,0.5216926336288452,0.1581714153289795,0.047465141862630844,0.5184670686721802,0.07834168523550034,-0.36956265568733215,0.5131011009216309,0.7879564762115479,0.12438216060400009,0.5239904522895813,0.7879803776741028,-0.12417542934417725,0.6279705762863159,0.9768787026405334,0.14241857826709747,0.6611948013305664,0.994952917098999,-0.11702979356050491,0.6277691721916199,1.144459843635559,0.23245510458946228,0.6249595284461975,1.1676968336105347,-0.03699280694127083,0.6172387003898621,1.1666573286056519,0.23564934730529785,0.6018599271774292,1.180770993232727,-0.022992633283138275,0.6574013233184814,1.1928178071975708,0.19926366209983826,0.6525658369064331,1.219336748123169,-0.12500113248825073
leg raises_1300061.jpg,0.5497764945030212,0.38669314980506897,-0.04904968664050102,0.5569853186607361,0.3708016574382782,-0.0385352186858654,0.5592605471611023,0.3709501028060913,-0.038639169186353683,0.5586143136024475,0.3710097372531891,-0.03877094015479088,0.5526162385940552,0.3700719177722931,-0.05392557010054588,0.5524343848228455,0.36988797783851624,-0.05423193797469139,0.5493085980415344,0.36973029375076294,-0.05424446240067482,0.5401327013969421,0.3793328106403351,0.021352773532271385,0.5276508331298828,0.3801618218421936,-0.046493638306856155,0.5505654215812683,0.4052819609642029,-0.02342112734913826,0.5464597940444946,0.40434327721595764,-0.048838771879673004,0.5176607370376587,0.4534861743450165,-0.0006912281969562173,0.5167698264122009,0.4434781074523926,-0.052789635956287384,0.5282605886459351,0.30245643854141235,-0.07538986951112747,0.5310002565383911,0.28111326694488525,-0.1919356733560562,0.5280294418334961,0.15415921807289124,-0.19086648523807526,0.5279085636138916,0.13278701901435852,-0.24384848773479462,0.5169305801391602,0.10863875597715378,-0.2610185444355011,0.5232470631599426,0.06715194135904312,-0.2776138484477997,0.5165391564369202,0.10554458945989609,-0.24386835098266602,0.5178950428962708,0.06768243759870529,-0.29429060220718384,0.5212599039077759,0.11400765180587769,-0.19819532334804535,0.5190802812576294,0.08527897298336029,-0.25706252455711365,0.5176466703414917,0.7953166365623474,0.013610122725367546,0.523454487323761,0.7888364791870117,-0.013147440738976002,0.5742816925048828,0.990187406539917,0.029982231557369232,0.5847041606903076,1.0102977752685547,-0.02146247774362564,0.589504599571228,1.2154196500778198,0.17831267416477203,0.5804616808891296,1.277251124382019,0.10860635340213776,0.5878039598464966,1.2431609630584717,0.1857943832874298,0.5764122009277344,1.3090273141860962,0.11730228364467621,0.6026359796524048,1.2704380750656128,0.08296670764684677,0.6021995544433594,1.3311982154846191,-0.024821976199746132
leg raises_1300071.jpg,0.5661863088607788,0.38602203130722046,-0.05730317533016205,0.5621229410171509,0.36865267157554626,-0.04759742319583893,0.5622131824493408,0.36841556429862976,-0.04770772531628609,0.5611591339111328,0.36797523498535156,-0.04779302701354027,0.557944118976593,0.3680283725261688,-0.08240966498851776,0.5555889010429382,0.36764687299728394,-0.08234213292598724,0.5519742965698242,0.367242693901062,-0.08227583765983582,0.542597770690918,0.3741647005081177,0.01911766268312931,0.530580997467041,0.3764542043209076,-0.15006141364574432,0.5590663552284241,0.40262138843536377,-0.028188060969114304,0.5555421113967896,0.4022083282470703,-0.07471970468759537,0.5194020867347717,0.4404856860637665,0.013289452530443668,0.5123459100723267,0.42882269620895386,-0.22142431139945984,0.5293379426002502,0.2846115827560425,0.013091087341308594,0.5292010307312012,0.26796475052833557,-0.3948623239994049,0.5255881547927856,0.14666110277175903,-0.07836062461137772,0.5249946713447571,0.11457287520170212,-0.4295231103897095,0.5141773819923401,0.09754881262779236,-0.12138522416353226,0.521906316280365,0.06387332081794739,-0.47115710377693176,0.5140060186386108,0.0912092924118042,-0.1383773237466812,0.5171043276786804,0.06155429407954216,-0.4646259844303131,0.5185500383377075,0.10641506314277649,-0.09575275331735611,0.5174473524093628,0.07475566118955612,-0.4280678629875183,0.5163090825080872,0.7828096151351929,0.0790436789393425,0.5175027251243591,0.7737762331962585,-0.07880079746246338,0.5479568839073181,0.9685757756233215,0.14842310547828674,0.5522698163986206,0.9840697646141052,-0.06064761057496071,0.5639576315879822,1.1467503309249878,0.27951881289482117,0.5634151697158813,1.2124958038330078,0.09348605573177338,0.5567115545272827,1.169590950012207,0.28622305393218994,0.5504000186920166,1.2397029399871826,0.09779011458158493,0.5969663858413696,1.1967310905456543,0.2231944054365158,0.6065450310707092,1.276401162147522,-0.10706695914268494
leg raises_1300081.jpg,0.5611647963523865,0.38207727670669556,-0.09196509420871735,0.5578317642211914,0.3666527271270752,-0.07771182805299759,0.557971715927124,0.36652180552482605,-0.07784925401210785,0.5573298335075378,0.36599794030189514,-0.07794872671365738,0.5534884929656982,0.36618515849113464,-0.11207520961761475,0.5509586930274963,0.3660905659198761,-0.11196491122245789,0.547556459903717,0.3657979667186737,-0.11199598759412766,0.5410982966423035,0.37449005246162415,0.0010123751126229763,0.5295025110244751,0.37709367275238037,-0.15782685577869415,0.5549415946006775,0.3990404009819031,-0.0572892390191555,0.5506917834281921,0.39892295002937317,-0.10258799046278,0.5202796459197998,0.4372546374797821,0.03919718414545059,0.5122614502906799,0.428796648979187,-0.23000597953796387,0.5295777916908264,0.276176393032074,0.04686542600393295,0.5279760956764221,0.26504865288734436,-0.4025287926197052,0.5237277746200562,0.1277693510055542,-0.09420289099216461,0.5229394435882568,0.11167096346616745,-0.4335491359233856,0.5140231251716614,0.08596471697092056,-0.13957776129245758,0.5196554064750671,0.06394557654857635,-0.4755100905895233,0.5133052468299866,0.079111747443676,-0.15569987893104553,0.5151998400688171,0.06211169436573982,-0.4625294506549835,0.5164598822593689,0.08686759322881699,-0.11322246491909027,0.5155115723609924,0.07425756752490997,-0.431144654750824,0.5158383846282959,0.7780695557594299,0.07866670191287994,0.5149587392807007,0.7621160745620728,-0.07843899726867676,0.5444003343582153,0.9610280394554138,0.1454102247953415,0.5390960574150085,0.9717463254928589,-0.06972265243530273,0.5569989085197449,1.1254982948303223,0.283066064119339,0.5499265789985657,1.1983948945999146,0.06015099212527275,0.5517085790634155,1.1438515186309814,0.2921578288078308,0.5408605933189392,1.2243163585662842,0.06875593215227127,0.5728484988212585,1.1809202432632446,0.22777076065540314,0.5814327001571655,1.2662863731384277,-0.06615392118692398
leg raises_1300091.jpg,0.558411717414856,0.3798682391643524,-0.08952951431274414,0.5566520094871521,0.36352211236953735,-0.07666255533695221,0.5571030974388123,0.3634818196296692,-0.07685361802577972,0.5567489266395569,0.3630499541759491,-0.07696912437677383,0.5517892837524414,0.3630411922931671,-0.10775739699602127,0.5490955710411072,0.363106906414032,-0.10767855495214462,0.5457155704498291,0.3629985749721527,-0.10770770907402039,0.5403222441673279,0.37343162298202515,0.0038061446975916624,0.5271630883216858,0.37624186277389526,-0.16086402535438538,0.5528112053871155,0.3971337676048279,-0.05491410195827484,0.5480805039405823,0.3972979784011841,-0.09826668351888657,0.519029974937439,0.43481266498565674,0.07151901721954346,0.5110518336296082,0.428896963596344,-0.24257804453372955,0.5295026302337646,0.2769344747066498,0.10712359100580215,0.5288378596305847,0.2616250216960907,-0.4152737259864807,0.5227264761924744,0.1320943981409073,-0.07001563161611557,0.5213848352432251,0.09457043558359146,-0.4360366463661194,0.5143512487411499,0.09677650779485703,-0.09957330673933029,0.5188083052635193,0.05860069766640663,-0.4800795316696167,0.5132045745849609,0.09117154777050018,-0.11796220391988754,0.514459490776062,0.05738011375069618,-0.46649935841560364,0.5159823298454285,0.09577188640832901,-0.08378206193447113,0.5147903561592102,0.06824277341365814,-0.43216556310653687,0.514341413974762,0.7803434729576111,0.10569801181554794,0.5163481831550598,0.7685643434524536,-0.10551014542579651,0.5445030927658081,0.9643086791038513,0.19219167530536652,0.5499838590621948,0.9846083521842957,-0.08471024036407471,0.552791178226471,1.1225019693374634,0.33137044310569763,0.5541266202926636,1.224233627319336,0.03366505354642868,0.5455146431922913,1.1393895149230957,0.34071382880210876,0.5395101308822632,1.249178171157837,0.0403406135737896,0.5785787105560303,1.1695019006729126,0.2933921217918396,0.5956621766090393,1.2915806770324707,-0.08231642842292786
leg raises_1300101.jpg,0.559644877910614,0.3811560273170471,-0.07819847762584686,0.5552718043327332,0.364059716463089,-0.07022842764854431,0.5554084777832031,0.36394041776657104,-0.07039230316877365,0.5550196766853333,0.3635910749435425,-0.07052824646234512,0.5505989789962769,0.36366552114486694,-0.10691523551940918,0.5476750135421753,0.3636268079280853,-0.10690884292125702,0.5442229509353638,0.36357346177101135,-0.10697281360626221,0.5392277240753174,0.37351104617118835,0.007718625944107771,0.5260117053985596,0.3761843740940094,-0.16887715458869934,0.5529678463935852,0.39818575978279114,-0.047459669411182404,0.5483304858207703,0.39846089482307434,-0.09695816785097122,0.5182129144668579,0.43742188811302185,0.07559847831726074,0.5101908445358276,0.4309367835521698,-0.24399882555007935,0.5296058654785156,0.2819954454898834,0.1357642263174057,0.529574990272522,0.2640250027179718,-0.3994947671890259,0.5229803919792175,0.13579043745994568,-0.015005110763013363,0.52091383934021,0.09376377612352371,-0.42112720012664795,0.5146743655204773,0.10118775069713593,-0.05668949335813522,0.5179628133773804,0.056561969220638275,-0.4695584177970886,0.5134179592132568,0.10263040661811829,-0.07296159118413925,0.513683021068573,0.05503968521952629,-0.43766507506370544,0.5161576867103577,0.10126474499702454,-0.033002469688653946,0.5140895247459412,0.06490776687860489,-0.4124307930469513,0.5156222581863403,0.7932468056678772,0.11312548071146011,0.5202630758285522,0.7945253849029541,-0.11292212456464767,0.5509644746780396,0.9745347499847412,0.19737349450588226,0.5895323157310486,0.9984281659126282,-0.128475159406662,0.5688512325286865,1.1329745054244995,0.3015008568763733,0.5662182569503784,1.1746197938919067,0.03230678662657738,0.5629492402076721,1.150791049003601,0.30704599618911743,0.550571084022522,1.1894581317901611,0.02935824729502201,0.5924479365348816,1.1732882261276245,0.27173617482185364,0.5933748483657837,1.2179296016693115,-0.05161917954683304
leg raises_1300111.jpg,0.5582814812660217,0.3819541931152344,-0.016972478479146957,0.5541747808456421,0.36479026079177856,-0.0035468987189233303,0.5543666481971741,0.3646947741508484,-0.0038152881897985935,0.5540744066238403,0.36437368392944336,-0.0039812675677239895,0.5495999455451965,0.3643709421157837,-0.045729395002126694,0.5468370914459229,0.36431413888931274,-0.04582337662577629,0.5435161590576172,0.3641993999481201,-0.04588596522808075,0.538940966129303,0.3741302490234375,0.06947198510169983,0.525240957736969,0.3765396475791931,-0.12663516402244568,0.551873505115509,0.3991554379463196,0.015114354901015759,0.5471237301826477,0.3993377983570099,-0.0424359105527401,0.5168285369873047,0.43916961550712585,0.1384410858154297,0.5104177594184875,0.4317184090614319,-0.20421701669692993,0.5295673608779907,0.28467321395874023,0.20740261673927307,0.5295128226280212,0.265988826751709,-0.34638282656669617,0.5232059955596924,0.13776546716690063,0.04140062630176544,0.5210314393043518,0.09668096154928207,-0.3041464686393738,0.5148557424545288,0.10201047360897064,0.00937172956764698,0.5180637836456299,0.05845753476023674,-0.3499479591846466,0.5137917399406433,0.10934262722730637,-0.01994413323700428,0.5135232210159302,0.05656537041068077,-0.32672861218452454,0.516191303730011,0.10637552291154861,0.020183024927973747,0.5142073035240173,0.06779992580413818,-0.2969862222671509,0.5155869722366333,0.7975813746452332,0.11623086035251617,0.5273904204368591,0.806932806968689,-0.11593888700008392,0.6681093573570251,0.9647226929664612,0.10154731571674347,0.6840152144432068,0.9899318218231201,-0.12758000195026398,0.8295503258705139,1.1132031679153442,0.12733562290668488,0.8502448797225952,1.0793342590332031,-0.07286234200000763,0.8424623608589172,1.1285196542739868,0.12271067500114441,0.8667225241661072,1.1140997409820557,-0.07721102237701416,0.9045867323875427,1.051041603088379,0.05172667279839516,0.9301904439926147,1.0316858291625977,-0.1737111657857895
leg raises_1300121.jpg,0.5577132105827332,0.38329046964645386,-0.029687218368053436,0.5533047318458557,0.3649059236049652,-0.014800358563661575,0.5537583231925964,0.364406555891037,-0.014997499994933605,0.5537166595458984,0.3637846112251282,-0.015130165964365005,0.5486732125282288,0.36467984318733215,-0.056459423154592514,0.5458441376686096,0.36445915699005127,-0.05652903765439987,0.5424996018409729,0.3643001914024353,-0.056576602160930634,0.5374031662940979,0.37094178795814514,0.06115540489554405,0.5249871015548706,0.37514305114746094,-0.13199877738952637,0.5515820980072021,0.39962607622146606,0.004479994531720877,0.5464306473731995,0.40137428045272827,-0.05152561515569687,0.5164848566055298,0.44214576482772827,0.13337764143943787,0.5094130635261536,0.44077223539352417,-0.2043004184961319,0.529607355594635,0.28933146595954895,0.19242988526821136,0.5298941731452942,0.27945783734321594,-0.3513564467430115,0.5233729481697083,0.14240261912345886,0.02507968619465828,0.5223082900047302,0.10752657800912857,-0.3223957419395447,0.518097996711731,0.10778626054525375,-0.00778441596776247,0.5215094089508057,0.05925438553094864,-0.3635314404964447,0.5139602422714233,0.09762407094240189,-0.022279592230916023,0.5154936909675598,0.05696387216448784,-0.3335188925266266,0.5163088440895081,0.11171483248472214,-0.0011125834425911307,0.5145744681358337,0.06812985986471176,-0.3124646842479706,0.5183958411216736,0.7948480248451233,0.12056247144937515,0.5240401029586792,0.802167534828186,-0.12027443945407867,0.6831783652305603,0.8149359822273254,0.11106197535991669,0.6689664721488953,0.8103154301643372,-0.08589982986450195,0.831192672252655,0.8310585618019104,0.14797663688659668,0.8363122940063477,0.8307315111160278,-0.07625936716794968,0.8574958443641663,0.8650908470153809,0.1463535726070404,0.8617457747459412,0.8659422397613525,-0.08542262762784958,0.8926746249198914,0.7609453201293945,0.06750916689634323,0.9015772342681885,0.7521103024482727,-0.19297833740711212
leg raises_1300131.jpg,0.5571197271347046,0.3840995728969574,-0.030915383249521255,0.5520323514938354,0.3652665913105011,-0.014273902401328087,0.5514735579490662,0.3646160066127777,-0.014357284642755985,0.5504324436187744,0.36380770802497864,-0.014431359246373177,0.5484520196914673,0.36509326100349426,-0.054913394153118134,0.545606255531311,0.364855021238327,-0.055022232234478,0.5422090888023376,0.36470115184783936,-0.055086806416511536,0.5326817631721497,0.36956050992012024,0.060443516820669174,0.5224993824958801,0.37467095255851746,-0.12684401869773865,0.5486099123954773,0.4002881348133087,0.00456585455685854,0.5449174046516418,0.40166133642196655,-0.049897920340299606,0.5162181258201599,0.4426032602787018,0.1315327137708664,0.5088785886764526,0.44558092951774597,-0.16463519632816315,0.5292837023735046,0.3000730872154236,0.21553939580917358,0.528995931148529,0.283657431602478,-0.3529612123966217,0.5505069494247437,0.1510411649942398,0.018200019374489784,0.5230057239532471,0.11227016150951385,-0.3229272961616516,0.5255473852157593,0.12221802771091461,0.007724018767476082,0.523353636264801,0.06142648681998253,-0.3633405268192291,0.5195198059082031,0.10202774405479431,-0.03179745748639107,0.5167313814163208,0.05803434178233147,-0.2987801432609558,0.5204784870147705,0.12598435580730438,-0.00483919819816947,0.5150719881057739,0.06840216368436813,-0.2981702983379364,0.51761794090271,0.7933502793312073,0.11312945187091827,0.5162798166275024,0.7961881756782532,-0.11306070536375046,0.6971861720085144,0.7466926574707031,0.17914526164531708,0.6758363246917725,0.7408518195152283,-0.030889777466654778,0.8154222369194031,0.7188228964805603,0.3313215374946594,0.8172198534011841,0.7185357809066772,0.08296229690313339,0.8531571626663208,0.7368263006210327,0.34376296401023865,0.8512040376663208,0.7424153685569763,0.08245910704135895,0.865452229976654,0.6355626583099365,0.2575908303260803,0.8695582151412964,0.6415441632270813,-0.023774968460202217
leg raises_1300141.jpg,0.5570276975631714,0.388274610042572,-0.025931915268301964,0.5511119961738586,0.36557918787002563,-0.009232309646904469,0.5500229597091675,0.3647451102733612,-0.009289596229791641,0.5485647320747375,0.36410123109817505,-0.009348197840154171,0.5481063723564148,0.365360289812088,-0.0508570522069931,0.5452373623847961,0.36499181389808655,-0.050970789045095444,0.5418622493743896,0.3649839758872986,-0.05103863775730133,0.5298026204109192,0.368469774723053,0.06487062573432922,0.5213261842727661,0.3728804290294647,-0.12634538114070892,0.5457233786582947,0.4022497832775116,0.009563339874148369,0.5426695942878723,0.40396326780319214,-0.04657682031393051,0.5129648447036743,0.443155974149704,0.13361157476902008,0.508764922618866,0.44712987542152405,-0.16670309007167816,0.5275909900665283,0.30277034640312195,0.21586820483207703,0.5285035371780396,0.2865360379219055,-0.3529144525527954,0.5482732057571411,0.1526000201702118,0.013282579369843006,0.5235669612884521,0.11653131991624832,-0.31708481907844543,0.5278332829475403,0.12705914676189423,0.012116005644202232,0.5252121686935425,0.0643976554274559,-0.3560220003128052,0.5216947197914124,0.10414933413267136,-0.03327308967709541,0.5180772542953491,0.060352154076099396,-0.29479363560676575,0.5221347212791443,0.13241805136203766,-0.009027975611388683,0.5165289044380188,0.07909531891345978,-0.29189208149909973,0.5083037614822388,0.7917654514312744,0.11297141760587692,0.5020561218261719,0.7951180934906006,-0.11287959665060043,0.6755076050758362,0.7338049411773682,0.18660825490951538,0.6610952019691467,0.7341117858886719,-0.05103142186999321,0.8006946444511414,0.7127346396446228,0.31584468483924866,0.8026947379112244,0.7127282619476318,0.052289776504039764,0.8567046523094177,0.7076900005340576,0.3243742287158966,0.8373628258705139,0.738637387752533,0.052437443286180496,0.8526808619499207,0.6284575462341309,0.2499668002128601,0.8581879734992981,0.6358878016471863,-0.04985927790403366
leg raises_1300151.jpg,0.5561944842338562,0.38834553956985474,-0.024156617000699043,0.5507385730743408,0.36555638909339905,-0.010351931676268578,0.5495613217353821,0.364538311958313,-0.010397177189588547,0.5481125116348267,0.363605797290802,-0.010444709099829197,0.5479317307472229,0.36537089943885803,-0.051543302834033966,0.545111894607544,0.3648189902305603,-0.05164346471428871,0.5417149662971497,0.36457252502441406,-0.05168410763144493,0.5290654897689819,0.3655478060245514,0.06075257435441017,0.5211641788482666,0.37093794345855713,-0.12994468212127686,0.5443786978721619,0.4025445282459259,0.008944164961576462,0.5412517786026001,0.4041822552680969,-0.04688870161771774,0.5078712701797485,0.4415070116519928,0.12865471839904785,0.5083683729171753,0.44674259424209595,-0.16841286420822144,0.5266225934028625,0.29721924662590027,0.20579589903354645,0.5280935168266296,0.28605061769485474,-0.3462139368057251,0.5388342142105103,0.14852146804332733,0.01273599173873663,0.5235576629638672,0.11505230516195297,-0.2898363471031189,0.5271245241165161,0.11934320628643036,0.015563619323074818,0.526073157787323,0.06517284363508224,-0.3204016387462616,0.5211221575737,0.10594023764133453,-0.028773630037903786,0.5186304450035095,0.0612996481359005,-0.2669964134693146,0.5212580561637878,0.12488967925310135,-0.00833582878112793,0.5166186094284058,0.07881616801023483,-0.2662796080112457,0.5039416551589966,0.7855831384658813,0.10942108184099197,0.5024430155754089,0.7946006655693054,-0.10934503376483917,0.6639131903648376,0.7310044169425964,0.18583956360816956,0.6713560223579407,0.7341151833534241,-0.01094791293144226,0.79405677318573,0.7175635695457458,0.3015366792678833,0.8031935095787048,0.7185468077659607,0.07089614868164062,0.8543363809585571,0.7150399684906006,0.3084384500980377,0.8671642541885376,0.7354894280433655,0.0680866613984108,0.8502821326255798,0.6406897902488708,0.241007000207901,0.8566611409187317,0.6473087072372437,-0.03133387491106987
leg raises_1300161.jpg,0.553838312625885,0.3885459899902344,-0.01901797391474247,0.5483843088150024,0.3657114803791046,-0.009622175246477127,0.5474935173988342,0.3647126853466034,-0.009691926650702953,0.5464618802070618,0.36378931999206543,-0.009733914397656918,0.5457637906074524,0.36546409130096436,-0.04905698820948601,0.5432465076446533,0.36490070819854736,-0.04917087405920029,0.5403600335121155,0.3646504580974579,-0.049241259694099426,0.5282982587814331,0.36612120270729065,0.05403481423854828,0.5209966897964478,0.3713168799877167,-0.13220398128032684,0.5441230535507202,0.4029337167739868,0.00997692160308361,0.5411570072174072,0.40468496084213257,-0.044137630611658096,0.5026511549949646,0.4404665529727936,0.12772907316684723,0.5081071257591248,0.44015753269195557,-0.1717189997434616,0.522983968257904,0.29739341139793396,0.21485456824302673,0.5281216502189636,0.27688345313072205,-0.347382515668869,0.5299612879753113,0.15533745288848877,0.02843566983938217,0.5231677293777466,0.10304288566112518,-0.3028711974620819,0.5203368067741394,0.13398423790931702,0.029655348509550095,0.5252196788787842,0.06001904234290123,-0.33599457144737244,0.518662691116333,0.13215048611164093,-0.018075915053486824,0.5178476572036743,0.058138635009527206,-0.2890388071537018,0.520034670829773,0.13812342286109924,0.006558211054652929,0.516194760799408,0.07252305001020432,-0.2826906442642212,0.5017706751823425,0.7795271873474121,0.1093456894159317,0.5085383653640747,0.788345992565155,-0.10925840586423874,0.671349287033081,0.7786399722099304,0.16810065507888794,0.6713197231292725,0.7833070755004883,-0.03696905076503754,0.8051760196685791,0.7999101281166077,0.2419145107269287,0.8223288059234619,0.8078998923301697,0.05816479027271271,0.838253378868103,0.8179361820220947,0.24464887380599976,0.8519822955131531,0.8337339758872986,0.04311521723866463,0.8595489263534546,0.7414328455924988,0.18084777891635895,0.8761681914329529,0.7425018548965454,-0.048143208026885986
leg raises_1300171.jpg,0.5597285628318787,0.38850662112236023,-0.04665156453847885,0.5534340143203735,0.36580637097358704,-0.03979548439383507,0.5526303648948669,0.3647993206977844,-0.039916813373565674,0.5516126751899719,0.36405283212661743,-0.04004519432783127,0.5497242212295532,0.365591824054718,-0.08184615522623062,0.5467298030853271,0.36497095227241516,-0.0817556083202362,0.5433846712112427,0.36475902795791626,-0.08174924552440643,0.5332511067390442,0.36719852685928345,0.02292756363749504,0.5242087244987488,0.371968537569046,-0.17088249325752258,0.5503177046775818,0.40305736660957336,-0.016076218336820602,0.5465332865715027,0.4046420156955719,-0.0728079304099083,0.5044938325881958,0.4406101107597351,0.10183541476726532,0.5105070471763611,0.43933579325675964,-0.22876450419425964,0.5240218639373779,0.29491597414016724,0.18513065576553345,0.5299615263938904,0.273314893245697,-0.3738718628883362,0.5268234610557556,0.15571072697639465,0.03199206292629242,0.5229777097702026,0.1006011962890625,-0.32901424169540405,0.5166011452674866,0.1336422562599182,0.0222226120531559,0.5244181156158447,0.05795987322926521,-0.35572004318237305,0.5157400965690613,0.13118107616901398,-0.018587904050946236,0.5177444815635681,0.056988272815942764,-0.3453461825847626,0.5180988311767578,0.1380336433649063,0.013737231492996216,0.5158512592315674,0.0699065551161766,-0.32327646017074585,0.5086511373519897,0.7861466407775879,0.11599228531122208,0.5268223881721497,0.7974392175674438,-0.11576832830905914,0.6671467423439026,0.9434688091278076,0.16783864796161652,0.6761475205421448,0.9653806090354919,-0.1242474764585495,0.6943461894989014,1.0819568634033203,0.242190420627594,0.6949520111083984,1.115873098373413,-0.011531559750437737,0.6863444447517395,1.105436086654663,0.24550379812717438,0.6744174361228943,1.1329323053359985,-0.0028615444898605347,0.7373343706130981,1.111592411994934,0.23260417580604553,0.7409713268280029,1.1541345119476318,-0.05741973593831062
leg raises_1300181.jpg,0.5683417916297913,0.3883904218673706,-0.07105252891778946,0.561087429523468,0.3659331798553467,-0.06371762603521347,0.5600805282592773,0.36486849188804626,-0.0638042688369751,0.558803915977478,0.3641890287399292,-0.06393207609653473,0.5571621060371399,0.3657322824001312,-0.104528047144413,0.5538901686668396,0.36507585644721985,-0.10433649271726608,0.5502215623855591,0.3648034334182739,-0.10428681969642639,0.5396206974983215,0.3682832419872284,-0.00017634680261835456,0.5301116704940796,0.37230437994003296,-0.1872267872095108,0.5575031638145447,0.40309080481529236,-0.03987657278776169,0.5536361336708069,0.40456750988960266,-0.09458116441965103,0.5104056000709534,0.4408608675003052,0.07280772179365158,0.5132591724395752,0.43929120898246765,-0.24818363785743713,0.5248534679412842,0.29391393065452576,0.13907131552696228,0.5304239988327026,0.27226778864860535,-0.39569833874702454,0.5256180167198181,0.15599510073661804,0.011763239279389381,0.522901713848114,0.10057516396045685,-0.3722817599773407,0.5139451622962952,0.12549196183681488,-0.03153536096215248,0.5241121649742126,0.05712774023413658,-0.40522876381874084,0.5129865407943726,0.1229206919670105,-0.04783131182193756,0.5175816416740417,0.056090809404850006,-0.3984907567501068,0.5173071026802063,0.13720113039016724,-0.005109032616019249,0.515575110912323,0.06840112805366516,-0.370234876871109,0.5163931250572205,0.7961881756782532,0.11554230749607086,0.5295394062995911,0.8063129186630249,-0.11532188951969147,0.616960883140564,0.9694675207138062,0.17864656448364258,0.6501110196113586,0.9963966608047485,-0.11641835421323776,0.6174578070640564,1.0281872749328613,0.2731096148490906,0.6158502697944641,1.153907299041748,-0.009839063510298729,0.6167809367179871,1.14689040184021,0.27595797181129456,0.5970444083213806,1.1671744585037231,0.0057714274153113365,0.6521816253662109,1.1624857187271118,0.251949280500412,0.6488657593727112,1.1877204179763794,-0.047655921429395676
leg raises_1400001.jpg,0.5009512901306152,0.3569909930229187,0.016885319724678993,0.49531665444374084,0.3368401527404785,0.03787114471197128,0.4957455098628998,0.3366501033306122,0.037749338895082474,0.49606484174728394,0.3366159498691559,0.03765251487493515,0.4900757372379303,0.33693748712539673,4.6386136091314256e-05,0.4869406819343567,0.3371179699897766,-4.0530456317355856e-05,0.48348477482795715,0.33753177523612976,7.209561317722546e-06,0.4833827614784241,0.34829869866371155,0.13454371690750122,0.46276459097862244,0.3504471480846405,-0.04004450887441635,0.501666784286499,0.375654011964798,0.05704918131232262,0.49500420689582825,0.37696877121925354,0.004930322524160147,0.48658695816993713,0.4340823292732239,0.20276595652103424,0.4322473406791687,0.4159080982208252,-0.1262359321117401,0.49131113290786743,0.2779586911201477,0.2642747759819031,0.4395049214363098,0.2666536867618561,-0.2531852722167969,0.48046600818634033,0.13391736149787903,0.1262282133102417,0.44043540954589844,0.10104508697986603,-0.22912046313285828,0.4712279140949249,0.10108919441699982,0.11570378392934799,0.44063135981559753,0.0614154189825058,-0.26296836137771606,0.4682077169418335,0.10243114084005356,0.08324726670980453,0.4421716034412384,0.06063460186123848,-0.23459656536579132,0.4703366160392761,0.11368172615766525,0.10692070424556732,0.4439006745815277,0.07112347334623337,-0.2173662930727005,0.47271928191185,0.7794257998466492,0.11507533490657806,0.45598363876342773,0.7726372480392456,-0.11485815793275833,0.6302615404129028,0.7288475036621094,0.018706131726503372,0.649780809879303,0.6951135396957397,-0.16754558682441711,0.8115463852882385,0.6977735161781311,-0.03126521408557892,0.8224937915802002,0.6943662166595459,-0.2268357276916504,0.8493033051490784,0.7351822853088379,-0.0443081334233284,0.8568886518478394,0.7258297204971313,-0.24305512011051178,0.8735506534576416,0.6024619340896606,-0.14081448316574097,0.8603327870368958,0.5871793627738953,-0.3768512010574341
leg raises_1400011.jpg,0.4924079179763794,0.3472338914871216,0.03436374291777611,0.4851716458797455,0.3275028467178345,0.05316288396716118,0.4851651191711426,0.32718217372894287,0.05305410176515579,0.4852364659309387,0.3269548714160919,0.05299752205610275,0.48087644577026367,0.32757148146629333,0.011524525471031666,0.47802600264549255,0.32749977707862854,0.011389234103262424,0.4752386510372162,0.32763615250587463,0.011392767541110516,0.47121182084083557,0.33729803562164307,0.14486916363239288,0.4559416174888611,0.3380879759788513,-0.04969240352511406,0.49251773953437805,0.3649218678474426,0.07414986938238144,0.4868483245372772,0.3656144440174103,0.016309529542922974,0.46287158131599426,0.4228759706020355,0.21992793679237366,0.42361345887184143,0.39999449253082275,-0.12979039549827576,0.4735702574253082,0.27625659108161926,0.28662872314453125,0.428802490234375,0.2571660876274109,-0.25976860523223877,0.4648122191429138,0.13076087832450867,0.11594998836517334,0.4334530234336853,0.10097154974937439,-0.21835115551948547,0.4581970274448395,0.09786428511142731,0.10910893231630325,0.4330209493637085,0.06248442456126213,-0.2482425719499588,0.45707908272743225,0.09773445874452591,0.07018616050481796,0.4347068965435028,0.06264843046665192,-0.21764452755451202,0.45901381969451904,0.10871774703264236,0.09476704895496368,0.4363090693950653,0.07282654941082001,-0.203683003783226,0.459004670381546,0.7722814083099365,0.12322207540273666,0.44974422454833984,0.7606598138809204,-0.12262551486492157,0.6309425234794617,0.7339567542076111,0.07851909846067429,0.6468857526779175,0.681533932685852,-0.1677670180797577,0.8142363429069519,0.6924697160720825,0.05934373661875725,0.8429060578346252,0.6827680468559265,-0.2074708193540573,0.8556581139564514,0.7276759743690491,0.048058636486530304,0.8741051554679871,0.7138229608535767,-0.22245071828365326,0.8634836077690125,0.5989202260971069,-0.033709701150655746,0.8724768161773682,0.5771727561950684,-0.35553285479545593
leg raises_1400021.jpg,0.4906650483608246,0.34943926334381104,0.04561518877744675,0.4826716482639313,0.328358918428421,0.07136119902133942,0.4833042323589325,0.3282637298107147,0.07116726040840149,0.48406150937080383,0.3282969295978546,0.07103430479764938,0.47620922327041626,0.3275335431098938,0.02777831442654133,0.472510427236557,0.32716888189315796,0.02763891965150833,0.46898791193962097,0.3271387815475464,0.027662189677357674,0.47019433975219727,0.3376590609550476,0.18639954924583435,0.44957152009010315,0.3374548852443695,-0.013709998689591885,0.49195247888565063,0.36693310737609863,0.09231643378734589,0.484589546918869,0.3665332496166229,0.03277301415801048,0.4620659649372101,0.42504721879959106,0.2764314115047455,0.41621193289756775,0.4002802073955536,-0.11834883689880371,0.4763951599597931,0.27399757504463196,0.3317617177963257,0.42830216884613037,0.2588638663291931,-0.27104637026786804,0.4598425328731537,0.1260935664176941,0.14448828995227814,0.4293353855609894,0.10127990692853928,-0.25638848543167114,0.4542214572429657,0.0938456729054451,0.12263442575931549,0.42894208431243896,0.06476705521345139,-0.29119089245796204,0.4513104557991028,0.09421832114458084,0.09502974897623062,0.42858925461769104,0.06466389447450638,-0.2616561949253082,0.452646940946579,0.10369575023651123,0.12469354271888733,0.4297029674053192,0.07513810694217682,-0.2441444993019104,0.4628772735595703,0.7740370035171509,0.14333534240722656,0.4514654576778412,0.7646664381027222,-0.14266251027584076,0.6454897522926331,0.7630684971809387,-0.028906261548399925,0.647784411907196,0.7552840113639832,-0.20950844883918762,0.8580023646354675,0.817601203918457,-0.17876139283180237,0.8761798143386841,0.7138290405273438,-0.38531988859176636,0.8918853402137756,0.8845680356025696,-0.200873464345932,0.9049307107925415,0.8734447956085205,-0.4115447998046875,0.9425896406173706,0.7414786219596863,-0.3100646138191223,0.9555680155754089,0.7431073784828186,-0.5508140325546265
leg raises_1400031.jpg,0.493173748254776,0.3515315353870392,-0.009304904378950596,0.48538297414779663,0.32999950647354126,0.017611706629395485,0.48607489466667175,0.3296477496623993,0.01736164279282093,0.48693445324897766,0.3294450044631958,0.01720411144196987,0.47899019718170166,0.329725444316864,-0.020070167258381844,0.4753006398677826,0.3294910788536072,-0.020064445212483406,0.47176316380500793,0.3295624554157257,-0.020133938640356064,0.4745577275753021,0.33860209584236145,0.17374245822429657,0.4530143737792969,0.33948469161987305,-0.05286818742752075,0.49438291788101196,0.3679960370063782,0.040799736976623535,0.4868740141391754,0.36807122826576233,-0.00838217418640852,0.46829622983932495,0.42399677634239197,0.23138666152954102,0.41718044877052307,0.40460941195487976,-0.14616714417934418,0.47631165385246277,0.2705826163291931,0.31453177332878113,0.42863601446151733,0.26306912302970886,-0.2983699142932892,0.46160465478897095,0.12154671549797058,0.10584548860788345,0.42743217945098877,0.10225733369588852,-0.2888183295726776,0.4594670534133911,0.09282102435827255,0.11541461944580078,0.4292295575141907,0.06685531139373779,-0.3257768452167511,0.4562202990055084,0.09193427860736847,0.05600499361753464,0.4288680851459503,0.06618225574493408,-0.33152446150779724,0.45605772733688354,0.10181017220020294,0.08653583377599716,0.4289512634277344,0.07733423262834549,-0.2937890887260437,0.4705731272697449,0.7760551571846008,0.13839438557624817,0.44525590538978577,0.7823238968849182,-0.1379113495349884,0.5762176513671875,0.9490386843681335,0.027650725096464157,0.5650665760040283,0.9771775007247925,-0.18405580520629883,0.5920687317848206,1.1902787685394287,0.2079807072877884,0.5679401159286499,1.2433886528015137,-0.1548020839691162,0.580942690372467,1.2174161672592163,0.21773065626621246,0.5429151058197021,1.2647451162338257,-0.13643567264080048,0.647044837474823,1.2653731107711792,0.160659059882164,0.6305636167526245,1.347649097442627,-0.2693858742713928
leg raises_1400041.jpg,0.4900413751602173,0.3508090376853943,-0.01930125430226326,0.4830068349838257,0.32953405380249023,0.013931908644735813,0.48394009470939636,0.3290632665157318,0.013722086325287819,0.48506176471710205,0.32866063714027405,0.013502807356417179,0.4766225516796112,0.329646497964859,-0.02209722436964512,0.4730822443962097,0.329544335603714,-0.02215992845594883,0.4696642756462097,0.3296352028846741,-0.02228117361664772,0.47456642985343933,0.33770376443862915,0.13371877372264862,0.4529178738594055,0.3394151031970978,-0.04958995804190636,0.49236348271369934,0.3670819103717804,0.03600803762674332,0.48441919684410095,0.3672539293766022,-0.012862691655755043,0.46860459446907043,0.4168798625469208,0.2016337811946869,0.41768723726272583,0.40511977672576904,-0.13758769631385803,0.4710715115070343,0.25973770022392273,0.24169707298278809,0.42974957823753357,0.26456335186958313,-0.2882218360900879,0.4612393379211426,0.11448150128126144,0.09820970147848129,0.4284437298774719,0.10296623408794403,-0.2804301977157593,0.4605293869972229,0.08789709210395813,0.05021001026034355,0.4329093396663666,0.06797255575656891,-0.32301032543182373,0.45743241906166077,0.08655032515525818,0.027794666588306427,0.4314064383506775,0.06693043559789658,-0.3269992470741272,0.45659753680229187,0.09531979262828827,0.08170215785503387,0.4308810532093048,0.07864553481340408,-0.284483939409256,0.47196435928344727,0.7762708067893982,0.12359767407178879,0.433091938495636,0.789162278175354,-0.12327218055725098,0.526702344417572,0.9901317358016968,0.033537447452545166,0.4661838114261627,1.0249333381652832,-0.1798361986875534,0.49905461072921753,1.1535745859146118,0.3500933349132538,0.45608967542648315,1.2454107999801636,0.059606876224279404,0.48629528284072876,1.162008285522461,0.37293586134910583,0.4433251917362213,1.2589476108551025,0.07925435900688171,0.5204126238822937,1.234452724456787,0.31487223505973816,0.5032241940498352,1.337595820426941,-0.06339343637228012
leg raises_1400051.jpg,0.4886225461959839,0.3470788300037384,-0.05481966212391853,0.48254165053367615,0.3269023299217224,-0.02342946268618107,0.48348549008369446,0.32639598846435547,-0.023522736504673958,0.4846495985984802,0.3258817791938782,-0.023696502670645714,0.4764830768108368,0.32712745666503906,-0.05410792678594589,0.47309815883636475,0.32709580659866333,-0.05400766059756279,0.46983280777931213,0.3271723985671997,-0.05394962802529335,0.47548964619636536,0.33475029468536377,0.122296042740345,0.4538290798664093,0.3369881510734558,-0.055419497191905975,0.49129819869995117,0.3634631633758545,-0.003794000018388033,0.4834354817867279,0.36355873942375183,-0.043954115360975266,0.4709593653678894,0.41139060258865356,0.1521112322807312,0.4210425615310669,0.40652939677238464,-0.1403702348470688,0.47314342856407166,0.25492826104164124,0.15082082152366638,0.4285888969898224,0.2672446370124817,-0.28620508313179016,0.4621054530143738,0.11074186116456985,0.040665414184331894,0.428307443857193,0.10416453331708908,-0.2773453891277313,0.4614521563053131,0.08231658488512039,-0.0136879188939929,0.4328146278858185,0.07189401984214783,-0.3192138671875,0.45909586548805237,0.08448473364114761,-0.02472425252199173,0.43148910999298096,0.06943582743406296,-0.31918585300445557,0.4580407738685608,0.0927329882979393,0.022104773670434952,0.43111276626586914,0.08053606003522873,-0.28062760829925537,0.47345075011253357,0.7764067053794861,0.1044248417019844,0.42928794026374817,0.7892525792121887,-0.10407151281833649,0.4990347921848297,0.9823997616767883,0.04715297743678093,0.4372800290584564,1.0172830820083618,-0.16562838852405548,0.46202927827835083,1.1231834888458252,0.3365823030471802,0.4193393290042877,1.1991785764694214,0.08286453038454056,0.44807344675064087,1.129374384880066,0.3584817945957184,0.4074423015117645,1.2084304094314575,0.10568289458751678,0.4777373671531677,1.207810878753662,0.3173251152038574,0.45763471722602844,1.2885675430297852,-0.0013785695191472769
leg raises_1400061.jpg,0.486026793718338,0.34769466519355774,-0.06302396953105927,0.48019134998321533,0.3273315131664276,-0.03486179932951927,0.4811568856239319,0.3266637921333313,-0.03494701161980629,0.48234668374061584,0.325942724943161,-0.03506655618548393,0.47410842776298523,0.3277905285358429,-0.0664592906832695,0.4706681966781616,0.32778698205947876,-0.06636439263820648,0.467298686504364,0.32786279916763306,-0.06628886610269547,0.4732273519039154,0.3343609571456909,0.10401047766208649,0.450821191072464,0.33755791187286377,-0.06292138248682022,0.4887855648994446,0.36363229155540466,-0.014681111089885235,0.4805843234062195,0.364121675491333,-0.05608620122075081,0.46868789196014404,0.4093063473701477,0.14072448015213013,0.4199850261211395,0.40786001086235046,-0.14544057846069336,0.4735846221446991,0.2534100115299225,0.1428641378879547,0.42801034450531006,0.27094703912734985,-0.29342544078826904,0.46113350987434387,0.10715878009796143,0.010851099155843258,0.4270688593387604,0.10422161221504211,-0.280551552772522,0.45967718958854675,0.07965338975191116,-0.04435435310006142,0.4307503402233124,0.07233309745788574,-0.32117655873298645,0.45676320791244507,0.08054736256599426,-0.05654362961649895,0.4307836890220642,0.0697733610868454,-0.3195298910140991,0.4561919569969177,0.09008020907640457,-0.009179022163152695,0.430236279964447,0.08114475756883621,-0.28220194578170776,0.47410479187965393,0.7766568660736084,0.10502331703901291,0.4299617409706116,0.7893760800361633,-0.10466089844703674,0.49349445104599,0.9965651631355286,0.1047544926404953,0.4354126751422882,1.0150898694992065,-0.13331368565559387,0.45661938190460205,1.1451499462127686,0.3096628189086914,0.4209691286087036,1.2327991724014282,0.026314757764339447,0.44144049286842346,1.156527042388916,0.3239263594150543,0.4057454764842987,1.2521830797195435,0.036876656115055084,0.480888307094574,1.2266682386398315,0.2646489143371582,0.47140470147132874,1.3225942850112915,-0.08864770829677582
leg raises_1400071.jpg,0.4840655028820038,0.34902122616767883,-0.05608000233769417,0.47849470376968384,0.3284757435321808,-0.029436100274324417,0.4795396625995636,0.3277742564678192,-0.029538201168179512,0.4808129668235779,0.32701626420021057,-0.029665233567357063,0.47230395674705505,0.32895517349243164,-0.06346751004457474,0.46885019540786743,0.3289426267147064,-0.06338849663734436,0.4654516875743866,0.32901012897491455,-0.06332825124263763,0.4721725583076477,0.3353267312049866,0.10506221652030945,0.4494735598564148,0.33865511417388916,-0.03956643491983414,0.4872203767299652,0.364826500415802,-0.008937393315136433,0.4787997007369995,0.36547762155532837,-0.05593332275748253,0.4682876467704773,0.4103725552558899,0.14280295372009277,0.41908034682273865,0.40928009152412415,-0.1158348098397255,0.4731791913509369,0.2538515031337738,0.1519950032234192,0.42895710468292236,0.27741536498069763,-0.2622081935405731,0.4608038663864136,0.10784398019313812,0.018339265137910843,0.42747318744659424,0.10800494253635406,-0.2586560845375061,0.4587737023830414,0.07915519177913666,-0.03605319932103157,0.43022024631500244,0.07566537708044052,-0.30384159088134766,0.45569419860839844,0.08045938611030579,-0.048727743327617645,0.4301719665527344,0.07250969856977463,-0.29739218950271606,0.45532283186912537,0.08982871472835541,-0.001283802674151957,0.4298783242702484,0.08384979516267776,-0.2617339491844177,0.4746842682361603,0.777884840965271,0.10241863131523132,0.4297538697719574,0.7937437295913696,-0.10210622847080231,0.5119597315788269,0.9859514236450195,0.10726971924304962,0.44678160548210144,1.0270577669143677,-0.12361092120409012,0.4905448257923126,1.172098159790039,0.3156050443649292,0.44422677159309387,1.2502249479293823,0.04362673684954643,0.4791119694709778,1.1854956150054932,0.3324883282184601,0.4317799210548401,1.2673492431640625,0.05637693032622337,0.5184887051582336,1.2527079582214355,0.26698818802833557,0.49851372838020325,1.3412045240402222,-0.08657143265008926
leg raises_1400081.jpg,0.48712772130966187,0.3499589264392853,-0.05283398926258087,0.48080745339393616,0.3293769359588623,-0.028446204960346222,0.4815142750740051,0.32870543003082275,-0.028577186167240143,0.4823976755142212,0.32799407839775085,-0.028721144422888756,0.4751235544681549,0.3298088312149048,-0.06268555670976639,0.47174569964408875,0.3297681510448456,-0.06263817101716995,0.4684191942214966,0.32981324195861816,-0.06258965283632278,0.4720921218395233,0.33627933263778687,0.09428613632917404,0.45179441571235657,0.33933335542678833,-0.0440729595720768,0.48935651779174805,0.3658817410469055,-0.007110759150236845,0.4816257059574127,0.3665381073951721,-0.05383418872952461,0.46696850657463074,0.41169238090515137,0.14418081939220428,0.4187423288822174,0.4102734327316284,-0.12338273227214813,0.4722719192504883,0.25579965114593506,0.15774263441562653,0.4317946434020996,0.2776672840118408,-0.27563753724098206,0.4591383635997772,0.1093718409538269,0.055728811770677567,0.4274824261665344,0.10823206603527069,-0.25799840688705444,0.4561040997505188,0.08130393177270889,0.005664020776748657,0.42957401275634766,0.07554633170366287,-0.2938545048236847,0.45325085520744324,0.08187328279018402,0.00595282344147563,0.42929211258888245,0.07249663025140762,-0.2885158658027649,0.45335981249809265,0.09108511358499527,0.04216879606246948,0.4291980564594269,0.08417362719774246,-0.2587835490703583,0.47510555386543274,0.7847713232040405,0.11666838824748993,0.4347939193248749,0.8036278486251831,-0.1164938434958458,0.5297455191612244,0.9801228642463684,0.12266381084918976,0.4673025906085968,1.0158299207687378,-0.1686943918466568,0.5218868851661682,1.1465175151824951,0.31168803572654724,0.49328890442848206,1.1917401552200317,0.018803570419549942,0.514042317867279,1.1616790294647217,0.3279816210269928,0.4726984202861786,1.1990853548049927,0.035426631569862366,0.5539721250534058,1.2095050811767578,0.2963096499443054,0.5382500290870667,1.2677552700042725,-0.04863136634230614
leg raises_1400091.jpg,0.4881487190723419,0.3503725826740265,0.0016779088182374835,0.48316749930381775,0.3296957015991211,0.023384351283311844,0.4839494824409485,0.328930139541626,0.02307894639670849,0.4848257601261139,0.3280947506427765,0.022867683321237564,0.4774545133113861,0.3303481340408325,-0.016610993072390556,0.47421833872795105,0.3303546607494354,-0.01669563725590706,0.4709821939468384,0.3304121494293213,-0.016789142042398453,0.4728491008281708,0.3365040421485901,0.11747775226831436,0.4540327787399292,0.3394973576068878,-0.05132114142179489,0.4907521903514862,0.36611616611480713,0.040243275463581085,0.4829494059085846,0.3671005666255951,-0.013823124580085278,0.45782044529914856,0.41259294748306274,0.17898984253406525,0.42087581753730774,0.4105282723903656,-0.1314627081155777,0.47055673599243164,0.25632861256599426,0.22648562490940094,0.43339741230010986,0.2778412103652954,-0.26975250244140625,0.45786720514297485,0.1099511981010437,0.06755449622869492,0.4282528758049011,0.10824767500162125,-0.2504279613494873,0.4561045467853546,0.08151992410421371,0.03002127632498741,0.4301999509334564,0.0754583477973938,-0.2895623743534088,0.45323848724365234,0.08214997500181198,0.014415006153285503,0.43044912815093994,0.07266628742218018,-0.2810414135456085,0.4528596103191376,0.0919777974486351,0.050793033093214035,0.4301355481147766,0.0847693383693695,-0.24814271926879883,0.46404722332954407,0.7855812311172485,0.12798327207565308,0.4374377131462097,0.8035604953765869,-0.1277349591255188,0.6095090508460999,0.9666334390640259,0.1272619068622589,0.6136678457260132,0.9944205284118652,-0.15939992666244507,0.7286927700042725,1.1159230470657349,0.2053430676460266,0.7854169011116028,1.1690473556518555,-0.09442552179098129,0.7328941226005554,1.1479250192642212,0.2035236656665802,0.7921030521392822,1.175184726715088,-0.09581858664751053,0.805043637752533,1.1784355640411377,0.14519108831882477,0.8836249709129333,1.1442514657974243,-0.20025493204593658
leg raises_1400101.jpg,0.4904756247997284,0.3510186970233917,0.055827099829912186,0.4847480058670044,0.33031442761421204,0.08209208399057388,0.4853487014770508,0.32951799035072327,0.08188170939683914,0.48602476716041565,0.32861581444740295,0.08172931522130966,0.47906139492988586,0.3309127390384674,0.039447661489248276,0.47565120458602905,0.3308843970298767,0.03930521383881569,0.47222965955734253,0.3309367299079895,0.039354357868433,0.4729536175727844,0.33736908435821533,0.1965750753879547,0.45392942428588867,0.3398731052875519,0.0007383786723949015,0.4922712445259094,0.36679497361183167,0.10198274254798889,0.48471489548683167,0.3675975799560547,0.04335314407944679,0.45937302708625793,0.4334767162799835,0.2686903774738312,0.4196030795574188,0.41072341799736023,-0.1030578687787056,0.47248128056526184,0.264596551656723,0.3057708144187927,0.4302775263786316,0.2772051990032196,-0.2749771475791931,0.459026038646698,0.1103610172867775,0.11919320374727249,0.427129864692688,0.10605151206254959,-0.31844577193260193,0.45819568634033203,0.08386170119047165,0.09634341299533844,0.4306269586086273,0.07530078291893005,-0.3606833517551422,0.4544883668422699,0.0839574933052063,0.07229094952344894,0.4307573139667511,0.07262390106916428,-0.3318079710006714,0.453201025724411,0.0922367200255394,0.10110314190387726,0.4308585226535797,0.08451930433511734,-0.3076685965061188,0.4633876383304596,0.7862341403961182,0.1348094344139099,0.43849676847457886,0.7790352702140808,-0.13415122032165527,0.6459072828292847,0.8028163313865662,-0.12682367861270905,0.632273256778717,0.7746878862380981,-0.2540038824081421,0.8526467680931091,0.8232575058937073,-0.3732281029224396,0.8694880604743958,0.8242602944374084,-0.5216227769851685,0.8857966065406799,0.8742942214012146,-0.4033021032810211,0.8961751461029053,0.8729464411735535,-0.5558241605758667,0.9294992685317993,0.7100260853767395,-0.5268111824989319,0.9546288847923279,0.6902222633361816,-0.6997750997543335
leg raises_1400111.jpg,0.4934457540512085,0.3514924943447113,0.02720845304429531,0.4863964915275574,0.33076775074005127,0.05157193914055824,0.4866105914115906,0.3299933671951294,0.05138808488845825,0.48690545558929443,0.3291141092777252,0.051240816712379456,0.4807461202144623,0.3313109278678894,0.011781048960983753,0.4769595265388489,0.33126670122146606,0.011702705174684525,0.4731362462043762,0.33131691813468933,0.011733856983482838,0.4737688899040222,0.3375564217567444,0.16174530982971191,0.4546622037887573,0.3403959572315216,-0.021882932633161545,0.4940362572669983,0.3672887682914734,0.07168211042881012,0.4867846667766571,0.3680203855037689,0.01755804941058159,0.46124106645584106,0.4334423542022705,0.22903485596179962,0.4209417402744293,0.4110078513622284,-0.11204446107149124,0.4732416570186615,0.26472821831703186,0.27034634351730347,0.4300595819950104,0.2743454873561859,-0.25873008370399475,0.45956772565841675,0.1113240048289299,0.11213015764951706,0.42660778760910034,0.10571923851966858,-0.24012713134288788,0.4583379924297333,0.08410938084125519,0.0707344189286232,0.4295486807823181,0.07470445334911346,-0.2732785940170288,0.45501622557640076,0.08435053378343582,0.06031001731753349,0.4306369721889496,0.0724276602268219,-0.24532829225063324,0.4544472396373749,0.09278373420238495,0.0918591246008873,0.430677592754364,0.08438973128795624,-0.22881971299648285,0.4574287533760071,0.7858668565750122,0.13001282513141632,0.4398941397666931,0.7621377110481262,-0.12912169098854065,0.641147255897522,0.7830700278282166,-0.05342843011021614,0.6299880743026733,0.7005094289779663,-0.21050706505775452,0.8424528241157532,0.7359616756439209,-0.21137531101703644,0.8478387594223022,0.7039814591407776,-0.36448413133621216,0.869816243648529,0.7538546919822693,-0.23318272829055786,0.8793253302574158,0.7433576583862305,-0.38867318630218506,0.8835586309432983,0.6192446947097778,-0.3491128385066986,0.8985176086425781,0.5735569000244141,-0.5253140330314636
leg raises_1400121.jpg,0.4943370223045349,0.35066771507263184,0.016222702339291573,0.48720085620880127,0.3297859728336334,0.0402415432035923,0.4874223470687866,0.32912740111351013,0.04005555808544159,0.4877241849899292,0.3284195065498352,0.03989617899060249,0.48151466250419617,0.3299313187599182,0.0013001617044210434,0.47770342230796814,0.32975196838378906,0.0012514605186879635,0.4738633334636688,0.32973724603652954,0.001259775017388165,0.4743790030479431,0.33691829442977905,0.14871583878993988,0.45474764704704285,0.3389466404914856,-0.0290458295494318,0.4947401285171509,0.36644986271858215,0.06027258187532425,0.4875505864620209,0.36693012714385986,0.007628992199897766,0.46209296584129333,0.4328833818435669,0.21480068564414978,0.4206143617630005,0.40732574462890625,-0.1180930808186531,0.47350820899009705,0.2642124891281128,0.25905659794807434,0.4302508234977722,0.2708725035190582,-0.26586639881134033,0.45975834131240845,0.11128398776054382,0.09701736271381378,0.426511287689209,0.10359462350606918,-0.2512458860874176,0.45901352167129517,0.08252239972352982,0.05985550954937935,0.4293256103992462,0.07286776602268219,-0.28689247369766235,0.4553937017917633,0.08321115374565125,0.055002808570861816,0.43084716796875,0.07130485028028488,-0.262978196144104,0.4553280174732208,0.09211703389883041,0.07822916656732559,0.430789589881897,0.08334808796644211,-0.2427021712064743,0.458517849445343,0.7757965922355652,0.12887252867221832,0.4409582316875458,0.7593119144439697,-0.12807588279247284,0.6413246393203735,0.7503212690353394,-0.06316692382097244,0.6277257204055786,0.680992841720581,-0.1971583366394043,0.8334096074104309,0.68157958984375,-0.2471502721309662,0.8497663736343384,0.6706652641296387,-0.38774654269218445,0.8723323345184326,0.7174291610717773,-0.27130526304244995,0.8749381899833679,0.7062950134277344,-0.4165230989456177,0.8938601613044739,0.5569872260093689,-0.3831745982170105,0.9000645875930786,0.5445848107337952,-0.5518750548362732
leg raises_1400131.jpg,0.4949412941932678,0.35094574093818665,0.016840685158967972,0.48774924874305725,0.33008724451065063,0.03965189680457115,0.48797279596328735,0.3294619023799896,0.039504267275333405,0.48827674984931946,0.3287968337535858,0.039397042244672775,0.4820432960987091,0.3300859332084656,0.0013805587077513337,0.4781840741634369,0.3298273980617523,0.0013004803331568837,0.4742894470691681,0.32974451780319214,0.0013758869608864188,0.4746841490268707,0.33730489015579224,0.14541083574295044,0.45445653796195984,0.3389502763748169,-0.0322367362678051,0.4952259361743927,0.3666989505290985,0.059541601687669754,0.48803743720054626,0.36710867285728455,0.0069327084347605705,0.46314361691474915,0.4320202171802521,0.20805272459983826,0.4192955195903778,0.40333306789398193,-0.11609043926000595,0.47371214628219604,0.26420095562934875,0.24936319887638092,0.42976340651512146,0.2670952081680298,-0.25225332379341125,0.46024999022483826,0.11149179935455322,0.09215576946735382,0.4264213740825653,0.10100214928388596,-0.22532455623149872,0.4601866602897644,0.08181598782539368,0.053981054574251175,0.43005311489105225,0.07095291465520859,-0.25868090987205505,0.45550474524497986,0.08267437666654587,0.04346972331404686,0.4309748113155365,0.07002189755439758,-0.2350235879421234,0.4559657871723175,0.0918651893734932,0.07321427017450333,0.4310244023799896,0.0810316950082779,-0.21632742881774902,0.4597243368625641,0.7720692157745361,0.12654441595077515,0.44130179286003113,0.7572318911552429,-0.12562552094459534,0.6393631100654602,0.7168430685997009,-0.05198519676923752,0.6261579990386963,0.6722553968429565,-0.1901860237121582,0.8347561955451965,0.6761296391487122,-0.21224896609783173,0.848053514957428,0.6681864857673645,-0.3578369915485382,0.8969094753265381,0.7037292718887329,-0.2343759834766388,0.8803681135177612,0.7205502986907959,-0.3844047486782074,0.9073421359062195,0.5497461557388306,-0.3454331159591675,0.9009038209915161,0.5545241832733154,-0.5221964716911316
leg raises_1400141.jpg,0.49537497758865356,0.3500567674636841,0.03900250419974327,0.4880562722682953,0.32986193895339966,0.06597334146499634,0.4882284700870514,0.3294500410556793,0.06576281040906906,0.4884861409664154,0.32896140217781067,0.06559552252292633,0.4824284315109253,0.3295400142669678,0.022341853007674217,0.4785428047180176,0.3293303847312927,0.022240061312913895,0.4746019244194031,0.32935845851898193,0.022278916090726852,0.4746074378490448,0.3376128375530243,0.1816660612821579,0.4548386335372925,0.3392108082771301,-0.018544916063547134,0.4955607056617737,0.36621910333633423,0.08580934256315231,0.48810121417045593,0.3659987449645996,0.026258567348122597,0.4614070951938629,0.4313046634197235,0.2626537084579468,0.42005881667137146,0.4038035571575165,-0.11629898846149445,0.4678582549095154,0.2640256881713867,0.307935893535614,0.43177130818367004,0.2663128077983856,-0.2585689127445221,0.4586244821548462,0.10916318744421005,0.12584640085697174,0.4267509877681732,0.10005783289670944,-0.23067542910575867,0.45720869302749634,0.08028878271579742,0.10427039116621017,0.43051472306251526,0.07019234448671341,-0.2669343650341034,0.45400485396385193,0.08121286332607269,0.07452607154846191,0.43169885873794556,0.06946907937526703,-0.23799186944961548,0.4544069468975067,0.0902545377612114,0.10425214469432831,0.4313448369503021,0.08084733784198761,-0.21902723610401154,0.4592052400112152,0.7827939391136169,0.146972194314003,0.4548710584640503,0.7588456869125366,-0.14638613164424896,0.6604498624801636,0.7495166063308716,-0.00928070954978466,0.6560709476470947,0.7131195068359375,-0.20598043501377106,0.8690152764320374,0.7017688155174255,-0.10149247199296951,0.8877659440040588,0.7686932682991028,-0.3366103768348694,0.8910723924636841,0.8251051306724548,-0.11647864431142807,0.9056244492530823,0.7631464004516602,-0.3574875295162201,0.9357010126113892,0.7227247357368469,-0.21197663247585297,0.9544426798820496,0.7340623736381531,-0.4924026131629944
leg raises_1400151.jpg,0.4950595498085022,0.35024261474609375,-0.05178077146410942,0.48797479271888733,0.32994768023490906,-0.028033286333084106,0.4882313907146454,0.3295105993747711,-0.028208959847688675,0.4885718524456024,0.32908767461776733,-0.02842324785888195,0.4821851849555969,0.32991522550582886,-0.06555766612291336,0.4783024191856384,0.32986509799957275,-0.06555338203907013,0.4743976593017578,0.3300841152667999,-0.06555584073066711,0.4748123288154602,0.33776426315307617,0.08299777656793594,0.4551657736301422,0.33983442187309265,-0.08722540736198425,0.4956262409687042,0.36631885170936584,-0.0064050885848701,0.48791760206222534,0.3661631643772125,-0.05639025941491127,0.46557119488716125,0.43094784021377563,0.15227094292640686,0.4205707311630249,0.404394268989563,-0.17642000317573547,0.465851366519928,0.26073965430259705,0.208157017827034,0.43232446908950806,0.2684922218322754,-0.3152298927307129,0.4583472013473511,0.10759366303682327,0.10889670997858047,0.4275255501270294,0.10359488427639008,-0.27740031480789185,0.4562343657016754,0.07930206507444382,0.08400607854127884,0.43082258105278015,0.0706871747970581,-0.3055647611618042,0.4538101255893707,0.08095166087150574,0.06163286417722702,0.4319228529930115,0.06980402767658234,-0.2907026410102844,0.45408257842063904,0.08956365287303925,0.09047198295593262,0.43176525831222534,0.08172956854104996,-0.27271440625190735,0.4669102132320404,0.7841317057609558,0.14583536982536316,0.45109957456588745,0.7923876643180847,-0.14480198919773102,0.6046632528305054,0.9323251247406006,0.05574512481689453,0.5841091871261597,0.9819149374961853,-0.2527521848678589,0.5574478507041931,1.0471165180206299,0.3073790967464447,0.5318841934204102,1.0960952043533325,0.021102266386151314,0.544597864151001,1.0544352531433105,0.33396413922309875,0.5082888007164001,1.0671473741531372,0.05692104995250702,0.5700509548187256,1.1334269046783447,0.34676846861839294,0.555850625038147,1.1872148513793945,0.04128534346818924
leg raises_1400161.jpg,0.49239757657051086,0.34875646233558655,-0.036809761077165604,0.48567381501197815,0.3289254605770111,-0.01381432730704546,0.48611652851104736,0.32842177152633667,-0.013999625109136105,0.48668941855430603,0.3279109597206116,-0.014168571680784225,0.4799365699291229,0.3291480243206024,-0.0563255175948143,0.47627636790275574,0.32920533418655396,-0.05643540993332863,0.4726213216781616,0.32949262857437134,-0.05647413060069084,0.47456809878349304,0.33645394444465637,0.08832628279924393,0.4549565315246582,0.33955809473991394,-0.05420142039656639,0.4939896762371063,0.36474519968032837,0.007634998764842749,0.4861356019973755,0.3647075593471527,-0.05158320814371109,0.4655851125717163,0.415707528591156,0.1650836020708084,0.42087888717651367,0.4046621024608612,-0.13534632325172424,0.4650298058986664,0.2563367784023285,0.19704265892505646,0.43204420804977417,0.27137529850006104,-0.2775402069091797,0.4587739109992981,0.10669302195310593,0.0757557600736618,0.42786917090415955,0.10733804851770401,-0.27678820490837097,0.45593106746673584,0.07837305217981339,0.02113313041627407,0.4313693642616272,0.07334142923355103,-0.30788975954055786,0.45364701747894287,0.0795733854174614,0.006874149199575186,0.43230149149894714,0.07147839665412903,-0.2974453866481781,0.45391377806663513,0.08895932137966156,0.055179618299007416,0.43205374479293823,0.08301524817943573,-0.27061179280281067,0.46976467967033386,0.7841317057609558,0.1243453323841095,0.4439777433872223,0.7958602905273438,-0.12383029609918594,0.5366269946098328,0.9751016497612,0.1192699670791626,0.4877402186393738,1.0225943326950073,-0.16817468404769897,0.488895982503891,1.1409085988998413,0.34252962470054626,0.45598143339157104,1.2164785861968994,0.055950116366147995,0.47635844349861145,1.1509701013565063,0.362359881401062,0.4404159188270569,1.2221752405166626,0.07592986524105072,0.5137075781822205,1.217844009399414,0.3203633725643158,0.5025909543037415,1.304581642150879,-0.030442211776971817
leg raises_1400171.jpg,0.4897269606590271,0.34632033109664917,-0.03462876006960869,0.48339736461639404,0.326249361038208,-0.008599192835390568,0.4839912950992584,0.3256680369377136,-0.008746316656470299,0.4847258925437927,0.3250288963317871,-0.008915492333471775,0.4774271249771118,0.3266170918941498,-0.047794900834560394,0.4737955331802368,0.32671910524368286,-0.047837547957897186,0.4702308773994446,0.3269902765750885,-0.04782687500119209,0.47387367486953735,0.33375242352485657,0.0946107804775238,0.4535886347293854,0.33759811520576477,-0.05247927084565163,0.4915775656700134,0.36239293217658997,0.012246977537870407,0.48325225710868835,0.36253470182418823,-0.04121670871973038,0.4657621383666992,0.40737807750701904,0.17009028792381287,0.4196776747703552,0.40507426857948303,-0.1353452354669571,0.4659942090511322,0.24982884526252747,0.18647772073745728,0.4277009069919586,0.2710605263710022,-0.28702959418296814,0.4594283103942871,0.09915567189455032,0.05827585235238075,0.426004558801651,0.10687118023633957,-0.2963469624519348,0.4565631151199341,0.0735384151339531,0.0029746906366199255,0.4308549761772156,0.07330196350812912,-0.34031400084495544,0.4541867673397064,0.0749274417757988,-0.010304467752575874,0.4313264787197113,0.07135462015867233,-0.32913288474082947,0.4543323814868927,0.08440431207418442,0.03697337955236435,0.4311598539352417,0.08267609030008316,-0.29599183797836304,0.47087857127189636,0.7828824520111084,0.11149458587169647,0.4347873628139496,0.7949697971343994,-0.11109669506549835,0.5033604502677917,0.9878382086753845,0.12180507183074951,0.4412737190723419,1.0235439538955688,-0.1647202968597412,0.4783121347427368,1.1640807390213013,0.3449415862560272,0.4322059452533722,1.204399585723877,0.07982328534126282,0.46728989481925964,1.1748713254928589,0.36383023858070374,0.42389193177223206,1.210314393043518,0.10216604173183441,0.5012961030006409,1.2509825229644775,0.3030049204826355,0.4717921018600464,1.2955808639526367,-0.014922150410711765
leg raises_1400181.jpg,0.48762238025665283,0.3456404507160187,-0.03204461559653282,0.4818336069583893,0.32562965154647827,-0.005618575494736433,0.482585072517395,0.3250579535961151,-0.005749516189098358,0.4834725558757782,0.3244026005268097,-0.005912157241255045,0.4756064713001251,0.32597267627716064,-0.04355883225798607,0.471964567899704,0.3260714113712311,-0.04357526823878288,0.4684058725833893,0.3262909948825836,-0.04355408996343613,0.4732467234134674,0.3333037495613098,0.09962665289640427,0.4520411491394043,0.33694031834602356,-0.051423270255327225,0.4897645115852356,0.36182135343551636,0.015143141150474548,0.4810253083705902,0.36190491914749146,-0.036258600652217865,0.4658373296260834,0.4079109728336334,0.172531396150589,0.41828668117523193,0.4051707088947296,-0.13464133441448212,0.466100811958313,0.24922847747802734,0.18826666474342346,0.42488840222358704,0.2708570957183838,-0.2895013689994812,0.4596725106239319,0.09924590587615967,0.05644826963543892,0.4250751733779907,0.10598141700029373,-0.2974075376987457,0.4568687379360199,0.07282652705907822,0.0027606848161667585,0.4298594892024994,0.0731971487402916,-0.3431881368160248,0.4543503522872925,0.07384869456291199,-0.012089064344763756,0.43101927638053894,0.07105740159749985,-0.33056846261024475,0.45438095927238464,0.08366864174604416,0.034823257476091385,0.43054068088531494,0.08226227015256882,-0.29749852418899536,0.4725421965122223,0.7828893065452576,0.10504360496997833,0.43185099959373474,0.7950509190559387,-0.10466578602790833,0.5040543079376221,0.9875327348709106,0.12107176333665848,0.43709877133369446,1.0216375589370728,-0.14523845911026,0.47845324873924255,1.1774500608444214,0.340300053358078,0.4258488118648529,1.2237187623977661,0.0717770904302597,0.4680250287055969,1.1895384788513184,0.3582293689250946,0.41758671402931213,1.2345670461654663,0.0895104929804802,0.4997051954269409,1.2640794515609741,0.2858796715736389,0.4638047218322754,1.3173539638519287,-0.048946477472782135
leg raises_1400191.jpg,0.4877387285232544,0.3457290530204773,-0.0399775467813015,0.481954425573349,0.325671911239624,-0.0125894071534276,0.4827265441417694,0.32511815428733826,-0.012701530940830708,0.48362529277801514,0.3244931101799011,-0.0128398472443223,0.47554177045822144,0.32606184482574463,-0.048796698451042175,0.47178202867507935,0.32619941234588623,-0.04877499118447304,0.4681044816970825,0.32646259665489197,-0.04873868450522423,0.4733455777168274,0.33407145738601685,0.10413491725921631,0.4516185224056244,0.337667852640152,-0.05283833295106888,0.48988479375839233,0.36194664239883423,0.00800557155162096,0.4810461103916168,0.3620867431163788,-0.04041863977909088,0.4662232995033264,0.4087241291999817,0.16850373148918152,0.41837507486343384,0.4064103960990906,-0.13721951842308044,0.46635088324546814,0.24981020390987396,0.17617575824260712,0.4242444932460785,0.27185070514678955,-0.3016672432422638,0.4599768817424774,0.09978946298360825,0.029452236369252205,0.4243997037410736,0.1059689074754715,-0.31613391637802124,0.45724213123321533,0.0727723017334938,-0.026655051857233047,0.429173082113266,0.07369397580623627,-0.3628063499927521,0.4544997215270996,0.0734868198633194,-0.042676784098148346,0.43067821860313416,0.07104441523551941,-0.3515872359275818,0.4544439911842346,0.08354322612285614,0.00696994923055172,0.43004706501960754,0.0822594165802002,-0.3170408010482788,0.4738626480102539,0.782820999622345,0.10662014782428741,0.4319807291030884,0.7950447797775269,-0.10623597353696823,0.5126948952674866,0.9812595844268799,0.13821905851364136,0.4417960047721863,1.0214000940322876,-0.12852536141872406,0.49055182933807373,1.1816604137420654,0.3256319463253021,0.43372097611427307,1.243449330329895,0.031207013875246048,0.48002442717552185,1.1967459917068481,0.3389974534511566,0.4230654537677765,1.2604469060897827,0.04186582565307617,0.5181884169578552,1.2634892463684082,0.2592083811759949,0.47813695669174194,1.3354425430297852,-0.10983972996473312
leg raises_1400201.jpg,0.4881367087364197,0.346194863319397,-0.057729657739400864,0.4822298288345337,0.32648995518684387,-0.03370214253664017,0.48296838998794556,0.3259862959384918,-0.033831384032964706,0.4838302731513977,0.32542887330055237,-0.03394339233636856,0.4758690297603607,0.32692694664001465,-0.07199928909540176,0.47211533784866333,0.3271148204803467,-0.07195695489645004,0.4684385657310486,0.32744795083999634,-0.07190968841314316,0.4733545184135437,0.3356092572212219,0.07803089916706085,0.45179837942123413,0.33964866399765015,-0.09571883082389832,0.49014201760292053,0.3624568581581116,-0.012124055065214634,0.48141440749168396,0.3626871407032013,-0.0627937987446785,0.4647693634033203,0.409498393535614,0.1519242823123932,0.41912296414375305,0.41368913650512695,-0.1876899152994156,0.4660279452800751,0.25032076239585876,0.1813817322254181,0.4244246184825897,0.2767953872680664,-0.3571535050868988,0.4596881866455078,0.10023233294487,0.03079557977616787,0.4247094392776489,0.10642309486865997,-0.36796319484710693,0.4570176899433136,0.07272017002105713,-0.021457884460687637,0.42939820885658264,0.07391612976789474,-0.4108726382255554,0.4541620910167694,0.07319767773151398,-0.037300948053598404,0.43059012293815613,0.07106468081474304,-0.40604570508003235,0.4540102183818817,0.083436019718647,0.009411138482391834,0.4299710690975189,0.08238118141889572,-0.36882323026657104,0.4707215428352356,0.7897282838821411,0.11815048009157181,0.43276265263557434,0.8094916343688965,-0.11782710999250412,0.5183607935905457,0.9830707907676697,0.17324452102184296,0.47572582960128784,1.0336997509002686,-0.13734020292758942,0.488520085811615,1.1835269927978516,0.3234577775001526,0.4614907503128052,1.2694332599639893,-0.012621372938156128,0.4771323502063751,1.202615737915039,0.33366233110427856,0.44277647137641907,1.2883436679840088,-0.0041998280212283134,0.5234606266021729,1.2509417533874512,0.2807460129261017,0.5104562044143677,1.3562536239624023,-0.13648948073387146
leg raises_1400211.jpg,0.4924613833427429,0.34633350372314453,-0.051829926669597626,0.4860779941082001,0.32689979672431946,-0.026860816404223442,0.48660746216773987,0.32653263211250305,-0.027016233652830124,0.48717719316482544,0.32619017362594604,-0.027018414810299873,0.47940486669540405,0.32714852690696716,-0.06690849363803864,0.47523796558380127,0.3272879719734192,-0.06709153950214386,0.47111064195632935,0.32763004302978516,-0.06689126789569855,0.4747076630592346,0.3372856378555298,0.08855124562978745,0.45255979895591736,0.3401007354259491,-0.08916722238063812,0.4934249818325043,0.3628687858581543,-0.005965520162135363,0.4850272238254547,0.36309805512428284,-0.062426380813121796,0.46717697381973267,0.42246970534324646,0.16425468027591705,0.4194594919681549,0.4142546057701111,-0.18132765591144562,0.474311888217926,0.25901490449905396,0.19263020157814026,0.4250290095806122,0.27598848938941956,-0.32586443424224854,0.46374034881591797,0.10927099734544754,0.032365649938583374,0.42446380853652954,0.10641356557607651,-0.31025373935699463,0.4600222706794739,0.07887345552444458,-0.013471324928104877,0.4283360540866852,0.0736098513007164,-0.343026727437973,0.4565427601337433,0.0781637579202652,-0.02738613449037075,0.4296390414237976,0.0710473507642746,-0.3196672797203064,0.4560874104499817,0.08920463919639587,0.012437700293958187,0.4292140007019043,0.08238823711872101,-0.3000529110431671,0.4681568443775177,0.7878650426864624,0.1181635782122612,0.43516862392425537,0.7783607244491577,-0.11782964318990707,0.622681200504303,0.7549265623092651,-0.0901675596833229,0.6037805080413818,0.707888126373291,-0.16779771447181702,0.8247379660606384,0.7279811501502991,-0.3045685887336731,0.8257157206535339,0.7229893803596497,-0.39442864060401917,0.8754667639732361,0.7648589015007019,-0.3310406506061554,0.8586490154266357,0.7627294063568115,-0.42599037289619446,0.9038731455802917,0.5781548023223877,-0.45081982016563416,0.890893816947937,0.585559070110321,-0.5610484480857849
leg raises_1400221.jpg,0.49431437253952026,0.3464409112930298,-0.0467301569879055,0.4876379370689392,0.32701513171195984,-0.0214332677423954,0.48815491795539856,0.3266673982143402,-0.02158309705555439,0.48869410157203674,0.32633617520332336,-0.021643711254000664,0.4806225895881653,0.3272247314453125,-0.06128764897584915,0.47619131207466125,0.3273604214191437,-0.061369121074676514,0.47179728746414185,0.3277146816253662,-0.061243318021297455,0.47546812891960144,0.33744218945503235,0.09404993802309036,0.4526296854019165,0.3401411771774292,-0.08359884470701218,0.4949820339679718,0.3629785180091858,-0.0008831316372379661,0.48641344904899597,0.3631906807422638,-0.055694784969091415,0.46946385502815247,0.4276275634765625,0.16523775458335876,0.4198407232761383,0.4140831530094147,-0.16788926720619202,0.4787222743034363,0.26327264308929443,0.19355140626430511,0.4253276288509369,0.27455413341522217,-0.2937290370464325,0.4660009443759918,0.11004775017499924,0.03230270370841026,0.4243287742137909,0.10536947101354599,-0.2768037021160126,0.46200284361839294,0.07906463742256165,-0.009517702274024487,0.42783960700035095,0.07251816987991333,-0.3109629452228546,0.45809537172317505,0.07851959764957428,-0.02310340479016304,0.4292181432247162,0.07061760872602463,-0.284702867269516,0.457424134016037,0.08942583203315735,0.012748871929943562,0.4288840591907501,0.0815926268696785,-0.2661987245082855,0.4669307768344879,0.7777315974235535,0.11817104369401932,0.4372304379940033,0.7671412825584412,-0.11782347410917282,0.6368095874786377,0.7286140322685242,-0.07121343910694122,0.6233826875686646,0.6864014267921448,-0.1737307608127594,0.8398956060409546,0.6987439393997192,-0.24037213623523712,0.8464317917823792,0.6973984837532043,-0.3670267164707184,0.8787086606025696,0.7356224656105042,-0.2629101872444153,0.8763447403907776,0.7389909625053406,-0.39582788944244385,0.9194844365119934,0.5553520917892456,-0.3760981857776642,0.9083787798881531,0.5635749101638794,-0.5369930267333984
leg raises_1400231.jpg,0.4976047873497009,0.34759584069252014,0.04606790840625763,0.4897584319114685,0.32771068811416626,0.07367866486310959,0.4898912012577057,0.3274767994880676,0.07349493354558945,0.490068256855011,0.32726380228996277,0.07335664331912994,0.48341551423072815,0.3274632692337036,0.028182674199342728,0.4790326952934265,0.3274378180503845,0.028079329058527946,0.4745822548866272,0.3277687430381775,0.028164152055978775,0.47547808289527893,0.33773767948150635,0.19245532155036926,0.4535604417324066,0.3401586413383484,-0.01678459905087948,0.49689000844955444,0.36423149704933167,0.09390652179718018,0.48933446407318115,0.36392101645469666,0.03151121363043785,0.463366836309433,0.4311051368713379,0.26693296432495117,0.42010486125946045,0.4103710949420929,-0.11890771985054016,0.47617456316947937,0.26325514912605286,0.3115435242652893,0.4292673170566559,0.2714916169643402,-0.26387086510658264,0.4650295674800873,0.11001741886138916,0.1229170709848404,0.42542997002601624,0.10384261608123779,-0.23166322708129883,0.4613277018070221,0.07909111678600311,0.10257270932197571,0.42923158407211304,0.07110044360160828,-0.26638123393058777,0.4577774107456207,0.07863754034042358,0.07077713310718536,0.4302915930747986,0.06964273005723953,-0.23544372618198395,0.4571988880634308,0.08942357450723648,0.10105827450752258,0.429775208234787,0.08085907995700836,-0.21830251812934875,0.46207189559936523,0.7864412665367126,0.1392160952091217,0.45223063230514526,0.7672303318977356,-0.1386614590883255,0.6618709564208984,0.7930601239204407,-0.025729350745677948,0.6532272696495056,0.7648638486862183,-0.2014593631029129,0.8582316040992737,0.8176712989807129,-0.15857058763504028,0.8809496164321899,0.8079365491867065,-0.36676713824272156,0.8732094168663025,0.8607856631278992,-0.17893151938915253,0.9208921194076538,0.8389695286750793,-0.39063015580177307,0.9048735499382019,0.7201194167137146,-0.2871316969394684,0.9384568333625793,0.6760135889053345,-0.528715193271637
leg raises_1400241.jpg,0.4980505704879761,0.3489510715007782,-0.019203007221221924,0.49016210436820984,0.3289259672164917,-0.0008337376639246941,0.49023258686065674,0.32859280705451965,-0.0010329950600862503,0.4903544783592224,0.3282722234725952,-0.0011816739570349455,0.4838900864124298,0.3285737633705139,-0.043342672288417816,0.47949638962745667,0.3283829987049103,-0.04332824423909187,0.47504380345344543,0.32857611775398254,-0.04335414245724678,0.47558343410491943,0.3377731442451477,0.09681529551744461,0.45413506031036377,0.34031468629837036,-0.09299548715353012,0.49719536304473877,0.3652065694332123,0.023085061460733414,0.48968371748924255,0.36488205194473267,-0.03362870588898659,0.45940259099006653,0.4201156497001648,0.18695896863937378,0.42107057571411133,0.410372257232666,-0.183805912733078,0.47116076946258545,0.26226985454559326,0.3058508634567261,0.43044421076774597,0.27154964208602905,-0.34130191802978516,0.46205151081085205,0.1098441332578659,0.10930785536766052,0.4258953630924225,0.10629317909479141,-0.3240715563297272,0.45893394947052,0.0788598284125328,0.07572606205940247,0.43007275462150574,0.07259780913591385,-0.35878756642341614,0.4564148783683777,0.07847799360752106,0.05696915090084076,0.4309123456478119,0.070457324385643,-0.3478929400444031,0.4557619094848633,0.08938317745923996,0.09021086245775223,0.4302496016025543,0.08166630566120148,-0.32023635506629944,0.46212249994277954,0.7883084416389465,0.14014403522014618,0.4523508846759796,0.7927843928337097,-0.13977579772472382,0.6321380138397217,0.9854995012283325,0.1469598114490509,0.6115567088127136,0.9809725284576416,-0.19422024488449097,0.6006022095680237,1.1608269214630127,0.23433110117912292,0.6019910573959351,1.190334439277649,-0.10225983709096909,0.583698034286499,1.1848242282867432,0.23849239945411682,0.5772125720977783,1.1924662590026855,-0.08805964142084122,0.6424930095672607,1.2316771745681763,0.20773844420909882,0.6462944746017456,1.2832214832305908,-0.1400250792503357
leg raises_1400251.jpg,0.4958968162536621,0.348985493183136,-0.030905796214938164,0.48837292194366455,0.3289802670478821,-0.010594682767987251,0.48856639862060547,0.3286525011062622,-0.010766527615487576,0.48885759711265564,0.3283342123031616,-0.010892374441027641,0.48240119218826294,0.3286089301109314,-0.051373839378356934,0.4783076047897339,0.3284568190574646,-0.051348380744457245,0.474178671836853,0.3286762237548828,-0.051336172968149185,0.47532325983047485,0.3377652168273926,0.09470004588365555,0.4541894197463989,0.3403647840023041,-0.08968288451433182,0.4957311451435089,0.36525607109069824,0.01324994582682848,0.48823603987693787,0.36491814255714417,-0.040962859988212585,0.45931950211524963,0.4122050106525421,0.17627745866775513,0.42127659916877747,0.41145944595336914,-0.17936113476753235,0.46709662675857544,0.2592049241065979,0.2505969703197479,0.4304710328578949,0.2739518880844116,-0.3449234962463379,0.4589201807975769,0.10933851450681686,0.06074758991599083,0.42592281103134155,0.10868554562330246,-0.35984236001968384,0.4553118050098419,0.07879739999771118,0.005357214715331793,0.4301004409790039,0.07460717111825943,-0.40442726016044617,0.45355871319770813,0.07853119820356369,-0.011448085308074951,0.4308221936225891,0.07176590710878372,-0.40145397186279297,0.45346757769584656,0.08926968276500702,0.03897356986999512,0.4302240312099457,0.08282696455717087,-0.36079123616218567,0.4647054076194763,0.7885525822639465,0.13866284489631653,0.4496081471443176,0.7995209693908691,-0.13817456364631653,0.5386686325073242,0.986299991607666,0.1741163283586502,0.4852391183376312,1.0667152404785156,-0.14829066395759583,0.5034188628196716,1.197643756866455,0.3176426589488983,0.48074108362197876,1.2932569980621338,-0.04166462644934654,0.49063408374786377,1.2191717624664307,0.3273046314716339,0.46058452129364014,1.314168930053711,-0.03449079021811485,0.5407275557518005,1.268222451210022,0.27055951952934265,0.5370795726776123,1.3860844373703003,-0.17105825245380402
leg raises_1400261.jpg,0.491306871175766,0.34811529517173767,-0.03523106127977371,0.484852135181427,0.32836440205574036,-0.010494732297956944,0.4854891002178192,0.32793232798576355,-0.010639126412570477,0.48624563217163086,0.32748639583587646,-0.010792615823447704,0.4786548316478729,0.3283419609069824,-0.04987012967467308,0.47488638758659363,0.32829323410987854,-0.04988086223602295,0.47112420201301575,0.328555166721344,-0.04987335950136185,0.47511130571365356,0.33694973587989807,0.1027057021856308,0.4535731375217438,0.34020477533340454,-0.041407547891139984,0.4930698573589325,0.36429813504219055,0.011917460709810257,0.48484310507774353,0.36427971720695496,-0.040573637932538986,0.4622442126274109,0.40802863240242004,0.16928456723690033,0.4213525056838989,0.41123166680336,-0.12349195778369904,0.46709492802619934,0.25501084327697754,0.18286432325839996,0.4285108149051666,0.276387482881546,-0.2717505693435669,0.45904141664505005,0.10828401893377304,0.05816479027271271,0.4254774749279022,0.1101972758769989,-0.2807695269584656,0.45530980825424194,0.07831832766532898,0.0038436970207840204,0.42971837520599365,0.07672464847564697,-0.3275797963142395,0.4535790681838989,0.07848460227251053,-0.010028586722910404,0.4302002787590027,0.07296573370695114,-0.31950709223747253,0.4535178244113922,0.08874313533306122,0.037492502480745316,0.42995673418045044,0.08355434983968735,-0.28437933325767517,0.4674358069896698,0.7856236696243286,0.10638484358787537,0.43803727626800537,0.7986478209495544,-0.1060182973742485,0.5056799650192261,0.9880499243736267,0.12937650084495544,0.43958786129951477,1.0295146703720093,-0.15256492793560028,0.47581446170806885,1.1567093133926392,0.34242352843284607,0.432618647813797,1.2113349437713623,0.09362972527742386,0.46390074491500854,1.1672791242599487,0.36462801694869995,0.4228927791118622,1.2192424535751343,0.11902298778295517,0.4961666762828827,1.241114854812622,0.31860581040382385,0.47012752294540405,1.3005328178405762,0.017619673162698746
leg raises_1500001.jpg,0.39332112669944763,0.050182025879621506,-0.033019524067640305,0.3782505691051483,0.029834464192390442,-0.011959737166762352,0.3757147789001465,0.029669541865587234,-0.012158213183283806,0.3731035590171814,0.02865763008594513,-0.012316420674324036,0.3766269385814667,0.029715631157159805,-0.05069892480969429,0.373017281293869,0.029871392995119095,-0.050714537501335144,0.36923855543136597,0.02970198541879654,-0.050752799957990646,0.3480645716190338,0.044025968760252,0.07772563397884369,0.3427754044532776,0.04789920523762703,-0.09865604341030121,0.3809853196144104,0.07262441515922546,0.012205260805785656,0.37957969307899475,0.07160243391990662,-0.041068632155656815,0.3387722671031952,0.15319979190826416,0.15945447981357574,0.3298527002334595,0.14857833087444305,-0.12567315995693207,0.3359331786632538,0.03380587697029114,0.2333207130432129,0.32048505544662476,0.02879195474088192,-0.33804747462272644,0.37582072615623474,-0.05798892304301262,0.17569082975387573,0.3444485366344452,-0.03728121146559715,-0.3449685275554657,0.37947529554367065,-0.07948631793260574,0.1566181182861328,0.34914371371269226,-0.0004310460644774139,-0.37896424531936646,0.37036964297294617,-0.07294364273548126,0.13607536256313324,0.3417343497276306,0.00625932402908802,-0.35949310660362244,0.36896979808807373,-0.06221660599112511,0.16232971847057343,0.342560350894928,0.02518274448812008,-0.3404444754123688,0.34076127409935,0.5952652096748352,0.11538036912679672,0.34082216024398804,0.6039499640464783,-0.11527656018733978,0.5049488544464111,0.7540544271469116,0.2861437499523163,0.4831555187702179,0.7736916542053223,-0.15728157758712769,0.620124876499176,0.9025477766990662,0.3445141911506653,0.6302993297576904,0.9179745316505432,-0.24999767541885376,0.6302843689918518,0.959735631942749,0.341793417930603,0.6404690146446228,0.9677215814590454,-0.26577433943748474,0.7225236296653748,0.8883785605430603,0.2776201367378235,0.7425670027732849,0.9068602919578552,-0.36781346797943115
leg raises_1500011.jpg,0.38408130407333374,0.011162029579281807,-0.0503600612282753,0.37649524211883545,-0.018695108592510223,-0.03354179486632347,0.37500593066215515,-0.017554501071572304,-0.03376602753996849,0.3735668957233429,-0.016758175566792488,-0.0340433344244957,0.36653122305870056,-0.01710183545947075,-0.08129742741584778,0.36179253458976746,-0.016172733157873154,-0.08115103095769882,0.3570890426635742,-0.015622110106050968,-0.08120584487915039,0.3432939946651459,0.001992435660213232,0.07001764327287674,0.331356942653656,0.00016568202408961952,-0.14587169885635376,0.3738764226436615,0.037393804639577866,-0.003646997967734933,0.36506223678588867,0.03792349621653557,-0.06740927696228027,0.3408612906932831,0.1435130089521408,0.16016891598701477,0.31156638264656067,0.13896651566028595,-0.19839248061180115,0.3431766927242279,0.05577355623245239,0.36929547786712646,0.3149074614048004,0.043190594762563705,-0.33276042342185974,0.359335720539093,-0.03250360116362572,0.503711998462677,0.334104984998703,-0.017421621829271317,-0.2122707962989807,0.35269924998283386,-0.049270376563072205,0.5032031536102295,0.36204832792282104,-0.03684261813759804,-0.23064103722572327,0.3495236337184906,-0.043182622641325,0.48587509989738464,0.34953421354293823,-0.012067552655935287,-0.21702350676059723,0.3565960228443146,-0.040925536304712296,0.49240970611572266,0.3414379954338074,0.0028465022332966328,-0.20652981102466583,0.34899094700813293,0.5897846221923828,0.12384774535894394,0.33997076749801636,0.5931904911994934,-0.12393531203269958,0.4711141288280487,0.7995448708534241,0.19329258799552917,0.47672656178474426,0.8350945115089417,-0.12259683758020401,0.5302698016166687,1.1001746654510498,0.3320435583591461,0.5272407531738281,1.1039773225784302,-0.06756871193647385,0.5191783905029297,1.1489487886428833,0.2838512063026428,0.50372713804245,1.1444995403289795,-0.060897231101989746,0.6152434945106506,1.15577232837677,0.13826626539230347,0.6173105239868164,1.1863672733306885,-0.14202149212360382
leg raises_1500021.jpg,0.35480016469955444,0.08033354580402374,-0.143480122089386,0.35321277379989624,0.0575670450925827,-0.11762236803770065,0.3571208417415619,0.057914260774850845,-0.11778058111667633,0.3609601855278015,0.05838553234934807,-0.11802873015403748,0.3383987545967102,0.0574098601937294,-0.14159910380840302,0.33160245418548584,0.057696446776390076,-0.14138652384281158,0.32487624883651733,0.05799388512969017,-0.14143474400043488,0.3380572199821472,0.054542407393455505,0.023237260058522224,0.31570422649383545,0.058651819825172424,-0.14078642427921295,0.359911173582077,0.10718683898448944,-0.08594156801700592,0.33956560492515564,0.10734251141548157,-0.11789393424987793,0.3504372835159302,0.1965920776128769,0.10104873776435852,0.3009010851383209,0.19831731915473938,-0.12008503079414368,0.34904366731643677,0.0954691544175148,0.18482360243797302,0.3155929744243622,0.06962819397449493,-0.19590486586093903,0.33842039108276367,-0.03470736742019653,0.2815109193325043,0.32912400364875793,-0.04202652350068092,-0.10960736870765686,0.3348374366760254,-0.06420666724443436,0.25668618083000183,0.33376187086105347,-0.08130418509244919,-0.13530005514621735,0.3335631787776947,-0.0621759295463562,0.2290981113910675,0.3218425214290619,-0.07062944024801254,-0.14174717664718628,0.3345969021320343,-0.04763966053724289,0.2580465078353882,0.3229511082172394,-0.051813315600156784,-0.11534179747104645,0.3526146709918976,0.6123888492584229,0.0799328088760376,0.3539990484714508,0.6154797673225403,-0.080058254301548,0.4216096103191376,0.857456386089325,0.17288389801979065,0.441524863243103,0.8804337978363037,-0.03913364186882973,0.44813621044158936,1.1215161085128784,0.2581396996974945,0.43439823389053345,1.1633135080337524,0.06812770664691925,0.44076964259147644,1.1594698429107666,0.25286146998405457,0.4204542338848114,1.1991021633148193,0.0787825807929039,0.49118438363075256,1.1800241470336914,0.15657566487789154,0.4771803915500641,1.2430403232574463,-0.020777856931090355
leg raises_1500031.jpg,0.37637564539909363,0.07677575200796127,-0.15178300440311432,0.36134809255599976,0.02715957723557949,-0.12544168531894684,0.36468881368637085,0.02639477513730526,-0.1255638301372528,0.3677752614021301,0.035449352115392685,-0.12579044699668884,0.35875609517097473,0.0509633868932724,-0.16153791546821594,0.3517184555530548,0.05067820101976395,-0.16146905720233917,0.3447500467300415,0.050452783703804016,-0.16154351830482483,0.3506369888782501,0.04893890395760536,0.022364161908626556,0.31838560104370117,0.05545295774936676,-0.1480949968099594,0.36284390091896057,0.08427294343709946,-0.09151102602481842,0.3477652370929718,0.08841446042060852,-0.1386970430612564,0.35334718227386475,0.199593186378479,0.12314753979444504,0.3038730323314667,0.1955755203962326,-0.1630200743675232,0.34494549036026,0.10409144312143326,0.22786439955234528,0.3222425878047943,0.0939248725771904,-0.19576257467269897,0.3482814431190491,-0.004874972626566887,0.29881536960601807,0.33377203345298767,-0.006474562920629978,0.016440395265817642,0.3555358648300171,-0.036154624074697495,0.28224045038223267,0.3500499725341797,-0.04532961919903755,0.014882262796163559,0.3549804985523224,-0.03172174468636513,0.281290739774704,0.3411666750907898,-0.0374690443277359,0.012957477010786533,0.3547891080379486,-0.02149766869843006,0.29015883803367615,0.3402920663356781,-0.021456126123666763,0.019738970324397087,0.34968888759613037,0.615315318107605,0.09093347191810608,0.3570330739021301,0.6238154172897339,-0.09199771285057068,0.4033372700214386,0.875126302242279,0.17980071902275085,0.41265732049942017,0.9054075479507446,-0.07344026118516922,0.4171556234359741,1.1032079458236694,0.3121408522129059,0.4193035364151001,1.1557680368423462,0.0549236498773098,0.4078781306743622,1.1387001276016235,0.3199769854545593,0.40132492780685425,1.1908074617385864,0.06666208803653717,0.4672735631465912,1.1493563652038574,0.24533644318580627,0.4808020293712616,1.2226563692092896,-0.046509306877851486
leg raises_1500041.jpg,0.36705148220062256,0.052149105817079544,-0.13424164056777954,0.3652843236923218,0.02382192574441433,-0.1082337349653244,0.36857447028160095,0.022669661790132523,-0.1083441823720932,0.3717743158340454,0.022547904402017593,-0.10856707394123077,0.35158571600914,0.023621665313839912,-0.15004736185073853,0.3442673981189728,0.024356503039598465,-0.15004919469356537,0.3375399708747864,0.02398158423602581,-0.15014539659023285,0.3560505211353302,0.03317153826355934,0.039451710879802704,0.3154348134994507,0.04318903759121895,-0.15168876945972443,0.36693862080574036,0.0708840936422348,-0.07365284860134125,0.35062965750694275,0.07596617192029953,-0.12890905141830444,0.3575230836868286,0.1898532509803772,0.16140832006931305,0.2906998097896576,0.18258018791675568,-0.18139414489269257,0.36747902631759644,0.12279751151800156,0.2942359149456024,0.30036699771881104,0.07967502623796463,-0.18148644268512726,0.3567183315753937,0.004609938710927963,0.3604798913002014,0.3355903923511505,-0.0028292678762227297,0.12301120907068253,0.3647955060005188,-0.029726078733801842,0.3465309739112854,0.3474060595035553,-0.03609160706400871,0.13615982234477997,0.36354580521583557,-0.025834260508418083,0.3534018099308014,0.34307271242141724,-0.031068038195371628,0.13812857866287231,0.36254212260246277,-0.018894033506512642,0.35544028878211975,0.33964332938194275,-0.017046289518475533,0.1310955137014389,0.3525404632091522,0.61481112241745,0.11787950247526169,0.3520502746105194,0.6252294778823853,-0.11871501058340073,0.40058696269989014,0.8845722675323486,0.19973377883434296,0.3976617157459259,0.9278217554092407,-0.0725097730755806,0.40206512808799744,1.106608271598816,0.3361593186855316,0.39589235186576843,1.1630619764328003,0.06272146850824356,0.38924068212509155,1.1438682079315186,0.34560200572013855,0.3732185661792755,1.1992864608764648,0.07490746676921844,0.4610435366630554,1.1534892320632935,0.27421459555625916,0.4742699861526489,1.2318600416183472,-0.046108487993478775
leg raises_1500051.jpg,0.3713696599006653,0.04470941051840782,-0.17660999298095703,0.3714558780193329,0.011017128825187683,-0.1476103812456131,0.37398046255111694,0.01042999792844057,-0.1476762741804123,0.3768846094608307,0.009460179135203362,-0.14784172177314758,0.3580063283443451,0.011507434770464897,-0.19168777763843536,0.34982094168663025,0.011905277147889137,-0.19165846705436707,0.3429246246814728,0.011253542266786098,-0.19170700013637543,0.3599543869495392,0.023820195347070694,0.014595297165215015,0.3215632736682892,0.03161580115556717,-0.18955853581428528,0.3717251420021057,0.06575682759284973,-0.11194198578596115,0.35657644271850586,0.0697900727391243,-0.17090989649295807,0.35398003458976746,0.1785498708486557,0.15537220239639282,0.29196813702583313,0.17019762098789215,-0.21879641711711884,0.3722752630710602,0.12118331342935562,0.29451239109039307,0.2988986670970917,0.054422777146101,-0.18974319100379944,0.36000993847846985,-0.003912332467734814,0.32973146438598633,0.33094072341918945,-0.035251274704933167,0.03194316849112511,0.36406973004341125,-0.03623252362012863,0.3114979565143585,0.34020155668258667,-0.0642143115401268,0.03763844072818756,0.3610321879386902,-0.03689250349998474,0.31390181183815,0.336719810962677,-0.05521656200289726,0.0420505665242672,0.3591555058956146,-0.023393021896481514,0.322022944688797,0.3329082429409027,-0.0418371818959713,0.03938201814889908,0.35015109181404114,0.6129435300827026,0.12998171150684357,0.3502231240272522,0.6244440078735352,-0.130489781498909,0.3956712782382965,0.883953869342804,0.22696182131767273,0.3966527283191681,0.9304604530334473,-0.07148487120866776,0.4040699899196625,1.1014735698699951,0.33515265583992004,0.39386647939682007,1.1634312868118286,0.03546319901943207,0.3908085823059082,1.1413404941558838,0.3410243093967438,0.3680800199508667,1.2006793022155762,0.04470924288034439,0.4690301716327667,1.1471710205078125,0.2742835581302643,0.4715825319290161,1.235994577407837,-0.07103218138217926
leg raises_1500061.jpg,0.36441829800605774,0.04895423352718353,-0.16696730256080627,0.36536943912506104,0.02028612792491913,-0.12907685339450836,0.3679438829421997,0.019557271152734756,-0.12923787534236908,0.3705703318119049,0.018549399450421333,-0.1292717009782791,0.3522065281867981,0.02193448320031166,-0.1657526046037674,0.3435049057006836,0.022876130416989326,-0.16584131121635437,0.3376646637916565,0.022270679473876953,-0.16584034264087677,0.35401713848114014,0.03154975175857544,0.02337893657386303,0.3184492290019989,0.03617757558822632,-0.16454799473285675,0.3649038076400757,0.06974545121192932,-0.09920468181371689,0.34960073232650757,0.07315897196531296,-0.16669835150241852,0.35464581847190857,0.18186035752296448,0.17767253518104553,0.29260435700416565,0.16958226263523102,-0.18461428582668304,0.37268123030662537,0.12670323252677917,0.31956619024276733,0.29701197147369385,0.053095217794179916,-0.1528928279876709,0.350713312625885,-0.0029455586336553097,0.38699159026145935,0.3278103768825531,-0.019366944208741188,0.14026358723640442,0.36092376708984375,-0.005605671089142561,0.3655797243118286,0.3341328799724579,-0.04765858128666878,0.14808620512485504,0.3581361472606659,-0.00853748805820942,0.3698985278606415,0.3307529389858246,-0.03945472091436386,0.14211873710155487,0.3561309576034546,0.0029680472798645496,0.3797477185726166,0.32829588651657104,-0.02606084570288658,0.14315609633922577,0.34667736291885376,0.601801335811615,0.12834878265857697,0.3407912850379944,0.6088511347770691,-0.12886163592338562,0.4174415171146393,0.8881101608276367,0.21127772331237793,0.4170691668987274,0.9273129105567932,-0.07543709874153137,0.43088263273239136,1.1184666156768799,0.30031144618988037,0.4215250015258789,1.1703593730926514,0.0338885635137558,0.41968387365341187,1.1611672639846802,0.3046237528324127,0.400037556886673,1.2082490921020508,0.04428808391094208,0.49370869994163513,1.1706793308258057,0.25227734446525574,0.489641934633255,1.244256854057312,-0.07230091094970703
leg raises_1500071.jpg,0.3600456416606903,0.07548113912343979,-0.1369759440422058,0.35972481966018677,0.04388250410556793,-0.1153167113661766,0.3618897795677185,0.043283525854349136,-0.11586080491542816,0.36426958441734314,0.042982105165719986,-0.11621532589197159,0.3601488769054413,0.03322998061776161,-0.13829927146434784,0.35300731658935547,0.03638745844364166,-0.13837337493896484,0.34710508584976196,0.03627436235547066,-0.13861039280891418,0.3608214259147644,0.03766004741191864,0.03416426107287407,0.3160674273967743,0.05810880288481712,-0.12368599325418472,0.3608105778694153,0.09706065058708191,-0.08011655509471893,0.346612811088562,0.10010072588920593,-0.12303004413843155,0.3565768301486969,0.19923661649227142,0.12726794183254242,0.29318949580192566,0.1937548965215683,-0.13265538215637207,0.36010104417800903,0.13113130629062653,0.21055357158184052,0.30535703897476196,0.07452649623155594,-0.16487886011600494,0.34934815764427185,-0.004188634920865297,0.2235853224992752,0.3315733075141907,-0.014252923429012299,-0.15018053352832794,0.3588027060031891,-0.036872778087854385,0.2157747447490692,0.3388746678829193,-0.049527280032634735,-0.18169566988945007,0.35742297768592834,-0.04496132582426071,0.20063643157482147,0.3325013816356659,-0.04300481081008911,-0.1638878732919693,0.35633355379104614,-0.03073163330554962,0.2142428606748581,0.3310859501361847,-0.028033098205924034,-0.1464424580335617,0.34431692957878113,0.6016039252281189,0.09567666798830032,0.33498144149780273,0.608155369758606,-0.09587414562702179,0.4732528626918793,0.8626646399497986,0.10925184190273285,0.47310933470726013,0.8821601271629333,-0.07765272259712219,0.5621374845504761,1.086782693862915,0.16565614938735962,0.5673542618751526,1.1008830070495605,-0.00020929129095748067,0.5613069534301758,1.1256763935089111,0.16491416096687317,0.5672114491462708,1.1371171474456787,0.004625005181878805,0.625442624092102,1.1395055055618286,0.05446537584066391,0.6380743384361267,1.149900197982788,-0.11927120387554169
leg raises_1500081.jpg,0.3670864999294281,0.05301475152373314,-0.1588422805070877,0.3625348210334778,0.03360382467508316,-0.1357579529285431,0.36372148990631104,0.03377869352698326,-0.13606712222099304,0.36518895626068115,0.0339604876935482,-0.1362781673669815,0.3549760580062866,0.023374946787953377,-0.1727927178144455,0.3591361343860626,0.04699212685227394,-0.17297492921352386,0.3533470332622528,0.04617318511009216,-0.17308898270130157,0.34924381971359253,0.0428801029920578,0.011936468072235584,0.316681832075119,0.05138354375958443,-0.17828336358070374,0.3632466197013855,0.07821192592382431,-0.09949837625026703,0.3521020710468292,0.0772920697927475,-0.15476073324680328,0.34021520614624023,0.16314321756362915,0.1025301143527031,0.2893419563770294,0.18047763407230377,-0.1977674663066864,0.3455751836299896,0.09064411371946335,0.13256600499153137,0.3002106547355652,0.06268297135829926,-0.5077523589134216,0.3483118414878845,-0.0056387935765087605,0.04387376457452774,0.3284394443035126,-0.024825045838952065,-0.6708316802978516,0.35833650827407837,-0.03798861429095268,0.029875803738832474,0.3392537832260132,-0.05632496997714043,-0.7199689149856567,0.3522399961948395,-0.043379127979278564,0.018437368795275688,0.33251953125,-0.05620618909597397,-0.6854005455970764,0.35186082124710083,-0.029507635161280632,0.036125101149082184,0.32959625124931335,-0.040996354073286057,-0.6621704697608948,0.339553564786911,0.5767255425453186,0.1448896825313568,0.3308505713939667,0.590518057346344,-0.14438322186470032,0.5021365880966187,0.7035402655601501,0.37286365032196045,0.5033549070358276,0.7020558714866638,-0.5317512154579163,0.6650658249855042,0.8130035996437073,0.4119681417942047,0.6742535829544067,0.8200069665908813,-0.8402194976806641,0.6832091808319092,0.8567271828651428,0.40939590334892273,0.6975705623626709,0.8503443598747253,-0.875590980052948,0.7674341201782227,0.7521947026252747,0.3496323823928833,0.7770721316337585,0.7426789402961731,-1.0472477674484253
leg raises_1500091.jpg,0.3648912012577057,0.03241540119051933,-0.14371982216835022,0.35950449109077454,0.015072448179125786,-0.12288679927587509,0.35938194394111633,0.01610911637544632,-0.12309826910495758,0.35956087708473206,0.016494473442435265,-0.12324786931276321,0.35420283675193787,0.010601924732327461,-0.16048680245876312,0.3498590588569641,0.01529559027403593,-0.16065947711467743,0.3455442190170288,0.014558968134224415,-0.16074585914611816,0.33867132663726807,0.03115861862897873,0.017382554709911346,0.3176131248474121,0.030789677053689957,-0.1691214144229889,0.3588258922100067,0.05911124497652054,-0.0864763930439949,0.352459579706192,0.05779863893985748,-0.14099815487861633,0.3314582109451294,0.14992499351501465,0.11770348250865936,0.2870262563228607,0.15211433172225952,-0.21190062165260315,0.3282928764820099,0.029470279812812805,0.16232985258102417,0.28976157307624817,0.020736129954457283,-0.5269705057144165,0.3436805009841919,-0.03589257597923279,0.07129905372858047,0.3130109906196594,-0.06316057592630386,-0.6762569546699524,0.3463931679725647,-0.07297550141811371,0.06190202385187149,0.32467472553253174,-0.08338230103254318,-0.721155047416687,0.33930835127830505,-0.07240767776966095,0.04348126798868179,0.3230469524860382,-0.08000802993774414,-0.6847906112670898,0.34013164043426514,-0.06059306859970093,0.06028498709201813,0.3194049298763275,-0.06814008951187134,-0.6644932627677917,0.3335561454296112,0.5776066780090332,0.15714411437511444,0.32619377970695496,0.5788586735725403,-0.15658912062644958,0.5181415677070618,0.5769045352935791,0.4201461672782898,0.5091931223869324,0.5702546834945679,-0.48325613141059875,0.7448821663856506,0.595255434513092,0.4072466492652893,0.7293403744697571,0.6253921389579773,-0.7806099653244019,0.777751088142395,0.6277833580970764,0.39940345287323,0.7716315984725952,0.6787406802177429,-0.815707802772522,0.8122643232345581,0.4925591051578522,0.3314979672431946,0.8198610544204712,0.5412399768829346,-1.001096248626709
leg raises_1500101.jpg,0.3610115647315979,0.03424125164747238,-0.11098015308380127,0.35520774126052856,0.01355537585914135,-0.09971749037504196,0.3550775647163391,0.014574847184121609,-0.09987523406744003,0.3552165627479553,0.014708949252963066,-0.10005545616149902,0.3496035039424896,0.011061644181609154,-0.13318689167499542,0.34373363852500916,0.012319902889430523,-0.13345429301261902,0.339601993560791,0.011402853764593601,-0.13353851437568665,0.3338228464126587,0.0326017364859581,0.023758450523018837,0.3155980408191681,0.029088491573929787,-0.16732634603977203,0.35612520575523376,0.058802150189876556,-0.06741172820329666,0.34945014119148254,0.05732901394367218,-0.11730582267045975,0.3254472613334656,0.1533707231283188,0.10819284617900848,0.286410391330719,0.1524631679058075,-0.189889594912529,0.3223990797996521,0.03480257838964462,0.18387271463871002,0.2851952910423279,0.024452559649944305,-0.4384870231151581,0.32625454664230347,-0.031737204641103745,0.10840331763029099,0.2919178605079651,-0.045510582625865936,-0.5420294404029846,0.320478230714798,-0.056444548070430756,0.15210507810115814,0.31282567977905273,-0.07960376143455505,-0.5774590969085693,0.3154049813747406,-0.056406646966934204,0.12433204799890518,0.3101726174354553,-0.07780169695615768,-0.5486859679222107,0.31852084398269653,-0.04577253758907318,0.10645092278718948,0.3067809045314789,-0.0569867342710495,-0.5327780246734619,0.3265281021595001,0.5857013463973999,0.14248041808605194,0.32624828815460205,0.5770866274833679,-0.14215369522571564,0.5086807012557983,0.5257923007011414,0.3089343309402466,0.5101366639137268,0.5177701115608215,-0.17549729347229004,0.6933346390724182,0.5037627816200256,0.3873521387577057,0.7087981700897217,0.50843346118927,-0.2567909359931946,0.7400153279304504,0.5217555165290833,0.36047664284706116,0.7483663558959961,0.5465126633644104,-0.27199944853782654,0.7664071917533875,0.3836546540260315,0.28276437520980835,0.7799355387687683,0.4024020731449127,-0.36532682180404663
leg raises_1500111.jpg,0.3624193072319031,0.039986517280340195,-0.13666461408138275,0.3568686544895172,0.01811615750193596,-0.12047319114208221,0.35696157813072205,0.018552979454398155,-0.1206609457731247,0.35733556747436523,0.018083075061440468,-0.120814748108387,0.3511504828929901,0.015927348285913467,-0.15368318557739258,0.34638914465904236,0.015462617389857769,-0.15395435690879822,0.3411415219306946,0.014104645699262619,-0.15407869219779968,0.3370499908924103,0.032173704355955124,0.009377934969961643,0.31679806113243103,0.024739740416407585,-0.16762675344944,0.35548844933509827,0.06355957686901093,-0.08622085303068161,0.34931957721710205,0.06145840138196945,-0.13624538481235504,0.32089412212371826,0.14332638680934906,0.10558225959539413,0.2793259918689728,0.14661337435245514,-0.1954146772623062,0.3242969512939453,0.04592731222510338,0.15616892278194427,0.28668922185897827,0.04242265969514847,-0.4839969277381897,0.3345722556114197,-0.02604353427886963,0.10559770464897156,0.2967965006828308,-0.03323855251073837,-0.6582491397857666,0.332879900932312,-0.049074653536081314,0.1091800183057785,0.3165165185928345,-0.04017706587910652,-0.6960399746894836,0.3280397653579712,-0.05283960700035095,0.09648670256137848,0.31157466769218445,-0.05309045687317848,-0.6690264940261841,0.3295469284057617,-0.045264508575201035,0.09982606023550034,0.3077397048473358,-0.03765198215842247,-0.6491109728813171,0.32067984342575073,0.5761685967445374,0.148544043302536,0.31869184970855713,0.5694968104362488,-0.14812645316123962,0.5042933821678162,0.5573270320892334,0.5600003600120544,0.5065757632255554,0.5185678601264954,-0.47410058975219727,0.6854571104049683,0.506589412689209,0.6575927734375,0.6860871911048889,0.5217580199241638,-0.7638342380523682,0.7174663543701172,0.5325292348861694,0.6612919569015503,0.717054009437561,0.5754109025001526,-0.796629011631012,0.7527892589569092,0.41001176834106445,0.6250247359275818,0.7648313045501709,0.42735883593559265,-0.9614693522453308
leg raises_1500121.jpg,0.3505145311355591,0.048873063176870346,-0.22210343182086945,0.3476566672325134,0.025846583768725395,-0.1929984986782074,0.3486855626106262,0.026027102023363113,-0.19323159754276276,0.350165456533432,0.025518355891108513,-0.19340521097183228,0.33791640400886536,0.02548012137413025,-0.2246403992176056,0.33381444215774536,0.025776617228984833,-0.2248421609401703,0.3299313485622406,0.024717433378100395,-0.2249407023191452,0.3342965543270111,0.04081452265381813,-0.024096578359603882,0.3084453046321869,0.03542177006602287,-0.18259383738040924,0.34724393486976624,0.07205773144960403,-0.15450206398963928,0.33844318985939026,0.06773588806390762,-0.200511634349823,0.32238805294036865,0.14942702651023865,0.10204295068979263,0.28475216031074524,0.15478715300559998,-0.21708689630031586,0.3197386860847473,0.04924419894814491,0.1217556819319725,0.2833438217639923,0.05035443976521492,-0.4997961223125458,0.33449405431747437,-0.016896585002541542,0.023653030395507812,0.29796791076660156,-0.025188343599438667,-0.6543706655502319,0.33373600244522095,-0.02911921963095665,0.013310937210917473,0.3197228014469147,-0.028582574799656868,-0.6978532671928406,0.3271780014038086,-0.03153034299612045,-0.000870635500177741,0.3133947551250458,-0.0398208312690258,-0.6695778369903564,0.32904139161109924,-0.02287602424621582,0.014185729436576366,0.3098677694797516,-0.02484198473393917,-0.645064115524292,0.32283633947372437,0.5684712529182434,0.15422143042087555,0.3170889914035797,0.5779476761817932,-0.15375623106956482,0.5013507604598999,0.599338710308075,0.443403422832489,0.4998706877231598,0.5960906744003296,-0.47921812534332275,0.6822985410690308,0.6587884426116943,0.5155764818191528,0.6939056515693665,0.6717811226844788,-0.7347579598426819,0.7187992930412292,0.6993699669837952,0.5168558359146118,0.7254612445831299,0.7107683420181274,-0.7636059522628784,0.76952064037323,0.5856679677963257,0.46745583415031433,0.7890070676803589,0.5792282819747925,-0.9198521971702576
leg raises_1500131.jpg,0.35432490706443787,0.06266433000564575,0.0037571662105619907,0.3524135649204254,0.04761429503560066,0.022811351343989372,0.35357826948165894,0.048813916742801666,0.02260669693350792,0.350913405418396,0.027392888441681862,0.022332502529025078,0.342612087726593,0.04512939602136612,0.008490155450999737,0.3380938768386841,0.04405636712908745,0.008492346853017807,0.3335590660572052,0.044606324285268784,0.008345752954483032,0.34128671884536743,0.07228140532970428,0.12227987498044968,0.31191715598106384,0.03753961622714996,0.054706767201423645,0.3461691439151764,0.07712873071432114,0.044827017933130264,0.3344428837299347,0.07018337398767471,0.02430076338350773,0.33573850989341736,0.17518089711666107,0.14119753241539001,0.2867606282234192,0.17542190849781036,0.05143387243151665,0.32638686895370483,0.05812986195087433,0.16356223821640015,0.2837294340133667,0.054455798119306564,0.02853703498840332,0.3367449641227722,-0.02453097328543663,0.22142821550369263,0.30187270045280457,-0.021265828981995583,0.1361125260591507,0.35464656352996826,-0.049077171832323074,0.20947681367397308,0.340128630399704,-0.03967008739709854,0.11194849759340286,0.3529103100299835,-0.052420154213905334,0.20118993520736694,0.3392259180545807,-0.04205998778343201,0.1258670538663864,0.35066699981689453,-0.040349580347537994,0.21569059789180756,0.33487680554389954,-0.02895137295126915,0.1379711776971817,0.32598093152046204,0.5705012679100037,0.06938138604164124,0.32118353247642517,0.5822322368621826,-0.06966079026460648,0.4993193745613098,0.8321681618690491,0.051429204642772675,0.4954376816749573,0.8494049310684204,-0.11090382933616638,0.6409624218940735,1.0563628673553467,0.11717119812965393,0.6815592050552368,1.0671929121017456,-0.03537470102310181,0.6441429257392883,1.0980838537216187,0.11852385848760605,0.6860045790672302,1.1005340814590454,-0.031616680324077606,0.7150785326957703,1.0894887447357178,-0.00680569326505065,0.7548791766166687,1.107409119606018,-0.15845893323421478
leg raises_1500141.jpg,0.3562009930610657,0.06422313302755356,-0.051299892365932465,0.35493794083595276,0.04230302572250366,-0.030795058235526085,0.35618287324905396,0.04202524945139885,-0.030979325994849205,0.3555392920970917,0.030143480747938156,-0.031201688572764397,0.3457893133163452,0.04566015675663948,-0.056692853569984436,0.33621564507484436,0.04363543540239334,-0.056719545274972916,0.3318588435649872,0.044046737253665924,-0.0568225234746933,0.34625712037086487,0.05900191888213158,0.08855514973402023,0.3141990602016449,0.03937050700187683,-0.027380529791116714,0.35024115443229675,0.08003981411457062,-0.0023557303939014673,0.33486491441726685,0.08495907485485077,-0.037854310125112534,0.3661308288574219,0.19078263640403748,0.14962083101272583,0.28800979256629944,0.1830805391073227,-0.04766314849257469,0.3530429005622864,0.07313894480466843,0.22013457119464874,0.2870047390460968,0.05777706578373909,-0.0595889575779438,0.3355414569377899,-0.005944030359387398,0.37282368540763855,0.3059988021850586,0.004374259151518345,0.1732594519853592,0.3415209650993347,-0.007589624263346195,0.3618197441101074,0.33387911319732666,-0.017880462110042572,0.17763426899909973,0.3438216745853424,0.0017604612512513995,0.37388142943382263,0.33122479915618896,-0.0009768245508894324,0.17761613428592682,0.34324491024017334,0.013233743607997894,0.3712461590766907,0.33003413677215576,0.01190261822193861,0.17536719143390656,0.3490724563598633,0.5970001816749573,0.07588508725166321,0.3340320885181427,0.5974515080451965,-0.07611075043678284,0.44199007749557495,0.9023001790046692,0.07824680209159851,0.437948614358902,0.9108706116676331,-0.07470354437828064,0.46245914697647095,1.1530953645706177,0.1642608344554901,0.4408493638038635,1.1702371835708618,0.027283811941742897,0.4499213397502899,1.1918400526046753,0.167425736784935,0.4296090304851532,1.2035940885543823,0.03664698451757431,0.5124040842056274,1.2256914377212524,0.061497319489717484,0.48951011896133423,1.2536041736602783,-0.08718029409646988
leg raises_1600001.jpg,0.4908977448940277,0.3264486491680145,-0.05763787403702736,0.49398431181907654,0.31811225414276123,-0.032282765954732895,0.49550661444664,0.3178477883338928,-0.03294680640101433,0.4967622756958008,0.3165260851383209,-0.03365851193666458,0.49106302857398987,0.32023367285728455,-0.06564545631408691,0.490298867225647,0.3212078809738159,-0.06573276966810226,0.4896579086780548,0.3213660418987274,-0.06596025824546814,0.49600493907928467,0.3269217312335968,-0.09258965402841568,0.49973684549331665,0.32836928963661194,-0.053498633205890656,0.49607235193252563,0.35150012373924255,-0.04260758310556412,0.4922015964984894,0.3540446162223816,-0.05115102604031563,0.48271483182907104,0.3912665843963623,-0.12162954360246658,0.49392759799957275,0.3929107189178467,-0.052883755415678024,0.46397870779037476,0.3330113887786865,-0.15132226049900055,0.49456024169921875,0.29752498865127563,-0.03813286870718002,0.49067676067352295,0.2208297699689865,-0.22970256209373474,0.5200897455215454,0.18701879680156708,-0.025147883221507072,0.49384555220603943,0.19953516125679016,-0.2546648383140564,0.5449188947677612,0.1927325576543808,-0.03077015094459057,0.5108963847160339,0.18300236761569977,-0.2626749873161316,0.5293457508087158,0.1571587324142456,-0.034731630235910416,0.510246992111206,0.19204525649547577,-0.23560208082199097,0.5074743032455444,0.19523130357265472,-0.027299685403704643,0.4817567765712738,0.7177626490592957,-0.0295945443212986,0.4911511242389679,0.7130717635154724,0.029267163947224617,0.48322975635528564,0.8410786986351013,0.13048309087753296,0.4986812472343445,0.8599978089332581,0.1861146092414856,0.504587709903717,0.9292057752609253,0.2767576575279236,0.5002865195274353,0.9333493709564209,0.38757845759391785,0.5019343495368958,0.9835190773010254,0.3042152225971222,0.5015407204627991,0.9290508031845093,0.40800216794013977,0.5020075440406799,1.0820281505584717,0.3033539950847626,0.5102261304855347,0.9937794804573059,0.40629467368125916
leg raises_1600011.jpg,0.5065656900405884,0.36542168259620667,0.005206210073083639,0.5028607845306396,0.3531939685344696,-0.02339908666908741,0.500464916229248,0.35389235615730286,-0.023450175300240517,0.4980301856994629,0.3550615608692169,-0.023589598014950752,0.5109277963638306,0.35340115427970886,-0.018893130123615265,0.5138263702392578,0.3539164960384369,-0.01887943409383297,0.5176134705543518,0.35496076941490173,-0.018924091011285782,0.4963485896587372,0.3732397258281708,-0.1280277818441391,0.5243163704872131,0.3715735971927643,-0.06919868290424347,0.5034874677658081,0.38186100125312805,-0.02614288590848446,0.5104002356529236,0.38262856006622314,-0.014920610003173351,0.473530650138855,0.4360005259513855,-0.15247537195682526,0.5282383561134338,0.4373708963394165,-0.06909503042697906,0.45220285654067993,0.3405933082103729,-0.16303123533725739,0.5703821182250977,0.3489514887332916,-0.036695729941129684,0.4366995394229889,0.22067612409591675,-0.2251761555671692,0.584111213684082,0.23587225377559662,0.0004994409391656518,0.460440993309021,0.20097419619560242,-0.25127074122428894,0.5996674299240112,0.21058036386966705,-0.0022000856697559357,0.45024821162223816,0.19883157312870026,-0.2544693350791931,0.5883229374885559,0.20905174314975739,-0.012904797680675983,0.44719934463500977,0.20735423266887665,-0.2284555435180664,0.5814431309700012,0.2193930447101593,-0.0034454858396202326,0.4670693576335907,0.7161428928375244,-0.020952213555574417,0.5251713991165161,0.7119694948196411,0.02059449627995491,0.48190632462501526,0.8149769306182861,0.25228559970855713,0.5346257090568542,0.8462775945663452,0.2745669484138489,0.49910882115364075,0.8783522844314575,0.419515460729599,0.5216174721717834,0.8929569721221924,0.460285484790802,0.5071923136711121,0.9002833962440491,0.43943798542022705,0.5226689577102661,0.9020563960075378,0.4811549484729767,0.49786216020584106,0.9062718152999878,0.4332122802734375,0.5332359075546265,0.9301589131355286,0.4732058346271515
leg raises_1600021.jpg,0.5057845711708069,0.3934509754180908,-0.1095946654677391,0.5023645162582397,0.38749706745147705,-0.15160460770130157,0.5001838803291321,0.38851800560951233,-0.15139934420585632,0.49783697724342346,0.3894059956073761,-0.15130731463432312,0.5092301964759827,0.3882081210613251,-0.14762401580810547,0.5120159983634949,0.38939765095710754,-0.14753824472427368,0.5152919888496399,0.390478253364563,-0.14743781089782715,0.49254143238067627,0.41402825713157654,-0.2625105082988739,0.5239219069480896,0.41313716769218445,-0.24857908487319946,0.503536581993103,0.4066804349422455,-0.14419101178646088,0.5105478167533875,0.40755847096443176,-0.1387486457824707,0.4504641592502594,0.45077216625213623,-0.2815644145011902,0.5504611134529114,0.4545154273509979,-0.22751450538635254,0.44754746556282043,0.34348711371421814,-0.3155064880847931,0.5570585131645203,0.35331135988235474,-0.22869303822517395,0.4257340133190155,0.2241443693637848,-0.3738231956958771,0.5956770181655884,0.23020587861537933,-0.32028332352638245,0.4298388361930847,0.20417219400405884,-0.4212583005428314,0.602111279964447,0.21310338377952576,-0.3570552468299866,0.43417802453041077,0.20641161501407623,-0.42665427923202515,0.5886004567146301,0.21185071766376495,-0.3810214400291443,0.43758106231689453,0.2124926745891571,-0.38145774602890015,0.5839194059371948,0.21819451451301575,-0.33412855863571167,0.4669803977012634,0.6941291689872742,-0.035724397748708725,0.5163977742195129,0.6912825107574463,0.035545848309993744,0.4576953053474426,0.5668700933456421,0.1106753870844841,0.5263665318489075,0.5607752203941345,0.2056926041841507,0.4902936518192291,0.46196383237838745,0.3301472067832947,0.5177440047264099,0.48084941506385803,0.41697368025779724,0.5019270181655884,0.4608721435070038,0.35363566875457764,0.5150400400161743,0.476365864276886,0.434470534324646,0.4921954572200775,0.38723012804985046,0.29032936692237854,0.51617032289505,0.4380858540534973,0.39086928963661194
leg raises_1600031.jpg,0.5093879103660583,0.3701440691947937,-0.22765357792377472,0.5102072358131409,0.3667626976966858,-0.22336086630821228,0.5112178325653076,0.3687715232372284,-0.22323894500732422,0.5126041173934937,0.37082287669181824,-0.22323766350746155,0.5081864595413208,0.36554154753685,-0.21373014152050018,0.5076283812522888,0.366485059261322,-0.2137184590101242,0.5072976350784302,0.36734330654144287,-0.21363689005374908,0.5160952210426331,0.390045702457428,-0.1978556513786316,0.5085535645484924,0.38371819257736206,-0.17802231013774872,0.5116522312164307,0.38991791009902954,-0.21571680903434753,0.5090542435646057,0.3897574841976166,-0.2021409422159195,0.5226245522499084,0.4366552233695984,-0.2209273725748062,0.4963415861129761,0.4418453276157379,-0.14037179946899414,0.5533500909805298,0.3418847322463989,-0.3371564745903015,0.5394989848136902,0.342155784368515,-0.17560335993766785,0.581091046333313,0.23311644792556763,-0.4051409959793091,0.465372771024704,0.2326166182756424,-0.24901972711086273,0.5844568610191345,0.2165469527244568,-0.4419330656528473,0.4466347098350525,0.21617132425308228,-0.2697463929653168,0.5784658193588257,0.2161855697631836,-0.43515607714653015,0.4653412997722626,0.21813403069972992,-0.28304705023765564,0.5743774771690369,0.2225930094718933,-0.4088727533817291,0.47864633798599243,0.2241034358739853,-0.2603117525577545,0.5034801363945007,0.6646386384963989,-0.05156811699271202,0.48726406693458557,0.6607723832130432,0.05157659575343132,0.4801448583602905,0.5240191221237183,-0.1093270555138588,0.5174251198768616,0.5431224703788757,0.10129343718290329,0.5057123303413391,0.4419182538986206,-0.03985554724931717,0.5036596059799194,0.43006807565689087,0.26833000779151917,0.5139042139053345,0.4367419481277466,-0.03844086453318596,0.4977308213710785,0.4231494069099426,0.32897281646728516,0.5122116208076477,0.37905892729759216,-0.13594074547290802,0.5035712122917175,0.3698357939720154,0.23943738639354706
leg raises_1600041.jpg,0.5068897604942322,0.36455222964286804,-0.0054510775953531265,0.505057156085968,0.3543907701969147,-0.03895669803023338,0.5045742392539978,0.35481661558151245,-0.03886988013982773,0.50417560338974,0.35521775484085083,-0.038786787539720535,0.5063976049423218,0.3545638918876648,-0.031040025874972343,0.5067203044891357,0.3549453318119049,-0.03099568746984005,0.507179856300354,0.3554321527481079,-0.031011607497930527,0.5029443502426147,0.36801788210868835,-0.14491687715053558,0.5075315237045288,0.36838221549987793,-0.11558742076158524,0.5062572956085205,0.3789719045162201,-0.03812232241034508,0.506989061832428,0.378218412399292,-0.027262000367045403,0.47822606563568115,0.41179025173187256,-0.15766285359859467,0.5204091668128967,0.4257040321826935,-0.10510896146297455,0.5079838633537292,0.33186593651771545,-0.17727836966514587,0.5574140548706055,0.3435225784778595,-0.0657256469130516,0.48865681886672974,0.23061822354793549,-0.22705240547657013,0.5797020196914673,0.23526787757873535,-0.03953862190246582,0.47359591722488403,0.2117493748664856,-0.31577131152153015,0.5916344523429871,0.21613286435604095,-0.042170267552137375,0.5145432353019714,0.21103116869926453,-0.33461132645606995,0.5835415124893188,0.21231164038181305,-0.04698241874575615,0.5222501754760742,0.2169766128063202,-0.24325473606586456,0.5799939036369324,0.2198217809200287,-0.0416141077876091,0.4762474596500397,0.6331835985183716,-0.02506956271827221,0.513147234916687,0.637359082698822,0.02478964813053608,0.45465391874313354,0.5952708125114441,0.21850913763046265,0.5170987248420715,0.6094794869422913,0.22908616065979004,0.45041558146476746,0.621661901473999,0.22544248402118683,0.5000849962234497,0.7661588788032532,0.22690756618976593,0.4542526602745056,0.63259357213974,0.22242316603660583,0.49287036061286926,0.7812387347221375,0.23364906013011932,0.4427243769168854,0.6058937311172485,0.26106539368629456,0.49475008249282837,0.806535005569458,0.21228477358818054
leg raises_1600051.jpg,0.5047089457511902,0.35989120602607727,0.004938697908073664,0.5032979249954224,0.35143235325813293,-0.018362361937761307,0.5026877522468567,0.35208660364151,-0.018346991389989853,0.5021422505378723,0.3526800274848938,-0.01834096573293209,0.5050584673881531,0.35124659538269043,0.0004968203720636666,0.505585789680481,0.35164177417755127,0.0004977212520316243,0.5062230229377747,0.35210391879081726,0.0004900354542769492,0.5013469457626343,0.36534589529037476,-0.1087910383939743,0.5081245303153992,0.3657124936580658,-0.011490548960864544,0.5037505626678467,0.3748244047164917,-0.019389541819691658,0.5048651695251465,0.37365323305130005,0.0050058020278811455,0.48583537340164185,0.41786858439445496,-0.1637875884771347,0.5198377370834351,0.4197459816932678,0.021191367879509926,0.4910476505756378,0.3286169171333313,-0.24309596419334412,0.5469360947608948,0.336933970451355,0.06479684263467789,0.48755520582199097,0.2328200489282608,-0.2878241240978241,0.5795914530754089,0.2364206314086914,0.056098487228155136,0.4586106538772583,0.2129361629486084,-0.3244216740131378,0.5919618606567383,0.21853280067443848,0.055351197719573975,0.5135899782180786,0.21200133860111237,-0.31348487734794617,0.5892786383628845,0.2146841287612915,0.04084669426083565,0.514327347278595,0.21871842443943024,-0.2863803505897522,0.5748598575592041,0.22205126285552979,0.04838439077138901,0.48790547251701355,0.6363912224769592,-0.06553907692432404,0.5175749063491821,0.6336520910263062,0.0653499886393547,0.475253701210022,0.7620391845703125,-0.046206165105104446,0.5150974988937378,0.733772337436676,0.14371412992477417,0.47994667291641235,0.8835601806640625,-0.06498260796070099,0.5035521388053894,0.8671694397926331,0.1264832317829132,0.48561885952949524,0.9322324991226196,-0.06967245042324066,0.5042440295219421,0.9071476459503174,0.12507851421833038,0.470859557390213,0.9075556397438049,-0.14360366761684418,0.5008007884025574,0.9017500877380371,0.07683637738227844
leg raises_1600061.jpg,0.5034188032150269,0.3657984733581543,-0.15453113615512848,0.5056111216545105,0.3557760417461395,-0.13229064643383026,0.5075852870941162,0.3563174903392792,-0.1323166787624359,0.5096896290779114,0.3569702208042145,-0.13237009942531586,0.5008819103240967,0.3554604947566986,-0.12074732780456543,0.4994896352291107,0.35564884543418884,-0.12075196206569672,0.4984237253665924,0.3558640480041504,-0.12076185643672943,0.5142979025840759,0.3681335151195526,-0.05858499929308891,0.4967080056667328,0.36538103222846985,-0.011477474123239517,0.5071185827255249,0.3797416388988495,-0.12029629200696945,0.5011957883834839,0.3778539299964905,-0.10472653061151505,0.5348331928253174,0.4233119487762451,-0.08313021063804626,0.5043745636940002,0.41460853815078735,0.04517479985952377,0.5714294910430908,0.33488109707832336,-0.18304798007011414,0.4512767791748047,0.33475205302238464,0.0268733911216259,0.5850241780281067,0.23887643218040466,-0.26118505001068115,0.4456722140312195,0.2379041463136673,-0.05153704434633255,0.5920907258987427,0.2182057499885559,-0.30452239513397217,0.4437519311904907,0.21885426342487335,-0.05445799604058266,0.5872753262519836,0.2150326669216156,-0.3080346882343292,0.4551580250263214,0.21656553447246552,-0.06522148847579956,0.5830980539321899,0.22249820828437805,-0.2691705822944641,0.4573661684989929,0.2241261601448059,-0.05836007371544838,0.5097600221633911,0.6373404264450073,-0.05579342320561409,0.5034418702125549,0.6346443891525269,0.05590708926320076,0.49404382705688477,0.7799965739250183,-0.1061546802520752,0.4953458607196808,0.7716291546821594,0.005118594970554113,0.4899917244911194,0.9472728371620178,-0.03868396580219269,0.49547627568244934,0.9344441890716553,0.05513988435268402,0.4957638084888458,0.9635124802589417,-0.04021937772631645,0.49945303797721863,0.9502304792404175,0.05376878008246422,0.4798986315727234,0.9829580783843994,-0.17638273537158966,0.48080140352249146,0.9708296060562134,-0.06236543878912926
leg raises_1600071.jpg,0.5041570663452148,0.36550378799438477,-0.1769423931837082,0.5064259171485901,0.35558316111564636,-0.15437716245651245,0.5084758400917053,0.3560302257537842,-0.15440385043621063,0.5105968713760376,0.35659289360046387,-0.15445023775100708,0.5012900829315186,0.3557373583316803,-0.1501707136631012,0.4996800124645233,0.35613954067230225,-0.15012165904045105,0.49829569458961487,0.3565464913845062,-0.1501542180776596,0.5145365595817566,0.3673969805240631,-0.0611073337495327,0.4965452253818512,0.3646889925003052,-0.040887411683797836,0.5079973340034485,0.37887322902679443,-0.14186517894268036,0.5017646551132202,0.3777815103530884,-0.13625040650367737,0.5308853387832642,0.4236002564430237,-0.05730627477169037,0.49145084619522095,0.41600501537323,-0.015373984351754189,0.5761438608169556,0.3348650336265564,-0.1365416944026947,0.441645085811615,0.3360881805419922,-0.023869452998042107,0.5899732708930969,0.2369052618741989,-0.23013779520988464,0.43531835079193115,0.2389812022447586,-0.1652265340089798,0.5984408855438232,0.21558858454227448,-0.25822219252586365,0.43377310037612915,0.22072426974773407,-0.1997189074754715,0.5920460224151611,0.21326811611652374,-0.25581851601600647,0.4445309638977051,0.21884161233901978,-0.20367588102817535,0.5882212519645691,0.2201560139656067,-0.2290450483560562,0.447126567363739,0.22494053840637207,-0.17462997138500214,0.5056403875350952,0.6361032128334045,-0.05241693556308746,0.49176210165023804,0.6324256658554077,0.053455900400877,0.49844834208488464,0.7673848271369934,-0.13836343586444855,0.4933152198791504,0.767430305480957,-0.07383671402931213,0.494295209646225,0.9337599277496338,-0.109345942735672,0.4971325099468231,0.9325991868972778,-0.07125673443078995,0.4970244765281677,0.9555102586746216,-0.11467811465263367,0.49988284707069397,0.9518178105354309,-0.07759012281894684,0.490693598985672,0.9685479998588562,-0.251369446516037,0.49312272667884827,0.9647939801216125,-0.19848015904426575
leg raises_1600081.jpg,0.5023936629295349,0.36622923612594604,-0.22042463719844818,0.5063596367835999,0.35484492778778076,-0.19864067435264587,0.5091409087181091,0.35500970482826233,-0.19866976141929626,0.5120324492454529,0.3553376793861389,-0.1987864375114441,0.4995059072971344,0.3557749390602112,-0.1881503015756607,0.497470498085022,0.35628238320350647,-0.1881987750530243,0.4957018792629242,0.3566635847091675,-0.18820157647132874,0.5177522897720337,0.3652282655239105,-0.10172896832227707,0.49451082944869995,0.36216604709625244,-0.05654175952076912,0.5072968602180481,0.3790499269962311,-0.18852217495441437,0.49944522976875305,0.3785499036312103,-0.17475438117980957,0.5352166891098022,0.42118847370147705,-0.14330406486988068,0.4859324097633362,0.41585206985473633,0.00011310779518680647,0.577476441860199,0.33389705419540405,-0.25958317518234253,0.43777450919151306,0.3343006670475006,-0.024538878351449966,0.5862682461738586,0.2380315512418747,-0.31658217310905457,0.4361659586429596,0.23504287004470825,-0.1585915982723236,0.5936467051506042,0.21560537815093994,-0.35895779728889465,0.43576154112815857,0.2173551321029663,-0.16896094381809235,0.5880906581878662,0.21424373984336853,-0.35116836428642273,0.4448946416378021,0.21708133816719055,-0.17413446307182312,0.5842569470405579,0.22133557498455048,-0.3197748064994812,0.44703519344329834,0.2230919748544693,-0.15620779991149902,0.5079389810562134,0.6230162382125854,-0.06943123787641525,0.48687422275543213,0.6226940155029297,0.06975667923688889,0.49506261944770813,0.7272698879241943,-0.17491313815116882,0.4824201762676239,0.6982259750366211,-0.0361785851418972,0.5164064168930054,0.8081340193748474,-0.011746621690690517,0.5040914416313171,0.8195876479148865,0.06246906518936157,0.5301637053489685,0.8125699162483215,0.0006551240221597254,0.5162060856819153,0.82820063829422,0.0849192887544632,0.52186518907547,0.8770574927330017,-0.08104459941387177,0.5029135346412659,0.9103934168815613,0.0019633828196674585
leg raises_1600091.jpg,0.5025995969772339,0.3778282105922699,-0.19245854020118713,0.5060951113700867,0.3703654110431671,-0.1730097085237503,0.5092996954917908,0.3715455234050751,-0.1729542464017868,0.5127226114273071,0.372790664434433,-0.1730072945356369,0.4983525574207306,0.370324969291687,-0.1689520925283432,0.4960445165634155,0.3718617856502533,-0.16896726191043854,0.4939452111721039,0.37347012758255005,-0.16893252730369568,0.5178807377815247,0.3837282359600067,-0.09525258839130402,0.49367043375968933,0.37626415491104126,-0.06294870376586914,0.5088928937911987,0.3940669298171997,-0.16329707205295563,0.49982836842536926,0.39522233605384827,-0.15724435448646545,0.5381937026977539,0.4256524443626404,-0.10107100754976273,0.4827762544155121,0.42305824160575867,-0.0342901349067688,0.5734503865242004,0.3377559185028076,-0.20635336637496948,0.4369111955165863,0.3327007591724396,-0.08352898061275482,0.5886303186416626,0.2379356324672699,-0.2578350901603699,0.4257482886314392,0.23160745203495026,-0.15506340563297272,0.593589186668396,0.21730653941631317,-0.2895185053348541,0.4204801023006439,0.21405109763145447,-0.17033293843269348,0.5866308212280273,0.2174106389284134,-0.2944711744785309,0.43585404753685,0.21553407609462738,-0.1736045479774475,0.5830703377723694,0.22438430786132812,-0.26029619574546814,0.4393409192562103,0.2215791642665863,-0.15946027636528015,0.51496821641922,0.6092705726623535,-0.03370862826704979,0.47789573669433594,0.6095245480537415,0.03423173353075981,0.502884030342102,0.46938246488571167,-0.23822347819805145,0.47914668917655945,0.4732992947101593,-0.11647650599479675,0.5202594995498657,0.373994916677475,-0.3471885919570923,0.48863813281059265,0.3738213777542114,-0.1975122094154358,0.5258542895317078,0.39561933279037476,-0.3606659173965454,0.494682639837265,0.37123197317123413,-0.2071136087179184,0.5329910516738892,0.28881481289863586,-0.4795602262020111,0.5075584053993225,0.2769164741039276,-0.3124965727329254
leg raises_1600101.jpg,0.5018866658210754,0.3714468777179718,-0.1750616729259491,0.5023143291473389,0.36304476857185364,-0.20882529020309448,0.5056787729263306,0.364306777715683,-0.20863276720046997,0.5099416971206665,0.36570867896080017,-0.20854540169239044,0.502274215221405,0.36271098256111145,-0.20389129221439362,0.5035129189491272,0.3638334572315216,-0.20381872355937958,0.5050808191299438,0.36497876048088074,-0.20370548963546753,0.5085498690605164,0.3789972960948944,-0.31036126613616943,0.5104974508285522,0.3763676881790161,-0.28651005029678345,0.5043870806694031,0.38836076855659485,-0.19615361094474792,0.5046581029891968,0.3877703845500946,-0.18930864334106445,0.48465192317962646,0.4244689643383026,-0.32182472944259644,0.5280548334121704,0.4296266734600067,-0.2606674134731293,0.45459088683128357,0.3336326479911804,-0.39041852951049805,0.5472086668014526,0.3385310173034668,-0.27145916223526,0.4422386586666107,0.2324664443731308,-0.483611524105072,0.568212628364563,0.2359725385904312,-0.37041911482810974,0.42212632298469543,0.21290506422519684,-0.54112708568573,0.5862603783607483,0.21757572889328003,-0.42057907581329346,0.4493888318538666,0.2138815075159073,-0.5484988689422607,0.5687257051467896,0.2187671810388565,-0.440904438495636,0.46189582347869873,0.22072771191596985,-0.49209073185920715,0.5603749752044678,0.22548963129520416,-0.3846721351146698,0.48220863938331604,0.603205680847168,-0.03158194199204445,0.5095494389533997,0.607735812664032,0.031926628202199936,0.47218406200408936,0.469089537858963,0.10397955775260925,0.4924764037132263,0.4704309105873108,0.1640920341014862,0.4811304807662964,0.3559131920337677,0.32848453521728516,0.4936128556728363,0.3687351644039154,0.39108896255493164,0.48839232325553894,0.34272462129592896,0.3465166687965393,0.49924203753471375,0.3559010326862335,0.4089948832988739,0.48297950625419617,0.30978506803512573,0.2458546757698059,0.5046873688697815,0.31627345085144043,0.3147577941417694
leg raises_1600111.jpg,0.502227783203125,0.36949118971824646,-0.3179413378238678,0.5056034922599792,0.3592138886451721,-0.29979079961776733,0.5089893937110901,0.36000871658325195,-0.2997785806655884,0.5124994516372681,0.36104410886764526,-0.29987895488739014,0.5003107786178589,0.3589147925376892,-0.2930147349834442,0.49989449977874756,0.35927996039390564,-0.2930448353290558,0.5007227659225464,0.3598022758960724,-0.2930651307106018,0.5169686079025269,0.3726551830768585,-0.21067258715629578,0.5044767260551453,0.3693857491016388,-0.18321910500526428,0.5067062973976135,0.38446077704429626,-0.2808074355125427,0.5013553500175476,0.3832799196243286,-0.27233022451400757,0.5351970791816711,0.42380666732788086,-0.20511655509471893,0.4937053322792053,0.4225989580154419,-0.14806632697582245,0.5695992112159729,0.33707377314567566,-0.2754022777080536,0.45288702845573425,0.3367910087108612,-0.1696196049451828,0.5772446393966675,0.24004514515399933,-0.3461453318595886,0.45328566431999207,0.23799817264080048,-0.24342432618141174,0.5804243683815002,0.21816985309123993,-0.3890741765499115,0.45068323612213135,0.2201320379972458,-0.2812342643737793,0.5772653818130493,0.21709345281124115,-0.39286118745803833,0.45807936787605286,0.2189353108406067,-0.28670650720596313,0.575512170791626,0.22412331402301788,-0.35415419936180115,0.46078529953956604,0.22563175857067108,-0.25267040729522705,0.5071569681167603,0.610263466835022,-0.03312345966696739,0.49300453066825867,0.6110495328903198,0.03338240832090378,0.5201614499092102,0.7369207739830017,0.017937248572707176,0.49385127425193787,0.7327672243118286,0.1284252405166626,0.5217959880828857,0.847752034664154,0.19549934566020966,0.4971050024032593,0.8557239174842834,0.22846673429012299,0.5214770436286926,0.8595199584960938,0.21156395971775055,0.504510760307312,0.8693729043006897,0.2427479475736618,0.525309681892395,0.8959668278694153,0.10808845609426498,0.5045538544654846,0.9053459763526917,0.13770613074302673
leg raises_1600121.jpg,0.5030840635299683,0.3709648549556732,-0.3246247470378876,0.5072410702705383,0.3598230183124542,-0.3057388663291931,0.5104619264602661,0.3603218197822571,-0.30576765537261963,0.5136462450027466,0.3610086739063263,-0.30586233735084534,0.5001394748687744,0.3593346178531647,-0.30018824338912964,0.4988245368003845,0.35927942395210266,-0.3002062141895294,0.4983631670475006,0.3593538999557495,-0.3002147972583771,0.5190538167953491,0.37012535333633423,-0.2006279081106186,0.49959298968315125,0.36653950810432434,-0.17480401694774628,0.5087229013442993,0.38467636704444885,-0.2839999794960022,0.5007777810096741,0.3828948140144348,-0.2767581641674042,0.5415332317352295,0.4221474826335907,-0.18122799694538116,0.48258495330810547,0.4190748929977417,-0.12171623855829239,0.5766735076904297,0.3378632366657257,-0.2546353340148926,0.438870906829834,0.33760344982147217,-0.14690937101840973,0.5870496034622192,0.24228070676326752,-0.3315069377422333,0.43650752305984497,0.23998355865478516,-0.2340758591890335,0.5906513333320618,0.2214520126581192,-0.37277752161026,0.4356207549571991,0.22201484441757202,-0.2714700996875763,0.5859302878379822,0.21942812204360962,-0.3812732994556427,0.44342178106307983,0.21988341212272644,-0.27679839730262756,0.5836055874824524,0.2260100245475769,-0.34115222096443176,0.4456135332584381,0.22651532292366028,-0.2439022958278656,0.5150156021118164,0.6139748692512512,-0.03220905363559723,0.4820287823677063,0.6125685572624207,0.03255217894911766,0.5136461853981018,0.7396443486213684,-0.12268268316984177,0.4824666380882263,0.7379790544509888,-0.050419848412275314,0.5174897909164429,0.8871620297431946,-0.05665995553135872,0.4858105778694153,0.8966536521911621,-0.012477243319153786,0.5134982466697693,0.9140183329582214,-0.058963220566511154,0.4895700216293335,0.9229550957679749,-0.017032554373145103,0.5100029706954956,0.9228091835975647,-0.2060714066028595,0.48283466696739197,0.9244371056556702,-0.15304669737815857
leg raises_1600131.jpg,0.5029350519180298,0.3734937906265259,-0.13969126343727112,0.5070667266845703,0.36099541187286377,-0.11092234402894974,0.5103041529655457,0.3611675798892975,-0.11096545308828354,0.5135186910629272,0.36153820157051086,-0.11106130480766296,0.49937888979911804,0.3611046373844147,-0.1049257144331932,0.49765312671661377,0.3610125780105591,-0.10493011772632599,0.49708276987075806,0.36115655303001404,-0.10488121956586838,0.5190388560295105,0.36933818459510803,0.004967669490724802,0.49832698702812195,0.3663587272167206,0.03260868415236473,0.5089756846427917,0.38690152764320374,-0.09609203785657883,0.49986064434051514,0.385391503572464,-0.08849625289440155,0.5420587062835693,0.42287665605545044,-0.007234988268464804,0.47552958130836487,0.41856202483177185,0.09524015337228775,0.5773652195930481,0.33846160769462585,-0.07390404492616653,0.4340730905532837,0.3365730941295624,0.06549283862113953,0.5872705578804016,0.24147330224514008,-0.13037525117397308,0.432863712310791,0.24159236252307892,-0.037617143243551254,0.5908687710762024,0.21978819370269775,-0.16809456050395966,0.43267160654067993,0.22239021956920624,-0.07786151021718979,0.5858948826789856,0.2182607203722,-0.17231759428977966,0.44039079546928406,0.22068868577480316,-0.08307918161153793,0.5834444165229797,0.22492800652980804,-0.13828973472118378,0.44250914454460144,0.22788797318935394,-0.04897117242217064,0.5128920078277588,0.6214743852615356,-0.054354872554540634,0.4770512580871582,0.6208901405334473,0.05463194102048874,0.5078193545341492,0.7875657081604004,-0.1188969612121582,0.4841226637363434,0.788297712802887,-0.017646079882979393,0.5058251619338989,0.9648734331130981,-0.06875554472208023,0.4905863404273987,0.9430678486824036,0.036873556673526764,0.5093802809715271,0.9742352962493896,-0.07247871905565262,0.491899698972702,0.9688068628311157,0.0354560948908329,0.4919067621231079,0.9979993104934692,-0.21491403877735138,0.4825249910354614,0.9715877175331116,-0.0839521586894989
leg raises_1600141.jpg,0.5040332078933716,0.37305453419685364,-0.25958067178726196,0.5078938603401184,0.3604143261909485,-0.235839381814003,0.5109395384788513,0.36054107546806335,-0.2358793467283249,0.5139477252960205,0.3608587384223938,-0.23598796129226685,0.4999939501285553,0.3605583608150482,-0.23306474089622498,0.4978850483894348,0.36045706272125244,-0.23306560516357422,0.4964672923088074,0.36051908135414124,-0.23304788768291473,0.5185767412185669,0.3684035837650299,-0.09285854548215866,0.49653491377830505,0.3655659556388855,-0.08776793628931046,0.5097441673278809,0.38603219389915466,-0.21436619758605957,0.5003182291984558,0.38456374406814575,-0.2107725292444229,0.5432685613632202,0.42186206579208374,-0.07137857377529144,0.47261926531791687,0.41726335883140564,-0.0028576599434018135,0.5784966349601746,0.3396358788013458,-0.14414578676223755,0.43311890959739685,0.33569759130477905,-0.09449046105146408,0.5879618525505066,0.2424568235874176,-0.18071825802326202,0.4321861267089844,0.2417195588350296,-0.21046635508537292,0.5912026166915894,0.22050626575946808,-0.19268622994422913,0.4321388006210327,0.2221880406141281,-0.25177106261253357,0.5866400003433228,0.2183360904455185,-0.20999877154827118,0.43937283754348755,0.22047901153564453,-0.2560666799545288,0.5844089984893799,0.22494442760944366,-0.16902600228786469,0.441277414560318,0.22788166999816895,-0.2205727994441986,0.5155852437019348,0.6219024062156677,-0.04514782875776291,0.47516578435897827,0.6211106777191162,0.04557845741510391,0.5067737698554993,0.7618930339813232,-0.12306323647499084,0.4833301603794098,0.7591221928596497,-0.03158097714185715,0.5027945041656494,0.921616792678833,-0.06297595798969269,0.4927212595939636,0.9123388528823853,0.005443386733531952,0.5014715790748596,0.9502972364425659,-0.06572068482637405,0.4948572814464569,0.9412434697151184,0.0014942107954993844,0.4957583546638489,0.9504239559173584,-0.20455731451511383,0.48903003334999084,0.940418004989624,-0.12227979302406311
leg raises_1600151.jpg,0.5047206878662109,0.37035638093948364,-0.324264794588089,0.5080677270889282,0.3583252727985382,-0.300483375787735,0.5108577609062195,0.35853496193885803,-0.300470769405365,0.5136045813560486,0.3588928282260895,-0.3006044030189514,0.5006342530250549,0.3585284352302551,-0.30132028460502625,0.49847596883773804,0.3585839867591858,-0.3014010488986969,0.49663016200065613,0.35873740911483765,-0.30141204595565796,0.5177973508834839,0.36709505319595337,-0.18758393824100494,0.49520573019981384,0.36451005935668945,-0.19429704546928406,0.5098868608474731,0.3837202191352844,-0.2844680845737457,0.5009499192237854,0.3824446499347687,-0.2860010862350464,0.5417321920394897,0.42125582695007324,-0.17061716318130493,0.4728221893310547,0.4164502024650574,-0.16485300660133362,0.5768850445747375,0.34013450145721436,-0.22921447455883026,0.4336138665676117,0.33523866534233093,-0.2369227260351181,0.5873613357543945,0.2417987883090973,-0.26278841495513916,0.43141308426856995,0.24116139113903046,-0.3029462695121765,0.590588390827179,0.22092995047569275,-0.2786185145378113,0.4316123425960541,0.22283172607421875,-0.3365493416786194,0.5858396291732788,0.21907415986061096,-0.27876219153404236,0.43892136216163635,0.22132277488708496,-0.3286267817020416,0.5836342573165894,0.22522810101509094,-0.2636374235153198,0.4407195448875427,0.22812877595424652,-0.3067037761211395,0.5137911438941956,0.6134602427482605,-0.01076117530465126,0.4752625524997711,0.6117401719093323,0.010892534628510475,0.5086606740951538,0.7358097434043884,-0.2277991622686386,0.4796017110347748,0.7192458510398865,-0.2566186487674713,0.5163029432296753,0.7909238934516907,0.08364273607730865,0.48845481872558594,0.7737143039703369,-0.016421647742390633,0.516455888748169,0.782680332660675,0.11727628111839294,0.4902980625629425,0.7775955200195312,0.005612273700535297,0.5103750228881836,0.8310641646385193,0.06627926975488663,0.48975080251693726,0.8214629292488098,-0.07512565702199936
leg raises_1600161.jpg,0.5040654540061951,0.3728710114955902,-0.25263041257858276,0.5069231390953064,0.3643421530723572,-0.24645362794399261,0.5071634650230408,0.36503100395202637,-0.24643294513225555,0.5072429180145264,0.3655788004398346,-0.24651888012886047,0.5015627145767212,0.362945556640625,-0.2516908049583435,0.5012102723121643,0.36276775598526,-0.25183409452438354,0.5012988448143005,0.3624822497367859,-0.2520919442176819,0.5085229873657227,0.3765016794204712,-0.26108840107917786,0.5023029446601868,0.3728804290294647,-0.19629187881946564,0.5086045861244202,0.38493791222572327,-0.2319149374961853,0.5025139451026917,0.3839331269264221,-0.23479558527469635,0.5121349692344666,0.42072397470474243,-0.26799601316452026,0.4927154779434204,0.42473357915878296,-0.15770669281482697,0.5455048084259033,0.3396051228046417,-0.35196033120155334,0.4430451989173889,0.3371778130531311,-0.16923540830612183,0.5759066939353943,0.24162346124649048,-0.4033382833003998,0.4325529932975769,0.24184347689151764,-0.23901431262493134,0.5789070129394531,0.2227817326784134,-0.44518792629241943,0.4294416606426239,0.2233654409646988,-0.2713223099708557,0.5752307176589966,0.22466854751110077,-0.4431511163711548,0.4412650167942047,0.22501835227012634,-0.28086137771606445,0.5802753567695618,0.23061561584472656,-0.4077281057834625,0.4449273347854614,0.23209525644779205,-0.24977140128612518,0.4968772232532501,0.6027669310569763,-0.025455506518483162,0.4809340834617615,0.6044567823410034,0.025481725111603737,0.4827025830745697,0.4683648943901062,0.036070093512535095,0.48063164949417114,0.45731353759765625,0.10454913228750229,0.5019758343696594,0.32750287652015686,0.213633194565773,0.4918273389339447,0.3331854045391083,0.30662646889686584,0.5043537020683289,0.3080281913280487,0.2273620069026947,0.49144595861434937,0.31487712264060974,0.3224148452281952,0.5090985894203186,0.28052449226379395,0.13204814493656158,0.4952400326728821,0.2943032383918762,0.235240176320076
leg raises_1600171.jpg,0.5036351084709167,0.3808927834033966,-0.2587133049964905,0.506626307964325,0.37200072407722473,-0.259846568107605,0.5068144202232361,0.3727128207683563,-0.25971975922584534,0.5067198276519775,0.37337222695350647,-0.2597867548465729,0.5014095902442932,0.37000572681427,-0.25143662095069885,0.5010692477226257,0.36949029564857483,-0.25143441557884216,0.5010292530059814,0.3688986003398895,-0.2513733208179474,0.5086348652839661,0.38109666109085083,-0.24244073033332825,0.5006467700004578,0.3774425983428955,-0.19330009818077087,0.5082663297653198,0.3914249837398529,-0.2463606745004654,0.5022899508476257,0.39036402106285095,-0.234419584274292,0.5177963972091675,0.4297627806663513,-0.23229633271694183,0.49061906337738037,0.431713730096817,-0.1619533747434616,0.5518030524253845,0.3400525450706482,-0.3278835117816925,0.4430425763130188,0.3399519920349121,-0.17807219922542572,0.578102707862854,0.24094253778457642,-0.399221807718277,0.43023449182510376,0.24081149697303772,-0.22724151611328125,0.5863254070281982,0.2214394509792328,-0.43721961975097656,0.4251742959022522,0.22214844822883606,-0.2580397129058838,0.5783603191375732,0.22319568693637848,-0.43496182560920715,0.4399913251399994,0.22561287879943848,-0.26459890604019165,0.5729967355728149,0.23168055713176727,-0.4043872654438019,0.4443005323410034,0.23321719467639923,-0.23677285015583038,0.5010716319084167,0.6000689268112183,-0.022890934720635414,0.4807537794113159,0.5983724594116211,0.022782545536756516,0.48733457922935486,0.45304352045059204,0.03713418170809746,0.4827871024608612,0.4592888355255127,0.16316328942775726,0.500720739364624,0.33806177973747253,0.19258758425712585,0.49313750863075256,0.340027391910553,0.40396007895469666,0.5019358396530151,0.32177090644836426,0.20475569367408752,0.49379241466522217,0.3209615647792816,0.4247686564922333,0.5089913606643677,0.2917701005935669,0.102568119764328,0.49601471424102783,0.30096596479415894,0.34536799788475037
leg raises_1600181.jpg,0.5039403438568115,0.3779197335243225,-0.2564649283885956,0.5074315071105957,0.3691791594028473,-0.24289293587207794,0.5091913342475891,0.370064914226532,-0.24285860359668732,0.5109707713127136,0.37082985043525696,-0.2429501712322235,0.5011066198348999,0.36714065074920654,-0.23907843232154846,0.5009145140647888,0.3667188286781311,-0.23912958800792694,0.499691903591156,0.3662721514701843,-0.23912152647972107,0.515062153339386,0.38077041506767273,-0.1537971794605255,0.4970640540122986,0.37537050247192383,-0.16199108958244324,0.5090281963348389,0.38920891284942627,-0.22827491164207458,0.5019303560256958,0.38819393515586853,-0.22242985665798187,0.5371218323707581,0.4275735318660736,-0.1371585726737976,0.47789862751960754,0.43109092116355896,-0.1369943767786026,0.571264922618866,0.34037351608276367,-0.23066940903663635,0.4371799826622009,0.3397749066352844,-0.1755937933921814,0.5841265916824341,0.24189360439777374,-0.30155545473098755,0.4308692216873169,0.2428445816040039,-0.24932299554347992,0.58827805519104,0.22136598825454712,-0.3274480402469635,0.4285435974597931,0.22352053225040436,-0.27828851342201233,0.5833827257156372,0.22201305627822876,-0.31996628642082214,0.4380398690700531,0.2244476079940796,-0.27403441071510315,0.5802425146102905,0.22991302609443665,-0.3043941557407379,0.44077983498573303,0.23187075555324554,-0.2539401352405548,0.5120769143104553,0.6026519536972046,-0.0031248447485268116,0.47571584582328796,0.5976476669311523,0.003270456101745367,0.511306643486023,0.6643866300582886,-0.2780472934246063,0.4732095003128052,0.5694259405136108,-0.3767228424549103,0.5058357119560242,0.6727646589279175,-0.23223869502544403,0.4924827218055725,0.6641702651977539,-0.40914204716682434,0.5103287100791931,0.7042736411094666,-0.22879740595817566,0.4929240942001343,0.709597647190094,-0.41453608870506287,0.5089386105537415,0.6995561122894287,-0.32687675952911377,0.5005559325218201,0.7068156003952026,-0.5329812169075012
leg raises_1600191.jpg,0.503961980342865,0.3760559558868408,-0.24659845232963562,0.5076608061790466,0.36708420515060425,-0.2292887419462204,0.510076642036438,0.36800074577331543,-0.22932012379169464,0.5125209093093872,0.3687747120857239,-0.22940650582313538,0.5008904337882996,0.3653648793697357,-0.2324146330356598,0.5005819797515869,0.36508500576019287,-0.2325335144996643,0.4982376992702484,0.36476919054985046,-0.2325890213251114,0.5171416997909546,0.38025927543640137,-0.0955452173948288,0.494839608669281,0.37469062209129333,-0.09358501434326172,0.5092821717262268,0.387930303812027,-0.20282794535160065,0.5017181634902954,0.38693588972091675,-0.20384491980075836,0.5410390496253967,0.4268418550491333,-0.060344669967889786,0.4722065329551697,0.43048515915870667,-0.02788102999329567,0.5759429931640625,0.339900940656662,-0.10674676299095154,0.433774471282959,0.3392299711704254,-0.10226817429065704,0.586163341999054,0.24217303097248077,-0.1688052862882614,0.43026766180992126,0.24413704872131348,-0.2330334484577179,0.5898599028587341,0.22121724486351013,-0.2012113630771637,0.4290514886379242,0.22435325384140015,-0.2700704336166382,0.5855492353439331,0.22124943137168884,-0.21096137166023254,0.4373018443584442,0.22390876710414886,-0.2682293653488159,0.5827751755714417,0.22883515059947968,-0.17823202908039093,0.43947726488113403,0.23134830594062805,-0.2400650531053543,0.5181401371955872,0.6073845624923706,-0.00378475827164948,0.4749808609485626,0.6034789681434631,0.004161962307989597,0.5082050561904907,0.7552552223205566,-0.15500326454639435,0.4746585190296173,0.7496103644371033,-0.13096745312213898,0.5031026005744934,0.9185646772384644,-0.11139100044965744,0.49009206891059875,0.9180960059165955,-0.09851326793432236,0.5047597289085388,0.9433808922767639,-0.11619933694601059,0.4909367561340332,0.9463775753974915,-0.10356307029724121,0.5053909420967102,0.9511607885360718,-0.2651631236076355,0.49107202887535095,0.9539380669593811,-0.24158260226249695
leg raises_1600201.jpg,0.5037866234779358,0.37501412630081177,-0.2446758896112442,0.5075943470001221,0.3655460476875305,-0.22903959453105927,0.5103771090507507,0.36636796593666077,-0.22900404036045074,0.513184666633606,0.36706122756004333,-0.22908295691013336,0.5008377432823181,0.3641503155231476,-0.22914841771125793,0.4995945990085602,0.3639526665210724,-0.22922883927822113,0.4965357184410095,0.363760381937027,-0.2292524129152298,0.5182816982269287,0.3785057067871094,-0.10381510108709335,0.4929367005825043,0.37366247177124023,-0.09265756607055664,0.5091342329978943,0.38732391595840454,-0.20166127383708954,0.501067578792572,0.38632240891456604,-0.20221249759197235,0.541806161403656,0.42578789591789246,-0.08665654808282852,0.4701370894908905,0.42943865060806274,-0.026393894106149673,0.5767226815223694,0.3401360809803009,-0.1552046835422516,0.4330824315547943,0.3386394679546356,-0.07431390881538391,0.5867913961410522,0.24334053695201874,-0.23245951533317566,0.43050649762153625,0.2439901977777481,-0.19338007271289825,0.590589165687561,0.22161002457141876,-0.26966917514801025,0.42912229895591736,0.22417157888412476,-0.2348339557647705,0.5858824849128723,0.2212107926607132,-0.2733825743198395,0.4375045597553253,0.22337698936462402,-0.24223847687244415,0.5832923054695129,0.22854308784008026,-0.2404051572084427,0.4397214353084564,0.23080770671367645,-0.2039903700351715,0.516591489315033,0.6175686717033386,-0.027979323640465736,0.4731360971927643,0.6155458092689514,0.028243759647011757,0.5065857768058777,0.7750318646430969,-0.0832737609744072,0.47522032260894775,0.7781408429145813,0.0020723820198327303,0.501916229724884,0.9452470541000366,-0.0922776386141777,0.49108177423477173,0.9141420722007751,0.10788273811340332,0.5034732818603516,0.9752622842788696,-0.056793637573719025,0.49111804366111755,0.9396053552627563,0.11123988032341003,0.49430471658706665,0.9837861061096191,-0.14936193823814392,0.48816341161727905,0.9565932154655457,-0.020976902917027473
leg raises_1600211.jpg,0.5036994218826294,0.374361127614975,-0.21797117590904236,0.5076028108596802,0.36450493335723877,-0.1925898641347885,0.5105407238006592,0.36525729298591614,-0.19266632199287415,0.5134667158126831,0.3658968508243561,-0.1927632987499237,0.5006994009017944,0.3633648753166199,-0.1873592734336853,0.4993825852870941,0.363228440284729,-0.18736228346824646,0.49598178267478943,0.36314040422439575,-0.1873910278081894,0.5188981890678406,0.37706536054611206,-0.07477813214063644,0.4924103617668152,0.3728898763656616,-0.04776810482144356,0.5092311501502991,0.3869090974330902,-0.17407085001468658,0.5009511113166809,0.3859218955039978,-0.16737012565135956,0.5421696305274963,0.4252018928527832,-0.06369100511074066,0.4698726534843445,0.42822468280792236,0.02323937974870205,0.5769541263580322,0.34070858359336853,-0.1486201137304306,0.43310296535491943,0.33865252137184143,0.005107782315462828,0.5869438648223877,0.24318109452724457,-0.23558345437049866,0.43075278401374817,0.244466170668602,-0.08894193172454834,0.5899499654769897,0.22164808213710785,-0.27501410245895386,0.4294879734516144,0.22447587549686432,-0.12220334261655807,0.5858754515647888,0.2208772450685501,-0.28236523270606995,0.4375835359096527,0.2232009321451187,-0.1275772899389267,0.5834535956382751,0.22808267176151276,-0.2444974035024643,0.43972235918045044,0.23058782517910004,-0.09912875294685364,0.5190533995628357,0.6179233193397522,-0.028792226687073708,0.4733123481273651,0.6155462265014648,0.029049914330244064,0.510114848613739,0.7345606684684753,-0.34945181012153625,0.47541573643684387,0.7381373643875122,-0.10792423039674759,0.503262460231781,0.8773440718650818,-0.4622400104999542,0.49055516719818115,0.8826733827590942,-0.17049114406108856,0.5042797923088074,0.9146499037742615,-0.4807835519313812,0.49270325899124146,0.9218077063560486,-0.18583232164382935,0.4961321949958801,0.9006375074386597,-0.6445999145507812,0.4838220775127411,0.9047521948814392,-0.31260669231414795
leg raises_1700001.jpg,0.43200811743736267,0.4017583727836609,0.3393324315547943,0.4308297336101532,0.39436519145965576,0.3798331320285797,0.43240177631378174,0.39510980248451233,0.37992194294929504,0.4339858293533325,0.39577895402908325,0.37987926602363586,0.4234662353992462,0.39372074604034424,0.35552772879600525,0.41980668902397156,0.3941267728805542,0.3555806577205658,0.41573458909988403,0.39449363946914673,0.3555384874343872,0.4296979010105133,0.4054023027420044,0.5103673934936523,0.40158525109291077,0.40531131625175476,0.3980216085910797,0.4345811605453491,0.4161788821220398,0.38329604268074036,0.4263375997543335,0.4138796925544739,0.34940969944000244,0.44434654712677,0.48794859647750854,0.5488561391830444,0.38611069321632385,0.455741286277771,0.23838186264038086,0.48807820677757263,0.409076988697052,0.6767538785934448,0.3926229476928711,0.33271265029907227,0.061073873192071915,0.5035920739173889,0.3146643042564392,0.762675940990448,0.3895350992679596,0.19834953546524048,0.07338445633649826,0.507284939289093,0.29318130016326904,0.7983303666114807,0.3909991681575775,0.16962584853172302,0.061310455203056335,0.5052369236946106,0.28938421607017517,0.7819750905036926,0.39285382628440857,0.16572560369968414,0.07671014219522476,0.5036853551864624,0.29600608348846436,0.7568997144699097,0.3928695619106293,0.17479942739009857,0.07866991311311722,0.44321516156196594,0.6898310780525208,0.11873470991849899,0.4030238091945648,0.6670310497283936,-0.11903629451990128,0.5350010395050049,0.6097820401191711,-0.19526156783103943,0.5069854855537415,0.5820882320404053,-0.29037532210350037,0.6448450088500977,0.5291123390197754,-0.38220736384391785,0.6570888757705688,0.5069390535354614,-0.5818406939506531,0.6693204045295715,0.5370244383811951,-0.41264063119888306,0.6878196597099304,0.5254008173942566,-0.6172474026679993,0.6834815740585327,0.4448496103286743,-0.5340953469276428,0.6637709736824036,0.4196940064430237,-0.7643430233001709
leg raises_1700011.jpg,0.42373353242874146,0.40524566173553467,0.03967763110995293,0.42562517523765564,0.3966667652130127,0.06857698410749435,0.42769548296928406,0.3974681794643402,0.0685315877199173,0.4297963082790375,0.3983519971370697,0.06847723573446274,0.41726261377334595,0.39592570066452026,0.05012926086783409,0.4135598838329315,0.3963617980480194,0.05010358989238739,0.4094103276729584,0.3969396948814392,0.05006353557109833,0.42575719952583313,0.40895071625709534,0.18516740202903748,0.3975033760070801,0.4080733358860016,0.10068998485803604,0.4247414469718933,0.42066818475723267,0.08092082291841507,0.4158356785774231,0.41979271173477173,0.05549371987581253,0.43562084436416626,0.48992329835891724,0.2341122031211853,0.37677037715911865,0.46867483854293823,0.1297888457775116,0.482662558555603,0.4085868299007416,0.21666282415390015,0.3867832124233246,0.3357686996459961,-0.20894762873649597,0.4985097348690033,0.3187229633331299,0.11644212901592255,0.39185890555381775,0.20881035923957825,-0.24120153486728668,0.5049320459365845,0.2994895875453949,0.09825330227613449,0.3949081599712372,0.18210992217063904,-0.2835107445716858,0.4991855025291443,0.29443979263305664,0.08132781833410263,0.40028077363967896,0.18219374120235443,-0.25007176399230957,0.49617043137550354,0.3004237413406372,0.10339640080928802,0.408518522977829,0.19409148395061493,-0.23456971347332,0.4279326796531677,0.6891694664955139,0.09547369927167892,0.3914070725440979,0.6899909973144531,-0.09523697197437286,0.5501388311386108,0.6420857310295105,-0.2070130705833435,0.5178902745246887,0.5998867750167847,-0.3113841414451599,0.6830807328224182,0.6385568976402283,-0.3959483206272125,0.6598595976829529,0.6353932023048401,-0.4983274042606354,0.7079057693481445,0.6547655463218689,-0.42020857334136963,0.6797417998313904,0.6554912328720093,-0.5208521485328674,0.6926986575126648,0.5673766136169434,-0.5640181303024292,0.6830466985702515,0.5685486197471619,-0.6564087271690369
leg raises_1700021.jpg,0.42654141783714294,0.40765222907066345,-0.03420466557145119,0.4275312125682831,0.39695119857788086,0.0031952527351677418,0.42923739552497864,0.3975662589073181,0.003153137629851699,0.4309643805027008,0.3981909155845642,0.003048571990802884,0.4204846918582916,0.3966817259788513,-0.015109093859791756,0.41708463430404663,0.3970794975757599,-0.015138177201151848,0.4137008786201477,0.39749056100845337,-0.015140983276069164,0.42566365003585815,0.40789684653282166,0.1505134552717209,0.40044528245925903,0.4074137508869171,0.06539177149534225,0.42818483710289,0.4252585172653198,0.016781825572252274,0.4187869131565094,0.4239481985569,-0.007917119190096855,0.4317568242549896,0.48790332674980164,0.21800397336483002,0.38043832778930664,0.4697486162185669,0.03732150420546532,0.47520750761032104,0.4043383300304413,0.23170943558216095,0.3876066505908966,0.33294951915740967,-0.17225714027881622,0.4946574866771698,0.3168676495552063,0.17094317078590393,0.3851357102394104,0.19720584154129028,-0.22698360681533813,0.501578688621521,0.2986268699169159,0.15971402823925018,0.38919535279273987,0.1670437455177307,-0.25035789608955383,0.4959968328475952,0.2952379584312439,0.145229309797287,0.3905671238899231,0.16285347938537598,-0.20810380578041077,0.49316921830177307,0.30148664116859436,0.15861183404922485,0.3905501663684845,0.1726425439119339,-0.19801412522792816,0.4229503273963928,0.6999251246452332,0.08320508897304535,0.3928053677082062,0.7072855234146118,-0.08322418481111526,0.544712483882904,0.7857722640037537,-0.21056249737739563,0.5097139477729797,0.7896347045898438,-0.3123672306537628,0.6433917284011841,0.8854621648788452,-0.385968953371048,0.645415186882019,0.8849304914474487,-0.4667498469352722,0.6444820761680603,0.9171275496482849,-0.4094834625720978,0.6363939642906189,0.9288705587387085,-0.48796793818473816,0.68412846326828,0.834440290927887,-0.5594662427902222,0.6835795640945435,0.8399531245231628,-0.6293448805809021
leg raises_1700031.jpg,0.428621768951416,0.40821731090545654,-0.07604634016752243,0.4286442995071411,0.3978002667427063,-0.04798126220703125,0.42990097403526306,0.39821305871009827,-0.048000939190387726,0.43120405077934265,0.3985767662525177,-0.04807225987315178,0.42256802320480347,0.3978632688522339,-0.05841651186347008,0.41962960362434387,0.39827123284339905,-0.05843254551291466,0.4166196882724762,0.3986661732196808,-0.05844059959053993,0.42563021183013916,0.40799158811569214,0.06910533457994461,0.4025205969810486,0.4083542823791504,-0.014597615227103233,0.430350661277771,0.42447641491889954,-0.03343276306986809,0.42234963178634644,0.42358019948005676,-0.04507628455758095,0.4379907548427582,0.48433271050453186,0.15368108451366425,0.3831520080566406,0.4661158621311188,-0.11038162559270859,0.4768458902835846,0.40159526467323303,0.21130985021591187,0.39072132110595703,0.33495840430259705,-0.26672452688217163,0.49684610962867737,0.31740602850914,0.13705405592918396,0.38643601536750793,0.2015509009361267,-0.2768346965312958,0.5017784833908081,0.3009057939052582,0.12808234989643097,0.38940632343292236,0.16863732039928436,-0.3151470720767975,0.4962480664253235,0.29799318313598633,0.10458379238843918,0.3897622227668762,0.16528436541557312,-0.291618287563324,0.4935337007045746,0.3032194674015045,0.11984176188707352,0.38973909616470337,0.17560851573944092,-0.27147892117500305,0.4210183918476105,0.7085961103439331,0.08873166143894196,0.392355740070343,0.7077750563621521,-0.08858581632375717,0.4704502522945404,0.8359720706939697,-0.009788709692656994,0.4607064425945282,0.8385886549949646,-0.2072194516658783,0.5265370607376099,0.9805466532707214,-0.011347576975822449,0.5223705172538757,0.9675076603889465,-0.2677973806858063,0.5241442322731018,1.0082690715789795,-0.01848171278834343,0.5185601115226746,0.9916437864303589,-0.28416842222213745,0.5792499780654907,0.9943287968635559,-0.11197277158498764,0.5759605169296265,0.9862245321273804,-0.48339489102363586
leg raises_1700041.jpg,0.4297018051147461,0.4071677327156067,-0.08525686711072922,0.42925989627838135,0.39780715107917786,-0.061807096004486084,0.43058446049690247,0.39834415912628174,-0.06178790330886841,0.4320702850818634,0.39885494112968445,-0.0618574358522892,0.4231291115283966,0.39795491099357605,-0.07426399737596512,0.42005378007888794,0.3985098600387573,-0.07417627424001694,0.4170709252357483,0.3990645408630371,-0.07422447204589844,0.42782944440841675,0.4102192223072052,0.045022957026958466,0.40415525436401367,0.4110122621059418,-0.044666092842817307,0.4319058060646057,0.42283791303634644,-0.047926854342222214,0.4244355261325836,0.4223378598690033,-0.06589823216199875,0.44352987408638,0.484855055809021,0.11966393142938614,0.3866104781627655,0.4695384204387665,-0.13467060029506683,0.4789683222770691,0.4004926085472107,0.15437929332256317,0.39226341247558594,0.3452296853065491,-0.2878422141075134,0.49869632720947266,0.31588658690452576,0.06697366386651993,0.38707736134529114,0.20399388670921326,-0.3001095950603485,0.5046939253807068,0.29937827587127686,0.04828992858529091,0.38877934217453003,0.176092728972435,-0.3372896611690521,0.498331218957901,0.2958402931690216,0.030784182250499725,0.38857367634773254,0.1731974333524704,-0.3192971646785736,0.49475765228271484,0.3010331988334656,0.050632789731025696,0.3893325924873352,0.18352027237415314,-0.2981782555580139,0.4304125905036926,0.7217994928359985,0.0782206580042839,0.3966210186481476,0.7162495851516724,-0.07804051041603088,0.4597417712211609,0.8609117865562439,0.036895476281642914,0.44321396946907043,0.8721722364425659,-0.15325210988521576,0.4870896637439728,1.0095034837722778,0.11210081726312637,0.47614315152168274,1.0084569454193115,-0.06774971634149551,0.4812198579311371,1.0300793647766113,0.11336445808410645,0.4705101549625397,1.0221880674362183,-0.06361865252256393,0.5210196375846863,1.0517312288284302,0.019935082644224167,0.5099183917045593,1.0600138902664185,-0.18092098832130432
leg raises_1700051.jpg,0.4302500784397125,0.40699660778045654,-0.12049712240695953,0.4301997125148773,0.3983497619628906,-0.09714027494192123,0.43171051144599915,0.3989376425743103,-0.0971766784787178,0.4334314465522766,0.39946192502975464,-0.09728537499904633,0.4238533079624176,0.39881816506385803,-0.11752986907958984,0.4208768308162689,0.3995964527130127,-0.11746508628129959,0.4180131256580353,0.4003054201602936,-0.11745431274175644,0.4299974739551544,0.4124020040035248,0.005460994318127632,0.40604057908058167,0.41339120268821716,-0.08578654378652573,0.4328271746635437,0.42276790738105774,-0.0828649029135704,0.42539313435554504,0.4226347506046295,-0.10955255478620529,0.4445684254169464,0.48497962951660156,0.10640830546617508,0.3879091143608093,0.47106224298477173,-0.16379331052303314,0.478599488735199,0.401552677154541,0.10183645039796829,0.3941906690597534,0.3499755859375,-0.31738168001174927,0.4980216920375824,0.3159468173980713,0.038205210119485855,0.38942039012908936,0.20711678266525269,-0.32422706484794617,0.5039686560630798,0.29977157711982727,0.019069410860538483,0.39121559262275696,0.17398853600025177,-0.361850768327713,0.497551292181015,0.29666000604629517,0.020924421027302742,0.39118120074272156,0.17059430480003357,-0.33665111660957336,0.49426838755607605,0.30159324407577515,0.042561814188957214,0.3918892443180084,0.18300732970237732,-0.32022354006767273,0.4333330988883972,0.7221755385398865,0.06942246109247208,0.3975329101085663,0.7172518372535706,-0.06917301565408707,0.4626411199569702,0.8553046584129333,0.026067938655614853,0.44033530354499817,0.8592679500579834,-0.1430836319923401,0.476593017578125,0.9574841260910034,0.18139107525348663,0.47109898924827576,0.968571662902832,0.003838346805423498,0.47063446044921875,0.9705836176872253,0.19348560273647308,0.4655363857746124,0.9800693988800049,0.01635776087641716,0.5023712515830994,0.9988718032836914,0.12901853024959564,0.5047699213027954,1.0142561197280884,-0.0783698782324791
leg raises_1700061.jpg,0.42568567395210266,0.40941721200942993,-0.08350202441215515,0.4267885982990265,0.3997528553009033,-0.055257320404052734,0.4287351369857788,0.40030887722969055,-0.05533042177557945,0.4307326078414917,0.40082868933677673,-0.05541731044650078,0.4197126626968384,0.400019109249115,-0.07408370077610016,0.41664206981658936,0.40062323212623596,-0.07412583380937576,0.41338449716567993,0.4011671245098114,-0.07418794184923172,0.42726317048072815,0.4127994179725647,0.06034648045897484,0.39975881576538086,0.41316646337509155,-0.026857072487473488,0.4287712872028351,0.42619335651397705,-0.041818879544734955,0.42021358013153076,0.42557013034820557,-0.06730478256940842,0.43898168206214905,0.4878478944301605,0.13715073466300964,0.382088840007782,0.47252050042152405,-0.11538394540548325,0.47926369309425354,0.4027882516384125,0.15211327373981476,0.3910810053348541,0.3449345827102661,-0.24861891567707062,0.5007134079933167,0.3159797787666321,0.06245209649205208,0.3892132639884949,0.20329080522060394,-0.26689285039901733,0.5076516270637512,0.3002578616142273,0.04702228680253029,0.3915211856365204,0.16721950471401215,-0.30563223361968994,0.5009823441505432,0.29760459065437317,0.026882313191890717,0.39183732867240906,0.16422225534915924,-0.287404865026474,0.4975537657737732,0.30250707268714905,0.04712323099374771,0.39265501499176025,0.17641201615333557,-0.2669118046760559,0.4256821870803833,0.7215786576271057,0.07073937356472015,0.3884298503398895,0.7204591631889343,-0.07046110928058624,0.46785280108451843,0.8662024736404419,-0.0031422306783497334,0.45078954100608826,0.8635196089744568,-0.1435806304216385,0.5239883065223694,1.0071855783462524,0.027379365637898445,0.5236656069755554,0.9974501132965088,-0.10251019895076752,0.5220127701759338,1.033709168434143,0.024460481479763985,0.5334751009941101,1.0212470293045044,-0.10870277136564255,0.5513390898704529,0.9934505224227905,-0.08095124363899231,0.5600137114524841,0.983415961265564,-0.235431969165802
leg raises_1700071.jpg,0.42559871077537537,0.4081553518772125,0.02323899045586586,0.4259917140007019,0.399243026971817,0.05381946638226509,0.42762553691864014,0.40018272399902344,0.053770169615745544,0.4293442666530609,0.40116041898727417,0.053743377327919006,0.41924920678138733,0.3987848162651062,0.028241809457540512,0.4160725772380829,0.3991926908493042,0.028109699487686157,0.41264262795448303,0.3995402157306671,0.028138216584920883,0.42203256487846375,0.41368892788887024,0.17198482155799866,0.39662978053092957,0.4108348786830902,0.05363265424966812,0.42740148305892944,0.42519813776016235,0.06428920477628708,0.4190535843372345,0.4239000082015991,0.029322702437639236,0.42943575978279114,0.4918921887874603,0.22932879626750946,0.37538227438926697,0.4682207703590393,-0.04953552782535553,0.47917744517326355,0.40860965847969055,0.2240586131811142,0.38463252782821655,0.33434513211250305,-0.2711654007434845,0.5020711421966553,0.32029250264167786,0.12928427755832672,0.3903175890445709,0.19709369540214539,-0.36588478088378906,0.5087618231773376,0.3034200966358185,0.1198306530714035,0.3921237289905548,0.16091029345989227,-0.4118140637874603,0.5026525855064392,0.3005862236022949,0.09851007163524628,0.39313969016075134,0.15902629494667053,-0.36904028058052063,0.49940192699432373,0.30574795603752136,0.11463531851768494,0.3939562141895294,0.17158235609531403,-0.35695022344589233,0.41751420497894287,0.7237652540206909,0.08737552911043167,0.38631030917167664,0.7106825709342957,-0.08682206273078918,0.5164068937301636,0.7666041851043701,-0.28801229596138,0.5013057589530945,0.7469664812088013,-0.3512261211872101,0.6349925398826599,0.7860404849052429,-0.5664970874786377,0.6245415806770325,0.7866584658622742,-0.6725378632545471,0.6545308828353882,0.8197129368782043,-0.5998832583427429,0.6422331929206848,0.8263349533081055,-0.709405779838562,0.662736713886261,0.6824100613594055,-0.7278353571891785,0.6658427119255066,0.6909340023994446,-0.8260082006454468
leg raises_1700081.jpg,0.4281471371650696,0.40749993920326233,0.2501748502254486,0.42891281843185425,0.39815571904182434,0.2829677164554596,0.4305274784564972,0.3990381062030792,0.2829483151435852,0.4322585165500641,0.3999546766281128,0.28289681673049927,0.4218994677066803,0.3976561725139618,0.2556550204753876,0.4185112416744232,0.3979644775390625,0.2555229961872101,0.4150932729244232,0.3982185423374176,0.2554813027381897,0.4252766966819763,0.41201066970825195,0.3891908824443817,0.3992559313774109,0.4090344309806824,0.26302361488342285,0.4298473298549652,0.4243490993976593,0.28559789061546326,0.4213675558567047,0.42305493354797363,0.24785687029361725,0.434210866689682,0.4915444552898407,0.4269353151321411,0.3793858587741852,0.4657728374004364,0.11437015235424042,0.48452550172805786,0.4167432188987732,0.4939080476760864,0.38766908645629883,0.33371296525001526,-0.08262744545936584,0.504792332649231,0.3211071789264679,0.49345138669013977,0.39230746030807495,0.1952739655971527,-0.1519642323255539,0.5099422931671143,0.3025785982608795,0.50690096616745,0.39314109086990356,0.15910983085632324,-0.17310979962348938,0.5033820271492004,0.29912230372428894,0.491543710231781,0.39381521940231323,0.15836818516254425,-0.15060536563396454,0.5005158185958862,0.3046330213546753,0.48410290479660034,0.3946167230606079,0.1702275425195694,-0.14505629241466522,0.42639878392219543,0.7215513586997986,0.1007465273141861,0.39221853017807007,0.7045322060585022,-0.10041408240795135,0.5476967096328735,0.6378896832466125,-0.1809428334236145,0.5099121928215027,0.6170918941497803,-0.3122604191303253,0.6636179089546204,0.595757246017456,-0.42848703265190125,0.6252047419548035,0.6237539649009705,-0.555395245552063,0.6824264526367188,0.6250265836715698,-0.4574575424194336,0.6490224599838257,0.6456955671310425,-0.5813453793525696,0.6861578822135925,0.5028829574584961,-0.5417231917381287,0.6697866916656494,0.5446160435676575,-0.6813180446624756
leg raises_1700091.jpg,0.4300815761089325,0.4072488248348236,0.13682056963443756,0.4302636384963989,0.3973836302757263,0.16214050352573395,0.4316101670265198,0.3983023762702942,0.16215716302394867,0.43307217955589294,0.39927682280540466,0.16207991540431976,0.42386123538017273,0.3967413306236267,0.13355697691440582,0.4204671084880829,0.39698532223701477,0.1334659457206726,0.41687503457069397,0.397203266620636,0.13348306715488434,0.42459139227867126,0.41169968247413635,0.25567546486854553,0.39935702085494995,0.4079262614250183,0.12952953577041626,0.4312605857849121,0.42427146434783936,0.17151065170764923,0.4234369099140167,0.4228403866291046,0.13292677700519562,0.43530982732772827,0.49612537026405334,0.327157199382782,0.38193464279174805,0.46597689390182495,0.02550283633172512,0.4861132800579071,0.4314059913158417,0.44523435831069946,0.38988780975341797,0.33358335494995117,-0.11989240348339081,0.5066509246826172,0.3244474530220032,0.4342111051082611,0.3925939202308655,0.19416533410549164,-0.12357766181230545,0.5104913115501404,0.3062672019004822,0.45633187890052795,0.391806960105896,0.15898901224136353,-0.14550566673278809,0.5041224956512451,0.3022446036338806,0.4298824667930603,0.39196810126304626,0.15767809748649597,-0.1246517226099968,0.501731276512146,0.30675774812698364,0.4215765595436096,0.3934634327888489,0.1695573776960373,-0.11552280932664871,0.4304232597351074,0.7214506268501282,0.10651485621929169,0.3965149521827698,0.7025015354156494,-0.10635146498680115,0.5475532412528992,0.6104929447174072,0.037115562707185745,0.5084894895553589,0.5619640946388245,-0.15190333127975464,0.6550890803337097,0.5146560668945312,0.0063649434596300125,0.6217411756515503,0.5118020176887512,-0.21083657443523407,0.6754076480865479,0.5291647911071777,-0.002293539000675082,0.6545645594596863,0.5331103801727295,-0.22229605913162231,0.6593642830848694,0.42120102047920227,-0.07231268286705017,0.6518359780311584,0.4224236309528351,-0.31762757897377014
leg raises_1700101.jpg,0.42791181802749634,0.4076586961746216,0.22493217885494232,0.4277978539466858,0.39759957790374756,0.25259968638420105,0.4289558529853821,0.39847394824028015,0.252584844827652,0.4302498400211334,0.39937683939933777,0.2525078356266022,0.4216940999031067,0.3967982828617096,0.22424226999282837,0.4181502163410187,0.3969082236289978,0.2241351455450058,0.41444408893585205,0.39698487520217896,0.224109947681427,0.42187291383743286,0.41112658381462097,0.34097054600715637,0.3972303569316864,0.4074203372001648,0.21170060336589813,0.42864254117012024,0.42441225051879883,0.2553485631942749,0.42090436816215515,0.42298147082328796,0.2166074961423874,0.43059036135673523,0.49569544196128845,0.39303889870643616,0.3794909417629242,0.46526700258255005,0.06813675910234451,0.4826052486896515,0.4223148822784424,0.5165975093841553,0.3909672498703003,0.3330456614494324,-0.048142146319150925,0.5044795274734497,0.32151344418525696,0.5437504053115845,0.39359602332115173,0.19246868789196014,-0.029498688876628876,0.5070945620536804,0.30333465337753296,0.5652000904083252,0.3926519453525543,0.15710870921611786,-0.046789512038230896,0.5012133717536926,0.2995319366455078,0.5405809879302979,0.3925377130508423,0.15568122267723083,-0.033733662217855453,0.4991314709186554,0.3042985200881958,0.5325330495834351,0.39426448941230774,0.1675918847322464,-0.023827800527215004,0.4284919500350952,0.7255988121032715,0.10862481594085693,0.39532214403152466,0.7011064887046814,-0.108476422727108,0.5532217621803284,0.652560830116272,-0.03974830359220505,0.5170567631721497,0.6041048169136047,-0.15640202164649963,0.6563193798065186,0.5918155908584595,-0.20593200623989105,0.6329041123390198,0.5938878655433655,-0.3669649064540863,0.6758050918579102,0.6101205348968506,-0.22782817482948303,0.6565255522727966,0.6160471439361572,-0.3881218135356903,0.6756877899169922,0.49556100368499756,-0.27172037959098816,0.6646447777748108,0.5023837685585022,-0.46496057510375977
leg raises_1700111.jpg,0.4258424639701843,0.4075677990913391,-0.032344505190849304,0.4257470369338989,0.3973647952079773,-0.0010709413327276707,0.42681121826171875,0.3982129395008087,-0.0012131616240367293,0.4280383884906769,0.39912086725234985,-0.0012907691998407245,0.42039674520492554,0.39673686027526855,-0.025438791140913963,0.41731730103492737,0.39676526188850403,-0.025551093742251396,0.4140430688858032,0.3967353403568268,-0.02547391504049301,0.4209824204444885,0.4105769395828247,0.1292373538017273,0.3992425501346588,0.4069199860095978,0.01595989800989628,0.4264526665210724,0.42399635910987854,0.014840496703982353,0.41948750615119934,0.42288821935653687,-0.01814957521855831,0.43002408742904663,0.4937782287597656,0.20476645231246948,0.3784891366958618,0.4666265845298767,-0.082365982234478,0.47581902146339417,0.41829392313957214,0.21300998330116272,0.39184752106666565,0.33394867181777954,-0.30090466141700745,0.5034452080726624,0.31919601559638977,0.16367483139038086,0.39348849654197693,0.2014082372188568,-0.34839949011802673,0.5071045160293579,0.30124300718307495,0.16066685318946838,0.39197447896003723,0.15859515964984894,-0.3907656669616699,0.5017582774162292,0.29757875204086304,0.14164508879184723,0.39206942915916443,0.15743198990821838,-0.3596954047679901,0.49901774525642395,0.30254581570625305,0.15125684440135956,0.39434337615966797,0.17226815223693848,-0.3420788645744324,0.42020276188850403,0.7284238934516907,0.09795248508453369,0.38886967301368713,0.7158192992210388,-0.09772050380706787,0.5421520471572876,0.7705803513526917,-0.35978516936302185,0.5108497738838196,0.7634761333465576,-0.4081638753414154,0.639170229434967,0.8197482824325562,-0.6758130788803101,0.6203997135162354,0.8397106528282166,-0.7539998888969421,0.6579285264015198,0.8657406568527222,-0.7122933864593506,0.635919988155365,0.8870558142662048,-0.7953470349311829,0.6897591948509216,0.7539568543434143,-0.8384101390838623,0.6834872961044312,0.7634124159812927,-0.9136782288551331
leg raises_1700121.jpg,0.42449721693992615,0.41088321805000305,-0.08338062465190887,0.42425358295440674,0.40025439858436584,-0.053893666714429855,0.4255703389644623,0.4007956087589264,-0.05399065837264061,0.42701098322868347,0.4013875424861908,-0.05416012182831764,0.4183768630027771,0.4002119302749634,-0.07225046306848526,0.41531503200531006,0.400479257106781,-0.0722237378358841,0.41213780641555786,0.4006892442703247,-0.072233647108078,0.4211462736129761,0.4135664701461792,0.06584612280130386,0.3984312117099762,0.4124104678630829,-0.01577475480735302,0.42612138390541077,0.4267813265323639,-0.039977509528398514,0.4192044138908386,0.4266071021556854,-0.06413420289754868,0.4315910041332245,0.49550706148147583,0.1231086328625679,0.37959355115890503,0.4834548830986023,-0.10793712735176086,0.47219783067703247,0.4126814901828766,0.13587673008441925,0.39754003286361694,0.3540319502353668,-0.2689276933670044,0.5024257898330688,0.3178829550743103,0.0727495402097702,0.4142552316188812,0.2331639677286148,-0.2720748782157898,0.5075883269309998,0.3004232943058014,0.0555938296020031,0.3933468163013458,0.17674261331558228,-0.30859264731407166,0.5018045902252197,0.29697635769844055,0.04270414635539055,0.3934175670146942,0.17527896165847778,-0.28496500849723816,0.49879005551338196,0.3021502196788788,0.05866340920329094,0.3985758423805237,0.19640205800533295,-0.2681794762611389,0.4237716794013977,0.7304677367210388,0.07865138351917267,0.39016228914260864,0.7246557474136353,-0.07837606966495514,0.5075950026512146,0.8759992718696594,-0.0691060721874237,0.4704021215438843,0.8946139812469482,-0.2347128987312317,0.5112223029136658,0.9459953904151917,0.15053696930408478,0.4875120222568512,0.962769627571106,-0.002264878712594509,0.5059019327163696,0.9499443173408508,0.1707998812198639,0.48229166865348816,0.9613732099533081,0.020422525703907013,0.52558434009552,0.9893364906311035,0.12315800040960312,0.5175614953041077,1.0105915069580078,-0.049019504338502884
leg raises_1700131.jpg,0.4250278174877167,0.4066978096961975,-0.0946059301495552,0.42549648880958557,0.39746665954589844,-0.06871520727872849,0.4269562065601349,0.3981434404850006,-0.06875776499509811,0.42853328585624695,0.39875221252441406,-0.06893917173147202,0.41947847604751587,0.3974073529243469,-0.09229690581560135,0.41649752855300903,0.3978731036186218,-0.09218563884496689,0.41337934136390686,0.39824777841567993,-0.09216396510601044,0.4232102334499359,0.41089561581611633,0.0431491956114769,0.40022170543670654,0.41136929392814636,-0.06058337166905403,0.4266134202480316,0.4233167767524719,-0.052611783146858215,0.4196116328239441,0.4224424660205841,-0.08297141641378403,0.4333804249763489,0.49153435230255127,0.11923515796661377,0.3802642524242401,0.47935083508491516,-0.15447235107421875,0.4745429456233978,0.38898229598999023,0.17397762835025787,0.39755773544311523,0.3525853157043457,-0.3020121157169342,0.501517653465271,0.3168404996395111,0.12191884219646454,0.406980037689209,0.21530622243881226,-0.28152260184288025,0.5071837902069092,0.29949066042900085,0.10572227090597153,0.392848402261734,0.16828148066997528,-0.3164795935153961,0.5017629265785217,0.29655107855796814,0.08887750655412674,0.39252227544784546,0.16721764206886292,-0.29740312695503235,0.4987747371196747,0.30143502354621887,0.1057756245136261,0.39611226320266724,0.1805659979581833,-0.27901777625083923,0.42561638355255127,0.7317864894866943,0.07611659169197083,0.3920207619667053,0.727767288684845,-0.07584209740161896,0.4705243706703186,0.901628851890564,-0.02644093707203865,0.4484119713306427,0.9166722893714905,-0.1869516670703888,0.4633968472480774,0.9302197098731995,0.2708514332771301,0.43445244431495667,0.9311444759368896,0.1424214243888855,0.45929136872291565,0.9242592453956604,0.30180782079696655,0.4279915392398834,0.9200875163078308,0.1789461225271225,0.4671105742454529,0.9700766801834106,0.28866326808929443,0.441989541053772,0.9680763483047485,0.16034187376499176
leg raises_1700141.jpg,0.42443957924842834,0.4065162241458893,-0.1340028941631317,0.42491719126701355,0.39715564250946045,-0.10627756267786026,0.42645642161369324,0.397839218378067,-0.1063491627573967,0.4281276762485504,0.3984619677066803,-0.10649828612804413,0.41870948672294617,0.3970344662666321,-0.12366335093975067,0.41561853885650635,0.3974650204181671,-0.12362217158079147,0.4124034345149994,0.3978143334388733,-0.1236436665058136,0.4233388900756836,0.4105287194252014,0.009245670400559902,0.3997655212879181,0.4106939136981964,-0.06815226376056671,0.4260384142398834,0.42337149381637573,-0.09231974929571152,0.418972373008728,0.422545850276947,-0.11507480591535568,0.43461719155311584,0.4911840260028839,0.06743466854095459,0.38218221068382263,0.47997066378593445,-0.15177741646766663,0.47665461897850037,0.3898158073425293,0.07692336291074753,0.3969976603984833,0.3514668047428131,-0.3191012442111969,0.5018599033355713,0.31622567772865295,-0.003960955422371626,0.401886910200119,0.21006160974502563,-0.3224699795246124,0.5075244307518005,0.29998600482940674,-0.027500422671437263,0.3925149142742157,0.16480779647827148,-0.3615245223045349,0.5019695162773132,0.29698801040649414,-0.041979655623435974,0.39231154322624207,0.16365906596183777,-0.3356133699417114,0.4987863004207611,0.3018907904624939,-0.02010284550487995,0.3951798975467682,0.17520153522491455,-0.31896182894706726,0.4259118437767029,0.7312425971031189,0.061577361077070236,0.39117011427879333,0.7299999594688416,-0.061279214918613434,0.48062998056411743,0.8776190876960754,-0.004477834794670343,0.4511875510215759,0.9015423059463501,-0.13768652081489563,0.4946380853652954,0.9774918556213379,0.16561485826969147,0.47819122672080994,0.9963006973266602,0.04465962573885918,0.48965197801589966,0.9869897365570068,0.17950688302516937,0.4770319163799286,1.0001879930496216,0.06085193157196045,0.5129237771034241,1.0294556617736816,0.10734831541776657,0.5053859949111938,1.0526951551437378,-0.034808989614248276
leg raises_1700151.jpg,0.4252733588218689,0.40637218952178955,-0.06521420180797577,0.4255366325378418,0.3969425559043884,-0.04219399392604828,0.4268418252468109,0.39761775732040405,-0.04242881387472153,0.42827028036117554,0.3982437551021576,-0.04245228320360184,0.41961726546287537,0.3969728648662567,-0.08569128811359406,0.4165186882019043,0.39729341864585876,-0.0861712247133255,0.41326263546943665,0.39741307497024536,-0.08596839010715485,0.42273277044296265,0.41028526425361633,0.05032503604888916,0.4006170928478241,0.41045236587524414,-0.025739895179867744,0.4264320433139801,0.423202782869339,-0.026320824399590492,0.41972386837005615,0.4224027097225189,-0.08592913299798965,0.43083932995796204,0.49140289425849915,0.17043545842170715,0.3820822834968567,0.4761788249015808,-0.11484930664300919,0.47541311383247375,0.4027550220489502,0.20498010516166687,0.39395076036453247,0.33765819668769836,-0.2975950837135315,0.5020979046821594,0.3184276223182678,0.05518822371959686,0.3986396789550781,0.20346331596374512,-0.3593692183494568,0.5079368352890015,0.3034948408603668,0.004588303621858358,0.39214208722114563,0.16188733279705048,-0.4079625904560089,0.5023847818374634,0.3000043034553528,0.05029575154185295,0.3920561671257019,0.16077148914337158,-0.37371912598609924,0.49905240535736084,0.3044787645339966,0.057535771280527115,0.3945508599281311,0.17249754071235657,-0.351634681224823,0.4167732000350952,0.7291020154953003,0.09345439821481705,0.38711217045783997,0.7256858944892883,-0.09291192144155502,0.5160806775093079,0.8424086570739746,-0.18017752468585968,0.4981640875339508,0.8900458216667175,-0.26681944727897644,0.6017794013023376,0.9014779925346375,-0.3359488844871521,0.5970116257667542,0.9102228879928589,-0.4711337983608246,0.6131402850151062,0.918886661529541,-0.3571065068244934,0.6088180541992188,0.9335425496101379,-0.49978938698768616,0.6631478667259216,0.8861160278320312,-0.46712014079093933,0.6664177179336548,0.8868319988250732,-0.6233497858047485
leg raises_1700161.jpg,0.4254927933216095,0.4067341685295105,0.12453842908143997,0.4253131151199341,0.3970282971858978,0.1512550413608551,0.42638590931892395,0.3977169394493103,0.1511957198381424,0.4275771379470825,0.39834684133529663,0.15112918615341187,0.4196227788925171,0.3968575894832611,0.12031624466180801,0.4163556396961212,0.3971046507358551,0.12018071115016937,0.4128681421279907,0.3971872627735138,0.12020513415336609,0.4192449450492859,0.4100625216960907,0.24742622673511505,0.3971641957759857,0.4103357195854187,0.11221258342266083,0.42616674304008484,0.42379558086395264,0.15871062874794006,0.4194013178348541,0.42307645082473755,0.11639360338449478,0.42481812834739685,0.4924265146255493,0.30158868432044983,0.38069045543670654,0.47182542085647583,-0.004335904493927956,0.4763776957988739,0.4133383333683014,0.34719812870025635,0.39157184958457947,0.3333330452442169,-0.1854657083749771,0.5015626549720764,0.31960824131965637,0.26162591576576233,0.3978928327560425,0.19464531540870667,-0.2532307505607605,0.5065693259239197,0.30356502532958984,0.2586524188518524,0.39213651418685913,0.15699605643749237,-0.2855209410190582,0.500903844833374,0.29978105425834656,0.23676548898220062,0.3920333981513977,0.1561148762702942,-0.25181883573532104,0.49783793091773987,0.3043007254600525,0.2471456676721573,0.3943537473678589,0.1681004911661148,-0.24226000905036926,0.4193984270095825,0.7281094193458557,0.09718795865774155,0.3885437250137329,0.7104604244232178,-0.09680915623903275,0.5358975529670715,0.6486804485321045,-0.16618295013904572,0.5064982771873474,0.621411919593811,-0.24690088629722595,0.6521081924438477,0.6196359992027283,-0.3168637454509735,0.6319669485092163,0.6242834329605103,-0.42946967482566833,0.6756232380867004,0.6415166258811951,-0.34012889862060547,0.6536406874656677,0.6505881547927856,-0.4533121883869171,0.6787559390068054,0.5216995477676392,-0.41978174448013306,0.6699875593185425,0.5296301245689392,-0.5405213832855225
leg raises_1700171.jpg,0.4244135022163391,0.406811386346817,0.22440758347511292,0.4237149953842163,0.3970547616481781,0.254485547542572,0.4248403310775757,0.39782625436782837,0.2545038163661957,0.42607423663139343,0.3985823690891266,0.254434198141098,0.4179232716560364,0.39677128195762634,0.2310073971748352,0.4146808385848999,0.39702603220939636,0.2309543639421463,0.41128501296043396,0.39715033769607544,0.23087845742702484,0.41765448451042175,0.41143709421157837,0.3515368402004242,0.3953860402107239,0.41108354926109314,0.24549807608127594,0.42543667554855347,0.42459285259246826,0.2581561505794525,0.4187239110469818,0.42359402775764465,0.2261144369840622,0.434532105922699,0.49690037965774536,0.39905163645744324,0.3814025819301605,0.47159820795059204,0.08852358162403107,0.49729177355766296,0.43407267332077026,0.4904707670211792,0.3938977122306824,0.33815285563468933,-0.06768600642681122,0.5032557249069214,0.32076382637023926,0.500037431716919,0.39804476499557495,0.1955765336751938,-0.06299187988042831,0.5068789720535278,0.3043493330478668,0.520149290561676,0.39302778244018555,0.15775898098945618,-0.08200322091579437,0.5011242032051086,0.30013373494148254,0.5005446076393127,0.3933272659778595,0.15651609003543854,-0.06499136984348297,0.4990357458591461,0.30425509810447693,0.49044016003608704,0.397520512342453,0.17282956838607788,-0.05584810674190521,0.4435196816921234,0.7302320599555969,0.10166420042514801,0.40074479579925537,0.7048366665840149,-0.10162593424320221,0.5494946241378784,0.5981013178825378,0.03015509620308876,0.5072692036628723,0.5272016525268555,-0.12028072774410248,0.6446364521980286,0.4682907164096832,-0.003758433973416686,0.6332261562347412,0.459245890378952,-0.18300087749958038,0.6668593287467957,0.48208850622177124,-0.013380802236497402,0.6516960263252258,0.4759065806865692,-0.1954239308834076,0.6522616744041443,0.37550827860832214,-0.10266339778900146,0.6439971327781677,0.352387011051178,-0.3139267861843109
leg raises_1700181.jpg,0.4245509207248688,0.4078730642795563,0.17187291383743286,0.4241524636745453,0.39784982800483704,0.19633296132087708,0.4252544641494751,0.3986552655696869,0.196302130818367,0.42639410495758057,0.3994706869125366,0.19620761275291443,0.41823622584342957,0.3972457945346832,0.16735902428627014,0.41493627429008484,0.3973587453365326,0.16727985441684723,0.4115394055843353,0.39737462997436523,0.16725198924541473,0.41653355956077576,0.4119890332221985,0.2813427150249481,0.3961045444011688,0.4107322692871094,0.15160053968429565,0.4257872700691223,0.4254285991191864,0.20296543836593628,0.41883355379104614,0.42420560121536255,0.16318510472774506,0.4298281967639923,0.5005955100059509,0.33924245834350586,0.3817366063594818,0.47144177556037903,0.021077832207083702,0.49605825543403625,0.4387819170951843,0.41997820138931274,0.40769949555397034,0.35208162665367126,-0.1401638388633728,0.5034142136573792,0.32398682832717896,0.39734894037246704,0.4098808467388153,0.20261143147945404,-0.15881524980068207,0.5066774487495422,0.3055683970451355,0.4149613082408905,0.40507179498672485,0.16708099842071533,-0.18724782764911652,0.5011551380157471,0.30087944865226746,0.38728681206703186,0.4067745804786682,0.1695002317428589,-0.16316980123519897,0.49924784898757935,0.30622074007987976,0.38444942235946655,0.415970116853714,0.19575756788253784,-0.1511468142271042,0.44293633103370667,0.7300773859024048,0.10608778893947601,0.40360623598098755,0.6984649896621704,-0.1059616282582283,0.543072521686554,0.6195570826530457,0.009002855978906155,0.5133475661277771,0.5677633285522461,-0.14621612429618835,0.6546263098716736,0.5262492895126343,-0.06740432232618332,0.6418983340263367,0.5212854146957397,-0.20921562612056732,0.6836758852005005,0.5452344417572021,-0.07981985062360764,0.6681343913078308,0.5432237982749939,-0.20449496805667877,0.6656415462493896,0.4309161305427551,-0.15786422789096832,0.6590718626976013,0.4216030240058899,-0.31695449352264404
leg raises_1700191.jpg,0.42416661977767944,0.40640702843666077,0.025936299934983253,0.4237162470817566,0.39702683687210083,0.0546603724360466,0.4248282015323639,0.397996723651886,0.05455164238810539,0.42602866888046265,0.39893341064453125,0.05448221042752266,0.4180257022380829,0.39583396911621094,0.03042963333427906,0.41486236453056335,0.3957606554031372,0.030301323160529137,0.4115719199180603,0.3955446779727936,0.030354654416441917,0.4173583388328552,0.41133224964141846,0.1674252450466156,0.3966291844844818,0.4080667793750763,0.05813659727573395,0.42525070905685425,0.4240840971469879,0.067231684923172,0.41852396726608276,0.42194876074790955,0.03486156091094017,0.4302707612514496,0.499586284160614,0.23512671887874603,0.38198044896125793,0.468702495098114,-0.04657047241926193,0.4864208400249481,0.4357452094554901,0.25178930163383484,0.40643084049224854,0.33816924691200256,-0.26306286454200745,0.5035325884819031,0.32375508546829224,0.18609002232551575,0.4025665521621704,0.19953477382659912,-0.3372136354446411,0.5068519711494446,0.30605772137641907,0.18228848278522491,0.39860281348228455,0.16237756609916687,-0.37866318225860596,0.5013404488563538,0.3014325797557831,0.15946336090564728,0.4005243480205536,0.16480876505374908,-0.34338483214378357,0.4992975890636444,0.3065792918205261,0.171787828207016,0.4059467017650604,0.18290498852729797,-0.3283938467502594,0.4310998320579529,0.7295861840248108,0.10262445360422134,0.40150195360183716,0.6991278529167175,-0.10190391540527344,0.539368212223053,0.7273778915405273,-0.25415825843811035,0.5182992219924927,0.6985942125320435,-0.2964019179344177,0.6520192623138428,0.7735344171524048,-0.47302713990211487,0.6400012969970703,0.7741670608520508,-0.5578028559684753,0.6742791533470154,0.8141590356826782,-0.4982481896877289,0.656866192817688,0.8290656805038452,-0.5894518494606018,0.6916497349739075,0.6665812730789185,-0.6147210001945496,0.6879908442497253,0.677172064781189,-0.7132107019424438
leg raises_1700201.jpg,0.42394036054611206,0.4063730835914612,-0.0739276260137558,0.42347896099090576,0.3969930112361908,-0.04847513511776924,0.42462173104286194,0.3979329466819763,-0.048536792397499084,0.4258905351161957,0.398847371339798,-0.048623573035001755,0.4178539514541626,0.39587441086769104,-0.07001548260450363,0.4147588312625885,0.3958316445350647,-0.07003342360258102,0.4115338921546936,0.3956570029258728,-0.07001646608114243,0.41791531443595886,0.4111934304237366,0.05886505916714668,0.3969874680042267,0.4083366394042969,-0.03739185631275177,0.4250336289405823,0.4240250885486603,-0.03413144499063492,0.4183894097805023,0.42194175720214844,-0.06254130601882935,0.4306451380252838,0.4989859163761139,0.14152418076992035,0.3823658227920532,0.47387656569480896,-0.1294577419757843,0.4797579050064087,0.41892945766448975,0.19592101871967316,0.40510591864585876,0.34001684188842773,-0.28579404950141907,0.5026500821113586,0.32326656579971313,0.13728922605514526,0.3979536294937134,0.20302090048789978,-0.2866280972957611,0.5065791010856628,0.3057962954044342,0.12934379279613495,0.3942248523235321,0.16322267055511475,-0.32247045636177063,0.5008089542388916,0.30141299962997437,0.10760580003261566,0.3967033922672272,0.16672340035438538,-0.29482296109199524,0.49855202436447144,0.306528776884079,0.12089749425649643,0.3997916281223297,0.18242566287517548,-0.28041213750839233,0.4246063530445099,0.7309972047805786,0.10216434299945831,0.3987504541873932,0.7151061296463013,-0.10144318640232086,0.49511605501174927,0.8388417363166809,0.009214128367602825,0.4733848571777344,0.8402806520462036,-0.18176575005054474,0.5343631505966187,0.9371791481971741,0.05013379827141762,0.5239443182945251,0.9437652826309204,-0.1471710503101349,0.533281147480011,0.9575079083442688,0.049094099551439285,0.5189920663833618,0.965605616569519,-0.14709754288196564,0.5645008683204651,0.9447194337844849,-0.015519890002906322,0.5691004395484924,0.9519636631011963,-0.23902219533920288
leg raises_1700211.jpg,0.42427507042884827,0.40616947412490845,-0.07985521852970123,0.4235181510448456,0.3965640962123871,-0.05552298575639725,0.4247235953807831,0.3974795341491699,-0.05554915592074394,0.42604687809944153,0.39835357666015625,-0.05564041808247566,0.41804131865501404,0.39534199237823486,-0.08077998459339142,0.4150565564632416,0.39522504806518555,-0.08071772754192352,0.4119059145450592,0.39497676491737366,-0.08069682866334915,0.41821423172950745,0.4098505973815918,0.0540098175406456,0.3978661298751831,0.40683653950691223,-0.058581769466400146,0.4250669777393341,0.42371994256973267,-0.03837373107671738,0.4187398850917816,0.4215579926967621,-0.07125476002693176,0.43089091777801514,0.4952782988548279,0.1515372395515442,0.382870078086853,0.473553329706192,-0.1586606502532959,0.4767901301383972,0.4095842242240906,0.2215173989534378,0.40462514758110046,0.3381219506263733,-0.32284030318260193,0.5021950602531433,0.32112663984298706,0.15438982844352722,0.3967994451522827,0.2029879093170166,-0.3355458378791809,0.5064553022384644,0.30441683530807495,0.1392863541841507,0.39336884021759033,0.16386578977108002,-0.37054285407066345,0.5007533431053162,0.2997962236404419,0.11697427183389664,0.3947260081768036,0.16666381061077118,-0.3512440025806427,0.4983152151107788,0.3050057888031006,0.13610713183879852,0.3968125879764557,0.18053342401981354,-0.33160677552223206,0.42116472125053406,0.7343636155128479,0.09939207881689072,0.39857566356658936,0.727940559387207,-0.09877326339483261,0.4492490887641907,0.8914812803268433,0.07891545444726944,0.4497835040092468,0.9101231694221497,-0.1430860459804535,0.4421766996383667,1.0054481029510498,0.1741868406534195,0.43910595774650574,1.0130441188812256,-0.03922625258564949,0.43276548385620117,1.019537329673767,0.17890127003192902,0.4254647195339203,1.0189284086227417,-0.03023947961628437,0.46117523312568665,1.0493743419647217,0.11821527779102325,0.46034106612205505,1.0639352798461914,-0.11136501282453537
leg raises_1700221.jpg,0.42443031072616577,0.4056698977947235,-0.10696616768836975,0.4236840307712555,0.3958108723163605,-0.0822620689868927,0.42486080527305603,0.39674729108810425,-0.08230110257863998,0.42615917325019836,0.3976239860057831,-0.0823795348405838,0.4182222783565521,0.3944529592990875,-0.10415013879537582,0.4152362644672394,0.39428582787513733,-0.10410723835229874,0.41208189725875854,0.39400237798690796,-0.10409832000732422,0.41851896047592163,0.40854862332344055,0.029068194329738617,0.397898405790329,0.40518802404403687,-0.06919709593057632,0.4252122640609741,0.42329615354537964,-0.06524062901735306,0.4188666343688965,0.4209195375442505,-0.09399159997701645,0.43127650022506714,0.49004223942756653,0.12391617894172668,0.3832476735115051,0.4734176695346832,-0.16024556756019592,0.4733146131038666,0.39750710129737854,0.18445107340812683,0.40390652418136597,0.33633700013160706,-0.3265535235404968,0.5014951229095459,0.3135943114757538,0.09843356907367706,0.3966061770915985,0.20196501910686493,-0.3463377058506012,0.5065461993217468,0.29765594005584717,0.07948584109544754,0.3926882743835449,0.1628800332546234,-0.3836161494255066,0.5008469223976135,0.2923469841480255,0.05504264310002327,0.39346805214881897,0.1637214720249176,-0.3627673387527466,0.49818694591522217,0.2987477779388428,0.07901681959629059,0.39578744769096375,0.17723937332630157,-0.3425859212875366,0.4219706654548645,0.7339829206466675,0.09803592413663864,0.398859441280365,0.7294892072677612,-0.09756246954202652,0.46228286623954773,0.8868083357810974,0.08921493589878082,0.4526170492172241,0.9003540277481079,-0.11355061084032059,0.47972923517227173,1.010905146598816,0.18068251013755798,0.4747498631477356,1.0343266725540161,-0.04161066189408302,0.473350465297699,1.0305438041687012,0.18424691259860992,0.46392902731895447,1.0494763851165771,-0.037775445729494095,0.5120914578437805,1.0488044023513794,0.11396346241235733,0.5147199034690857,1.0826389789581299,-0.1423947811126709
leg raises_1700231.jpg,0.424506813287735,0.4056890308856964,-0.053362440317869186,0.4238184690475464,0.39578014612197876,-0.02717655897140503,0.42500004172325134,0.3967175781726837,-0.027225207537412643,0.42630288004875183,0.3976019620895386,-0.027309445664286613,0.4183279275894165,0.3944357633590698,-0.050412867218256,0.4153069257736206,0.3942740857601166,-0.0504310242831707,0.4120626747608185,0.3939956724643707,-0.05041445791721344,0.418770432472229,0.40853261947631836,0.0796230137348175,0.3978148400783539,0.405179500579834,-0.022989895194768906,0.4253165125846863,0.4233655333518982,-0.01316186785697937,0.41887038946151733,0.421014666557312,-0.04401742294430733,0.43141141533851624,0.48969608545303345,0.1499718725681305,0.38188016414642334,0.473054975271225,-0.12341693788766861,0.47295811772346497,0.3974110782146454,0.21656128764152527,0.40106379985809326,0.33564239740371704,-0.29801127314567566,0.5012568235397339,0.30934464931488037,0.14859145879745483,0.39412346482276917,0.20203028619289398,-0.34677955508232117,0.506622850894928,0.293355256319046,0.13536988198757172,0.3914420008659363,0.16289584338665009,-0.39329198002815247,0.5008056163787842,0.2890147268772125,0.11479095369577408,0.3919195830821991,0.16361066699028015,-0.3565993905067444,0.4977957308292389,0.29472270607948303,0.13178879022598267,0.39393720030784607,0.17714707553386688,-0.3385445177555084,0.42224472761154175,0.7309933304786682,0.09705979377031326,0.39626798033714294,0.7274367213249207,-0.09662124514579773,0.5049914121627808,0.8378376364707947,-0.21966004371643066,0.4855737090110779,0.8360180258750916,-0.3037572503089905,0.5843000411987305,0.9335488080978394,-0.3963584899902344,0.5886281132698059,0.9421225786209106,-0.5124515295028687,0.5882949233055115,0.9717493057250977,-0.4199231266975403,0.594842791557312,0.9766727089881897,-0.5406078100204468,0.6564095616340637,0.9037339091300964,-0.543462336063385,0.6637864708900452,0.9169464707374573,-0.6688496470451355
leg raises_1700241.jpg,0.42439520359039307,0.40693143010139465,0.048393867909908295,0.4234798848628998,0.3964477479457855,0.07327543944120407,0.42457395792007446,0.39728036522865295,0.07322360575199127,0.42578694224357605,0.3980565667152405,0.07313979417085648,0.4178338944911957,0.39519909024238586,0.04225427657365799,0.4145534634590149,0.39499202370643616,0.04216435179114342,0.4110683798789978,0.39463865756988525,0.04224235564470291,0.4174542725086212,0.40852054953575134,0.17360231280326843,0.39589565992355347,0.4051448702812195,0.03000073879957199,0.4252283275127411,0.4244077801704407,0.08562865853309631,0.41855543851852417,0.4222746193408966,0.04352088272571564,0.4280953109264374,0.48972851037979126,0.23954132199287415,0.3799990713596344,0.4686519205570221,-0.07676535099744797,0.4736095070838928,0.40046170353889465,0.2813687324523926,0.40088316798210144,0.334206759929657,-0.2675454318523407,0.5009300708770752,0.30777212977409363,0.15877781808376312,0.3946455717086792,0.1948741227388382,-0.32809287309646606,0.505910336971283,0.29166316986083984,0.15446139872074127,0.3914709687232971,0.1579100340604782,-0.37565869092941284,0.499322772026062,0.2875508666038513,0.12387247383594513,0.3919508159160614,0.15876410901546478,-0.3438553214073181,0.49657121300697327,0.29268679022789,0.14102216064929962,0.39396265149116516,0.1720862239599228,-0.33339670300483704,0.4261583387851715,0.7285140156745911,0.09980939328670502,0.39754173159599304,0.7086598873138428,-0.09943147748708725,0.5421563982963562,0.6507179141044617,-0.13274702429771423,0.49962660670280457,0.613616406917572,-0.2574276626110077,0.6553811430931091,0.634490430355072,-0.297535240650177,0.626433789730072,0.6321569085121155,-0.39967870712280273,0.6750378012657166,0.6675191521644592,-0.3180578649044037,0.6510140895843506,0.6614218950271606,-0.4218696057796478,0.6870601177215576,0.5324405431747437,-0.40902891755104065,0.665740966796875,0.5354299545288086,-0.5213541984558105
leg raises_1700251.jpg,0.42345353960990906,0.4068378508090973,0.19516777992248535,0.42276954650878906,0.39635661244392395,0.2251722663640976,0.424063116312027,0.39721226692199707,0.22517791390419006,0.42546218633651733,0.3980310261249542,0.2250947505235672,0.4164131283760071,0.3951907753944397,0.2005217969417572,0.412815660238266,0.39498618245124817,0.20049555599689484,0.40902891755104065,0.394680917263031,0.20043227076530457,0.4174766540527344,0.40870046615600586,0.32520633935928345,0.3933274447917938,0.40549010038375854,0.21420778334140778,0.4247315227985382,0.4243961274623871,0.23100805282592773,0.4172111451625824,0.4223085045814514,0.19769658148288727,0.43702033162117004,0.48924052715301514,0.3790726959705353,0.38012880086898804,0.4646590054035187,0.06886560469865799,0.49141445755958557,0.41841036081314087,0.4570029079914093,0.40107402205467224,0.3401119112968445,-0.05681663379073143,0.5019944310188293,0.3086387813091278,0.4301670789718628,0.39707285165786743,0.19351422786712646,-0.023850632831454277,0.5059653520584106,0.29198676347732544,0.44454333186149597,0.39472246170043945,0.1587403416633606,-0.04264749959111214,0.49942055344581604,0.2881069779396057,0.42431360483169556,0.39278745651245117,0.15902259945869446,-0.025558941066265106,0.49787238240242004,0.29286253452301025,0.41929829120635986,0.3962720036506653,0.17169494926929474,-0.017006369307637215,0.44472238421440125,0.7166234254837036,0.10161615163087845,0.4054516553878784,0.6962945461273193,-0.10159192979335785,0.5458872318267822,0.5723428130149841,0.02177966758608818,0.4974091649055481,0.5176026821136475,-0.13077276945114136,0.6436329483985901,0.44771507382392883,-0.0011179494904354215,0.632219135761261,0.4389083981513977,-0.17921940982341766,0.6666039228439331,0.45638275146484375,-0.009674790315330029,0.6526448130607605,0.4456805884838104,-0.1897863745689392,0.6530523896217346,0.35367727279663086,-0.10282060503959656,0.6415135264396667,0.3328996002674103,-0.304219514131546
leg raises_1700261.jpg,0.42346277832984924,0.4072757661342621,0.09182414412498474,0.42285293340682983,0.3967548906803131,0.11939608305692673,0.4241442382335663,0.39762383699417114,0.11935596913099289,0.425538033246994,0.3984694182872772,0.1192701905965805,0.4164668917655945,0.3955337405204773,0.09456395357847214,0.4128100574016571,0.395327627658844,0.0945216491818428,0.4089096188545227,0.39505186676979065,0.09450776875019073,0.4176461100578308,0.4092405140399933,0.22793224453926086,0.3928672671318054,0.4061681926250458,0.12422505766153336,0.42475542426109314,0.4249579906463623,0.1297948956489563,0.41704457998275757,0.42301636934280396,0.09624616801738739,0.43675726652145386,0.48844942450523376,0.2932458519935608,0.38020503520965576,0.4646305441856384,-0.004895749036222696,0.48987409472465515,0.4183756411075592,0.3556763231754303,0.40085384249687195,0.33994656801223755,-0.1398579478263855,0.5022466778755188,0.3098420202732086,0.3031540513038635,0.3971182405948639,0.19258052110671997,-0.12491323798894882,0.5049096941947937,0.29224511981010437,0.31124475598335266,0.39437976479530334,0.15774506330490112,-0.15109968185424805,0.4982275664806366,0.28821736574172974,0.285119891166687,0.39251258969306946,0.15736612677574158,-0.12584710121154785,0.49735429883003235,0.2931656241416931,0.28894370794296265,0.3955572843551636,0.1691076010465622,-0.11542189866304398,0.4451211094856262,0.7146363258361816,0.10051725804805756,0.40702274441719055,0.6972692012786865,-0.10043967515230179,0.5499925017356873,0.5882501602172852,0.0302231777459383,0.4984062910079956,0.5452547073364258,-0.14788609743118286,0.6510822176933289,0.4937610924243927,0.01128491573035717,0.6286379098892212,0.502301037311554,-0.18472030758857727,0.6717031002044678,0.5067762732505798,0.004032345488667488,0.6482774615287781,0.5168460607528687,-0.19467924535274506,0.6549137830734253,0.4001104235649109,-0.06993374228477478,0.6413589715957642,0.3985811769962311,-0.298172265291214
leg raises_1700271.jpg,0.42276859283447266,0.40552452206611633,0.062418460845947266,0.4221181869506836,0.39541664719581604,0.10659369081258774,0.4232781231403351,0.3963831663131714,0.10639677941799164,0.4245336949825287,0.39732086658477783,0.10643807798624039,0.4160923361778259,0.3939397931098938,0.09072135388851166,0.4125968813896179,0.3936670124530792,0.09020514041185379,0.40887251496315,0.3933268189430237,0.09020065516233444,0.41674429178237915,0.4088693857192993,0.19884206354618073,0.39318278431892395,0.4048500061035156,0.08877934515476227,0.42386001348495483,0.42345067858695984,0.11538101732730865,0.41646555066108704,0.42096492648124695,0.09037265181541443,0.4341582655906677,0.49097755551338196,0.28905582427978516,0.3785034120082855,0.4639873504638672,-0.02570837177336216,0.48453769087791443,0.41753828525543213,0.26651766896247864,0.3967539072036743,0.33645176887512207,-0.2818419337272644,0.5022128224372864,0.3114824593067169,0.22970162332057953,0.3942575752735138,0.19779126346111298,-0.39174884557724,0.5050219893455505,0.293552964925766,0.22927027940750122,0.39245253801345825,0.160147026181221,-0.43367090821266174,0.4983486831188202,0.28959739208221436,0.2135562300682068,0.3913751244544983,0.15973255038261414,-0.3951418697834015,0.49736490845680237,0.2949714958667755,0.21927334368228912,0.3940616548061371,0.17114417254924774,-0.38299986720085144,0.4343624413013458,0.7177665829658508,0.09322009980678558,0.4057804048061371,0.6955053806304932,-0.09282104671001434,0.5417426824569702,0.6806066632270813,-0.34153032302856445,0.5140640139579773,0.6213428378105164,-0.36696475744247437,0.6552577614784241,0.6891545057296753,-0.649643063545227,0.6382162570953369,0.6828451156616211,-0.6991852521896362,0.6730349659919739,0.7370473146438599,-0.6844031810760498,0.6563442349433899,0.7415090799331665,-0.7367087006568909,0.6832733750343323,0.45860719680786133,-0.8144364953041077,0.6775646209716797,0.4878985583782196,-0.8547385931015015
leg raises_1700281.jpg,0.42283135652542114,0.4046974182128906,-0.04127049073576927,0.42219093441963196,0.3945603370666504,-0.013613401912152767,0.42335519194602966,0.39544183015823364,-0.013692277483642101,0.4246169328689575,0.3962863087654114,-0.013726962730288506,0.41614633798599243,0.3931659758090973,-0.03416841849684715,0.41262662410736084,0.39290085434913635,-0.03425423055887222,0.40891605615615845,0.3925730288028717,-0.0342639684677124,0.41681134700775146,0.4078555107116699,0.09374666959047318,0.3937684893608093,0.4041628837585449,-0.0021720458753407,0.42390623688697815,0.42250093817710876,0.0003161697823088616,0.4165378510951996,0.42008477449417114,-0.0274848360568285,0.4340040385723114,0.48991501331329346,0.18269343674182892,0.3786886930465698,0.46508798003196716,-0.10402972251176834,0.47904911637306213,0.40439456701278687,0.23370908200740814,0.39452987909317017,0.3365282714366913,-0.30840054154396057,0.5019903182983398,0.31100693345069885,0.16904784739017487,0.39087656140327454,0.20906376838684082,-0.377238392829895,0.5050423741340637,0.29296693205833435,0.1602793186903,0.3896503150463104,0.16944196820259094,-0.4223504364490509,0.4984439015388489,0.28896406292915344,0.13272908329963684,0.3892497420310974,0.16599848866462708,-0.3952580690383911,0.4971308708190918,0.2945791184902191,0.15059241652488708,0.3920126259326935,0.1796669363975525,-0.3724391758441925,0.42999061942100525,0.7158679366111755,0.09303029626607895,0.39983946084976196,0.7050195932388306,-0.09264801442623138,0.49925822019577026,0.8330785036087036,0.012690292671322823,0.4878620505332947,0.8421100378036499,-0.14754310250282288,0.5642397999763489,0.9764446020126343,0.04037586227059364,0.5543606281280518,0.9587762355804443,-0.16121691465377808,0.561686635017395,1.0079314708709717,0.03589139133691788,0.5595699548721313,0.9727367758750916,-0.16914671659469604,0.5933581590652466,0.959059476852417,-0.04827209189534187,0.6011866331100464,0.9636379480361938,-0.2834745943546295
leg raises_1700291.jpg,0.422930508852005,0.40457284450531006,-0.09518620371818542,0.42231547832489014,0.3943895995616913,-0.06881657242774963,0.4234519600868225,0.3952004313468933,-0.06884316354990005,0.42468252778053284,0.3959547281265259,-0.06888030469417572,0.4164482653141022,0.3930974006652832,-0.092356838285923,0.41310352087020874,0.39285486936569214,-0.09232190251350403,0.4095342457294464,0.39254850149154663,-0.09231282025575638,0.4171082377433777,0.4071197211742401,0.045818015933036804,0.3951473534107208,0.4040321409702301,-0.05984612926840782,0.42394182085990906,0.42201727628707886,-0.05216926336288452,0.4167242646217346,0.41988030076026917,-0.08295978605747223,0.4335843026638031,0.48914921283721924,0.14112259447574615,0.379487007856369,0.4667315185070038,-0.15908806025981903,0.47527021169662476,0.3994627296924591,0.19605471193790436,0.3939691483974457,0.3367149531841278,-0.33661699295043945,0.5016006231307983,0.31101301312446594,0.10195592045783997,0.3905031085014343,0.2125418782234192,-0.36719799041748047,0.5048975348472595,0.29293733835220337,0.08311381191015244,0.3892704248428345,0.1732679158449173,-0.40345683693885803,0.4984838664531708,0.28885161876678467,0.05695526674389839,0.3889348804950714,0.16892693936824799,-0.38379356265068054,0.4968516230583191,0.2945041358470917,0.08145643770694733,0.3915965259075165,0.1828543096780777,-0.3631674349308014,0.4252207577228546,0.7168084979057312,0.09041709452867508,0.398827463388443,0.7158323526382446,-0.0901203528046608,0.45508602261543274,0.8636900186538696,0.05096857249736786,0.45315611362457275,0.8811547160148621,-0.124060720205307,0.4723481833934784,1.02036714553833,0.11038874834775925,0.4733811616897583,1.0311830043792725,-0.08677171915769577,0.4626272916793823,1.043946385383606,0.10988529026508331,0.4621785283088684,1.0503169298171997,-0.08677183091640472,0.5076004862785339,1.0616538524627686,0.03015289269387722,0.5142378807067871,1.0807857513427734,-0.19616468250751495
leg raises_1700301.jpg,0.4244116544723511,0.4046873450279236,-0.05636444315314293,0.42366912961006165,0.39448097348213196,-0.0331018827855587,0.42473235726356506,0.39525794982910156,-0.03313523530960083,0.4258376359939575,0.39598846435546875,-0.03318026289343834,0.41800040006637573,0.3932971656322479,-0.06124762073159218,0.41493016481399536,0.39308950304985046,-0.061221543699502945,0.4116588234901428,0.3928253948688507,-0.06122439354658127,0.4178648889064789,0.40713292360305786,0.07241614162921906,0.3978314995765686,0.40425580739974976,-0.05556249991059303,0.42497968673706055,0.4220069944858551,-0.015660854056477547,0.41824546456336975,0.4199119508266449,-0.05248948559165001,0.43270352482795715,0.4890531301498413,0.16891200840473175,0.38307157158851624,0.46674659848213196,-0.1648547500371933,0.4726150333881378,0.3966822624206543,0.20076508820056915,0.3943752348423004,0.3384236991405487,-0.3581748306751251,0.5009354948997498,0.3116580843925476,0.12101111561059952,0.3907203674316406,0.2138543725013733,-0.4071301817893982,0.5040450096130371,0.29330936074256897,0.13657361268997192,0.3892802298069,0.17381031811237335,-0.4457331895828247,0.4980242848396301,0.2894923985004425,0.11703943461179733,0.38897767663002014,0.16921842098236084,-0.4285026788711548,0.49611732363700867,0.29508721828460693,0.11861143261194229,0.39166754484176636,0.18289725482463837,-0.4031676948070526,0.4241311252117157,0.7259129285812378,0.09563648700714111,0.40214070677757263,0.7259941697120667,-0.09540490806102753,0.4586174190044403,0.8967928290367126,0.09372980892658234,0.45540109276771545,0.9102237224578857,-0.1336953043937683,0.46744734048843384,1.051924467086792,0.1579485833644867,0.467916339635849,1.0912609100341797,-0.10451830178499222,0.4565894305706024,1.0728408098220825,0.1582779735326767,0.45474326610565186,1.1155813932418823,-0.10543356090784073,0.5041136145591736,1.1049505472183228,0.08842717111110687,0.5150891542434692,1.1480330228805542,-0.22001977264881134
leg raises_1700311.jpg,0.42395347356796265,0.4047226905822754,0.07047607749700546,0.42334046959877014,0.39481645822525024,0.09728298336267471,0.4243852198123932,0.3956058919429779,0.09719996899366379,0.42549794912338257,0.3963273763656616,0.0971047580242157,0.4178091883659363,0.39356181025505066,0.0752616673707962,0.41477492451667786,0.3933297395706177,0.07524195313453674,0.4115411937236786,0.39302054047584534,0.0751936063170433,0.41772639751434326,0.4074063301086426,0.19659973680973053,0.3977248966693878,0.4043949544429779,0.09837555140256882,0.42456039786338806,0.42196595668792725,0.10730179399251938,0.41799184679985046,0.4198627769947052,0.07766323536634445,0.43116557598114014,0.490579217672348,0.26755136251449585,0.3828212320804596,0.46824508905410767,-0.020857220515608788,0.47179073095321655,0.39746975898742676,0.36764290928840637,0.3941841721534729,0.3394148349761963,-0.17992694675922394,0.5007506012916565,0.3142963945865631,0.37245991826057434,0.3900601267814636,0.21535757184028625,-0.2055867612361908,0.504080057144165,0.2954259216785431,0.3781277537345886,0.38871538639068604,0.17434826493263245,-0.24094270169734955,0.4980449080467224,0.2919940948486328,0.353829562664032,0.38869258761405945,0.1702856868505478,-0.22762063145637512,0.49590644240379333,0.29777663946151733,0.3585927188396454,0.3913646638393402,0.18470963835716248,-0.2044394612312317,0.4227941632270813,0.7248994708061218,0.09074798226356506,0.39787280559539795,0.7257230877876282,-0.09053898602724075,0.4720032513141632,0.861223578453064,0.03595984727144241,0.4613364338874817,0.8615981340408325,-0.1528429090976715,0.5041033029556274,1.0109485387802124,0.039061445742845535,0.5071089863777161,0.9852036237716675,-0.18138042092323303,0.5141211748123169,1.040419101715088,0.03716418519616127,0.5023384690284729,1.0462852716445923,-0.18953357636928558,0.5406962037086487,1.0016344785690308,-0.05020394176244736,0.5705451965332031,1.0393143892288208,-0.3005054295063019
leg raises_1700321.jpg,0.42396214604377747,0.4046385586261749,0.12406984716653824,0.42335501313209534,0.39481887221336365,0.15733404457569122,0.4244014620780945,0.3956347107887268,0.15727287530899048,0.4255122244358063,0.3964107036590576,0.15720652043819427,0.41790109872817993,0.3933914303779602,0.13284581899642944,0.414933979511261,0.3930293619632721,0.13271386921405792,0.4117567837238312,0.39257973432540894,0.13270999491214752,0.41777175664901733,0.4074734151363373,0.27247709035873413,0.39786991477012634,0.4037972688674927,0.16068410873413086,0.4244947135448456,0.42193111777305603,0.1635020673274994,0.4179944396018982,0.41945213079452515,0.13012392818927765,0.4295249879360199,0.49174240231513977,0.3233230710029602,0.3810858428478241,0.46353018283843994,0.029599878937005997,0.4721003770828247,0.40258076786994934,0.40140992403030396,0.39420637488365173,0.33419671654701233,-0.17047065496444702,0.5008158683776855,0.31758466362953186,0.4423750340938568,0.39048680663108826,0.21106387674808502,-0.204733207821846,0.5046778321266174,0.29947593808174133,0.4585762619972229,0.38879016041755676,0.1707228571176529,-0.23191310465335846,0.4982159435749054,0.2962467670440674,0.4408359229564667,0.3890673816204071,0.1694360375404358,-0.2045392245054245,0.4959121644496918,0.3017277121543884,0.4329862594604492,0.3914865553379059,0.18260492384433746,-0.19766536355018616,0.42049258947372437,0.7269480228424072,0.09207945317029953,0.3973822593688965,0.7055678963661194,-0.09178659319877625,0.5208080410957336,0.7572535276412964,-0.278548926115036,0.49865782260894775,0.6977283358573914,-0.34885889291763306,0.6363765597343445,0.7762798070907593,-0.5658913254737854,0.617865264415741,0.7642351984977722,-0.6603089570999146,0.6578800082206726,0.8083887696266174,-0.5976800322532654,0.6344974637031555,0.8157035112380981,-0.6936820149421692,0.673130989074707,0.6761350631713867,-0.7122939229011536,0.6683082580566406,0.6797780394554138,-0.8058454990386963
leg raises_1800001.jpg,0.4527524411678314,0.20434916019439697,-0.13606500625610352,0.4501228928565979,0.18114043772220612,-0.10848475992679596,0.4516133666038513,0.18070918321609497,-0.10855203121900558,0.4530068635940552,0.18081337213516235,-0.10867388546466827,0.44188204407691956,0.1850074827671051,-0.13722413778305054,0.43742185831069946,0.18727266788482666,-0.13718505203723907,0.432621568441391,0.18978993594646454,-0.13719938695430756,0.4453803598880768,0.19548645615577698,0.03325893357396126,0.4175529181957245,0.20952259004116058,-0.09835069626569748,0.4579509198665619,0.22697202861309052,-0.08130227029323578,0.44817599654197693,0.23238550126552582,-0.11943400651216507,0.48031309247016907,0.2933928072452545,0.1284254938364029,0.40330249071121216,0.3108360469341278,-0.16687895357608795,0.5025535225868225,0.19869573414325714,0.14016413688659668,0.4069828689098358,0.22121013700962067,-0.44565650820732117,0.5257237553596497,0.11663158237934113,0.1024291142821312,0.4168730080127716,0.14387020468711853,-0.5939979553222656,0.5355947613716125,0.10337816923856735,0.10049837082624435,0.4153408110141754,0.10887821763753891,-0.6367749571800232,0.5296177864074707,0.10528378188610077,0.10227995365858078,0.42577916383743286,0.14009274542331696,-0.6146429181098938,0.5219800472259521,0.11276396363973618,0.09838782995939255,0.4194118082523346,0.11950615048408508,-0.5901955962181091,0.4746438264846802,0.6028849482536316,0.08552925288677216,0.43345001339912415,0.5948410630226135,-0.08522960543632507,0.4960659444332123,0.722790539264679,0.12034477293491364,0.4456864297389984,0.6948115229606628,-0.3140106797218323,0.47445523738861084,0.8073655962944031,0.21744404733181,0.4278971254825592,0.7314955592155457,-0.32396525144577026,0.46340125799179077,0.8155428767204285,0.2195303589105606,0.4180038273334503,0.7420690059661865,-0.3153737783432007,0.49294477701187134,0.8679689168930054,0.12831564247608185,0.4358607232570648,0.7302795648574829,-0.4165886640548706
leg raises_1800011.jpg,0.45490211248397827,0.1961285024881363,-0.1429196298122406,0.45198383927345276,0.1821727603673935,-0.1223466768860817,0.4539145231246948,0.18263159692287445,-0.12234015017747879,0.45596879720687866,0.18360517919063568,-0.12240705639123917,0.44388309121131897,0.18614588677883148,-0.1495756059885025,0.43977174162864685,0.18928371369838715,-0.14961768686771393,0.43542832136154175,0.19265592098236084,-0.14956583082675934,0.45508819818496704,0.2011159062385559,-0.013595360331237316,0.421793133020401,0.21748919785022736,-0.13942117989063263,0.4604018032550812,0.21390102803707123,-0.0998675748705864,0.45581695437431335,0.2309366911649704,-0.1360170990228653,0.48691514134407043,0.28015148639678955,0.05158328264951706,0.4016279876232147,0.29665708541870117,-0.16143150627613068,0.508553683757782,0.16536302864551544,0.05203591287136078,0.4057793915271759,0.1964922547340393,-0.3395964205265045,0.5235552787780762,0.09585196524858475,-0.011990899220108986,0.41834312677383423,0.11190346628427505,-0.377029687166214,0.5313367247581482,0.08729488402605057,-0.006206893362104893,0.4205254316329956,0.09527284651994705,-0.3727369010448456,0.5220381617546082,0.09463084489107132,-0.01685348153114319,0.425363689661026,0.10535833239555359,-0.35714155435562134,0.5164007544517517,0.08647870272397995,-0.01889118179678917,0.4206223785877228,0.10507910698652267,-0.36963653564453125,0.47880443930625916,0.5452783703804016,0.0730033814907074,0.42798158526420593,0.5474691390991211,-0.07287029176950455,0.48164230585098267,0.49323123693466187,0.061028871685266495,0.41035640239715576,0.33785882592201233,-0.1607004702091217,0.49259430170059204,0.35512685775756836,0.031168533489108086,0.44469740986824036,0.13680621981620789,-0.259005606174469,0.4996355175971985,0.34162092208862305,0.025508174672722816,0.45453283190727234,0.12630204856395721,-0.2682904899120331,0.47461527585983276,0.30511337518692017,-0.04685476794838905,0.4327707886695862,0.036271288990974426,-0.37036052346229553
leg raises_1800021.jpg,0.45528921484947205,0.17879632115364075,-0.16169795393943787,0.45373162627220154,0.16357636451721191,-0.13479845225811005,0.45621365308761597,0.1643311083316803,-0.1348229944705963,0.4588591754436493,0.1654021292924881,-0.1349208503961563,0.44426366686820984,0.16572622954845428,-0.15691742300987244,0.43972328305244446,0.16793905198574066,-0.15696023404598236,0.4350659251213074,0.17028014361858368,-0.15693612396717072,0.45819947123527527,0.17756135761737823,0.003772956784814596,0.4204559624195099,0.18639875948429108,-0.102454274892807,0.4608059227466583,0.19744613766670227,-0.10756047815084457,0.4513402283191681,0.201056569814682,-0.13792306184768677,0.49053382873535156,0.2622866630554199,0.08563870936632156,0.40234214067459106,0.2721046507358551,-0.14257659018039703,0.5136560797691345,0.14932957291603088,0.07154218852519989,0.40473952889442444,0.21649911999702454,-0.3632851541042328,0.5279527902603149,0.08500926941633224,0.027173804119229317,0.4217807352542877,0.1410100758075714,-0.512140691280365,0.5384737253189087,0.06377902626991272,0.032229747623205185,0.4249972701072693,0.12128734588623047,-0.5459924936294556,0.5341577529907227,0.06056881323456764,0.011561517603695393,0.425424188375473,0.10896991938352585,-0.5301415920257568,0.5403387546539307,0.05949461832642555,0.016483135521411896,0.424080491065979,0.11751965433359146,-0.5103471875190735,0.47836190462112427,0.5374072790145874,0.07635006308555603,0.4313949942588806,0.5113522410392761,-0.07609379291534424,0.49327564239501953,0.6377483606338501,0.1532181054353714,0.41241583228111267,0.3307165503501892,-0.31624898314476013,0.47228220105171204,0.6563223600387573,0.17836123704910278,0.43812888860702515,0.07731028646230698,-0.43874290585517883,0.46278953552246094,0.6651503443717957,0.17638900876045227,0.47563448548316956,0.07792578637599945,-0.451581209897995,0.47657790780067444,0.6209923028945923,0.1019909456372261,0.46899834275245667,-0.024249479174613953,-0.5633641481399536
leg raises_1800031.jpg,,,,,,,,,,,,,,,,,,,,,,,,,,,,,,,,,,,,,,,,,,,,,,,,,,,,,,,,,,,,,,,,,,,,,,,,,,,,,,,,,,,,,,,,,,,,,,,,,,,
leg raises_1800041.jpg,0.4363913834095001,0.18386974930763245,-0.21494419872760773,0.4366467297077179,0.1621648669242859,-0.17837290465831757,0.4395506680011749,0.16267839074134827,-0.17843273282051086,0.44275814294815063,0.16333919763565063,-0.1785522848367691,0.42581015825271606,0.1612953245639801,-0.2053532749414444,0.42025601863861084,0.16128674149513245,-0.2054566740989685,0.41396838426589966,0.16116178035736084,-0.2053491473197937,0.43642207980155945,0.1753590703010559,-0.007508256938308477,0.389786034822464,0.17331790924072266,-0.13126082718372345,0.4425109922885895,0.20804905891418457,-0.15094882249832153,0.4275815188884735,0.20752590894699097,-0.18751133978366852,0.46185553073883057,0.2838585078716278,0.1453278362751007,0.36902573704719543,0.28555434942245483,-0.21531715989112854,0.4920501410961151,0.18134227395057678,0.20662514865398407,0.38775870203971863,0.12522536516189575,-0.43600723147392273,0.5080076456069946,0.02984154224395752,0.13306599855422974,0.4103788137435913,-0.005302786827087402,-0.4661998748779297,0.5251078605651855,0.015623688697814941,0.13512158393859863,0.41139501333236694,-0.023209037259221077,-0.5130464434623718,0.5167132616043091,0.01310640573501587,0.11466285586357117,0.42016467452049255,-0.017019271850585938,-0.4836496114730835,0.5132348537445068,0.027366995811462402,0.11915651708841324,0.41514211893081665,-0.004578590393066406,-0.45977479219436646,0.48781818151474,0.5810099840164185,0.14702893793582916,0.44543832540512085,0.6454483866691589,-0.1465671956539154,0.6023085713386536,0.5094618797302246,0.23461145162582397,0.603453516960144,0.5441771149635315,-0.29284152388572693,0.7631741762161255,0.5932405591011047,0.2606157660484314,0.7714771628379822,0.6686751842498779,-0.34097278118133545,0.7813297510147095,0.637993574142456,0.25699582695961,0.7895670533180237,0.7047861814498901,-0.3512513339519501,0.8278645873069763,0.5182451605796814,0.20759621262550354,0.8577141165733337,0.5867983102798462,-0.4627269208431244
leg raises_1800051.jpg,0.4460538625717163,0.1835779845714569,-0.14059852063655853,0.45144739747047424,0.1617869734764099,-0.10342279821634293,0.45587795972824097,0.16233673691749573,-0.10340027511119843,0.4605023264884949,0.16304194927215576,-0.10347579419612885,0.4373244643211365,0.16065965592861176,-0.12670697271823883,0.4315880835056305,0.16037797927856445,-0.1267293095588684,0.42518800497055054,0.15986113250255585,-0.12662018835544586,0.4621847867965698,0.17546099424362183,0.0656982883810997,0.406229168176651,0.16837096214294434,-0.04506375640630722,0.45428574085235596,0.20825964212417603,-0.07865191251039505,0.4359968900680542,0.20719477534294128,-0.11135903745889664,0.46737274527549744,0.27958571910858154,0.16222220659255981,0.37457048892974854,0.2657374143600464,-0.09955897927284241,0.4933744966983795,0.149571031332016,0.22881902754306793,0.3946438431739807,0.09790738672018051,-0.22436650097370148,0.4962601959705353,0.026746604591608047,0.20860163867473602,0.4072742462158203,-0.005913992878049612,-0.11873887479305267,0.4938151240348816,0.0016919736517593265,0.2145395278930664,0.40603891015052795,-0.019983738660812378,-0.14325189590454102,0.48355454206466675,0.001435989746823907,0.19990547001361847,0.4108460247516632,-0.01327519677579403,-0.11632291972637177,0.4832874834537506,0.012601220980286598,0.19934861361980438,0.40659138560295105,-0.0039937603287398815,-0.1091093122959137,0.49545225501060486,0.5788877606391907,0.12344538420438766,0.4475552439689636,0.6117125749588013,-0.12320518493652344,0.599023699760437,0.42168524861335754,0.11968549340963364,0.5931678414344788,0.4356175363063812,-0.1520845890045166,0.775490403175354,0.3781508505344391,0.07911582291126251,0.7558852434158325,0.4153723120689392,-0.18262220919132233,0.8076344728469849,0.40013301372528076,0.0705471858382225,0.7951437830924988,0.40593576431274414,-0.1909911185503006,0.8171204328536987,0.29029256105422974,0.0008037818479351699,0.8030330538749695,0.30928415060043335,-0.3026188313961029
leg raises_1800061.jpg,0.45967233180999756,0.18397477269172668,-0.1561753749847412,0.45935696363449097,0.15914002060890198,-0.12268976122140884,0.4619982838630676,0.15914581716060638,-0.12278260290622711,0.4647100269794464,0.1593513935804367,-0.12292468547821045,0.44657233357429504,0.15818031132221222,-0.15378297865390778,0.4401575028896332,0.15741756558418274,-0.15381814539432526,0.4335270822048187,0.15661942958831787,-0.15372921526432037,0.45894381403923035,0.17647357285022736,0.040350042283535004,0.41161462664604187,0.16116826236248016,-0.10470513254404068,0.46288469433784485,0.20829437673091888,-0.09507162868976593,0.4481408894062042,0.2072257548570633,-0.13756677508354187,0.4647487699985504,0.2784426212310791,0.16041812300682068,0.3842930495738983,0.2676287889480591,-0.1537015587091446,0.4963606894016266,0.17197169363498688,0.22822733223438263,0.4094535708427429,0.12531016767024994,-0.37491485476493835,0.49948275089263916,0.057323478162288666,0.18511149287223816,0.42470577359199524,0.01654551364481449,-0.13200706243515015,0.499357670545578,0.01829048991203308,0.18572834134101868,0.44543275237083435,-0.018435735255479813,-0.22181227803230286,0.4904434084892273,0.02046479471027851,0.17591054737567902,0.43851518630981445,-0.008955494500696659,-0.15390349924564362,0.4888724386692047,0.035889480262994766,0.17652569711208344,0.43959686160087585,0.00523086404427886,-0.11310789734125137,0.47760137915611267,0.6428049802780151,0.12727294862270355,0.4405060112476349,0.660372257232666,-0.12698329985141754,0.6074162721633911,0.7630926370620728,0.1431002914905548,0.6086951494216919,0.7439889907836914,-0.12190237641334534,0.6955458521842957,0.9563490748405457,0.1685299426317215,0.7380160689353943,0.9303354024887085,-0.07458696514368057,0.6815158724784851,0.9765870571136475,0.1634943187236786,0.7460993528366089,0.9454110860824585,-0.0733427107334137,0.7527180910110474,1.00565767288208,0.10214129090309143,0.8201757669448853,0.9427852034568787,-0.15346315503120422
leg raises_1800071.jpg,0.4602101445198059,0.180137500166893,-0.07778436690568924,0.46136578917503357,0.1556723564863205,-0.05304956063628197,0.4647594094276428,0.1554335504770279,-0.053059402853250504,0.46817854046821594,0.155259370803833,-0.05321219936013222,0.4468260705471039,0.1553652584552765,-0.09185729175806046,0.44018426537513733,0.1548655778169632,-0.09198794513940811,0.4333661198616028,0.15438194572925568,-0.0920989066362381,0.45953381061553955,0.16718366742134094,0.09770584851503372,0.4105663597583771,0.15954707562923431,-0.08439377695322037,0.4648551344871521,0.20334313809871674,-0.01627340167760849,0.44882088899612427,0.20339435338974,-0.06916271150112152,0.46895164251327515,0.27383801341056824,0.23411011695861816,0.3859066665172577,0.2696516513824463,-0.12860767543315887,0.4983055889606476,0.17796331644058228,0.3365974724292755,0.40585386753082275,0.14573833346366882,-0.12207390367984772,0.4988389313220978,0.06480889022350311,0.4088614881038666,0.42252838611602783,0.062166426330804825,0.23034343123435974,0.4937143623828888,0.03559223562479019,0.40454599261283875,0.44010648131370544,0.05609149485826492,0.24828274548053741,0.4877506494522095,0.03639942407608032,0.4204738736152649,0.4417355954647064,0.05886823311448097,0.2538747489452362,0.4864344000816345,0.053427331149578094,0.409364253282547,0.43905240297317505,0.06758496165275574,0.24142082035541534,0.4776153266429901,0.6723934412002563,0.11914486438035965,0.4395480751991272,0.6861120462417603,-0.11922291666269302,0.5154880285263062,0.8709509968757629,0.20445139706134796,0.47959059476852417,0.9366357326507568,-0.0678846463561058,0.5264502167701721,1.072102427482605,0.4238360524177551,0.5016578435897827,1.1409614086151123,0.0702676996588707,0.514967679977417,1.103767991065979,0.4400946795940399,0.4912903904914856,1.1682355403900146,0.0802542045712471,0.5757017731666565,1.1320607662200928,0.35726967453956604,0.5628902912139893,1.2129557132720947,-0.06811182200908661
leg raises_1800081.jpg,0.45840194821357727,0.15559837222099304,-0.20581915974617004,0.4607577621936798,0.12820880115032196,-0.17492549121379852,0.46333515644073486,0.1271682232618332,-0.17482611536979675,0.46603286266326904,0.1261773258447647,-0.17494092881679535,0.44630107283592224,0.13036128878593445,-0.20769163966178894,0.4397328495979309,0.13111822307109833,-0.20755456387996674,0.4328177869319916,0.13209475576877594,-0.20765453577041626,0.45064157247543335,0.13213655352592468,-0.020224129781126976,0.41013023257255554,0.14401981234550476,-0.16717204451560974,0.46399417519569397,0.1782594919204712,-0.14473135769367218,0.44710013270378113,0.18223336338996887,-0.18689563870429993,0.46871301531791687,0.24881412088871002,0.1233229786157608,0.3844894468784332,0.266367644071579,-0.2311387062072754,0.4968262016773224,0.16727258265018463,0.3052215576171875,0.3926256597042084,0.1980876922607422,-0.3271900713443756,0.5056012272834778,0.06444402039051056,0.44027847051620483,0.41328558325767517,0.05949178710579872,-0.17950624227523804,0.5011898875236511,0.024107711389660835,0.4635172188282013,0.4354022741317749,0.04333546385169029,-0.08605372905731201,0.4999679923057556,0.019730789586901665,0.4682827889919281,0.43590810894966125,0.042664770036935806,-0.16100050508975983,0.49795761704444885,0.03870115429162979,0.44088295102119446,0.43550819158554077,0.053647205233573914,-0.17817574739456177,0.4646180272102356,0.6649303436279297,0.11670582741498947,0.4197104275226593,0.6477762460708618,-0.11679911613464355,0.46726807951927185,0.7809106707572937,0.2878529727458954,0.4262837767601013,0.8292983770370483,0.02460300736129284,0.4271036982536316,0.9406143426895142,0.4703718423843384,0.4113592207431793,1.0224639177322388,0.1627904623746872,0.40913859009742737,0.9687512516975403,0.4845057427883148,0.3885428011417389,1.060521125793457,0.1760893315076828,0.4699997305870056,0.9876134991645813,0.4493628740310669,0.4724258780479431,1.0692557096481323,0.08664905279874802
leg raises_1800091.jpg,0.4605107307434082,0.15802092850208282,-0.22167359292507172,0.46262127161026,0.13230876624584198,-0.18728724122047424,0.4656332731246948,0.1316920667886734,-0.18719139695167542,0.46884390711784363,0.13120587170124054,-0.1872960776090622,0.4490651488304138,0.1323665976524353,-0.22082926332950592,0.4426708519458771,0.132052481174469,-0.22070318460464478,0.435641348361969,0.131787970662117,-0.22070430219173431,0.460507333278656,0.1383810192346573,-0.01946551539003849,0.41209375858306885,0.14106294512748718,-0.17040057480335236,0.4656088650226593,0.1807187795639038,-0.15643860399723053,0.4508761167526245,0.18284296989440918,-0.2002914994955063,0.474852055311203,0.25279563665390015,0.12988266348838806,0.3901943862438202,0.2679537236690521,-0.2401106059551239,0.5087578892707825,0.16956159472465515,0.3198527991771698,0.3948826491832733,0.12173522263765335,-0.34356948733329773,0.5088870525360107,0.06354773789644241,0.4387509226799011,0.41330769658088684,-0.0014412341406568885,-0.16653871536254883,0.5027061104774475,0.008374989964067936,0.4493088126182556,0.43272528052330017,-0.024565044790506363,-0.15864872932434082,0.5002888441085815,0.0036696274764835835,0.46093934774398804,0.4346195161342621,-0.021566737443208694,-0.15871857106685638,0.49814096093177795,0.02209518291056156,0.43945497274398804,0.43327686190605164,-0.00852271355688572,-0.16064238548278809,0.4682244658470154,0.6534662246704102,0.11664564907550812,0.4244425892829895,0.6549389958381653,-0.11669843643903732,0.4560817778110504,0.8286415338516235,0.2740893065929413,0.42170998454093933,0.8681185245513916,0.0009759593522176147,0.42696401476860046,1.010349154472351,0.4316052496433258,0.3887869417667389,0.9981651306152344,0.13456599414348602,0.4111871123313904,1.045303225517273,0.4433705508708954,0.3757675886154175,1.0064464807510376,0.14627069234848022,0.47382402420043945,1.0598489046096802,0.38714271783828735,0.4669370651245117,1.1126781702041626,0.03029392845928669
leg raises_1800101.jpg,0.4630567133426666,0.1578758805990219,-0.15367035567760468,0.46511611342430115,0.13332027196884155,-0.12054561823606491,0.4686017632484436,0.13266947865486145,-0.1205001249909401,0.47236815094947815,0.13208264112472534,-0.12058978527784348,0.45108315348625183,0.13375836610794067,-0.15052379667758942,0.4443758726119995,0.13355150818824768,-0.1503935307264328,0.437159925699234,0.13338486850261688,-0.1504058986902237,0.46578213572502136,0.13977862894535065,0.030714290216565132,0.4142557978630066,0.14320768415927887,-0.10512325167655945,0.4690886437892914,0.18192912638187408,-0.09591810405254364,0.45386770367622375,0.18385611474514008,-0.13541556894779205,0.4864197075366974,0.25332674384117126,0.1338975876569748,0.39777320623397827,0.268487811088562,-0.20039281249046326,0.5191973447799683,0.13731838762760162,0.22376643121242523,0.40208807587623596,0.10826873034238815,-0.2899736166000366,0.5276582837104797,-7.198884850367904e-05,0.1967439502477646,0.4275926649570465,-0.035034094005823135,-0.10489300638437271,0.5275973081588745,-0.0487545020878315,0.1674880087375641,0.44358935952186584,-0.06387016922235489,-0.11871738731861115,0.5217204689979553,-0.05519562214612961,0.18008922040462494,0.44467100501060486,-0.06584425270557404,-0.10313132405281067,0.518184244632721,-0.037787146866321564,0.1913031041622162,0.44211646914482117,-0.052926335483789444,-0.09768719226121902,0.48541802167892456,0.6441880464553833,0.11555436998605728,0.4359751045703888,0.6539463996887207,-0.11558909714221954,0.49658018350601196,0.8116503357887268,0.29228755831718445,0.46425729990005493,0.8435772657394409,-0.02241312526166439,0.5103463530540466,0.9591888189315796,0.5111430287361145,0.48443952202796936,1.04710853099823,0.11884963512420654,0.5000797510147095,1.0252467393875122,0.5289381146430969,0.46958351135253906,1.0796974897384644,0.12869557738304138,0.5458994507789612,0.9983062744140625,0.44313862919807434,0.5333669781684875,1.0267012119293213,-0.02092319168150425
leg raises_1800111.jpg,0.46365946531295776,0.14974141120910645,-0.10714911669492722,0.4641187787055969,0.12655450403690338,-0.07344648987054825,0.46715885400772095,0.12583006918430328,-0.0735737532377243,0.4704964756965637,0.12511301040649414,-0.07371978461742401,0.4513726532459259,0.12788699567317963,-0.10568566620349884,0.4453650712966919,0.12793779373168945,-0.10574153065681458,0.439108282327652,0.1277499794960022,-0.10573895275592804,0.46391648054122925,0.13312417268753052,0.0717993676662445,0.41825005412101746,0.13725510239601135,-0.07267196476459503,0.4688064455986023,0.17410460114479065,-0.05316144600510597,0.45563679933547974,0.17653699219226837,-0.09637848287820816,0.4838288128376007,0.25015267729759216,0.17584188282489777,0.3984990119934082,0.25822603702545166,-0.16276559233665466,0.5176532864570618,0.1252020001411438,0.22922879457473755,0.40316468477249146,0.08050858229398727,-0.27658936381340027,0.5251470804214478,-0.004624237306416035,0.16579420864582062,0.4246368408203125,-0.061524782329797745,-0.11458726227283478,0.5262680649757385,-0.04971491917967796,0.14836397767066956,0.4310896098613739,-0.0942687913775444,-0.13672013580799103,0.5196591019630432,-0.052683036774396896,0.1450958549976349,0.429506778717041,-0.0885569304227829,-0.11194578558206558,0.5173410177230835,-0.03742291405797005,0.1552487313747406,0.43193092942237854,-0.07311519980430603,-0.10614733397960663,0.4854446053504944,0.638990044593811,0.12013813108205795,0.43639251589775085,0.6578742265701294,-0.12002428621053696,0.6374666094779968,0.7183467149734497,0.04640448838472366,0.6023986339569092,0.7583790421485901,-0.247419536113739,0.7452993988990784,0.8993488550186157,0.02568928711116314,0.7011497020721436,0.9605017900466919,-0.24646446108818054,0.7512657642364502,0.9446811079978943,0.015894556418061256,0.6909870505332947,0.9870970249176025,-0.2500614523887634,0.8487139344215393,0.9008473753929138,-0.07397839426994324,0.7794145941734314,0.9766422510147095,-0.36001548171043396
leg raises_1800121.jpg,0.468296080827713,0.1630288064479828,-0.0717252716422081,0.47239458560943604,0.1443113386631012,-0.02887720987200737,0.4766443371772766,0.145078644156456,-0.028860274702310562,0.481263130903244,0.14568635821342468,-0.029037510976195335,0.45844724774360657,0.14289355278015137,-0.05447116866707802,0.45224955677986145,0.14226216077804565,-0.054522253572940826,0.4454822540283203,0.1410118192434311,-0.054385311901569366,0.48249170184135437,0.15331663191318512,0.1643020063638687,0.423148512840271,0.1457061469554901,0.04676596075296402,0.4751402735710144,0.188073068857193,-0.00061302341055125,0.4586969017982483,0.18566517531871796,-0.03544648736715317,0.4997531473636627,0.25101664662361145,0.2856560945510864,0.39908209443092346,0.2530933618545532,-0.01253063976764679,0.5223952531814575,0.12657085061073303,0.3853955864906311,0.4085468053817749,0.06604921817779541,-0.11290537565946579,0.5284074544906616,-0.030382512137293816,0.4260689318180084,0.42664676904678345,-0.07741634547710419,0.060296159237623215,0.52573162317276,-0.05900254100561142,0.44585752487182617,0.42694464325904846,-0.11370614171028137,0.06185690313577652,0.5136443972587585,-0.05802488327026367,0.45323386788368225,0.42515259981155396,-0.09876278787851334,0.08434592932462692,0.5155856013298035,-0.04361667111515999,0.4264756441116333,0.4314873516559601,-0.08440616726875305,0.0722864642739296,0.5156779885292053,0.6312137842178345,0.1286129653453827,0.4514233469963074,0.6333956718444824,-0.12858517467975616,0.6347011923789978,0.418478399515152,-0.022666670382022858,0.6152467727661133,0.4213566184043884,-0.20679304003715515,0.8306242227554321,0.21789470314979553,-0.1890895664691925,0.8037441372871399,0.18826454877853394,-0.39805173873901367,0.8518591523170471,0.24495095014572144,-0.20928046107292175,0.8489472270011902,0.2536012530326843,-0.4276590347290039,0.7872253060340881,0.09832194447517395,-0.30358442664146423,0.7701120376586914,0.0732753798365593,-0.5753981471061707
leg raises_1800131.jpg,0.4664936363697052,0.18712595105171204,-0.23480971157550812,0.47017815709114075,0.16402210295200348,-0.19347935914993286,0.473779559135437,0.16434027254581451,-0.1936318427324295,0.47795966267585754,0.1645745038986206,-0.1938161998987198,0.45782315731048584,0.16360166668891907,-0.2168891578912735,0.45209163427352905,0.1634637415409088,-0.21707192063331604,0.44474804401397705,0.16288559138774872,-0.21702736616134644,0.47720181941986084,0.1756586730480194,-0.013523890636861324,0.421857088804245,0.17190158367156982,-0.11391102522611618,0.4742368757724762,0.21303050220012665,-0.16948583722114563,0.4550589919090271,0.21085047721862793,-0.20056168735027313,0.49489927291870117,0.2717908024787903,0.08851392567157745,0.3979504704475403,0.26981019973754883,-0.18776842951774597,0.5200563073158264,0.13395382463932037,0.05247294902801514,0.407802939414978,0.07768257707357407,-0.39641883969306946,0.5262686014175415,-0.0407009981572628,-0.09063158184289932,0.4203411340713501,-0.07371523976325989,-0.38618212938308716,0.5203718543052673,-0.061236120760440826,-0.11774279922246933,0.42340755462646484,-0.12025662511587143,-0.44446465373039246,0.5036245584487915,-0.06774580478668213,-0.13292524218559265,0.4228917360305786,-0.11757379025220871,-0.39449581503868103,0.505992591381073,-0.0542021207511425,-0.10624323040246964,0.43003398180007935,-0.10150033235549927,-0.37477239966392517,0.5124277472496033,0.64019775390625,0.12574046850204468,0.44638580083847046,0.6588295102119446,-0.12531833350658417,0.6367038488388062,0.5449258089065552,-0.10172542929649353,0.6165386438369751,0.5640475153923035,-0.28619423508644104,0.8399530649185181,0.5669741034507751,-0.22289186716079712,0.8446040749549866,0.60201495885849,-0.4713708162307739,0.8670513033866882,0.6022571325302124,-0.24145075678825378,0.8679637312889099,0.6420329213142395,-0.4991183876991272,0.8932732343673706,0.5201969742774963,-0.375649094581604,0.9092699289321899,0.5466175079345703,-0.6749347448348999
leg raises_1800141.jpg,0.465005099773407,0.18594269454479218,-0.006834469735622406,0.4691806137561798,0.1609192043542862,0.025550099089741707,0.4724545180797577,0.16052505373954773,0.02541891485452652,0.47631698846817017,0.16006682813167572,0.025121556594967842,0.45533502101898193,0.16200724244117737,-0.012122677639126778,0.44842445850372314,0.16258905827999115,-0.012232344597578049,0.44006264209747314,0.16264256834983826,-0.012288382276892662,0.4657561480998993,0.1666363775730133,0.17496737837791443,0.4112089276313782,0.1707102656364441,0.0025426566135138273,0.47235003113746643,0.21194049715995789,0.05188208073377609,0.4541322588920593,0.21039128303527832,0.0012409730115905404,0.4921407997608185,0.2716817557811737,0.2570752501487732,0.3870910704135895,0.28314024209976196,-0.07748715579509735,0.5189486145973206,0.12877143919467926,0.3025340735912323,0.40225115418434143,0.13666588068008423,-0.13333164155483246,0.526502788066864,-0.03030416928231716,0.31742703914642334,0.4270758032798767,0.042088549584150314,0.11086271703243256,0.5241129994392395,-0.06344278156757355,0.27774474024772644,0.4363064169883728,0.015290533192455769,0.10415946692228317,0.5113580822944641,-0.06604145467281342,0.2879643440246582,0.433772474527359,0.01641358993947506,0.10596215724945068,0.5097020268440247,-0.04893816262483597,0.3088848888874054,0.4346730411052704,0.027019545435905457,0.11266697943210602,0.5101103782653809,0.67739337682724,0.12189485877752304,0.44351324439048767,0.707292914390564,-0.12159249931573868,0.6166499853134155,0.8920332789421082,0.022784413769841194,0.5781728029251099,0.9439059495925903,-0.1529768854379654,0.6350957751274109,1.071062684059143,0.3831664025783539,0.5699102878570557,1.1314133405685425,0.16631953418254852,0.6230475902557373,1.101223349571228,0.4124108850955963,0.5463849902153015,1.1433167457580566,0.19655011594295502,0.708437979221344,1.1349124908447266,0.3372088372707367,0.6488587856292725,1.2291524410247803,0.0745774358510971
leg raises_1900001.jpg,0.46463271975517273,0.17658455669879913,-0.21949177980422974,0.4687008261680603,0.14154274761676788,-0.19497831165790558,0.47214144468307495,0.13999903202056885,-0.19491320848464966,0.4760209023952484,0.13835065066814423,-0.19501349329948425,0.4544837176799774,0.1428522914648056,-0.23435385525226593,0.4475000500679016,0.1424601823091507,-0.2343492954969406,0.43925219774246216,0.14164872467517853,-0.23439551889896393,0.4638231098651886,0.1401023417711258,-0.03880961611866951,0.41045942902565,0.14778311550617218,-0.22421948611736298,0.471713662147522,0.2012127786874771,-0.15538977086544037,0.453972190618515,0.2029959112405777,-0.2089361995458603,0.4879772961139679,0.25327548384666443,0.10384906828403473,0.38699039816856384,0.2822047472000122,-0.2510199248790741,0.5021337270736694,0.13261134922504425,0.29301464557647705,0.3953786790370941,0.13794465363025665,-0.20728684961795807,0.5169682502746582,-0.019869420677423477,0.3257755637168884,0.4226289689540863,0.06901147216558456,0.07454969733953476,0.5111960768699646,-0.05327228084206581,0.32042035460472107,0.433041512966156,0.056029681116342545,0.10115725547075272,0.5029688477516174,-0.05250781401991844,0.33342722058296204,0.43317729234695435,0.054836057126522064,0.0948353111743927,0.5001423954963684,-0.029742147773504257,0.3249787390232086,0.43249523639678955,0.06362307816743851,0.08198380470275879,0.49230143427848816,0.6725385189056396,0.1221982017159462,0.4382612407207489,0.6985152959823608,-0.121915802359581,0.4860987663269043,0.8588486313819885,0.3285156488418579,0.4362691044807434,0.9060941934585571,0.03122272901237011,0.4532295763492584,1.0419296026229858,0.5223801732063293,0.4227232336997986,1.1153050661087036,0.18758505582809448,0.4366647005081177,1.0771583318710327,0.5386145114898682,0.3971424698829651,1.1567133665084839,0.20256082713603973,0.5015355944633484,1.0947458744049072,0.5035862326622009,0.48986515402793884,1.166378378868103,0.0995529443025589
leg raises_1900011.jpg,0.4644130766391754,0.14819175004959106,-0.28369101881980896,0.4679358899593353,0.11374920606613159,-0.2534814774990082,0.4714871942996979,0.11186736077070236,-0.253451406955719,0.4754214584827423,0.11006008833646774,-0.2536112368106842,0.45358049869537354,0.11635767668485641,-0.28360897302627563,0.4466800391674042,0.116153284907341,-0.2835465371608734,0.4388123154640198,0.1154535710811615,-0.2836216688156128,0.46404823660850525,0.11342495679855347,-0.08290035277605057,0.41190001368522644,0.12174200266599655,-0.22183558344841003,0.471055805683136,0.17431902885437012,-0.21587881445884705,0.4535049498081207,0.18002039194107056,-0.2553768754005432,0.48712241649627686,0.23753798007965088,0.07910887151956558,0.39215603470802307,0.281792014837265,-0.24969720840454102,0.5024855732917786,0.15468661487102509,0.2892112731933594,0.3936026990413666,0.21367229521274567,-0.2740740478038788,0.5176373720169067,0.07124149054288864,0.44793787598609924,0.42528703808784485,0.06745219975709915,0.020911216735839844,0.5123339295387268,0.042262014001607895,0.46520987153053284,0.43994536995887756,0.03478248044848442,-0.017768293619155884,0.5080841183662415,0.037901315838098526,0.4789535701274872,0.43607136607170105,0.030504554510116577,0.0615491047501564,0.5043066143989563,0.05602603405714035,0.45199403166770935,0.4339616894721985,0.043549034744501114,0.02511955425143242,0.4900382161140442,0.666075587272644,0.12115839123725891,0.4382842183113098,0.6928353905677795,-0.12101656943559647,0.49469152092933655,0.8239495158195496,0.3461706340312958,0.44536811113357544,0.8878452777862549,0.07510271668434143,0.48000237345695496,0.9661756753921509,0.5411543250083923,0.43694859743118286,1.0178608894348145,0.249110609292984,0.4662110209465027,1.0594342947006226,0.5577444434165955,0.41816774010658264,1.115227460861206,0.26736417412757874,0.5440504550933838,1.0622754096984863,0.5180202126502991,0.5285009741783142,1.1245276927947998,0.1732618808746338
leg raises_1900021.jpg,0.472864031791687,0.1414293646812439,-0.11779449880123138,0.47494447231292725,0.10886496305465698,-0.09392701089382172,0.47837385535240173,0.10690359771251678,-0.09403643012046814,0.48209887742996216,0.10504981130361557,-0.09437523037195206,0.45952004194259644,0.11300603300333023,-0.13385555148124695,0.4521030783653259,0.11378366500139236,-0.13390818238258362,0.4441414773464203,0.11409490555524826,-0.13406167924404144,0.4692884683609009,0.10930043458938599,0.05225802958011627,0.4175831377506256,0.12049984186887741,-0.13921241462230682,0.47854912281036377,0.16786855459213257,-0.05722635239362717,0.4609054625034332,0.17259128391742706,-0.11024371534585953,0.4869692027568817,0.23807787895202637,0.20174585282802582,0.3948729336261749,0.27683499455451965,-0.18238161504268646,0.5302272439002991,0.2071792334318161,0.4274576008319855,0.3910183608531952,0.20088417828083038,-0.16514520347118378,0.522531270980835,0.10898590832948685,0.6350065469741821,0.4251384735107422,0.06369523704051971,0.1457696259021759,0.5178361535072327,0.08439340442419052,0.6508253216743469,0.43829724192619324,0.029466407373547554,0.16589339077472687,0.5145590305328369,0.08026683330535889,0.6684589385986328,0.43488451838493347,0.027637524530291557,0.16618700325489044,0.5102848410606384,0.09411462396383286,0.6391860246658325,0.4321598708629608,0.04120181128382683,0.15198567509651184,0.509835958480835,0.6780922412872314,0.1267804205417633,0.44874557852745056,0.7083525657653809,-0.12670117616653442,0.5849166512489319,0.9138374328613281,0.22974412143230438,0.5130437612533569,0.97246915102005,-0.0117029445245862,0.5488031506538391,1.0971959829330444,0.41026028990745544,0.5249648690223694,1.1473253965377808,0.126905620098114,0.5528431534767151,1.1323384046554565,0.4289460778236389,0.5089299082756042,1.1675711870193481,0.1505066454410553,0.5702186226844788,1.1710811853408813,0.37167200446128845,0.6009021401405334,1.246355652809143,0.04833206906914711
leg raises_1900031.jpg,0.472209632396698,0.13579097390174866,-0.15496058762073517,0.47469523549079895,0.1075422465801239,-0.12923257052898407,0.476885050535202,0.10633092373609543,-0.1293676644563675,0.47926127910614014,0.10509057343006134,-0.1296149343252182,0.4579963684082031,0.10914051532745361,-0.16143248975276947,0.4507681429386139,0.10877124220132828,-0.1615896075963974,0.4431820809841156,0.10784493386745453,-0.16157640516757965,0.45990365743637085,0.11212632060050964,0.015407768078148365,0.4171830117702484,0.11518935114145279,-0.13910706341266632,0.4757346212863922,0.16324198246002197,-0.09832015633583069,0.4596805274486542,0.16551916301250458,-0.1427168846130371,0.4636019170284271,0.23286427557468414,0.14422157406806946,0.3958335220813751,0.25488972663879395,-0.19247840344905853,0.5034491419792175,0.15057168900966644,0.29878324270248413,0.40340739488601685,0.12184242904186249,-0.4109416902065277,0.513797402381897,0.01943930983543396,0.27249276638031006,0.41994279623031616,-0.05717724561691284,-0.4718541204929352,0.513213038444519,-0.008863972499966621,0.28884363174438477,0.4217316210269928,-0.09876884520053864,-0.5220215916633606,0.5104352235794067,-0.01413857564330101,0.25020429491996765,0.41789528727531433,-0.10331214219331741,-0.4924253821372986,0.5079012513160706,-0.0023243126925081015,0.255953848361969,0.4195804297924042,-0.08734409511089325,-0.4660201966762543,0.48444297909736633,0.6226529479026794,0.12926742434501648,0.4543607532978058,0.6723102331161499,-0.1291641891002655,0.5850911736488342,0.48148709535598755,0.24430471658706665,0.5856095552444458,0.502497673034668,-0.16651767492294312,0.7519175410270691,0.6110363006591797,0.38630619645118713,0.7912473082542419,0.6418103575706482,-0.033326610922813416,0.7668170928955078,0.6526946425437927,0.3687690496444702,0.802424967288971,0.6785281896591187,-0.015745121985673904,0.8200633525848389,0.5808252096176147,0.3081362843513489,0.8634225130081177,0.6065618991851807,-0.0493353046476841
leg raises_1900041.jpg,0.4668380618095398,0.1370326727628708,-0.12188320606946945,0.4738925099372864,0.11275024712085724,-0.07726634293794632,0.4763321578502655,0.11199948936700821,-0.07729044556617737,0.4782635569572449,0.11100447177886963,-0.07742561399936676,0.45684176683425903,0.11301588267087936,-0.10565052181482315,0.45005542039871216,0.11242108047008514,-0.10581375658512115,0.44295376539230347,0.11113603413105011,-0.10571927577257156,0.46450456976890564,0.11347056180238724,0.1329842507839203,0.41644132137298584,0.1170554980635643,-0.0034122990909963846,0.4727463126182556,0.16390635073184967,-0.04388810694217682,0.4537886083126068,0.16823484003543854,-0.08414080739021301,0.46656665205955505,0.23650138080120087,0.27009668946266174,0.39113885164260864,0.22785614430904388,-0.07875218242406845,0.5016725659370422,0.10967674106359482,0.3112510144710541,0.4029960632324219,0.05862514302134514,-0.3504316210746765,0.4776257574558258,-0.03860090672969818,0.23593798279762268,0.40793630480766296,-0.11302290856838226,-0.39341962337493896,0.46502023935317993,-0.07692548632621765,0.2448924481868744,0.3993302583694458,-0.1426316201686859,-0.4262233376502991,0.45313647389411926,-0.08025980740785599,0.24175573885440826,0.3975766599178314,-0.13661383092403412,-0.3916802406311035,0.45831385254859924,-0.065971240401268,0.23109373450279236,0.4052318036556244,-0.12144622951745987,-0.38051775097846985,0.4868116080760956,0.6041507720947266,0.14676257967948914,0.4531310796737671,0.6154435873031616,-0.14655333757400513,0.5901613831520081,0.37916281819343567,0.0931498184800148,0.581680953502655,0.37819403409957886,-0.2094617635011673,0.7787143588066101,0.22230127453804016,-0.040050044655799866,0.7952191233634949,0.22833411395549774,-0.44989630579948425,0.8146385550498962,0.23394007980823517,-0.059122007340192795,0.831165075302124,0.24338218569755554,-0.4840444028377533,0.7682968974113464,0.08113100379705429,-0.14344650506973267,0.777962863445282,0.061893146485090256,-0.6405313611030579
leg raises_1900051.jpg,0.46175453066825867,0.12256667017936707,-0.13192228972911835,0.4671114981174469,0.09589343518018723,-0.10268978774547577,0.47032925486564636,0.09603410214185715,-0.10291146486997604,0.473403662443161,0.0960671454668045,-0.10309086740016937,0.4506433606147766,0.09283273667097092,-0.1346365362405777,0.44357138872146606,0.09072796255350113,-0.1347634494304657,0.4359174072742462,0.08807088434696198,-0.1347062587738037,0.4596917927265167,0.10003525763750076,0.047609101980924606,0.4071301221847534,0.0926370620727539,-0.1094910055398941,0.4671972692012787,0.15284082293510437,-0.07347026467323303,0.4473276138305664,0.15225280821323395,-0.11938931792974472,0.45492348074913025,0.22195184230804443,0.1537407785654068,0.3860245645046234,0.22795246541500092,-0.11745841056108475,0.5016161203384399,0.11425884813070297,0.23052671551704407,0.39886629581451416,0.07003375887870789,-0.26994654536247253,0.4797232747077942,-0.027491306886076927,0.17896433174610138,0.4078957736492157,-0.07323836535215378,-0.11667125672101974,0.4809572994709015,-0.06808392703533173,0.16232958436012268,0.40381720662117004,-0.10277747362852097,-0.13727593421936035,0.46388253569602966,-0.06858226656913757,0.1520121842622757,0.40191903710365295,-0.11054295301437378,-0.12481360137462616,0.46030092239379883,-0.052187781780958176,0.1676737666130066,0.40636345744132996,-0.09830241650342941,-0.11404968053102493,0.45968350768089294,0.6119580268859863,0.1443321853876114,0.4364846348762512,0.6299717426300049,-0.14412355422973633,0.606932520866394,0.6939274072647095,0.17667730152606964,0.6124075651168823,0.6257084608078003,-0.2051062285900116,0.7457751631736755,0.8862550258636475,0.13979987800121307,0.7770049571990967,0.8756900429725647,-0.21447309851646423,0.7654997110366821,0.9005498886108398,0.13540039956569672,0.7832709550857544,0.8975706100463867,-0.22018221020698547,0.8344014883041382,0.8567584753036499,0.06894170492887497,0.8707707524299622,0.846946120262146,-0.561234176158905
leg raises_1900061.jpg,0.46092408895492554,0.08652497082948685,-0.11602024734020233,0.4668605625629425,0.06200750172138214,-0.08669856935739517,0.47005751729011536,0.06138506904244423,-0.08681947737932205,0.4737742245197296,0.06049901247024536,-0.0870051458477974,0.44899672269821167,0.0625898465514183,-0.11371573805809021,0.4415185749530792,0.06254919618368149,-0.11371062695980072,0.4337626099586487,0.06192582845687866,-0.1138022243976593,0.467783123254776,0.06741000711917877,0.0597117617726326,0.4072413742542267,0.0705406591296196,-0.06340540200471878,0.4673716723918915,0.1100441962480545,-0.05805422365665436,0.44710925221443176,0.11022648215293884,-0.09479561448097229,0.47382014989852905,0.17905691266059875,0.15078307688236237,0.38728269934654236,0.17917564511299133,-0.11848998814821243,0.5050992965698242,0.04562157392501831,0.1964031606912613,0.39928290247917175,0.03561846539378166,-0.23122946918010712,0.4867607057094574,-0.12181075662374496,0.22252221405506134,0.41801148653030396,-0.15785518288612366,-0.02534785494208336,0.4844834506511688,-0.16194987297058105,0.20367170870304108,0.4346734881401062,-0.1935296356678009,-0.04604797065258026,0.473175972700119,-0.1688205748796463,0.21162575483322144,0.42866766452789307,-0.1924045830965042,-0.022309327498078346,0.4704958200454712,-0.15039686858654022,0.2171570360660553,0.4294562339782715,-0.17432545125484467,-0.019073398783802986,0.4685089886188507,0.6152563691139221,0.09225171059370041,0.433368057012558,0.6350244283676147,-0.09216460585594177,0.5317506194114685,0.814379870891571,0.20166221261024475,0.4884140193462372,0.8436699509620667,0.023003121837973595,0.5341158509254456,0.9546350836753845,0.42748549580574036,0.5057023763656616,0.9684252142906189,0.22849735617637634,0.5246899724006653,1.034752607345581,0.44816625118255615,0.4992564022541046,0.9768660068511963,0.24767260253429413,0.5486535429954529,1.012060284614563,0.3555527925491333,0.5664312839508057,1.1261872053146362,0.10208070278167725
leg raises_1900071.jpg,0.4608713984489441,0.07535924762487411,-0.24978843331336975,0.46136680245399475,0.056038182228803635,-0.22816790640354156,0.4667806327342987,0.05467962846159935,-0.2281947284936905,0.4728514850139618,0.052376143634319305,-0.22827723622322083,0.439545601606369,0.05280178785324097,-0.2491881251335144,0.42975836992263794,0.05446759983897209,-0.24911680817604065,0.4224798083305359,0.05373305082321167,-0.24934789538383484,0.46774235367774963,0.06458116322755814,-0.07769878953695297,0.4048278033733368,0.07201507687568665,-0.18522731959819794,0.46736201643943787,0.10064879804849625,-0.18936891853809357,0.4459325969219208,0.10121064633131027,-0.2199474722146988,0.4760113060474396,0.16377535462379456,-0.02951897494494915,0.3806906044483185,0.18833641707897186,-0.1822155863046646,0.48877373337745667,0.049109574407339096,-0.03462554141879082,0.383038192987442,0.25003284215927124,-0.46201950311660767,0.483771413564682,-0.11069900542497635,0.06375237554311752,0.4101358950138092,0.20076614618301392,-0.6674670577049255,0.4742705523967743,-0.1487068384885788,0.05571580305695534,0.42262646555900574,0.19855675101280212,-0.7013333439826965,0.47023963928222656,-0.1528809815645218,0.07704305648803711,0.419596403837204,0.18419617414474487,-0.693210244178772,0.4696253538131714,-0.13250921666622162,0.06958247721195221,0.4218122363090515,0.18924979865550995,-0.6677891612052917,0.4725387692451477,0.6093146204948425,0.05869049206376076,0.42299261689186096,0.6231019496917725,-0.058849189430475235,0.46784844994544983,0.7789709568023682,0.2906840741634369,0.4178483188152313,0.8045559525489807,0.1697913110256195,0.4316367208957672,0.9531227946281433,0.5566757321357727,0.3897232711315155,0.9468476176261902,0.426480233669281,0.41689416766166687,0.9869887232780457,0.579240083694458,0.3844771087169647,1.0098153352737427,0.45422014594078064,0.455795556306839,1.035640001296997,0.5269437432289124,0.4148939549922943,1.0669233798980713,0.38007181882858276
leg raises_1900081.jpg,0.45168668031692505,0.04395810887217522,-0.3583196699619293,0.44992977380752563,0.0188392773270607,-0.3390585780143738,0.4586351215839386,0.01743604615330696,-0.33909785747528076,0.4681665301322937,0.015370860695838928,-0.33915385603904724,0.43247976899147034,0.013937020674347878,-0.35203951597213745,0.4222741723060608,0.013905946165323257,-0.3519408404827118,0.4131107032299042,0.013550865463912487,-0.35209956765174866,0.46759286522865295,0.026292018592357635,-0.17446084320545197,0.38839149475097656,0.031732670962810516,-0.24308761954307556,0.45311862230300903,0.06490431725978851,-0.2904936373233795,0.4239897131919861,0.06948645412921906,-0.30946531891822815,0.48484960198402405,0.12843996286392212,-0.11523863673210144,0.36641114950180054,0.15378130972385406,-0.20388861000537872,0.49739164113998413,0.07004024088382721,-0.24347546696662903,0.350389689207077,0.2351125329732895,-0.42050066590309143,0.48584187030792236,-0.034234531223773956,-0.33945533633232117,0.38972827792167664,0.14561370015144348,-0.5743771195411682,0.4780745804309845,-0.06230975314974785,-0.37820449471473694,0.4044991433620453,0.12947900593280792,-0.6133654117584229,0.47440874576568604,-0.06715334206819534,-0.35771167278289795,0.4016692042350769,0.1117071881890297,-0.6062504649162292,0.47290724515914917,-0.04941326379776001,-0.33779847621917725,0.40188175439834595,0.12135165184736252,-0.5751255750656128,0.4753614664077759,0.5852705240249634,0.030274225398898125,0.4226992428302765,0.6017120480537415,-0.030423859134316444,0.4618558883666992,0.7603434324264526,0.3479441702365875,0.411782830953598,0.7823681235313416,0.27478426694869995,0.4302940368652344,0.9271037578582764,0.6633641719818115,0.39521828293800354,0.9487754702568054,0.5805469751358032,0.41968289017677307,0.9545886516571045,0.692249596118927,0.3884175419807434,0.9828322529792786,0.6129774451255798,0.44900625944137573,1.0129631757736206,0.6382054686546326,0.40262359380722046,1.040295958518982,0.5453938841819763
leg raises_1900091.jpg,0.4675979018211365,-0.01794845424592495,-0.27749907970428467,0.4592679440975189,-0.03769439831376076,-0.25250932574272156,0.4690817594528198,-0.037180084735155106,-0.25256869196891785,0.47816652059555054,-0.037473637610673904,-0.25270840525627136,0.43344640731811523,-0.03351778909564018,-0.2744457423686981,0.42366063594818115,-0.030478237196803093,-0.2743433713912964,0.41431817412376404,-0.029273003339767456,-0.27447542548179626,0.4797351658344269,-0.01388034038245678,-0.0984685868024826,0.4000900387763977,-0.005887405015528202,-0.20329946279525757,0.4744299650192261,0.010129755362868309,-0.21511082351207733,0.445456326007843,0.012015832588076591,-0.2453664094209671,0.49448755383491516,0.0931161642074585,-0.025401519611477852,0.38631197810173035,0.11010902374982834,-0.19822393357753754,0.5186665058135986,0.04145825281739235,-0.04258233308792114,0.36510899662971497,0.11404243111610413,-0.3830415904521942,0.47222989797592163,-0.16485470533370972,-0.015445845201611519,0.41443759202957153,-0.04055040329694748,-0.3962115943431854,0.45111629366874695,-0.22140201926231384,-0.03444160148501396,0.4298705458641052,-0.08154387772083282,-0.4236997365951538,0.45244136452674866,-0.2258446216583252,-0.06507023423910141,0.4247255027294159,-0.08476649969816208,-0.4233783781528473,0.45535510778427124,-0.19962520897388458,-0.02385394461452961,0.4243665635585785,-0.0671316385269165,-0.39399102330207825,0.5009875893592834,0.5473901629447937,0.04552595317363739,0.44526368379592896,0.5575987100601196,-0.04550563916563988,0.49454542994499207,0.7699089050292969,0.25064000487327576,0.48872339725494385,0.790554404258728,0.11205826699733734,0.5030820369720459,0.9765161275863647,0.6199080348014832,0.4797016382217407,1.0096631050109863,0.2954447865486145,0.495827853679657,1.0078675746917725,0.6637081503868103,0.47853884100914,1.0487784147262573,0.3138503432273865,0.5204683542251587,1.0021387338638306,0.5326170325279236,0.5090290307998657,1.0944722890853882,0.22573642432689667
leg raises_1900101.jpg,0.4668939709663391,-0.002087682718411088,-0.2041589319705963,0.46626681089401245,0.004363504704087973,-0.17099089920520782,0.4751870334148407,0.004092275630682707,-0.1714003086090088,0.48359841108322144,0.003505743807181716,-0.17186293005943298,0.432014524936676,9.182273788610473e-05,-0.1943841576576233,0.41709813475608826,0.0008204765617847443,-0.1942794919013977,0.41770583391189575,0.00823739543557167,-0.19415955245494843,0.48337453603744507,0.021078933030366898,0.002559814602136612,0.3832133412361145,0.01966852881014347,-0.09907738119363785,0.47892796993255615,0.016441496089100838,-0.1354246288537979,0.4486774802207947,0.05732807144522667,-0.16508109867572784,0.49199187755584717,0.12664031982421875,0.13331268727779388,0.38544172048568726,0.14058813452720642,-0.11490404605865479,0.5174403786659241,0.04823076352477074,0.22322429716587067,0.3980841040611267,0.06629728525876999,-0.22803503274917603,0.4738091826438904,-0.15559828281402588,0.22060364484786987,0.4149843156337738,-0.18276505172252655,-0.13692082464694977,0.46156489849090576,-0.17563359439373016,0.20287874341011047,0.42960551381111145,-0.24247148633003235,-0.16374431550502777,0.4578857421875,-0.1989080160856247,0.21658748388290405,0.4199366867542267,-0.2428927719593048,-0.1513468325138092,0.457010418176651,-0.19694259762763977,0.22068949043750763,0.419693261384964,-0.21788430213928223,-0.13272948563098907,0.5033742785453796,0.5432919263839722,0.11282065510749817,0.4437095820903778,0.5678921341896057,-0.11261651664972305,0.6998804807662964,0.6368191838264465,0.061099521815776825,0.6876046061515808,0.6918560266494751,-0.23600533604621887,0.840090811252594,0.9294881224632263,-0.0010487452382221818,0.8149592876434326,0.972449004650116,-0.24007385969161987,0.8292652368545532,0.9856290221214294,-0.011688653379678726,0.7872620224952698,1.0465385913848877,-0.23552218079566956,0.9437957406044006,0.969395101070404,-0.0885147899389267,0.9316400289535522,1.0202337503433228,-0.2898569703102112
leg raises_1900111.jpg,0.43733686208724976,0.0987287238240242,-0.6375201940536499,0.4512610137462616,0.005922193173319101,-0.6202594041824341,0.467994749546051,0.014727387577295303,-0.6206273436546326,0.48386460542678833,0.007693935185670853,-0.6210911273956299,0.3975558876991272,0.03519251197576523,-0.620762050151825,0.3783246874809265,0.03856337442994118,-0.620822548866272,0.36277034878730774,0.04973769187927246,-0.620956540107727,0.5009066462516785,0.03478458523750305,-0.4527876079082489,0.33696115016937256,0.08259952068328857,-0.44257882237434387,0.4792221486568451,0.1337169110774994,-0.5669622421264648,0.4344993233680725,0.17133505642414093,-0.5636981129646301,0.5941706895828247,0.17379362881183624,-0.3056902289390564,0.3342475891113281,0.24912597239017487,-0.32377755641937256,0.6945540308952332,0.2676803767681122,-0.16650010645389557,0.30435851216316223,0.40165942907333374,-0.15848414599895477,0.7516359090805054,0.30223166942596436,-0.15115341544151306,0.35795313119888306,0.5186266303062439,-0.09660141915082932,0.7810941934585571,0.2938646972179413,-0.16967089474201202,0.36561110615730286,0.5522075295448303,-0.10493551939725876,0.7711488008499146,0.2756071388721466,-0.18687449395656586,0.37456849217414856,0.5301469564437866,-0.11108093708753586,0.7520787119865417,0.28231528401374817,-0.16230760514736176,0.3816613256931305,0.514745831489563,-0.09854035824537277,0.5429071187973022,0.6177216172218323,0.031880490481853485,0.4330575168132782,0.6368112564086914,-0.03184071183204651,0.6313632130622864,0.6479116082191467,0.46595507860183716,0.5879860520362854,0.7030388712882996,0.48293817043304443,0.6590920090675354,0.7823956608772278,0.9743221998214722,0.5926055908203125,0.8179433941841125,0.947871744632721,0.6614814400672913,0.7746620178222656,1.025748610496521,0.5953333973884583,0.822499692440033,0.992161750793457,0.6471255421638489,0.8665927648544312,0.9985857009887695,0.6076125502586365,0.9039282202720642,0.9409454464912415
leg raises_1900121.jpg,0.4368404746055603,0.14547966420650482,-0.1506194770336151,0.4514208436012268,0.10827034711837769,-0.11957008391618729,0.4682871699333191,0.10678743571043015,-0.11990562081336975,0.4830382466316223,0.10186175256967545,-0.1204666793346405,0.4037933945655823,0.12139695137739182,-0.12507006525993347,0.38733747601509094,0.12475533038377762,-0.12500983476638794,0.36848166584968567,0.11394407600164413,-0.12519973516464233,0.49796947836875916,0.11606652289628983,0.04818052425980568,0.3408298194408417,0.14457973837852478,0.027028171345591545,0.47352129220962524,0.18015208840370178,-0.08849643170833588,0.43416082859039307,0.20250731706619263,-0.09337983280420303,0.5686041116714478,0.23793251812458038,0.11529757082462311,0.3461163341999054,0.2888045608997345,0.026787279173731804,0.6584104299545288,0.3645698130130768,0.05190492421388626,0.32844510674476624,0.4174777567386627,-0.07590483129024506,0.7756654024124146,0.38553521037101746,-0.07876311987638474,0.36804288625717163,0.44518861174583435,-0.18578393757343292,0.8172155022621155,0.3946731686592102,-0.09442006796598434,0.3881343603134155,0.4701385796070099,-0.2138175070285797,0.814944326877594,0.3737155497074127,-0.12445121258497238,0.40567266941070557,0.44188934564590454,-0.23525506258010864,0.7937321066856384,0.37632182240486145,-0.09748125076293945,0.40686342120170593,0.4349311888217926,-0.2068258672952652,0.5491589903831482,0.6416981816291809,0.04557313024997711,0.44035884737968445,0.6737006902694702,-0.04584446921944618,0.6725534200668335,0.5491856336593628,0.19032908976078033,0.5929518938064575,0.5759895443916321,0.014079900458455086,0.7360613346099854,0.5651413202285767,0.1725606769323349,0.6657117605209351,0.5747038125991821,0.15497641265392303,0.740077018737793,0.5734498500823975,0.1725378930568695,0.6694967150688171,0.5746864080429077,0.17663100361824036,0.7672633528709412,0.5753005146980286,0.14523397386074066,0.7211928963661194,0.593750536441803,0.2209184616804123
leg raises_1900131.jpg,0.39997923374176025,0.1373618096113205,-0.1528295874595642,0.4239040017127991,0.11178802698850632,-0.20466595888137817,0.4364684224128723,0.11173983663320541,-0.20501084625720978,0.4555897116661072,0.09439769387245178,-0.20598186552524567,0.39336588978767395,0.11312589794397354,-0.18240198493003845,0.38178762793540955,0.11325738579034805,-0.1814289689064026,0.3695746064186096,0.10644035041332245,-0.18180948495864868,0.4676657021045685,0.10729669034481049,-0.0723508819937706,0.35183027386665344,0.13960513472557068,-0.06090926378965378,0.4259454607963562,0.17680305242538452,-0.11741430312395096,0.38206979632377625,0.18671518564224243,-0.15442411601543427,0.49380508065223694,0.2262926697731018,0.0006227511330507696,0.3326575458049774,0.24309022724628448,0.06406798958778381,0.5186225175857544,0.36846405267715454,-0.10669417679309845,0.33770281076431274,0.37494853138923645,0.2913072407245636,0.5060365200042725,0.25192925333976746,-0.2193547636270523,0.3615933060646057,0.3922555148601532,0.4964095950126648,0.5053454637527466,0.22037135064601898,-0.23149989545345306,0.3704054057598114,0.40331462025642395,0.5435935258865356,0.5152981281280518,0.20279888808727264,-0.19957652688026428,0.3669709265232086,0.3900189697742462,0.5278999209403992,0.5053321719169617,0.21928882598876953,-0.208828404545784,0.37080493569374084,0.3890146017074585,0.4970790445804596,0.525320291519165,0.6360671520233154,-0.008859884925186634,0.4216419756412506,0.6654917597770691,0.009028599597513676,0.6348196268081665,0.9046527147293091,-0.047051914036273956,0.5774354934692383,0.9269360303878784,0.005680282134562731,0.6830035448074341,1.059946894645691,0.27640199661254883,0.6378594040870667,1.0758839845657349,0.2876324951648712,0.6843396425247192,1.069093108177185,0.3066660463809967,0.6410410404205322,1.0760149955749512,0.33276790380477905,0.7276939749717712,1.1731024980545044,0.2683158218860626,0.7021041512489319,1.2056548595428467,0.3380381464958191
leg raises_1900141.jpg,0.40344110131263733,0.1155565157532692,-0.49219608306884766,0.4392048418521881,0.08113197982311249,-0.4892432391643524,0.455268532037735,0.08585130423307419,-0.489266961812973,0.47225093841552734,0.08338557928800583,-0.48950567841529846,0.40214359760284424,0.06541238725185394,-0.5083032250404358,0.38559645414352417,0.05960358679294586,-0.5081552267074585,0.37133800983428955,0.053733959794044495,-0.5082997679710388,0.47358906269073486,0.09847061336040497,-0.3399287462234497,0.3552253544330597,0.06504836678504944,-0.4431086480617523,0.4309505522251129,0.16563619673252106,-0.4241083264350891,0.39825570583343506,0.15158097445964813,-0.45516717433929443,0.4996074140071869,0.21918833255767822,-0.22536005079746246,0.33527612686157227,0.1949833333492279,-0.2734065651893616,0.524186372756958,0.34781673550605774,-0.08564458042383194,0.3407336175441742,0.3439319133758545,-0.013493907637894154,0.5058233141899109,0.2791888415813446,0.016896165907382965,0.3686089515686035,0.41499659419059753,0.10924742370843887,0.49522635340690613,0.2704624831676483,0.04037243872880936,0.3758867681026459,0.44388288259506226,0.13648241758346558,0.4927220940589905,0.2486223578453064,0.06625156849622726,0.37590181827545166,0.43279194831848145,0.11715724319219589,0.4870068430900574,0.25588148832321167,0.038860537111759186,0.38030698895454407,0.4260905683040619,0.10912851244211197,0.5245940685272217,0.6340367794036865,-0.005863054655492306,0.42088210582733154,0.645399272441864,0.006269569508731365,0.5219948291778564,0.8655002117156982,-0.03518806770443916,0.4620896279811859,0.8735572695732117,0.17126567661762238,0.5101921558380127,1.0489094257354736,0.3823074698448181,0.4609169363975525,1.0458369255065918,0.40828773379325867,0.5061658024787903,1.0740108489990234,0.40773317217826843,0.4693509340286255,1.072333812713623,0.43736425042152405,0.50152987241745,1.145039677619934,0.4056949317455292,0.43607085943222046,1.1388065814971924,0.41380494832992554
leg raises_1900151.jpg,0.423715740442276,0.12017566710710526,-0.7106775641441345,0.4541796147823334,0.0808197408914566,-0.6944864988327026,0.47103527188301086,0.08466590195894241,-0.6943844556808472,0.4872047007083893,0.0836082324385643,-0.6944001913070679,0.4121578335762024,0.06658536940813065,-0.721773087978363,0.39037275314331055,0.061522144824266434,-0.7217653393745422,0.3727310597896576,0.05609362572431564,-0.7218809127807617,0.49079981446266174,0.09988737851381302,-0.5081892013549805,0.35977301001548767,0.06775318831205368,-0.6450285315513611,0.4446244537830353,0.16963548958301544,-0.6294733285903931,0.40551239252090454,0.15600129961967468,-0.6680918335914612,0.5069435238838196,0.23456589877605438,-0.341840535402298,0.3176262676715851,0.20622944831848145,-0.46770021319389343,0.5323482751846313,0.36826297640800476,-0.09810258448123932,0.3106849789619446,0.40555253624916077,-0.26642468571662903,0.5165174007415771,0.3004147708415985,0.021823592483997345,0.32366544008255005,0.43880635499954224,-0.09056234359741211,0.5113644003868103,0.29198864102363586,0.037469133734703064,0.32524195313453674,0.4587147533893585,-0.06982528418302536,0.5091131329536438,0.2679577171802521,0.04679777845740318,0.3271084725856781,0.4358707070350647,-0.10670687258243561,0.5007585883140564,0.27382564544677734,0.03291308134794235,0.33577433228492737,0.4313529431819916,-0.09336090832948685,0.5224398970603943,0.6503901481628418,5.94715093029663e-05,0.4044135808944702,0.6502711772918701,0.00010624393325997517,0.49354204535484314,0.8428727984428406,0.38868430256843567,0.40986257791519165,0.8315830826759338,0.3699028789997101,0.46596765518188477,0.9837738871574402,0.8103315234184265,0.415703147649765,0.986735463142395,0.8109233975410461,0.45977160334587097,1.0014524459838867,0.8468180298805237,0.4227370321750641,1.051466703414917,0.8578653931617737,0.45197632908821106,1.096161961555481,0.8181895017623901,0.40636810660362244,1.048022747039795,0.8298835158348083
leg raises_1900161.jpg,0.4462219774723053,0.048650387674570084,-0.7127019762992859,0.4750944972038269,0.0065632350742816925,-0.6966310143470764,0.49199822545051575,0.010667570866644382,-0.6966015100479126,0.5082789659500122,0.014376180246472359,-0.6967556476593018,0.4331045150756836,-0.008004064671695232,-0.716724693775177,0.41255897283554077,-0.013587086461484432,-0.7167860269546509,0.39380016922950745,-0.018679024651646614,-0.7168976664543152,0.5187938809394836,0.04264712333679199,-0.5259381532669067,0.37492191791534424,-0.00016383979527745396,-0.631542444229126,0.4669789969921112,0.10607393085956573,-0.638287365436554,0.4099942445755005,0.08921976387500763,-0.6680087447166443,0.531846821308136,0.2288750559091568,-0.3702271282672882,0.3255959451198578,0.17826777696609497,-0.44042572379112244,0.562130331993103,0.3908870816230774,-0.10997266322374344,0.32188600301742554,0.4017517864704132,-0.1638811230659485,0.5236477255821228,0.26861825585365295,0.09220293164253235,0.3307320773601532,0.5149397253990173,0.12305981665849686,0.5100393891334534,0.24536527693271637,0.12112883478403091,0.3284277319908142,0.55219966173172,0.1631077229976654,0.5148664116859436,0.21641626954078674,0.13470040261745453,0.3313519060611725,0.5445159673690796,0.12417098879814148,0.5092350244522095,0.22762121260166168,0.10540416836738586,0.34292125701904297,0.5342697501182556,0.11895644664764404,0.5293130278587341,0.6469860076904297,-0.00950570683926344,0.4080439805984497,0.6282950639724731,0.009880422614514828,0.5053765177726746,0.883514404296875,0.292779803276062,0.4330860674381256,0.8517424464225769,0.2864325940608978,0.48704347014427185,1.0185574293136597,0.6847845911979675,0.4443667232990265,1.0064048767089844,0.7170670628547668,0.4838355481624603,1.0391955375671387,0.7266028523445129,0.4544529616832733,1.0398187637329102,0.7651020884513855,0.46794548630714417,1.1151541471481323,0.7240579128265381,0.42017287015914917,1.095598816871643,0.7449802160263062
leg raises_1900171.jpg,0.48250532150268555,0.05426913872361183,-0.6442229151725769,0.49493059515953064,0.015763595700263977,-0.6221399903297424,0.5068566799163818,0.017606018111109734,-0.6223810315132141,0.5186509490013123,0.019361412152647972,-0.6228311657905579,0.46404531598091125,0.009049436077475548,-0.6417779922485352,0.45021435618400574,0.006305648945271969,-0.6420353651046753,0.4371807873249054,0.003229310503229499,-0.6423782706260681,0.5221520066261292,0.04131117835640907,-0.42118215560913086,0.41494712233543396,0.02040691487491131,-0.5141052603721619,0.4974345266819,0.09763534367084503,-0.5574173331260681,0.4531262516975403,0.09004198759794235,-0.5849522948265076,0.575970470905304,0.2080463469028473,-0.28834494948387146,0.3380754590034485,0.1870558261871338,-0.3229331970214844,0.6225889325141907,0.4220424294471741,-0.4488244354724884,0.3557337820529938,0.43737030029296875,-0.24078154563903809,0.5517271757125854,0.30443188548088074,-0.7392240762710571,0.3981834650039673,0.3938213884830475,-0.15799753367900848,0.5172679424285889,0.2775484025478363,-0.7744874358177185,0.417792946100235,0.4506669044494629,-0.12973403930664062,0.5316345691680908,0.24091275036334991,-0.7344121336936951,0.39533689618110657,0.5262635350227356,-0.0988551527261734,0.5275945067405701,0.2559979259967804,-0.7251986265182495,0.39913514256477356,0.44441404938697815,-0.13806945085525513,0.5917022228240967,0.6039637923240662,-0.00016055394371505827,0.4528118968009949,0.6297631859779358,0.0005845885607413948,0.6734713315963745,0.9213008284568787,0.0611703060567379,0.5663028359413147,0.9578825235366821,0.0931643545627594,0.7151280045509338,1.1485081911087036,0.5825176239013672,0.6136884093284607,1.1946803331375122,0.5241367220878601,0.7163217067718506,1.1755845546722412,0.6291250586509705,0.621661365032196,1.2212523221969604,0.5651432275772095,0.7379791140556335,1.269349217414856,0.572472333908081,0.6304742693901062,1.3118091821670532,0.5193110108375549
leg raises_1900181.jpg,0.48160430788993835,0.18667957186698914,-0.25911954045295715,0.49775049090385437,0.14194199442863464,-0.23348189890384674,0.5038811564445496,0.1367722898721695,-0.23373079299926758,0.5128487348556519,0.13548746705055237,-0.23422640562057495,0.4622876048088074,0.15185673534870148,-0.2278182953596115,0.44807639718055725,0.15536391735076904,-0.22785493731498718,0.4342705309391022,0.15924499928951263,-0.2280312329530716,0.517507791519165,0.16183620691299438,-0.09512963145971298,0.42269986867904663,0.1880226731300354,-0.06481785327196121,0.5049698948860168,0.22877046465873718,-0.20835165679454803,0.4609847366809845,0.2361857295036316,-0.19828829169273376,0.6172031164169312,0.29439669847488403,-0.038581445813179016,0.402731329202652,0.3222101628780365,-0.022370070219039917,0.7442676424980164,0.3860110938549042,-0.11831101030111313,0.39406710863113403,0.42449751496315,0.043401215225458145,0.8662465810775757,0.2632780373096466,-0.6016153693199158,0.4271541237831116,0.3376757800579071,0.09926173090934753,0.9103453159332275,0.2392032891511917,-0.4446319043636322,0.44044190645217896,0.31612202525138855,0.10274115204811096,0.9031991958618164,0.213288351893425,-0.30169564485549927,0.4342838227748871,0.3079623878002167,0.11822578310966492,0.8814625144004822,0.2272220253944397,-0.3371700346469879,0.43828484416007996,0.30068540573120117,0.10504718869924545,0.6230150461196899,0.6780219674110413,0.0062326062470674515,0.5113646984100342,0.719706118106842,-0.005960144568234682,0.7178020477294922,0.708686113357544,0.3179599940776825,0.6402952671051025,0.9113546013832092,0.24508436024188995,0.7216399908065796,0.8198468685150146,0.6484634280204773,0.6629437208175659,0.9705312848091125,0.5985749959945679,0.7149845361709595,0.8395844101905823,0.6824880838394165,0.6718407273292542,0.972315788269043,0.6331140398979187,0.7508127689361572,0.8900331854820251,0.678305983543396,0.6733190417289734,1.060035228729248,0.6022034883499146
leg raises_1900191.jpg,0.4823889434337616,0.1956283152103424,-0.29747894406318665,0.49313220381736755,0.15791118144989014,-0.2732587456703186,0.5026093125343323,0.15215140581130981,-0.2733892500400543,0.5080121755599976,0.1473369002342224,-0.2738261818885803,0.4601292312145233,0.17157894372940063,-0.28464651107788086,0.4491909444332123,0.17663094401359558,-0.28466784954071045,0.439071387052536,0.18173092603683472,-0.2850293815135956,0.5134742856025696,0.15762747824192047,-0.11535504460334778,0.42732957005500793,0.2036389410495758,-0.1644306182861328,0.5029771327972412,0.216432586312294,-0.23417899012565613,0.4706631004810333,0.23324328660964966,-0.24797753989696503,0.5889094471931458,0.2813768684864044,0.013197647407650948,0.39139604568481445,0.321067750453949,-0.12438998371362686,0.7027523517608643,0.2960100471973419,0.04040487855672836,0.3678223788738251,0.4202362596988678,-0.3474995195865631,0.7986522912979126,0.10964594781398773,0.03205724433064461,0.4090665578842163,0.3283308744430542,-0.4373784363269806,0.826582133769989,0.04728584364056587,0.03806675225496292,0.43714919686317444,0.2934946119785309,-0.4556010663509369,0.830356776714325,0.033734068274497986,0.025451162829995155,0.4271702766418457,0.27204883098602295,-0.4360472559928894,0.8143097162246704,0.06503410637378693,0.030813226476311684,0.4257037937641144,0.2786824405193329,-0.4324866235256195,0.5914471745491028,0.7030549645423889,0.03718522563576698,0.48657190799713135,0.7317651510238647,-0.037092071026563644,0.6896346211433411,0.8490602970123291,0.3238252103328705,0.5923013091087341,0.9116568565368652,0.22956928610801697,0.6899006366729736,0.9739997982978821,0.6791919469833374,0.6258020997047424,1.1456841230392456,0.5458763837814331,0.6916211247444153,0.9967607855796814,0.7128309011459351,0.6318998336791992,1.1736994981765747,0.574553370475769,0.7392013072967529,1.0016051530838013,0.6436520218849182,0.6433047652244568,1.2467855215072632,0.5402148962020874
leg raises_1900201.jpg,0.4775031507015228,0.12029708921909332,-0.2322266846895218,0.48043787479400635,0.08627031743526459,-0.20033960044384003,0.490042507648468,0.08292596787214279,-0.20059683918952942,0.4965471029281616,0.08038517087697983,-0.20113573968410492,0.4523285925388336,0.09326287358999252,-0.2228745073080063,0.44162604212760925,0.09567973017692566,-0.2226855456829071,0.43210557103157043,0.09954216331243515,-0.22285373508930206,0.4952618479728699,0.08862729370594025,0.006238167639821768,0.3782159984111786,0.12005408853292465,-0.09853629022836685,0.49216172099113464,0.14155696332454681,-0.14639399945735931,0.4591904878616333,0.15161654353141785,-0.17737388610839844,0.5529960989952087,0.19514499604701996,0.08525598794221878,0.3443414568901062,0.25185009837150574,-0.011672132648527622,0.5868730545043945,0.3489202857017517,0.04568074271082878,0.3555475175380707,0.4275253713130951,-0.08134182542562485,0.5634896159172058,0.2884730100631714,-0.08284275233745575,0.4121094048023224,0.4605540931224823,-0.23864343762397766,0.561292290687561,0.280085951089859,-0.14010022580623627,0.4317874312400818,0.4829748868942261,-0.24551109969615936,0.5609020590782166,0.2476893812417984,-0.12124273180961609,0.43134573101997375,0.45317479968070984,-0.2422819584608078,0.5544376373291016,0.25676000118255615,-0.07704220712184906,0.4302697479724884,0.4440845549106598,-0.2332024723291397,0.5658809542655945,0.569094717502594,0.03143346682190895,0.4429932236671448,0.6329220533370972,-0.03150499612092972,0.7095617055892944,0.7905484437942505,-0.1663467139005661,0.5763012766838074,0.8905646204948425,-0.2666831910610199,0.8231946229934692,0.8807985782623291,0.2779385447502136,0.7362521886825562,1.0076961517333984,0.22238177061080933,0.8304676413536072,0.8913822770118713,0.3281972110271454,0.7536237239837646,0.9844059348106384,0.2860105335712433,0.8800784349441528,0.9547048807144165,0.2808804512023926,0.8104373216629028,1.17628014087677,0.24680723249912262
leg raises_1900211.jpg,0.47292694449424744,0.16743910312652588,-0.01567423716187477,0.47725409269332886,0.13492222130298615,0.00171099288854748,0.48731011152267456,0.1353856325149536,0.0015407610917463899,0.494509756565094,0.13622771203517914,0.0011309720575809479,0.45080462098121643,0.13088852167129517,-0.01585412211716175,0.4403509795665741,0.12908969819545746,-0.015806762501597404,0.43150049448013306,0.12800511717796326,-0.016043931245803833,0.4941677749156952,0.14568941295146942,0.1414463371038437,0.36591801047325134,0.12093781679868698,0.057243749499320984,0.4838793873786926,0.196389302611351,0.04586845636367798,0.4505423605442047,0.1928875595331192,0.021463550627231598,0.5466830134391785,0.24187445640563965,0.17640067636966705,0.3419753909111023,0.2538021206855774,0.14324232935905457,0.5739306807518005,0.4152067303657532,0.09902489930391312,0.34312060475349426,0.4093514680862427,0.30673879384994507,0.5603722333908081,0.3860497772693634,-0.061564281582832336,0.38219979405403137,0.44075271487236023,0.5756459832191467,0.5633646845817566,0.38788291811943054,-0.09571637213230133,0.3974047601222992,0.4182959198951721,0.6152839064598083,0.5554078817367554,0.35814493894577026,-0.08177915960550308,0.39080122113227844,0.3829013705253601,0.6256932616233826,0.5440489649772644,0.3615932762622833,-0.06033855304121971,0.3929609954357147,0.39832887053489685,0.588827908039093,0.5633294582366943,0.5937488079071045,0.011817260645329952,0.43731462955474854,0.6348811388015747,-0.011014922522008419,0.6788952946662903,0.8990641236305237,-0.006881287787109613,0.5038862824440002,0.8993446230888367,-0.1271713674068451,0.6383923292160034,1.109959602355957,0.3520462214946747,0.5484941005706787,1.0449944734573364,0.4338836073875427,0.6195027828216553,1.1359360218048096,0.391233891248703,0.5599565505981445,1.0531179904937744,0.4916779100894928,0.6830942034721375,1.2332619428634644,0.3347174823284149,0.5670153498649597,1.1675431728363037,0.4291633665561676
leg raises_2000001.jpg,0.4582245647907257,0.282502144575119,-0.1678568422794342,0.4454652965068817,0.27088993787765503,-0.1566709578037262,0.4537000060081482,0.24791660904884338,-0.15682712197303772,0.45807990431785583,0.2476664036512375,-0.15711167454719543,0.4320489168167114,0.2771937847137451,-0.17431658506393433,0.4265975058078766,0.2786155343055725,-0.17426522076129913,0.41130098700523376,0.28587231040000916,-0.1745966374874115,0.45405519008636475,0.2634785771369934,0.001936718705110252,0.3708477318286896,0.2965923249721527,-0.052509061992168427,0.4634684920310974,0.2979086637496948,-0.11473820358514786,0.4422171711921692,0.3009054958820343,-0.13844965398311615,0.510872483253479,0.3845610022544861,0.06523756682872772,0.3445243537425995,0.39843305945396423,-0.1520165055990219,0.5379211902618408,0.5987412333488464,0.1255009025335312,0.36013802886009216,0.5921860337257385,-0.22046086192131042,0.5250217318534851,0.683322548866272,0.09058793634176254,0.4482239782810211,0.6502266526222229,-0.2638143002986908,0.5298293828964233,0.720760703086853,0.07248681038618088,0.4778652787208557,0.6928157806396484,-0.29512351751327515,0.5263099670410156,0.7225784063339233,0.04933692142367363,0.47185567021369934,0.6647269129753113,-0.2951086163520813,0.522763192653656,0.6983290910720825,0.08021794259548187,0.4717191457748413,0.6648820042610168,-0.2636370360851288,0.5257145166397095,0.7388705611228943,0.06772048771381378,0.4222256541252136,0.7621595859527588,-0.06718847900629044,0.5772876143455505,0.9472081661224365,0.10457488894462585,0.45457276701927185,0.9958981871604919,-0.030265698209404945,0.5471736192703247,1.1441364288330078,0.41167697310447693,0.49619606137275696,1.2208105325698853,0.22375217080116272,0.5319437384605408,1.165583848953247,0.4327387809753418,0.49293479323387146,1.2431362867355347,0.2488774210214615,0.5873811841011047,1.2618358135223389,0.3929491341114044,0.5365488529205322,1.344254732131958,0.11916632205247879
leg raises_2000011.jpg,0.4581437110900879,0.32289713621139526,-0.11429128795862198,0.44786369800567627,0.30245301127433777,-0.11068948358297348,0.45748189091682434,0.3002086579799652,-0.11080820113420486,0.4574774205684662,0.31127870082855225,-0.11101004481315613,0.43291619420051575,0.31433188915252686,-0.12014506757259369,0.4300362467765808,0.3170027434825897,-0.12013611197471619,0.42318835854530334,0.3189569115638733,-0.12045540660619736,0.4578086733818054,0.3287428915500641,-0.0480717234313488,0.4062955975532532,0.33765971660614014,-0.100493423640728,0.4642297029495239,0.32510435581207275,-0.09201467782258987,0.453514039516449,0.34151145815849304,-0.10456208139657974,0.5113265514373779,0.3887878358364105,-0.03711656481027603,0.440496027469635,0.4013754427433014,-0.1456771194934845,0.5347309112548828,0.3034643828868866,-0.07005737721920013,0.491057425737381,0.317729651927948,-0.20448480546474457,0.524863600730896,0.14640241861343384,-0.1009308472275734,0.5071094632148743,0.1397291123867035,-0.23478035628795624,0.5199897885322571,0.11745382845401764,-0.11844417452812195,0.5169116854667664,0.09957783669233322,-0.26929184794425964,0.5217542052268982,0.10826501995325089,-0.1377057582139969,0.5119544863700867,0.09626682847738266,-0.2510344386100769,0.5225853323936462,0.11572403460741043,-0.1113182082772255,0.5105823278427124,0.1072869524359703,-0.23214572668075562,0.5373889803886414,0.7248039245605469,0.03408147022128105,0.5030959248542786,0.7408461570739746,-0.034243881702423096,0.5808531045913696,0.8530780076980591,0.11989439278841019,0.5436766743659973,0.8009302616119385,0.07583416998386383,0.5760460495948792,0.8703708052635193,0.3237416446208954,0.5924806594848633,0.8865748643875122,0.2524729073047638,0.5442741513252258,0.8649211525917053,0.342404305934906,0.5934577584266663,0.8904317021369934,0.27048763632774353,0.6053991317749023,0.9073682427406311,0.3317343294620514,0.6155899167060852,0.9308834671974182,0.23873497545719147
leg raises_2000021.jpg,,,,,,,,,,,,,,,,,,,,,,,,,,,,,,,,,,,,,,,,,,,,,,,,,,,,,,,,,,,,,,,,,,,,,,,,,,,,,,,,,,,,,,,,,,,,,,,,,,,
leg raises_2000031.jpg,0.5311070680618286,0.33156272768974304,-0.4858523905277252,0.5381657481193542,0.34182101488113403,-0.48293524980545044,0.537223756313324,0.34306684136390686,-0.48285800218582153,0.5363685488700867,0.3443925082683563,-0.48280972242355347,0.5418685674667358,0.33919352293014526,-0.4888254404067993,0.5434615015983582,0.3383910059928894,-0.48881807923316956,0.5449938178062439,0.33761361241340637,-0.48873332142829895,0.5366759896278381,0.3481997847557068,-0.3949965834617615,0.5485406517982483,0.33894282579421997,-0.4192742705345154,0.5241380929946899,0.3283655345439911,-0.44628748297691345,0.5286197066307068,0.32383906841278076,-0.45419129729270935,0.5206719636917114,0.32325637340545654,-0.27175173163414,0.5294001698493958,0.32628771662712097,-0.3044188320636749,0.5153655409812927,0.20112530887126923,-0.2502726912498474,0.5013788938522339,0.2065197378396988,-0.3181162476539612,0.5193199515342712,0.07823097705841064,-0.30382630228996277,0.4959030747413635,0.06395220756530762,-0.3419257700443268,0.519739031791687,0.05831211805343628,-0.3323606550693512,0.49561044573783875,0.04607418552041054,-0.3792160749435425,0.520030677318573,0.05847537890076637,-0.35116150975227356,0.49623405933380127,0.04347839951515198,-0.37924373149871826,0.5185007452964783,0.0639900267124176,-0.3149777352809906,0.4966334104537964,0.051219429820775986,-0.3454316556453705,0.552359402179718,0.40289968252182007,-0.01962262950837612,0.5601856112480164,0.3976329267024994,0.0196272823959589,0.5685081481933594,0.41955745220184326,-0.07911157608032227,0.5858867168426514,0.4282603859901428,0.05061597004532814,0.5643579363822937,0.28488582372665405,0.02193203940987587,0.6064218282699585,0.35397371649742126,0.13229107856750488,0.5550603866577148,0.26450201869010925,0.03476826846599579,0.6042693257331848,0.3370213210582733,0.14168106019496918,0.5891143083572388,0.24786826968193054,0.0028339894488453865,0.628444254398346,0.3421500325202942,0.08847024291753769
leg raises_2000041.jpg,0.4978943169116974,0.2314915508031845,0.4853510856628418,0.4961961507797241,0.23419469594955444,0.5205982327461243,0.4968285858631134,0.23535533249378204,0.5207822322845459,0.49740615487098694,0.2365669459104538,0.5208585858345032,0.4926535189151764,0.23524415493011475,0.49787572026252747,0.49095067381858826,0.23719888925552368,0.49800458550453186,0.48903968930244446,0.23957373201847076,0.49799540638923645,0.49458009004592896,0.2510894238948822,0.6340478658676147,0.482456773519516,0.25669029355049133,0.5331019759178162,0.5003688931465149,0.24003826081752777,0.5256831645965576,0.49697303771972656,0.24233020842075348,0.49570944905281067,0.523526132106781,0.2883828580379486,0.629448652267456,0.472236305475235,0.2862705886363983,0.3661245107650757,0.5202971696853638,0.17175519466400146,0.616972804069519,0.48868995904922485,0.17482881247997284,0.16427497565746307,0.5221831798553467,0.07277379930019379,0.6380379796028137,0.4936704635620117,0.06391293555498123,0.18855123221874237,0.5222996473312378,0.05336182937026024,0.6425236463546753,0.4946325421333313,0.044920578598976135,0.16450604796409607,0.5207744240760803,0.050869666039943695,0.6404949426651001,0.4961802065372467,0.04278761148452759,0.19080322980880737,0.5194899439811707,0.05713547021150589,0.6344999074935913,0.4966336488723755,0.05010981485247612,0.19729185104370117,0.554434597492218,0.4200066328048706,0.06779616326093674,0.5156902074813843,0.4480028450489044,-0.06773927807807922,0.6017799973487854,0.40913110971450806,-0.17710337042808533,0.5483070611953735,0.5449265837669373,-0.3692319095134735,0.6106644868850708,0.37439730763435364,-0.4013049304485321,0.6178827285766602,0.6148953437805176,-0.6499933004379272,0.6213803887367249,0.3687567114830017,-0.4276902377605438,0.6234934329986572,0.6350505948066711,-0.6815292835235596,0.5869359374046326,0.339724063873291,-0.5277172327041626,0.6392456293106079,0.593496561050415,-0.8164202570915222
leg raises_2000051.jpg,,,,,,,,,,,,,,,,,,,,,,,,,,,,,,,,,,,,,,,,,,,,,,,,,,,,,,,,,,,,,,,,,,,,,,,,,,,,,,,,,,,,,,,,,,,,,,,,,,,
leg raises_2000061.jpg,0.5208247303962708,0.2557281255722046,-0.028001220896840096,0.5210629105567932,0.26228901743888855,-0.03441065922379494,0.5195298790931702,0.26322120428085327,-0.03439692407846451,0.5184786319732666,0.2644895911216736,-0.034441180527210236,0.5228404998779297,0.2605491280555725,-0.024233920499682426,0.5237289667129517,0.2607226073741913,-0.024240383878350258,0.5241833329200745,0.2604581117630005,-0.024260301142930984,0.5121719837188721,0.26953938603401184,-0.03680919110774994,0.5195579528808594,0.26379701495170593,0.011386226862668991,0.51535964012146,0.25259190797805786,-0.02621000073850155,0.5176689624786377,0.24943067133426666,-0.012672909535467625,0.48372164368629456,0.24432949721813202,-0.034749019891023636,0.5172152519226074,0.249045267701149,0.04092530161142349,0.4906720221042633,0.20754778385162354,-0.06211452558636665,0.5297244787216187,0.2084556221961975,-0.0024590520188212395,0.5061814785003662,0.22838157415390015,-0.04658276587724686,0.5220893025398254,0.22193309664726257,-0.0639885663986206,0.5101026296615601,0.23241062462329865,-0.05032886937260628,0.5206493735313416,0.2260517179965973,-0.07184059172868729,0.5101946592330933,0.2357064187526703,-0.04438792169094086,0.5198681354522705,0.22914764285087585,-0.06779827922582626,0.5097675323486328,0.23464354872703552,-0.04252447932958603,0.5185814499855042,0.22777754068374634,-0.06360648572444916,0.4971654713153839,0.18082888424396515,-0.028497060760855675,0.5217288136482239,0.1926068365573883,0.028505781665444374,0.5040210485458374,0.15222996473312378,-0.1472431719303131,0.5494634509086609,0.20737308263778687,-0.08292701840400696,0.5073955655097961,0.07547317445278168,-0.1563236117362976,0.5414944887161255,0.1348608434200287,-0.08756472170352936,0.5084985494613647,0.06620755791664124,-0.15941603481769562,0.5345525145530701,0.12305641174316406,-0.0890016108751297,0.5137723684310913,0.042068615555763245,-0.21019569039344788,0.5514971613883972,0.10887271165847778,-0.12755830585956573
leg raises_200051.jpg,0.4994432032108307,0.25063443183898926,-0.07729760557413101,0.4972158670425415,0.25607073307037354,-0.08464480191469193,0.4965532720088959,0.2561475932598114,-0.0846128761768341,0.4959159195423126,0.2562178075313568,-0.08460256457328796,0.49765345454216003,0.25620827078819275,-0.0761607438325882,0.4973410665988922,0.25638821721076965,-0.07621682435274124,0.49701279401779175,0.25651025772094727,-0.0762551799416542,0.4908190071582794,0.2549009919166565,-0.09640344232320786,0.4923238456249237,0.25556495785713196,-0.056521572172641754,0.49729394912719727,0.24582421779632568,-0.07894489914178848,0.4977680742740631,0.24558348953723907,-0.06765486299991608,0.4844081699848175,0.23088128864765167,-0.09510649740695953,0.484783798456192,0.23407495021820068,-0.01547443401068449,0.5045158863067627,0.20434421300888062,-0.07288400083780289,0.5009191036224365,0.20633144676685333,-0.0025232236366719007,0.5091339349746704,0.21848808228969574,-0.02348051406443119,0.5080248117446899,0.21482673287391663,-0.023312676697969437,0.5104029774665833,0.2213743031024933,-0.023530947044491768,0.5098263621330261,0.21630673110485077,-0.023396391421556473,0.5096304416656494,0.2241782248020172,-0.020886395126581192,0.5102636814117432,0.21991334855556488,-0.031193485483527184,0.5093106031417847,0.22374407947063446,-0.020596742630004883,0.509394109249115,0.22010892629623413,-0.026697831228375435,0.49693310260772705,0.16155995428562164,-0.030255835503339767,0.49090367555618286,0.16495582461357117,0.030295224860310555,0.5008134841918945,0.19275283813476562,-0.0841260775923729,0.4674883782863617,0.18754641711711884,0.028438981622457504,0.5060824751853943,0.24548916518688202,-0.09122534096240997,0.4445442259311676,0.20410774648189545,0.024951793253421783,0.5084877610206604,0.2516571283340454,-0.09203095734119415,0.44367361068725586,0.20617792010307312,0.024931849911808968,0.5012644529342651,0.265749990940094,-0.12129076570272446,0.43247708678245544,0.21111419796943665,0.005454261787235737
leg raises_200061.jpg,0.49914032220840454,0.2487611174583435,-0.10273260623216629,0.49922317266464233,0.2516315281391144,-0.11430180817842484,0.4994666278362274,0.2501588463783264,-0.11428271234035492,0.49960649013519287,0.2499752938747406,-0.11428121477365494,0.4971257150173187,0.25188401341438293,-0.10824518650770187,0.4964069128036499,0.2519282102584839,-0.10829652100801468,0.4958988130092621,0.25213682651519775,-0.10832085460424423,0.495961993932724,0.2472718060016632,-0.1351424604654312,0.4900931715965271,0.2505640685558319,-0.10788372159004211,0.4988363981246948,0.24394789338111877,-0.10651232302188873,0.49629268050193787,0.2435380071401596,-0.09852837771177292,0.5010004043579102,0.2181415557861328,-0.11722009629011154,0.4652034640312195,0.23477981984615326,-0.07485687732696533,0.5144757032394409,0.1978764683008194,-0.06903060525655746,0.4648404121398926,0.22034293413162231,-0.00661099748685956,0.509059727191925,0.21307292580604553,6.684285472147167e-05,0.4854670763015747,0.22967460751533508,0.0435648150742054,0.5097992420196533,0.2160441130399704,-0.0019511636346578598,0.4879057705402374,0.23299743235111237,0.049608130007982254,0.5055481791496277,0.21875342726707458,-0.006978214252740145,0.4931376576423645,0.23123019933700562,0.03684806078672409,0.5049468874931335,0.2180209457874298,-0.0009422583971172571,0.4929111897945404,0.22942177951335907,0.04015220329165459,0.49895918369293213,0.15885354578495026,-0.019292356446385384,0.4783285856246948,0.1664813607931137,0.01930583268404007,0.5048415660858154,0.2134881317615509,-0.02101900801062584,0.47510620951652527,0.21611525118350983,0.0297375675290823,0.5029960870742798,0.24200193583965302,0.04306362196803093,0.48459574580192566,0.24150878190994263,0.09072434157133102,0.5013448596000671,0.23932164907455444,0.04997442290186882,0.4855922758579254,0.2395312488079071,0.09717672318220139,0.501654326915741,0.27154698967933655,0.03971802070736885,0.48744213581085205,0.2635907232761383,0.08853749930858612
leg raises_200071.jpg,0.49805793166160583,0.24396388232707977,-0.10993536561727524,0.4969503581523895,0.2481648325920105,-0.12076916545629501,0.4967085123062134,0.24791035056114197,-0.12076112627983093,0.4966166615486145,0.24808356165885925,-0.12079762667417526,0.4970620572566986,0.24825428426265717,-0.11000285297632217,0.4968200623989105,0.24832026660442352,-0.11005494743585587,0.4964594542980194,0.25142785906791687,-0.11008398979902267,0.49103492498397827,0.2458656132221222,-0.14116770029067993,0.4895987808704376,0.2489192932844162,-0.0918550044298172,0.4955368638038635,0.2388744354248047,-0.11444374173879623,0.4951341450214386,0.23974066972732544,-0.1002279594540596,0.491454154253006,0.2216925323009491,-0.13090959191322327,0.4741612374782562,0.23206275701522827,-0.04575594142079353,0.5065820217132568,0.19622395932674408,-0.09264780580997467,0.4867331087589264,0.2120973765850067,0.00391310965642333,0.5067545771598816,0.21251994371414185,-0.01987113617360592,0.4953049421310425,0.22303085029125214,0.02318277768790722,0.5073668360710144,0.2154175192117691,-0.021997738629579544,0.4967230558395386,0.22426514327526093,0.02834419347345829,0.5037592053413391,0.21866363286972046,-0.021894074976444244,0.4984719157218933,0.22604571282863617,0.01614540070295334,0.5030523538589478,0.21782928705215454,-0.018217984586954117,0.4981338381767273,0.22572918236255646,0.019101569429039955,0.4897407591342926,0.15650299191474915,-0.029145745560526848,0.480334609746933,0.16477081179618835,0.0292271189391613,0.4982578456401825,0.20392130315303802,-0.06549826264381409,0.481766015291214,0.21571019291877747,0.029334479942917824,0.501531183719635,0.2331082820892334,0.004215271212160587,0.49180957674980164,0.23216667771339417,0.05943971127271652,0.5016897916793823,0.2331615686416626,0.011268694885075092,0.49412375688552856,0.23003342747688293,0.06235082074999809,0.5011987090110779,0.2581796944141388,-0.0016372009413316846,0.4921191334724426,0.25189149379730225,0.050008829683065414
leg raises_200081.jpg,0.4877655804157257,0.23804450035095215,-0.12496458739042282,0.48667123913764954,0.2404889166355133,-0.13536112010478973,0.48671549558639526,0.24046529829502106,-0.1353420615196228,0.48715102672576904,0.23843590915203094,-0.13535170257091522,0.4860740303993225,0.24056121706962585,-0.12678664922714233,0.4853249490261078,0.24265064299106598,-0.1268608272075653,0.4845486283302307,0.24365590512752533,-0.12689614295959473,0.48279446363449097,0.2352912425994873,-0.15401552617549896,0.4789784550666809,0.24092312157154083,-0.11522970348596573,0.485967755317688,0.23243571817874908,-0.1288590282201767,0.4850185513496399,0.23407334089279175,-0.11756136268377304,0.48353812098503113,0.2084018439054489,-0.1374668926000595,0.4621437191963196,0.22884152829647064,-0.07617399841547012,0.5000004172325134,0.1897481083869934,-0.09520106762647629,0.472307026386261,0.21178336441516876,-0.022082732990384102,0.4973926246166229,0.2073032408952713,-0.028273560106754303,0.48777130246162415,0.22090476751327515,0.004724898841232061,0.49753934144973755,0.2107412964105606,-0.03393715247511864,0.49066540598869324,0.22302110493183136,0.007785643916577101,0.4944176971912384,0.2136639654636383,-0.03914811089634895,0.4927557706832886,0.22342324256896973,-0.004767827223986387,0.493908554315567,0.21259070932865143,-0.03047434613108635,0.49200883507728577,0.22252987325191498,0.0006943448097445071,0.47990405559539795,0.15197744965553284,-0.024116307497024536,0.46757492423057556,0.1650843471288681,0.024158570915460587,0.49261024594306946,0.20339088141918182,-0.0806405246257782,0.472323477268219,0.21588094532489777,-0.0007208282477222383,0.49030226469039917,0.2348904311656952,-0.0195996705442667,0.4838773012161255,0.2388991266489029,0.045425064861774445,0.4887102246284485,0.2328411489725113,-0.01361212506890297,0.4859551191329956,0.23643815517425537,0.050025347620248795,0.4916248917579651,0.2660304307937622,-0.03533155471086502,0.48624226450920105,0.26220467686653137,0.03195049241185188
leg raises_200091.jpg,0.4794577956199646,0.22600072622299194,-0.17948494851589203,0.4782210886478424,0.22989384829998016,-0.18540914356708527,0.4776374399662018,0.22994764149188995,-0.18540345132350922,0.477109432220459,0.22976095974445343,-0.18542055785655975,0.47907114028930664,0.2298775315284729,-0.1786750704050064,0.47902625799179077,0.23010173439979553,-0.17875193059444427,0.4789748787879944,0.23018966615200043,-0.17880192399024963,0.47296273708343506,0.22827598452568054,-0.17842276394367218,0.47548016905784607,0.22844067215919495,-0.14810459315776825,0.4768127501010895,0.221810445189476,-0.17368552088737488,0.47766759991645813,0.2219570130109787,-0.16492153704166412,0.4665008783340454,0.21040771901607513,-0.1471579223871231,0.46828922629356384,0.213836669921875,-0.10450908541679382,0.47560200095176697,0.19007667899131775,-0.15832608938217163,0.47893962264060974,0.19818827509880066,-0.10813164710998535,0.4830150008201599,0.20977887511253357,-0.17331288754940033,0.4829101860523224,0.20490621030330658,-0.1545836478471756,0.485400527715683,0.2172417789697647,-0.18742622435092926,0.48424232006073,0.20588785409927368,-0.16691537201404572,0.483987957239151,0.2157309651374817,-0.1893673837184906,0.4842342734336853,0.20839634537696838,-0.17580223083496094,0.48317447304725647,0.2145649641752243,-0.17458577454090118,0.4836427569389343,0.20831474661827087,-0.1594664603471756,0.46728435158729553,0.1502736359834671,-0.012550977990031242,0.4670312702655792,0.15648198127746582,0.012569357641041279,0.4781898558139801,0.19595608115196228,-0.056725867092609406,0.4711637496948242,0.2047690749168396,-0.009011222049593925,0.47736313939094543,0.22744137048721313,0.01179584302008152,0.4734498858451843,0.22924889624118805,0.02383926510810852,0.47547757625579834,0.22641442716121674,0.017828816547989845,0.4733235239982605,0.226936936378479,0.02865470014512539,0.4813094735145569,0.2539317011833191,-0.0137785067781806,0.4752010107040405,0.25083428621292114,0.002165681915357709
leg raises_200101.jpg,0.47790783643722534,0.22147506475448608,-0.11673963069915771,0.4772924780845642,0.2245350331068039,-0.12390237301588058,0.477076917886734,0.2243979126214981,-0.12388541549444199,0.4777611196041107,0.2229693979024887,-0.12390827387571335,0.47689804434776306,0.22643853724002838,-0.11575055867433548,0.4764857292175293,0.22681304812431335,-0.11579897999763489,0.4751436114311218,0.22825175523757935,-0.11583073437213898,0.4737285077571869,0.21988360583782196,-0.14223290979862213,0.4698237478733063,0.227600559592247,-0.10805034637451172,0.476237028837204,0.21654610335826874,-0.11568277329206467,0.4751679003238678,0.2182956486940384,-0.10520335286855698,0.47016292810440063,0.1936941146850586,-0.13452871143817902,0.4526728391647339,0.2203541398048401,-0.07391028851270676,0.4838275909423828,0.1769973188638687,-0.11413300037384033,0.4648069143295288,0.22562681138515472,-0.07015456259250641,0.48651811480522156,0.20155248045921326,-0.0871657058596611,0.4810390770435333,0.24360275268554688,-0.11385748535394669,0.48785749077796936,0.20524437725543976,-0.09383756667375565,0.4803782105445862,0.25633859634399414,-0.1222761794924736,0.4857173264026642,0.2061464786529541,-0.09511882811784744,0.4804600775241852,0.25510579347610474,-0.13442951440811157,0.4832169711589813,0.20831860601902008,-0.08600353449583054,0.48533713817596436,0.24330481886863708,-0.11959541589021683,0.46376973390579224,0.1386757791042328,-0.026353932917118073,0.4546738862991333,0.15131917595863342,0.02637065388262272,0.4772526025772095,0.17988599836826324,-0.06839721649885178,0.46319344639778137,0.19464534521102905,0.02027887850999832,0.48145294189453125,0.19552041590213776,0.030540429055690765,0.47954466938972473,0.18321824073791504,0.07374220341444016,0.4808736741542816,0.19190597534179688,0.040568429976701736,0.48153942823410034,0.1773102879524231,0.07866235077381134,0.4868980348110199,0.206401988863945,0.035933855921030045,0.48442763090133667,0.19613076746463776,0.06730177253484726
leg raises_200111.jpg,0.4663282334804535,0.22031885385513306,-0.1454210728406906,0.46835729479789734,0.22045035660266876,-0.15496860444545746,0.4698210656642914,0.22004562616348267,-0.15494707226753235,0.47135117650032043,0.21946772933006287,-0.15494075417518616,0.4641340970993042,0.22133831679821014,-0.15263886749744415,0.4627220332622528,0.2214101403951645,-0.15267892181873322,0.4612477123737335,0.22160881757736206,-0.15266956388950348,0.47355422377586365,0.2138400673866272,-0.16023731231689453,0.45859870314598083,0.21680012345314026,-0.14965440332889557,0.46912506222724915,0.2165852189064026,-0.14293381571769714,0.46436604857444763,0.21724320948123932,-0.13985201716423035,0.47611483931541443,0.19531258940696716,-0.12624256312847137,0.44836536049842834,0.20724759995937347,-0.10429699718952179,0.48319920897483826,0.1952512264251709,-0.11072513461112976,0.4508748948574066,0.22060243785381317,-0.08973697572946548,0.48337048292160034,0.21218901872634888,-0.12738345563411713,0.46661177277565,0.23751945793628693,-0.11718745529651642,0.484904944896698,0.21526853740215302,-0.14521688222885132,0.4671250581741333,0.243622824549675,-0.12921342253684998,0.4814373552799225,0.2114066630601883,-0.15173526108264923,0.47175222635269165,0.24271050095558167,-0.14372144639492035,0.48012831807136536,0.21106764674186707,-0.13150101900100708,0.4727433919906616,0.23826497793197632,-0.12364578247070312,0.4704534411430359,0.1428079903125763,-0.013919126242399216,0.45199355483055115,0.14878402650356293,0.013995641842484474,0.4823211133480072,0.1926378309726715,-0.07410155236721039,0.44718137383461,0.19177769124507904,-0.031830672174692154,0.47949132323265076,0.22961626946926117,-0.01722652278840542,0.46506795287132263,0.22426074743270874,0.034487828612327576,0.47707289457321167,0.22919724881649017,-0.01332671009004116,0.469467431306839,0.22511637210845947,0.035466618835926056,0.47983333468437195,0.26115766167640686,-0.0353955440223217,0.46717092394828796,0.24736575782299042,-0.0012482197489589453
leg raises_200121.jpg,0.4768531024456024,0.21783684194087982,-0.14095671474933624,0.4753498136997223,0.2225053608417511,-0.1428283154964447,0.4745522141456604,0.2226002961397171,-0.14281587302684784,0.4737418591976166,0.22264713048934937,-0.1428695023059845,0.476041704416275,0.22114501893520355,-0.1360388845205307,0.4760793149471283,0.22094440460205078,-0.13609154522418976,0.4760889708995819,0.22096417844295502,-0.13612337410449982,0.46894246339797974,0.22116197645664215,-0.1482251137495041,0.4730977416038513,0.2206440567970276,-0.12116328626871109,0.47402074933052063,0.21380138397216797,-0.13218361139297485,0.475490927696228,0.21343697607517242,-0.12333568930625916,0.457324355840683,0.20274131000041962,-0.10247121751308441,0.45862799882888794,0.20131248235702515,-0.07047554850578308,0.45545223355293274,0.1993565857410431,-0.110009104013443,0.45728063583374023,0.1786239892244339,-0.07280575484037399,0.47244831919670105,0.23067234456539154,-0.099564328789711,0.47950637340545654,0.1934976726770401,-0.1290328949689865,0.47667551040649414,0.2398749440908432,-0.10601801425218582,0.4801558256149292,0.19655214250087738,-0.13823717832565308,0.47651398181915283,0.24006731808185577,-0.1042914092540741,0.48073625564575195,0.2004750370979309,-0.14205464720726013,0.47528138756752014,0.2364010214805603,-0.0974903404712677,0.4805581271648407,0.19920791685581207,-0.1313668042421341,0.4594801068305969,0.13968484103679657,-0.01611131802201271,0.46620479226112366,0.14434276521205902,0.016144316643476486,0.4522606432437897,0.15353786945343018,-0.09305731952190399,0.46566659212112427,0.1617783010005951,-0.03721252828836441,0.4646715521812439,0.17507465183734894,-0.02741587720811367,0.45920687913894653,0.1822565346956253,0.029940877109766006,0.4670874774456024,0.17848394811153412,-0.020629974082112312,0.45869722962379456,0.18258796632289886,0.024029185995459557,0.46824195981025696,0.18720194697380066,-0.03556392341852188,0.4544242024421692,0.19910928606987,0.008766187354922295
leg raises_200131.jpg,0.4782184660434723,0.2233589142560959,-0.12948110699653625,0.47654953598976135,0.22831687331199646,-0.13685297966003418,0.4758669435977936,0.22854751348495483,-0.1368279755115509,0.4751357138156891,0.22872449457645416,-0.13686320185661316,0.4778488874435425,0.2273535132408142,-0.1309674084186554,0.4780263304710388,0.22773586213588715,-0.13103137910366058,0.47821447253227234,0.2282407134771347,-0.1310720145702362,0.4711422324180603,0.22605586051940918,-0.1430799812078476,0.47140631079673767,0.22725652158260345,-0.11702488362789154,0.47613224387168884,0.2203054279088974,-0.12754258513450623,0.4765795171260834,0.22008800506591797,-0.11996626853942871,0.46678626537323,0.19874653220176697,-0.11142189055681229,0.4655803442001343,0.20507808029651642,-0.08129464834928513,0.4699486494064331,0.18333972990512848,-0.0776987373828888,0.47150948643684387,0.17784300446510315,-0.06363973021507263,0.48021936416625977,0.21954169869422913,-0.028119971975684166,0.4838840067386627,0.19083590805530548,-0.05217922478914261,0.48397961258888245,0.23528453707695007,-0.030936401337385178,0.48445895314216614,0.19424118101596832,-0.057267822325229645,0.4813663363456726,0.23710204660892487,-0.03230128809809685,0.48536744713783264,0.19679726660251617,-0.06539169698953629,0.4801582396030426,0.22844067215919495,-0.027651997283101082,0.485399454832077,0.1951318383216858,-0.05504667013883591,0.4664683938026428,0.13911785185337067,-0.014094611629843712,0.4647892713546753,0.14619050920009613,0.01415630616247654,0.4711090922355652,0.15543228387832642,-0.029416199773550034,0.4721698462963104,0.18014927208423615,0.016212210059165955,0.47449296712875366,0.17805099487304688,0.0664328783750534,0.47461840510368347,0.18321555852890015,0.09183508902788162,0.47486868500709534,0.1772250533103943,0.07606501877307892,0.4743274450302124,0.17979907989501953,0.10002310574054718,0.48581427335739136,0.19357401132583618,0.06315063685178757,0.4706745147705078,0.19802360236644745,0.09435995668172836
leg raises_200141.jpg,0.47616666555404663,0.2207409143447876,-0.1033497154712677,0.4729105234146118,0.22490713000297546,-0.1097060814499855,0.472504585981369,0.2225387841463089,-0.10968086123466492,0.47156092524528503,0.22256340086460114,-0.10968837887048721,0.4752734899520874,0.2246895432472229,-0.10181773453950882,0.4758182168006897,0.22463800013065338,-0.1018480584025383,0.4764157235622406,0.22465898096561432,-0.10186775773763657,0.4666547477245331,0.2204088270664215,-0.1121058389544487,0.4704033136367798,0.22108645737171173,-0.07665818184614182,0.4736987054347992,0.21183203160762787,-0.10080837458372116,0.4761291444301605,0.21569855511188507,-0.09079138934612274,0.45986154675483704,0.19944216310977936,-0.10272882133722305,0.4685252606868744,0.1945451945066452,-0.040925249457359314,0.45890170335769653,0.19557535648345947,-0.1286211460828781,0.47193682193756104,0.1669711172580719,-0.056643128395080566,0.46568921208381653,0.24588073790073395,-0.129664346575737,0.48537930846214294,0.18301181495189667,-0.10508867353200912,0.47068271040916443,0.2571902275085449,-0.13783244788646698,0.48570507764816284,0.18638937175273895,-0.11147808283567429,0.46998584270477295,0.25679266452789307,-0.12994316220283508,0.4867818057537079,0.19069808721542358,-0.11723161488771439,0.47198718786239624,0.25263547897338867,-0.12675541639328003,0.4867115318775177,0.18919532001018524,-0.10855507850646973,0.46255409717559814,0.1321822851896286,-0.02305399812757969,0.46427223086357117,0.13060468435287476,0.023073887452483177,0.46314650774002075,0.16343075037002563,-0.020032979547977448,0.4573836624622345,0.13370244204998016,0.0031214943155646324,0.47643882036209106,0.175630122423172,0.030217505991458893,0.4492573142051697,0.13961052894592285,0.04965006560087204,0.4788925051689148,0.1732790470123291,0.034511614590883255,0.4488716423511505,0.1386318951845169,0.055445440113544464,0.4806968569755554,0.19205394387245178,0.018532635644078255,0.44627678394317627,0.14687488973140717,0.048182133585214615
leg raises_200151.jpg,0.4655493497848511,0.20999492704868317,-0.10142605751752853,0.4639674723148346,0.21467852592468262,-0.10481584817171097,0.4632742702960968,0.21436791121959686,-0.10478873550891876,0.46252527832984924,0.21431998908519745,-0.1047910749912262,0.4653957486152649,0.21468926966190338,-0.10039736330509186,0.4657207727432251,0.2146303355693817,-0.10042798519134521,0.4660702049732208,0.21456477046012878,-0.10045377910137177,0.45983925461769104,0.2113504558801651,-0.10025835037231445,0.4644080400466919,0.21133562922477722,-0.08053652197122574,0.46386224031448364,0.20433415472507477,-0.09734552353620529,0.46561571955680847,0.20478810369968414,-0.09160532802343369,0.45358455181121826,0.19208982586860657,-0.08985276520252228,0.467924565076828,0.1839374154806137,-0.04930218309164047,0.45123541355133057,0.19798438251018524,-0.1140206903219223,0.4751497209072113,0.15944364666938782,-0.07622715085744858,0.4602051377296448,0.24173225462436676,-0.11823293566703796,0.4746397137641907,0.17770923674106598,-0.1251988559961319,0.4648141860961914,0.2502008080482483,-0.12591195106506348,0.4733930826187134,0.18129312992095947,-0.1349962204694748,0.4652877449989319,0.25005021691322327,-0.12068488448858261,0.47371190786361694,0.1865481287240982,-0.1364813894033432,0.4644743800163269,0.24628011882305145,-0.11635711789131165,0.4738735854625702,0.18501807749271393,-0.12700888514518738,0.45643365383148193,0.1235508918762207,-0.01991012692451477,0.46109768748283386,0.12062942981719971,0.01990235596895218,0.456881582736969,0.1502838283777237,-0.022229554131627083,0.4498170018196106,0.10207045078277588,-0.016315298154950142,0.47044163942337036,0.16041234135627747,0.016802595928311348,0.4163873493671417,0.11025378853082657,0.012282959185540676,0.47348907589912415,0.1588759869337082,0.01992567628622055,0.41253331303596497,0.1133040115237236,0.017016224563121796,0.4736984372138977,0.17240004241466522,0.0011736664455384016,0.40448111295700073,0.10757775604724884,0.0067752148024737835
leg raises_200161.jpg,0.47081106901168823,0.2100822478532791,-0.09521972388029099,0.4695660173892975,0.21279379725456238,-0.1041729599237442,0.4692588448524475,0.21247611939907074,-0.10414132475852966,0.46902143955230713,0.21217235922813416,-0.10411994159221649,0.46996039152145386,0.21436429023742676,-0.10003435611724854,0.46899619698524475,0.21302658319473267,-0.10008233040571213,0.46859678626060486,0.21333052217960358,-0.10010598599910736,0.4665136933326721,0.2074919193983078,-0.10736395418643951,0.46468257904052734,0.21072348952293396,-0.09598305076360703,0.46960094571113586,0.2039477825164795,-0.09584995359182358,0.46864429116249084,0.20414461195468903,-0.09063185751438141,0.46094027161598206,0.18587151169776917,-0.09140511602163315,0.4577271640300751,0.19059410691261292,-0.07261020690202713,0.4624905586242676,0.1820404827594757,-0.062424905598163605,0.4677776098251343,0.17014670372009277,-0.06768009811639786,0.4704933166503906,0.21287019550800323,-0.023211872205138206,0.47839075326919556,0.1861647069454193,-0.05658452585339546,0.4739261865615845,0.22127041220664978,-0.026304680854082108,0.47897985577583313,0.1908409744501114,-0.06301578134298325,0.47399625182151794,0.22161372005939484,-0.026985229924321175,0.4798526167869568,0.1925586760044098,-0.07021192461252213,0.473263144493103,0.2181496024131775,-0.023025095462799072,0.4799739122390747,0.19022363424301147,-0.05942036584019661,0.4610420763492584,0.12596645951271057,-0.011993343010544777,0.456423819065094,0.13014306128025055,0.012015292420983315,0.46881672739982605,0.15902991592884064,0.0010175039060413837,0.46136289834976196,0.15669091045856476,0.023392977192997932,0.4790629744529724,0.17054416239261627,0.05920179933309555,0.4700590968132019,0.17034152150154114,0.07299533486366272,0.47806522250175476,0.16047130525112152,0.06437592953443527,0.4712197482585907,0.16632863879203796,0.07825111597776413,0.48640620708465576,0.1960870921611786,0.04249292239546776,0.47758302092552185,0.18924598395824432,0.0630640909075737
leg raises_200171.jpg,,,,,,,,,,,,,,,,,,,,,,,,,,,,,,,,,,,,,,,,,,,,,,,,,,,,,,,,,,,,,,,,,,,,,,,,,,,,,,,,,,,,,,,,,,,,,,,,,,,
leg raises_200181.jpg,0.5027947425842285,0.21135175228118896,-0.14608556032180786,0.5002758502960205,0.19496876001358032,-0.1236700788140297,0.49987247586250305,0.1943179816007614,-0.12370287626981735,0.49937903881073,0.19345980882644653,-0.12371652573347092,0.4972774386405945,0.1938924789428711,-0.16574253141880035,0.49465876817703247,0.1926233023405075,-0.16574952006340027,0.4917036294937134,0.19130752980709076,-0.1658622771501541,0.48640701174736023,0.193965345621109,0.00281569454818964,0.4754801094532013,0.19280052185058594,-0.18851782381534576,0.4974380433559418,0.22577235102653503,-0.09433628618717194,0.49341991543769836,0.22433355450630188,-0.14959430694580078,0.484270304441452,0.2992261052131653,0.14444206655025482,0.4280073344707489,0.2784544825553894,-0.2360696792602539,0.5010233521461487,0.39515161514282227,0.14807185530662537,0.4226440191268921,0.39662298560142517,-0.37739473581314087,0.568419337272644,0.3677390515804291,-0.03855808824300766,0.4950311481952667,0.3737577795982361,-0.47571495175361633,0.5834930539131165,0.35007449984550476,-0.06611354649066925,0.5089946985244751,0.36421895027160645,-0.515342652797699,0.5824536085128784,0.3403337597846985,-0.08020847290754318,0.5082292556762695,0.351682186126709,-0.505631685256958,0.5771152973175049,0.34574979543685913,-0.051783833652734756,0.5040908455848694,0.35351672768592834,-0.4698447585105896,0.48299017548561096,0.521192729473114,0.11684715747833252,0.44808700680732727,0.52461177110672,-0.11686068028211594,0.4930207133293152,0.6867202520370483,0.14933642745018005,0.49133118987083435,0.7043246030807495,-0.09635847061872482,0.47266703844070435,0.8480872511863708,0.27363160252571106,0.5054559111595154,0.8853527307510376,0.010723626241087914,0.45030754804611206,0.8696154356002808,0.28012531995773315,0.48199671506881714,0.9119001626968384,0.01642828807234764,0.5150013566017151,0.8964323997497559,0.2011164128780365,0.5370721817016602,0.9249645471572876,-0.10547932237386703
leg raises_200191.jpg,0.5023890733718872,0.21768535673618317,-0.11183357983827591,0.5002762079238892,0.20163299143314362,-0.09072455763816833,0.4998849630355835,0.20102444291114807,-0.09075333923101425,0.4994085729122162,0.20017464458942413,-0.0907197892665863,0.49732282757759094,0.20053227245807648,-0.13358958065509796,0.4948836863040924,0.19928722083568573,-0.13358236849308014,0.49227088689804077,0.19788911938667297,-0.13373205065727234,0.48727312684059143,0.2002408504486084,0.025828689336776733,0.4773155748844147,0.19839802384376526,-0.16943594813346863,0.4973788261413574,0.23179295659065247,-0.06359313428401947,0.49342018365859985,0.22924301028251648,-0.11996228247880936,0.4838426411151886,0.30073925852775574,0.15164083242416382,0.4281741976737976,0.2813296616077423,-0.21578748524188995,0.5010259747505188,0.3978295624256134,0.14752261340618134,0.42297375202178955,0.39966270327568054,-0.3439636826515198,0.5684717297554016,0.37005555629730225,-0.07806446403265,0.49558156728744507,0.37680989503860474,-0.4354604482650757,0.5838391184806824,0.3520601987838745,-0.10969696193933487,0.5100877285003662,0.36713990569114685,-0.47469058632850647,0.5827308297157288,0.3413136899471283,-0.1312139630317688,0.508907675743103,0.3540354371070862,-0.46734651923179626,0.5772282481193542,0.3467404544353485,-0.09500180184841156,0.5050348043441772,0.35633981227874756,-0.43023577332496643,0.4813903272151947,0.5201604962348938,0.11539538949728012,0.4480956494808197,0.5226677656173706,-0.11542078107595444,0.4736252427101135,0.6880316138267517,0.14848819375038147,0.46733972430229187,0.7062100172042847,-0.09363216906785965,0.44870132207870483,0.8557220697402954,0.25663551688194275,0.44664981961250305,0.8832451105117798,0.015058633871376514,0.432107537984848,0.8721717596054077,0.26054346561431885,0.431485652923584,0.9010142087936401,0.020385337993502617,0.47357094287872314,0.8980598449707031,0.17561620473861694,0.47047993540763855,0.9320813417434692,-0.1047520563006401
leg raises_200201.jpg,0.4993743300437927,0.22860997915267944,-0.10512733459472656,0.4972248673439026,0.21213342249393463,-0.08565894514322281,0.4969252645969391,0.2116106003522873,-0.08569495379924774,0.49648430943489075,0.21078497171401978,-0.08570415526628494,0.49430808424949646,0.21027866005897522,-0.13040226697921753,0.4919474422931671,0.20868201553821564,-0.1303919404745102,0.489473819732666,0.20695684850215912,-0.13047806918621063,0.48458921909332275,0.2101217657327652,0.024478750303387642,0.4747128188610077,0.20757906138896942,-0.1728118509054184,0.4955771267414093,0.24298831820487976,-0.059276070445775986,0.4914877116680145,0.240287646651268,-0.11816535890102386,0.4823187589645386,0.30859869718551636,0.15782557427883148,0.42755889892578125,0.28935202956199646,-0.22379159927368164,0.5024506449699402,0.40040919184684753,0.24405118823051453,0.422791063785553,0.40524911880493164,-0.36112287640571594,0.5690330862998962,0.3735077679157257,0.164943128824234,0.493216872215271,0.3824279010295868,-0.45021316409111023,0.5840590000152588,0.35700586438179016,0.1563573032617569,0.5073147416114807,0.3752538561820984,-0.49906378984451294,0.5827327966690063,0.34630799293518066,0.13190622627735138,0.5063601732254028,0.3612719178199768,-0.49272066354751587,0.5772393345832825,0.35166501998901367,0.15125590562820435,0.5029531717300415,0.36389338970184326,-0.44791123270988464,0.4851281940937042,0.5282289981842041,0.12039709836244583,0.45371362566947937,0.5338596105575562,-0.12036002427339554,0.4741533398628235,0.7019065618515015,0.20300693809986115,0.511630117893219,0.7065140008926392,-0.13232725858688354,0.4344556927680969,0.8683547973632812,0.3204520046710968,0.5695130228996277,0.8777510523796082,-0.08924070000648499,0.42146533727645874,0.8878978490829468,0.3271016478538513,0.5654901266098022,0.8994306921958923,-0.08983463793992996,0.461137980222702,0.9122808575630188,0.2571534216403961,0.6188546419143677,0.9316986203193665,-0.2078295201063156
leg raises_200211.jpg,0.49147164821624756,0.22722890973091125,-0.10736401379108429,0.48937559127807617,0.21091094613075256,-0.08465469628572464,0.4894443452358246,0.2103898972272873,-0.0847259983420372,0.48934459686279297,0.20958292484283447,-0.0847526416182518,0.48527976870536804,0.2091795802116394,-0.12479095160961151,0.4823794960975647,0.20770840346813202,-0.1248546615242958,0.47928664088249207,0.2061620056629181,-0.12491961568593979,0.4778222441673279,0.20924493670463562,0.03227195516228676,0.46429917216300964,0.20782029628753662,-0.1485866755247116,0.48874205350875854,0.24241743981838226,-0.05993371456861496,0.48310577869415283,0.23947849869728088,-0.11332015693187714,0.4763357937335968,0.30798494815826416,0.16192956268787384,0.42741143703460693,0.2922998368740082,-0.20551088452339172,0.5015525221824646,0.40311089158058167,0.17062975466251373,0.42352455854415894,0.41105931997299194,-0.3512519299983978,0.5659972429275513,0.37875595688819885,-0.028835169970989227,0.4972781240940094,0.39493533968925476,-0.4468786418437958,0.5793960690498352,0.3667914867401123,-0.048435766249895096,0.5231861472129822,0.3924276530742645,-0.49013081192970276,0.5797070860862732,0.35432901978492737,-0.07496321201324463,0.5220937132835388,0.3727290630340576,-0.4750734567642212,0.5746024250984192,0.35930967330932617,-0.04548750817775726,0.5110816955566406,0.37265896797180176,-0.4394803047180176,0.48047304153442383,0.5070606470108032,0.12400715798139572,0.4510411322116852,0.5238217115402222,-0.12378284335136414,0.5499327182769775,0.4959418773651123,0.06957408040761948,0.5409660339355469,0.484923392534256,-0.310747891664505,0.6599079966545105,0.5594192743301392,0.040989674627780914,0.662849485874176,0.5409812331199646,-0.39427658915519714,0.6293598413467407,0.6652022004127502,0.034264836460351944,0.6754271984100342,0.574971079826355,-0.40579909086227417,0.6793975234031677,0.5889033675193787,-0.03495220094919205,0.7147840261459351,0.49236688017845154,-0.5165025591850281
leg raises_200221.jpg,0.4910122752189636,0.22604504227638245,-0.15078435838222504,0.4878268837928772,0.20968185365200043,-0.1299600899219513,0.4874151349067688,0.2091427743434906,-0.12998488545417786,0.4868486523628235,0.20833341777324677,-0.13004882633686066,0.48458099365234375,0.20807749032974243,-0.17166480422019958,0.4818757176399231,0.2066638469696045,-0.17178484797477722,0.47894755005836487,0.20519588887691498,-0.17190319299697876,0.47470003366470337,0.20823469758033752,-0.021183691918849945,0.4633217453956604,0.2074604630470276,-0.20946867763996124,0.48742392659187317,0.24135716259479523,-0.10662372410297394,0.482592910528183,0.2385656088590622,-0.16128669679164886,0.47606638073921204,0.30737578868865967,0.12471118569374084,0.42729616165161133,0.2927863299846649,-0.2665219306945801,0.49849212169647217,0.40277016162872314,0.18403123319149017,0.4234127104282379,0.4118155539035797,-0.3481696546077728,0.5510997772216797,0.3881637454032898,0.05979244038462639,0.5023838877677917,0.3998045325279236,-0.3433205783367157,0.5677831768989563,0.37942996621131897,0.05342312157154083,0.5265287160873413,0.40203964710235596,-0.3715810179710388,0.5699428915977478,0.36556532979011536,0.025629017502069473,0.5268054604530334,0.3825668692588806,-0.36035075783729553,0.5619291067123413,0.36935752630233765,0.043678149580955505,0.5158903002738953,0.38228505849838257,-0.3340347409248352,0.48050975799560547,0.49612143635749817,0.12325561791658401,0.4508313834667206,0.5159037113189697,-0.12299036234617233,0.5558551549911499,0.4443773031234741,0.04350540414452553,0.5272029638290405,0.5162654519081116,-0.2189006805419922,0.6825496554374695,0.466966837644577,0.016411015763878822,0.6163812875747681,0.5425826907157898,-0.15786327421665192,0.69322270154953,0.4941207766532898,0.009178528562188148,0.6255009174346924,0.5638620853424072,-0.1591082215309143,0.7314236760139465,0.39525505900382996,-0.0570085309445858,0.6645575165748596,0.48937106132507324,-0.2843096852302551
leg raises_200231.jpg,0.49019622802734375,0.22346332669258118,-0.15633200109004974,0.48570936918258667,0.20584547519683838,-0.13501164317131042,0.4851382374763489,0.20517544448375702,-0.1350899636745453,0.48439380526542664,0.20431679487228394,-0.13515810668468475,0.4824991524219513,0.20516236126422882,-0.17617957293987274,0.47974345088005066,0.204226553440094,-0.1762523204088211,0.4767661392688751,0.20330017805099487,-0.17635472118854523,0.4715839624404907,0.2067895084619522,-0.019922954961657524,0.46114081144332886,0.20686748623847961,-0.20667698979377747,0.4862511456012726,0.23945604264736176,-0.10916029661893845,0.4816441833972931,0.23724840581417084,-0.16339047253131866,0.47522056102752686,0.3072238862514496,0.12013747543096542,0.4272139370441437,0.2922995090484619,-0.2580516040325165,0.498140424489975,0.4046616852283478,0.16917286813259125,0.42353376746177673,0.4121966063976288,-0.40654680132865906,0.5550693869590759,0.3858860731124878,0.03954290226101875,0.5003054738044739,0.3965473473072052,-0.5249731540679932,0.5716791152954102,0.37546810507774353,0.023998800665140152,0.51951003074646,0.3992621600627899,-0.574334442615509,0.5734739899635315,0.36181968450546265,0.011951693333685398,0.5193454623222351,0.3786965608596802,-0.5613359212875366,0.567225456237793,0.36608004570007324,0.026768211275339127,0.5116550922393799,0.3792875409126282,-0.5194926857948303,0.48054513335227966,0.5008639693260193,0.12286530435085297,0.44981059432029724,0.5150916576385498,-0.12263370305299759,0.555738091468811,0.4754699766635895,0.04939711093902588,0.5514312982559204,0.5894989967346191,-0.21969760954380035,0.6162676215171814,0.7054881453514099,0.12557761371135712,0.6301761865615845,0.6553451418876648,-0.1442548632621765,0.6094127893447876,0.7571760416030884,0.1269136369228363,0.6296627521514893,0.7091384530067444,-0.1421610713005066,0.6603329181671143,0.7520883083343506,0.036502208560705185,0.6831387877464294,0.7323755621910095,-0.27112454175949097
leg raises_200241.jpg,0.4904371201992035,0.2174665927886963,-0.14899842441082,0.48581376671791077,0.20079326629638672,-0.12787441909313202,0.48527589440345764,0.2003019154071808,-0.12792222201824188,0.48456093668937683,0.19964294135570526,-0.12797607481479645,0.48248931765556335,0.20059004426002502,-0.17031851410865784,0.4797016978263855,0.20008599758148193,-0.17038795351982117,0.47661057114601135,0.1995706707239151,-0.17047849297523499,0.47186747193336487,0.203409343957901,0.0032915889751166105,0.46019667387008667,0.2045724093914032,-0.1758631020784378,0.486458420753479,0.2335982620716095,-0.10693705081939697,0.4819987118244171,0.23215420544147491,-0.1585715413093567,0.478189080953598,0.30727410316467285,0.15785233676433563,0.42648234963417053,0.29212862253189087,-0.2285059094429016,0.5016183853149414,0.40433984994888306,0.1721866875886917,0.42437562346458435,0.4118877947330475,-0.3980817198753357,0.562980592250824,0.3845475912094116,-0.005371079780161381,0.501046359539032,0.3949441611766815,-0.4924711287021637,0.579206645488739,0.3740924298763275,-0.03587738052010536,0.5196026563644409,0.39602091908454895,-0.5392148494720459,0.5783578753471375,0.3614973723888397,-0.05452059954404831,0.5189923644065857,0.37733954191207886,-0.5337613224983215,0.5724459290504456,0.36498719453811646,-0.02072131074965,0.5122120380401611,0.377322256565094,-0.4887945353984833,0.4843624234199524,0.5245265364646912,0.1225741058588028,0.45223745703697205,0.531627357006073,-0.12236335128545761,0.5189684629440308,0.6869924664497375,0.18417249619960785,0.5126380324363708,0.7119126319885254,-0.19237585365772247,0.4860169291496277,0.8715935349464417,0.32543104887008667,0.5299274921417236,0.9079210758209229,-0.13958145678043365,0.465788871049881,0.8931360840797424,0.33212345838546753,0.518994927406311,0.9257126450538635,-0.14070066809654236,0.5334746837615967,0.9220004677772522,0.24657052755355835,0.5795007348060608,0.9501243829727173,-0.2860892117023468
leg raises_200251.jpg,0.49005448818206787,0.2159166783094406,-0.20443077385425568,0.48505836725234985,0.19959498941898346,-0.17675964534282684,0.4846514165401459,0.19915619492530823,-0.1768299788236618,0.4840969741344452,0.19853933155536652,-0.17685291171073914,0.48141855001449585,0.19939115643501282,-0.21654601395130157,0.4784609079360962,0.19895271956920624,-0.21657122671604156,0.4751492440700531,0.1984991431236267,-0.21671059727668762,0.47218894958496094,0.20273178815841675,-0.019205743446946144,0.4584464728832245,0.20409022271633148,-0.19612149894237518,0.48637259006500244,0.2318679839372635,-0.141795352101326,0.4817531704902649,0.23069843649864197,-0.19334104657173157,0.4808605909347534,0.3070850074291229,0.15218167006969452,0.42544883489608765,0.2920211851596832,-0.23529690504074097,0.5017975568771362,0.404865562915802,0.12527674436569214,0.42435652017593384,0.41164517402648926,-0.40057218074798584,0.56422358751297,0.38135647773742676,-0.11947648227214813,0.5012356638908386,0.3944271504878998,-0.5414210557937622,0.5812385082244873,0.369223952293396,-0.15916945040225983,0.5194408893585205,0.3951045274734497,-0.5908874273300171,0.5792989730834961,0.35642483830451965,-0.17394262552261353,0.5184996128082275,0.3741816282272339,-0.587420642375946,0.5731596350669861,0.35950642824172974,-0.13480734825134277,0.5119928121566772,0.3742665946483612,-0.5385997891426086,0.4846656620502472,0.5271962285041809,0.12065071612596512,0.45218753814697266,0.5328566431999207,-0.12050214409828186,0.4934076964855194,0.7079044580459595,0.19159990549087524,0.47524791955947876,0.7216354608535767,-0.20204181969165802,0.4562307596206665,0.8798229694366455,0.3375696837902069,0.46448585391044617,0.9109976291656494,-0.14041103422641754,0.43765559792518616,0.9002793431282043,0.34391552209854126,0.443904846906662,0.9527028203010559,-0.14145007729530334,0.5022571682929993,0.9318010210990906,0.2456679493188858,0.48239371180534363,0.9566830396652222,-0.3036726415157318
leg raises_200261.jpg,0.48335230350494385,0.21528363227844238,-0.18283921480178833,0.4770191013813019,0.19917017221450806,-0.16730932891368866,0.4766541123390198,0.19874483346939087,-0.16736885905265808,0.47620806097984314,0.19814500212669373,-0.16736921668052673,0.47345054149627686,0.19894766807556152,-0.2113455832004547,0.4706687033176422,0.1985781341791153,-0.21145769953727722,0.4675588607788086,0.19824330508708954,-0.21177254617214203,0.4655086398124695,0.2027147114276886,0.0002611730888020247,0.452466756105423,0.2040889710187912,-0.1779077798128128,0.48106878995895386,0.2312687486410141,-0.13149648904800415,0.4761227071285248,0.23003576695919037,-0.18791426718235016,0.4783719778060913,0.3105406165122986,0.16116340458393097,0.4251288175582886,0.29677197337150574,-0.23201055824756622,0.5018117427825928,0.4055113196372986,0.17575117945671082,0.42408686876296997,0.4141461253166199,-0.41050419211387634,0.5663807392120361,0.38096415996551514,-0.000890815572347492,0.5012078881263733,0.3932773172855377,-0.5512340664863586,0.5823090076446533,0.36796024441719055,-0.02711418829858303,0.519698977470398,0.3921908438205719,-0.6030038595199585,0.5794816613197327,0.35548698902130127,-0.04812173545360565,0.5192086696624756,0.37240684032440186,-0.5900303721427917,0.573963463306427,0.35891851782798767,-0.015989873558282852,0.5129815936088562,0.373092383146286,-0.545654833316803,0.48859837651252747,0.5271893739700317,0.12308549135923386,0.45504140853881836,0.5350910425186157,-0.12301123142242432,0.5367540717124939,0.6829046607017517,0.17571395635604858,0.5379266738891602,0.7004463076591492,-0.19914618134498596,0.5777111053466797,0.8415256142616272,0.29203125834465027,0.5935677289962769,0.8662362098693848,-0.09316496551036835,0.5748053193092346,0.8687170147895813,0.29704588651657104,0.588391900062561,0.8974696397781372,-0.09068814665079117,0.6274584531784058,0.8883391618728638,0.20420338213443756,0.6485722661018372,0.9052976965904236,-0.23553942143917084
leg raises_200271.jpg,0.4802421033382416,0.21526646614074707,-0.17335037887096405,0.4718934893608093,0.19920891523361206,-0.15442176163196564,0.47112923860549927,0.1987764835357666,-0.15444858372211456,0.47026926279067993,0.1981694996356964,-0.1544792652130127,0.4692385494709015,0.19897480309009552,-0.19770269095897675,0.46666136384010315,0.1986512690782547,-0.19782128930091858,0.46368858218193054,0.1983715295791626,-0.19796210527420044,0.45852434635162354,0.20283523201942444,-0.036536239087581635,0.44842275977134705,0.20525145530700684,-0.23003149032592773,0.4780791103839874,0.23097553849220276,-0.1264510452747345,0.4739876091480255,0.2298664152622223,-0.18259197473526,0.46966201066970825,0.3035133481025696,0.12204398214817047,0.42513740062713623,0.30436474084854126,-0.293125718832016,0.49025866389274597,0.40533316135406494,0.16917139291763306,0.4239141047000885,0.42191004753112793,-0.3339160680770874,0.5288358330726624,0.399119108915329,0.01493669394403696,0.5028470158576965,0.3981572985649109,-0.23471257090568542,0.5540286898612976,0.3949677348136902,0.003579342272132635,0.5215297937393188,0.4003334045410156,-0.2503684461116791,0.5546252131462097,0.37726861238479614,-0.02120322547852993,0.5205094218254089,0.3783694803714752,-0.24084630608558655,0.5430251359939575,0.38321927189826965,-0.001916750450618565,0.5130690932273865,0.3781700134277344,-0.22392529249191284,0.4831975996494293,0.5104683041572571,0.12288101762533188,0.45486217737197876,0.530293881893158,-0.12280634045600891,0.5598309636116028,0.4534021019935608,0.07080356031656265,0.5357635617256165,0.4823690950870514,-0.18745167553424835,0.681351363658905,0.4517352283000946,0.041320741176605225,0.5950847864151001,0.5412536859512329,-0.11822559684515,0.6943320035934448,0.47138142585754395,0.03448033332824707,0.6028463840484619,0.5617239475250244,-0.11684409528970718,0.7227790355682373,0.37463048100471497,-0.022899001836776733,0.6374597549438477,0.4909437298774719,-0.20746439695358276
leg raises_200281.jpg,0.4759814143180847,0.21220514178276062,-0.19457001984119415,0.46652600169181824,0.19695398211479187,-0.1758301705121994,0.46564924716949463,0.19662706553936005,-0.17582951486110687,0.46470019221305847,0.19623349606990814,-0.17590078711509705,0.46435070037841797,0.19746169447898865,-0.22045083343982697,0.4619966149330139,0.1976129561662674,-0.22058017551898956,0.45928317308425903,0.19779682159423828,-0.2206750214099884,0.4539390206336975,0.20268185436725616,-0.070988729596138,0.4453192353248596,0.2054392546415329,-0.27132272720336914,0.47475680708885193,0.22784234583377838,-0.15091294050216675,0.47139036655426025,0.22731193900108337,-0.2090284377336502,0.4630274176597595,0.30117377638816833,0.0942249447107315,0.42505428194999695,0.3067753314971924,-0.33300837874412537,0.4852176308631897,0.40269970893859863,0.2212201952934265,0.4236554205417633,0.42583274841308594,-0.33460506796836853,0.5351054668426514,0.3946699798107147,0.16826555132865906,0.5027019381523132,0.4033295810222626,-0.3109532594680786,0.5554513335227966,0.38656777143478394,0.17131270468235016,0.5212087631225586,0.40413883328437805,-0.3395620584487915,0.5558633208274841,0.37153786420822144,0.1332320123910904,0.5203660726547241,0.38305631279945374,-0.3304675221443176,0.5467166900634766,0.37666359543800354,0.1488220989704132,0.5129296183586121,0.3823994994163513,-0.30251818895339966,0.47310513257980347,0.49620166420936584,0.12869128584861755,0.45103394985198975,0.5212742686271667,-0.128544420003891,0.5561535954475403,0.43502023816108704,0.10364779829978943,0.5495474338531494,0.4626653492450714,-0.1575828343629837,0.6811261773109436,0.48076552152633667,0.14675278961658478,0.6720350384712219,0.4918200969696045,-0.0915929451584816,0.6947829127311707,0.5009667873382568,0.14662164449691772,0.6844201683998108,0.5138466954231262,-0.08783324062824249,0.7181904911994934,0.4160877764225006,0.08146075904369354,0.7110311388969421,0.42911598086357117,-0.16482791304588318
leg raises_200291.jpg,0.4672512710094452,0.20642216503620148,-0.2212943583726883,0.45845192670822144,0.1918106973171234,-0.1939467042684555,0.45805367827415466,0.19154953956604004,-0.19399413466453552,0.45756080746650696,0.19130444526672363,-0.1940581500530243,0.4551003873348236,0.19343531131744385,-0.23327045142650604,0.4523550570011139,0.19448091089725494,-0.2333267629146576,0.4493875503540039,0.19555574655532837,-0.23339295387268066,0.4465249180793762,0.19874131679534912,-0.051760587841272354,0.4355820119380951,0.20468351244926453,-0.23566889762878418,0.46810245513916016,0.22262784838676453,-0.16360239684581757,0.46321871876716614,0.2227175384759903,-0.21479590237140656,0.4638056755065918,0.30475521087646484,0.11405755579471588,0.41979068517684937,0.30487027764320374,-0.29233402013778687,0.48675745725631714,0.4083554148674011,0.20320828258991241,0.42082345485687256,0.42349547147750854,-0.4271983504295349,0.5416918992996216,0.39251837134361267,0.09801185876131058,0.5009192824363708,0.40188735723495483,-0.5511910319328308,0.5607777833938599,0.38579899072647095,0.08540979772806168,0.5220484137535095,0.397563636302948,-0.6024007797241211,0.5606089234352112,0.37027114629745483,0.058844130486249924,0.5201864838600159,0.37948018312454224,-0.5872018337249756,0.5524724721908569,0.3744848072528839,0.08193895220756531,0.5125231146812439,0.3817407786846161,-0.5449851751327515,0.47616279125213623,0.5068848729133606,0.12767036259174347,0.4510763883590698,0.5258322954177856,-0.12753507494926453,0.5478516817092896,0.6317682266235352,0.11388619989156723,0.5513513088226318,0.6189776062965393,-0.1650499850511551,0.6154109835624695,0.7881754636764526,0.2559274733066559,0.6197777390480042,0.7984619736671448,-0.04425590857863426,0.6137886047363281,0.818489670753479,0.26291996240615845,0.618491530418396,0.8215213418006897,-0.03606243059039116,0.6548253297805786,0.8413159847259521,0.15773047506809235,0.6627762913703918,0.8463142514228821,-0.16444839537143707
leg raises_200301.jpg,0.46554791927337646,0.19710354506969452,-0.236594095826149,0.45864710211753845,0.18388698995113373,-0.20606662333011627,0.45871078968048096,0.18378859758377075,-0.20612314343452454,0.45862358808517456,0.1836595982313156,-0.20610705018043518,0.45437201857566833,0.18557770550251007,-0.24066691100597382,0.4512351155281067,0.18690501153469086,-0.24068683385849,0.4477260410785675,0.18828676640987396,-0.24079452455043793,0.44803154468536377,0.19320257008075714,-0.04521024599671364,0.43277689814567566,0.20055054128170013,-0.2125740796327591,0.46637022495269775,0.21394899487495422,-0.17289161682128906,0.46070846915245056,0.21480731666088104,-0.217656210064888,0.46417808532714844,0.3036663830280304,0.12138228863477707,0.4176333248615265,0.30318009853363037,-0.24819199740886688,0.4912993311882019,0.40776604413986206,0.11952091008424759,0.4202837646007538,0.42222335934638977,-0.40417882800102234,0.551522970199585,0.38610899448394775,-0.12507130205631256,0.49995267391204834,0.39538174867630005,-0.5452678799629211,0.5644723773002625,0.3717842996120453,-0.16382572054862976,0.5185459852218628,0.3851737678050995,-0.5979949235916138,0.5637286305427551,0.3569175601005554,-0.18271882832050323,0.5164177417755127,0.3684178292751312,-0.5919445157051086,0.5576242804527283,0.36243465542793274,-0.14153225719928741,0.5099180936813354,0.3711795508861542,-0.5423754453659058,0.479274719953537,0.5261850953102112,0.11763132363557816,0.4518757462501526,0.5353266596794128,-0.11759375780820847,0.4858315587043762,0.7104753851890564,0.21595069766044617,0.4891335666179657,0.7227602601051331,-0.1418353170156479,0.44977429509162903,0.8712192177772522,0.4005683362483978,0.49170273542404175,0.9111636877059937,-0.045360855758190155,0.44017937779426575,0.8879047632217407,0.40995094180107117,0.4829120934009552,0.9301430583000183,-0.04391947016119957,0.4915419816970825,0.9077033400535583,0.3035646378993988,0.513867199420929,0.9517579078674316,-0.18423938751220703
leg raises_200311.jpg,0.46990054845809937,0.19279660284519196,-0.21225199103355408,0.46321630477905273,0.17901338636875153,-0.18400052189826965,0.4630962908267975,0.1788979023694992,-0.1840522587299347,0.4628376364707947,0.17877879738807678,-0.18405349552631378,0.45917078852653503,0.1804535984992981,-0.22249577939510345,0.4560971260070801,0.18153980374336243,-0.22251926362514496,0.4527333378791809,0.1826377511024475,-0.22262287139892578,0.4520331025123596,0.18839100003242493,-0.041515156626701355,0.43718039989471436,0.19511063396930695,-0.2070210576057434,0.4694981276988983,0.2099556028842926,-0.15236184000968933,0.4642898738384247,0.210749089717865,-0.20210109651088715,0.4658340513706207,0.29932457208633423,0.14872367680072784,0.4183538854122162,0.29516544938087463,-0.24945278465747833,0.49289464950561523,0.40765392780303955,0.14731107652187347,0.4207620322704315,0.4153032898902893,-0.39828792214393616,0.5520013570785522,0.3859383463859558,-0.05388183146715164,0.5019175410270691,0.3900637626647949,-0.5194800496101379,0.5655229687690735,0.3706108033657074,-0.0831444188952446,0.5201399922370911,0.38030552864074707,-0.5713441371917725,0.56614089012146,0.35130393505096436,-0.1069612130522728,0.5167802572250366,0.36101439595222473,-0.5627331137657166,0.5591679811477661,0.35929688811302185,-0.0714314803481102,0.5111631155014038,0.3632911741733551,-0.5148815512657166,0.4808043837547302,0.5252581834793091,0.12051237374544144,0.4521164894104004,0.534921407699585,-0.1205122321844101,0.4770929515361786,0.7062743306159973,0.24277710914611816,0.4776531755924225,0.7225018739700317,-0.14476065337657928,0.4417268633842468,0.8669481873512268,0.41771554946899414,0.47896528244018555,0.9135056138038635,-0.06204865872859955,0.4293486773967743,0.88649582862854,0.42682120203971863,0.4699203372001648,0.9338967204093933,-0.0610123947262764,0.47760143876075745,0.9014437198638916,0.33392849564552307,0.5032868981361389,0.9577803015708923,-0.20542238652706146
leg raises_200321.jpg,0.47961661219596863,0.1980912983417511,-0.14180263876914978,0.47300297021865845,0.18435126543045044,-0.12142162024974823,0.4720352590084076,0.18396282196044922,-0.12149869650602341,0.4710730016231537,0.18340110778808594,-0.12156952917575836,0.47216692566871643,0.18433205783367157,-0.16578306257724762,0.4706597924232483,0.1843622624874115,-0.16583460569381714,0.46919262409210205,0.18446902930736542,-0.16592496633529663,0.4597665071487427,0.18900500237941742,-0.010224505327641964,0.45847028493881226,0.1954178661108017,-0.20463231205940247,0.4770129919052124,0.21305695176124573,-0.09501084685325623,0.47485193610191345,0.21267588436603546,-0.15288974344730377,0.4675975739955902,0.29551222920417786,0.14806029200553894,0.4274073541164398,0.2918620705604553,-0.2542099058628082,0.4931100904941559,0.4049058258533478,0.16672341525554657,0.4275266230106354,0.4143233895301819,-0.3886807858943939,0.5555501580238342,0.3811948001384735,0.00694432994350791,0.5086986422538757,0.38732045888900757,-0.45900657773017883,0.5717488527297974,0.3670575022697449,-0.0114434277638793,0.524597704410553,0.3766779899597168,-0.5016146898269653,0.5710532665252686,0.35107219219207764,-0.031069915741682053,0.5213066935539246,0.3587934374809265,-0.4912981688976288,0.5629810094833374,0.35813871026039124,-0.00814012810587883,0.5172087550163269,0.3607698976993561,-0.453281968832016,0.48290812969207764,0.5075158476829529,0.1219690814614296,0.4528123140335083,0.5196508765220642,-0.12193826586008072,0.5577121376991272,0.6444443464279175,0.05038785561919212,0.5578455328941345,0.6400359869003296,-0.19254694879055023,0.6221610903739929,0.8204811811447144,0.12649282813072205,0.6314097046852112,0.8257002830505371,-0.11541924625635147,0.6177356839179993,0.8374936580657959,0.12741656601428986,0.6265020966529846,0.8608301877975464,-0.11243552714586258,0.6687763333320618,0.8379167914390564,0.029727941378951073,0.6857098340988159,0.888077437877655,-0.23862582445144653
leg raises_200331.jpg,0.5052942037582397,0.2152208685874939,-0.13422147929668427,0.5019637942314148,0.19943168759346008,-0.11383416503667831,0.5014582276344299,0.19837941229343414,-0.11389043182134628,0.5008188486099243,0.19699805974960327,-0.11391941457986832,0.4994543790817261,0.19905471801757812,-0.15910980105400085,0.4972046911716461,0.19802230596542358,-0.15924543142318726,0.4949202537536621,0.19686618447303772,-0.15933702886104584,0.48941031098365784,0.19608844816684723,-0.0018211555434390903,0.4829009473323822,0.20035241544246674,-0.204705610871315,0.5026298761367798,0.22896647453308105,-0.08746220916509628,0.49856504797935486,0.22852665185928345,-0.14722904562950134,0.4792400002479553,0.2880968451499939,0.1454191952943802,0.4438244700431824,0.2912255823612213,-0.25779128074645996,0.4933619797229767,0.4048190116882324,0.1456756889820099,0.43901684880256653,0.4137578308582306,-0.30239278078079224,0.5384594202041626,0.4015321135520935,-0.037231095135211945,0.5191633701324463,0.38733232021331787,-0.22962838411331177,0.5520375967025757,0.40610814094543457,-0.05194379389286041,0.535283625125885,0.37981879711151123,-0.25114038586616516,0.5503360033035278,0.39140379428863525,-0.07177421450614929,0.5328948497772217,0.35895439982414246,-0.24122397601604462,0.5441557168960571,0.39001795649528503,-0.052671000361442566,0.5273783802986145,0.36116573214530945,-0.2192969024181366,0.492080956697464,0.49351438879966736,0.12264110893011093,0.46508467197418213,0.5125512480735779,-0.1225094422698021,0.5794616937637329,0.41471049189567566,0.10791728645563126,0.5658337473869324,0.4357368052005768,-0.3622352182865143,0.6968919038772583,0.44912391901016235,0.1667405068874359,0.6913940906524658,0.45849812030792236,-0.40413644909858704,0.7076058983802795,0.4727630913257599,0.16629686951637268,0.7008571624755859,0.48328498005867004,-0.4114179313182831,0.743444561958313,0.36549249291419983,0.09532134979963303,0.7176476120948792,0.4109138548374176,-0.5341321229934692
leg raises_200341.jpg,0.5300493836402893,0.21590396761894226,-0.27394840121269226,0.5276444554328918,0.2000960260629654,-0.25003790855407715,0.5274220705032349,0.1990681141614914,-0.25015681982040405,0.5270002484321594,0.19778957962989807,-0.25025326013565063,0.524008572101593,0.19947855174541473,-0.2918611764907837,0.5213679075241089,0.19827738404273987,-0.2919479012489319,0.5186277031898499,0.1970129907131195,-0.29202553629875183,0.5147168636322021,0.19673360884189606,-0.11102332919836044,0.5031410455703735,0.20027804374694824,-0.3018394410610199,0.5274956822395325,0.22939486801624298,-0.21754974126815796,0.5222414135932922,0.22853636741638184,-0.27305564284324646,0.5151771903038025,0.2794606387615204,0.03412184491753578,0.4555917978286743,0.2880327105522156,-0.30952516198158264,0.5280798673629761,0.3965761065483093,-0.010444740764796734,0.45377084612846375,0.41077345609664917,-0.4188148081302643,0.5879589319229126,0.379745751619339,-0.2819037139415741,0.5302610993385315,0.386496365070343,-0.49297359585762024,0.598638117313385,0.3833308815956116,-0.31853172183036804,0.5499283671379089,0.38067224621772766,-0.5389626622200012,0.5986936092376709,0.36556747555732727,-0.3405504524707794,0.5494582653045654,0.35942256450653076,-0.5325191617012024,0.5932203531265259,0.3632828891277313,-0.2995797097682953,0.5424563884735107,0.36102667450904846,-0.48873040080070496,0.5143948197364807,0.4775260388851166,0.11935292929410934,0.47614893317222595,0.5062284469604492,-0.11920767277479172,0.6198425889015198,0.44459643959999084,-0.0319489911198616,0.5855721235275269,0.4707902669906616,-0.34917405247688293,0.7054376006126404,0.5560014247894287,-0.038614511489868164,0.7008721828460693,0.5626306533813477,-0.30717700719833374,0.7127783894538879,0.5859505534172058,-0.04429037868976593,0.7066650986671448,0.5951442122459412,-0.3059973120689392,0.7641347050666809,0.5310206413269043,-0.14521268010139465,0.7571653127670288,0.5419698357582092,-0.4210691452026367
leg raises_200351.jpg,0.533542275428772,0.2087896168231964,-0.2293189913034439,0.5316113829612732,0.1917227804660797,-0.20686279237270355,0.5313470363616943,0.19096288084983826,-0.2069551795721054,0.5309145450592041,0.1900651901960373,-0.20707838237285614,0.528022050857544,0.19072431325912476,-0.24986632168293,0.5252097845077515,0.18946436047554016,-0.2500403821468353,0.5221375823020935,0.18823859095573425,-0.2500670254230499,0.5188630819320679,0.19047601521015167,-0.0597221814095974,0.5058225989341736,0.19058740139007568,-0.24861852824687958,0.529471218585968,0.2224891036748886,-0.20437435805797577,0.5235162377357483,0.22061438858509064,-0.2595849633216858,0.5194206833839417,0.2793688476085663,0.11424153298139572,0.46032583713531494,0.27356716990470886,-0.2565825283527374,0.5343708395957947,0.39093390107154846,0.11396504193544388,0.454508900642395,0.3947920799255371,-0.3981753885746002,0.601855456829071,0.3721522390842438,-0.18868759274482727,0.5330556631088257,0.37272924184799194,-0.5224334001541138,0.6141118407249451,0.3658367991447449,-0.1747446358203888,0.5474937558174133,0.3659030497074127,-0.5707460045814514,0.6128084063529968,0.34895482659339905,-0.18055026233196259,0.5470854043960571,0.34812819957733154,-0.5636976361274719,0.6079443097114563,0.34922802448272705,-0.194912850856781,0.5429354906082153,0.34959810972213745,-0.5173467397689819,0.5225573778152466,0.4849114418029785,0.1294855922460556,0.4847860038280487,0.5084683895111084,-0.12940797209739685,0.5768387913703918,0.6151348352432251,0.22451497614383698,0.5780189633369446,0.6363911032676697,-0.26519709825515747,0.5441350340843201,0.7021883726119995,0.5350928902626038,0.6367589831352234,0.8364149928092957,-0.21548476815223694,0.5398163199424744,0.7032322287559509,0.5605717897415161,0.6374228596687317,0.8646170496940613,-0.21517138183116913,0.5682560801506042,0.7734730839729309,0.5044936537742615,0.6793085932731628,0.8926455974578857,-0.35454022884368896
leg raises_200361.jpg,0.5356759428977966,0.2017366886138916,-0.17034374177455902,0.5331760048866272,0.18413613736629486,-0.1529802531003952,0.5327387452125549,0.18344230949878693,-0.15302471816539764,0.5321339964866638,0.18263113498687744,-0.15299704670906067,0.5301744937896729,0.18322904407978058,-0.19592268764972687,0.5275285243988037,0.18196271359920502,-0.19594517350196838,0.5245420336723328,0.1806078404188156,-0.19608047604560852,0.5196138620376587,0.18201826512813568,-0.025913825258612633,0.5080085396766663,0.18030062317848206,-0.2193593680858612,0.5314156413078308,0.21414470672607422,-0.12384737282991409,0.5271304249763489,0.21242006123065948,-0.17973710596561432,0.5178048014640808,0.2748442590236664,0.13257750868797302,0.46045053005218506,0.25673067569732666,-0.24966184794902802,0.5328627228736877,0.3859700560569763,0.10256137698888779,0.45789071917533875,0.3798430860042572,-0.38928166031837463,0.5930378437042236,0.36037567257881165,-0.1640903800725937,0.5390065312385559,0.35440653562545776,-0.4797269403934479,0.607471764087677,0.34432747960090637,-0.19830374419689178,0.5511178970336914,0.3448691964149475,-0.5229952931404114,0.6092923283576965,0.33077216148376465,-0.21259887516498566,0.5498570203781128,0.3292160928249359,-0.5148605108261108,0.6020652651786804,0.3339481055736542,-0.179594025015831,0.5460747480392456,0.3320464789867401,-0.4740256369113922,0.5173758864402771,0.48871591687202454,0.12647221982479095,0.4829126298427582,0.5092843770980835,-0.12643858790397644,0.5244985222816467,0.6801818013191223,0.2070205956697464,0.5242993831634521,0.7035149931907654,-0.10644539445638657,0.46224498748779297,0.8447466492652893,0.3492744565010071,0.5272662043571472,0.906943678855896,-0.03275689482688904,0.4478653371334076,0.8625901937484741,0.3567138910293579,0.5199161767959595,0.9287322759628296,-0.03155772015452385,0.5082302093505859,0.8973556756973267,0.274724543094635,0.5628737807273865,0.941525936126709,-0.1650383174419403
leg raises_200371.jpg,0.5324604511260986,0.1922181397676468,-0.14464253187179565,0.5297945737838745,0.17485715448856354,-0.12381652742624283,0.5294603705406189,0.17440935969352722,-0.12386255711317062,0.5289523005485535,0.17382855713367462,-0.1238333061337471,0.5267544984817505,0.17359401285648346,-0.16768212616443634,0.5243035554885864,0.17233529686927795,-0.16770733892917633,0.5216118097305298,0.17101620137691498,-0.16787689924240112,0.5168735384941101,0.17377394437789917,0.007089404389262199,0.5059529542922974,0.1712811440229416,-0.191282257437706,0.5283768177032471,0.20453262329101562,-0.09124521166086197,0.5241507291793823,0.202786386013031,-0.14856019616127014,0.5201889276504517,0.2734392583370209,0.15784765779972076,0.45783573389053345,0.25227946043014526,-0.2397182583808899,0.5334566235542297,0.3843158781528473,0.11560989171266556,0.4562827944755554,0.3778141438961029,-0.3873423635959625,0.592698335647583,0.3530639410018921,-0.1407933235168457,0.5445336103439331,0.34846097230911255,-0.4972558319568634,0.6086622476577759,0.33674290776252747,-0.17734262347221375,0.5586106181144714,0.3386743664741516,-0.5426520109176636,0.6097010374069214,0.3235468864440918,-0.192011296749115,0.556750476360321,0.3224170207977295,-0.5322088599205017,0.602216362953186,0.3264961540699005,-0.1567281186580658,0.5519112944602966,0.3254413306713104,-0.49108272790908813,0.5201126933097839,0.4901541769504547,0.1227169781923294,0.4837067723274231,0.5098496079444885,-0.12263466417789459,0.5115407705307007,0.6849364638328552,0.19778594374656677,0.5128412842750549,0.7081130743026733,-0.14319056272506714,0.4642314612865448,0.8523147702217102,0.3241449296474457,0.52098548412323,0.9126729369163513,-0.09068749845027924,0.44722387194633484,0.8755195736885071,0.3292686641216278,0.5132772326469421,0.9322237372398376,-0.09217339009046555,0.5057784914970398,0.900450587272644,0.23974712193012238,0.5553203225135803,0.9475862979888916,-0.2309458702802658
leg raises_200381.jpg,0.5265507698059082,0.19309374690055847,-0.11645261198282242,0.5223715901374817,0.17483720183372498,-0.0881434753537178,0.5216244459152222,0.1742897629737854,-0.08825855702161789,0.5208005309104919,0.17366743087768555,-0.08831847459077835,0.5206232666969299,0.17382670938968658,-0.1245473325252533,0.5187395811080933,0.17276369035243988,-0.12461268901824951,0.5166347026824951,0.17174085974693298,-0.12477166950702667,0.5086742043495178,0.1751069873571396,0.05171673372387886,0.5022444128990173,0.17416563630104065,-0.10957396030426025,0.5220550894737244,0.2060234099626541,-0.06125450134277344,0.5192998647689819,0.20448894798755646,-0.10857614129781723,0.5128220915794373,0.2716127634048462,0.19894534349441528,0.45437780022621155,0.25789472460746765,-0.16287657618522644,0.5280810594558716,0.38325247168540955,0.16184543073177338,0.45266100764274597,0.3823912739753723,-0.28134554624557495,0.5886895060539246,0.356062650680542,-0.09624684602022171,0.5381920337677002,0.3552095890045166,-0.36081260442733765,0.6030924916267395,0.3416532576084137,-0.1330931931734085,0.5569004416465759,0.34588414430618286,-0.3995790183544159,0.6043073534965515,0.32775312662124634,-0.1367466151714325,0.5551802515983582,0.3293900489807129,-0.3884906768798828,0.600348711013794,0.3322044312953949,-0.10873090475797653,0.5481845736503601,0.3322088122367859,-0.35391056537628174,0.5153602957725525,0.4856017529964447,0.1176028922200203,0.4831441342830658,0.5017822980880737,-0.11744598299264908,0.5901082754135132,0.6063317060470581,0.011862006038427353,0.5744044780731201,0.6065845489501953,-0.20681820809841156,0.6909366846084595,0.7531986832618713,-0.0010369053343310952,0.6819638609886169,0.7469847798347473,-0.19990216195583344,0.692053496837616,0.7830919623374939,-0.009798225946724415,0.6868649125099182,0.7759407758712769,-0.20547157526016235,0.7456977367401123,0.7490673661231995,-0.13004504144191742,0.7466843128204346,0.7518060207366943,-0.34472131729125977
leg raises_200391.jpg,0.5235490202903748,0.19408662617206573,-0.14740754663944244,0.5160292983055115,0.17671707272529602,-0.12910819053649902,0.5147669315338135,0.17608317732810974,-0.12911680340766907,0.5135394334793091,0.17539151012897491,-0.12918195128440857,0.515308141708374,0.17574378848075867,-0.17295697331428528,0.513594925403595,0.1746518462896347,-0.1731521636247635,0.5114922523498535,0.17371608316898346,-0.17323081195354462,0.5009104609489441,0.1775362491607666,-0.022551199421286583,0.4949248135089874,0.17833678424358368,-0.2192561775445938,0.5185033679008484,0.207129567861557,-0.1063486784696579,0.5169990062713623,0.20632004737854004,-0.16318659484386444,0.4993523061275482,0.27306902408599854,0.12037371844053268,0.45229730010032654,0.26846346259117126,-0.2853732407093048,0.5150005221366882,0.3839521110057831,0.1267072558403015,0.4514332711696625,0.3840877413749695,-0.31976184248924255,0.5601348876953125,0.3837999105453491,-0.09079387784004211,0.5365837216377258,0.36111709475517273,-0.2449110597372055,0.5763229131698608,0.3789200186729431,-0.12855717539787292,0.5560576319694519,0.35430198907852173,-0.26567408442497253,0.5765332579612732,0.3606821596622467,-0.13583947718143463,0.5550000667572021,0.33495551347732544,-0.25377824902534485,0.567520022392273,0.3688594400882721,-0.10738904029130936,0.5475896000862122,0.3364979028701782,-0.23383276164531708,0.5115188360214233,0.4819585978984833,0.11756124347448349,0.48229944705963135,0.5014663934707642,-0.1173996552824974,0.6046332716941833,0.43987858295440674,0.04027575999498367,0.5483270883560181,0.5092613101005554,-0.2300666719675064,0.7164687514305115,0.38834530115127563,0.01898377574980259,0.6325618028640747,0.47172829508781433,-0.18977802991867065,0.7360694408416748,0.409548282623291,0.012602566741406918,0.6306143999099731,0.4771518409252167,-0.18926392495632172,0.7419541478157043,0.31123343110084534,-0.058218929916620255,0.7115440964698792,0.4140130877494812,-0.3237011730670929
leg raises_200401.jpg,0.5211474895477295,0.20571325719356537,-0.24568961560726166,0.5142320394515991,0.18836085498332977,-0.22459882497787476,0.5131394863128662,0.18762217462062836,-0.2246621698141098,0.5120802521705627,0.1869310587644577,-0.22473697364330292,0.51371169090271,0.18783274292945862,-0.2630031704902649,0.5126763582229614,0.18685853481292725,-0.2631360590457916,0.511138379573822,0.1860610395669937,-0.2632368803024292,0.499832421541214,0.18842563033103943,-0.1001422107219696,0.49298080801963806,0.18861690163612366,-0.27417057752609253,0.5167618989944458,0.21948283910751343,-0.19494031369686127,0.5155659914016724,0.21952728927135468,-0.24559849500656128,0.49578627943992615,0.27654072642326355,0.048594314604997635,0.45085811614990234,0.28091564774513245,-0.2969554662704468,0.5150009393692017,0.3912651538848877,0.0225560050457716,0.4487459063529968,0.4014975130558014,-0.33188819885253906,0.5606861710548401,0.38302603363990784,-0.2286531925201416,0.5345232486724854,0.3803633451461792,-0.31556034088134766,0.5773679614067078,0.37625834345817566,-0.26229238510131836,0.5538826584815979,0.37330690026283264,-0.34634843468666077,0.5769975185394287,0.3590629994869232,-0.2828384339809418,0.5522557497024536,0.3515861928462982,-0.33827129006385803,0.5685892701148987,0.36459702253341675,-0.24566756188869476,0.5458566546440125,0.3530292809009552,-0.306861013174057,0.5037031173706055,0.4794518053531647,0.1176997572183609,0.4784400165081024,0.5017768144607544,-0.11754019558429718,0.5973303318023682,0.4874151945114136,0.07020208239555359,0.5866434574127197,0.5155402421951294,-0.19890213012695312,0.7160481810569763,0.5455489754676819,0.1265464872121811,0.7100521326065063,0.5617259740829468,-0.18715670704841614,0.7275158762931824,0.5676918029785156,0.12390314787626266,0.719748318195343,0.5847581028938293,-0.1923479586839676,0.7670149207115173,0.49726131558418274,-0.030889982357621193,0.7636843919754028,0.516814112663269,-0.3176044523715973
leg raises_200411.jpg,0.519342303276062,0.22865793108940125,-0.11059827357530594,0.5130928754806519,0.21023964881896973,-0.08692918717861176,0.5122412443161011,0.20950733125209808,-0.08697284013032913,0.5113421082496643,0.20870842039585114,-0.08697447180747986,0.5114548206329346,0.2101755142211914,-0.13196541368961334,0.5097241997718811,0.20935717225074768,-0.1320040076971054,0.5076630711555481,0.20835238695144653,-0.13212604820728302,0.4994906485080719,0.2069547474384308,0.039014533162117004,0.4907526969909668,0.20581313967704773,-0.16491499543190002,0.5151898264884949,0.2407999485731125,-0.05935324355959892,0.5152966976165771,0.23982596397399902,-0.11839596182107925,0.48946473002433777,0.29010409116744995,0.1802252233028412,0.44625529646873474,0.28553107380867004,-0.22917962074279785,0.5090051293373108,0.40200403332710266,0.12265311926603317,0.4446903467178345,0.40461891889572144,-0.3232627809047699,0.5572988390922546,0.3905109465122223,-0.15409855544567108,0.5327125787734985,0.38017141819000244,-0.33383283019065857,0.5748244524002075,0.3787120282649994,-0.18027850985527039,0.5534461140632629,0.37250378727912903,-0.364565908908844,0.5734183192253113,0.361633837223053,-0.20557446777820587,0.5510280132293701,0.3512832522392273,-0.35471847653388977,0.5658730268478394,0.36695507168769836,-0.17234991490840912,0.5450338125228882,0.3535747826099396,-0.3248629868030548,0.4984697997570038,0.5158404111862183,0.1264866143465042,0.4714721143245697,0.5239191651344299,-0.12637118995189667,0.5894175171852112,0.6573219895362854,0.07071708887815475,0.5679143667221069,0.6598787903785706,-0.13449685275554657,0.6511270403862,0.8319393396377563,0.1596425324678421,0.676217257976532,0.8348846435546875,-0.07865910977125168,0.6384238004684448,0.86378014087677,0.15927214920520782,0.7068359851837158,0.8659918308258057,-0.07759467512369156,0.7589264512062073,0.8735737204551697,0.054361991584300995,0.6999361515045166,0.879404604434967,-0.18338268995285034
leg raises_200421.jpg,0.5090717077255249,0.23124182224273682,-0.119155652821064,0.506808876991272,0.21191781759262085,-0.09342505037784576,0.5062726736068726,0.2110491245985031,-0.09341654926538467,0.5056222081184387,0.21008452773094177,-0.0932028517127037,0.5037783980369568,0.21207909286022186,-0.15175719559192657,0.501366913318634,0.21130362153053284,-0.15166690945625305,0.49847859144210815,0.21031729876995087,-0.15169328451156616,0.49309051036834717,0.20895931124687195,0.017251264303922653,0.4814568758010864,0.20865173637866974,-0.18561877310276031,0.5044963359832764,0.2442716360092163,-0.07188514620065689,0.5011640191078186,0.2439986914396286,-0.12897716462612152,0.4889734089374542,0.30099424719810486,0.16376440227031708,0.43231526017189026,0.28664591908454895,-0.25979408621788025,0.5024676322937012,0.4128507375717163,0.12134011834859848,0.4321853220462799,0.40392646193504333,-0.3676004707813263,0.5372092723846436,0.4260466992855072,-0.13729959726333618,0.5247449278831482,0.3804005980491638,-0.3968556225299835,0.5509903430938721,0.42322441935539246,-0.1739206314086914,0.5527845025062561,0.3718600273132324,-0.43962782621383667,0.5598762035369873,0.37434765696525574,-0.19651579856872559,0.5509136915206909,0.3513418734073639,-0.43152013421058655,0.5532150268554688,0.3803754448890686,-0.15622684359550476,0.5422998666763306,0.35348084568977356,-0.3901304304599762,0.4898999333381653,0.5457638502120972,0.1287788599729538,0.4493008255958557,0.5417793989181519,-0.12875111401081085,0.5064603686332703,0.7273731827735901,0.17612962424755096,0.47332969307899475,0.7240379452705383,-0.13451114296913147,0.5167250037193298,0.9181665778160095,0.31037214398384094,0.4867819845676422,0.9200443029403687,-0.033291034400463104,0.5066960453987122,0.9428662061691284,0.31490394473075867,0.4721028208732605,0.9545816779136658,-0.0300351083278656,0.5712776780128479,0.9446640014648438,0.20318691432476044,0.5361896753311157,0.9663384556770325,-0.18071314692497253
leg raises_2100001.jpg,0.6242051720619202,0.09601783752441406,-0.1346319168806076,0.6353481411933899,0.09192732721567154,-0.11179132759571075,0.6391933560371399,0.09378588944673538,-0.11181508004665375,0.6439353823661804,0.09524460881948471,-0.11179832369089127,0.6252181529998779,0.08967392891645432,-0.11670301109552383,0.6224157214164734,0.08962767571210861,-0.11654950678348541,0.6181491017341614,0.09004974365234375,-0.11657430976629257,0.6538547277450562,0.11422716826200485,0.007454379927366972,0.6167439222335815,0.10687176138162613,0.025065209716558456,0.6301209330558777,0.12156081944704056,-0.08737830072641373,0.6156631112098694,0.11156094074249268,-0.09161701053380966,0.6415646076202393,0.20457829535007477,0.002853688085451722,0.5630045533180237,0.22071422636508942,0.10299298167228699,0.6634414196014404,0.11088959127664566,-0.10102714598178864,0.5607782006263733,0.14911675453186035,0.0755545124411583,0.650544285774231,0.037185706198215485,-0.12685513496398926,0.5667245388031006,0.05589490011334419,0.09624126553535461,0.6548182964324951,0.021406320855021477,-0.1594121754169464,0.5709052681922913,0.04555007442831993,0.07223714888095856,0.6465669870376587,0.03532689809799194,-0.16003809869289398,0.5749314427375793,0.049277640879154205,0.07187473773956299,0.6431266069412231,0.04553242772817612,-0.1321731060743332,0.5740078687667847,0.045458391308784485,0.09022589772939682,0.6349920630455017,0.4979558289051056,-0.03655771538615227,0.5762176513671875,0.4940887987613678,0.03690573200583458,0.5601627826690674,0.7024996280670166,-0.09750236570835114,0.5078142285346985,0.7122339010238647,-0.07280673086643219,0.553735077381134,0.8795637488365173,-0.003826199332252145,0.5199784636497498,0.8861808180809021,0.0862092450261116,0.5493305921554565,0.9020726680755615,-0.0020632429514080286,0.52717524766922,0.9081512689590454,0.09415318071842194,0.5586846470832825,0.9400383234024048,-0.15924613177776337,0.5041665434837341,0.9505247473716736,-0.04992445558309555
leg raises_2100011.jpg,0.6250774264335632,0.11124522238969803,-0.18827535212039948,0.6345271468162537,0.09786548465490341,-0.1627388596534729,0.639061689376831,0.09774850308895111,-0.16274021565914154,0.6442936658859253,0.09744727611541748,-0.16296511888504028,0.6230150461196899,0.1000993624329567,-0.14353196322917938,0.6191291809082031,0.10118627548217773,-0.14350298047065735,0.6150646209716797,0.1018700897693634,-0.14351701736450195,0.6600961685180664,0.11321549117565155,-0.041105907410383224,0.616195023059845,0.11354872584342957,0.05982204154133797,0.6327629089355469,0.13259351253509521,-0.14754709601402283,0.6166025400161743,0.13092881441116333,-0.12010743468999863,0.6807042360305786,0.22582381963729858,-0.1153913363814354,0.5831344723701477,0.23027265071868896,0.23168523609638214,0.687670111656189,0.0816907063126564,-0.13567642867565155,0.5591611266136169,0.12535987794399261,0.35827362537384033,0.6670240163803101,0.005626021418720484,0.10304335504770279,0.5697059035301208,0.016073059290647507,0.4707182049751282,0.6715471148490906,-0.011103157885372639,0.10065770894289017,0.5694169402122498,-0.006306294817477465,0.46191877126693726,0.6652578115463257,0.0051412759348750114,0.08996747434139252,0.5757749080657959,0.006486070808023214,0.4743185043334961,0.6658589243888855,0.015440724790096283,0.10139250010251999,0.5776647329330444,0.015421248972415924,0.4671761095523834,0.6573734283447266,0.5769259333610535,-0.1375570148229599,0.5860081315040588,0.584048867225647,0.13764528930187225,0.5277467370033264,0.738755464553833,-0.4642082750797272,0.4888650178909302,0.71478271484375,-0.1901806741952896,0.41908931732177734,0.9843276143074036,-0.5681859254837036,0.40543314814567566,0.9478617310523987,-0.3153778910636902,0.4180072546005249,1.0476346015930176,-0.5804339647293091,0.40535682439804077,0.9962879419326782,-0.3329527676105499,0.32353195548057556,1.0097155570983887,-0.7660728096961975,0.32700344920158386,0.9684258103370667,-0.4987705945968628
leg raises_2100021.jpg,0.6133574843406677,0.1317826211452484,-0.09264878928661346,0.6239610910415649,0.11809335649013519,-0.059610895812511444,0.62845778465271,0.11804457753896713,-0.059741418808698654,0.6331502199172974,0.11779233813285828,-0.059909842908382416,0.6119911670684814,0.11925084888935089,-0.052771635353565216,0.6080525517463684,0.11978305131196976,-0.052783574908971786,0.604263186454773,0.11984634399414062,-0.052800264209508896,0.6470845341682434,0.13392135500907898,0.06522896140813828,0.6040743589401245,0.1320924162864685,0.09567821025848389,0.6215918660163879,0.1551918387413025,-0.05223749577999115,0.6030528545379639,0.15312722325325012,-0.040941569954156876,0.6757616400718689,0.24095986783504486,0.015341655351221561,0.5553048849105835,0.23161175847053528,0.11041858792304993,0.6756868362426758,0.1208852007985115,-0.044341444969177246,0.5431880950927734,0.0699637234210968,0.04772282391786575,0.6545763611793518,-0.006862683221697807,0.01854143664240837,0.5650890469551086,-0.02104761265218258,0.08995579183101654,0.6440364122390747,-0.03283116593956947,0.004785364028066397,0.5690924525260925,-0.04486898332834244,0.06896230578422546,0.6382066011428833,-0.031045977026224136,0.010715753771364689,0.5699547529220581,-0.03505198284983635,0.07671026140451431,0.636782705783844,-0.0193836260586977,0.01830659992992878,0.570218026638031,-0.023861845955252647,0.08583617210388184,0.6302621960639954,0.5789898633956909,-0.04213756322860718,0.5442618131637573,0.5669465661048889,0.04225771874189377,0.5780926942825317,0.6006790399551392,-0.46736273169517517,0.46447238326072693,0.5463769435882568,-0.36000046133995056,0.5048372149467468,0.662057101726532,-0.975518524646759,0.3502630591392517,0.5883907675743103,-0.9298449754714966,0.5022394061088562,0.7098264098167419,-1.0279881954193115,0.33886000514030457,0.643710732460022,-0.9884499907493591,0.4743731617927551,0.5958124995231628,-1.1213970184326172,0.3049454092979431,0.5022610425949097,-1.0575592517852783
leg raises_2100031.jpg,0.5998156070709229,0.15137678384780884,-0.10147510468959808,0.6118333339691162,0.13610874116420746,-0.06171750649809837,0.6180922389030457,0.13609705865383148,-0.06174994260072708,0.6242106556892395,0.13585036993026733,-0.06186610460281372,0.5949140787124634,0.1365070790052414,-0.04732184484601021,0.5896056294441223,0.1367202252149582,-0.047414448112249374,0.5845298767089844,0.13656699657440186,-0.047470975667238235,0.6362959146499634,0.14573009312152863,0.08585715293884277,0.5805009007453918,0.14563032984733582,0.1591029316186905,0.609868586063385,0.17128780484199524,-0.052117832005023956,0.5880400538444519,0.16967791318893433,-0.03236999735236168,0.6667245030403137,0.24876749515533447,0.0054265158250927925,0.5427568554878235,0.24246235191822052,0.21771080791950226,0.6650382280349731,0.11839181184768677,-0.16664429008960724,0.5307033658027649,0.08400984108448029,0.17704437673091888,0.6543112993240356,-0.03454262390732765,-0.1603260338306427,0.5586944818496704,-0.049233924597501755,0.19064170122146606,0.6536504030227661,-0.06051253899931908,-0.2049185335636139,0.5651254653930664,-0.07485480606555939,0.1563117802143097,0.6470029950141907,-0.0563422255218029,-0.18832102417945862,0.5677391886711121,-0.08194883912801743,0.16709138453006744,0.6432291269302368,-0.038987934589385986,-0.1594175398349762,0.5697758197784424,-0.052214283496141434,0.18410558998584747,0.6319705247879028,0.6429834365844727,-0.10432615876197815,0.5430936813354492,0.6258551478385925,0.10476470738649368,0.4989430606365204,0.6623537540435791,-0.6480863690376282,0.45404690504074097,0.6570842862129211,-0.33182844519615173,0.3542424142360687,0.9248579144477844,-0.7333955764770508,0.3848229646682739,0.9081266522407532,-0.3959786593914032,0.34122008085250854,0.9885421991348267,-0.7449862957000732,0.38868704438209534,0.9603418707847595,-0.40680187940597534,0.2618037760257721,0.9282824993133545,-0.9529078006744385,0.32668235898017883,0.9588882327079773,-0.5687567591667175
leg raises_2100041.jpg,0.583171010017395,0.16014543175697327,-0.13462616503238678,0.594878613948822,0.144624724984169,-0.10208474099636078,0.6013277769088745,0.1441098153591156,-0.10237719118595123,0.6078622341156006,0.1431887149810791,-0.10312432795763016,0.578027606010437,0.14517277479171753,-0.1052616760134697,0.5728213787078857,0.14514926075935364,-0.10530860722064972,0.5676719546318054,0.14483848214149475,-0.10539644211530685,0.6230964660644531,0.15237610042095184,0.018707262352108955,0.5646464824676514,0.14879463613033295,0.08403234928846359,0.5917177200317383,0.17390048503875732,-0.0974695160984993,0.5721009969711304,0.1701820194721222,-0.08530771732330322,0.6547529101371765,0.2788119912147522,-0.09856082499027252,0.5320961475372314,0.26919519901275635,0.19406522810459137,0.659755289554596,0.11145154386758804,-0.20684435963630676,0.5208268761634827,0.09258370101451874,0.2534714937210083,0.6511707305908203,-0.04007091745734215,-0.14046555757522583,0.5507369637489319,-0.04913525655865669,0.3418349623680115,0.6529932022094727,-0.06568247079849243,-0.17973783612251282,0.5558156967163086,-0.052005067467689514,0.31736788153648376,0.6422051191329956,-0.061310142278671265,-0.17286774516105652,0.566728949546814,-0.041486889123916626,0.33363181352615356,0.6379463076591492,-0.038199782371520996,-0.14211821556091309,0.5653200149536133,-0.02812347188591957,0.3356495797634125,0.613132894039154,0.731046736240387,-0.09692694246768951,0.5341589450836182,0.7181936502456665,0.09693588316440582,0.5000000596046448,0.9950287938117981,-0.31291577219963074,0.4785507917404175,0.9894578456878662,-0.020447470247745514,0.5340510606765747,1.1692211627960205,0.10248986631631851,0.47377243638038635,1.1614609956741333,0.35160312056541443,0.5499595403671265,1.1739014387130737,0.15496821701526642,0.5267807245254517,1.1708292961120605,0.38868847489356995,0.4952644109725952,1.2757890224456787,0.0825214833021164,0.41985175013542175,1.2655221223831177,0.3172207176685333
leg raises_2100051.jpg,0.5755860209465027,0.16498710215091705,-0.14317460358142853,0.5875803232192993,0.14728091657161713,-0.11448705196380615,0.5941202044487,0.1473446488380432,-0.11466784030199051,0.6010773777961731,0.14704862236976624,-0.11511026322841644,0.5705070495605469,0.1469576209783554,-0.11617052555084229,0.5652454495429993,0.14681458473205566,-0.11629325896501541,0.5596568584442139,0.14634165167808533,-0.11640192568302155,0.6174144744873047,0.15687038004398346,0.03723757341504097,0.5548209547996521,0.15441566705703735,0.08168396353721619,0.5850070714950562,0.1757105588912964,-0.10150633752346039,0.5645933151245117,0.17561888694763184,-0.09552764147520065,0.6512948274612427,0.2790362536907196,-0.017608467489480972,0.5173196792602539,0.26918527483940125,0.15745171904563904,0.6536678671836853,0.11331041157245636,-0.08442461490631104,0.5099968910217285,0.08655031770467758,0.17120042443275452,0.6436254978179932,-0.05052146315574646,0.021231599152088165,0.5328226089477539,-0.031759679317474365,0.2558070123195648,0.6448527574539185,-0.073160819709301,-0.02039722353219986,0.5488396883010864,-0.04896922782063484,0.21965105831623077,0.6347900032997131,-0.07512733340263367,-0.0003792312345467508,0.5592054724693298,-0.038077462464571,0.23398233950138092,0.631348192691803,-0.052457235753536224,0.02204038016498089,0.5588252544403076,-0.025944532826542854,0.24890311062335968,0.6079713702201843,0.6908227205276489,-0.07535446435213089,0.5246467590332031,0.6841318607330322,0.07589038461446762,0.5877292156219482,0.9470553994178772,-0.19503214955329895,0.4905584454536438,0.9167623519897461,0.10185965150594711,0.5836750864982605,1.1796388626098633,0.13349971175193787,0.5078818202018738,1.1647922992706299,0.3995061218738556,0.5955512523651123,1.2084815502166748,0.15415148437023163,0.5337674617767334,1.1980304718017578,0.42260879278182983,0.5335655808448792,1.261629343032837,-0.002355677541345358,0.4858846664428711,1.23409903049469,0.25735750794410706
leg raises_300001.jpg,0.5204365849494934,0.15190978348255157,-0.1301160603761673,0.5358900427818298,0.13362427055835724,-0.12075519561767578,0.5405817031860352,0.13383015990257263,-0.1208343654870987,0.5451571345329285,0.13373805582523346,-0.12112387269735336,0.5271525979042053,0.1321256160736084,-0.1141023337841034,0.5257807374000549,0.1314522922039032,-0.11398596316576004,0.5244939923286438,0.13008750975131989,-0.11406227201223373,0.5622694492340088,0.14396342635154724,-0.10975019633769989,0.5385522246360779,0.13722360134124756,0.020716676488518715,0.5279645323753357,0.16842640936374664,-0.10357030481100082,0.5183331966400146,0.16697807610034943,-0.08074857294559479,0.5984055995941162,0.24229852855205536,-0.19604477286338806,0.5216159820556641,0.2207060009241104,0.14563223719596863,0.5866407752037048,0.34230491518974304,-0.23519372940063477,0.5051405429840088,0.25800320506095886,0.2820214331150055,0.48905277252197266,0.35831955075263977,-0.20463256537914276,0.48049935698509216,0.3212469816207886,0.2974889874458313,0.4694024324417114,0.3743481934070587,-0.23293951153755188,0.475458025932312,0.3362172544002533,0.3061980605125427,0.46641069650650024,0.34801387786865234,-0.2168963998556137,0.4728514552116394,0.3310646116733551,0.272358238697052,0.4735244810581207,0.3443298041820526,-0.19427944719791412,0.4771217703819275,0.3294236958026886,0.2814072072505951,0.5832901000976562,0.5107610821723938,-0.10123960673809052,0.5280975103378296,0.4932231605052948,0.10143040865659714,0.5743287205696106,0.7091338038444519,-0.16580207645893097,0.4976826012134552,0.7027826309204102,0.12623243033885956,0.5606317520141602,0.9280596971511841,-0.043284859508275986,0.5196117758750916,0.8830219507217407,0.1952483206987381,0.5935723781585693,0.9606351852416992,-0.03699853643774986,0.5326594114303589,0.9420478940010071,0.201548770070076,0.5120906233787537,1.1980220079421997,-0.12079833447933197,0.48658838868141174,1.0716339349746704,0.14374233782291412
leg raises_300011.jpg,0.5063223242759705,0.15009941160678864,-0.02031022496521473,0.5206016898155212,0.12735134363174438,-0.017511462792754173,0.5250946283340454,0.12636913359165192,-0.017682811245322227,0.5294356942176819,0.12530849874019623,-0.017879994586110115,0.5125725865364075,0.12863558530807495,0.006791422609239817,0.511595606803894,0.1285420060157776,0.006919164676219225,0.5109165906906128,0.12815585732460022,0.006823667790740728,0.5461879968643188,0.13410495221614838,0.02147025801241398,0.5284678936004639,0.13580003380775452,0.14508911967277527,0.5171558856964111,0.1684376448392868,0.0001672332000453025,0.5078639388084412,0.16896165907382965,0.03285126015543938,0.5919843912124634,0.23328448832035065,-0.08046190440654755,0.5170721411705017,0.23223616182804108,0.24676890671253204,0.5873603820800781,0.38568294048309326,-0.21825391054153442,0.5019333362579346,0.3823144733905792,0.2524646520614624,0.49213483929634094,0.38094231486320496,-0.2969098389148712,0.4669211506843567,0.4158644378185272,0.28904712200164795,0.46166369318962097,0.38826197385787964,-0.33057719469070435,0.45540323853492737,0.4298427700996399,0.20856830477714539,0.45519810914993286,0.3627009987831116,-0.2975369095802307,0.44989123940467834,0.41397395730018616,0.08650320023298264,0.46313902735710144,0.3637385964393616,-0.28203263878822327,0.4582705497741699,0.4113886058330536,0.1365155577659607,0.5876616835594177,0.5156717300415039,-0.07689295709133148,0.530042290687561,0.5121833682060242,0.07746516168117523,0.5868480205535889,0.6121863722801208,-0.45762187242507935,0.4544701874256134,0.5129773020744324,-0.23697924613952637,0.5055263042449951,0.8073657751083374,-0.5331107378005981,0.37566521763801575,0.6833468079566956,-0.3786941468715668,0.5038822293281555,0.84027498960495,-0.541305661201477,0.36661669611930847,0.7439477443695068,-0.3924163579940796,0.46123307943344116,0.8720393776893616,-0.6632094979286194,0.28778350353240967,0.6751522421836853,-0.4881667196750641
leg raises_300021.jpg,0.5004136562347412,0.14472998678684235,-0.06887498497962952,0.5120944976806641,0.12236791104078293,-0.06409015506505966,0.5162426829338074,0.12113012373447418,-0.06423353403806686,0.5203574895858765,0.11993563175201416,-0.06441054493188858,0.5041784644126892,0.12448684871196747,-0.04135679826140404,0.5028838515281677,0.12462787330150604,-0.041266120970249176,0.501827597618103,0.1247478723526001,-0.041357897222042084,0.5350404977798462,0.12791238725185394,-0.026130396872758865,0.5162343382835388,0.1321612298488617,0.10115040838718414,0.5108887553215027,0.1637915074825287,-0.0442725345492363,0.5015602707862854,0.16436074674129486,-0.014897693879902363,0.5834974050521851,0.23076659440994263,-0.08628182858228683,0.5012444257736206,0.2351076602935791,0.21981365978717804,0.5877675414085388,0.3806149363517761,-0.21069957315921783,0.4751178026199341,0.3783729672431946,0.3318447172641754,0.49772799015045166,0.37921762466430664,-0.3154851198196411,0.4317467510700226,0.4058417081832886,0.24777671694755554,0.46795377135276794,0.37384194135665894,-0.3537481427192688,0.4221619963645935,0.4161001741886139,0.23558039963245392,0.46488726139068604,0.3536738157272339,-0.32928338646888733,0.4145199656486511,0.3866216540336609,0.18568983674049377,0.4731806218624115,0.35690468549728394,-0.303799033164978,0.4234260022640228,0.39800551533699036,0.21661129593849182,0.5748662352561951,0.4923720359802246,-0.06659608334302902,0.5116762518882751,0.4862412214279175,0.06727299094200134,0.582451581954956,0.6469525694847107,-0.14830917119979858,0.4239663779735565,0.5009562373161316,-0.4518129527568817,0.5679165124893188,0.8261762261390686,-0.4372318983078003,0.33203351497650146,0.5442275404930115,-0.7406648993492126,0.5555291771888733,0.8600801825523376,-0.3752211034297943,0.31811854243278503,0.5855767726898193,-0.7701078057289124,0.584340512752533,0.9076787233352661,-0.38012394309043884,0.2692974805831909,0.47648558020591736,-0.8998491764068604
leg raises_300031.jpg,0.5061762928962708,0.14697587490081787,-0.1799256056547165,0.5160185098648071,0.12456630170345306,-0.17593863606452942,0.5203104019165039,0.12294933199882507,-0.17606912553310394,0.5246674418449402,0.12133006006479263,-0.1761447638273239,0.5069002509117126,0.12725935876369476,-0.1538165956735611,0.5048727989196777,0.12752297520637512,-0.15372031927108765,0.5030832886695862,0.12773922085762024,-0.15376870334148407,0.5380772948265076,0.12714067101478577,-0.0968317836523056,0.5135527849197388,0.13381370902061462,0.008433224633336067,0.5167908668518066,0.16572318971157074,-0.1457938551902771,0.5061671733856201,0.16666649281978607,-0.11682991683483124,0.5829464197158813,0.22706343233585358,-0.1394117772579193,0.5037705302238464,0.2335449904203415,0.17390674352645874,0.6000547409057617,0.3668975830078125,-0.32278233766555786,0.4757665693759918,0.36202579736709595,0.2556074261665344,0.5171051621437073,0.3638747036457062,-0.5080212950706482,0.4283285140991211,0.35540327429771423,0.17317311465740204,0.49380257725715637,0.36598116159439087,-0.5565314888954163,0.4126819372177124,0.35334330797195435,0.15262441337108612,0.49245375394821167,0.34475913643836975,-0.5345227122306824,0.4097292125225067,0.341220885515213,0.17051094770431519,0.4964231550693512,0.34761202335357666,-0.4998774826526642,0.42126432061195374,0.3476096987724304,0.17326359450817108,0.5633866786956787,0.48483315110206604,-0.09673403948545456,0.5182107090950012,0.48064178228378296,0.09721238911151886,0.5382181406021118,0.641307532787323,-0.21284030377864838,0.449119508266449,0.5796481966972351,-0.06379597634077072,0.4730519652366638,0.853546142578125,-0.21147681772708893,0.44081732630729675,0.8184979557991028,-0.06488583981990814,0.48830297589302063,0.8869737982749939,-0.20521312952041626,0.4620872139930725,0.852435290813446,-0.07189803570508957,0.42980295419692993,0.9120692610740662,-0.32919400930404663,0.3808583915233612,0.9098669290542603,-0.18377548456192017
leg raises_300041.jpg,0.5099576711654663,0.1492428034543991,-0.16183890402317047,0.5181488394737244,0.12735365331172943,-0.16049443185329437,0.5221115350723267,0.1258787214756012,-0.1605955809354782,0.5261014699935913,0.12432076036930084,-0.16066879034042358,0.5094124674797058,0.12964558601379395,-0.13781365752220154,0.507442057132721,0.12978988885879517,-0.1377752423286438,0.50560462474823,0.12974515557289124,-0.13783735036849976,0.539559006690979,0.1290053129196167,-0.10455247014760971,0.5138761401176453,0.1362694352865219,0.00987659115344286,0.5202324390411377,0.1674073040485382,-0.13377398252487183,0.5093557834625244,0.16880415380001068,-0.10480497777462006,0.5861387252807617,0.22734881937503815,-0.1218816339969635,0.5037472248077393,0.2333727926015854,0.15029294788837433,0.603483259677887,0.3704506754875183,-0.27410000562667847,0.4763898253440857,0.3552553653717041,0.20065903663635254,0.5230461955070496,0.3569793403148651,-0.44787925481796265,0.4225846827030182,0.34394413232803345,-0.03348036855459213,0.4959444999694824,0.3448347747325897,-0.4960675537586212,0.4090500473976135,0.3385870158672333,-0.06278777867555618,0.49396175146102905,0.3206230700016022,-0.47740471363067627,0.40711769461631775,0.3241422772407532,-0.0986250564455986,0.5078232884407043,0.3369615972042084,-0.4421093165874481,0.41500574350357056,0.32957592606544495,-0.0570603609085083,0.5632297396659851,0.4760589599609375,-0.08822181820869446,0.5161246061325073,0.4696202278137207,0.08841653168201447,0.5434765219688416,0.6660521030426025,-0.1650083214044571,0.48503392934799194,0.645453929901123,0.04305465146899223,0.5216175317764282,0.8671274781227112,-0.1041145995259285,0.5024636387825012,0.8522782921791077,0.1091543436050415,0.5489917993545532,0.8970495462417603,-0.10454659163951874,0.519429087638855,0.8929196000099182,0.10791932791471481,0.4740338921546936,0.9272659420967102,-0.29231566190719604,0.4663490951061249,0.9455522298812866,-0.011203514412045479
leg raises_300051.jpg,0.5126854777336121,0.1495472490787506,-0.19783562421798706,0.5195243954658508,0.12740537524223328,-0.1918889582157135,0.5243635773658752,0.1253858506679535,-0.19199307262897491,0.5292248129844666,0.1231013610959053,-0.19206485152244568,0.5100690722465515,0.13061492145061493,-0.17277611792087555,0.5082704424858093,0.13095012307167053,-0.1727708876132965,0.5065673589706421,0.13114790618419647,-0.17281951010227203,0.5443099737167358,0.1258973926305771,-0.1044321209192276,0.514129102230072,0.1366172879934311,-0.01348416693508625,0.5263241529464722,0.16663743555545807,-0.16079069674015045,0.5148023962974548,0.16860365867614746,-0.13529537618160248,0.5940085649490356,0.2211380898952484,-0.10705350339412689,0.5082169771194458,0.23241890966892242,0.14244341850280762,0.6208155751228333,0.3635738492012024,-0.24243785440921783,0.48056256771087646,0.35605451464653015,0.18559488654136658,0.5457184910774231,0.3618246614933014,-0.4487285912036896,0.43163812160491943,0.34299856424331665,-0.008675760589540005,0.5288451313972473,0.34834742546081543,-0.4960800111293793,0.41316598653793335,0.33095216751098633,-0.037080537527799606,0.5307968854904175,0.33249905705451965,-0.49391108751296997,0.4112773835659027,0.3145389258861542,-0.06986606121063232,0.5326021909713745,0.34164750576019287,-0.450760155916214,0.4187105596065521,0.32173365354537964,-0.03005814179778099,0.5669904351234436,0.4704130291938782,-0.08292312175035477,0.5216567516326904,0.46677160263061523,0.08310210704803467,0.5492372512817383,0.6702442765235901,-0.12274107336997986,0.5085552930831909,0.6555728912353516,0.0346737764775753,0.5407208800315857,0.8475109338760376,-0.02600359171628952,0.5270939469337463,0.8539483547210693,0.09872433543205261,0.5603657960891724,0.8671437501907349,-0.022499386221170425,0.5443711876869202,0.9033256769180298,0.09788914024829865,0.5031970143318176,0.9232859015464783,-0.1658119410276413,0.49223974347114563,0.9391646385192871,-0.029770443215966225
leg raises_300061.jpg,0.5181763768196106,0.1481800079345703,-0.06122433766722679,0.5253848433494568,0.12641388177871704,-0.04922379180788994,0.5302785038948059,0.1244853138923645,-0.04933888837695122,0.5349789261817932,0.12242066115140915,-0.04943804815411568,0.5174309611320496,0.12950001657009125,-0.031804364174604416,0.5160342454910278,0.1298491209745407,-0.03175411745905876,0.5146941542625427,0.1302153617143631,-0.03182406723499298,0.5503672957420349,0.12575863301753998,0.03355487436056137,0.5237255692481995,0.13519273698329926,0.1141970157623291,0.5318922996520996,0.16516077518463135,-0.02927226945757866,0.5213472843170166,0.16733072698116302,-0.00594822084531188,0.5974099040031433,0.22308313846588135,0.016261648386716843,0.5199728608131409,0.23395752906799316,0.21541830897331238,0.6137453317642212,0.3687424957752228,-0.15967684984207153,0.49432462453842163,0.37646976113319397,0.20663666725158691,0.5507208704948425,0.3526207506656647,-0.36456406116485596,0.43347063660621643,0.34482502937316895,-0.012287563644349575,0.5382015109062195,0.3482097387313843,-0.40623703598976135,0.41502076387405396,0.3256913423538208,-0.044150903820991516,0.5369994640350342,0.3257382810115814,-0.39627793431282043,0.41415825486183167,0.3091573417186737,-0.07071635127067566,0.5383042693138123,0.33084073662757874,-0.3632132411003113,0.4211125373840332,0.31735527515411377,-0.03174612671136856,0.586919367313385,0.45026445388793945,-0.07854531705379486,0.5328907370567322,0.4517117738723755,0.07859449833631516,0.5433923006057739,0.5699628591537476,-0.35626986622810364,0.48703235387802124,0.5525981187820435,-0.23933511972427368,0.39756497740745544,0.745774507522583,-0.4394192397594452,0.40508633852005005,0.7626550197601318,-0.3766075074672699,0.38955026865005493,0.7929279804229736,-0.44841665029525757,0.4006907343864441,0.8147242069244385,-0.39223334193229675,0.33600059151649475,0.7713882327079773,-0.5707076191902161,0.33566775918006897,0.792478621006012,-0.5192631483078003
leg raises_300071.jpg,0.5168779492378235,0.1378258764743805,-0.26807036995887756,0.525607168674469,0.11607152223587036,-0.291883260011673,0.5300544500350952,0.11474920809268951,-0.2918892204761505,0.5343142747879028,0.11347762495279312,-0.29202353954315186,0.5179214477539062,0.1175805851817131,-0.25761234760284424,0.5162923336029053,0.11722151190042496,-0.2575797736644745,0.5152224898338318,0.11679556965827942,-0.25766849517822266,0.5503636002540588,0.11871588975191116,-0.30523914098739624,0.5282706022262573,0.12097042053937912,-0.1493159383535385,0.5290736556053162,0.15600551664829254,-0.2670787572860718,0.5200379490852356,0.15607371926307678,-0.2216578871011734,0.5939317941665649,0.22395987808704376,-0.29237473011016846,0.5217528939247131,0.22465530037879944,-0.011855516582727432,0.6156629920005798,0.36789029836654663,-0.2584742307662964,0.5032863020896912,0.3624439239501953,0.07799046486616135,0.5528444051742554,0.35734304785728455,-0.21505066752433777,0.4385308623313904,0.36542871594429016,-0.02954474650323391,0.5400574803352356,0.3375707268714905,-0.22391606867313385,0.42303723096847534,0.37093737721443176,-0.03577745333313942,0.537725567817688,0.32925114035606384,-0.208269864320755,0.41560283303260803,0.36045756936073303,-0.07120788842439651,0.5396730303764343,0.3350006639957428,-0.20440125465393066,0.4234234392642975,0.36220306158065796,-0.049660827964544296,0.5799844264984131,0.4528076648712158,-0.08161191642284393,0.5299116969108582,0.4331112802028656,0.08176197856664658,0.5756753087043762,0.5875049829483032,-0.14951293170452118,0.4258684515953064,0.4458526074886322,0.21313592791557312,0.5605270266532898,0.8012323975563049,-0.07537343353033066,0.35639864206314087,0.4043639600276947,0.33583754301071167,0.5585892200469971,0.8384247422218323,-0.0726022720336914,0.33895018696784973,0.4198855459690094,0.3475102484226227,0.5421092510223389,0.8489037156105042,-0.19213001430034637,0.3067774474620819,0.32206618785858154,0.32305431365966797
leg raises_300081.jpg,0.5164788961410522,0.1346016824245453,-0.13099925220012665,0.5259345769882202,0.11424458771944046,-0.1477154940366745,0.5301812291145325,0.11334053426980972,-0.14779797196388245,0.5343145132064819,0.11252754181623459,-0.1478063315153122,0.5182653665542603,0.11505920439958572,-0.11051761358976364,0.5164774060249329,0.11466845124959946,-0.11054418981075287,0.515570878982544,0.11419005692005157,-0.11065448075532913,0.5503755807876587,0.1190970316529274,-0.17054548859596252,0.5294227004051208,0.12003660947084427,-0.010579039342701435,0.5278331637382507,0.1542995274066925,-0.14198088645935059,0.5189570188522339,0.15356265008449554,-0.08898795396089554,0.5936658382415771,0.2246931493282318,-0.17338377237319946,0.5206669569015503,0.22679631412029266,0.08564450591802597,0.6199598908424377,0.36763715744018555,-0.3181847631931305,0.5038478970527649,0.36738383769989014,0.13060174882411957,0.5584725141525269,0.3521546721458435,-0.48484548926353455,0.4389593303203583,0.35327643156051636,-0.010356539860367775,0.5458492040634155,0.3360956907272339,-0.5317280292510986,0.42160552740097046,0.3499833345413208,-0.025102859362959862,0.54285728931427,0.3240374028682709,-0.5051844120025635,0.4171399474143982,0.33802592754364014,-0.060896821320056915,0.5465676188468933,0.33001652359962463,-0.4777708947658539,0.42526647448539734,0.3421576917171478,-0.031154366210103035,0.5706291198730469,0.4614499807357788,-0.09268375486135483,0.525425136089325,0.4512310028076172,0.09314201027154922,0.5013560056686401,0.5267768502235413,-0.3082769215106964,0.4402671158313751,0.4850916564464569,-0.03128223121166229,0.38020020723342896,0.6578352451324463,-0.3726617097854614,0.3628290593624115,0.6136089563369751,-0.11991127580404282,0.3699701130390167,0.7106728553771973,-0.3821445107460022,0.3518577814102173,0.6518183946609497,-0.1288125365972519,0.3220337927341461,0.6809725165367126,-0.4945050776004791,0.2970646619796753,0.600718080997467,-0.20335762202739716
leg raises_300091.jpg,0.5161646604537964,0.13508418202400208,-0.1585443615913391,0.5255803465843201,0.115194171667099,-0.17124392092227936,0.5296601057052612,0.114207424223423,-0.17133085429668427,0.5336452722549438,0.11331048607826233,-0.17134732007980347,0.5184044241905212,0.11606670171022415,-0.13702137768268585,0.5167089700698853,0.11559741944074631,-0.13708049058914185,0.5157092809677124,0.1150176152586937,-0.13718125224113464,0.5502657294273376,0.11923094838857651,-0.15142890810966492,0.5301440954208374,0.1197805181145668,-0.012316747568547726,0.5268372893333435,0.1539696753025055,-0.15182669460773468,0.5187028050422668,0.15309253334999084,-0.10694218426942825,0.5878020524978638,0.2242954671382904,-0.16875889897346497,0.5189573764801025,0.22682517766952515,0.10436093807220459,0.6096741557121277,0.36704903841018677,-0.3322497308254242,0.5023587346076965,0.361253023147583,0.15122990310192108,0.559654176235199,0.3461381196975708,-0.5561614632606506,0.43612465262413025,0.34595948457717896,-0.01479827519506216,0.5444203615188599,0.33156508207321167,-0.6099774837493896,0.4193134307861328,0.3433086574077606,-0.036625124514102936,0.543728768825531,0.31808197498321533,-0.5894108414649963,0.4168661832809448,0.33232375979423523,-0.07698642462491989,0.5458818078041077,0.32455387711524963,-0.5520068407058716,0.42260798811912537,0.33750683069229126,-0.03848091885447502,0.5532180070877075,0.46544429659843445,-0.11787708848714828,0.5192670226097107,0.4561364948749542,0.11794628202915192,0.5076140761375427,0.6330590844154358,-0.20472045242786407,0.4858037233352661,0.6335652470588684,0.12510603666305542,0.4286721348762512,0.8524995446205139,-0.18999885022640228,0.4939044713973999,0.8288602232933044,0.19480787217617035,0.4401546120643616,0.8846698999404907,-0.1939813792705536,0.49728772044181824,0.8474702835083008,0.1957777589559555,0.405794620513916,0.9340122938156128,-0.3587208092212677,0.4406261146068573,0.8846425414085388,0.09347376227378845
leg raises_300101.jpg,0.515066921710968,0.1345614343881607,-0.1393386274576187,0.5243682265281677,0.11455821990966797,-0.14925141632556915,0.5281262397766113,0.11380215734243393,-0.1493639349937439,0.5318064093589783,0.11304923892021179,-0.14939604699611664,0.5181586146354675,0.11493976414203644,-0.1162802055478096,0.5168237686157227,0.1144530326128006,-0.11629321426153183,0.5157877802848816,0.11382900923490524,-0.11639948189258575,0.5490143299102783,0.1195124015212059,-0.1419418454170227,0.5311062932014465,0.11993285268545151,0.015081893652677536,0.5250712037086487,0.15396453440189362,-0.12974558770656586,0.5180936455726624,0.1532299518585205,-0.08678453415632248,0.5877915620803833,0.22516201436519623,-0.1434313952922821,0.5147292017936707,0.22781895101070404,0.12163667380809784,0.610547661781311,0.3673231899738312,-0.2856696546077728,0.5013428926467896,0.3665429949760437,0.16728682816028595,0.5566639304161072,0.3427237272262573,-0.48672667145729065,0.43135401606559753,0.34355980157852173,-0.003088376484811306,0.5326341390609741,0.33068153262138367,-0.5430434346199036,0.4165531098842621,0.33829265832901,-0.02993527613580227,0.540199875831604,0.31532496213912964,-0.5256140232086182,0.41505688428878784,0.32790860533714294,-0.0712805688381195,0.5398455858230591,0.3222826421260834,-0.48299849033355713,0.4194529950618744,0.33280885219573975,-0.026890059933066368,0.5578731298446655,0.46917861700057983,-0.09733358025550842,0.5187375545501709,0.46146321296691895,0.09728410840034485,0.556083619594574,0.6721718907356262,-0.10831872373819351,0.5229673385620117,0.6677659749984741,0.04444233328104019,0.5480116605758667,0.8651458024978638,0.009612091816961765,0.5374284982681274,0.8752238154411316,0.12715616822242737,0.5517090559005737,0.887024998664856,0.014278438873589039,0.5436225533485413,0.8983508348464966,0.12823013961315155,0.5468381643295288,0.9366381168365479,-0.13613128662109375,0.5229746103286743,0.9403899312019348,-0.00641655595973134
leg raises_300111.jpg,0.5094012022018433,0.13563697040081024,-0.1603115200996399,0.5199389457702637,0.11567505449056625,-0.17245930433273315,0.5237452387809753,0.11484302580356598,-0.17256823182106018,0.5277444124221802,0.11396394670009613,-0.17259159684181213,0.5144158601760864,0.11614767462015152,-0.135436549782753,0.5138030052185059,0.11573731154203415,-0.135478675365448,0.5135344862937927,0.11518249660730362,-0.13557744026184082,0.5459541082382202,0.12015817314386368,-0.16173870861530304,0.530484139919281,0.12133734673261642,0.0020902969408780336,0.5192186236381531,0.15506261587142944,-0.15387661755084991,0.5123581290245056,0.1543804258108139,-0.1057736948132515,0.5796606540679932,0.22576719522476196,-0.18840061128139496,0.5050257444381714,0.23041042685508728,0.12824545800685883,0.6097733974456787,0.36845892667770386,-0.3661881685256958,0.49193575978279114,0.3704274892807007,0.20593257248401642,0.556256115436554,0.34536901116371155,-0.5987542867660522,0.4232090711593628,0.3559483289718628,0.028461797162890434,0.5331215262413025,0.33161577582359314,-0.6599704623222351,0.40904995799064636,0.34236276149749756,0.007220003288239241,0.5396171808242798,0.31816354393959045,-0.639750063419342,0.4085467755794525,0.3304535150527954,-0.048606593161821365,0.5398119688034058,0.3243306577205658,-0.5952280759811401,0.4130653142929077,0.3370942175388336,-0.00011787122639361769,0.540543794631958,0.47044721245765686,-0.11914857476949692,0.5025613903999329,0.46410298347473145,0.11926250904798508,0.49731144309043884,0.6716939806938171,-0.14060883224010468,0.5109382271766663,0.6627764701843262,0.05499381572008133,0.4611819386482239,0.8825352787971497,-0.027657022699713707,0.5305708646774292,0.8605868816375732,0.10584770888090134,0.47520485520362854,0.9051955938339233,-0.022785279899835587,0.504291832447052,0.888511061668396,0.10338304936885834,0.4073883295059204,0.9491345882415771,-0.17737384140491486,0.4740879237651825,0.9128581285476685,-0.01949894428253174
leg raises_300121.jpg,0.5000127553939819,0.145380437374115,-0.15940901637077332,0.5089936852455139,0.12702934443950653,-0.16865064203739166,0.5125958919525146,0.12626639008522034,-0.168767049908638,0.5163227319717407,0.12548846006393433,-0.16882023215293884,0.5037850141525269,0.12785951793193817,-0.13536642491817474,0.5035443902015686,0.12780891358852386,-0.13537801802158356,0.5036848783493042,0.12772022187709808,-0.13545526564121246,0.5347702503204346,0.13188022375106812,-0.14817386865615845,0.519790768623352,0.13542808592319489,0.0020941817201673985,0.5097130537033081,0.164932519197464,-0.14945261180400848,0.5031383633613586,0.16472934186458588,-0.10535509139299393,0.5756557583808899,0.23447610437870026,-0.17845281958580017,0.4941869378089905,0.24221374094486237,0.12428422272205353,0.5847598910331726,0.37336888909339905,-0.3215431571006775,0.47639000415802,0.3744950592517853,0.15336428582668304,0.5541411638259888,0.3519971966743469,-0.5400791764259338,0.4211950898170471,0.35518768429756165,-0.09137682616710663,0.5317537784576416,0.3348565697669983,-0.588536262512207,0.4047870635986328,0.3422103524208069,-0.12344063818454742,0.5378443598747253,0.32291916012763977,-0.5804270505905151,0.40480172634124756,0.3306717276573181,-0.15993838012218475,0.5387564301490784,0.3290853202342987,-0.5387352108955383,0.4104704260826111,0.3369429409503937,-0.1132318302989006,0.5428880453109741,0.47246038913726807,-0.07263179868459702,0.49096110463142395,0.46585172414779663,0.073056660592556,0.5139660239219666,0.6520290374755859,-0.0015635833842679858,0.4197810888290405,0.5062257051467896,-0.47585731744766235,0.5173685550689697,0.75657057762146,0.14343148469924927,0.33346736431121826,0.5046758651733398,-0.7954972386360168,0.5089864134788513,0.777131974697113,0.15249015390872955,0.3256397545337677,0.5444201231002808,-0.8287366628646851,0.530565619468689,0.7735902667045593,0.053071022033691406,0.2961207330226898,0.40984785556793213,-0.9832361340522766
leg raises_300131.jpg,0.49369698762893677,0.16750885546207428,-0.30850866436958313,0.5009187459945679,0.14632104337215424,-0.3070235252380371,0.5048766732215881,0.14460539817810059,-0.3072424829006195,0.508871853351593,0.14300644397735596,-0.3074302077293396,0.4936348497867584,0.14832516014575958,-0.27875062823295593,0.49237170815467834,0.1483500748872757,-0.27882814407348633,0.4913916289806366,0.1484222263097763,-0.27888840436935425,0.5247723460197449,0.14492690563201904,-0.22878174483776093,0.5036604404449463,0.15214769542217255,-0.09854819625616074,0.5045756101608276,0.1835852563381195,-0.27455422282218933,0.4961223900318146,0.18534429371356964,-0.2374000996351242,0.5675637125968933,0.24173034727573395,-0.18226151168346405,0.4843740165233612,0.2457396686077118,0.07444555312395096,0.5831148624420166,0.37803947925567627,-0.36548176407814026,0.462708979845047,0.38015908002853394,0.11484627425670624,0.5503870248794556,0.36155691742897034,-0.634940505027771,0.4141867458820343,0.3548319339752197,-0.1440911740064621,0.5308628678321838,0.35016635060310364,-0.6897590756416321,0.39620277285575867,0.3440253436565399,-0.17906910181045532,0.5353249907493591,0.33697226643562317,-0.6825065612792969,0.3962302505970001,0.3322662115097046,-0.21834851801395416,0.5360363125801086,0.34065139293670654,-0.6343462467193604,0.4017152190208435,0.3371056318283081,-0.16661742329597473,0.5263173580169678,0.473037987947464,-0.06728605180978775,0.4758583605289459,0.46655723452568054,0.06772943586111069,0.519722044467926,0.6538220643997192,-0.006951088085770607,0.4084855616092682,0.4817848205566406,-0.5429461002349854,0.5246322751045227,0.7809293270111084,0.14934508502483368,0.3107947111129761,0.49185439944267273,-0.8610193729400635,0.5177640318870544,0.8043696284294128,0.15924912691116333,0.3011491596698761,0.5267353057861328,-0.8945903182029724,0.5332092046737671,0.8081562519073486,0.03510849177837372,0.2731981873512268,0.40195396542549133,-1.076790452003479
leg raises_300141.jpg,0.48351508378982544,0.1782681941986084,-0.26401954889297485,0.49053439497947693,0.15730798244476318,-0.26131579279899597,0.4949682950973511,0.1551247239112854,-0.2614974081516266,0.4992360472679138,0.15286892652511597,-0.2616477608680725,0.4805784821510315,0.16023145616054535,-0.23395612835884094,0.4784279465675354,0.16037730872631073,-0.23396290838718414,0.4761715233325958,0.16057078540325165,-0.23401497304439545,0.5129888653755188,0.15214082598686218,-0.18173697590827942,0.4829408824443817,0.16315563023090363,-0.055122923105955124,0.49596884846687317,0.19172604382038116,-0.2278098464012146,0.4848332107067108,0.19459527730941772,-0.19142436981201172,0.5605399012565613,0.24654507637023926,-0.15390805900096893,0.4736247956752777,0.2516353130340576,0.11797662079334259,0.5826476812362671,0.38014063239097595,-0.33233872056007385,0.4540873169898987,0.37959718704223633,0.15245389938354492,0.538544237613678,0.3602350354194641,-0.5900440216064453,0.39750611782073975,0.36288177967071533,-0.11206310242414474,0.5190851092338562,0.34745123982429504,-0.6531221866607666,0.38320645689964294,0.3516800105571747,-0.1543949395418167,0.5202586054801941,0.33560463786125183,-0.6456958651542664,0.3824939429759979,0.33733931183815,-0.20154979825019836,0.5230200886726379,0.3394589424133301,-0.5905665159225464,0.387881875038147,0.3429935574531555,-0.1404254138469696,0.517977774143219,0.47775375843048096,-0.0894634872674942,0.4709073603153229,0.47267401218414307,0.08978227525949478,0.46514859795570374,0.6543633341789246,-0.23092156648635864,0.42947494983673096,0.6347612738609314,-0.09863726049661636,0.41802978515625,0.8585206866264343,-0.21921437978744507,0.3679131865501404,0.8415979146957397,-0.0929855927824974,0.42761048674583435,0.8866723775863647,-0.22646364569664001,0.3279617130756378,0.8708389401435852,-0.10206630825996399,0.365927129983902,0.9216107130050659,-0.3999720513820648,0.33076217770576477,0.8867022395133972,-0.26959672570228577
leg raises_300151.jpg,0.48006951808929443,0.1851229965686798,-0.2936643660068512,0.48657819628715515,0.16480012238025665,-0.2809678614139557,0.4908531904220581,0.16225126385688782,-0.2811189889907837,0.49526455998420715,0.15963546931743622,-0.2812308967113495,0.4751933217048645,0.16848784685134888,-0.26082465052604675,0.47231677174568176,0.16888460516929626,-0.26081547141075134,0.46949535608291626,0.16936489939689636,-0.2607734799385071,0.506604015827179,0.1576719880104065,-0.17424345016479492,0.4721725881099701,0.17299742996692657,-0.055463291704654694,0.49103492498397827,0.19838078320026398,-0.2402959018945694,0.4790373742580414,0.2021798938512802,-0.2133135348558426,0.5549373626708984,0.25017786026000977,-0.10091082751750946,0.46425583958625793,0.25795838236808777,0.12240959703922272,0.5803630352020264,0.3814942240715027,-0.2872241139411926,0.44832706451416016,0.37930047512054443,0.1043873280286789,0.5308738946914673,0.3589653968811035,-0.5780943036079407,0.3885984718799591,0.359619677066803,-0.23995178937911987,0.5130067467689514,0.3450402319431305,-0.6491813063621521,0.3754982650279999,0.3484797179698944,-0.29456809163093567,0.5125665664672852,0.332685261964798,-0.6389082670211792,0.3755105137825012,0.3345096707344055,-0.33530911803245544,0.5153074860572815,0.33709561824798584,-0.5785027742385864,0.3809394836425781,0.34028878808021545,-0.2670850455760956,0.5213255882263184,0.49053511023521423,-0.08439655601978302,0.4701123535633087,0.4903964698314667,0.08460206538438797,0.4885006844997406,0.6886135339736938,-0.15599732100963593,0.46312323212623596,0.6861695051193237,0.018862508237361908,0.48885810375213623,0.8935422301292419,-0.04220067709684372,0.48101288080215454,0.8866493105888367,0.12300676852464676,0.4964221119880676,0.9190943241119385,-0.04176225885748863,0.4833419620990753,0.9289872646331787,0.12451199442148209,0.47015437483787537,0.9576947689056396,-0.2720591425895691,0.46116599440574646,0.9483792781829834,-0.038811974227428436
leg raises_300161.jpg,0.4700717329978943,0.18511846661567688,-0.26061591506004333,0.47616010904312134,0.16448189318180084,-0.25246602296829224,0.480230450630188,0.16196611523628235,-0.25260230898857117,0.48440223932266235,0.15937314927577972,-0.2526836097240448,0.4658798277378082,0.16850920021533966,-0.23025746643543243,0.46358340978622437,0.16897223889827728,-0.23024198412895203,0.46143776178359985,0.16949984431266785,-0.23021657764911652,0.4959321618080139,0.1564590036869049,-0.1475699543952942,0.4659678637981415,0.17145095765590668,-0.047348685562610626,0.4818085730075836,0.1975763738155365,-0.2165016531944275,0.4714595675468445,0.20067311823368073,-0.18686726689338684,0.546635627746582,0.24985304474830627,-0.08585796505212784,0.4553203880786896,0.25812917947769165,0.13413257896900177,0.5808089375495911,0.3851037621498108,-0.25055572390556335,0.4448360800743103,0.37996625900268555,0.11699382960796356,0.5205150842666626,0.362027645111084,-0.5631516575813293,0.38384944200515747,0.35771510004997253,-0.2004004567861557,0.5021780133247375,0.3486778140068054,-0.6090978980064392,0.37242013216018677,0.3466932475566864,-0.24808916449546814,0.5017363429069519,0.3326801657676697,-0.5981600880622864,0.37251874804496765,0.33361753821372986,-0.287409245967865,0.5055237412452698,0.3376286029815674,-0.5658333897590637,0.37669962644577026,0.33996453881263733,-0.22601620852947235,0.516441822052002,0.5005808472633362,-0.07367907464504242,0.46259957551956177,0.4997078478336334,0.07385827600955963,0.4971507489681244,0.6985814571380615,-0.1118914932012558,0.45980507135391235,0.6897517442703247,0.01864623837172985,0.4898730516433716,0.8913224935531616,0.029066316783428192,0.45965486764907837,0.8887749314308167,0.13967013359069824,0.4922444224357605,0.9142330884933472,0.03226675093173981,0.4640192985534668,0.9157990217208862,0.14178496599197388,0.48021844029426575,0.9521217346191406,-0.1502625197172165,0.4331875145435333,0.9607009291648865,-0.021744810044765472
leg raises_300171.jpg,0.4674864411354065,0.18815059959888458,-0.3161787688732147,0.4747995138168335,0.16738441586494446,-0.3134637773036957,0.479269802570343,0.16459378600120544,-0.31359583139419556,0.48380741477012634,0.1618279069662094,-0.3137097954750061,0.46387749910354614,0.17204371094703674,-0.28561529517173767,0.4611917734146118,0.17245322465896606,-0.2856580913066864,0.4587559700012207,0.17270225286483765,-0.28571808338165283,0.49564236402511597,0.15784214437007904,-0.22444377839565277,0.4629348814487457,0.17169766128063202,-0.09246480464935303,0.47841301560401917,0.19878524541854858,-0.27749913930892944,0.4674346148967743,0.200978621840477,-0.23931336402893066,0.5415657162666321,0.24956077337265015,-0.1862257868051529,0.45360609889030457,0.25914084911346436,0.10339280217885971,0.5690373778343201,0.3839402496814728,-0.3944616913795471,0.43962156772613525,0.380484402179718,0.12064871937036514,0.5154181122779846,0.3579712212085724,-0.6675661206245422,0.3859784007072449,0.3566755950450897,-0.13739462196826935,0.49940723180770874,0.3465922176837921,-0.7281789779663086,0.37112361192703247,0.345827579498291,-0.14168956875801086,0.4992647171020508,0.33127933740615845,-0.7046741247177124,0.37102800607681274,0.3319021463394165,-0.17961785197257996,0.5018986463546753,0.3365517556667328,-0.6620199680328369,0.37611886858940125,0.33942732214927673,-0.15441440045833588,0.5004776120185852,0.48575103282928467,-0.10583598911762238,0.45348694920539856,0.4927982687950134,0.10624668002128601,0.42159798741340637,0.5415314435958862,-0.5016496777534485,0.38355982303619385,0.5698565244674683,0.01269450131803751,0.3182002604007721,0.6753941774368286,-0.5814406871795654,0.31310272216796875,0.6798902153968811,0.03429548069834709,0.3123749792575836,0.7124549150466919,-0.5928107500076294,0.31074145436286926,0.7171196937561035,0.03036060556769371,0.24729178845882416,0.6458680033683777,-0.7580426931381226,0.24345141649246216,0.6477800607681274,-0.09811899811029434
leg raises_300181.jpg,0.465490460395813,0.20114772021770477,-0.302699476480484,0.47129175066947937,0.1805984079837799,-0.3055744171142578,0.4751538336277008,0.17760314047336578,-0.3057105839252472,0.4790826141834259,0.17476031184196472,-0.3058249056339264,0.4623439908027649,0.18550477921962738,-0.2785029411315918,0.46017226576805115,0.18575382232666016,-0.27856940031051636,0.4580990672111511,0.18596608936786652,-0.27862629294395447,0.49151137471199036,0.16903071105480194,-0.2371000349521637,0.4635666310787201,0.182084321975708,-0.10695689171552658,0.47637316584587097,0.20934359729290009,-0.2702975273132324,0.46688106656074524,0.2112862914800644,-0.23321518301963806,0.5419908165931702,0.24884885549545288,-0.1982480138540268,0.4520433843135834,0.2583601772785187,0.07428459823131561,0.5637611746788025,0.3790770173072815,-0.39309075474739075,0.4303685128688812,0.3749978840351105,0.12548094987869263,0.5141269564628601,0.35706427693367004,-0.6323232650756836,0.3855708837509155,0.3508639633655548,-0.037282127887010574,0.49718254804611206,0.34518560767173767,-0.6831186413764954,0.3712998628616333,0.3451618254184723,-0.05373944714665413,0.49647435545921326,0.33050253987312317,-0.6690111756324768,0.371907502412796,0.3294012248516083,-0.08915362507104874,0.500483512878418,0.3356155753135681,-0.6290551424026489,0.37484654784202576,0.3306882083415985,-0.05561869218945503,0.49561959505081177,0.4675842225551605,-0.10074379295110703,0.45073604583740234,0.4546710252761841,0.10119570046663284,0.4498368501663208,0.5568103194236755,-0.294348806142807,0.36110255122184753,0.49158769845962524,-0.18183930218219757,0.3680354356765747,0.5637181401252747,-0.25495702028274536,0.2903750538825989,0.44879090785980225,-0.4018726944923401,0.3547152280807495,0.5639596581459045,-0.26342692971229553,0.2802425026893616,0.4699532389640808,-0.4267337918281555,0.3426467180252075,0.5555379390716553,-0.43617966771125793,0.26226022839546204,0.4381566345691681,-0.5525091290473938
leg raises_300191.jpg,0.46450674533843994,0.19840294122695923,-0.16903403401374817,0.4704514741897583,0.17737393081188202,-0.16565348207950592,0.47454437613487244,0.17406542599201202,-0.16575919091701508,0.478916198015213,0.1708628237247467,-0.16589777171611786,0.46074792742729187,0.18283838033676147,-0.13847702741622925,0.45853370428085327,0.18338711559772491,-0.13848905265331268,0.4564685523509979,0.18376487493515015,-0.13850568234920502,0.492834210395813,0.16563138365745544,-0.08380703628063202,0.463092178106308,0.18089830875396729,0.04506389796733856,0.4768156409263611,0.20824292302131653,-0.13351520895957947,0.46725520491600037,0.2105322778224945,-0.09648068249225616,0.5443273186683655,0.24919570982456207,-0.056147556751966476,0.45571330189704895,0.26526322960853577,0.20935942232608795,0.5682153701782227,0.3802551329135895,-0.2111218273639679,0.4360371232032776,0.382149338722229,0.22928336262702942,0.5181863307952881,0.36671721935272217,-0.43454962968826294,0.38031116127967834,0.3596211373806,-0.039453234523534775,0.5014999508857727,0.36381933093070984,-0.4876042306423187,0.3673381507396698,0.34877723455429077,-0.07468119263648987,0.5005798935890198,0.3465905785560608,-0.4794810712337494,0.36794742941856384,0.3312095105648041,-0.11072304844856262,0.5045954585075378,0.34773293137550354,-0.4332861602306366,0.37167075276374817,0.3357802629470825,-0.06228232756257057,0.5035306811332703,0.4711158275604248,-0.1011560782790184,0.4556182324886322,0.45862552523612976,0.101525217294693,0.43003639578819275,0.5860896706581116,-0.38800469040870667,0.3888336420059204,0.5739030838012695,-0.1346890926361084,0.35173410177230835,0.7134028077125549,-0.43408623337745667,0.33702221512794495,0.7739599347114563,-0.21485505998134613,0.3518514037132263,0.7588492631912231,-0.442950576543808,0.3378494679927826,0.8150126338005066,-0.22854359447956085,0.28724193572998047,0.6707615852355957,-0.6082956194877625,0.27406933903694153,0.8077436089515686,-0.3795050084590912
leg raises_300201.jpg,0.4685165286064148,0.19394762814044952,-0.21415217220783234,0.474455863237381,0.17270368337631226,-0.2126413881778717,0.4786965250968933,0.16974475979804993,-0.21279150247573853,0.4830523729324341,0.1668563336133957,-0.21286854147911072,0.46544307470321655,0.17771117389202118,-0.17895455658435822,0.46317461133003235,0.17830687761306763,-0.17884396016597748,0.4610910415649414,0.17871208488941193,-0.17870673537254333,0.4976350665092468,0.16311055421829224,-0.10036128014326096,0.4684017300605774,0.17692437767982483,0.0005755777820013463,0.4806097447872162,0.20482219755649567,-0.16160011291503906,0.4709121286869049,0.20772220194339752,-0.10492300242185593,0.5458959341049194,0.24884364008903503,-0.08014977723360062,0.459215372800827,0.2654535472393036,0.1718604415655136,0.5698091387748718,0.3798663318157196,-0.24220816791057587,0.4405573308467865,0.38266444206237793,0.22283406555652618,0.5197693109512329,0.3654065430164337,-0.5323932766914368,0.3822336792945862,0.3591414988040924,-0.15578797459602356,0.5056173205375671,0.3636101186275482,-0.6059693098068237,0.37002408504486084,0.34365084767341614,-0.202630415558815,0.5021416544914246,0.34543466567993164,-0.6051006317138672,0.37062758207321167,0.3246855139732361,-0.2405126839876175,0.5074381828308105,0.3460979759693146,-0.5367720127105713,0.3744736909866333,0.32917240262031555,-0.18191851675510406,0.5082646608352661,0.5017595887184143,-0.09897419810295105,0.4600060284137726,0.4936429262161255,0.09929756820201874,0.46630537509918213,0.6901794672012329,-0.1281728893518448,0.4421285092830658,0.678604245185852,0.04902691766619682,0.4637456238269806,0.8821123838424683,-0.003475550562143326,0.4419616758823395,0.892602801322937,0.15771277248859406,0.46624913811683655,0.9170793890953064,-0.0012243554228916764,0.4527967572212219,0.9137524366378784,0.15949226915836334,0.4446743130683899,0.9336963295936584,-0.17069652676582336,0.39692047238349915,0.9386423826217651,0.007966321893036366
leg raises_300211.jpg,0.470515638589859,0.19155938923358917,-0.23547153174877167,0.47712442278862,0.17039397358894348,-0.23507846891880035,0.4813675582408905,0.1677371710538864,-0.23519234359264374,0.48565927147865295,0.1650368869304657,-0.23524326086044312,0.46783480048179626,0.17478683590888977,-0.1988072544336319,0.46539604663848877,0.17531682550907135,-0.19867005944252014,0.4630546271800995,0.17573274672031403,-0.198452427983284,0.49781572818756104,0.16155171394348145,-0.10864223539829254,0.46984460949897766,0.17518559098243713,-0.010050489567220211,0.4825415313243866,0.2031201869249344,-0.1792399287223816,0.4720461964607239,0.20575301349163055,-0.11394617706537247,0.550931990146637,0.245372012257576,-0.09881504625082016,0.46371570229530334,0.26283612847328186,0.18163613975048065,0.5794774889945984,0.3790420591831207,-0.26523101329803467,0.441936194896698,0.37915512919425964,0.19483083486557007,0.5376499891281128,0.3650200366973877,-0.5823489427566528,0.3858884274959564,0.35415083169937134,-0.17649537324905396,0.5261602401733398,0.3623552918434143,-0.6559456586837769,0.37307900190353394,0.33796077966690063,-0.22421817481517792,0.5230685472488403,0.343747615814209,-0.6520415544509888,0.37351515889167786,0.3200363516807556,-0.262816846370697,0.5262805819511414,0.34368696808815,-0.5848744511604309,0.37764403223991394,0.32427358627319336,-0.20310841500759125,0.5184282064437866,0.5015196800231934,-0.1075197085738182,0.46957215666770935,0.49786338210105896,0.10769111663103104,0.5146920084953308,0.6991649866104126,-0.1369439661502838,0.473446786403656,0.6827406287193298,0.08350939303636551,0.5154868960380554,0.9095531105995178,-0.05086727812886238,0.48690396547317505,0.8864521384239197,0.17598538100719452,0.5243021249771118,0.9283215999603271,-0.0526883602142334,0.5058075785636902,0.9313726425170898,0.17638348042964935,0.4880923628807068,0.9760254621505737,-0.23619797825813293,0.4499150216579437,0.9496124982833862,0.029964135959744453
leg raises_300221.jpg,0.47725048661231995,0.19021233916282654,-0.2552831768989563,0.4834281802177429,0.16964289546012878,-0.25832968950271606,0.4880189299583435,0.1672009527683258,-0.25848352909088135,0.49284061789512634,0.16445936262607574,-0.25858595967292786,0.47509127855300903,0.1720779985189438,-0.2230696976184845,0.47275957465171814,0.1717977374792099,-0.22299523651599884,0.4705268144607544,0.17147940397262573,-0.22295504808425903,0.5075011253356934,0.16015048325061798,-0.1722695231437683,0.4775233268737793,0.17010466754436493,-0.023026954382658005,0.48849138617515564,0.20213697850704193,-0.21490833163261414,0.4772905111312866,0.20411786437034607,-0.15951718389987946,0.5564605593681335,0.24462246894836426,-0.15671077370643616,0.4701370596885681,0.25985124707221985,0.16981805860996246,0.5882389545440674,0.3781988024711609,-0.34123745560646057,0.4453529417514801,0.3763114809989929,0.21387739479541779,0.5438767671585083,0.36137330532073975,-0.6210752129554749,0.3865039050579071,0.3538321554660797,-0.07696835696697235,0.5302969217300415,0.3558710217475891,-0.6917796730995178,0.3734038770198822,0.3380759060382843,-0.11654097586870193,0.5279033780097961,0.3374878168106079,-0.6875124573707581,0.3746170103549957,0.31988704204559326,-0.16398672759532928,0.5311235785484314,0.33825603127479553,-0.6226590275764465,0.37917831540107727,0.3241174817085266,-0.10563018172979355,0.5170135498046875,0.4997726082801819,-0.11372698843479156,0.46960848569869995,0.4956572353839874,0.11401950567960739,0.481755793094635,0.6821780800819397,-0.16793720424175262,0.4647698402404785,0.6662816405296326,0.01363301184028387,0.4371102750301361,0.8841485977172852,-0.09816964715719223,0.44745561480522156,0.8728627562522888,0.059849806129932404,0.44227010011672974,0.9171072840690613,-0.0977398008108139,0.44630858302116394,0.9100180864334106,0.056284189224243164,0.37699460983276367,0.9471407532691956,-0.2507232427597046,0.3638654053211212,0.9116206765174866,-0.09856872260570526
leg raises_300231.jpg,0.48712942004203796,0.17503921687602997,-0.44508838653564453,0.49453648924827576,0.15548348426818848,-0.4318251609802246,0.49957937002182007,0.15373560786247253,-0.43196070194244385,0.5049541592597961,0.1514725387096405,-0.43205562233924866,0.48400816321372986,0.15751616656780243,-0.41080397367477417,0.48150280117988586,0.15744510293006897,-0.41094908118247986,0.478705495595932,0.15741828083992004,-0.41099491715431213,0.5197631120681763,0.14941011369228363,-0.30029571056365967,0.48400241136550903,0.1575852781534195,-0.19909469783306122,0.4994858503341675,0.18865591287612915,-0.39157968759536743,0.48428604006767273,0.19162847101688385,-0.3621079623699188,0.5650119781494141,0.23979416489601135,-0.21952973306179047,0.47080355882644653,0.24759356677532196,-0.020247995853424072,0.5903633832931519,0.36867043375968933,-0.4176320731639862,0.44520682096481323,0.3686125874519348,-0.07450130581855774,0.5482653975486755,0.3560442626476288,-0.6914968490600586,0.3945727050304413,0.352918803691864,-0.3859080672264099,0.5363982319831848,0.35296911001205444,-0.7484186291694641,0.37928658723831177,0.3368576467037201,-0.42878711223602295,0.5349290370941162,0.3347490429878235,-0.7405742406845093,0.37910452485084534,0.31907591223716736,-0.45938408374786377,0.5375984311103821,0.33493244647979736,-0.6913710236549377,0.384621262550354,0.3226989209651947,-0.40568238496780396,0.5167735815048218,0.47261837124824524,-0.07861711829900742,0.4651634395122528,0.4577420949935913,0.078901506960392,0.4597952663898468,0.4916733205318451,-0.3819825053215027,0.4043894112110138,0.504837155342102,-0.2607015371322632,0.34596219658851624,0.5146196484565735,-0.5072047710418701,0.3195374608039856,0.4862782657146454,-0.48313963413238525,0.33538684248924255,0.5400350093841553,-0.5218691229820251,0.2902182340621948,0.5496162176132202,-0.5087704062461853,0.35167381167411804,0.5334926843643188,-0.6772117614746094,0.28627723455429077,0.40645015239715576,-0.6483985185623169
leg raises_300241.jpg,0.4879048764705658,0.1522011160850525,-0.2772608697414398,0.49623095989227295,0.1365448236465454,-0.28567880392074585,0.5007027983665466,0.13598887622356415,-0.2857404947280884,0.5055726170539856,0.13536569476127625,-0.28570523858070374,0.487476646900177,0.1365664303302765,-0.24382679164409637,0.4855214059352875,0.1360049992799759,-0.2439376562833786,0.48363202810287476,0.13540613651275635,-0.24403832852840424,0.5212006568908691,0.13863998651504517,-0.23708245158195496,0.4914702773094177,0.14080309867858887,-0.09276456385850906,0.498958021402359,0.16805170476436615,-0.2858937084674835,0.4858314096927643,0.1672947108745575,-0.22005151212215424,0.5676298141479492,0.2356673628091812,-0.22541466355323792,0.47355109453201294,0.24574340879917145,0.062193386256694794,0.5940669775009155,0.36489731073379517,-0.4326724708080292,0.44806328415870667,0.3656838834285736,0.056289490312337875,0.5516299605369568,0.34607604146003723,-0.6793738007545471,0.3952953517436981,0.3528679609298706,-0.24731840193271637,0.5409490466117859,0.34093695878982544,-0.7449330687522888,0.380251407623291,0.33711937069892883,-0.3860926628112793,0.5376237630844116,0.3241545855998993,-0.7266668677330017,0.38088443875312805,0.3194938004016876,-0.43614429235458374,0.539866030216217,0.32629385590553284,-0.6754255294799805,0.3862065076828003,0.32298409938812256,-0.2746095061302185,0.5211825966835022,0.4718572497367859,-0.10358665138483047,0.4672089219093323,0.4634857475757599,0.10392030328512192,0.45322465896606445,0.5270698070526123,-0.4959057569503784,0.41319239139556885,0.5335615873336792,0.052514173090457916,0.3590492010116577,0.6601266860961914,-0.5336024165153503,0.34598439931869507,0.6497893929481506,0.15087288618087769,0.35054245591163635,0.6920228600502014,-0.5413000583648682,0.34136655926704407,0.6906770467758179,0.15434081852436066,0.2988424003124237,0.6353194117546082,-0.7025378346443176,0.28927966952323914,0.6200054287910461,0.04011250287294388
leg raises_300251.jpg,0.4924354553222656,0.1315268576145172,-0.23425473272800446,0.5015949606895447,0.11650868505239487,-0.22901229560375214,0.5059584379196167,0.11648616939783096,-0.22913208603858948,0.5107302069664001,0.11641708761453629,-0.22916214168071747,0.4943135976791382,0.11642898619174957,-0.20280946791172028,0.4929178059101105,0.11640766263008118,-0.2028103470802307,0.4914339780807495,0.11636224389076233,-0.20278392732143402,0.525795042514801,0.12603537738323212,-0.13893522322177887,0.4976942241191864,0.126103475689888,-0.027805864810943604,0.500604510307312,0.150783970952034,-0.20229600369930267,0.48973408341407776,0.14973774552345276,-0.16712163388729095,0.567438542842865,0.23238924145698547,-0.14622291922569275,0.4752811789512634,0.24501432478427887,0.15487506985664368,0.596749484539032,0.36455482244491577,-0.31150874495506287,0.45129647850990295,0.3658832609653473,0.12079919129610062,0.5513209700584412,0.34396424889564514,-0.5851739048957825,0.3960273563861847,0.3513563871383667,-0.19876156747341156,0.5389498472213745,0.33766746520996094,-0.6550433039665222,0.38151103258132935,0.33652812242507935,-0.26112478971481323,0.535713255405426,0.31905990839004517,-0.6560903787612915,0.38261598348617554,0.318587988615036,-0.30333054065704346,0.5381483435630798,0.3203910291194916,-0.5879660844802856,0.38806241750717163,0.3219463527202606,-0.22359976172447205,0.5263965725898743,0.48525428771972656,-0.1061493456363678,0.47775256633758545,0.4827735126018524,0.10628267377614975,0.48601895570755005,0.6857476830482483,-0.11666914075613022,0.45415452122688293,0.6700708866119385,0.10601828992366791,0.47348663210868835,0.8844096660614014,0.00012368799070827663,0.4520775377750397,0.880172073841095,0.21575497090816498,0.48012012243270874,0.9164530634880066,0.0018492450471967459,0.46455204486846924,0.9090601801872253,0.21636821329593658,0.4314323961734772,0.9546018838882446,-0.161900594830513,0.4096781015396118,0.9424436092376709,0.07536277920007706
leg raises_300261.jpg,0.49802523851394653,0.12068680673837662,-0.24929383397102356,0.5075333118438721,0.1058991551399231,-0.23877593874931335,0.5118991136550903,0.1062920019030571,-0.23891417682170868,0.5167900323867798,0.10679139941930771,-0.2389611452817917,0.49927836656570435,0.10599593818187714,-0.2167792171239853,0.4977237582206726,0.10640526562929153,-0.21677199006080627,0.49616047739982605,0.1067684143781662,-0.21672748029232025,0.5299297571182251,0.12176933139562607,-0.12665075063705444,0.4993371367454529,0.12200935930013657,-0.03349284455180168,0.5051342248916626,0.1414472609758377,-0.20929983258247375,0.49422937631607056,0.1401536762714386,-0.17935380339622498,0.5670310854911804,0.23039427399635315,-0.12996987998485565,0.4762051999568939,0.24422167241573334,0.1463060975074768,0.5952991843223572,0.3596654534339905,-0.2900724709033966,0.45239344239234924,0.36517220735549927,0.1186351478099823,0.551052987575531,0.34297874569892883,-0.5710460543632507,0.3977089524269104,0.3511641323566437,-0.19862988591194153,0.5385739803314209,0.33493325114250183,-0.6425577402114868,0.3832484185695648,0.33647045493125916,-0.2497057467699051,0.5352469086647034,0.31802964210510254,-0.6440649628639221,0.3840864300727844,0.3186424970626831,-0.28823909163475037,0.537742018699646,0.31971612572669983,-0.5750705599784851,0.3892723619937897,0.3219953775405884,-0.2237432599067688,0.5315259099006653,0.4883155822753906,-0.10546579211950302,0.48158714175224304,0.48739081621170044,0.10588138550519943,0.5174843668937683,0.6980447769165039,-0.08602581173181534,0.4809144139289856,0.6782792806625366,0.1119144931435585,0.5213077068328857,0.8957765102386475,0.04475230723619461,0.49578800797462463,0.8796815872192383,0.2438947558403015,0.5274470448493958,0.9189818501472473,0.048219986259937286,0.5151751041412354,0.9145079851150513,0.24775876104831696,0.4985017478466034,0.9659397602081299,-0.12136535346508026,0.47311991453170776,0.9455152750015259,0.10534854978322983
leg raises_300271.jpg,0.5079623460769653,0.12617097795009613,-0.3065233528614044,0.5176826119422913,0.11103750765323639,-0.2879561483860016,0.5223666429519653,0.11135952174663544,-0.288119912147522,0.5272064805030823,0.11169834434986115,-0.288202702999115,0.5073623657226562,0.11111462116241455,-0.26727914810180664,0.5047724843025208,0.11149999499320984,-0.2672576606273651,0.5021777749061584,0.11196909099817276,-0.2672184109687805,0.5377152562141418,0.12388907372951508,-0.12746451795101166,0.5045894980430603,0.12387323379516602,-0.061921846121549606,0.5154183506965637,0.14631029963493347,-0.2571924924850464,0.5025108456611633,0.14568470418453217,-0.22997638583183289,0.5680015087127686,0.23084640502929688,-0.15867453813552856,0.4810565114021301,0.24418899416923523,0.14195682108402252,0.5982529520988464,0.35979950428009033,-0.3117063641548157,0.45484569668769836,0.362427681684494,0.1392088681459427,0.5566967725753784,0.3421303331851959,-0.5998938083648682,0.4006475806236267,0.34405580163002014,-0.19322361052036285,0.5457264184951782,0.3351978361606598,-0.6745498776435852,0.3864741921424866,0.33289024233818054,-0.23839494585990906,0.5419368147850037,0.31868869066238403,-0.674854576587677,0.38709551095962524,0.31647977232933044,-0.27131685614585876,0.5449102520942688,0.32051780819892883,-0.6045064926147461,0.39239999651908875,0.31981632113456726,-0.21386787295341492,0.5304080843925476,0.4842953085899353,-0.11838532239198685,0.484102725982666,0.4838542938232422,0.11858231574296951,0.48758819699287415,0.6801607012748718,-0.145939439535141,0.4673195481300354,0.659483015537262,0.05257778987288475,0.44612136483192444,0.8667208552360535,-0.07261160761117935,0.47420796751976013,0.8551735877990723,0.11761549860239029,0.45489439368247986,0.8962255120277405,-0.07263985276222229,0.4792596101760864,0.8856986165046692,0.11461565643548965,0.3804946541786194,0.9313840866088867,-0.23922032117843628,0.37601807713508606,0.8921561241149902,-0.026772646233439445
leg raises_300281.jpg,0.5065615177154541,0.13191808760166168,-0.45356741547584534,0.5151211023330688,0.11549557745456696,-0.4436781704425812,0.5196601748466492,0.11541542410850525,-0.44384196400642395,0.5243284106254578,0.1155058890581131,-0.44398942589759827,0.50593101978302,0.11711642891168594,-0.41761305928230286,0.5037362575531006,0.11770015209913254,-0.41768091917037964,0.5017486810684204,0.11826897412538528,-0.4175983667373657,0.5374146103858948,0.1263037770986557,-0.32478949427604675,0.5079037547111511,0.12799741327762604,-0.20444636046886444,0.5150521993637085,0.1521514356136322,-0.406234472990036,0.5033339858055115,0.15219129621982574,-0.37139052152633667,0.5774513483047485,0.22996383905410767,-0.2582741975784302,0.48479512333869934,0.23474925756454468,-0.030199307948350906,0.6021670699119568,0.3578979969024658,-0.495552122592926,0.4561461806297302,0.3547770082950592,-0.1269211769104004,0.5580301284790039,0.3374694287776947,-0.7785464525222778,0.41344115138053894,0.3354647755622864,-0.5036174654960632,0.5456199645996094,0.32999587059020996,-0.8412494659423828,0.39884451031684875,0.32572412490844727,-0.5629589557647705,0.5432685613632202,0.31427276134490967,-0.8331383466720581,0.3982461094856262,0.31194108724594116,-0.5896403789520264,0.546197772026062,0.31590697169303894,-0.7782801389694214,0.40393659472465515,0.31446507573127747,-0.5249066948890686,0.529853880405426,0.467098206281662,-0.06406345963478088,0.48080816864967346,0.45553717017173767,0.06421755999326706,0.5082007050514221,0.6226249933242798,-0.05239950865507126,0.42827996611595154,0.4593263864517212,-0.5235022306442261,0.5057331323623657,0.7477836608886719,0.03257620707154274,0.34933358430862427,0.4549866020679474,-0.8131089806556702,0.5023577213287354,0.7731176018714905,0.03174244984984398,0.3383348286151886,0.4960048198699951,-0.8470060229301453,0.5027062892913818,0.7664403319358826,-0.11931268870830536,0.29655709862709045,0.3665905296802521,-1.0258561372756958
leg raises_300291.jpg,0.5057211518287659,0.15148699283599854,-0.43589359521865845,0.5137858986854553,0.13377602398395538,-0.42872416973114014,0.5182632803916931,0.13247975707054138,-0.42886316776275635,0.5230676531791687,0.13041545450687408,-0.42900750041007996,0.5042827725410461,0.13585075736045837,-0.4056571424007416,0.5021780133247375,0.13585543632507324,-0.4057632386684418,0.500082790851593,0.1357574760913849,-0.4057602286338806,0.5367385745048523,0.13009776175022125,-0.3154796361923218,0.5058444142341614,0.13656534254550934,-0.2048516869544983,0.5162770748138428,0.16567128896713257,-0.3880751430988312,0.5033378005027771,0.16862280666828156,-0.356096088886261,0.5814943313598633,0.22802379727363586,-0.25492197275161743,0.48641034960746765,0.23246850073337555,-0.016857819631695747,0.6079654693603516,0.3574379086494446,-0.4843418300151825,0.4570756256580353,0.3544574975967407,-0.07737776637077332,0.5604127645492554,0.334739625453949,-0.7559601068496704,0.4149538278579712,0.33446455001831055,-0.40484559535980225,0.5480145812034607,0.32794031500816345,-0.8220375776290894,0.4002762734889984,0.32370761036872864,-0.446898877620697,0.5471183061599731,0.31198254227638245,-0.8037102818489075,0.40077444911003113,0.30847734212875366,-0.4791746437549591,0.5496933460235596,0.3134154975414276,-0.7527946829795837,0.4063536822795868,0.31099364161491394,-0.4263390898704529,0.5340613126754761,0.4584276080131531,-0.08201491832733154,0.4803805947303772,0.44864165782928467,0.08243142068386078,0.47154563665390015,0.4782142639160156,-0.4660959839820862,0.4277496933937073,0.461257666349411,-0.19509801268577576,0.3596102297306061,0.5592854022979736,-0.6702994704246521,0.34429559111595154,0.5406705737113953,-0.30083152651786804,0.3483123481273651,0.5956211686134338,-0.6958251595497131,0.3370923399925232,0.5814101099967957,-0.3186613917350769,0.30924370884895325,0.49063220620155334,-0.8433790802955627,0.2946549355983734,0.47196078300476074,-0.4350169897079468
leg raises_300301.jpg,0.5062652826309204,0.15474402904510498,-0.30870530009269714,0.5137180685997009,0.13660134375095367,-0.3126339912414551,0.5183854103088379,0.134482279419899,-0.3127770721912384,0.5233283638954163,0.13173948228359222,-0.3128664195537567,0.5041775107383728,0.1388392299413681,-0.28032809495925903,0.50203937292099,0.1383466273546219,-0.2803177237510681,0.4998324513435364,0.13777340948581696,-0.2803440988063812,0.5375047922134399,0.13010923564434052,-0.22749164700508118,0.5057563185691833,0.1367611289024353,-0.0756038948893547,0.5174948573112488,0.16704007983207703,-0.2673688232898712,0.5043477416038513,0.1707955002784729,-0.22558824717998505,0.5852271318435669,0.22376824915409088,-0.19607383012771606,0.49399349093437195,0.23188607394695282,0.14474086463451385,0.6134128570556641,0.3556528389453888,-0.4008848965167999,0.466293603181839,0.3495400846004486,0.14668861031532288,0.5656951069831848,0.33033549785614014,-0.6895301938056946,0.4161559045314789,0.33016344904899597,-0.17031724750995636,0.5534824728965759,0.3227299153804779,-0.7515571117401123,0.4020504057407379,0.31893208622932434,-0.207945317029953,0.552470326423645,0.30546244978904724,-0.7410910129547119,0.40350013971328735,0.3010144531726837,-0.24948003888130188,0.5549443960189819,0.30783718824386597,-0.6883235573768616,0.4092114567756653,0.3046722114086151,-0.1962176412343979,0.5405598282814026,0.4608350396156311,-0.10995210707187653,0.49606648087501526,0.45110952854156494,0.11014187335968018,0.4815675616264343,0.6213480234146118,-0.21905355155467987,0.4643491804599762,0.6227520704269409,0.07237931340932846,0.43997722864151,0.8475472331047058,-0.17836636304855347,0.4534819722175598,0.8429632186889648,0.1330467313528061,0.46078985929489136,0.8777086138725281,-0.18315939605236053,0.46497729420661926,0.8744778037071228,0.13074257969856262,0.36632201075553894,0.9126432538032532,-0.34874045848846436,0.4154528081417084,0.917241096496582,-0.009510692209005356
leg raises_300311.jpg,0.5097435712814331,0.1573888212442398,-0.24124912917613983,0.5168688297271729,0.1381365954875946,-0.23555892705917358,0.5218223929405212,0.13572904467582703,-0.23568376898765564,0.526742160320282,0.1327401101589203,-0.23575982451438904,0.5060181617736816,0.1411474049091339,-0.20989452302455902,0.5035130977630615,0.1408892571926117,-0.2098865509033203,0.5008559226989746,0.14052198827266693,-0.20981630682945251,0.5394428372383118,0.13048633933067322,-0.12389671802520752,0.5053978562355042,0.1379583477973938,-0.004921802785247564,0.5216702222824097,0.16865818202495575,-0.1936137080192566,0.506870448589325,0.17403638362884521,-0.1598060429096222,0.5857045650482178,0.22236940264701843,-0.10097162425518036,0.49447399377822876,0.22997164726257324,0.2008238434791565,0.6140642762184143,0.3558769226074219,-0.27343910932540894,0.46887943148612976,0.34740307927131653,0.14649473130702972,0.5679782629013062,0.3307254910469055,-0.5657533407211304,0.41524437069892883,0.32530421018600464,-0.19840113818645477,0.5568419694900513,0.32381290197372437,-0.6374338269233704,0.402011901140213,0.3127552568912506,-0.23150064051151276,0.5551659464836121,0.306575745344162,-0.6333901286125183,0.40336981415748596,0.2963081896305084,-0.27762535214424133,0.5577899813652039,0.3087354302406311,-0.5680466294288635,0.4086241126060486,0.3003326952457428,-0.22334884107112885,0.5478212237358093,0.46775177121162415,-0.11042416840791702,0.4995381534099579,0.46453338861465454,0.11057355999946594,0.5276910066604614,0.6763350367546082,-0.12714116275310516,0.48951539397239685,0.6669943332672119,0.1047896295785904,0.5262040495872498,0.8786642551422119,0.009701807983219624,0.4990410804748535,0.8700408935546875,0.23293636739253998,0.5360603928565979,0.9014542698860168,0.013701639138162136,0.5109542608261108,0.8967903256416321,0.23650404810905457,0.49055004119873047,0.9604785442352295,-0.1624237447977066,0.4654238522052765,0.9351516962051392,0.0882452204823494
leg raises_400001.jpg,0.5017093420028687,0.1799224615097046,-0.3910887539386749,0.5093916654586792,0.16180957853794098,-0.38152047991752625,0.5135936141014099,0.16026069223880768,-0.3816555142402649,0.5181542038917542,0.15824057161808014,-0.3817828595638275,0.5009669661521912,0.16340334713459015,-0.35403910279273987,0.4991355538368225,0.16301509737968445,-0.3540668189525604,0.49739256501197815,0.16235804557800293,-0.3540501594543457,0.5336723327636719,0.15687140822410583,-0.2658332586288452,0.5048421621322632,0.16119426488876343,-0.13909944891929626,0.5122030973434448,0.19308879971504211,-0.3451034426689148,0.5025125741958618,0.1948430985212326,-0.3084709346294403,0.5674912929534912,0.24336937069892883,-0.2396845668554306,0.49007904529571533,0.24951797723770142,0.061842672526836395,0.5840928554534912,0.3702049255371094,-0.4320312440395355,0.46868476271629333,0.3652479350566864,0.057226065546274185,0.5360041856765747,0.3652664124965668,-0.7034937739372253,0.41420069336891174,0.35490089654922485,-0.2609671652317047,0.5208821892738342,0.36236101388931274,-0.7815790176391602,0.40087395906448364,0.35174864530563354,-0.2985866367816925,0.518988847732544,0.3486722707748413,-0.7681604027748108,0.4030756950378418,0.34090369939804077,-0.3480089008808136,0.5218104124069214,0.34888315200805664,-0.7024837136268616,0.40799686312675476,0.34284672141075134,-0.2891448140144348,0.5286781787872314,0.4747897684574127,-0.10872557014226913,0.4807770848274231,0.46768760681152344,0.10889270901679993,0.47116348147392273,0.6213082075119019,-0.3611735999584198,0.4145347774028778,0.6114680767059326,0.0336039774119854,0.410889208316803,0.7919228672981262,-0.24857111275196075,0.3820781409740448,0.7735857367515564,0.21892228722572327,0.4179003834724426,0.8384944200515747,-0.24555008113384247,0.3857434391975403,0.7993555665016174,0.23089267313480377,0.38056161999702454,0.8364611864089966,-0.416347473859787,0.33774372935295105,0.8038880228996277,0.1006779670715332
leg raises_400011.jpg,0.5000540614128113,0.17548498511314392,-0.3080774247646332,0.508608877658844,0.1587328016757965,-0.30147966742515564,0.5125328302383423,0.15776489675045013,-0.30165380239486694,0.5167587995529175,0.15679720044136047,-0.30176687240600586,0.5008745789527893,0.1594865471124649,-0.27284732460975647,0.49904727935791016,0.1590498834848404,-0.2728525400161743,0.497190922498703,0.15850752592086792,-0.2728787958621979,0.5321420431137085,0.15981219708919525,-0.21947495639324188,0.5046800374984741,0.16005145013332367,-0.0865756943821907,0.5086523294448853,0.19054660201072693,-0.2753759026527405,0.5008652806282043,0.19127142429351807,-0.23813462257385254,0.5620997548103333,0.2529907822608948,-0.2020723670721054,0.4867372214794159,0.2587418258190155,0.08265791833400726,0.5764472484588623,0.3799331784248352,-0.39769938588142395,0.4673977494239807,0.37540876865386963,0.06433819979429245,0.5320591926574707,0.3729865550994873,-0.6003976464271545,0.4135745167732239,0.3682893216609955,-0.25032535195350647,0.5141748189926147,0.369937926530838,-0.6679078936576843,0.4003978371620178,0.3651222586631775,-0.2936505973339081,0.5116932392120361,0.35668012499809265,-0.6574985384941101,0.40173014998435974,0.3525473475456238,-0.3359014093875885,0.5157088041305542,0.3562621772289276,-0.5987497568130493,0.40678033232688904,0.35398566722869873,-0.27694135904312134,0.5285212397575378,0.49861940741539,-0.10790548473596573,0.4804810881614685,0.4919002950191498,0.1080692857503891,0.49363210797309875,0.6643469929695129,-0.16326075792312622,0.45426931977272034,0.6605772376060486,0.03738543018698692,0.4967086911201477,0.8515983819961548,-0.03414390981197357,0.4782170057296753,0.8476121425628662,0.17709662020206451,0.5041927695274353,0.8810403347015381,-0.03000671975314617,0.48832497000694275,0.8799759745597839,0.18254832923412323,0.48012155294418335,0.8949472308158875,-0.18028639256954193,0.43735307455062866,0.893941342830658,0.046246714890003204
leg raises_400021.jpg,0.49957337975502014,0.17272266745567322,-0.250465989112854,0.5085963010787964,0.15564551949501038,-0.25510236620903015,0.5124248266220093,0.155182346701622,-0.2552524209022522,0.5163840055465698,0.15497228503227234,-0.2553425431251526,0.5017256140708923,0.1563885658979416,-0.22190363705158234,0.5006095767021179,0.15607689321041107,-0.2219099998474121,0.4995989203453064,0.15568891167640686,-0.2219681441783905,0.5317639112472534,0.16305355727672577,-0.21089830994606018,0.5080415606498718,0.15946988761425018,-0.06944865733385086,0.5062962174415588,0.18772919476032257,-0.23441877961158752,0.4998761713504791,0.18856389820575714,-0.19135262072086334,0.5581180453300476,0.25596725940704346,-0.22985795140266418,0.4850701689720154,0.2617628574371338,0.09569109976291656,0.5746940970420837,0.38143277168273926,-0.401914119720459,0.46621066331863403,0.37836694717407227,0.09991076588630676,0.5282930731773376,0.3757243752479553,-0.600990355014801,0.4128461480140686,0.37108150124549866,-0.15018261969089508,0.5111429691314697,0.3723612129688263,-0.6671684980392456,0.3997032344341278,0.3648799955844879,-0.186624214053154,0.507887065410614,0.35761404037475586,-0.6541348099708557,0.4004303812980652,0.351855993270874,-0.2259519249200821,0.5112469792366028,0.3575569987297058,-0.5989525318145752,0.4047921299934387,0.35504278540611267,-0.17516984045505524,0.5172470808029175,0.4973183572292328,-0.11004657298326492,0.4733783006668091,0.4902903735637665,0.11025587469339371,0.45753738284111023,0.638697624206543,-0.16290441155433655,0.414627343416214,0.6435736417770386,0.027899162843823433,0.40207237005233765,0.8134016394615173,-0.0338241271674633,0.40126001834869385,0.832366943359375,0.14202876389026642,0.40125879645347595,0.8433480262756348,-0.02817850187420845,0.400088906288147,0.8719227910041809,0.14893142879009247,0.3637671172618866,0.8488826155662537,-0.16600379347801208,0.3630291521549225,0.8612229824066162,0.02154615707695484
leg raises_400031.jpg,0.49962571263313293,0.1717585325241089,-0.2685653865337372,0.5090829133987427,0.15408213436603546,-0.26710498332977295,0.5128777623176575,0.15323974192142487,-0.2673003077507019,0.5170005559921265,0.15282225608825684,-0.2673603594303131,0.5027004480361938,0.15594175457954407,-0.2349226325750351,0.5017009973526001,0.1552087515592575,-0.2350006103515625,0.5007901787757874,0.1543799638748169,-0.2350863814353943,0.5322172045707703,0.16121843457221985,-0.2178848385810852,0.5093079209327698,0.15801535546779633,-0.09640650451183319,0.5062506198883057,0.18641021847724915,-0.24423322081565857,0.4998151361942291,0.18681952357292175,-0.20850852131843567,0.5528709292411804,0.2565560042858124,-0.2314094752073288,0.4851459264755249,0.2592069208621979,0.07449348270893097,0.5641005635261536,0.3795570731163025,-0.2723950147628784,0.46561291813850403,0.3535267412662506,0.0910128578543663,0.5227880477905273,0.3863643705844879,-0.29276320338249207,0.43426215648651123,0.3659747540950775,-0.13698622584342957,0.5056985020637512,0.38526636362075806,-0.3224351704120636,0.42677122354507446,0.36333584785461426,-0.15368705987930298,0.5053174495697021,0.36723119020462036,-0.31303897500038147,0.4234721064567566,0.35091453790664673,-0.1902991235256195,0.509207010269165,0.365416556596756,-0.2870291471481323,0.42745324969291687,0.3516700863838196,-0.15829303860664368,0.517217218875885,0.47959116101264954,-0.10016216337680817,0.4744155704975128,0.4631198048591614,0.10045614838600159,0.4585798978805542,0.5361833572387695,-0.1603270322084427,0.3742475211620331,0.3726598918437958,0.04621534049510956,0.4795264005661011,0.6254256367683411,0.006170322187244892,0.31963327527046204,0.32988932728767395,0.03211401030421257,0.4799068868160248,0.6352905631065369,0.021814871579408646,0.3116452991962433,0.33837512135505676,0.02852974459528923,0.4753648340702057,0.6474366188049316,-0.036037709563970566,0.29618093371391296,0.2748369872570038,-0.019360700622200966
leg raises_400041.jpg,0.49985113739967346,0.17051079869270325,-0.270551860332489,0.5098541975021362,0.15438702702522278,-0.26600906252861023,0.5135548114776611,0.15444543957710266,-0.2661665976047516,0.5178089737892151,0.1548464298248291,-0.2662600576877594,0.5033005475997925,0.15465396642684937,-0.2355872094631195,0.50227952003479,0.15402311086654663,-0.2356489598751068,0.5012925863265991,0.15330250561237335,-0.2356625348329544,0.5324372053146362,0.1647275984287262,-0.2062852680683136,0.5092840790748596,0.15919089317321777,-0.06471642106771469,0.5063468813896179,0.1862010806798935,-0.243337020277977,0.4996839165687561,0.18582630157470703,-0.20449720323085785,0.5552568435668945,0.2596697211265564,-0.21533988416194916,0.48333728313446045,0.2658282220363617,0.12623880803585052,0.5701013803482056,0.38401544094085693,-0.3862305283546448,0.46409833431243896,0.37622231245040894,0.17241069674491882,0.5250527262687683,0.3820176124572754,-0.5875060558319092,0.4306689202785492,0.3747721314430237,-0.06805362552404404,0.5080661773681641,0.38001424074172974,-0.6417721509933472,0.41550061106681824,0.372437059879303,-0.09016130119562149,0.5060531497001648,0.3647315502166748,-0.6189256310462952,0.41169941425323486,0.35889193415641785,-0.13093100488185883,0.509859025478363,0.3633556663990021,-0.5804809927940369,0.41719162464141846,0.36100178956985474,-0.09152110666036606,0.5146169066429138,0.4803595542907715,-0.11483874171972275,0.46932703256607056,0.46551141142845154,0.115079365670681,0.4574420154094696,0.5234835147857666,-0.42045101523399353,0.4001263678073883,0.5021334886550903,-0.09535901248455048,0.3490639626979828,0.6005672812461853,-0.5788444876670837,0.33449432253837585,0.5721754431724548,-0.2333362102508545,0.3384357690811157,0.6345698237419128,-0.5983510613441467,0.32132041454315186,0.603355884552002,-0.25147321820259094,0.2919636070728302,0.5778210163116455,-0.7325451970100403,0.28945592045783997,0.5021935105323792,-0.343707412481308
leg raises_400051.jpg,0.5037510991096497,0.17447429895401,-0.27575623989105225,0.5141618251800537,0.15961956977844238,-0.27040204405784607,0.5180649757385254,0.16005830466747284,-0.2705628573894501,0.5221019387245178,0.1606287956237793,-0.2706664204597473,0.5072869062423706,0.15837925672531128,-0.24231694638729095,0.5061032772064209,0.15746952593326569,-0.24235032498836517,0.5051042437553406,0.15653006732463837,-0.24234992265701294,0.5351832509040833,0.17008976638317108,-0.17467376589775085,0.5123541355133057,0.16344831883907318,-0.059181950986385345,0.5095608234405518,0.19087259471416473,-0.24219611287117004,0.5018177628517151,0.18950457870960236,-0.20725397765636444,0.5568761229515076,0.2651078701019287,-0.18453675508499146,0.48496848344802856,0.27213695645332336,0.13918058574199677,0.5726264715194702,0.3887196481227875,-0.3502639830112457,0.4644182026386261,0.38715308904647827,0.136707603931427,0.5286146402359009,0.38661113381385803,-0.581630527973175,0.42564985156059265,0.37834709882736206,-0.14740875363349915,0.5121404528617859,0.3857559263706207,-0.6457875967025757,0.4115388095378876,0.3745098412036896,-0.1980123668909073,0.5103979110717773,0.3684855103492737,-0.6396392583847046,0.40952157974243164,0.3610583543777466,-0.24646422266960144,0.5139981508255005,0.36780494451522827,-0.5805220007896423,0.4143678843975067,0.36312195658683777,-0.18041829764842987,0.5165585279464722,0.5182920098304749,-0.11308498680591583,0.4713161885738373,0.5124871730804443,0.11335346847772598,0.4877600073814392,0.6906937956809998,-0.17045974731445312,0.456153929233551,0.6781017780303955,0.05069555714726448,0.4843963086605072,0.8820814490318298,-0.11525990813970566,0.4587526321411133,0.8662372827529907,0.18376480042934418,0.493242472410202,0.9126393795013428,-0.12148439139127731,0.4658118784427643,0.8970901370048523,0.18746891617774963,0.4616914689540863,0.9093138575553894,-0.29574015736579895,0.40398919582366943,0.9042959213256836,0.053101763129234314
leg raises_400061.jpg,0.5119464993476868,0.17748337984085083,-0.29053813219070435,0.5224482417106628,0.16361114382743835,-0.2751440405845642,0.526600182056427,0.16448333859443665,-0.27532491087913513,0.5308609008789062,0.1652805209159851,-0.2754204571247101,0.5141238570213318,0.16098828613758087,-0.25277993083000183,0.5122821927070618,0.15986821055412292,-0.2527638077735901,0.510614812374115,0.15879559516906738,-0.2527409791946411,0.5412753820419312,0.17507661879062653,-0.16710259020328522,0.5162793397903442,0.16624340415000916,-0.06127748638391495,0.5176552534103394,0.1953197717666626,-0.24396413564682007,0.5074323415756226,0.1927139014005661,-0.21566541492938995,0.5593885779380798,0.2729942798614502,-0.1808764636516571,0.4886516332626343,0.2743092179298401,0.1496288925409317,0.5745845437049866,0.39679646492004395,-0.3530776798725128,0.46527302265167236,0.39137449860572815,0.15755490958690643,0.5348218083381653,0.39079946279525757,-0.6372233033180237,0.4239986836910248,0.3837893307209015,-0.1332094520330429,0.521056056022644,0.3911740481853485,-0.7115085124969482,0.4097868502140045,0.3780673146247864,-0.17220143973827362,0.5188465714454651,0.3697986602783203,-0.7120214104652405,0.40800485014915466,0.36398908495903015,-0.2161000519990921,0.5215433239936829,0.36859604716300964,-0.6414517760276794,0.41265788674354553,0.3670249581336975,-0.15988288819789886,0.5176949501037598,0.5289422273635864,-0.12211403995752335,0.47587186098098755,0.5180368423461914,0.12222525477409363,0.48432889580726624,0.7120978236198425,-0.15066346526145935,0.46566352248191833,0.6874284148216248,0.15600773692131042,0.47138482332229614,0.914165735244751,-0.10065240412950516,0.47163331508636475,0.8806362748146057,0.2690814435482025,0.49083754420280457,0.9496998190879822,-0.10817138105630875,0.47822389006614685,0.9242033958435059,0.27173325419425964,0.40845221281051636,0.9466701745986938,-0.2776898443698883,0.414028137922287,0.9240702390670776,0.15568086504936218
leg raises_400071.jpg,0.514660120010376,0.1812737137079239,-0.24550728499889374,0.524816632270813,0.16700229048728943,-0.22746708989143372,0.5289924740791321,0.16776452958583832,-0.22760267555713654,0.5333058834075928,0.16831135749816895,-0.22764325141906738,0.5162703394889832,0.16447316110134125,-0.2093297392129898,0.514383852481842,0.16352097690105438,-0.2094450443983078,0.5125939249992371,0.16257314383983612,-0.20946264266967773,0.5442025661468506,0.17607641220092773,-0.10574934631586075,0.5185169577598572,0.16877388954162598,-0.02444145642220974,0.5207809209823608,0.19835571944713593,-0.19813905656337738,0.5102925300598145,0.19602027535438538,-0.1751299351453781,0.5667663216590881,0.2698439061641693,-0.10325082391500473,0.4928847551345825,0.27149200439453125,0.16468051075935364,0.5760384798049927,0.39340198040008545,-0.29026350378990173,0.46610918641090393,0.38748398423194885,0.17649954557418823,0.5409412980079651,0.387660950422287,-0.5829141139984131,0.425714373588562,0.37886640429496765,-0.03786340728402138,0.5288967490196228,0.38759616017341614,-0.6380833387374878,0.4082722067832947,0.37368425726890564,-0.053597889840602875,0.5270856022834778,0.3685445189476013,-0.6421309113502502,0.406867116689682,0.35982826352119446,-0.07940726727247238,0.5287980437278748,0.36669397354125977,-0.58838951587677,0.4123261570930481,0.3622737526893616,-0.05190177261829376,0.5282080173492432,0.498635858297348,-0.11960867792367935,0.49076923727989197,0.5080710649490356,0.11998983472585678,0.45143088698387146,0.4462677538394928,-0.5241637229919434,0.48178237676620483,0.6631135940551758,0.16150808334350586,0.30229100584983826,0.3973976671695709,-0.783798098564148,0.5300292372703552,0.8249536156654358,0.2155681699514389,0.2825799584388733,0.407209187746048,-0.8125626444816589,0.529349148273468,0.8753581643104553,0.21300680935382843,0.2550596594810486,0.3281477987766266,-0.9912065267562866,0.5091952681541443,0.84717857837677,0.10375146567821503
leg raises_400081.jpg,0.5155333280563354,0.18247602880001068,-0.4141453504562378,0.52559894323349,0.16785359382629395,-0.3990381956100464,0.5298981070518494,0.1685522347688675,-0.39908167719841003,0.5343201160430908,0.1690303087234497,-0.39914947748184204,0.5165810585021973,0.16521456837654114,-0.3786221742630005,0.5145425796508789,0.16422279179096222,-0.37874165177345276,0.5126391649246216,0.1632566601037979,-0.3787386119365692,0.5448089241981506,0.17583397030830383,-0.2791600525379181,0.5181401371955872,0.16862092912197113,-0.18395879864692688,0.5222933292388916,0.1991933137178421,-0.36670979857444763,0.5109178423881531,0.19710513949394226,-0.3392651379108429,0.5685815215110779,0.2690492272377014,-0.25261297821998596,0.49297046661376953,0.2711361050605774,-0.0020330213010311127,0.5770808458328247,0.3915203809738159,-0.4851539433002472,0.46624717116355896,0.38531675934791565,-0.0075133549980819225,0.5410681366920471,0.3860691785812378,-0.7627326250076294,0.42628273367881775,0.3806469738483429,-0.18531450629234314,0.5297650694847107,0.38541141152381897,-0.8320111632347107,0.40737301111221313,0.3768658936023712,-0.19807502627372742,0.5291787385940552,0.36647748947143555,-0.8128259181976318,0.40619879961013794,0.363346129655838,-0.21774700284004211,0.5308957099914551,0.3647030293941498,-0.7599799633026123,0.4121469557285309,0.36590513586997986,-0.19685547053813934,0.5245016813278198,0.483955979347229,-0.11739662289619446,0.48929840326309204,0.4856560528278351,0.11765249073505402,0.42943117022514343,0.4509575366973877,-0.5225616693496704,0.4382287561893463,0.4855784475803375,0.20030485093593597,0.3004460036754608,0.4601813852787018,-0.749100923538208,0.46782106161117554,0.5125465989112854,0.3212631344795227,0.3076384365558624,0.4930722117424011,-0.7742895483970642,0.456952840089798,0.5262667536735535,0.3295333981513977,0.26257428526878357,0.4001084566116333,-0.9678210020065308,0.45095300674438477,0.48181793093681335,0.23820267617702484
leg raises_400091.jpg,0.5142532587051392,0.1820000261068344,-0.34366294741630554,0.5241361856460571,0.16720856726169586,-0.3328213393688202,0.5283742547035217,0.1677628606557846,-0.33295485377311707,0.5327556133270264,0.1680876463651657,-0.33305755257606506,0.5152975916862488,0.16488716006278992,-0.30910900235176086,0.5133694410324097,0.16390222311019897,-0.3091336786746979,0.5116437673568726,0.1628825068473816,-0.3091284930706024,0.543857216835022,0.1746315062046051,-0.22338038682937622,0.5173059105873108,0.1679222583770752,-0.11763746291399002,0.5213137865066528,0.19858048856258392,-0.3000914454460144,0.5099741816520691,0.1968166083097458,-0.26927343010902405,0.5685420632362366,0.26757240295410156,-0.21401433646678925,0.49301522970199585,0.2707787752151489,-0.0005725978408008814,0.5778672099113464,0.3916301727294922,-0.42258358001708984,0.4657374918460846,0.38824254274368286,0.0883861854672432,0.5412423610687256,0.3855428993701935,-0.6628947854042053,0.41766247153282166,0.37954017519950867,-0.17542590200901031,0.5299556255340576,0.38560163974761963,-0.7242019772529602,0.4028104841709137,0.37504929304122925,-0.19861097633838654,0.5287520289421082,0.3653316795825958,-0.7124944925308228,0.40300697088241577,0.36040905117988586,-0.2346087396144867,0.5306897759437561,0.36340734362602234,-0.6591428518295288,0.40792927145957947,0.36287420988082886,-0.19096380472183228,0.5233052372932434,0.5017180442810059,-0.1178334504365921,0.4847630560398102,0.4953784644603729,0.11801448464393616,0.43410196900367737,0.6631906628608704,-0.1980270892381668,0.44007793068885803,0.6349838972091675,0.07891379296779633,0.4161541759967804,0.8667936325073242,-0.15377548336982727,0.4355291426181793,0.8434980511665344,0.14569337666034698,0.4342743158340454,0.9061800837516785,-0.15664158761501312,0.43998077511787415,0.8813565373420715,0.14358744025230408,0.3320574462413788,0.910858154296875,-0.2965116500854492,0.37824365496635437,0.8767433762550354,0.01457807794213295
leg raises_400101.jpg,0.5107759833335876,0.18418337404727936,-0.3003535866737366,0.5188557505607605,0.168029323220253,-0.29489439725875854,0.5230138897895813,0.16799333691596985,-0.29509076476097107,0.5277002453804016,0.16775614023208618,-0.2952422797679901,0.5111452341079712,0.16657410562038422,-0.2625029385089874,0.5092259645462036,0.16568930447101593,-0.262454628944397,0.5075590014457703,0.16470809280872345,-0.2623930871486664,0.5429155230522156,0.1732524186372757,-0.18853870034217834,0.5154450535774231,0.16802933812141418,-0.04602880775928497,0.5183396935462952,0.20030216872692108,-0.2564984858036041,0.5080757737159729,0.19927716255187988,-0.2150018960237503,0.5680787563323975,0.267092227935791,-0.19449590146541595,0.4929458498954773,0.2703447639942169,0.1652517020702362,0.5783318281173706,0.3905307650566101,-0.3955276310443878,0.46359458565711975,0.38640475273132324,0.20131415128707886,0.5413007736206055,0.37829557061195374,-0.6876307725906372,0.4138953983783722,0.37849685549736023,-0.07147920876741409,0.5305618643760681,0.38173994421958923,-0.761175274848938,0.39891499280929565,0.37462010979652405,-0.10370240360498428,0.5284445285797119,0.36023157835006714,-0.7590929865837097,0.3999369442462921,0.3586175739765167,-0.1452077180147171,0.5305139422416687,0.3570150136947632,-0.6911268830299377,0.40468743443489075,0.3611230254173279,-0.09654636681079865,0.5227310061454773,0.5173081755638123,-0.1283501833677292,0.4829115867614746,0.5128462314605713,0.1284588873386383,0.49555376172065735,0.7138113379478455,-0.16302703320980072,0.46142205595970154,0.6908732652664185,0.1367468535900116,0.5129336714744568,0.9069327712059021,-0.1007435992360115,0.4871511459350586,0.8742222189903259,0.2295946478843689,0.5342415571212769,0.9306321144104004,-0.1017637550830841,0.503494918346405,0.916614294052124,0.23052892088890076,0.4726652204990387,0.9631236791610718,-0.2466803640127182,0.4477311074733734,0.9274828433990479,0.11335961520671844
leg raises_400111.jpg,0.5092131495475769,0.18875297904014587,-0.3529386520385742,0.5166305303573608,0.17104694247245789,-0.340817391872406,0.5210675001144409,0.17028701305389404,-0.34099993109703064,0.525928258895874,0.16951367259025574,-0.3411501348018646,0.5081793069839478,0.17044666409492493,-0.3139232099056244,0.5058837532997131,0.1693616509437561,-0.3138873279094696,0.5038785934448242,0.16822299361228943,-0.31385982036590576,0.5410101413726807,0.1728793829679489,-0.21575239300727844,0.5105644464492798,0.16944964230060577,-0.09000381082296371,0.5171068906784058,0.20385068655014038,-0.3026373088359833,0.5068002939224243,0.20334559679031372,-0.2665832042694092,0.5679590702056885,0.2572145164012909,-0.19618132710456848,0.492863267660141,0.26236480474472046,0.13579468429088593,0.5787286162376404,0.3779389262199402,-0.39906075596809387,0.46148574352264404,0.37797343730926514,0.182478129863739,0.5457723736763,0.36652809381484985,-0.7026732563972473,0.41008058190345764,0.3640099763870239,-0.08890748023986816,0.5333672761917114,0.371465265750885,-0.7801870703697205,0.39615392684936523,0.360691100358963,-0.121731236577034,0.530423104763031,0.35248544812202454,-0.7704011797904968,0.3970438838005066,0.3440432846546173,-0.16882401704788208,0.5327521562576294,0.3493081033229828,-0.7045279145240784,0.401307076215744,0.34622812271118164,-0.11577083170413971,0.5168465375900269,0.5065656304359436,-0.12748786807060242,0.478211373090744,0.4951825439929962,0.12741360068321228,0.4386051893234253,0.6595200896263123,-0.19651393592357635,0.4141005277633667,0.5983023047447205,-0.01810728944838047,0.3935820162296295,0.8049340844154358,-0.04543935880064964,0.37508469820022583,0.7590595483779907,0.13456664979457855,0.3957071900367737,0.8326386213302612,-0.03604370728135109,0.37837153673171997,0.7929129600524902,0.14542391896247864,0.3556053042411804,0.82997065782547,-0.1656227856874466,0.3306368887424469,0.7863938212394714,0.013308046385645866
leg raises_400121.jpg,0.5091427564620972,0.19666798412799835,-0.33572861552238464,0.5166455507278442,0.17918527126312256,-0.3093787431716919,0.521130383014679,0.17772766947746277,-0.3094835579395294,0.5259700417518616,0.17593704164028168,-0.30958935618400574,0.5079239010810852,0.17967425286769867,-0.3061952292919159,0.5052972435951233,0.17854036390781403,-0.3062707781791687,0.5027547478675842,0.17737191915512085,-0.3060675263404846,0.540635347366333,0.17561261355876923,-0.16649498045444489,0.5070873498916626,0.17603431642055511,-0.08411626517772675,0.5176898241043091,0.20963743329048157,-0.26913854479789734,0.5065593123435974,0.21041923761367798,-0.25990575551986694,0.5666497349739075,0.25102904438972473,-0.1353244185447693,0.4922274649143219,0.2513557970523834,0.10451890528202057,0.5738170146942139,0.36867183446884155,-0.3378918468952179,0.4590476453304291,0.3514746427536011,0.05293432995676994,0.5454981923103333,0.3605060875415802,-0.6237287521362305,0.40983960032463074,0.32627132534980774,-0.22783909738063812,0.5334408283233643,0.3626851737499237,-0.6832804083824158,0.3960336744785309,0.32226717472076416,-0.256334125995636,0.5311100482940674,0.3464525640010834,-0.6704919338226318,0.3936036229133606,0.3295499384403229,-0.2791174054145813,0.5332554578781128,0.3445696234703064,-0.6229234337806702,0.4017923176288605,0.31556060910224915,-0.2438759207725525,0.5129919052124023,0.4757881462574005,-0.11280253529548645,0.4780825674533844,0.46819165349006653,0.11296876519918442,0.4494818150997162,0.3918735086917877,-0.260316401720047,0.4092366397380829,0.4602069556713104,0.06519649177789688,0.3447529375553131,0.36815765500068665,-0.259711354970932,0.4557257294654846,0.5191377997398376,0.18268340826034546,0.33309081196784973,0.39228758215904236,-0.26089996099472046,0.4678540527820587,0.5234394669532776,0.19375211000442505,0.2995581030845642,0.30871880054473877,-0.3678732216358185,0.46877580881118774,0.5417582392692566,0.12682273983955383
leg raises_400131.jpg,0.5087663531303406,0.20651961863040924,-0.3567509353160858,0.5152856111526489,0.18776783347129822,-0.34759625792503357,0.5200155973434448,0.18558663129806519,-0.3477481007575989,0.5249521136283875,0.1832403540611267,-0.3478633761405945,0.5057160258293152,0.18913540244102478,-0.32682937383651733,0.5029199719429016,0.18819770216941833,-0.3268248438835144,0.5003342032432556,0.1871841698884964,-0.32683002948760986,0.538863480091095,0.17908069491386414,-0.2254757285118103,0.5051124095916748,0.18255998194217682,-0.1203949823975563,0.5175238847732544,0.21925197541713715,-0.30404627323150635,0.5064114332199097,0.22158417105674744,-0.2756982445716858,0.5678521394729614,0.25043585896492004,-0.15709015727043152,0.49212315678596497,0.24822883307933807,0.0906682088971138,0.5755208134651184,0.36695772409439087,-0.33913514018058777,0.4594227075576782,0.35506466031074524,0.1638994663953781,0.5515853762626648,0.35947778820991516,-0.6260749101638794,0.41001179814338684,0.3361460268497467,-0.0587725006043911,0.5400668978691101,0.3617004454135895,-0.6847421526908875,0.39610958099365234,0.3250407576560974,-0.08950711786746979,0.5376484990119934,0.3450470268726349,-0.6816129088401794,0.3944091498851776,0.3324398994445801,-0.13997048139572144,0.5395783185958862,0.3430507481098175,-0.6239235401153564,0.40195247530937195,0.32187068462371826,-0.0849643424153328,0.513653039932251,0.47385337948799133,-0.10143602639436722,0.47725600004196167,0.46621596813201904,0.10173892229795456,0.4513975977897644,0.5243633389472961,-0.22099225223064423,0.4203587472438812,0.5405243635177612,-0.08327340334653854,0.38246485590934753,0.6944693922996521,-0.09879423677921295,0.3972215950489044,0.6599674224853516,0.02623206377029419,0.3808155357837677,0.721150279045105,-0.09400336444377899,0.40273478627204895,0.6987089514732361,0.030774133279919624,0.3406568765640259,0.7381324172019958,-0.243299663066864,0.36377429962158203,0.7158582210540771,-0.1169167086482048
leg raises_400141.jpg,0.5080294013023376,0.21417000889778137,-0.22362010180950165,0.5128815174102783,0.19532829523086548,-0.22231070697307587,0.5174424648284912,0.19323724508285522,-0.22244824469089508,0.5222904682159424,0.19078689813613892,-0.22255472838878632,0.5039952397346497,0.1974901556968689,-0.19543084502220154,0.5013817548751831,0.19682767987251282,-0.1953914314508438,0.499002069234848,0.19611284136772156,-0.19538377225399017,0.5376908183097839,0.18435613811016083,-0.12393412739038467,0.5045909285545349,0.1912640631198883,0.00226769270375371,0.5173354744911194,0.2261440008878708,-0.18003423511981964,0.5062788724899292,0.22900065779685974,-0.14416728913784027,0.5695222616195679,0.2507782280445099,-0.10628952831029892,0.4920112192630768,0.2507016956806183,0.19866330921649933,0.5789274573326111,0.36873555183410645,-0.3039627969264984,0.4616570770740509,0.36133766174316406,0.19785156846046448,0.5548869371414185,0.36021095514297485,-0.5910559296607971,0.4101560711860657,0.34637385606765747,-0.07331664860248566,0.5448198318481445,0.3616940677165985,-0.6573509573936462,0.3969796299934387,0.3339795768260956,-0.11007224768400192,0.541906476020813,0.34518736600875854,-0.6569480895996094,0.3962955176830292,0.3328266441822052,-0.14379791915416718,0.5436394810676575,0.34331244230270386,-0.5946527719497681,0.40227633714675903,0.3281797468662262,-0.09559409320354462,0.5275846719741821,0.5095993876457214,-0.10412390530109406,0.4804719090461731,0.5053566694259644,0.10439726710319519,0.5102843046188354,0.6958255171775818,-0.16681033372879028,0.4613793194293976,0.6788156628608704,0.0009361766278743744,0.5196875333786011,0.8793131709098816,-0.057096436619758606,0.48491010069847107,0.8501327633857727,0.08063755184412003,0.537595808506012,0.8964982032775879,-0.05362450331449509,0.5053584575653076,0.9017124772071838,0.08799328655004501,0.4914145767688751,0.9405155777931213,-0.20420242846012115,0.4519471228122711,0.9245541095733643,-0.041837871074676514
leg raises_400151.jpg,0.505637526512146,0.21616648137569427,-0.23655885457992554,0.5099869966506958,0.19707338511943817,-0.23328177630901337,0.5143966674804688,0.1949676275253296,-0.2334366738796234,0.5191233158111572,0.19236920773983002,-0.2335483729839325,0.501272976398468,0.19874432682991028,-0.20618778467178345,0.4989503026008606,0.1979573369026184,-0.20615144073963165,0.4970032274723053,0.19712398946285248,-0.20616434514522552,0.5352780222892761,0.18612198531627655,-0.13128513097763062,0.5039799809455872,0.19232824444770813,-0.0056715295650064945,0.5157949924468994,0.22763308882713318,-0.1922457069158554,0.5055936574935913,0.23035572469234467,-0.156299889087677,0.5693206191062927,0.25107643008232117,-0.11161138862371445,0.4918689727783203,0.2509368062019348,0.19032397866249084,0.5790166258811951,0.3693506121635437,-0.30907994508743286,0.46154800057411194,0.3628363013267517,0.18798770010471344,0.5555628538131714,0.3595266044139862,-0.5974531173706055,0.4103164076805115,0.3475281894207001,-0.09685062617063522,0.5456006526947021,0.3610858917236328,-0.6662566661834717,0.39726072549819946,0.3380453884601593,-0.13374730944633484,0.5419140458106995,0.34477415680885315,-0.6651438474655151,0.39678773283958435,0.33402925729751587,-0.169172003865242,0.5434601306915283,0.3428061008453369,-0.6015443801879883,0.4023931324481964,0.32879170775413513,-0.11950411647558212,0.528128981590271,0.5099515318870544,-0.10562403500080109,0.47994735836982727,0.504087507724762,0.10587488859891891,0.4977535903453827,0.6773123145103455,-0.19009944796562195,0.46228301525115967,0.6628358960151672,0.007967589423060417,0.4757712483406067,0.8901010155677795,-0.0914292261004448,0.4911661446094513,0.8668562769889832,0.10926992446184158,0.4853672683238983,0.9208114743232727,-0.10604684054851532,0.5075970888137817,0.8978314995765686,0.11408278346061707,0.43941980600357056,0.9483941197395325,-0.29859858751296997,0.4655632972717285,0.9176803827285767,-0.008892172016203403
leg raises_400161.jpg,0.49622073769569397,0.22477386891841888,-0.33419954776763916,0.49854427576065063,0.20598222315311432,-0.3386543095111847,0.5022080540657043,0.20352919399738312,-0.3387295603752136,0.5063334107398987,0.20039615035057068,-0.33884894847869873,0.48981937766075134,0.2078254073858261,-0.31097212433815,0.48734763264656067,0.20705723762512207,-0.3109825551509857,0.48518770933151245,0.20619864761829376,-0.31097862124443054,0.5210405588150024,0.19066554307937622,-0.26777416467666626,0.49121227860450745,0.19750314950942993,-0.13689789175987244,0.5069562792778015,0.2326732575893402,-0.30058950185775757,0.4974730312824249,0.2345965951681137,-0.26286476850509644,0.5650825500488281,0.25130876898765564,-0.21771934628486633,0.47856202721595764,0.2425558865070343,0.02770904079079628,0.5795564651489258,0.3696267306804657,-0.44063231348991394,0.45481884479522705,0.35296833515167236,-0.001233559101819992,0.5528897047042847,0.3602081835269928,-0.7251373529434204,0.4072302281856537,0.34964826703071594,-0.25275155901908875,0.5422894954681396,0.3615744709968567,-0.7941824793815613,0.39335930347442627,0.3405514657497406,-0.2765211760997772,0.5402230024337769,0.3450064957141876,-0.7681430578231812,0.393587201833725,0.338201642036438,-0.30800026655197144,0.5419602990150452,0.343058705329895,-0.7196652889251709,0.3975953161716461,0.3331158459186554,-0.27079781889915466,0.510465681552887,0.47673654556274414,-0.10652076452970505,0.47497719526290894,0.4607427716255188,0.10675954818725586,0.43133142590522766,0.4891000986099243,-0.3155902624130249,0.37532979249954224,0.4883649945259094,0.1579359620809555,0.3386167585849762,0.4854593873023987,-0.21056421101093292,0.36445263028144836,0.48960191011428833,0.3835710883140564,0.3306373059749603,0.49520695209503174,-0.2002158910036087,0.36115890741348267,0.4985824227333069,0.4062839150428772,0.29977625608444214,0.4513544738292694,-0.3061046004295349,0.3411322832107544,0.4697159230709076,0.3701704740524292
leg raises_400171.jpg,0.4898664355278015,0.22434796392917633,-0.3528907895088196,0.493207186460495,0.20520901679992676,-0.34550711512565613,0.49688640236854553,0.20284651219844818,-0.3455885052680969,0.5009666085243225,0.19991819560527802,-0.3456682562828064,0.4835807681083679,0.2071944773197174,-0.326301634311676,0.48099392652511597,0.2066618651151657,-0.3263646364212036,0.4785118103027344,0.20588764548301697,-0.3264012932777405,0.5145511031150818,0.19129587709903717,-0.2353227287530899,0.4834147095680237,0.1977701187133789,-0.14026431739330292,0.5007442235946655,0.2331973761320114,-0.30431514978408813,0.49065592885017395,0.23518754541873932,-0.27756741642951965,0.5582281947135925,0.2510596513748169,-0.1912422776222229,0.46980103850364685,0.24160224199295044,0.02695080079138279,0.5766658186912537,0.3673226237297058,-0.40477821230888367,0.44491472840309143,0.3502424359321594,0.03993252292275429,0.5435352921485901,0.3583300709724426,-0.675993025302887,0.4042573571205139,0.35039234161376953,-0.15003687143325806,0.5327052474021912,0.3594615161418915,-0.7589004635810852,0.3891304135322571,0.3439595103263855,-0.15582841634750366,0.5304033756256104,0.3434637486934662,-0.7296074628829956,0.3896125257015228,0.34199103713035583,-0.1767757087945938,0.5329805016517639,0.3414473831653595,-0.6745840311050415,0.39331844449043274,0.33781126141548157,-0.1573740392923355,0.5025690793991089,0.4715748131275177,-0.08792524039745331,0.46476665139198303,0.45645904541015625,0.0883350819349289,0.4367668032646179,0.453973650932312,-0.4217185974121094,0.39690300822257996,0.4666807949542999,-0.13355691730976105,0.3294362723827362,0.4472822844982147,-0.577290952205658,0.3182723820209503,0.4787074625492096,-0.28328895568847656,0.31492969393730164,0.46056094765663147,-0.5925753116607666,0.3109910786151886,0.49489060044288635,-0.30080321431159973,0.29654568433761597,0.3916861116886139,-0.7438172101974487,0.3024417459964752,0.4261865019798279,-0.42169061303138733
leg raises_400181.jpg,0.4851546287536621,0.22298172116279602,-0.281753808259964,0.4872550666332245,0.20442400872707367,-0.2830244302749634,0.49092644453048706,0.20173104107379913,-0.2831692695617676,0.4947981536388397,0.19836996495723724,-0.28328943252563477,0.4788282513618469,0.2075468897819519,-0.2570773661136627,0.47683247923851013,0.20731571316719055,-0.2570677101612091,0.4749859571456909,0.20680612325668335,-0.25710543990135193,0.5088765621185303,0.18959984183311462,-0.1810610145330429,0.4818647801876068,0.19762280583381653,-0.05899040028452873,0.496639221906662,0.23179104924201965,-0.2342120260000229,0.48757606744766235,0.2342270463705063,-0.19947247207164764,0.5544586777687073,0.24709710478782654,-0.13767951726913452,0.471829891204834,0.2422696053981781,0.1588713675737381,0.5759170651435852,0.36333855986595154,-0.32141467928886414,0.4457319378852844,0.35331642627716064,0.22573204338550568,0.5434707999229431,0.3553643822669983,-0.5977707505226135,0.399391770362854,0.35126399993896484,0.013729053549468517,0.5323514342308044,0.3559609353542328,-0.6610519289970398,0.386703222990036,0.34597840905189514,-0.00890964176505804,0.5292309522628784,0.3378710150718689,-0.6564704179763794,0.3873412013053894,0.33933356404304504,-0.0428043007850647,0.5315948128700256,0.3367462456226349,-0.5999932885169983,0.3909490704536438,0.3376733660697937,-0.005449436604976654,0.5069781541824341,0.47806647419929504,-0.09524080902338028,0.46768930554389954,0.4648400545120239,0.09544537216424942,0.45183199644088745,0.6275585889816284,-0.22615380585193634,0.43395668268203735,0.6132664680480957,-0.01909015327692032,0.43471115827560425,0.8453074097633362,-0.2797126770019531,0.37708622217178345,0.828883707523346,0.008319267071783543,0.4439307749271393,0.8927236199378967,-0.30604055523872375,0.390661358833313,0.866052508354187,0.004650519695132971,0.3809150755405426,0.8947561383247375,-0.5148242115974426,0.35997459292411804,0.8751977682113647,-0.12516678869724274
leg raises_500181.jpg,0.4404639005661011,0.172639861702919,-0.2610669732093811,0.44221267104148865,0.15474054217338562,-0.23623277246952057,0.44358399510383606,0.15370377898216248,-0.2362961769104004,0.44488993287086487,0.15229932963848114,-0.23636828362941742,0.43574386835098267,0.15270806849002838,-0.2587970793247223,0.4323532283306122,0.15040123462677002,-0.258784681558609,0.42877882719039917,0.14798501133918762,-0.25884148478507996,0.4368276000022888,0.14548996090888977,-0.0657612532377243,0.4141298234462738,0.1428537219762802,-0.1983795464038849,0.439139723777771,0.18439678847789764,-0.19230972230434418,0.43045127391815186,0.18162816762924194,-0.22098560631275177,0.44358187913894653,0.22402948141098022,0.11240742355585098,0.371627539396286,0.2106858640909195,-0.209245964884758,0.4637777507305145,0.33642691373825073,0.14510631561279297,0.35896357893943787,0.33768758177757263,-0.388130247592926,0.5230351686477661,0.3205232322216034,-0.017590181902050972,0.41032788157463074,0.31515148282051086,-0.5502607822418213,0.5322402715682983,0.32203584909439087,-0.04359586164355278,0.42474544048309326,0.30517345666885376,-0.5950525999069214,0.5293691754341125,0.30822721123695374,-0.06286641955375671,0.4242018759250641,0.29123595356941223,-0.5939112305641174,0.5297788381576538,0.30717840790748596,-0.03166631609201431,0.4209311604499817,0.29205307364463806,-0.5500328540802002,0.43170204758644104,0.46846210956573486,0.0974864810705185,0.3881615698337555,0.4649409055709839,-0.09746232628822327,0.43762636184692383,0.645799994468689,0.07589593529701233,0.3973865211009979,0.6456820964813232,-0.11900277435779572,0.431231290102005,0.8198674321174622,0.16076254844665527,0.39154285192489624,0.8426382541656494,-0.044505439698696136,0.4153168797492981,0.846314013004303,0.16052967309951782,0.3845599889755249,0.8744720220565796,-0.04491983354091644,0.4484594762325287,0.8787189722061157,0.04980451613664627,0.41245558857917786,0.9017584323883057,-0.18489037454128265
leg raises_500191.jpg,0.42869362235069275,0.1463821977376938,-0.3215624988079071,0.4309033155441284,0.12916377186775208,-0.284025102853775,0.4327324628829956,0.12884728610515594,-0.2840934991836548,0.43427085876464844,0.1283281147480011,-0.28419554233551025,0.42222118377685547,0.12699654698371887,-0.3212457597255707,0.4178819954395294,0.12508514523506165,-0.32117876410484314,0.41320085525512695,0.12294364720582962,-0.3211861848831177,0.42612332105636597,0.12712840735912323,-0.10143842548131943,0.3995123505592346,0.12091683596372604,-0.23875479400157928,0.42740339040756226,0.16108858585357666,-0.23841582238674164,0.4186756908893585,0.1577254682779312,-0.2871992290019989,0.430154412984848,0.20988400280475616,0.1048901379108429,0.36499935388565063,0.2016223669052124,-0.24184706807136536,0.45091012120246887,0.31880101561546326,0.1856132447719574,0.35731351375579834,0.33009201288223267,-0.39503127336502075,0.518737256526947,0.31645506620407104,0.02619101293385029,0.4134445786476135,0.3105904161930084,-0.5993207097053528,0.5323774814605713,0.31045985221862793,0.0030833492055535316,0.43298426270484924,0.30113905668258667,-0.6556314826011658,0.5307837128639221,0.29930341243743896,-0.026438094675540924,0.4325398802757263,0.28480416536331177,-0.6571041345596313,0.5297760367393494,0.30141517519950867,0.008567140437662601,0.42698934674263,0.2870984971523285,-0.6014075875282288,0.4187060296535492,0.4444725811481476,0.11667899787425995,0.3765157163143158,0.45178112387657166,-0.11658975481987,0.4361771047115326,0.615972101688385,0.14134842157363892,0.40347909927368164,0.634193480014801,-0.2310241162776947,0.4298253357410431,0.7852106690406799,0.2753596305847168,0.40598025918006897,0.8192509412765503,-0.1695551872253418,0.41413357853889465,0.8116708397865295,0.28011801838874817,0.3923477232456207,0.8369794487953186,-0.17016443610191345,0.4803776443004608,0.8272647261619568,0.1849205493927002,0.45380866527557373,0.8734434247016907,-0.32544079422950745
leg raises_500201.jpg,0.42455244064331055,0.13147154450416565,-0.3235207200050354,0.4265025854110718,0.11227826774120331,-0.28852513432502747,0.4287142753601074,0.11188369244337082,-0.2886313199996948,0.43113061785697937,0.11135571449995041,-0.28874513506889343,0.4174429178237915,0.111594557762146,-0.3154749870300293,0.412556529045105,0.11065254360437393,-0.31550753116607666,0.4074210226535797,0.10982784628868103,-0.31549689173698425,0.4267066419124603,0.11215947568416595,-0.09670151025056839,0.3930506706237793,0.11142028868198395,-0.20448163151741028,0.4264592230319977,0.14746926724910736,-0.24246269464492798,0.4146226942539215,0.14646998047828674,-0.2778029441833496,0.4308391809463501,0.1909284144639969,0.11467249691486359,0.3690090775489807,0.1951654851436615,-0.18663911521434784,0.45488807559013367,0.2949625551700592,0.13030394911766052,0.3626532554626465,0.32102933526039124,-0.3455224931240082,0.5170894265174866,0.31404951214790344,-0.09523115307092667,0.4163007438182831,0.31335195899009705,-0.5638628005981445,0.5319881439208984,0.31261396408081055,-0.12402502447366714,0.4309673011302948,0.3065999150276184,-0.6221551895141602,0.5319030284881592,0.3012474775314331,-0.1568143218755722,0.430338978767395,0.28767842054367065,-0.6197034120559692,0.5289255380630493,0.3024435043334961,-0.11524233967065811,0.4270479083061218,0.2885960340499878,-0.5640173554420471,0.41534125804901123,0.4141410291194916,0.11209132522344589,0.3752054274082184,0.4204145073890686,-0.11168752610683441,0.41677093505859375,0.5894938707351685,0.10322140902280807,0.45115846395492554,0.4646110236644745,-0.30728885531425476,0.3890652060508728,0.7735351324081421,0.1601601392030716,0.6096282601356506,0.4836978018283844,-0.3638552129268646,0.3765261471271515,0.8068185448646545,0.15945549309253693,0.6285028457641602,0.5153612494468689,-0.3730645775794983,0.4702008366584778,0.7935897707939148,0.058820951730012894,0.6613462567329407,0.42685240507125854,-0.49935707449913025
leg raises_500211.jpg,0.42879876494407654,0.13112550973892212,-0.38366031646728516,0.4307142198085785,0.11234860867261887,-0.34492260217666626,0.43304744362831116,0.11202874779701233,-0.3448704481124878,0.4354504942893982,0.11148763447999954,-0.3448501527309418,0.42106980085372925,0.11086355149745941,-0.3715374767780304,0.41643762588500977,0.10963547974824905,-0.3716469705104828,0.4112641513347626,0.10833504050970078,-0.3716110289096832,0.4310069978237152,0.1125534251332283,-0.12587061524391174,0.3969312906265259,0.10933931916952133,-0.25553932785987854,0.43049103021621704,0.14706629514694214,-0.30301016569137573,0.41933801770210266,0.14527791738510132,-0.33692464232444763,0.435539573431015,0.18916480243206024,0.06772347539663315,0.37199893593788147,0.19201874732971191,-0.2575003206729889,0.44837167859077454,0.28283482789993286,0.05753708258271217,0.3675065338611603,0.3127402365207672,-0.30900847911834717,0.4612847566604614,0.3131600320339203,-0.18287476897239685,0.4226716458797455,0.31706830859184265,-0.36160680651664734,0.4756811857223511,0.31876927614212036,-0.20522981882095337,0.4372113049030304,0.3135318458080292,-0.37552139163017273,0.4708544909954071,0.3073272407054901,-0.23072569072246552,0.43922919034957886,0.2965027689933777,-0.3591305911540985,0.46664172410964966,0.30646365880966187,-0.20029807090759277,0.43447384238243103,0.29743680357933044,-0.3365810811519623,0.42609545588493347,0.40169814229011536,0.10627564042806625,0.38901612162590027,0.4172407388687134,-0.10621090233325958,0.4905977249145508,0.4171874225139618,0.04143478348851204,0.4876444935798645,0.4099300503730774,-0.28886762261390686,0.6075206995010376,0.32372230291366577,0.06440702080726624,0.611382782459259,0.31284162402153015,-0.427317351102829,0.6241644024848938,0.33518800139427185,0.11958374083042145,0.6259526610374451,0.3256036639213562,-0.4449150860309601,0.6235349178314209,0.287985622882843,-0.0693540945649147,0.637618362903595,0.26535481214523315,-0.5634538531303406
leg raises_500221.jpg,0.4340817332267761,0.1222994476556778,-0.33427661657333374,0.43529728055000305,0.10425113141536713,-0.28561800718307495,0.43715885281562805,0.10417436063289642,-0.28569936752319336,0.43883854150772095,0.10390989482402802,-0.285744845867157,0.42626890540122986,0.10274854302406311,-0.34417521953582764,0.42206886410713196,0.10166750103235245,-0.344428688287735,0.4171287715435028,0.10054949671030045,-0.344538152217865,0.43237921595573425,0.10649462044239044,-0.08907339721918106,0.4029183089733124,0.10326799005270004,-0.2045319378376007,0.4348512589931488,0.13875308632850647,-0.24983201920986176,0.424509197473526,0.1376573145389557,-0.3001159727573395,0.4416676461696625,0.19446218013763428,0.09969392418861389,0.37311556935310364,0.1949874609708786,-0.19152933359146118,0.45459362864494324,0.29881393909454346,0.12027880549430847,0.37403175234794617,0.31972000002861023,-0.33446964621543884,0.4718106687068939,0.31162911653518677,-0.09470358490943909,0.4284593164920807,0.3132670819759369,-0.5307661890983582,0.5177720785140991,0.3090970516204834,-0.12886081635951996,0.4448421895503998,0.3063403367996216,-0.5848397016525269,0.5183838605880737,0.29639166593551636,-0.15698915719985962,0.44486409425735474,0.2908245623111725,-0.5862258076667786,0.5101649165153503,0.2984571158885956,-0.11298589408397675,0.4403756856918335,0.2912525236606598,-0.5314900875091553,0.43181276321411133,0.40991976857185364,0.10415829718112946,0.38906872272491455,0.4198741614818573,-0.10404598712921143,0.47830450534820557,0.49751320481300354,0.02658378705382347,0.48492300510406494,0.4751625061035156,-0.18241743743419647,0.5025414228439331,0.661586344242096,0.07729426771402359,0.5735382437705994,0.5945276618003845,-0.16364498436450958,0.5049333572387695,0.6965858936309814,0.07888109982013702,0.5788289904594421,0.6410521864891052,-0.16151121258735657,0.5308502912521362,0.6768048405647278,-0.039965394884347916,0.6247397065162659,0.4748837351799011,-0.3066798746585846
leg raises_500231.jpg,0.4282231330871582,0.12970255315303802,-0.3317946195602417,0.4288393259048462,0.11206081509590149,-0.2820706069469452,0.43078649044036865,0.1117396354675293,-0.28214162588119507,0.43241986632347107,0.11117126792669296,-0.2821793556213379,0.41957271099090576,0.11047348380088806,-0.32300838828086853,0.41500580310821533,0.10922801494598389,-0.32313406467437744,0.4102722406387329,0.10793573409318924,-0.323169082403183,0.4250193238258362,0.11220863461494446,-0.0875675305724144,0.39610451459884644,0.11020037531852722,-0.20548135042190552,0.428972989320755,0.14554287493228912,-0.24335326254367828,0.41859230399131775,0.1438264399766922,-0.28161686658859253,0.43540099263191223,0.20159843564033508,0.10961548984050751,0.3716086745262146,0.19993190467357635,-0.2185196578502655,0.45306161046028137,0.3083004951477051,0.11403196305036545,0.37375083565711975,0.32302582263946533,-0.3647473156452179,0.472346693277359,0.3093512952327728,-0.10754597932100296,0.43144938349723816,0.30469244718551636,-0.5054665803909302,0.5276814699172974,0.3025224208831787,-0.14432065188884735,0.44797226786613464,0.2965041399002075,-0.5497397184371948,0.5298731327056885,0.2910642921924591,-0.16503331065177917,0.4456653594970703,0.28459733724594116,-0.5542279481887817,0.5221577882766724,0.2938883304595947,-0.12402944266796112,0.44028422236442566,0.28434818983078003,-0.5067169666290283,0.4316878020763397,0.41725650429725647,0.10854188352823257,0.3881283104419708,0.42549893260002136,-0.10858247429132462,0.46636873483657837,0.6147586107254028,0.10924757272005081,0.41814088821411133,0.6145203709602356,-0.16726884245872498,0.44960376620292664,0.7957724928855896,0.2148093432188034,0.38418644666671753,0.8010122776031494,-0.04365454241633415,0.4251733124256134,0.8194882869720459,0.21645613014698029,0.36768585443496704,0.8319466710090637,-0.03935268893837929,0.49804019927978516,0.8575869202613831,0.11422862112522125,0.42008495330810547,0.8464857935905457,-0.1769990622997284
leg raises_500241.jpg,0.42497149109840393,0.12738116085529327,-0.2958819270133972,0.42469117045402527,0.10949382930994034,-0.25528210401535034,0.42635053396224976,0.10919380187988281,-0.25534406304359436,0.42774879932403564,0.10862350463867188,-0.2553900480270386,0.4162689447402954,0.10835180431604385,-0.2918083369731903,0.411824494600296,0.1074102595448494,-0.2918422818183899,0.4071449935436249,0.10641070455312729,-0.2918645441532135,0.42018377780914307,0.11027640104293823,-0.05792088434100151,0.39200788736343384,0.10935868322849274,-0.19201765954494476,0.4264571964740753,0.14366964995861053,-0.21596047282218933,0.41581615805625916,0.1418028324842453,-0.2612853944301605,0.4342452883720398,0.20520994067192078,0.14006014168262482,0.3674633800983429,0.2005026638507843,-0.21413609385490417,0.45055675506591797,0.3111068606376648,0.1569799780845642,0.3697717785835266,0.32385411858558655,-0.366391122341156,0.4891214668750763,0.3005227744579315,-0.017342282459139824,0.4285805821418762,0.29910245537757874,-0.4883832335472107,0.5286138653755188,0.29499682784080505,-0.04438799247145653,0.440113365650177,0.28897425532341003,-0.5300028920173645,0.5303075313568115,0.2851638197898865,-0.06181904301047325,0.4386933445930481,0.2787829637527466,-0.532604992389679,0.5229517221450806,0.2871527075767517,-0.031745877116918564,0.4351951777935028,0.28102895617485046,-0.4888521730899811,0.4300631880760193,0.44255468249320984,0.11593259871006012,0.3877805173397064,0.4451783001422882,-0.11596263200044632,0.43811193108558655,0.6330212354660034,0.14349865913391113,0.4132021367549896,0.6464361548423767,-0.13520266115665436,0.4102753698825836,0.8037196397781372,0.26175960898399353,0.41755348443984985,0.8337523341178894,-0.027347764000296593,0.3917488157749176,0.8302226662635803,0.26594844460487366,0.40698719024658203,0.8659878373146057,-0.024319713935256004,0.47278812527656555,0.8554820418357849,0.16983436048030853,0.456686794757843,0.8823701739311218,-0.16089709103107452
leg raises_500251.jpg,0.4210544228553772,0.12681874632835388,-0.37008151412010193,0.4227506220340729,0.10877648741006851,-0.33520886301994324,0.42488303780555725,0.10871340334415436,-0.33529847860336304,0.4268404543399811,0.10829269886016846,-0.3353758454322815,0.41352203488349915,0.1067657396197319,-0.36369648575782776,0.40912169218063354,0.10559006780385971,-0.36376455426216125,0.40452978014945984,0.10438844561576843,-0.36370790004730225,0.4217628538608551,0.10918090492486954,-0.12932969629764557,0.3902885615825653,0.10632020235061646,-0.2586083710193634,0.4227481186389923,0.14278671145439148,-0.2882832884788513,0.41169923543930054,0.14015421271324158,-0.3255269229412079,0.42622703313827515,0.19354942440986633,0.08643273264169693,0.36476773023605347,0.19779199361801147,-0.23617102205753326,0.4465399384498596,0.2955489158630371,0.08551803976297379,0.36318954825401306,0.32238370180130005,-0.4205746352672577,0.5008442997932434,0.30100175738334656,-0.14056992530822754,0.4264005422592163,0.30466583371162415,-0.6612611413002014,0.5281212329864502,0.30045807361602783,-0.1702449768781662,0.4365793764591217,0.2927585542201996,-0.7223784923553467,0.5303705334663391,0.28946781158447266,-0.19603292644023895,0.43544742465019226,0.284498006105423,-0.7170361280441284,0.5231327414512634,0.2907216548919678,-0.1567561775445938,0.43291136622428894,0.28634244203567505,-0.6600443124771118,0.4199408292770386,0.4123779237270355,0.11198374629020691,0.38364753127098083,0.4269859194755554,-0.11181016266345978,0.4404138922691345,0.540473997592926,0.07389279454946518,0.477713018655777,0.4455873370170593,-0.35639488697052,0.4545363187789917,0.6913408041000366,0.09569239616394043,0.6133163571357727,0.4638213813304901,-0.5283469557762146,0.45151153206825256,0.724538266658783,0.08471117168664932,0.6253329515457153,0.4916624426841736,-0.5501983761787415,0.4920746982097626,0.6910587549209595,0.004577485378831625,0.6598599553108215,0.3684546947479248,-0.6820835471153259
leg raises_500261.jpg,0.4263897240161896,0.11483246833086014,-0.4218689501285553,0.42765235900878906,0.0965319350361824,-0.37881678342819214,0.4295347034931183,0.09630970656871796,-0.3788022994995117,0.4312227666378021,0.095865897834301,-0.3787957727909088,0.418891042470932,0.09532956779003143,-0.41012364625930786,0.4147474467754364,0.09424279630184174,-0.41027238965034485,0.4101240336894989,0.09292398393154144,-0.4102836549282074,0.4248388409614563,0.09688173234462738,-0.16116470098495483,0.39624646306037903,0.09313459694385529,-0.30373528599739075,0.4274570345878601,0.1307527869939804,-0.3391159474849701,0.4177732467651367,0.12894980609416962,-0.3801364600658417,0.42945119738578796,0.18105806410312653,0.08181750029325485,0.36790692806243896,0.18419630825519562,-0.30211150646209717,0.44436612725257874,0.2894364595413208,0.03991923853754997,0.36521482467651367,0.3056655526161194,-0.3636062741279602,0.46791872382164,0.2962973713874817,-0.256954163312912,0.4251824915409088,0.2956140637397766,-0.4062301516532898,0.47920528054237366,0.29539674520492554,-0.28657153248786926,0.43700283765792847,0.2876494228839874,-0.441557914018631,0.4711572527885437,0.282507061958313,-0.30447524785995483,0.43589648604393005,0.27414295077323914,-0.4363747537136078,0.4673147201538086,0.2820095419883728,-0.2733922302722931,0.43215081095695496,0.27472350001335144,-0.39777228236198425,0.4251120686531067,0.3962131440639496,0.11600132286548615,0.3873443305492401,0.40066176652908325,-0.11598202586174011,0.5042005181312561,0.3886203467845917,0.20246729254722595,0.4810343086719513,0.39609217643737793,-0.3647339642047882,0.6053364872932434,0.31169143319129944,0.28838270902633667,0.5937454104423523,0.311007559299469,-0.4352128207683563,0.6282280087471008,0.32392647862434387,0.29086834192276,0.5979889631271362,0.3484187126159668,-0.4468876123428345,0.635451078414917,0.2549697160720825,0.20756572484970093,0.6179431080818176,0.2688581049442291,-0.5949912667274475
leg raises_500271.jpg,0.43328410387039185,0.11910897493362427,-0.36109694838523865,0.43376314640045166,0.10147006809711456,-0.3145662248134613,0.4347423315048218,0.10089834779500961,-0.314550518989563,0.4353601336479187,0.10002962499856949,-0.31450891494750977,0.42603403329849243,0.10043750703334808,-0.36766332387924194,0.4217741787433624,0.09918207675218582,-0.36761635541915894,0.4169481098651886,0.09774802625179291,-0.36760851740837097,0.4274227023124695,0.09955476224422455,-0.10167541354894638,0.3998183310031891,0.09754243493080139,-0.24751251935958862,0.43080490827560425,0.13427801430225372,-0.2729707658290863,0.4224545657634735,0.1331012099981308,-0.3498370349407196,0.43837299942970276,0.1856652945280075,0.11557963490486145,0.37424638867378235,0.1871344894170761,-0.23372171819210052,0.45337530970573425,0.29278847575187683,0.1843446046113968,0.36975333094596863,0.308150053024292,-0.3951883018016815,0.5217533707618713,0.2924829125404358,0.028691986575722694,0.4286913573741913,0.29445990920066833,-0.5705652236938477,0.5373817086219788,0.286908894777298,0.007532665040344,0.443620502948761,0.28864389657974243,-0.6184741258621216,0.5354389548301697,0.27601397037506104,-0.017103085294365883,0.444210946559906,0.274413138628006,-0.6203132271766663,0.5306276082992554,0.27796730399131775,0.013816461898386478,0.4404855966567993,0.27448490262031555,-0.5706968307495117,0.4348312020301819,0.41226404905319214,0.1106996238231659,0.39142709970474243,0.4140222370624542,-0.11070479452610016,0.4866371750831604,0.5412677526473999,0.1352333277463913,0.48071587085723877,0.5619603991508484,-0.14103344082832336,0.5170398950576782,0.7219014763832092,0.16331863403320312,0.5470578670501709,0.7445093989372253,-0.04558594897389412,0.5433622598648071,0.753244936466217,0.15461011230945587,0.560455858707428,0.7806276082992554,-0.042182616889476776,0.5457041263580322,0.762591540813446,0.035928480327129364,0.5794568657875061,0.7824513912200928,-0.15996353328227997
leg raises_500281.jpg,0.4466380476951599,0.12644049525260925,-0.246807262301445,0.44757625460624695,0.11002321541309357,-0.21365109086036682,0.448479562997818,0.11011991649866104,-0.21370549499988556,0.44890058040618896,0.10994774848222733,-0.21372634172439575,0.43975454568862915,0.10635311156511307,-0.2499699592590332,0.43505313992500305,0.10377883911132812,-0.2499723583459854,0.43007147312164307,0.10105138272047043,-0.2500401735305786,0.43745604157447815,0.10853035002946854,-0.030562100932002068,0.41238585114479065,0.09936370700597763,-0.18910670280456543,0.44338300824165344,0.14360757172107697,-0.17446230351924896,0.4338669180870056,0.14072822034358978,-0.22235026955604553,0.43883752822875977,0.2100934535264969,0.16034406423568726,0.3796280026435852,0.1943025439977646,-0.2125146985054016,0.46183401346206665,0.3144119381904602,0.15678152441978455,0.37614691257476807,0.32275664806365967,-0.37581226229667664,0.5390114188194275,0.2960864007472992,-0.06643997132778168,0.4448220431804657,0.29629063606262207,-0.5377349853515625,0.5588015913963318,0.29344043135643005,-0.10018135607242584,0.45927560329437256,0.2920326590538025,-0.585631787776947,0.5564701557159424,0.2820698916912079,-0.11969579011201859,0.45844152569770813,0.2770389914512634,-0.587454080581665,0.5495907068252563,0.2834506630897522,-0.08295567333698273,0.4553373456001282,0.2769032120704651,-0.5381423234939575,0.4384075105190277,0.4602886736392975,0.1132059246301651,0.39412176609039307,0.45201975107192993,-0.11318540573120117,0.45512884855270386,0.6438320875167847,0.10692810267210007,0.4328520894050598,0.650686502456665,-0.14508289098739624,0.4203943610191345,0.8290802240371704,0.1755334883928299,0.3986130952835083,0.8512667417526245,-0.05636224523186684,0.40716302394866943,0.8604399561882019,0.1730022430419922,0.38245445489883423,0.887121319770813,-0.05499984696507454,0.46925535798072815,0.8730201125144958,0.06452956050634384,0.438668429851532,0.898804783821106,-0.20220355689525604
leg raises_500291.jpg,0.45432910323143005,0.14018501341342926,-0.23581081628799438,0.4553746283054352,0.12487896531820297,-0.19932444393634796,0.4565821886062622,0.12473896890878677,-0.19940361380577087,0.4574227035045624,0.1243097335100174,-0.1994444876909256,0.44666993618011475,0.1227005124092102,-0.2311345785856247,0.44160139560699463,0.12089702486991882,-0.23111215233802795,0.43637409806251526,0.11881473660469055,-0.23114009201526642,0.44693300127983093,0.1246209368109703,-0.010365765541791916,0.4200473725795746,0.11946238577365875,-0.15473461151123047,0.451718270778656,0.15705648064613342,-0.16304229199886322,0.4415574073791504,0.15581028163433075,-0.2043726146221161,0.4448907673358917,0.22650782763957977,0.1764882355928421,0.3875536024570465,0.21368087828159332,-0.19458059966564178,0.47245198488235474,0.32816892862319946,0.18555320799350739,0.3830108344554901,0.34565943479537964,-0.3506481945514679,0.5535619854927063,0.322581946849823,-0.050720058381557465,0.45075342059135437,0.32941392064094543,-0.5217555165290833,0.5705831050872803,0.31469470262527466,-0.0885063037276268,0.4651562571525574,0.32370275259017944,-0.5754964351654053,0.5691378116607666,0.30186986923217773,-0.11473021656274796,0.4659367799758911,0.3085689842700958,-0.5725492835044861,0.5633543729782104,0.305319607257843,-0.06992792338132858,0.46320369839668274,0.3095792233943939,-0.5206899642944336,0.45219337940216064,0.4621421694755554,0.11690965294837952,0.4088440239429474,0.4694846272468567,-0.11681301146745682,0.46823447942733765,0.6252491474151611,0.07563824951648712,0.4866177439689636,0.63991379737854,-0.15337561070919037,0.4095527231693268,0.8203086256980896,0.17118903994560242,0.5243769884109497,0.8113377690315247,-0.06022574380040169,0.40126684308052063,0.8451756834983826,0.17514900863170624,0.5182062983512878,0.8409174680709839,-0.05623159930109978,0.4690590500831604,0.8556998372077942,0.07918116450309753,0.577174961566925,0.8547724485397339,-0.18600152432918549
leg raises_500301.jpg,0.45252132415771484,0.15792468190193176,-0.3390484154224396,0.4538677930831909,0.14127469062805176,-0.29913169145584106,0.45546969771385193,0.14112499356269836,-0.29911741614341736,0.45676878094673157,0.1407547891139984,-0.2992051839828491,0.4450754225254059,0.13990044593811035,-0.33943885564804077,0.44032832980155945,0.13874579966068268,-0.339605450630188,0.4354075789451599,0.13719162344932556,-0.3396166265010834,0.44338157773017883,0.14029033482074738,-0.10842375457286835,0.41977012157440186,0.13631445169448853,-0.2870241701602936,0.4512813687324524,0.17423473298549652,-0.2656448483467102,0.44089728593826294,0.17213957011699677,-0.3175486922264099,0.4325672686100006,0.22364099323749542,0.17321866750717163,0.3894153833389282,0.22531011700630188,-0.31922799348831177,0.45441529154777527,0.3274012804031372,0.215304434299469,0.38493630290031433,0.35597944259643555,-0.3611670434474945,0.4803069531917572,0.32698825001716614,0.11997660994529724,0.4511880874633789,0.3332255780696869,-0.3327402174472809,0.49052566289901733,0.33268263936042786,0.12463153153657913,0.4667135775089264,0.3271476626396179,-0.3624398112297058,0.4792461395263672,0.3216865658760071,0.09532678872346878,0.4646793305873871,0.31354108452796936,-0.3587339520454407,0.47661149501800537,0.3218621015548706,0.10426763445138931,0.46053898334503174,0.3135354518890381,-0.32546716928482056,0.44424036145210266,0.44923073053359985,0.13256751000881195,0.4199705123901367,0.466641902923584,-0.13241331279277802,0.5386216640472412,0.3993428647518158,0.2044830620288849,0.531897783279419,0.4211139678955078,-0.258338987827301,0.6533913016319275,0.3103536069393158,0.27178654074668884,0.6628562808036804,0.335986465215683,-0.3669171631336212,0.6811320781707764,0.33672916889190674,0.2740308940410614,0.6878470778465271,0.3472194969654083,-0.3821432292461395,0.6754410862922668,0.2245088368654251,0.20766514539718628,0.6789509654045105,0.21759986877441406,-0.5103843808174133
leg raises_500311.jpg,0.4490615725517273,0.16721422970294952,-0.23511213064193726,0.4506560266017914,0.15021929144859314,-0.2025345265865326,0.45184558629989624,0.15005309879779816,-0.20260821282863617,0.4528873562812805,0.14962497353553772,-0.20267049968242645,0.4426000416278839,0.14888468384742737,-0.23754100501537323,0.43804416060447693,0.14775675535202026,-0.23755905032157898,0.43311265110969543,0.14631281793117523,-0.23755566775798798,0.4403199851512909,0.14887447655200958,-0.02989102154970169,0.4168734848499298,0.14404676854610443,-0.1931496262550354,0.446605384349823,0.18332335352897644,-0.16621771454811096,0.43720659613609314,0.18015047907829285,-0.21167229115962982,0.4358801245689392,0.23548245429992676,0.16871914267539978,0.3819062113761902,0.23381328582763672,-0.2926785349845886,0.45884692668914795,0.3404741883277893,0.1773332804441452,0.3815017640590668,0.36586838960647583,-0.351182758808136,0.5147392153739929,0.34294357895851135,-0.02982592023909092,0.44691699743270874,0.3457566499710083,-0.4611373841762543,0.5312931537628174,0.3413980007171631,-0.054190561175346375,0.46465378999710083,0.3452441692352295,-0.5147474408149719,0.533587634563446,0.3290732204914093,-0.07978133112192154,0.46314823627471924,0.3268193006515503,-0.49629703164100647,0.527052640914917,0.3304479420185089,-0.04740472882986069,0.45793163776397705,0.32486721873283386,-0.4503627121448517,0.42841005325317383,0.45927131175994873,0.12859266996383667,0.38879287242889404,0.46662288904190063,-0.12829087674617767,0.42935046553611755,0.6176329255104065,0.14082631468772888,0.5001841187477112,0.49690741300582886,-0.16286064684391022,0.40891262888908386,0.7989307045936584,0.10784723609685898,0.6389481425285339,0.5227554440498352,-0.23462842404842377,0.39562785625457764,0.8264963030815125,0.10386498272418976,0.6499149203300476,0.5484982132911682,-0.25784164667129517,0.4421178698539734,0.8099784255027771,0.014967202208936214,0.6872928142547607,0.4576402008533478,-0.31473037600517273
leg raises_500321.jpg,0.4436381161212921,0.18520119786262512,-0.27326518297195435,0.4467814862728119,0.16831979155540466,-0.23790068924427032,0.4485040307044983,0.16874553263187408,-0.23801545798778534,0.4499143064022064,0.16890285909175873,-0.23802094161510468,0.4375934302806854,0.16413599252700806,-0.27734142541885376,0.43284520506858826,0.1617341935634613,-0.2772764563560486,0.4277983009815216,0.15914765000343323,-0.2773745656013489,0.4396539032459259,0.16769100725650787,-0.05222966521978378,0.41186287999153137,0.1545201987028122,-0.20145054161548615,0.44156181812286377,0.2000250220298767,-0.1715518981218338,0.43152230978012085,0.19492968916893005,-0.23581965267658234,0.43770265579223633,0.25777700543403625,0.14690238237380981,0.3745356500148773,0.2451401650905609,-0.24247364699840546,0.4592885673046112,0.3660605251789093,0.14799048006534576,0.37407949566841125,0.3750956356525421,-0.3902255892753601,0.5240204334259033,0.35675370693206787,-0.10793112218379974,0.4450785219669342,0.34867075085639954,-0.5827876925468445,0.5410429239273071,0.35020530223846436,-0.14977499842643738,0.4603056013584137,0.3462085425853729,-0.6395359635353088,0.5435675978660583,0.33617258071899414,-0.17895987629890442,0.4596085548400879,0.3314463198184967,-0.6366205811500549,0.5368765592575073,0.34049853682518005,-0.12963923811912537,0.4547974467277527,0.33112049102783203,-0.5812556743621826,0.4313136041164398,0.5022828578948975,0.12377630919218063,0.3886530101299286,0.5036967992782593,-0.1236257255077362,0.43953952193260193,0.6863558292388916,0.15152552723884583,0.4477185606956482,0.6882461905479431,-0.16847297549247742,0.3857423961162567,0.8565595149993896,0.27212852239608765,0.4614400863647461,0.8794328570365906,-0.11054979264736176,0.3708476126194,0.8755257725715637,0.2758486568927765,0.43909457325935364,0.8841496706008911,-0.11118940263986588,0.4241337180137634,0.9165194034576416,0.165007084608078,0.5079222321510315,0.9328553080558777,-0.26490989327430725
leg raises_500331.jpg,0.44303083419799805,0.19458334147930145,-0.2684399485588074,0.44656607508659363,0.17813777923583984,-0.23246683180332184,0.44832074642181396,0.17831069231033325,-0.2325495332479477,0.4497583508491516,0.17817267775535583,-0.23258201777935028,0.43721258640289307,0.17471231520175934,-0.26713234186172485,0.4324916899204254,0.17250846326351166,-0.26710569858551025,0.42741164565086365,0.1697102040052414,-0.26717016100883484,0.4399021565914154,0.17528831958770752,-0.03257002681493759,0.4117617607116699,0.1629294604063034,-0.18581558763980865,0.4410170018672943,0.2080799788236618,-0.18499138951301575,0.43094441294670105,0.20325496792793274,-0.23219560086727142,0.43889719247817993,0.2601225674152374,0.15561842918395996,0.375006765127182,0.2500445544719696,-0.21437214314937592,0.4608142077922821,0.36575114727020264,0.1430073380470276,0.37374162673950195,0.3790361285209656,-0.3740285038948059,0.5284677147865295,0.3586278557777405,-0.1111086755990982,0.44335442781448364,0.35999733209609985,-0.5492104887962341,0.545545220375061,0.3492816388607025,-0.15399672091007233,0.45838308334350586,0.3586605191230774,-0.6023750901222229,0.5469852685928345,0.33598074316978455,-0.17820633947849274,0.4582824409008026,0.3441402316093445,-0.6040889024734497,0.5404395461082458,0.340207576751709,-0.13075779378414154,0.4535273313522339,0.3418963849544525,-0.5498664975166321,0.43200960755348206,0.5040454268455505,0.1191653162240982,0.38839736580848694,0.5109447240829468,-0.11906234920024872,0.4326381981372833,0.6689582467079163,0.1219111979007721,0.413692444562912,0.6793510913848877,-0.20520861446857452,0.38979923725128174,0.8597612380981445,0.2123502790927887,0.3940291702747345,0.8822011947631836,-0.12924133241176605,0.37224724888801575,0.889156699180603,0.21384865045547485,0.3788882791996002,0.9146363735198975,-0.13224460184574127,0.43036407232284546,0.9119831323623657,0.11195613443851471,0.43088045716285706,0.9344505071640015,-0.27647924423217773
leg raises_500341.jpg,0.45175817608833313,0.19689229130744934,-0.12318852543830872,0.4548496901988983,0.1816418319940567,-0.09353535622358322,0.45622074604034424,0.18153654038906097,-0.09365782141685486,0.4572667181491852,0.1811620444059372,-0.09373190999031067,0.4468995928764343,0.17949479818344116,-0.13017667829990387,0.44289475679397583,0.17779120802879333,-0.13018667697906494,0.4383343756198883,0.17561982572078705,-0.1302172988653183,0.44670459628105164,0.17738348245620728,0.06780289858579636,0.42180779576301575,0.1691611409187317,-0.09937023371458054,0.44874435663223267,0.2095746397972107,-0.05795164033770561,0.43998005986213684,0.20682130753993988,-0.10635077953338623,0.44006481766700745,0.25637030601501465,0.2151077687740326,0.3803804814815521,0.2494754195213318,-0.1341392546892166,0.4659558832645416,0.36318469047546387,0.14916007220745087,0.37588968873023987,0.3819771111011505,-0.33756059408187866,0.5360773205757141,0.3574051260948181,-0.143615260720253,0.44907426834106445,0.36162638664245605,-0.5277135372161865,0.5532764792442322,0.3530471920967102,-0.1877060979604721,0.46694809198379517,0.36402443051338196,-0.5776702165603638,0.553412139415741,0.3419036567211151,-0.21078749001026154,0.4684121012687683,0.34668514132499695,-0.6000128388404846,0.5469188094139099,0.3437618315219879,-0.16251221299171448,0.46297305822372437,0.34658750891685486,-0.534105658531189,0.43290600180625916,0.49813318252563477,0.12317752838134766,0.3926171362400055,0.49849560856819153,-0.12285186350345612,0.4401949346065521,0.6719329953193665,0.09174228459596634,0.5195426344871521,0.5964542627334595,-0.2009442299604416,0.39505597949028015,0.8549000024795532,0.0953618735074997,0.6496409177780151,0.6732615828514099,-0.22760027647018433,0.3818661868572235,0.8749787211418152,0.09119696915149689,0.6406600475311279,0.7122731804847717,-0.23528017103672028,0.43453899025917053,0.8774368166923523,0.00604679249227047,0.7064247131347656,0.6349095106124878,-0.34547317028045654
leg raises_500351.jpg,0.45936307311058044,0.19942429661750793,-0.1366872787475586,0.4606027901172638,0.1825942099094391,-0.11103488504886627,0.4615304172039032,0.1822865754365921,-0.11106348782777786,0.46213969588279724,0.18167997896671295,-0.1110646054148674,0.4540277123451233,0.18139943480491638,-0.14582906663417816,0.45015984773635864,0.18018364906311035,-0.14591924846172333,0.44586095213890076,0.1785682737827301,-0.14599154889583588,0.45038777589797974,0.17875871062278748,0.030452249571681023,0.4281665086746216,0.17438071966171265,-0.12750916182994843,0.4563823342323303,0.21305996179580688,-0.08004259318113327,0.4493004083633423,0.21122072637081146,-0.12593680620193481,0.4450168311595917,0.2524256110191345,0.15543098747730255,0.38913604617118835,0.24786987900733948,-0.15092311799526215,0.4695257544517517,0.36200305819511414,0.05059985816478729,0.38436761498451233,0.38418304920196533,-0.26501330733299255,0.4776550233364105,0.35457518696784973,-0.19916445016860962,0.4575042724609375,0.3599010109901428,-0.3093813359737396,0.4863380193710327,0.35392284393310547,-0.2268105149269104,0.473540723323822,0.35928577184677124,-0.3427405059337616,0.47980594635009766,0.33671554923057556,-0.2500334084033966,0.4734000265598297,0.3429901897907257,-0.3283524811267853,0.4746231138706207,0.3390862047672272,-0.21535491943359375,0.4677325487136841,0.34198710322380066,-0.3004715144634247,0.45278114080429077,0.490569144487381,0.09891142696142197,0.4289862811565399,0.4926142394542694,-0.09860750287771225,0.47368913888931274,0.565660834312439,0.03542767092585564,0.527941882610321,0.44448351860046387,-0.27092066407203674,0.5538541674613953,0.5519798398017883,-0.001767872367054224,0.6556276679039001,0.30297553539276123,-0.4415227174758911,0.5688275098800659,0.5617755651473999,-0.008927174843847752,0.6732274889945984,0.30170610547065735,-0.4617444574832916,0.5712947845458984,0.5166402459144592,-0.09805703908205032,0.6778168082237244,0.19149723649024963,-0.5841483473777771
leg raises_500361.jpg,0.459805965423584,0.19913813471794128,-0.19634072482585907,0.46151450276374817,0.18304826319217682,-0.16606077551841736,0.46265703439712524,0.18279144167900085,-0.1661139577627182,0.46348336338996887,0.1822364181280136,-0.1661408245563507,0.4540952444076538,0.18149666488170624,-0.1962183117866516,0.4500628113746643,0.18009048700332642,-0.1962548941373825,0.4453648626804352,0.17824353277683258,-0.1962820440530777,0.4524236023426056,0.17896290123462677,0.01596352644264698,0.4283331632614136,0.17338347434997559,-0.17137852311134338,0.4567248225212097,0.2133108377456665,-0.129920095205307,0.4486463665962219,0.2113078236579895,-0.17044731974601746,0.45400795340538025,0.25712260603904724,0.15140463411808014,0.38960373401641846,0.249562069773674,-0.19297116994857788,0.47794103622436523,0.3694390058517456,0.10606444627046585,0.39151301980018616,0.38406288623809814,-0.3418571650981903,0.5399606823921204,0.3605654835700989,-0.18066485226154327,0.46034523844718933,0.3711042106151581,-0.4732685089111328,0.5550739169120789,0.3551581799983978,-0.21900682151317596,0.4808780252933502,0.36883091926574707,-0.5227945446968079,0.5544492602348328,0.340446412563324,-0.222929447889328,0.48131057620048523,0.35278183221817017,-0.5123079419136047,0.5489333271980286,0.3429504930973053,-0.21443505585193634,0.4746374487876892,0.35258182883262634,-0.46661508083343506,0.45452964305877686,0.4900120496749878,0.11813811212778091,0.4214722216129303,0.49350881576538086,-0.11776266992092133,0.4695214033126831,0.6499534249305725,0.05147910118103027,0.528803288936615,0.5338085293769836,-0.17460347712039948,0.4275182783603668,0.8303548097610474,0.0801641047000885,0.6447664499282837,0.6451073288917542,-0.2335515022277832,0.4180496633052826,0.8541233539581299,0.07708434015512466,0.6589400768280029,0.6787167191505432,-0.2457878589630127,0.5318180918693542,0.846183717250824,-0.01773916371166706,0.7138134241104126,0.5539424419403076,-0.34415164589881897
leg raises_500371.jpg,0.45370417833328247,0.20023050904273987,-0.26819509267807007,0.4557264447212219,0.18538543581962585,-0.22982604801654816,0.45741164684295654,0.18548715114593506,-0.22985385358333588,0.4586370289325714,0.1852823942899704,-0.2298997938632965,0.44666069746017456,0.18307149410247803,-0.2627426087856293,0.4417470097541809,0.18147072196006775,-0.26271262764930725,0.43656212091445923,0.17941074073314667,-0.26273486018180847,0.4493986964225769,0.18484000861644745,-0.0075272503308951855,0.421478807926178,0.17582613229751587,-0.18068408966064453,0.45203205943107605,0.21514591574668884,-0.18719172477722168,0.44259700179100037,0.21192745864391327,-0.2303905189037323,0.4516851305961609,0.2782902419567108,0.16325832903385162,0.38818374276161194,0.26133033633232117,-0.20789170265197754,0.47689831256866455,0.392153799533844,0.14222082495689392,0.39045462012290955,0.39235997200012207,-0.3877355456352234,0.5427916646003723,0.3671298027038574,-0.12443052977323532,0.45858240127563477,0.3747350573539734,-0.54469895362854,0.5599446892738342,0.3549130856990814,-0.17064832150936127,0.47749564051628113,0.37127602100372314,-0.5983460545539856,0.5605221390724182,0.3412298560142517,-0.18413540720939636,0.47732990980148315,0.3587126135826111,-0.5924991369247437,0.5544143319129944,0.3451187312602997,-0.14802595973014832,0.4717176854610443,0.3587002754211426,-0.5419944524765015,0.4532972276210785,0.5181491374969482,0.11702033877372742,0.41292187571525574,0.5163064002990723,-0.11676386743783951,0.45856359601020813,0.7144163250923157,0.07338675856590271,0.4219765067100525,0.7114484906196594,-0.15511783957481384,0.42141690850257874,0.8983621597290039,0.21661357581615448,0.41109582781791687,0.9112127423286438,-0.03580308333039284,0.4068383276462555,0.9253526329994202,0.22168168425559998,0.40109461545944214,0.9402377605438232,-0.030966784805059433,0.4756762385368347,0.9533916115760803,0.10411104559898376,0.4436216354370117,0.9690116047859192,-0.1899351179599762
leg raises_500381.jpg,0.4508611857891083,0.2088238000869751,-0.2734185457229614,0.45321890711784363,0.19337373971939087,-0.23985931277275085,0.45492106676101685,0.19328156113624573,-0.23992376029491425,0.45619502663612366,0.1927722692489624,-0.2399347722530365,0.4442034959793091,0.190958634018898,-0.2760067880153656,0.43933284282684326,0.18918448686599731,-0.27598991990089417,0.4342122972011566,0.18696799874305725,-0.27605608105659485,0.4470764398574829,0.19049924612045288,-0.039312757551670074,0.4195364713668823,0.1820569932460785,-0.21173876523971558,0.4492758810520172,0.22249934077262878,-0.19600461423397064,0.4403051435947418,0.21860980987548828,-0.24335691332817078,0.4485960006713867,0.2778772711753845,0.15845966339111328,0.38460931181907654,0.2661808133125305,-0.22850172221660614,0.471917986869812,0.39025115966796875,0.16418300569057465,0.38463690876960754,0.403950572013855,-0.38370707631111145,0.5386682748794556,0.374985933303833,-0.07870941609144211,0.4567331373691559,0.3815392851829529,-0.5447196364402771,0.5559715628623962,0.3595295250415802,-0.11783011257648468,0.475655198097229,0.3767162263393402,-0.6005950570106506,0.5563165545463562,0.34742945432662964,-0.14536336064338684,0.474755197763443,0.36374300718307495,-0.6022405028343201,0.5495797395706177,0.352111279964447,-0.09973665326833725,0.46967190504074097,0.36399322748184204,-0.5446726679801941,0.4505280554294586,0.5303258895874023,0.12630896270275116,0.4085734188556671,0.5347893834114075,-0.12620119750499725,0.4556305706501007,0.7137458920478821,0.1800229549407959,0.4461507797241211,0.7373514175415039,-0.19169284403324127,0.3872935473918915,0.8874449133872986,0.3391599953174591,0.4772191047668457,0.9339886903762817,-0.12780849635601044,0.3709490895271301,0.9072446227073669,0.3464484214782715,0.4703659117221832,0.985224723815918,-0.1305030882358551,0.4236384332180023,0.9424422383308411,0.2495933622121811,0.5228665471076965,0.9976279139518738,-0.2452905923128128
leg raises_500391.jpg,0.4506486654281616,0.22434434294700623,-0.26524895429611206,0.45309311151504517,0.20908640325069427,-0.23519136011600494,0.45485222339630127,0.2094498574733734,-0.2352427989244461,0.45588403940200806,0.2094554454088211,-0.2352844923734665,0.4441652297973633,0.2056673914194107,-0.27064087986946106,0.43941500782966614,0.20364134013652802,-0.2706618905067444,0.43433764576911926,0.20126675069332123,-0.27074211835861206,0.44485631585121155,0.20598848164081573,-0.07157803326845169,0.4193982779979706,0.1943729668855667,-0.23371390998363495,0.44722095131874084,0.23804649710655212,-0.19590690732002258,0.4390031695365906,0.23331275582313538,-0.24236635863780975,0.44234153628349304,0.2886795103549957,0.09812814742326736,0.38102492690086365,0.27661624550819397,-0.23791466653347015,0.4671860635280609,0.386136531829834,0.16173548996448517,0.3831530809402466,0.40980198979377747,-0.288723886013031,0.5356131792068481,0.3749643862247467,-0.008187136612832546,0.4558976888656616,0.3916916251182556,-0.3000049889087677,0.555537760257721,0.36334428191185,-0.032573048025369644,0.4754234850406647,0.3868635296821594,-0.3313092291355133,0.5544077157974243,0.3526187539100647,-0.06419795006513596,0.47345638275146484,0.3716029226779938,-0.33621418476104736,0.5480321645736694,0.3557898998260498,-0.028216300532221794,0.467532753944397,0.372589111328125,-0.2977016270160675,0.4501734673976898,0.5177332758903503,0.10065452754497528,0.39479637145996094,0.5256296396255493,-0.10048799216747284,0.513780415058136,0.5693992376327515,0.02141500636935234,0.4135129153728485,0.6991398334503174,-0.10723256319761276,0.5917511582374573,0.5999649167060852,0.06730251759290695,0.39883938431739807,0.8537610173225403,-0.038914624601602554,0.5968934893608093,0.6159193515777588,0.06635427474975586,0.399971067905426,0.8836360573768616,-0.038667671382427216,0.638117790222168,0.5878868699073792,-0.011041417717933655,0.4688466191291809,0.8613491654396057,-0.162632018327713
leg raises_500401.jpg,0.45194676518440247,0.2284402847290039,-0.21458813548088074,0.45451509952545166,0.21229323744773865,-0.1951286494731903,0.4558635354042053,0.21236065030097961,-0.19510118663311005,0.4567297697067261,0.21212461590766907,-0.1951131820678711,0.44732263684272766,0.20999090373516083,-0.23066766560077667,0.4431620240211487,0.20842088758945465,-0.2307426631450653,0.43846285343170166,0.2064286172389984,-0.23083631694316864,0.4457157254219055,0.20848800241947174,-0.060436200350522995,0.422140896320343,0.19997474551200867,-0.2180306613445282,0.44785404205322266,0.24229884147644043,-0.1589127480983734,0.44057899713516235,0.23871904611587524,-0.2056669294834137,0.44244053959846497,0.28588342666625977,0.09661464393138885,0.38169485330581665,0.2765014171600342,-0.2372847944498062,0.4723525643348694,0.38347387313842773,0.07242856174707413,0.38470056653022766,0.4109210669994354,-0.30825385451316833,0.5289407968521118,0.37227532267570496,-0.1564006805419922,0.46101585030555725,0.3884427845478058,-0.3788480758666992,0.5410059094429016,0.36171573400497437,-0.178667813539505,0.4811351001262665,0.38332587480545044,-0.4149536192417145,0.5407825708389282,0.35150766372680664,-0.21116571128368378,0.4788300693035126,0.3681308627128601,-0.40189531445503235,0.5382076501846313,0.3529035151004791,-0.17705583572387695,0.4726073443889618,0.36857932806015015,-0.37019190192222595,0.4491442143917084,0.5133085250854492,0.10312442481517792,0.39993926882743835,0.5201665163040161,-0.10295255482196808,0.47624725103378296,0.5910083651542664,0.05333765968680382,0.44990211725234985,0.5496759414672852,-0.11838369816541672,0.515518844127655,0.6979914903640747,0.1034020408987999,0.5520170331001282,0.5081902742385864,-0.10795672237873077,0.5180659890174866,0.718026876449585,0.10203561931848526,0.5671088695526123,0.5121080875396729,-0.11023824661970139,0.5527294874191284,0.7028951644897461,0.027178701013326645,0.5887548923492432,0.4575556516647339,-0.2211170345544815
leg raises_500411.jpg,0.4637065827846527,0.2334432750940323,-0.3047727644443512,0.4672292470932007,0.21601125597953796,-0.2798481285572052,0.46864694356918335,0.21595098078250885,-0.2798877954483032,0.4696434736251831,0.21558932960033417,-0.27991893887519836,0.459784597158432,0.21267585456371307,-0.31359192728996277,0.4558332860469818,0.21032264828681946,-0.3136080801486969,0.45137545466423035,0.2077837437391281,-0.31368717551231384,0.46045568585395813,0.20941993594169617,-0.10436535626649857,0.4355725646018982,0.19997988641262054,-0.2558934986591339,0.4610535204410553,0.24422591924667358,-0.23164914548397064,0.45190510153770447,0.2402694970369339,-0.2758702039718628,0.4585568606853485,0.28641825914382935,0.07914627343416214,0.3929726779460907,0.27195030450820923,-0.23544082045555115,0.4854607880115509,0.3918825685977936,0.07941228896379471,0.3923414349555969,0.4097653329372406,-0.35940858721733093,0.5472429990768433,0.37524545192718506,-0.16451285779476166,0.4687478840351105,0.38686713576316833,-0.5112951397895813,0.562088668346405,0.3643878102302551,-0.2016068398952484,0.4890410006046295,0.38045328855514526,-0.55917888879776,0.5616127252578735,0.35374653339385986,-0.22373202443122864,0.48972246050834656,0.36548537015914917,-0.5560476183891296,0.5562788844108582,0.357740193605423,-0.18106484413146973,0.48476508259773254,0.36638137698173523,-0.5085017085075378,0.4738065004348755,0.513696551322937,0.10105577856302261,0.42075178027153015,0.5218649506568909,-0.10098616033792496,0.5318912267684937,0.6498725414276123,0.032694630324840546,0.5150680541992188,0.6496469974517822,-0.14156946539878845,0.5800734758377075,0.8177663087844849,0.1276092380285263,0.5789579749107361,0.8224525451660156,-0.04958302900195122,0.5770130753517151,0.846651017665863,0.1273326426744461,0.5780969858169556,0.849395215511322,-0.04324129596352577,0.6168928742408752,0.8833929896354675,0.008414318785071373,0.622538149356842,0.879195511341095,-0.18998600542545319
leg raises_500421.jpg,0.4719618856906891,0.23476184904575348,-0.20772701501846313,0.47531017661094666,0.21723701059818268,-0.1802983283996582,0.47625139355659485,0.21689124405384064,-0.18031658232212067,0.4768237769603729,0.21614280343055725,-0.1803254783153534,0.46940717101097107,0.2139396071434021,-0.21913963556289673,0.46619242429733276,0.21138478815555573,-0.2191144973039627,0.4626225233078003,0.2085769921541214,-0.21920868754386902,0.4675388038158417,0.2083391547203064,-0.01251326221972704,0.44778794050216675,0.19932043552398682,-0.1895265430212021,0.4686654210090637,0.24430790543556213,-0.13918301463127136,0.4605681002140045,0.24057789146900177,-0.1903761476278305,0.46163269877433777,0.2857009172439575,0.1687854677438736,0.39788681268692017,0.2690930962562561,-0.23232945799827576,0.4890381097793579,0.38794761896133423,0.16576120257377625,0.39527755975723267,0.4054773151874542,-0.3706882894039154,0.5559765696525574,0.3745405972003937,-0.06069602817296982,0.4711013734340668,0.384072482585907,-0.5036137700080872,0.5691326260566711,0.35702788829803467,-0.09311609715223312,0.48901548981666565,0.3788660168647766,-0.5492478609085083,0.5678123235702515,0.3476543724536896,-0.1102806031703949,0.49069592356681824,0.3634832203388214,-0.5456183552742004,0.5623149871826172,0.35311415791511536,-0.07524394243955612,0.4853736162185669,0.3642476797103882,-0.5000960230827332,0.4680594205856323,0.5265173316001892,0.1257724016904831,0.41993752121925354,0.529908299446106,-0.1257660835981369,0.5069584250450134,0.7008283138275146,0.11597569286823273,0.46760493516921997,0.7189770936965942,-0.2242555022239685,0.4638931453227997,0.8551095724105835,0.29445141553878784,0.4168536961078644,0.8970955610275269,-0.14206033945083618,0.4274643361568451,0.8984295129776001,0.30442503094673157,0.3977771997451782,0.9242896437644958,-0.1384025365114212,0.4868372678756714,0.9335107803344727,0.22502461075782776,0.45455700159072876,0.9639990329742432,-0.2913866937160492
leg raises_600071.jpg,0.4761279821395874,0.22504279017448425,-0.18595749139785767,0.48050931096076965,0.20706728100776672,-0.16579905152320862,0.4835418164730072,0.20545019209384918,-0.16590972244739532,0.48665350675582886,0.20385585725307465,-0.16601626574993134,0.4714241325855255,0.2062382847070694,-0.17480412125587463,0.46765294671058655,0.2042582631111145,-0.17480161786079407,0.4636726975440979,0.20272786915302277,-0.17486749589443207,0.48867276310920715,0.198884516954422,0.0014043597038835287,0.45428404211997986,0.19699297845363617,-0.03832024335861206,0.4795130491256714,0.23815414309501648,-0.1175839826464653,0.46759146451950073,0.23745672404766083,-0.1300322711467743,0.5127214789390564,0.26459062099456787,0.14643171429634094,0.4182165861129761,0.2566198408603668,0.05991468206048012,0.5358653664588928,0.37166494131088257,0.052442293614149094,0.40030819177627563,0.37597206234931946,-0.04270299896597862,0.5623939633369446,0.3558363914489746,-0.22849851846694946,0.4054708182811737,0.3831612467765808,-0.3248811662197113,0.5769039392471313,0.34714049100875854,-0.28666579723358154,0.3946440815925598,0.38404014706611633,-0.37803390622138977,0.5775862336158752,0.34404486417770386,-0.3032940626144409,0.4074544310569763,0.366496205329895,-0.41013363003730774,0.5696579813957214,0.34824544191360474,-0.24372674524784088,0.40278953313827515,0.3708653450012207,-0.34452542662620544,0.5028483867645264,0.5225743651390076,0.022722002118825912,0.4410623013973236,0.5247620344161987,-0.022391770035028458,0.5047996044158936,0.706186830997467,-0.04154488816857338,0.46063658595085144,0.7052015662193298,-0.09149621427059174,0.49679434299468994,0.8817248940467834,0.1393597275018692,0.46077483892440796,0.8910477757453918,0.06974432617425919,0.4866889715194702,0.8990305662155151,0.14900779724121094,0.45788446068763733,0.9084757566452026,0.07603507488965988,0.4878346621990204,0.9469237327575684,-0.02436576969921589,0.46749618649482727,0.9631099104881287,-0.10608914494514465
leg raises_600081.jpg,0.4770006537437439,0.20302748680114746,-0.21992462873458862,0.48254579305648804,0.18272747099399567,-0.20287729799747467,0.4865405857563019,0.1804000288248062,-0.2031036764383316,0.4898521304130554,0.17825624346733093,-0.20323726534843445,0.47134408354759216,0.18354153633117676,-0.19861504435539246,0.4669312536716461,0.18192200362682343,-0.1986435204744339,0.4630165100097656,0.18055519461631775,-0.19867077469825745,0.4931679666042328,0.1754990667104721,-0.01982882246375084,0.4564511477947235,0.17826050519943237,-0.07896216958761215,0.48247653245925903,0.21524253487586975,-0.14514929056167603,0.4690313935279846,0.21671339869499207,-0.1680465042591095,0.5172003507614136,0.247769296169281,0.10926804691553116,0.42268380522727966,0.24441909790039062,0.0128557737916708,0.5443450808525085,0.3625636100769043,0.005734956357628107,0.4004027545452118,0.36291998624801636,-0.0640314444899559,0.5711920261383057,0.35114604234695435,-0.3481123745441437,0.40205392241477966,0.38567283749580383,-0.3368445634841919,0.5853193402290344,0.345260888338089,-0.41720789670944214,0.39037570357322693,0.3902253806591034,-0.3907895088195801,0.5860212445259094,0.3397734463214874,-0.43704351782798767,0.4048037827014923,0.36953726410865784,-0.42302343249320984,0.5786381959915161,0.3424733281135559,-0.3661736249923706,0.39662307500839233,0.3740342855453491,-0.35551780462265015,0.5068557858467102,0.5083990693092346,0.0448407344520092,0.44785481691360474,0.5131872892379761,-0.044591937214136124,0.5033894181251526,0.6945170164108276,-0.013586720451712608,0.46275851130485535,0.6948295831680298,-0.11739923059940338,0.49223172664642334,0.8673943281173706,0.1486242264509201,0.4696408808231354,0.8821370601654053,0.027835126966238022,0.48387715220451355,0.8843114376068115,0.15258075296878815,0.461910605430603,0.9112300276756287,0.03322027251124382,0.49250394105911255,0.9171748757362366,0.014941098168492317,0.48799481987953186,0.9480695128440857,-0.14730051159858704
leg raises_600091.jpg,0.47980359196662903,0.1933031529188156,-0.22409267723560333,0.4853566884994507,0.17460434138774872,-0.20368392765522003,0.48859691619873047,0.1730237454175949,-0.20383137464523315,0.4916958510875702,0.17154040932655334,-0.20390714704990387,0.47432953119277954,0.17438268661499023,-0.2092675119638443,0.47012773156166077,0.17263340950012207,-0.2092561423778534,0.4654467701911926,0.1711656004190445,-0.20926633477210999,0.49494627118110657,0.17084449529647827,-0.03294166550040245,0.458336740732193,0.17119121551513672,-0.07177850604057312,0.48465535044670105,0.20653247833251953,-0.14815166592597961,0.47207963466644287,0.2075461447238922,-0.17130151391029358,0.5201864838600159,0.24091389775276184,0.07092057913541794,0.42560189962387085,0.24157151579856873,0.03399377688765526,0.5478394627571106,0.3485042154788971,0.0007402152405120432,0.40442928671836853,0.3573962450027466,-0.016761554405093193,0.5719022750854492,0.3513179123401642,-0.25405317544937134,0.40403929352760315,0.37671732902526855,-0.2570147216320038,0.58426833152771,0.34561097621917725,-0.299929678440094,0.3996175527572632,0.3794883191585541,-0.29324740171432495,0.583207905292511,0.3397597074508667,-0.3184663951396942,0.404671847820282,0.3625102937221527,-0.3217487037181854,0.5780160427093506,0.3423902094364166,-0.2680630385875702,0.40589964389801025,0.3661600649356842,-0.2725236713886261,0.5175257325172424,0.46801021695137024,0.02342958189547062,0.45747286081314087,0.4790467917919159,-0.022948909550905228,0.5513246059417725,0.5960366725921631,-0.01796899177134037,0.4927004277706146,0.49629244208335876,-0.549933671951294,0.5353348255157471,0.689365029335022,0.012100724503397942,0.49391403794288635,0.623576283454895,-0.7882370352745056,0.5257795453071594,0.7093528509140015,0.00836335401982069,0.5004112124443054,0.6682674884796143,-0.8135440349578857,0.5536600351333618,0.7076776027679443,-0.08861133456230164,0.5118478536605835,0.6501263380050659,-0.9658979773521423
leg raises_600101.jpg,0.48315832018852234,0.18943671882152557,-0.35838472843170166,0.4886375069618225,0.1704539656639099,-0.32227960228919983,0.4920353591442108,0.16918763518333435,-0.3223212659358978,0.4951635003089905,0.16789181530475616,-0.32237350940704346,0.4777161180973053,0.17022322118282318,-0.3374560475349426,0.47325563430786133,0.16856330633163452,-0.3375836908817291,0.4684821665287018,0.16681507229804993,-0.33762118220329285,0.4970015287399292,0.16823795437812805,-0.11141485720872879,0.4604129493236542,0.16687311232089996,-0.17447447776794434,0.4871058464050293,0.2049376666545868,-0.27577582001686096,0.47566017508506775,0.2049347162246704,-0.29543235898017883,0.508575439453125,0.23060756921768188,0.0732775405049324,0.4356902837753296,0.23917549848556519,-0.10114061087369919,0.49534371495246887,0.3195568323135376,0.032335955649614334,0.4163045287132263,0.3457358777523041,-0.05972611904144287,0.48255637288093567,0.35000133514404297,-0.16612206399440765,0.41377800703048706,0.3765275776386261,-0.023399673402309418,0.4863240122795105,0.3505699932575226,-0.1990320086479187,0.41276174783706665,0.3803003132343292,-0.036153435707092285,0.48432648181915283,0.3486831784248352,-0.22435270249843597,0.4145479202270508,0.3706112802028656,-0.07421218603849411,0.482393354177475,0.3489823043346405,-0.18346837162971497,0.4155082702636719,0.371737539768219,-0.0338376946747303,0.5057655572891235,0.46957534551620483,0.07029367238283157,0.4770027697086334,0.4814046323299408,-0.07033263146877289,0.5392838716506958,0.3735905885696411,0.03952348977327347,0.5195133090019226,0.38015317916870117,-0.3660524785518646,0.5388891100883484,0.39448997378349304,0.05867395177483559,0.5173759460449219,0.3933817148208618,-0.3303672969341278,0.5391868352890015,0.41220638155937195,0.054019439965486526,0.5150747299194336,0.40979957580566406,-0.32831892371177673,0.5431899428367615,0.34419411420822144,-0.018279768526554108,0.5290653109550476,0.3375348448753357,-0.9350108504295349
leg raises_600111.jpg,0.48389917612075806,0.18586164712905884,-0.42968833446502686,0.48952212929725647,0.16776379942893982,-0.4125651717185974,0.49300459027290344,0.16695505380630493,-0.41268202662467957,0.49601081013679504,0.16619661450386047,-0.4127771556377411,0.4789239168167114,0.16733884811401367,-0.41192150115966797,0.47437942028045654,0.16594365239143372,-0.4119418263435364,0.469796746969223,0.16431482136249542,-0.41199812293052673,0.4998089075088501,0.16650640964508057,-0.24957819283008575,0.46305036544799805,0.16387075185775757,-0.24697580933570862,0.488416463136673,0.2017374187707901,-0.3629741966724396,0.4767249822616577,0.20059862732887268,-0.3628048896789551,0.5226925611495972,0.23503249883651733,-0.12474232167005539,0.4317890405654907,0.23978640139102936,-0.09228621423244476,0.5430409908294678,0.3255150020122528,-0.20957620441913605,0.4125641882419586,0.3529782295227051,-0.07711490243673325,0.5502510666847229,0.35018545389175415,-0.5359318256378174,0.40713807940483093,0.376493364572525,-0.0770731195807457,0.5581992268562317,0.350450724363327,-0.6033331155776978,0.4037465751171112,0.380119651556015,-0.161245197057724,0.5647448301315308,0.3459033966064453,-0.6277649998664856,0.40617984533309937,0.3692401945590973,-0.304646760225296,0.5568946003913879,0.34611976146698,-0.5542351603507996,0.41028454899787903,0.37035128474235535,-0.2033197283744812,0.5136159062385559,0.44750988483428955,-0.010463820770382881,0.4622553586959839,0.46201106905937195,0.010623824782669544,0.5267127156257629,0.502226710319519,-0.056515853852033615,0.5025089383125305,0.5684688687324524,-0.028846560046076775,0.5360738039016724,0.7304352521896362,0.07287827879190445,0.5143349766731262,0.7528889775276184,0.1054537296295166,0.5389960408210754,0.7512445449829102,0.07636015862226486,0.5113298296928406,0.7758563756942749,0.1097559928894043,0.5373753309249878,0.8000507950782776,-0.09108693152666092,0.5073679089546204,0.8149917721748352,-0.07835046201944351
leg raises_600121.jpg,0.48570516705513,0.18773144483566284,-0.31814685463905334,0.4908348023891449,0.17003801465034485,-0.31483194231987,0.4947966933250427,0.16927143931388855,-0.31525570154190063,0.4984598755836487,0.16846098005771637,-0.31547486782073975,0.4788986146450043,0.169074147939682,-0.28811800479888916,0.4742518365383148,0.1676573008298874,-0.2880829870700836,0.4696970582008362,0.16619163751602173,-0.28812524676322937,0.5020516514778137,0.16818737983703613,-0.14194655418395996,0.4620693027973175,0.16505849361419678,-0.10902988165616989,0.4905519485473633,0.20335042476654053,-0.24782833456993103,0.4775674641132355,0.20206628739833832,-0.23116107285022736,0.526982843875885,0.2408652901649475,0.010160793550312519,0.43198755383491516,0.2409980595111847,0.006801582407206297,0.5501556396484375,0.3361964225769043,-0.04190976917743683,0.41413718461990356,0.35478222370147705,-0.08819256722927094,0.5735501050949097,0.35272637009620667,-0.3763512969017029,0.4049694836139679,0.3754861056804657,-0.38303929567337036,0.5860588550567627,0.349613219499588,-0.44183316826820374,0.4030936658382416,0.3696780800819397,-0.44846978783607483,0.5886090397834778,0.34414154291152954,-0.46362656354904175,0.4047025740146637,0.35829582810401917,-0.4867488741874695,0.5804945826530457,0.3459334075450897,-0.39448073506355286,0.40753111243247986,0.36144202947616577,-0.41224205493927,0.5169359445571899,0.49561548233032227,0.02379574067890644,0.45818519592285156,0.49835407733917236,-0.0236460380256176,0.5219667553901672,0.6947411298751831,-0.011914344504475594,0.48085981607437134,0.7051048278808594,-0.06358661502599716,0.5303685069084167,0.8859714269638062,0.17302316427230835,0.48949092626571655,0.88150954246521,0.1251186728477478,0.5229289531707764,0.8986937403678894,0.18225768208503723,0.4890817403793335,0.9014350175857544,0.1340443193912506,0.5148555040359497,0.9498891830444336,-0.03261706233024597,0.48828211426734924,0.9489591121673584,-0.04937272146344185
leg raises_600131.jpg,0.49107033014297485,0.1888396143913269,-0.26824748516082764,0.49618101119995117,0.1714162677526474,-0.25100600719451904,0.5004175305366516,0.17067950963974,-0.2513040006160736,0.504031777381897,0.16986478865146637,-0.25146690011024475,0.4833794832229614,0.17032521963119507,-0.24304133653640747,0.47859498858451843,0.16889694333076477,-0.24304570257663727,0.47393643856048584,0.16738218069076538,-0.24311596155166626,0.5074021816253662,0.16884411871433258,-0.07456346601247787,0.4661482572555542,0.16648119688034058,-0.08035193383693695,0.4964737594127655,0.20440898835659027,-0.19891256093978882,0.482675164937973,0.20305529236793518,-0.19655612111091614,0.5330485105514526,0.24710102379322052,0.0505000501871109,0.4369575083255768,0.24694745242595673,0.02946162037551403,0.5578306913375854,0.3523741364479065,-0.07944280654191971,0.4200199544429779,0.3571806252002716,-0.0303596593439579,0.5650147795677185,0.3259216547012329,-0.4328635036945343,0.41018739342689514,0.37716957926750183,-0.31215900182724,0.5754388570785522,0.31345388293266296,-0.5056090950965881,0.40764907002449036,0.37427008152008057,-0.37373480200767517,0.5761353969573975,0.29837116599082947,-0.5148247480392456,0.4092022478580475,0.36207225918769836,-0.43042653799057007,0.5692266225814819,0.3037416338920593,-0.44671544432640076,0.41306865215301514,0.3650858998298645,-0.34036943316459656,0.5251946449279785,0.5057151913642883,0.03204606473445892,0.4631282389163971,0.5057520866394043,-0.0318279042840004,0.5226027369499207,0.6950058937072754,-0.008576363325119019,0.484773725271225,0.6999878287315369,-0.08522260934114456,0.5212887525558472,0.8642775416374207,0.1985517144203186,0.4911738932132721,0.8831363916397095,0.08716733753681183,0.5183713436126709,0.8851659297943115,0.21125414967536926,0.49044498801231384,0.9071824550628662,0.09440486133098602,0.5273036360740662,0.9198637008666992,0.04768878594040871,0.500617265701294,0.9487985372543335,-0.0926348939538002
leg raises_600141.jpg,0.49415266513824463,0.1954950988292694,-0.3004448711872101,0.49899375438690186,0.17954212427139282,-0.27541276812553406,0.5031349658966064,0.1790149062871933,-0.2755586802959442,0.5070562958717346,0.17842131853103638,-0.2757282555103302,0.48644986748695374,0.17884398996829987,-0.2808307111263275,0.48196497559547424,0.17825286090373993,-0.2809025049209595,0.4773581922054291,0.1775861531496048,-0.2809361219406128,0.5103347897529602,0.18001651763916016,-0.09488032758235931,0.46988359093666077,0.17904360592365265,-0.11792777478694916,0.49963533878326416,0.21157464385032654,-0.23029497265815735,0.48621517419815063,0.2111687809228897,-0.23911036550998688,0.5332363843917847,0.25779491662979126,0.04056273028254509,0.4440385699272156,0.2567271292209625,-0.053667135536670685,0.5686502456665039,0.35630637407302856,-0.15105074644088745,0.42264679074287415,0.35919731855392456,-0.15223285555839539,0.5467929840087891,0.2714295983314514,-0.461357057094574,0.4124488830566406,0.37222668528556824,-0.3282327651977539,0.5374084115028381,0.24530552327632904,-0.5057828426361084,0.411361962556839,0.374231219291687,-0.3691563904285431,0.537178099155426,0.23555034399032593,-0.4898706376552582,0.4134933352470398,0.3623732328414917,-0.3951934576034546,0.553918719291687,0.26352614164352417,-0.4623427391052246,0.41362783312797546,0.36510559916496277,-0.3420577049255371,0.5275096297264099,0.5043411254882812,0.06076745688915253,0.4767058789730072,0.5101262927055359,-0.06093398854136467,0.574496328830719,0.3924950063228607,0.0022383371833711863,0.5196436047554016,0.3970693349838257,-0.3450677990913391,0.5728111863136292,0.4748980700969696,-0.02015143632888794,0.5548630356788635,0.5032245516777039,-0.3610048294067383,0.5666959285736084,0.4913894534111023,-0.027814775705337524,0.5498952269554138,0.5322743058204651,-0.36280903220176697,0.5749834179878235,0.4648122489452362,-0.08385740220546722,0.5977891683578491,0.47603639960289,-0.44391554594039917
leg raises_600151.jpg,0.5004687905311584,0.19869166612625122,-0.22515720129013062,0.5049000978469849,0.183083638548851,-0.20070962607860565,0.5088598132133484,0.1826343983411789,-0.20087963342666626,0.5123669505119324,0.18207257986068726,-0.2010691612958908,0.4926301836967468,0.18217627704143524,-0.2110329419374466,0.4879472553730011,0.18122202157974243,-0.2111336886882782,0.48323866724967957,0.18032442033290863,-0.21119078993797302,0.5151819586753845,0.18358978629112244,-0.029527289792895317,0.4748421609401703,0.18225203454494476,-0.07754743099212646,0.5059818625450134,0.2145259827375412,-0.158030703663826,0.49268054962158203,0.2141144573688507,-0.1726045310497284,0.5368150472640991,0.257736474275589,0.07428433001041412,0.4461437165737152,0.2580871880054474,-0.01920422539114952,0.5714452862739563,0.3592129647731781,-0.08780868351459503,0.4271000623703003,0.360391229391098,-0.1547989845275879,0.5536444783210754,0.2918229401111603,-0.3744555413722992,0.41656622290611267,0.37181925773620605,-0.39061102271080017,0.5444002151489258,0.2708547115325928,-0.4205869436264038,0.41257330775260925,0.37427037954330444,-0.42736226320266724,0.5583515763282776,0.267492413520813,-0.42338183522224426,0.4154587388038635,0.3627287447452545,-0.44224703311920166,0.5604022741317749,0.2801518738269806,-0.380689412355423,0.41493311524391174,0.3649902045726776,-0.40002158284187317,0.5345536470413208,0.49820637702941895,0.05973883345723152,0.4771110713481903,0.5097934603691101,-0.059782687574625015,0.5831310153007507,0.39107921719551086,-0.037292301654815674,0.5125756859779358,0.4323633015155792,-0.3931445777416229,0.5581475496292114,0.47657161951065063,-0.12762947380542755,0.5490731000900269,0.5104889869689941,-0.5616165995597839,0.5495978593826294,0.49254801869392395,-0.1411484032869339,0.5310791730880737,0.5352582931518555,-0.5807843804359436,0.5578221082687378,0.47983694076538086,-0.21370820701122284,0.5533044338226318,0.4910487234592438,-0.7158785462379456
leg raises_600161.jpg,0.504281222820282,0.20212498307228088,-0.2860367000102997,0.5093348622322083,0.1859375685453415,-0.2663053274154663,0.513468325138092,0.1853688359260559,-0.266446977853775,0.5170289278030396,0.18466056883335114,-0.2665416896343231,0.4967480003833771,0.18499670922756195,-0.2685130536556244,0.4919140636920929,0.18380053341388702,-0.26853320002555847,0.48734477162361145,0.18277759850025177,-0.26856544613838196,0.5207310914993286,0.1852649450302124,-0.08759485930204391,0.47966131567955017,0.1841404139995575,-0.08921455591917038,0.5098559856414795,0.2178395390510559,-0.21373651921749115,0.4961298704147339,0.21702885627746582,-0.2167208343744278,0.5453797578811646,0.2630627453327179,0.03648560866713524,0.4507749378681183,0.2594444751739502,0.003010919550433755,0.5710442662239075,0.36814266443252563,-0.07317135483026505,0.4309517741203308,0.36101675033569336,-0.07338307797908783,0.5894164443016052,0.36273103952407837,-0.4023891091346741,0.4198150932788849,0.3878971040248871,-0.3622128665447235,0.5964092016220093,0.34893089532852173,-0.47050195932388306,0.4148498475551605,0.3960321247577667,-0.40907666087150574,0.6041362285614014,0.3383127748966217,-0.4880301356315613,0.41692060232162476,0.3778914213180542,-0.44289839267730713,0.5975596904754639,0.3506386876106262,-0.41865837574005127,0.4184108376502991,0.3808557689189911,-0.3789038360118866,0.537466824054718,0.503983736038208,0.017877846956253052,0.47799623012542725,0.511721670627594,-0.01773284561932087,0.5620408654212952,0.6702308058738708,-0.022679781541228294,0.5063431262969971,0.6750930547714233,-0.04930739849805832,0.5439594388008118,0.8639888167381287,0.04794365540146828,0.5315231084823608,0.8577517867088318,0.09890104830265045,0.536638617515564,0.8897455930709839,0.050014715641736984,0.5259031653404236,0.8757174015045166,0.10300231724977493,0.5514825582504272,0.9405655860900879,-0.0869082361459732,0.5245270133018494,0.9303418397903442,-0.08060505986213684
leg raises_600171.jpg,0.5111719965934753,0.2067587524652481,-0.23134027421474457,0.5162470936775208,0.1893797367811203,-0.20992949604988098,0.520081102848053,0.18873092532157898,-0.21007631719112396,0.5235888957977295,0.18786534667015076,-0.21018515527248383,0.5036146640777588,0.1890331506729126,-0.21425625681877136,0.4985637664794922,0.1879788488149643,-0.2142539769411087,0.49375948309898376,0.18691052496433258,-0.21427582204341888,0.5266802310943604,0.18763789534568787,-0.03765155002474785,0.48558080196380615,0.18753570318222046,-0.06076761707663536,0.5164811611175537,0.22162273526191711,-0.16259674727916718,0.5031578540802002,0.22138451039791107,-0.16935165226459503,0.5525091886520386,0.26757878065109253,0.07042764127254486,0.4560297429561615,0.2643168866634369,0.040922027081251144,0.5771172642707825,0.3708936870098114,-0.06413906812667847,0.4343103766441345,0.36927565932273865,-0.04240518808364868,0.595363438129425,0.3617977499961853,-0.3670208156108856,0.4244588315486908,0.3913135528564453,-0.31925836205482483,0.6092014908790588,0.3578009307384491,-0.42747893929481506,0.420067697763443,0.39231443405151367,-0.3754810392856598,0.6099865436553955,0.3443037271499634,-0.4408089816570282,0.42078444361686707,0.3755952715873718,-0.40884163975715637,0.6036374568939209,0.34836623072624207,-0.3811899721622467,0.4254785478115082,0.37875473499298096,-0.33908846974372864,0.5441446304321289,0.5237461924552917,0.029313363134860992,0.4838602840900421,0.5268809199333191,-0.029159586876630783,0.5576422810554504,0.7259607911109924,-0.020370062440633774,0.5034387707710266,0.7230278253555298,-0.0653141513466835,0.5307704210281372,0.8853102922439575,0.19832277297973633,0.5095356702804565,0.8943166136741638,0.12656448781490326,0.5173770785331726,0.9008485674858093,0.20994123816490173,0.5033758282661438,0.9099171161651611,0.13638216257095337,0.5381336808204651,0.959563136100769,0.04569406062364578,0.5133593082427979,0.9649229049682617,-0.04331554099917412
leg raises_600181.jpg,0.5214247107505798,0.21516358852386475,-0.3397012948989868,0.5268512964248657,0.1984928548336029,-0.31938013434410095,0.5301152467727661,0.1979352980852127,-0.31949031352996826,0.533398449420929,0.1971467286348343,-0.3195541501045227,0.5148596167564392,0.19709698855876923,-0.324238657951355,0.510304868221283,0.19573934376239777,-0.3242207169532776,0.5051900148391724,0.19413793087005615,-0.32421645522117615,0.5356378555297852,0.1950693577528,-0.14285092055797577,0.49689775705337524,0.19184023141860962,-0.16720548272132874,0.5255993008613586,0.22938062250614166,-0.26827001571655273,0.5129228234291077,0.227846160531044,-0.2753637135028839,0.5586304068565369,0.2723328173160553,-0.00888302456587553,0.4621712565422058,0.26605817675590515,-0.02257021889090538,0.5813218951225281,0.37232688069343567,-0.07055948674678802,0.4408488869667053,0.3722688853740692,-0.07381494343280792,0.6165675520896912,0.37405532598495483,-0.38847631216049194,0.4329272210597992,0.3970525860786438,-0.3464805781841278,0.631804347038269,0.3675945997238159,-0.4549539387226105,0.42925599217414856,0.4067375957965851,-0.40081122517585754,0.6313341856002808,0.35571983456611633,-0.4836476743221283,0.4316757321357727,0.38813549280166626,-0.437917023897171,0.6252834796905518,0.3590722680091858,-0.40904510021209717,0.4352279007434845,0.38964754343032837,-0.3679982125759125,0.5493083596229553,0.506747305393219,0.01766713708639145,0.4878111481666565,0.5154356360435486,-0.017490386962890625,0.5595521926879883,0.6723806262016296,-0.014372264966368675,0.515009880065918,0.6764050126075745,-0.051486752927303314,0.5700773596763611,0.83576500415802,0.15893450379371643,0.5336523056030273,0.8498002886772156,0.0922226533293724,0.567893922328949,0.8494013547897339,0.16662338376045227,0.5361375212669373,0.8689930438995361,0.0967053472995758,0.5810093283653259,0.8987084031105042,-0.04195036366581917,0.5530239343643188,0.9152225852012634,-0.08234565705060959
leg raises_600191.jpg,0.5263411998748779,0.22976699471473694,-0.43830153346061707,0.5327538251876831,0.21396484971046448,-0.41041842103004456,0.5366097092628479,0.21360242366790771,-0.4104984700679779,0.5404596924781799,0.21284224092960358,-0.41065773367881775,0.5202367901802063,0.21084058284759521,-0.417762815952301,0.5152685642242432,0.2083899974822998,-0.41781142354011536,0.5101054906845093,0.20562198758125305,-0.4177364110946655,0.5442081689834595,0.20712170004844666,-0.22526808083057404,0.5016352534294128,0.1989961862564087,-0.25585824251174927,0.529729962348938,0.242736354470253,-0.3652353584766388,0.5168036818504333,0.23969995975494385,-0.3738965094089508,0.5670714974403381,0.2711404860019684,-0.0865829735994339,0.4685311019420624,0.2721886932849884,-0.11228253692388535,0.5960175395011902,0.29674261808395386,-0.1985049843788147,0.4528043866157532,0.3690885901451111,0.10867850482463837,0.5971906781196594,0.29622548818588257,-0.425086110830307,0.4653763771057129,0.374788761138916,0.3038640022277832,0.6136094927787781,0.29013922810554504,-0.4549741744995117,0.4668932259082794,0.3730190694332123,0.3337753415107727,0.618175745010376,0.2924135625362396,-0.46581554412841797,0.46121710538864136,0.36183828115463257,0.3095751404762268,0.618919312953949,0.29590779542922974,-0.435444176197052,0.46525129675865173,0.36554887890815735,0.30275067687034607,0.5527324676513672,0.5064773559570312,0.0265976395457983,0.5035642385482788,0.517694354057312,-0.026463020592927933,0.6034035086631775,0.3736453652381897,-0.14217329025268555,0.5244596004486084,0.4221397340297699,-0.2641620337963104,0.5969483256340027,0.3632907569408417,-0.27632614970207214,0.5552766919136047,0.3839585483074188,-0.3605923652648926,0.5938369035720825,0.38440215587615967,-0.29125306010246277,0.559419572353363,0.4061768054962158,-0.3679327964782715,0.601168692111969,0.28844785690307617,-0.36591675877571106,0.5785834193229675,0.28506290912628174,-0.4562034010887146
leg raises_600201.jpg,0.5304002165794373,0.23681309819221497,-0.3608071506023407,0.5367472171783447,0.22048602998256683,-0.33573710918426514,0.5402477383613586,0.2198982834815979,-0.3358877897262573,0.5436862111091614,0.2189304083585739,-0.336029589176178,0.5248911380767822,0.217946857213974,-0.3454471528530121,0.5198743343353271,0.21561934053897858,-0.34547269344329834,0.5147843956947327,0.21299433708190918,-0.3455045521259308,0.5459817051887512,0.2127324789762497,-0.15205982327461243,0.5049378871917725,0.20499660074710846,-0.19484545290470123,0.5334631204605103,0.24984510242938995,-0.2867422103881836,0.5212252140045166,0.24744164943695068,-0.2994286119937897,0.5661741495132446,0.2727337181568146,-0.03270401433110237,0.47195109724998474,0.27517756819725037,-0.08087980002164841,0.5888928771018982,0.35790175199508667,-0.02640741877257824,0.4511053264141083,0.3826637268066406,-0.16214869916439056,0.6146150827407837,0.3821621239185333,-0.3193362057209015,0.4535306990146637,0.38413065671920776,-0.4863978326320648,0.6305894255638123,0.37742695212364197,-0.3722359836101532,0.4543791711330414,0.3799910545349121,-0.543927788734436,0.6337119340896606,0.36585694551467896,-0.3996597230434418,0.45143869519233704,0.37320879101753235,-0.5744879245758057,0.6276994943618774,0.3693286180496216,-0.3380131721496582,0.45485106110572815,0.3760683834552765,-0.5055798292160034,0.5564612746238708,0.4914751648902893,0.0543287992477417,0.5012290477752686,0.5047287344932556,-0.054152581840753555,0.6055079102516174,0.586061418056488,-0.03552011400461197,0.5369822382926941,0.5966294407844543,-0.3231867253780365,0.5770386457443237,0.6808167099952698,0.18998436629772186,0.5602476596832275,0.7461650371551514,-0.24996891617774963,0.5672623515129089,0.6902338266372681,0.2064519077539444,0.5543304085731506,0.7713099718093872,-0.2468130886554718,0.5941757559776306,0.7332617044448853,0.1047854796051979,0.5993160009384155,0.7883710265159607,-0.41430428624153137
leg raises_600211.jpg,0.5275359749794006,0.24184267222881317,-0.21661438047885895,0.5339968800544739,0.22395074367523193,-0.19287414848804474,0.537476658821106,0.22333286702632904,-0.1930307298898697,0.5411113500595093,0.22243629395961761,-0.19315920770168304,0.52231764793396,0.221708282828331,-0.20395269989967346,0.5180058479309082,0.21969091892242432,-0.20394696295261383,0.5130117535591125,0.2174459844827652,-0.20397931337356567,0.5431791543960571,0.21903681755065918,-0.01219317875802517,0.5031530857086182,0.2107716053724289,-0.06645876914262772,0.5309043526649475,0.2540048360824585,-0.1440427601337433,0.5184858441352844,0.2524886131286621,-0.1596747189760208,0.5626518726348877,0.29084011912345886,0.1178089827299118,0.4697723686695099,0.28321942687034607,0.01212188508361578,0.5829170346260071,0.3978983163833618,0.03587152808904648,0.4482012987136841,0.3895711600780487,-0.10810539871454239,0.61849045753479,0.3977813720703125,-0.28722649812698364,0.44885292649269104,0.4195954203605652,-0.38751310110092163,0.6348353028297424,0.39152365922927856,-0.351114422082901,0.44845831394195557,0.42584335803985596,-0.44435393810272217,0.6373497247695923,0.3801162838935852,-0.3770937919616699,0.44744354486465454,0.41824615001678467,-0.4765201508998871,0.630191445350647,0.38253846764564514,-0.30738383531570435,0.4513477683067322,0.4079502820968628,-0.4070555567741394,0.5520766973495483,0.5483897924423218,0.05175793543457985,0.4955757260322571,0.5490191578865051,-0.051576122641563416,0.5838631391525269,0.7511962056159973,0.006980969104915857,0.5215659141540527,0.7505346536636353,-0.1031053438782692,0.546787679195404,0.9301362633705139,0.1715819090604782,0.5161271691322327,0.9378756284713745,0.059406425803899765,0.532161295413971,0.943500280380249,0.1783546507358551,0.5092073678970337,0.9520105123519897,0.0658203586935997,0.5652315020561218,0.9702522158622742,0.031079765409231186,0.5257933735847473,0.972626805305481,-0.10849801450967789
leg raises_600221.jpg,0.5224000215530396,0.2386527806520462,-0.21473084390163422,0.5284505486488342,0.22126632928848267,-0.1891394704580307,0.5321091413497925,0.2207392305135727,-0.18928392231464386,0.5357475280761719,0.2198866903781891,-0.18940171599388123,0.5166929364204407,0.21894851326942444,-0.2042132318019867,0.5122678875923157,0.2171396017074585,-0.20421461760997772,0.5073594450950623,0.21516649425029755,-0.204232320189476,0.5383232831954956,0.2160542756319046,-0.002000116277486086,0.49785497784614563,0.20951756834983826,-0.07520075142383575,0.5259847640991211,0.25159770250320435,-0.13983677327632904,0.5139238834381104,0.249653622508049,-0.16095396876335144,0.5578367114067078,0.29030483961105347,0.14887447655200958,0.4691758155822754,0.2796941101551056,-0.0026045204140245914,0.5796096920967102,0.39924272894859314,0.07343798130750656,0.4476405382156372,0.39155566692352295,-0.1229449063539505,0.6117087006568909,0.38992929458618164,-0.24875935912132263,0.44010019302368164,0.41262978315353394,-0.41097021102905273,0.6251592636108398,0.3855188190937042,-0.31195271015167236,0.4370632767677307,0.4153313934803009,-0.4673261344432831,0.6245359182357788,0.3729614317417145,-0.33214476704597473,0.4432207942008972,0.4034425616264343,-0.4969218969345093,0.6182119846343994,0.37630289793014526,-0.26627638936042786,0.4462563693523407,0.3996445834636688,-0.4287325441837311,0.5515785813331604,0.5465107560157776,0.06534367054700851,0.4903468191623688,0.548758864402771,-0.06511246412992477,0.5471402406692505,0.7414306402206421,0.034425847232341766,0.504233717918396,0.7431744933128357,-0.11839103698730469,0.5262202620506287,0.9156028628349304,0.1737789660692215,0.49897387623786926,0.9289835691452026,0.008636190555989742,0.5124157071113586,0.9313569664955139,0.17897923290729523,0.49159517884254456,0.9441055059432983,0.012520786374807358,0.5540675520896912,0.9650489091873169,0.050004567950963974,0.5213176608085632,0.9855902194976807,-0.15239039063453674
leg raises_600231.jpg,0.5061162114143372,0.23552466928958893,-0.17178864777088165,0.515110433101654,0.2178810089826584,-0.14428432285785675,0.5193480849266052,0.2173885703086853,-0.14445136487483978,0.5233415961265564,0.21658818423748016,-0.1446019560098648,0.5008084177970886,0.21542078256607056,-0.15689145028591156,0.495928019285202,0.21353204548358917,-0.15683013200759888,0.4914693236351013,0.21157097816467285,-0.15681582689285278,0.5261335968971252,0.21334370970726013,0.03696850314736366,0.4841045141220093,0.2067003697156906,-0.023952625691890717,0.5103152990341187,0.24911151826381683,-0.10063441842794418,0.495297908782959,0.24680428206920624,-0.1182665005326271,0.5398845672607422,0.28642386198043823,0.15837673842906952,0.4488709568977356,0.2777678370475769,0.05194225534796715,0.5620132684707642,0.391167014837265,0.09825897961854935,0.42602306604385376,0.3893129229545593,-0.09687638282775879,0.6078374981880188,0.3855033814907074,-0.19748491048812866,0.4183787703514099,0.4030185341835022,-0.39143598079681396,0.6170628070831299,0.38504350185394287,-0.26087766885757446,0.41639357805252075,0.3955763876438141,-0.45529523491859436,0.6167680621147156,0.3716453015804291,-0.2920876443386078,0.42400461435317993,0.382638156414032,-0.48211005330085754,0.6127434968948364,0.3729937672615051,-0.2189682275056839,0.4258269965648651,0.3844299614429474,-0.41021817922592163,0.5281453132629395,0.5260778069496155,0.0626683309674263,0.47485217452049255,0.52671879529953,-0.06238001212477684,0.5594220757484436,0.6865773797035217,-0.05277782306075096,0.5286180973052979,0.7066001296043396,-0.17129936814308167,0.5203990340232849,0.8347898721694946,0.12651380896568298,0.5357221364974976,0.8899291753768921,-0.06955531984567642,0.5041789412498474,0.8485637903213501,0.13283546268939972,0.5295541286468506,0.9144741296768188,-0.06583855301141739,0.5361089706420898,0.900424599647522,0.008202820084989071,0.5540059804916382,0.9619805216789246,-0.2388993352651596
leg raises_600241.jpg,0.49272215366363525,0.23538683354854584,-0.35722818970680237,0.49993202090263367,0.21425773203372955,-0.32348933815956116,0.5044656991958618,0.2137596160173416,-0.32343539595603943,0.508668065071106,0.21310263872146606,-0.3234764635562897,0.48703619837760925,0.211262047290802,-0.3437572121620178,0.4826852083206177,0.2090206742286682,-0.3438515365123749,0.47870832681655884,0.20693883299827576,-0.34385445713996887,0.5122731924057007,0.2123487889766693,-0.1211150735616684,0.4726063311100006,0.20482468605041504,-0.21085505187511444,0.49674999713897705,0.2486969381570816,-0.277783066034317,0.482736200094223,0.2460552155971527,-0.3034745454788208,0.5256127715110779,0.27550941705703735,0.11845984309911728,0.4413791596889496,0.2759663760662079,-0.1989622712135315,0.5040414333343506,0.38921085000038147,0.2315196394920349,0.42042237520217896,0.38331353664398193,-0.16482354700565338,0.493730753660202,0.3932611346244812,0.17295168340206146,0.419718474149704,0.4019146263599396,-0.13613706827163696,0.491819828748703,0.4061121344566345,0.17974594235420227,0.4243309795856476,0.3985196053981781,-0.159988671541214,0.5000619292259216,0.39614784717559814,0.14555414021015167,0.4256545901298523,0.38280168175697327,-0.17879875004291534,0.4999833106994629,0.3927258253097534,0.15699081122875214,0.4278694987297058,0.38562726974487305,-0.14187580347061157,0.5167276859283447,0.5076760053634644,0.11140163987874985,0.4810481071472168,0.5266698598861694,-0.11170851439237595,0.5913963317871094,0.32680249214172363,0.1976066678762436,0.5933492183685303,0.38380661606788635,-0.19793382287025452,0.576695442199707,0.4656330645084381,0.20108793675899506,0.5670449733734131,0.46934860944747925,0.09109640121459961,0.5656644701957703,0.4876076877117157,0.19236640632152557,0.5539510250091553,0.48163336515426636,0.12570756673812866,0.6018956899642944,0.4578053653240204,0.1989523321390152,0.594226062297821,0.4522862732410431,0.1963476538658142
leg raises_600251.jpg,0.48731333017349243,0.23433338105678558,-0.2351454198360443,0.49530085921287537,0.2146482914686203,-0.2135220319032669,0.49920549988746643,0.21430723369121552,-0.2136543095111847,0.5030665397644043,0.2137804627418518,-0.21380063891410828,0.482265830039978,0.21184921264648438,-0.22391490638256073,0.4778304100036621,0.20958438515663147,-0.2238953560590744,0.4732697606086731,0.20729663968086243,-0.22387920320034027,0.5051148533821106,0.21198298037052155,-0.04729554429650307,0.4655253291130066,0.2040199488401413,-0.10076428204774857,0.49152901768684387,0.24826034903526306,-0.16814318299293518,0.4765310287475586,0.24541102349758148,-0.18359224498271942,0.5212640166282654,0.27884456515312195,0.1179211214184761,0.42879948019981384,0.2753296196460724,0.013731514103710651,0.5282312631607056,0.3867648243904114,0.1564490646123886,0.4067019820213318,0.38767534494400024,-0.08047995716333389,0.5260280966758728,0.3861716091632843,0.054913464933633804,0.40027284622192383,0.40085533261299133,-0.331992506980896,0.5488870143890381,0.39068710803985596,-0.0283498652279377,0.40268200635910034,0.3936145007610321,-0.3850092887878418,0.5534194111824036,0.3810218870639801,-0.12459089607000351,0.4059528708457947,0.37930530309677124,-0.4080480635166168,0.5469573140144348,0.38064372539520264,0.109608493745327,0.4073748290538788,0.3843850791454315,-0.3483954966068268,0.5102006793022156,0.5016145706176758,0.03682895004749298,0.45506995916366577,0.5139707922935486,-0.036578960716724396,0.5397697687149048,0.6397508978843689,-0.02100619673728943,0.4973193407058716,0.65418940782547,-0.107015460729599,0.5690945386886597,0.8363954424858093,0.04801086336374283,0.5239709615707397,0.8454927802085876,0.009933959692716599,0.5531828999519348,0.8506740927696228,0.0458366684615612,0.5233109593391418,0.863096296787262,0.021424701437354088,0.5907514095306396,0.9138035178184509,-0.11748100817203522,0.5398446321487427,0.9171931147575378,-0.09661795943975449
leg raises_600261.jpg,0.48351749777793884,0.23309925198554993,-0.17519517242908478,0.49061501026153564,0.21367207169532776,-0.14934676885604858,0.49405530095100403,0.21331404149532318,-0.14947509765625,0.49725618958473206,0.21278023719787598,-0.14958718419075012,0.4788946807384491,0.21103186905384064,-0.16322101652622223,0.47434982657432556,0.2088916003704071,-0.16317711770534515,0.4699964225292206,0.20667356252670288,-0.16318941116333008,0.4983726441860199,0.21094322204589844,0.028082730248570442,0.4615812599658966,0.203279048204422,-0.04119771718978882,0.48764899373054504,0.24717608094215393,-0.10510952025651932,0.4733762741088867,0.24423840641975403,-0.12491799890995026,0.5163208842277527,0.2825000286102295,0.1681542694568634,0.4233399033546448,0.27481383085250854,0.021992092952132225,0.5345810651779175,0.3866114020347595,0.11983489245176315,0.40542200207710266,0.3915538787841797,-0.11136066168546677,0.5497835874557495,0.38348838686943054,-0.13659238815307617,0.40851491689682007,0.3879168927669525,-0.3986414074897766,0.5785506367683411,0.38393574953079224,-0.19211889803409576,0.4095688462257385,0.3847528100013733,-0.45563265681266785,0.5766142010688782,0.37373942136764526,-0.22533902525901794,0.40881508588790894,0.3739129900932312,-0.4768635630607605,0.5691357851028442,0.37463900446891785,-0.1454799473285675,0.4108434319496155,0.37937432527542114,-0.4131598472595215,0.5038005709648132,0.5215687155723572,0.04808514565229416,0.4455627501010895,0.5241997838020325,-0.04766815900802612,0.5090151429176331,0.7200028896331787,0.06374789029359818,0.4585103392601013,0.7246200442314148,-0.1166311502456665,0.491676390171051,0.9019662737846375,0.20497015118598938,0.4531899094581604,0.9089887738227844,-0.010290483012795448,0.47886472940444946,0.9202136397361755,0.20963740348815918,0.45316454768180847,0.9241539239883423,-0.003014315152540803,0.5168266892433167,0.9569628238677979,0.07170335203409195,0.4683772921562195,0.9596467018127441,-0.1697854846715927
leg raises_600271.jpg,0.485371857881546,0.22612713277339935,-0.21633082628250122,0.4916696846485138,0.2070854753255844,-0.1906006634235382,0.4946534037590027,0.206746444106102,-0.190719336271286,0.49773961305618286,0.20623454451560974,-0.1908332258462906,0.4805722236633301,0.20441211760044098,-0.20327168703079224,0.4762004613876343,0.20252317190170288,-0.20325826108455658,0.47167453169822693,0.2008993774652481,-0.20326676964759827,0.4989079236984253,0.20545834302902222,-0.010447820648550987,0.46209004521369934,0.19994814693927765,-0.07157755643129349,0.48972150683403015,0.2418057769536972,-0.1449771374464035,0.4751867949962616,0.23911184072494507,-0.16252610087394714,0.5178509950637817,0.282134473323822,0.14237600564956665,0.4244081676006317,0.27471184730529785,0.01720801368355751,0.5389962792396545,0.38566139340400696,0.07413403689861298,0.4022844433784485,0.39342907071113586,-0.0970974862575531,0.5629618763923645,0.38197216391563416,-0.2625443637371063,0.4062126576900482,0.3884707987308502,-0.3773903548717499,0.586340069770813,0.38065391778945923,-0.32806193828582764,0.40774163603782654,0.3844947814941406,-0.4340619444847107,0.5838651657104492,0.3700820803642273,-0.3524456322193146,0.40986838936805725,0.3709586560726166,-0.45816129446029663,0.5763521194458008,0.3717027008533478,-0.280007541179657,0.41399314999580383,0.3760386109352112,-0.39353856444358826,0.5077261328697205,0.5232120752334595,0.044273436069488525,0.4502534866333008,0.5270155072212219,-0.04394473880529404,0.5160989165306091,0.7205784916877747,0.05095910280942917,0.47484222054481506,0.7261187434196472,-0.08569169789552689,0.5102984309196472,0.8978599309921265,0.1730651557445526,0.481781929731369,0.9142264723777771,0.05590346083045006,0.4994417726993561,0.9124287366867065,0.17771856486797333,0.47892871499061584,0.9292848110198975,0.06087280809879303,0.5289022922515869,0.9639710187911987,0.03682588413357735,0.49964696168899536,0.9752482771873474,-0.12036016583442688
leg raises_600281.jpg,0.48701271414756775,0.22997063398361206,-0.24743512272834778,0.4933306574821472,0.212265282869339,-0.22345128655433655,0.4965290427207947,0.21197006106376648,-0.2235839068889618,0.49977144598960876,0.21141067147254944,-0.22372598946094513,0.4823441207408905,0.2092524617910385,-0.23352226614952087,0.47794100642204285,0.2071991115808487,-0.23360614478588104,0.47342249751091003,0.2054070383310318,-0.23364724218845367,0.5012933015823364,0.20865057408809662,-0.049418654292821884,0.46378782391548157,0.2027786821126938,-0.09719882160425186,0.4912457764148712,0.24461068212985992,-0.17897026240825653,0.47659462690353394,0.24131183326244354,-0.1932564526796341,0.5203665494918823,0.2815400958061218,0.08348625153303146,0.42744630575180054,0.27430981397628784,-0.0566110797226429,0.5423585772514343,0.38431140780448914,-0.10919593274593353,0.40626463294029236,0.392502099275589,-0.1884775012731552,0.5309404730796814,0.2979159355163574,-0.44122371077537537,0.40599605441093445,0.39273691177368164,-0.4225907623767853,0.5257314443588257,0.26944974064826965,-0.49227389693260193,0.40443024039268494,0.3878624439239502,-0.47008541226387024,0.5256286263465881,0.25768715143203735,-0.48412024974823,0.41053733229637146,0.3710617423057556,-0.48559555411338806,0.5221745371818542,0.26286494731903076,-0.44553378224372864,0.41381046175956726,0.37577933073043823,-0.4335075914859772,0.5118858814239502,0.5127109289169312,0.08340809494256973,0.46586889028549194,0.5275503993034363,-0.08363670855760574,0.6149600744247437,0.3930194079875946,-0.0006614135345444083,0.5369234085083008,0.4417433440685272,-0.33403950929641724,0.6151629686355591,0.542413055896759,-0.08005312830209732,0.6000476479530334,0.5541778802871704,-0.2401479333639145,0.6076145172119141,0.5709037780761719,-0.09199830144643784,0.5941358804702759,0.5486724972724915,-0.22890469431877136,0.6405882239341736,0.5445759296417236,-0.15205557644367218,0.658496081829071,0.5328739881515503,-0.27654391527175903
leg raises_600291.jpg,0.4883459508419037,0.23229312896728516,-0.27584442496299744,0.4945935010910034,0.21423858404159546,-0.25169363617897034,0.4979107677936554,0.21375449001789093,-0.2518506348133087,0.5011850595474243,0.2130126953125,-0.2520171105861664,0.4835595190525055,0.2118285745382309,-0.26124846935272217,0.47913309931755066,0.21002398431301117,-0.2612379491329193,0.4745965898036957,0.20842863619327545,-0.2611444890499115,0.5028612017631531,0.2103266417980194,-0.08241710066795349,0.46495598554611206,0.20634208619594574,-0.12905563414096832,0.49251964688301086,0.24752046167850494,-0.20912647247314453,0.47807005047798157,0.2450796514749527,-0.2226574718952179,0.5207338929176331,0.28138500452041626,0.041028592735528946,0.42916133999824524,0.2768162488937378,-0.06450649350881577,0.5430089235305786,0.3801831901073456,-0.03590453788638115,0.4079870879650116,0.39365407824516296,-0.16638213396072388,0.5686891674995422,0.36483049392700195,-0.3290638029575348,0.40795403718948364,0.39261355996131897,-0.4100302755832672,0.5856066346168518,0.36255261301994324,-0.39214685559272766,0.40735873579978943,0.3879998028278351,-0.45265334844589233,0.58443683385849,0.34903308749198914,-0.39182528853416443,0.4119543433189392,0.37082841992378235,-0.4652118682861328,0.5781095623970032,0.3521541953086853,-0.34101399779319763,0.4152095913887024,0.37398409843444824,-0.41897448897361755,0.5128094553947449,0.48687976598739624,0.07729052007198334,0.4656246304512024,0.5183480978012085,-0.0774896964430809,0.6121910214424133,0.4860171973705292,-0.11974412947893143,0.5241101384162903,0.5461581349372864,-0.4467938244342804,0.6037776470184326,0.594507098197937,-0.04462245851755142,0.5808460116386414,0.5722618699073792,-0.23702099919319153,0.5897330045700073,0.6061830520629883,-0.03718890994787216,0.5779512524604797,0.5633936524391174,-0.2090309113264084,0.6272407174110413,0.6249813437461853,-0.0816517099738121,0.6365251541137695,0.5847943425178528,-0.23358267545700073
leg raises_600301.jpg,0.4898715019226074,0.23384375870227814,-0.21548208594322205,0.49545061588287354,0.21564824879169464,-0.18694816529750824,0.49832645058631897,0.21518811583518982,-0.1870999038219452,0.5013749003410339,0.2144390344619751,-0.18721072375774384,0.48502370715141296,0.2135423868894577,-0.20422238111495972,0.480784147977829,0.21173185110092163,-0.2042219042778015,0.47590819001197815,0.2099955826997757,-0.20419266819953918,0.503789484500885,0.21280308067798615,0.0047037024050951,0.46557366847991943,0.20774029195308685,-0.07872465997934341,0.4926048517227173,0.24921974539756775,-0.1395719349384308,0.4796392321586609,0.24734649062156677,-0.16354139149188995,0.5208374857902527,0.2870315909385681,0.1457417905330658,0.4299255609512329,0.2811783254146576,-0.013132487423717976,0.5439262390136719,0.3839881122112274,0.10172988474369049,0.4091882109642029,0.39534106850624084,-0.1734437793493271,0.5807694792747498,0.38204261660575867,-0.19000953435897827,0.4086149334907532,0.39189088344573975,-0.519858717918396,0.5972887277603149,0.38102543354034424,-0.24705886840820312,0.407796174287796,0.3836168646812439,-0.5848503708839417,0.5974616408348083,0.37140753865242004,-0.2738634943962097,0.41246622800827026,0.36890801787376404,-0.6052564978599548,0.5923852324485779,0.3749852478504181,-0.20980142056941986,0.41621097922325134,0.3721151649951935,-0.5351141691207886,0.513170063495636,0.5222303867340088,0.06270487606525421,0.4656578302383423,0.5379419326782227,-0.06262408196926117,0.5434902310371399,0.7136675715446472,-0.04734856262803078,0.4986790120601654,0.725367546081543,-0.14444269239902496,0.5453802943229675,0.9149641394615173,0.01676536537706852,0.5249894261360168,0.9247719049453735,-0.06542493402957916,0.5391688942909241,0.9321110844612122,0.021795524284243584,0.5239704847335815,0.9423685073852539,-0.06724186986684799,0.5754051804542542,0.958203911781311,-0.07990621775388718,0.5420687198638916,0.9780805706977844,-0.2105100005865097
leg raises_600311.jpg,0.48979267477989197,0.2342698574066162,-0.18670430779457092,0.4950796961784363,0.2161494642496109,-0.15630392730236053,0.4981459081172943,0.2156362384557724,-0.1564289927482605,0.5010896325111389,0.21481871604919434,-0.15651872754096985,0.48505449295043945,0.21396863460540771,-0.17269235849380493,0.480570912361145,0.21208231151103973,-0.17267198860645294,0.47574862837791443,0.2103109508752823,-0.17267043888568878,0.5019435286521912,0.21265152096748352,0.033190853893756866,0.4643915295600891,0.2076701670885086,-0.04484229534864426,0.49232128262519836,0.24955523014068604,-0.11233856528997421,0.4797923266887665,0.2476975917816162,-0.13473102450370789,0.5187259316444397,0.2880522310733795,0.17785528302192688,0.4295006990432739,0.2804235816001892,-0.006278390996158123,0.5442420840263367,0.3835428059101105,0.1264079511165619,0.4075029492378235,0.3946402966976166,-0.18080410361289978,0.5826517939567566,0.3833973705768585,-0.14247220754623413,0.4079362154006958,0.3858477771282196,-0.49345821142196655,0.5982495546340942,0.38145408034324646,-0.19105975329875946,0.4074254333972931,0.37817102670669556,-0.553363561630249,0.5969617366790771,0.3714290261268616,-0.21597345173358917,0.4113745093345642,0.36626020073890686,-0.5706693530082703,0.5915508270263672,0.3751397430896759,-0.16066451370716095,0.4151557683944702,0.36875560879707336,-0.5067059397697449,0.5113399028778076,0.5219022035598755,0.06932764500379562,0.46143949031829834,0.537146270275116,-0.06917309761047363,0.5085402727127075,0.7172413468360901,0.03978727012872696,0.48179304599761963,0.7192764282226562,-0.16187210381031036,0.48546940088272095,0.8982975482940674,0.10842731595039368,0.4685565233230591,0.894527018070221,-0.12708348035812378,0.4769798517227173,0.9137452244758606,0.10688376426696777,0.4639338552951813,0.9087561964988708,-0.13087722659111023,0.4965057373046875,0.9609084129333496,-0.016482802107930183,0.4811524748802185,0.964505672454834,-0.29257065057754517
leg raises_600321.jpg,0.48282358050346375,0.23577266931533813,-0.20426197350025177,0.48818644881248474,0.21775154769420624,-0.17421017587184906,0.49073395133018494,0.2171846181154251,-0.17435161769390106,0.4928520619869232,0.2163134217262268,-0.17449316382408142,0.4780140221118927,0.21615830063819885,-0.17966961860656738,0.473126620054245,0.21450604498386383,-0.17971299588680267,0.4680074155330658,0.21281582117080688,-0.17973965406417847,0.49239057302474976,0.21332575380802155,0.012335347011685371,0.45530641078948975,0.20923258364200592,-0.08031811565160751,0.48528653383255005,0.251205712556839,-0.1311161369085312,0.47190842032432556,0.2500496208667755,-0.1391478329896927,0.5095105767250061,0.2879166007041931,0.15000198781490326,0.4170081913471222,0.2820916175842285,-0.016460565850138664,0.5345730185508728,0.3843159079551697,0.09064328670501709,0.39770159125328064,0.39919522404670715,-0.17611412703990936,0.5772659778594971,0.3851030468940735,-0.18803811073303223,0.3905964493751526,0.3899209201335907,-0.48782336711883545,0.5930474996566772,0.3795935809612274,-0.238164484500885,0.3903166651725769,0.38138824701309204,-0.5447660088539124,0.5929211378097534,0.369460791349411,-0.26177912950515747,0.39444878697395325,0.36664050817489624,-0.5657180547714233,0.589138388633728,0.3740633726119995,-0.2056417465209961,0.3983699381351471,0.36995604634284973,-0.5026234984397888,0.5030484795570374,0.5279391407966614,0.0672079548239708,0.4504261910915375,0.5395275950431824,-0.06700337678194046,0.5151832103729248,0.7205987572669983,0.03561065346002579,0.47389480471611023,0.7335739135742188,-0.12068942189216614,0.5035114884376526,0.9006399512290955,0.13096877932548523,0.4757418632507324,0.9170737266540527,-0.028137575834989548,0.4898998439311981,0.9246878027915955,0.1314830780029297,0.4689720869064331,0.9329811930656433,-0.028244270011782646,0.5250795483589172,0.9569211602210999,-0.003050097730010748,0.4863508939743042,0.9716092348098755,-0.20481926202774048
leg raises_700001.jpg,0.47884640097618103,0.15821781754493713,-0.09666667133569717,0.48282375931739807,0.14284315705299377,-0.06396225839853287,0.4859938621520996,0.14272166788578033,-0.06397521495819092,0.4891848862171173,0.14282283186912537,-0.06401412934064865,0.4720754027366638,0.14427568018436432,-0.0863170176744461,0.46721696853637695,0.1451788693666458,-0.08632324635982513,0.46241360902786255,0.1460612416267395,-0.08631639182567596,0.4911728501319885,0.1535523235797882,0.0859614908695221,0.4508405029773712,0.1558537632226944,-0.019683746621012688,0.4843914210796356,0.1809884011745453,-0.04100063070654869,0.4702887237071991,0.17964863777160645,-0.07033036649227142,0.5126317143440247,0.23871804773807526,0.15793082118034363,0.4212942123413086,0.2450741082429886,-0.05041809752583504,0.5167999863624573,0.09965194016695023,0.14131030440330505,0.41159629821777344,0.10574448853731155,-0.16259591281414032,0.5105553269386292,0.02710995078086853,0.0587967224419117,0.40942034125328064,0.042300399392843246,-0.06125200539827347,0.48593243956565857,-0.001337230671197176,0.019837472587823868,0.40844205021858215,0.03035234846174717,-0.09013725072145462,0.4819791615009308,0.0044736796990036964,0.030111921951174736,0.41248980164527893,0.032933928072452545,-0.08413302153348923,0.48454549908638,0.01471255999058485,0.051970746368169785,0.42579227685928345,0.015697220340371132,-0.06136177480220795,0.5030519366264343,0.5347654819488525,0.07594260573387146,0.44915616512298584,0.5380411744117737,-0.07596635073423386,0.5013822317123413,0.7473656535148621,0.06904835253953934,0.45985251665115356,0.7619443535804749,-0.08538215607404709,0.49735069274902344,0.9464914798736572,0.20493046939373016,0.4598838984966278,0.9682852029800415,0.06184198707342148,0.4877549409866333,0.9631604552268982,0.20955054461956024,0.4586081802845001,0.9778833985328674,0.06564025580883026,0.5315895676612854,0.986628532409668,0.05581492558121681,0.48299017548561096,1.0118842124938965,-0.11854037642478943
leg raises_700011.jpg,0.478598028421402,0.1535133719444275,-0.13378161191940308,0.4819481670856476,0.13781215250492096,-0.09799318760633469,0.48531433939933777,0.1374729722738266,-0.09802274405956268,0.48905640840530396,0.13718904554843903,-0.098048135638237,0.4704486131668091,0.140184223651886,-0.11378524452447891,0.4656272828578949,0.14117157459259033,-0.11379386484622955,0.4608488380908966,0.14215654134750366,-0.11379195004701614,0.4924820065498352,0.14691410958766937,0.07220962643623352,0.4504131078720093,0.1513792723417282,0.001230553607456386,0.4852755665779114,0.17361177504062653,-0.07088693976402283,0.4708367884159088,0.17277315258979797,-0.09165934473276138,0.5144146084785461,0.229635089635849,0.14754219353199005,0.4227820932865143,0.23017624020576477,-0.031302522867918015,0.5123579502105713,0.08033820986747742,0.10433034598827362,0.4217795431613922,0.09123927354812622,-0.1138436421751976,0.4809936285018921,-0.00682672718539834,-0.0008696092991158366,0.4237425625324249,0.019330356270074844,-0.04599369689822197,0.468096524477005,-0.026127418503165245,-0.04932953044772148,0.4446485936641693,0.009279359132051468,-0.08497349172830582,0.4641857445240021,-0.017363108694553375,-0.043718121945858,0.44705119729042053,0.01886032149195671,-0.08241303265094757,0.4676026999950409,-0.0077817365527153015,-0.009251488372683525,0.44531309604644775,0.02360348217189312,-0.049113135784864426,0.5018094182014465,0.5322659611701965,0.07501992583274841,0.44857898354530334,0.5341057181358337,-0.0750652328133583,0.4988609254360199,0.7393189072608948,0.06042340770363808,0.46567389369010925,0.7563389539718628,-0.11876996606588364,0.4994697570800781,0.9442412257194519,0.18804790079593658,0.471201628446579,0.9746396541595459,-0.0005951083730906248,0.4861981272697449,0.9799575209617615,0.1902311146259308,0.4636198580265045,1.0038774013519287,0.0011944301659241319,0.5311663746833801,0.9995924234390259,0.02326381579041481,0.4954628348350525,1.0362770557403564,-0.19197119772434235
leg raises_700021.jpg,0.47555938363075256,0.1546442210674286,-0.21385493874549866,0.4793093800544739,0.13856005668640137,-0.17345786094665527,0.4823209345340729,0.13779260218143463,-0.17355306446552277,0.48529693484306335,0.13691724836826324,-0.1735834777355194,0.46911242604255676,0.14088979363441467,-0.17837834358215332,0.46493691205978394,0.14152824878692627,-0.17839838564395905,0.4606894254684448,0.14207570254802704,-0.17838825285434723,0.48873037099838257,0.1447884887456894,-0.0155115881934762,0.45125702023506165,0.14957936108112335,-0.03497268259525299,0.48276039958000183,0.1741635650396347,-0.1565478891134262,0.4681970179080963,0.1724502295255661,-0.16555483639240265,0.5105198621749878,0.22042401134967804,0.034019406884908676,0.42442232370376587,0.21908068656921387,-0.045360222458839417,0.509455144405365,0.07931964844465256,-0.01710599474608898,0.4257376492023468,0.08135280013084412,-0.11394716054201126,0.4755924940109253,-0.009138161316514015,-0.07905066013336182,0.4259071350097656,-0.0005292567075230181,-0.07151538878679276,0.46674269437789917,-0.026949577033519745,-0.11181090027093887,0.4382191002368927,-0.020057760179042816,-0.09550657868385315,0.4594220519065857,-0.022534439340233803,-0.10667316615581512,0.4410518407821655,-0.015199401415884495,-0.0903104618191719,0.4609840214252472,-0.012866119854152203,-0.0846879705786705,0.44519397616386414,0.00409539882093668,-0.07311013340950012,0.49102288484573364,0.484268456697464,0.044718846678733826,0.44830718636512756,0.48861825466156006,-0.04465832561254501,0.49772241711616516,0.6494629979133606,-0.2402721345424652,0.4706796109676361,0.6454871296882629,-0.39516717195510864,0.5064433217048645,0.8079050779342651,-0.33460190892219543,0.5128859877586365,0.7943042516708374,-0.5725797414779663,0.5140833258628845,0.8421196937561035,-0.35265621542930603,0.5262872576713562,0.8293898105621338,-0.5994755625724792,0.5352450609207153,0.8412005305290222,-0.540751039981842,0.5384199619293213,0.8179267644882202,-0.7922907471656799
leg raises_700031.jpg,0.47521865367889404,0.14327296614646912,-0.13916201889514923,0.47933104634284973,0.12687397003173828,-0.10565198957920074,0.4824508726596832,0.1262204349040985,-0.10565470159053802,0.48564577102661133,0.12544091045856476,-0.10576176643371582,0.4681655168533325,0.129015251994133,-0.10884830355644226,0.46375879645347595,0.12994837760925293,-0.10898897796869278,0.4590854048728943,0.1309761106967926,-0.10908815264701843,0.4890160858631134,0.13378015160560608,0.039695993065834045,0.4492272436618805,0.14088916778564453,0.026338838040828705,0.4828389883041382,0.16453981399536133,-0.09134988486766815,0.4668998420238495,0.16314111649990082,-0.09488209336996078,0.5117989778518677,0.21900299191474915,0.042094580829143524,0.4242999851703644,0.22134709358215332,0.05255001038312912,0.5124602913856506,0.06836879253387451,0.1096099242568016,0.42713838815689087,0.0777047723531723,0.12812598049640656,0.46357545256614685,0.0326998233795166,0.25960901379585266,0.43188557028770447,0.0761081725358963,0.4015437960624695,0.46012404561042786,0.03986012935638428,0.25710928440093994,0.4417022466659546,0.07674108445644379,0.42256900668144226,0.4596046805381775,0.05581384152173996,0.286424458026886,0.44488880038261414,0.08519038558006287,0.43120062351226807,0.46349042654037476,0.061625391244888306,0.2653914988040924,0.4461594820022583,0.09190710633993149,0.4051012396812439,0.49375489354133606,0.48905444145202637,0.04746376350522041,0.4498119652271271,0.49142736196517944,-0.047580815851688385,0.5735660791397095,0.530931830406189,-0.19324252009391785,0.5264011025428772,0.39992159605026245,-0.29561156034469604,0.5249181389808655,0.6310445666313171,-0.08583785593509674,0.5119651556015015,0.5899481773376465,-0.27975142002105713,0.5182735919952393,0.6311368346214294,-0.0784391313791275,0.5111175179481506,0.6091665625572205,-0.4679953455924988,0.5373732447624207,0.6893425583839417,-0.30749672651290894,0.5389515161514282,0.6652737259864807,-0.24349181354045868
leg raises_700041.jpg,0.47662055492401123,0.13819685578346252,-0.2488650232553482,0.4807727634906769,0.12235834449529648,-0.2147114872932434,0.48400259017944336,0.12184210866689682,-0.21486975252628326,0.48732349276542664,0.12128496915102005,-0.21501681208610535,0.4696258306503296,0.12418113648891449,-0.2189784049987793,0.4652000665664673,0.12496060132980347,-0.2190159112215042,0.460604727268219,0.1257656365633011,-0.21896250545978546,0.49045294523239136,0.12995262444019318,-0.049467090517282486,0.45050299167633057,0.13547727465629578,-0.06929656118154526,0.48370271921157837,0.15811903774738312,-0.19069384038448334,0.46819207072257996,0.1568441540002823,-0.19706085324287415,0.5118923783302307,0.21602265536785126,0.01930990070104599,0.4250551164150238,0.21341665089130402,-0.013997601345181465,0.5138471722602844,0.06756717711687088,-0.022683070972561836,0.4289284646511078,0.06339079141616821,0.023180577903985977,0.4746604263782501,0.027551589533686638,0.02674448862671852,0.4392015337944031,0.05377855896949768,0.2203129231929779,0.4641198217868805,0.01802753657102585,-0.004112410359084606,0.4506857097148895,0.05841716751456261,0.22444650530815125,0.4662539064884186,0.04423852264881134,0.006297264713793993,0.45155107975006104,0.0773751437664032,0.21723268926143646,0.46042490005493164,0.04171230271458626,0.022303100675344467,0.45077621936798096,0.08509759604930878,0.21795609593391418,0.4968339800834656,0.4913462698459625,0.027117392048239708,0.45024338364601135,0.4870390295982361,-0.02692379616200924,0.5584057569503784,0.6045487523078918,-0.14166294038295746,0.5158158540725708,0.5366128087043762,-0.555976152420044,0.5452997088432312,0.7880656719207764,-0.2463020235300064,0.5459811687469482,0.6939809322357178,-0.8541924357414246,0.5386642217636108,0.841092586517334,-0.26674988865852356,0.5548388361930847,0.7308508157730103,-0.8915799856185913,0.5763587355613708,0.7050329446792603,-0.39361655712127686,0.5864763855934143,0.6967905163764954,-1.0144429206848145
leg raises_700051.jpg,0.47690340876579285,0.1426592767238617,-0.10136798024177551,0.4812838137149811,0.12680011987686157,-0.06262220442295074,0.48444560170173645,0.12652692198753357,-0.06261151283979416,0.4876837134361267,0.12615185976028442,-0.06262774020433426,0.47003909945487976,0.128043994307518,-0.0761474221944809,0.46545401215553284,0.12854725122451782,-0.07617468386888504,0.4606877863407135,0.12907686829566956,-0.0761599987745285,0.4906400442123413,0.13424527645111084,0.11179368942975998,0.4508107006549835,0.1376618891954422,0.0509638786315918,0.48394253849983215,0.1623113751411438,-0.03830781951546669,0.46875351667404175,0.16148076951503754,-0.05628206208348274,0.514860212802887,0.2172676920890808,0.16297367215156555,0.4262532591819763,0.2162967324256897,0.03640423342585564,0.51546710729599,0.06850243359804153,0.11581979691982269,0.4304499328136444,0.06507588177919388,-0.027327265590429306,0.48306065797805786,-0.009881905280053616,0.07121707499027252,0.43888992071151733,0.0008168066269718111,0.04160324111580849,0.4743460416793823,-0.031052129343152046,0.029437148943543434,0.44976672530174255,-0.005894944537431002,0.012652147561311722,0.4732440412044525,-0.0183836929500103,0.03868793696165085,0.4513770639896393,0.007932470180094242,0.013158595189452171,0.47316133975982666,-0.008872376754879951,0.06478819996118546,0.44942522048950195,0.014962065033614635,0.037811778485774994,0.5053555965423584,0.49407750368118286,0.03125574812293053,0.45147836208343506,0.49358800053596497,-0.031059838831424713,0.5415163040161133,0.7149892449378967,-0.04484478756785393,0.5063673257827759,0.7231912612915039,-0.14445748925209045,0.5421215891838074,0.9373013973236084,0.03610832616686821,0.5341110825538635,0.9437663555145264,-0.053780052810907364,0.5369083285331726,0.9544713497161865,0.031345535069704056,0.5344382524490356,0.9594455361366272,-0.05775957554578781,0.5711320042610168,0.9900561571121216,-0.28636547923088074,0.567978024482727,1.0122127532958984,-0.27677658200263977
leg raises_700061.jpg,0.47767719626426697,0.1428118497133255,-0.1390216052532196,0.4821247458457947,0.12619589269161224,-0.10184203833341599,0.48531267046928406,0.12577012181282043,-0.10187800973653793,0.48855388164520264,0.1253105103969574,-0.10192687064409256,0.47091925144195557,0.12784439325332642,-0.11581628769636154,0.4663601517677307,0.1285426914691925,-0.11583831906318665,0.4616064429283142,0.1291569024324417,-0.11582782864570618,0.4913625717163086,0.13386978209018707,0.07821914553642273,0.451516330242157,0.1370868682861328,0.013177535496652126,0.4844052493572235,0.1610473245382309,-0.07417889684438705,0.46919116377830505,0.16099560260772705,-0.09222058206796646,0.5187152624130249,0.21567238867282867,0.1522168070077896,0.426885724067688,0.21762335300445557,0.002426044549793005,0.5151505470275879,0.06645344197750092,0.11123042553663254,0.43256106972694397,0.07404419779777527,-0.12667636573314667,0.48343437910079956,-0.02037571184337139,0.017216172069311142,0.4370676279067993,-0.016947221010923386,-0.12151137739419937,0.47301164269447327,-0.04053100571036339,-0.026791037991642952,0.4494469463825226,-0.04141809046268463,-0.1717509925365448,0.46970421075820923,-0.034573860466480255,-0.02313181199133396,0.44788649678230286,-0.034490495920181274,-0.17161305248737335,0.4719787538051605,-0.025468913838267326,0.008322767913341522,0.4486158490180969,-0.026018381118774414,-0.12804844975471497,0.5052781701087952,0.49451062083244324,0.059648558497428894,0.4519733488559723,0.4972556531429291,-0.05957663431763649,0.5135952234268188,0.7183606624603271,0.011537132784724236,0.4862786829471588,0.7288681268692017,-0.1314951628446579,0.5199927687644958,0.9321332573890686,0.12672504782676697,0.5002127885818481,0.9513953924179077,-0.018471019342541695,0.5139952301979065,0.9503874778747559,0.12657275795936584,0.4968109428882599,0.9652857184410095,-0.019770894199609756,0.5552739500999451,0.9812479615211487,-0.0679231807589531,0.5266716480255127,1.0271250009536743,-0.2225053310394287
leg raises_700071.jpg,0.47812068462371826,0.14599713683128357,-0.10826165974140167,0.48267972469329834,0.12922856211662292,-0.07069389522075653,0.48582765460014343,0.12898164987564087,-0.07070403546094894,0.489078551530838,0.12872099876403809,-0.0707351416349411,0.47148841619491577,0.13056334853172302,-0.08306847512722015,0.4669213593006134,0.13124632835388184,-0.08309829235076904,0.4621627628803253,0.13181999325752258,-0.0830998420715332,0.49189627170562744,0.13687019050121307,0.09695467352867126,0.45214682817459106,0.13915804028511047,0.04007668420672417,0.4848146140575409,0.16378939151763916,-0.047915294766426086,0.46947163343429565,0.16311059892177582,-0.06437451392412186,0.5191553831100464,0.21529929339885712,0.14380355179309845,0.4271695017814636,0.21788249909877777,0.01880299672484398,0.5132177472114563,0.07124627381563187,0.09864535182714462,0.4319036900997162,0.07628060132265091,-0.10776941478252411,0.4829472601413727,-0.01575728878378868,0.01814206689596176,0.4356163442134857,-0.020743170753121376,-0.09125502407550812,0.47416308522224426,-0.038383644074201584,-0.026216251775622368,0.4454951286315918,-0.04848625510931015,-0.1423492282629013,0.4710124731063843,-0.0327235646545887,-0.021443689242005348,0.4458782374858856,-0.04247938096523285,-0.12886829674243927,0.47218525409698486,-0.022898636758327484,0.009803145192563534,0.4481343626976013,-0.03247000277042389,-0.09469284117221832,0.5053800940513611,0.4966955780982971,0.049752045422792435,0.45219698548316956,0.4990493059158325,-0.04959850385785103,0.5085586905479431,0.702771782875061,0.02314211055636406,0.46719032526016235,0.7167254686355591,-0.09203718602657318,0.5030558705329895,0.9081711769104004,0.16490955650806427,0.4692622721195221,0.93187415599823,0.044388893991708755,0.4923206567764282,0.9294120073318481,0.16929440200328827,0.46633392572402954,0.9465386867523193,0.046961624175310135,0.5185800790786743,0.964449405670166,0.001316869049333036,0.4744030237197876,0.983429491519928,-0.14553076028823853
leg raises_700081.jpg,0.47856405377388,0.14648135006427765,-0.10539422184228897,0.4829857051372528,0.12973619997501373,-0.06767114996910095,0.4860859215259552,0.12950313091278076,-0.06767138838768005,0.4893375039100647,0.12928926944732666,-0.0676981508731842,0.47191718220710754,0.13109105825424194,-0.07867137342691422,0.46739381551742554,0.13193576037883759,-0.07871495932340622,0.4626818001270294,0.13256379961967468,-0.0787130668759346,0.4922941029071808,0.13748563826084137,0.09682729095220566,0.4524472951889038,0.13988684117794037,0.046790722757577896,0.48510363698005676,0.1643180102109909,-0.04664555564522743,0.46983951330184937,0.16349321603775024,-0.06124374642968178,0.5203231573104858,0.21581223607063293,0.13908296823501587,0.42727920413017273,0.21919099986553192,0.020066553726792336,0.5134841203689575,0.07130984961986542,0.09345021843910217,0.43165627121925354,0.08337429165840149,-0.10127391666173935,0.4815690815448761,-0.010997476987540722,0.043845899403095245,0.4347340166568756,-0.007945790886878967,-0.07031253725290298,0.47228145599365234,-0.032723214477300644,0.0014569897903129458,0.4447714388370514,-0.04233134910464287,-0.11452700942754745,0.4691093862056732,-0.027155587449669838,0.007399315480142832,0.4454098343849182,-0.042785536497831345,-0.102951779961586,0.47041186690330505,-0.017562653869390488,0.03618772700428963,0.44615206122398376,-0.0319368951022625,-0.0736561268568039,0.5048167705535889,0.49736154079437256,0.049057599157094955,0.44920170307159424,0.5002599358558655,-0.0489320270717144,0.5023190975189209,0.7023831605911255,0.03155966475605965,0.4593062400817871,0.7159185409545898,-0.08510061353445053,0.49777093529701233,0.9003052711486816,0.18241839110851288,0.46309390664100647,0.9266079664230347,0.06267142295837402,0.4867706298828125,0.924191951751709,0.18816539645195007,0.4587625563144684,0.9411613345146179,0.06703604012727737,0.5079573392868042,0.9650812149047852,0.025845490396022797,0.46952512860298157,0.9729507565498352,-0.12213470786809921
leg raises_700091.jpg,0.4786699712276459,0.1448788046836853,-0.11899686604738235,0.48325008153915405,0.127884641289711,-0.08196946233510971,0.48635151982307434,0.12764067947864532,-0.08201087266206741,0.4895957410335541,0.1274285465478897,-0.08208287507295609,0.47221624851226807,0.129562109708786,-0.09664585441350937,0.4677213132381439,0.1305333971977234,-0.09664992988109589,0.4630569815635681,0.13128219544887543,-0.09662477672100067,0.49230077862739563,0.13588500022888184,0.08723004907369614,0.4529035687446594,0.13895513117313385,0.02531025931239128,0.4851537346839905,0.16323696076869965,-0.05709797888994217,0.4699109196662903,0.1625993549823761,-0.07632603496313095,0.5200569033622742,0.21619249880313873,0.14935827255249023,0.42823126912117004,0.2204851359128952,0.0012439900310710073,0.5136083364486694,0.07296893000602722,0.1277613788843155,0.43281158804893494,0.08524435013532639,-0.1262740045785904,0.48562091588974,-0.03342700004577637,0.04820261523127556,0.43414533138275146,-0.020542971789836884,-0.1270124912261963,0.4733677804470062,-0.04491036757826805,0.004826065618544817,0.44294875860214233,-0.04988054186105728,-0.17246581614017487,0.4696280360221863,-0.0431613065302372,0.007403271738439798,0.4401581585407257,-0.05296967178583145,-0.16935215890407562,0.4710450768470764,-0.03371055796742439,0.03883431851863861,0.43978413939476013,-0.042803242802619934,-0.13209812343120575,0.5064032077789307,0.49833619594573975,0.05649954453110695,0.45013758540153503,0.500727117061615,-0.05626220628619194,0.5068075656890869,0.7073186039924622,0.019186602905392647,0.46365389227867126,0.7233467102050781,-0.11529760807752609,0.5134814381599426,0.9118592739105225,0.1372949779033661,0.4879482090473175,0.9432471990585327,-0.009647766128182411,0.5057855844497681,0.9310437440872192,0.13962990045547485,0.4804491400718689,0.9601802229881287,-0.009860559366643429,0.5437005758285522,0.9672698974609375,-0.019802194088697433,0.517146646976471,1.0136831998825073,-0.19562403857707977
leg raises_700101.jpg,0.48406684398651123,0.14576169848442078,-0.16906195878982544,0.4872766137123108,0.12845848500728607,-0.13977733254432678,0.4907839596271515,0.1283513754606247,-0.13986410200595856,0.49433964490890503,0.12829646468162537,-0.13998502492904663,0.47607991099357605,0.12981992959976196,-0.1473490595817566,0.4710552394390106,0.1307116448879242,-0.14741022884845734,0.4658631384372711,0.1315755397081375,-0.14738251268863678,0.4957786500453949,0.13721276819705963,-0.011978069320321083,0.45315539836883545,0.14048056304454803,-0.0476677268743515,0.4905129075050354,0.16527339816093445,-0.12359116226434708,0.4755688011646271,0.16457335650920868,-0.13395245373249054,0.5205661654472351,0.2180403620004654,0.0195452943444252,0.4302918016910553,0.22170574963092804,-0.05035535246133804,0.5139898061752319,0.07598457485437393,-0.026097280904650688,0.43913760781288147,0.09778597950935364,-0.12233943492174149,0.483157217502594,-0.01634076237678528,-0.000639398000203073,0.4348752796649933,-0.008325804956257343,-0.029615528881549835,0.47346073389053345,-0.03918389603495598,-0.0009968186495825648,0.4379887580871582,-0.04144276678562164,-0.043098825961351395,0.46722397208213806,-0.034227628260850906,-0.009683254174888134,0.43250325322151184,-0.03601705655455589,-0.01838087849318981,0.4675746262073517,-0.020837469026446342,0.010712954215705395,0.4349744915962219,-0.02085140161216259,-0.024740297347307205,0.5036458373069763,0.4990626573562622,0.056121956557035446,0.45383888483047485,0.5015645623207092,-0.05591138079762459,0.5154825448989868,0.5719150304794312,-0.20354852080345154,0.5199702978134155,0.5550223588943481,-0.4036463499069214,0.5240582823753357,0.739450216293335,-0.13293030858039856,0.5226442217826843,0.6512094140052795,-0.36722999811172485,0.5147081017494202,0.765596866607666,-0.12689363956451416,0.5123909711837769,0.6761865019798279,-0.3609141707420349,0.5504584908485413,0.7803840637207031,-0.20175252854824066,0.5590251684188843,0.6698444485664368,-0.45254233479499817
leg raises_700111.jpg,0.4890497326850891,0.14317697286605835,-0.14252392947673798,0.4925059378147125,0.12596313655376434,-0.11750295758247375,0.49647223949432373,0.12616027891635895,-0.11761394143104553,0.5005714893341064,0.12629768252372742,-0.11783599108457565,0.4802307188510895,0.12691009044647217,-0.12085742503404617,0.47487542033195496,0.12759417295455933,-0.12094046175479889,0.4693364202976227,0.1283145397901535,-0.12098456919193268,0.5039898157119751,0.13601815700531006,0.008494569920003414,0.4562798738479614,0.13875819742679596,-0.03570134937763214,0.4961695075035095,0.16406840085983276,-0.10956080257892609,0.48060688376426697,0.16378965973854065,-0.10976330190896988,0.5267232060432434,0.21608804166316986,0.026657629758119583,0.4353974759578705,0.2210669219493866,-0.03599711135029793,0.5218316316604614,0.06662221997976303,-0.04351019486784935,0.44082677364349365,0.08119150996208191,-0.11510248482227325,0.4905567467212677,-0.012828477658331394,-0.04535267502069473,0.43570831418037415,-0.02265629731118679,-0.04925088956952095,0.4797358214855194,-0.03181804344058037,-0.05117664486169815,0.43830230832099915,-0.05061827227473259,-0.0658709779381752,0.47315943241119385,-0.02688586711883545,-0.026837527751922607,0.43445831537246704,-0.05145306512713432,-0.04757144674658775,0.4755200445652008,-0.0157025009393692,-0.03750581666827202,0.4358552098274231,-0.03849106654524803,-0.04692402109503746,0.5149642825126648,0.49950557947158813,0.04044229909777641,0.46339136362075806,0.5013867616653442,-0.040523018687963486,0.5550106763839722,0.4916432201862335,-0.15133053064346313,0.518373429775238,0.4764491319656372,-0.32567936182022095,0.5566875338554382,0.4983292520046234,-0.05046826973557472,0.5370241403579712,0.5201066136360168,-0.2691488265991211,0.5585659742355347,0.49787384271621704,-0.03830277547240257,0.534427285194397,0.5254994034767151,-0.25986698269844055,0.550449788570404,0.48939767479896545,-0.09182436764240265,0.5750345587730408,0.5149073600769043,-0.35023587942123413
leg raises_700121.jpg,0.4907684922218323,0.14427462220191956,-0.050564657896757126,0.4939776659011841,0.12724417448043823,-0.014148201793432236,0.49760812520980835,0.12749071419239044,-0.014199599623680115,0.501286506652832,0.12771323323249817,-0.01423389557749033,0.48256587982177734,0.12799470126628876,-0.024218887090682983,0.4775572717189789,0.12864580750465393,-0.02428039163351059,0.4724094271659851,0.1293231099843979,-0.02434055134654045,0.5040197968482971,0.13708443939685822,0.12391015887260437,0.4604434370994568,0.13957270979881287,0.07644574344158173,0.4971659481525421,0.16439580917358398,-0.003994866274297237,0.4826430678367615,0.1636715531349182,-0.01734834350645542,0.5268344879150391,0.2170182168483734,0.13492514193058014,0.43884503841400146,0.22164185345172882,0.03707592934370041,0.5209680199623108,0.07083196938037872,0.06961145251989365,0.4425007402896881,0.08128464221954346,-0.061975400894880295,0.4910133183002472,-0.025132814422249794,0.03759188577532768,0.43542706966400146,-0.028066834434866905,-0.013469500467181206,0.48018109798431396,-0.047563981264829636,0.009695024229586124,0.43415528535842896,-0.06418926268815994,-0.0449310764670372,0.4750036597251892,-0.045047957450151443,0.017212586477398872,0.43302828073501587,-0.06189495697617531,-0.034591931849718094,0.4770241975784302,-0.035287242382764816,0.032145947217941284,0.43373146653175354,-0.04920545592904091,-0.016162483021616936,0.5173733830451965,0.4818023145198822,0.04421793296933174,0.4711322486400604,0.4834582507610321,-0.04450329765677452,0.547410786151886,0.6362993717193604,-0.06155180558562279,0.5244767665863037,0.6243423223495483,-0.2055378556251526,0.5638574361801147,0.805291473865509,-0.023364758118987083,0.5585964918136597,0.8121063113212585,-0.21486078202724457,0.5620025992393494,0.8321535587310791,-0.02737918309867382,0.5557692050933838,0.836975634098053,-0.25842854380607605,0.5832021832466125,0.908816933631897,-0.18233202397823334,0.5859360098838806,0.9115808010101318,-0.32959625124931335
leg raises_700131.jpg,0.4904179871082306,0.14674004912376404,-0.03211463615298271,0.49374526739120483,0.13018372654914856,0.007343070115894079,0.4974499046802521,0.13028274476528168,0.007329962216317654,0.5011985898017883,0.13057424128055573,0.007301790174096823,0.48234227299690247,0.13150136172771454,-0.006647109519690275,0.4774250388145447,0.13219784200191498,-0.006677033845335245,0.47240206599235535,0.13286074995994568,-0.006684654857963324,0.503853440284729,0.1416803002357483,0.17014752328395844,0.46060118079185486,0.14372500777244568,0.10453782975673676,0.49683237075805664,0.16512955725193024,0.025545340031385422,0.4823800027370453,0.16435067355632782,0.006387975532561541,0.5265987515449524,0.2269834578037262,0.1977645456790924,0.4386771619319916,0.23259277641773224,0.03182240203022957,0.516965925693512,0.07373214513063431,0.13675880432128906,0.4416600465774536,0.10382359474897385,-0.2089819312095642,0.4894980788230896,-0.009394016116857529,0.08880054205656052,0.4357764422893524,-0.0073059676215052605,-0.31983453035354614,0.4791845381259918,-0.02895381487905979,0.05660096928477287,0.4340161681175232,-0.03700372576713562,-0.3751188814640045,0.47559699416160583,-0.02562110684812069,0.058569490909576416,0.4330255091190338,-0.03476868197321892,-0.36242246627807617,0.47760847210884094,-0.0162205770611763,0.08104165643453598,0.43470123410224915,-0.027342664077878,-0.3240211308002472,0.5176020860671997,0.5014814734458923,0.06117664650082588,0.46879932284355164,0.4977775514125824,-0.06132931262254715,0.5316653847694397,0.7094762325286865,-0.003340919967740774,0.4995957911014557,0.733170747756958,-0.14284588396549225,0.5480040311813354,0.9201825261116028,0.07672640681266785,0.517722487449646,0.9517298936843872,-0.0746268481016159,0.5459725856781006,0.9370326399803162,0.07439021021127701,0.5163906812667847,0.9592015743255615,-0.08209393918514252,0.5728304386138916,0.9767946600914001,-0.09476372599601746,0.5491370558738708,1.0333776473999023,-0.2592330276966095
leg raises_700141.jpg,0.4901772141456604,0.14734049141407013,-0.07099144905805588,0.4932798743247986,0.1307903677225113,-0.03367343917489052,0.496754914522171,0.13086992502212524,-0.03369716554880142,0.5004147291183472,0.13110801577568054,-0.033739831298589706,0.4821755290031433,0.13203157484531403,-0.04679935425519943,0.47730717062950134,0.13270053267478943,-0.04684450104832649,0.47234785556793213,0.13333828747272491,-0.04685589298605919,0.5031214952468872,0.14178353548049927,0.12623459100723267,0.46052178740501404,0.14383281767368317,0.06547683477401733,0.4964604675769806,0.16576120257377625,-0.014024187810719013,0.48232486844062805,0.16493314504623413,-0.03163641691207886,0.5264503955841064,0.22676092386245728,0.15997551381587982,0.437813937664032,0.23252396285533905,0.02336791902780533,0.5154216289520264,0.07831704616546631,0.10951714217662811,0.441045343875885,0.09942629188299179,-0.17085321247577667,0.48948732018470764,-0.014771868474781513,0.06286101043224335,0.43554699420928955,-0.009233968332409859,-0.27966946363449097,0.47610822319984436,-0.028229430317878723,0.02576475217938423,0.43346673250198364,-0.03414230793714523,-0.2761255204677582,0.47291305661201477,-0.02362433262169361,0.029902812093496323,0.4314982295036316,-0.03273922950029373,-0.2541723847389221,0.4740932881832123,-0.01437749620527029,0.05496366694569588,0.4323919117450714,-0.022895582020282745,-0.2650972604751587,0.5174583792686462,0.5081886053085327,0.053587209433317184,0.46370038390159607,0.5074161887168884,-0.05350935086607933,0.5173400044441223,0.7069138288497925,0.01915634050965309,0.4760022461414337,0.7320823669433594,-0.103587307035923,0.5115782022476196,0.909450113773346,0.15104156732559204,0.4804801642894745,0.9433151483535767,0.018796658143401146,0.5000938773155212,0.9255502223968506,0.15516585111618042,0.47411975264549255,0.9515625834465027,0.020401617512106895,0.5248468518257141,0.9766853451728821,0.00125796883367002,0.4909815192222595,0.9892525672912598,-0.16578885912895203
leg raises_700151.jpg,0.4894828498363495,0.15798412263393402,-0.07880919426679611,0.49309805035591125,0.1400681883096695,-0.03969132527709007,0.49661192297935486,0.13987767696380615,-0.03971294313669205,0.5002996921539307,0.13993240892887115,-0.03979141637682915,0.48190927505493164,0.14283980429172516,-0.04920259863138199,0.4770742356777191,0.14386716485023499,-0.049258552491664886,0.4721677601337433,0.14489863812923431,-0.04926418885588646,0.5031031370162964,0.15187709033489227,0.12136919051408768,0.46050357818603516,0.15667977929115295,0.07869066298007965,0.49624601006507874,0.17617231607437134,-0.022450067102909088,0.48147696256637573,0.17650772631168365,-0.035510752350091934,0.5276589393615723,0.2350967824459076,0.14923954010009766,0.4372192621231079,0.24106481671333313,0.052441541105508804,0.5169637799263,0.08384779095649719,0.08290614932775497,0.440522700548172,0.10177981108427048,-0.1121344044804573,0.49160587787628174,-0.014704463072121143,0.05111730098724365,0.4354715049266815,-0.00830570887774229,-0.17313502728939056,0.47625988721847534,-0.02416216768324375,0.01271413266658783,0.43345391750335693,-0.034140199422836304,-0.2523110508918762,0.4735226333141327,-0.0202102642506361,0.01974034495651722,0.43156880140304565,-0.03348567709326744,-0.2083185762166977,0.47481483221054077,-0.010728852823376656,0.044848307967185974,0.43228021264076233,-0.018303444609045982,-0.1775464117527008,0.5171331763267517,0.5255001783370972,0.027992647141218185,0.4574427902698517,0.5247993469238281,-0.02779228426516056,0.5163074135780334,0.7155537009239197,0.012488056905567646,0.4628622233867645,0.7386124730110168,-0.05549594387412071,0.5153233408927917,0.9104734659194946,0.19901834428310394,0.47041526436805725,0.9384306073188782,0.12404870241880417,0.5048753023147583,0.9277324080467224,0.20919710397720337,0.4672107696533203,0.94842928647995,0.13212056457996368,0.5259644389152527,0.9687560796737671,0.050871893763542175,0.47377508878707886,0.9799884557723999,-0.05014018341898918
leg raises_700161.jpg,0.49039730429649353,0.1722237765789032,-0.08547774702310562,0.49405744671821594,0.15479372441768646,-0.047647297382354736,0.4975055456161499,0.1543773114681244,-0.04767940938472748,0.5011019110679626,0.1541663110256195,-0.04775194078683853,0.48294347524642944,0.15743479132652283,-0.05928448587656021,0.47807592153549194,0.15850035846233368,-0.0593191497027874,0.47308778762817383,0.15959018468856812,-0.05931531637907028,0.5042348504066467,0.16486480832099915,0.11501345038414001,0.4609583914279938,0.17097780108451843,0.061706699430942535,0.4969365894794464,0.19072021543979645,-0.02730492688715458,0.48204976320266724,0.19157099723815918,-0.04332190379500389,0.5299180746078491,0.2479962855577469,0.15897426009178162,0.43712151050567627,0.25788170099258423,0.028329888358712196,0.5234795212745667,0.10569177567958832,0.11256586760282516,0.44162416458129883,0.11629845201969147,-0.14402365684509277,0.5037278532981873,-0.009558277204632759,0.051583413034677505,0.4380229115486145,-0.004064445849508047,-0.1517670452594757,0.4851110875606537,-0.020832663401961327,0.013102171942591667,0.4372057616710663,-0.029187053442001343,-0.2001391500234604,0.48315054178237915,-0.016989873722195625,0.017327930778265,0.436773419380188,-0.02782069519162178,-0.18396596610546112,0.48445674777030945,-0.007504170294851065,0.04361124709248543,0.4385334551334381,-0.014787635765969753,-0.15491840243339539,0.5194143652915955,0.5467863082885742,0.04465438425540924,0.4580354392528534,0.5470831394195557,-0.04452867433428764,0.5158135294914246,0.7619040012359619,0.02590709738433361,0.4642442762851715,0.7749632000923157,-0.09827958047389984,0.5175580978393555,0.9648576378822327,0.16301468014717102,0.47902825474739075,0.9886057376861572,0.028421951457858086,0.5082763433456421,0.975264310836792,0.16736580431461334,0.476167768239975,0.9935299158096313,0.030925054103136063,0.5361737608909607,1.038838505744934,0.008673128671944141,0.4889317452907562,1.065614938735962,-0.15366488695144653
leg raises_700171.jpg,0.4986932873725891,0.1748175024986267,-0.15961392223834991,0.500916063785553,0.15729737281799316,-0.13049207627773285,0.5043692588806152,0.15724347531795502,-0.13059742748737335,0.5078703165054321,0.15742047131061554,-0.13066814839839935,0.4892101287841797,0.15852349996566772,-0.13863040506839752,0.483694463968277,0.15908868610858917,-0.13871517777442932,0.4778056740760803,0.159783273935318,-0.13866035640239716,0.5090243220329285,0.16732574999332428,0.0017505392897874117,0.464019238948822,0.17107640206813812,-0.03995492309331894,0.5040698647499084,0.19265884160995483,-0.11219559609889984,0.4893805682659149,0.1936568319797516,-0.12424077093601227,0.5310074687004089,0.24776650965213776,0.04703908413648605,0.4412764310836792,0.2540633976459503,-0.0510704331099987,0.5249344110488892,0.10532587021589279,0.028455642983317375,0.4461624324321747,0.11534329503774643,-0.14230526983737946,0.5076153874397278,-0.013389481231570244,0.039570651948451996,0.44528597593307495,-0.011607903987169266,-0.09464286267757416,0.49612870812416077,-0.027930188924074173,0.007820681668817997,0.44847431778907776,-0.043387338519096375,-0.11611489951610565,0.4892934262752533,-0.02863713726401329,0.014712203294038773,0.4482448995113373,-0.04142168164253235,-0.0979858934879303,0.48855718970298767,-0.017354454845190048,0.04219302162528038,0.45191463828086853,-0.028098363429307938,-0.09247515350580215,0.5190181136131287,0.5386652946472168,0.045301422476768494,0.4589189291000366,0.5385929346084595,-0.045195307582616806,0.5201343297958374,0.7368708848953247,0.09981951117515564,0.4989209771156311,0.6046332120895386,-0.5553486347198486,0.5412858128547668,0.9329407811164856,0.19977252185344696,0.5605379939079285,0.790539026260376,-0.7321448922157288,0.5335668921470642,0.9444485902786255,0.2035658359527588,0.5845579504966736,0.8048743605613708,-0.7530603408813477,0.5737005472183228,0.9346317052841187,0.10648868978023529,0.5988745093345642,0.8180187940597534,-0.908940851688385
leg raises_700181.jpg,0.5050088763237,0.17436586320400238,-0.15009711682796478,0.5083019733428955,0.15733738243579865,-0.12428498268127441,0.5119476914405823,0.15751230716705322,-0.12436344474554062,0.5154265761375427,0.15777666866779327,-0.12451162934303284,0.4957526624202728,0.1584184169769287,-0.13165602087974548,0.4898899793624878,0.15904520452022552,-0.13173513114452362,0.48364657163619995,0.15977920591831207,-0.13176661729812622,0.5173066854476929,0.16848628222942352,-0.00950163695961237,0.46828407049179077,0.17185142636299133,-0.04140203446149826,0.5105128884315491,0.1928611397743225,-0.10640181601047516,0.494979590177536,0.19368202984333038,-0.11606161296367645,0.5382435321807861,0.24995602667331696,0.01301915105432272,0.44739723205566406,0.2540333867073059,-0.06219368800520897,0.5340033173561096,0.10516349226236343,-0.024782080203294754,0.4513750970363617,0.11524368077516556,-0.1397891789674759,0.5209099054336548,-0.009095070883631706,-0.01723422482609749,0.4475250542163849,-0.008276083506643772,-0.049018826335668564,0.5130876898765564,-0.01854267343878746,-0.029973629862070084,0.4532212018966675,-0.03829372301697731,-0.05704791471362114,0.5070785284042358,-0.017244240269064903,-0.017759179696440697,0.453440397977829,-0.035815950483083725,-0.040936462581157684,0.506787896156311,-0.0062906332314014435,-0.016245493665337563,0.4538445472717285,-0.023207368329167366,-0.0445745550096035,0.5263223052024841,0.5399988889694214,0.04288101941347122,0.48157361149787903,0.5416364073753357,-0.042929187417030334,0.5641462802886963,0.5123884677886963,0.051530636847019196,0.5127948522567749,0.5272698402404785,-0.33893170952796936,0.5970698595046997,0.5160390138626099,0.15721960365772247,0.5622137784957886,0.5425533056259155,-0.19161060452461243,0.6001848578453064,0.5239881277084351,0.17073041200637817,0.5638496279716492,0.5417925715446472,-0.14425159990787506,0.6079105138778687,0.49704107642173767,0.16751600801944733,0.6003015637397766,0.5405405163764954,-0.11782222241163254
leg raises_700191.jpg,0.5055081248283386,0.1730709671974182,-0.05541114881634712,0.5091032981872559,0.15618076920509338,-0.018931303173303604,0.5127790570259094,0.15641683340072632,-0.019042491912841797,0.5164723992347717,0.15682680904865265,-0.019127827137708664,0.4971177875995636,0.15729939937591553,-0.02362789958715439,0.4916114807128906,0.15804031491279602,-0.02375740557909012,0.4858055114746094,0.158821702003479,-0.023799162358045578,0.5196670889854431,0.16934829950332642,0.1118302196264267,0.4720856249332428,0.17204707860946655,0.08782467246055603,0.5115333795547485,0.191560298204422,-0.011925170198082924,0.49630963802337646,0.1921214610338211,-0.019349046051502228,0.5415346026420593,0.25382646918296814,0.10423746705055237,0.44816726446151733,0.2558121681213379,0.060514967888593674,0.5350048542022705,0.11172706633806229,0.062183406203985214,0.4536895155906677,0.11532984673976898,0.008809687569737434,0.5245837569236755,-0.008490494452416897,0.1041015237569809,0.44879287481307983,-0.006350214593112469,0.10856504738330841,0.5197718143463135,-0.01787574589252472,0.08531532436609268,0.4533526301383972,-0.03404843434691429,0.09415587782859802,0.5146681070327759,-0.01703747734427452,0.09732472151517868,0.4531744420528412,-0.03270801529288292,0.10365132242441177,0.5134753584861755,-0.00291597587056458,0.10408579558134079,0.4558010399341583,-0.019066734239459038,0.10693269222974777,0.5300915241241455,0.538846492767334,0.030440369620919228,0.4796140491962433,0.5327247381210327,-0.03042617440223694,0.553970992565155,0.6532450914382935,-0.0850452408194542,0.5169985294342041,0.5453059077262878,-0.5703147649765015,0.5759050846099854,0.8296303749084473,-0.12666328251361847,0.5834605693817139,0.703248143196106,-0.740202009677887,0.573628306388855,0.8518437147140503,-0.13742737472057343,0.5975003838539124,0.7105706930160522,-0.7578538656234741,0.6060747504234314,0.8538495302200317,-0.270742267370224,0.6389655470848083,0.7296993732452393,-0.9033083319664001
leg raises_700201.jpg,0.5043060779571533,0.17317432165145874,-0.0410643108189106,0.5075653791427612,0.15811023116111755,-0.002713132416829467,0.5110573172569275,0.1582263708114624,-0.0027588296215981245,0.5146592259407043,0.15855446457862854,-0.0028102125506848097,0.49599549174308777,0.159522145986557,-0.018680255860090256,0.4908217191696167,0.16039754450321198,-0.018696434795856476,0.4854820668697357,0.16122768819332123,-0.01870453916490078,0.5177779793739319,0.17134495079517365,0.15303297340869904,0.4728637933731079,0.1744275689125061,0.08044688403606415,0.5102713108062744,0.19099296629428864,0.014251663349568844,0.49557772278785706,0.19141042232513428,-0.007093718275427818,0.5403473377227783,0.25605249404907227,0.19335871934890747,0.44826000928878784,0.2573557496070862,0.03830267861485481,0.5338094830513,0.11810513585805893,0.14118321239948273,0.45328056812286377,0.1245996281504631,-0.13531990349292755,0.5206093788146973,-0.0021792424377053976,0.07031497359275818,0.44951504468917847,0.003390409518033266,-0.1344054490327835,0.514691174030304,-0.014810442924499512,0.04635561630129814,0.4531824290752411,-0.018509753048419952,-0.17549532651901245,0.5095541477203369,-0.011231757700443268,0.07433085888624191,0.45240166783332825,-0.01920107938349247,-0.1670122593641281,0.5085381269454956,0.0015173531137406826,0.06666412949562073,0.4544930160045624,-0.0034683148842304945,-0.13661353290081024,0.5283876061439514,0.5365031957626343,0.060149192810058594,0.47796744108200073,0.5323142409324646,-0.0600685216486454,0.5425363183021545,0.7273930311203003,-0.02132287435233593,0.5123109221458435,0.7302110195159912,-0.1603548377752304,0.5542015433311462,0.9297850131988525,0.0021416260860860348,0.5474943518638611,0.952553391456604,-0.09892673790454865,0.5474067330360413,0.9463382959365845,-0.023236501961946487,0.5420698523521423,0.9591386318206787,-0.10225888341665268,0.5913904905319214,0.9866430759429932,-0.11211681365966797,0.6023884415626526,1.0373729467391968,-0.2884710133075714
leg raises_700211.jpg,0.5033606886863708,0.17249226570129395,-0.07027284055948257,0.5074678659439087,0.15728703141212463,-0.021828152239322662,0.51080721616745,0.1573992222547531,-0.021805353462696075,0.5141211152076721,0.15770651400089264,-0.02189817652106285,0.4957007169723511,0.1587182879447937,-0.02741342969238758,0.4904952347278595,0.159634068608284,-0.027358079329133034,0.4849645793437958,0.1605973094701767,-0.027350468561053276,0.5167436003684998,0.170173779129982,0.12304510921239853,0.472228080034256,0.17368221282958984,0.06416186690330505,0.5092942714691162,0.19043587148189545,-0.002732794266194105,0.4945923388004303,0.1909674108028412,-0.00918593443930149,0.5397989749908447,0.2546013295650482,0.18279527127742767,0.4467781186103821,0.2561374306678772,0.02989836223423481,0.5330092906951904,0.11712910234928131,0.06655081361532211,0.45252612233161926,0.12433381378650665,-0.13316309452056885,0.518495500087738,-0.0014856638154014945,0.008217298425734043,0.44887271523475647,0.003459947882220149,-0.16097445785999298,0.5108510255813599,-0.011044803075492382,-0.030630819499492645,0.4532581865787506,-0.016918184235692024,-0.20857331156730652,0.5084660053253174,-0.008663036860525608,-0.026195423677563667,0.4527164399623871,-0.018271351233124733,-0.19459345936775208,0.5064553618431091,0.0028790009673684835,-0.0003147652023471892,0.45401638746261597,-0.003374227788299322,-0.16393858194351196,0.5276036858558655,0.5348747968673706,0.03580738976597786,0.471977561712265,0.5319300889968872,-0.03558598831295967,0.5267916321754456,0.7287641763687134,-0.01002900954335928,0.48899537324905396,0.7448424696922302,-0.07821177691221237,0.5259609818458557,0.9305912256240845,0.13927610218524933,0.49927395582199097,0.9589247703552246,0.04963082820177078,0.518842339515686,0.9461370706558228,0.14357176423072815,0.49423277378082275,0.9676232933998108,0.05228592827916145,0.5468025803565979,0.9774800539016724,-0.01828107424080372,0.5133790969848633,1.0298020839691162,-0.13367074728012085
leg raises_700221.jpg,0.5028117299079895,0.1721239984035492,-0.09357273578643799,0.506942868232727,0.15675844252109528,-0.04755649343132973,0.5101840496063232,0.15684349834918976,-0.04753623157739639,0.5133854746818542,0.1571178287267685,-0.047625962644815445,0.4950028657913208,0.15821325778961182,-0.05257626250386238,0.48981159925460815,0.15909205377101898,-0.05250247195363045,0.48431211709976196,0.16000638902187347,-0.05245361104607582,0.5158572793006897,0.16948342323303223,0.11719176173210144,0.4718535840511322,0.17279356718063354,0.0561646893620491,0.5086328387260437,0.1903010755777359,-0.02849186211824417,0.49383094906806946,0.1908959001302719,-0.03462507203221321,0.5401539206504822,0.2533683478832245,0.15121464431285858,0.4464014768600464,0.25533366203308105,0.023982007056474686,0.5324984788894653,0.11608231067657471,0.05574837699532509,0.4518168270587921,0.12384124100208282,-0.13366347551345825,0.5176504254341125,-0.0013245822628960013,0.009754311293363571,0.44847372174263,0.00354176783002913,-0.1610589474439621,0.5063228607177734,-0.01073845848441124,-0.028014397248625755,0.45237159729003906,-0.017187723889946938,-0.20618146657943726,0.506247878074646,-0.008552423678338528,-0.025586893782019615,0.4519001543521881,-0.018456239253282547,-0.19414812326431274,0.5061528086662292,0.002848008880391717,0.0013143733376637101,0.45319798588752747,-0.0033628754317760468,-0.16469460725784302,0.5265928506851196,0.5340355634689331,0.033401668071746826,0.4654107689857483,0.5312175750732422,-0.03320279344916344,0.5218034982681274,0.72625333070755,0.009900848381221294,0.47942349314689636,0.7439996600151062,-0.07584528625011444,0.519981324672699,0.9283513426780701,0.17139498889446259,0.4855436384677887,0.9568290114402771,0.0649300292134285,0.5100943446159363,0.9474262595176697,0.17884701490402222,0.47979795932769775,0.9720270037651062,0.06920113414525986,0.5409233570098877,0.9789211750030518,0.02278699353337288,0.49674323201179504,1.0027079582214355,-0.11438505351543427
leg raises_700231.jpg,0.50445955991745,0.1779567450284958,-0.11065364629030228,0.5076554417610168,0.16121737658977509,-0.07115112245082855,0.5107775330543518,0.16130802035331726,-0.07117822021245956,0.5140379071235657,0.16159102320671082,-0.07128620892763138,0.49594324827194214,0.16147364675998688,-0.0815054401755333,0.4906449019908905,0.1618478149175644,-0.08148074895143509,0.4851309061050415,0.16221898794174194,-0.08145110309123993,0.5155745148658752,0.17267514765262604,0.09559626877307892,0.472242534160614,0.17407330870628357,0.03326493501663208,0.5095469355583191,0.1965499222278595,-0.04889482259750366,0.49539703130722046,0.19687415659427643,-0.0625271275639534,0.5398448705673218,0.2580106854438782,0.1373945027589798,0.4469550549983978,0.2614642083644867,0.008024307899177074,0.5349369049072266,0.11738904565572739,0.07087228447198868,0.45409634709358215,0.12325025349855423,-0.15686431527137756,0.5249044299125671,0.002294969279319048,0.02253912016749382,0.44975945353507996,0.002453914377838373,-0.18998001515865326,0.5185584425926208,-0.010702941566705704,-0.01732785254716873,0.45392054319381714,-0.019021110609173775,-0.2375367283821106,0.5124174356460571,-0.011101004667580128,-0.021367816254496574,0.457862913608551,-0.027301311492919922,-0.22478243708610535,0.5178388357162476,0.0030006077140569687,0.010352540761232376,0.45767679810523987,-0.016113897785544395,-0.19292323291301727,0.5261305570602417,0.5558373928070068,0.029677724465727806,0.4684528708457947,0.5532140731811523,-0.029445922002196312,0.5218491554260254,0.7521366477012634,0.02320588007569313,0.48239052295684814,0.7715541124343872,-0.06089429557323456,0.5201953649520874,0.9446362257003784,0.186170294880867,0.49179571866989136,0.9674981832504272,0.07144745439291,0.5130127668380737,0.9598725438117981,0.19336268305778503,0.48862674832344055,0.9752522110939026,0.07496418058872223,0.5347185134887695,0.9964460730552673,0.040778644382953644,0.49784886837005615,1.056403636932373,-0.10586293786764145
leg raises_700241.jpg,0.5079203248023987,0.18277189135551453,-0.15112987160682678,0.5106796026229858,0.16630001366138458,-0.12086068838834763,0.5137905478477478,0.16656525433063507,-0.12092983722686768,0.5170596241950989,0.1671072393655777,-0.12099972367286682,0.49943944811820984,0.1659410148859024,-0.13202838599681854,0.4942665696144104,0.16607767343521118,-0.13196854293346405,0.4886929392814636,0.16634178161621094,-0.13192209601402283,0.5180498957633972,0.17780955135822296,0.013136578723788261,0.4755653142929077,0.1779136061668396,-0.04004276916384697,0.512593150138855,0.2007298320531845,-0.10173005610704422,0.49886587262153625,0.20072835683822632,-0.11709435284137726,0.5397392511367798,0.2582036256790161,0.045922376215457916,0.4506393373012543,0.2621403634548187,-0.0646539106965065,0.5380473732948303,0.11793916672468185,0.00044884238741360605,0.4571228325366974,0.12292618304491043,-0.20336970686912537,0.5277500748634338,0.0023935462813824415,-0.07045381516218185,0.45099079608917236,-8.878808330337051e-06,-0.21322205662727356,0.519646167755127,-0.013337620534002781,-0.10522838681936264,0.456562340259552,-0.021288428455591202,-0.24670222401618958,0.5146890878677368,-0.015092811547219753,-0.10262644290924072,0.45926377177238464,-0.026802588254213333,-0.23631241917610168,0.5166171789169312,-0.004487649071961641,-0.07874295860528946,0.46081778407096863,-0.022016555070877075,-0.2151762843132019,0.5258278250694275,0.5511316061019897,0.031142180785536766,0.4699634313583374,0.5499258041381836,-0.031065234914422035,0.5391810536384583,0.7508702874183655,-0.013975623995065689,0.5018541216850281,0.7397216558456421,-0.08001813292503357,0.560764729976654,0.9154173731803894,0.05522399768233299,0.5369824171066284,0.9288225173950195,0.006980190519243479,0.5618568658828735,0.936166524887085,0.05416550859808922,0.5380764603614807,0.9447438716888428,0.006321781314909458,0.5904819965362549,0.9715828895568848,-0.08820787817239761,0.5540178418159485,0.9972476363182068,-0.15195994079113007
leg raises_700251.jpg,0.5105082392692566,0.18154214322566986,-0.13852307200431824,0.5136815309524536,0.16555386781692505,-0.11484670639038086,0.5171371102333069,0.16585040092468262,-0.11494749039411545,0.5206048488616943,0.16640794277191162,-0.11525297909975052,0.5018981695175171,0.16587242484092712,-0.11034475266933441,0.4965376555919647,0.1663975566625595,-0.11057185381650925,0.4908004105091095,0.16693854331970215,-0.1107817143201828,0.5237988233566284,0.17841871082782745,0.03667834773659706,0.4783271551132202,0.18004760146141052,-0.02896079234778881,0.5166582465171814,0.19998665153980255,-0.08482401072978973,0.5018195509910583,0.20025192201137543,-0.11159560084342957,0.552700400352478,0.2605956494808197,0.02349366433918476,0.4523829519748688,0.26724857091903687,-0.0511084608733654,0.5452266335487366,0.1175566017627716,-0.050985343754291534,0.45724138617515564,0.12195602059364319,-0.11790104955434799,0.5275098085403442,0.019992239773273468,-0.03815024718642235,0.4534788727760315,0.001969017321243882,-0.016278361901640892,0.5197782516479492,0.006256747990846634,-0.06329772621393204,0.45990630984306335,-0.01389232836663723,-0.024470319971442223,0.515034556388855,0.01267947070300579,-0.08223823457956314,0.4627007246017456,-0.009872903116047382,0.001854781061410904,0.5155605673789978,0.024762466549873352,-0.03893905133008957,0.46272215247154236,-0.0024697119370102882,-0.010857135988771915,0.5431525111198425,0.5542312860488892,0.02531707100570202,0.47823673486709595,0.5537438988685608,-0.025449449196457863,0.5803769826889038,0.5168717503547668,-0.21194468438625336,0.4949852228164673,0.4908154010772705,-0.28777727484703064,0.5876546502113342,0.5751082897186279,-0.07915397733449936,0.5571752190589905,0.608904242515564,-0.18396781384944916,0.5864158272743225,0.5743574500083923,-0.06191335991024971,0.5578784942626953,0.6206640005111694,-0.16891805827617645,0.5866109132766724,0.581648051738739,-0.10226625949144363,0.6088421940803528,0.6325865983963013,-0.22505077719688416
leg raises_700261.jpg,0.5114815831184387,0.18259893357753754,-0.11527978628873825,0.515059769153595,0.1700427532196045,-0.08546533435583115,0.5185898542404175,0.17087393999099731,-0.08559121936559677,0.5222089886665344,0.17196185886859894,-0.08579067885875702,0.5032861232757568,0.17069773375988007,-0.09203875064849854,0.497991681098938,0.17199181020259857,-0.09224066138267517,0.49245384335517883,0.17326192557811737,-0.09234738349914551,0.5253049731254578,0.18726885318756104,0.04524603113532066,0.47982361912727356,0.189091295003891,-0.006652353797107935,0.5176516175270081,0.201569065451622,-0.07509548217058182,0.5022479295730591,0.20181669294834137,-0.10578988492488861,0.5511859059333801,0.2769910395145416,0.052387040108442307,0.45321497321128845,0.27635473012924194,-0.051620785146951675,0.5508274435997009,0.14675214886665344,-0.021509023383259773,0.45753955841064453,0.13358566164970398,-0.16052450239658356,0.5329896807670593,0.02471288852393627,-0.031284160912036896,0.4532261788845062,0.005829061847180128,-0.0667477622628212,0.5271285772323608,0.012028559111058712,-0.04333217442035675,0.45921197533607483,-0.009142194874584675,-0.09239549934864044,0.522266149520874,0.01647951267659664,-0.040496550500392914,0.4613020718097687,-0.007414573337882757,-0.07079773396253586,0.521821916103363,0.024981675669550896,-0.03794817253947258,0.4615286588668823,0.004418936092406511,-0.0666939839720726,0.5397193431854248,0.5660382509231567,0.053273774683475494,0.47747355699539185,0.5562479496002197,-0.053355295211076736,0.6104134321212769,0.5447438359260559,-0.15075747668743134,0.5342238545417786,0.5680639147758484,-0.37343090772628784,0.5820170640945435,0.7227290868759155,-0.024858130142092705,0.5478495955467224,0.7333083152770996,-0.1821799874305725,0.5725802779197693,0.7337057590484619,-0.013024904765188694,0.5522814989089966,0.7489596009254456,-0.16103552281856537,0.599395751953125,0.7232314348220825,-0.07436155527830124,0.573347806930542,0.7847405076026917,-0.22201919555664062
leg raises_700271.jpg,0.5113989114761353,0.19224654138088226,0.007723823189735413,0.5145634412765503,0.17923954129219055,0.04611140117049217,0.5177725553512573,0.17934328317642212,0.046091996133327484,0.5212258696556091,0.17954197525978088,0.046045590192079544,0.5036643743515015,0.18060003221035004,0.028415454551577568,0.4988251030445099,0.18172277510166168,0.028410427272319794,0.49389639496803284,0.18278314173221588,0.028405528515577316,0.5246813893318176,0.19210559129714966,0.19661588966846466,0.48155954480171204,0.1958690583705902,0.11385281383991241,0.5169007182121277,0.20838673412799835,0.06076547130942345,0.5026722550392151,0.20913077890872955,0.03524739667773247,0.5501594543457031,0.28253963589668274,0.23691092431545258,0.45602577924728394,0.28461384773254395,0.02131556160748005,0.5504167079925537,0.162014439702034,0.21905046701431274,0.46015384793281555,0.14429044723510742,-0.14754286408424377,0.5381849408149719,0.03739491477608681,0.1668272167444229,0.45371389389038086,0.01898108422756195,-0.08396799862384796,0.5351501107215881,0.019951438531279564,0.13851968944072723,0.45854291319847107,0.0019602871034294367,-0.11094629764556885,0.5325703024864197,0.0222834013402462,0.13797536492347717,0.46095240116119385,0.004296367522329092,-0.07797718793153763,0.5303583145141602,0.0320921465754509,0.1566343754529953,0.46076080203056335,0.01923375017940998,-0.08344021439552307,0.5376497507095337,0.5615267157554626,0.06723015755414963,0.48239144682884216,0.5538827776908875,-0.06725934892892838,0.5764486789703369,0.7422964572906494,-0.037087734788656235,0.5268751978874207,0.7605484127998352,-0.1576402336359024,0.5741874575614929,0.9499303102493286,0.01574149914085865,0.5459492206573486,0.9738597273826599,-0.12634363770484924,0.5658369064331055,0.9649927616119385,0.02396242506802082,0.5459427237510681,0.9814605712890625,-0.13810276985168457,0.6018345952033997,1.0384482145309448,-0.10718078911304474,0.5767546892166138,1.0730561017990112,-0.2642076909542084
leg raises_700281.jpg,0.5110852122306824,0.1973116099834442,-0.11208245903253555,0.5141517519950867,0.18408703804016113,-0.07948987931013107,0.5172373056411743,0.18416856229305267,-0.07949511706829071,0.5206063985824585,0.18430422246456146,-0.07953809201717377,0.5034005045890808,0.18515802919864655,-0.0909704864025116,0.49861785769462585,0.1860431730747223,-0.09097480773925781,0.49374502897262573,0.1868807077407837,-0.09099683165550232,0.5238574743270874,0.19573166966438293,0.06601352989673615,0.4813418686389923,0.19922980666160583,0.01161963865160942,0.5165083408355713,0.21399322152137756,-0.05931185558438301,0.5024347901344299,0.214590921998024,-0.0753931999206543,0.5489469766616821,0.2809186279773712,0.10357734560966492,0.4554484486579895,0.2856356203556061,-0.03605121374130249,0.5488135814666748,0.15446892380714417,0.05927379056811333,0.45995837450027466,0.14426109194755554,-0.2035960555076599,0.5373144149780273,0.03373701125383377,-0.007376968394964933,0.45490485429763794,0.02123839594423771,-0.23296545445919037,0.5346928238868713,0.016865259036421776,-0.04197506606578827,0.4600314497947693,0.00322271091863513,-0.2769753038883209,0.5328317880630493,0.019178735092282295,-0.04971760883927345,0.4615265130996704,0.006183588411659002,-0.25822317600250244,0.5312022566795349,0.029294263571500778,-0.019598960876464844,0.46172893047332764,0.019159920513629913,-0.2335015833377838,0.5364055633544922,0.5682534575462341,0.046986185014247894,0.4812934994697571,0.5642731785774231,-0.04684138670563698,0.5446023344993591,0.7530568242073059,0.03361998870968819,0.5069343447685242,0.7712191939353943,-0.07048404961824417,0.5431391000747681,0.9405834674835205,0.1768895834684372,0.5168432593345642,0.964530885219574,0.046869583427906036,0.5348133444786072,0.9568284749984741,0.1838776171207428,0.5118151307106018,0.9706412553787231,0.049266267567873,0.5584424734115601,0.995166540145874,0.04642928019165993,0.5303598046302795,1.0142441987991333,-0.11688695847988129
leg raises_700291.jpg,0.5107370018959045,0.20069372653961182,-0.1327044516801834,0.5139315724372864,0.18553712964057922,-0.09816647320985794,0.516889750957489,0.18561401963233948,-0.09819284826517105,0.5201836824417114,0.1857948750257492,-0.0983128547668457,0.5031173229217529,0.1868724375963211,-0.10378816723823547,0.4983244240283966,0.18770112097263336,-0.10380914062261581,0.4933895766735077,0.18843038380146027,-0.10382459312677383,0.5233990550041199,0.19788120687007904,0.052095696330070496,0.48082467913627625,0.200552299618721,0.016087887808680534,0.516238808631897,0.21773959696292877,-0.07943651080131531,0.5023213028907776,0.21810254454612732,-0.08779504150152206,0.5487459301948547,0.2801574468612671,0.06816571205854416,0.45528876781463623,0.28612956404685974,0.018877854570746422,0.5478614568710327,0.14950226247310638,0.0009331164765171707,0.45950794219970703,0.1428496092557907,-0.09302759170532227,0.5354309678077698,0.031098999083042145,-0.04607546702027321,0.4546131193637848,0.021102799102663994,-0.11311205476522446,0.5322591662406921,0.01350673008710146,-0.08573233336210251,0.459532767534256,0.0022200916428118944,-0.16443605720996857,0.5306789875030518,0.016256481409072876,-0.08370814472436905,0.46219602227211,0.0056900507770478725,-0.14461125433444977,0.5278595089912415,0.029057258740067482,-0.05412175878882408,0.4620856046676636,0.016010554507374763,-0.11759616434574127,0.5350368022918701,0.5747132897377014,0.016748888418078423,0.47763633728027344,0.5696932077407837,-0.016565777361392975,0.5271936655044556,0.754402756690979,0.016900576651096344,0.4879971742630005,0.7680811285972595,-0.027901096269488335,0.5233411192893982,0.926654040813446,0.2270222008228302,0.493193119764328,0.9485917687416077,0.16017748415470123,0.514574408531189,0.9361780881881714,0.24212463200092316,0.48682355880737305,0.9673483371734619,0.17082276940345764,0.5352949500083923,0.9783648252487183,0.1082942858338356,0.49957045912742615,0.9910525679588318,0.007662654388695955
leg raises_700301.jpg,0.5104102492332458,0.20703673362731934,-0.14443495869636536,0.5138152241706848,0.19198839366436005,-0.11003097891807556,0.5169292092323303,0.19205671548843384,-0.11006973683834076,0.5203298330307007,0.1923353224992752,-0.11018470674753189,0.5028146505355835,0.19314344227313995,-0.11711763590574265,0.49794161319732666,0.19383981823921204,-0.11712516844272614,0.4929504692554474,0.19452431797981262,-0.11713104695081711,0.5235705971717834,0.20380321145057678,0.04060950130224228,0.4804765582084656,0.20637387037277222,0.004166189581155777,0.5161173343658447,0.2246442586183548,-0.09073839336633682,0.5019652247428894,0.22488529980182648,-0.1008671373128891,0.548819363117218,0.2834728956222534,0.05517816171050072,0.4548209011554718,0.290138304233551,0.015291922725737095,0.5474512577056885,0.14732836186885834,-0.017511814832687378,0.4594186544418335,0.1530674546957016,-0.1040356382727623,0.5331303477287292,0.02922532521188259,-0.06133674457669258,0.454733282327652,0.03370843082666397,-0.1462317854166031,0.5186139941215515,0.015248693525791168,-0.10113033652305603,0.45918044447898865,0.011485184542834759,-0.19059425592422485,0.5197328329086304,0.01734207011759281,-0.0946684405207634,0.46173250675201416,0.012815861031413078,-0.17557083070278168,0.5188549757003784,0.02917376533150673,-0.0677623301744461,0.46174606680870056,0.02444031462073326,-0.1503310352563858,0.5343883633613586,0.5759860873222351,0.015204002149403095,0.4769090414047241,0.5713998079299927,-0.015034289099276066,0.5238112807273865,0.751914918422699,0.020392490550875664,0.48296642303466797,0.7697679996490479,-0.03169310465455055,0.5194370150566101,0.9363679885864258,0.18882840871810913,0.48782607913017273,0.9468023777008057,0.1314748227596283,0.5148332118988037,0.9574916362762451,0.1983385980129242,0.4843366742134094,0.9648044109344482,0.1393204778432846,0.5310782194137573,0.9823837876319885,0.06185394525527954,0.49412086606025696,0.9937353134155273,-0.02218775637447834
leg raises_700311.jpg,0.5107614994049072,0.20711325109004974,-0.14176248013973236,0.5137076377868652,0.19223321974277496,-0.10591382533311844,0.5169256925582886,0.19246692955493927,-0.10595594346523285,0.5203576683998108,0.19288009405136108,-0.10604377090930939,0.5026906728744507,0.19293929636478424,-0.11358164250850677,0.49773329496383667,0.19346635043621063,-0.11359445005655289,0.49268290400505066,0.1939397156238556,-0.11357723921537399,0.5236959457397461,0.20535655319690704,0.04733932018280029,0.4802333116531372,0.20613473653793335,0.009076390415430069,0.5168815851211548,0.2252398431301117,-0.08735886216163635,0.5028840899467468,0.2249874323606491,-0.09809502214193344,0.5499380826950073,0.2847200334072113,0.06795869022607803,0.4544917643070221,0.29232704639434814,0.01048787496984005,0.547046422958374,0.14550159871578217,0.005603585857897997,0.4593319892883301,0.15398594737052917,-0.12217981368303299,0.5330765247344971,0.028077250346541405,-0.037008170038461685,0.45451799035072327,0.03471296653151512,-0.17170555889606476,0.5180622935295105,0.014938056468963623,-0.07467218488454819,0.4563919007778168,0.012448934838175774,-0.22040650248527527,0.5186347365379333,0.016413522884249687,-0.07228777557611465,0.45794031023979187,0.01197106670588255,-0.21059778332710266,0.5200619101524353,0.027733908966183662,-0.04441238194704056,0.4599473774433136,0.023595793172717094,-0.17741641402244568,0.5342511534690857,0.5834625959396362,0.027962803840637207,0.475780189037323,0.5805481672286987,-0.027885738760232925,0.5266047716140747,0.7660348415374756,0.047111500054597855,0.48439276218414307,0.7928951978683472,-0.05630185827612877,0.5269790887832642,0.9522076845169067,0.20279064774513245,0.49077489972114563,0.9772740602493286,0.08740244060754776,0.5193142294883728,0.9655002355575562,0.21022963523864746,0.4899199306964874,0.9826962947845459,0.09260783344507217,0.5496035218238831,1.004369854927063,0.06285079568624496,0.5169712901115417,1.048258662223816,-0.07745268940925598
leg raises_700321.jpg,0.5107942819595337,0.20505459606647491,-0.20057861506938934,0.5137869119644165,0.18993744254112244,-0.1653386503458023,0.5171464681625366,0.19022740423679352,-0.16542091965675354,0.5206086039543152,0.1906978189945221,-0.1655295491218567,0.5029001832008362,0.19059957563877106,-0.17844568192958832,0.4978286921977997,0.19121716916561127,-0.17849792540073395,0.4926817715167999,0.19182607531547546,-0.17848192155361176,0.5234754085540771,0.2031150758266449,-0.022161738947033882,0.4800538420677185,0.20487870275974274,-0.08356193453073502,0.5168332457542419,0.22397027909755707,-0.15003900229930878,0.5027457475662231,0.2232632040977478,-0.16787603497505188,0.5486676692962646,0.28301483392715454,0.012444398365914822,0.45429757237434387,0.2914665639400482,-0.12409313023090363,0.5452877283096313,0.14434702694416046,-0.04230121523141861,0.461396187543869,0.15362781286239624,-0.250571072101593,0.532806932926178,0.02769067883491516,-0.10464552789926529,0.45442333817481995,0.03302343189716339,-0.2127816379070282,0.5184778571128845,0.005252965725958347,-0.13221432268619537,0.4541507959365845,0.010051336139440536,-0.24510596692562103,0.5185126066207886,0.005986032076179981,-0.12067712843418121,0.4556335508823395,0.009938917122781277,-0.22314931452274323,0.5180835723876953,0.01950361207127571,-0.10863400250673294,0.45907413959503174,0.021112961694598198,-0.21012310683727264,0.5327591300010681,0.5816359519958496,0.06457588821649551,0.4758298993110657,0.5789679288864136,-0.06454133242368698,0.5759958624839783,0.6851139068603516,-0.07793605327606201,0.5401918888092041,0.6438137292861938,-0.37677469849586487,0.558608889579773,0.8159379959106445,0.1920882910490036,0.5236236453056335,0.7896592617034912,-0.11319813877344131,0.5455445647239685,0.8268929123878479,0.17774774134159088,0.5094183087348938,0.8028357028961182,-0.08477337658405304,0.5830512642860413,0.8760256171226501,0.09694132208824158,0.5583912134170532,0.8600732684135437,-0.1532098650932312
leg raises_700331.jpg,0.510741114616394,0.20358087122440338,-0.23225811123847961,0.5136458873748779,0.18855515122413635,-0.20278510451316833,0.5170743465423584,0.18883244693279266,-0.20288637280464172,0.5206819176673889,0.18930260837078094,-0.20304465293884277,0.5028303265571594,0.1892799437046051,-0.21015408635139465,0.4976881444454193,0.18994081020355225,-0.2102256417274475,0.49254360795021057,0.19055959582328796,-0.21024122834205627,0.5238289833068848,0.2017282247543335,-0.08196095377206802,0.4797341227531433,0.2043260782957077,-0.11458619683980942,0.5166720151901245,0.2226012945175171,-0.18858079612255096,0.5026171207427979,0.22200925648212433,-0.19825002551078796,0.5532291531562805,0.2819168269634247,-0.09943837672472,0.4533596336841583,0.28948256373405457,-0.1148323193192482,0.5451746582984924,0.14359505474567413,-0.17840522527694702,0.4594510495662689,0.1535278856754303,-0.20868021249771118,0.5323902368545532,0.027407189831137657,-0.20424103736877441,0.4507463574409485,0.032353874295949936,-0.19310766458511353,0.5208065509796143,0.0052661350928246975,-0.2237652838230133,0.44886311888694763,0.009475848637521267,-0.21906059980392456,0.5183239579200745,0.006004002410918474,-0.20516322553157806,0.45083311200141907,0.009427648037672043,-0.20095773041248322,0.5165275931358337,0.019352320581674576,-0.20098941028118134,0.45388516783714294,0.0206268522888422,-0.19160661101341248,0.5380716919898987,0.5801218152046204,0.0253357645124197,0.4768209755420685,0.5753400325775146,-0.02525291033089161,0.5692206621170044,0.6177640557289124,-0.0613015815615654,0.5327827334403992,0.5846947431564331,-0.3667813837528229,0.5725985169410706,0.59337317943573,0.1909322291612625,0.5372342467308044,0.6307712197303772,-0.30219709873199463,0.5734657645225525,0.5839372277259827,0.16564515233039856,0.5365194082260132,0.6351224184036255,-0.29423195123672485,0.5723397135734558,0.5777873396873474,0.13219544291496277,0.5674689412117004,0.6240838170051575,-0.3790995180606842
leg raises_700341.jpg,0.508424699306488,0.21089477837085724,0.11269199103116989,0.5108619928359985,0.19690236449241638,0.15320244431495667,0.5137010216712952,0.19721779227256775,0.15314553678035736,0.5166795253753662,0.19778461754322052,0.1531224548816681,0.500846803188324,0.19695910811424255,0.13609570264816284,0.4961341917514801,0.1971251219511032,0.13597391545772552,0.49127480387687683,0.197299063205719,0.13589157164096832,0.5170826315879822,0.2086370289325714,0.28922122716903687,0.477865993976593,0.2087949961423874,0.21055129170417786,0.51372230052948,0.2279099076986313,0.15901853144168854,0.5001757740974426,0.22668716311454773,0.13527415692806244,0.5396469235420227,0.28384554386138916,0.3097350001335144,0.4515892267227173,0.28863054513931274,0.12261998653411865,0.5442230701446533,0.16004882752895355,0.30947059392929077,0.452077716588974,0.15391011536121368,0.04889332130551338,0.530391275882721,0.04060141369700432,0.3249015510082245,0.44373419880867004,0.036327432841062546,0.1662464737892151,0.5220028758049011,0.022731587290763855,0.3143059313297272,0.4407965838909149,0.01939128153026104,0.148471400141716,0.5180297493934631,0.023540904745459557,0.31041809916496277,0.4434424638748169,0.021392427384853363,0.15950043499469757,0.5151086449623108,0.03214554116129875,0.31633853912353516,0.4462869465351105,0.02976912073791027,0.16757196187973022,0.524920642375946,0.5671917200088501,0.06478945165872574,0.47495558857917786,0.5596150159835815,-0.06476245075464249,0.5405725836753845,0.7161312699317932,-0.09111423790454865,0.5316615700721741,0.6812229752540588,-0.301101416349411,0.5695048570632935,0.8966271877288818,-0.18783220648765564,0.5737937688827515,0.899981677532196,-0.39028626680374146,0.5661739110946655,0.9307283759117126,-0.20761050283908844,0.5723596215248108,0.928842306137085,-0.4048895835876465,0.5980843305587769,0.9683108925819397,-0.3446815311908722,0.615797221660614,0.9611183404922485,-0.5592319369316101
leg raises_800011.jpg,0.3964623808860779,0.060338158160448074,-0.013954109512269497,0.3964548408985138,0.028207914903759956,0.005204520188271999,0.39690306782722473,0.02898211032152176,0.004518154542893171,0.3975338339805603,0.030177010223269463,0.0037972303107380867,0.3885105848312378,0.02636842243373394,-0.10282152146100998,0.3833215534687042,0.025774182751774788,-0.1027921736240387,0.3770029842853546,0.02641129679977894,-0.10295136272907257,0.3828652501106262,0.03562552109360695,0.15187589824199677,0.3517446219921112,0.03981027752161026,-0.11491336673498154,0.3923473060131073,0.08278290182352066,0.054613854736089706,0.3874787390232086,0.0951058566570282,-0.07048007100820541,0.3806507885456085,0.17183996737003326,0.2209947556257248,0.29790830612182617,0.16958799958229065,-0.1913313865661621,0.40145406126976013,0.2520754933357239,0.32889968156814575,0.3344317078590393,0.19459760189056396,-0.27076804637908936,0.3817939758300781,0.12171511352062225,0.35159051418304443,0.34178441762924194,0.0453115776181221,-0.02152862399816513,0.3946019113063812,0.1557273268699646,0.36183586716651917,0.35432949662208557,0.020245997235178947,-0.06581497937440872,0.39498621225357056,0.14238469302654266,0.3740854263305664,0.34500136971473694,0.019594360142946243,-0.05220041424036026,0.3919290602207184,0.1489294320344925,0.353089302778244,0.34449729323387146,0.03464982658624649,-0.02822108007967472,0.38143259286880493,0.5482671856880188,0.12091062217950821,0.3331376612186432,0.5594854950904846,-0.12085245549678802,0.4411558508872986,0.7478958368301392,0.09679729491472244,0.3932463228702545,0.7948060035705566,-0.12365119904279709,0.4731607139110565,0.9564844965934753,0.17544226348400116,0.4471636116504669,1.0104233026504517,-0.02467086911201477,0.4661264419555664,0.9720326662063599,0.17382484674453735,0.43935468792915344,1.0433216094970703,-0.01985558494925499,0.5493955016136169,1.024895191192627,0.06250134110450745,0.5156522989273071,1.0823514461517334,-0.15755227208137512
leg raises_800021.jpg,,,,,,,,,,,,,,,,,,,,,,,,,,,,,,,,,,,,,,,,,,,,,,,,,,,,,,,,,,,,,,,,,,,,,,,,,,,,,,,,,,,,,,,,,,,,,,,,,,,
leg raises_800031.jpg,0.35426220297813416,0.06063717603683472,-0.07050642371177673,0.3517434298992157,0.03926950693130493,-0.04988744109869003,0.35237663984298706,0.039457082748413086,-0.05021181330084801,0.35374897718429565,0.0388944149017334,-0.050523631274700165,0.3512742221355438,0.052570704370737076,-0.08446849882602692,0.3378281593322754,0.041703104972839355,-0.08452777564525604,0.3348900377750397,0.04174846410751343,-0.0846312865614891,0.3363180458545685,0.053801897913217545,0.06985078752040863,0.31756505370140076,0.05990195274353027,-0.08864374458789825,0.35398605465888977,0.08121997117996216,-0.020262904465198517,0.34822091460227966,0.08319282531738281,-0.06724116206169128,0.3340151607990265,0.1961662471294403,0.16028806567192078,0.3064625561237335,0.19371774792671204,-0.1425943225622177,0.3350007236003876,0.12421256303787231,0.26378241181373596,0.32401058077812195,0.09960824251174927,-0.4069395959377289,0.34440264105796814,0.01793694496154785,0.2838491201400757,0.328848659992218,0.012178182601928711,-0.5601913928985596,0.35552412271499634,-0.0005759596824645996,0.28291890025138855,0.3413127660751343,-0.01772516965866089,-0.6157881617546082,0.35422319173812866,-0.005047500133514404,0.25618523359298706,0.3356017768383026,-0.013601064682006836,-0.593148410320282,0.35417672991752625,0.004585385322570801,0.2707119286060333,0.3391866981983185,0.0007714033126831055,-0.557813286781311,0.31573882699012756,0.599765419960022,0.11687168478965759,0.34118202328681946,0.6030515432357788,-0.11690177023410797,0.4681234657764435,0.8430286049842834,0.12294375896453857,0.49830329418182373,0.859682559967041,-0.10149284452199936,0.584847092628479,1.0497397184371948,0.14821596443653107,0.6349493265151978,1.0696169137954712,-0.06970895081758499,0.5883657336235046,1.0951824188232422,0.14281700551509857,0.6389633417129517,1.1153197288513184,-0.06980437785387039,0.6583045721054077,1.0550416707992554,0.04514492303133011,0.7178670167922974,1.0760161876678467,-0.17350907623767853
leg raises_800041.jpg,0.36888694763183594,0.05338164418935776,-0.1299601048231125,0.36398348212242126,0.031949494034051895,-0.11276029795408249,0.36356019973754883,0.032820675522089005,-0.11301591247320175,0.3636721074581146,0.03312147408723831,-0.11318986862897873,0.3587951362133026,0.03419739007949829,-0.14749418199062347,0.35325735807418823,0.03308219462633133,-0.14768226444721222,0.349691778421402,0.033547528088092804,-0.14779554307460785,0.34397584199905396,0.05298135057091713,0.003587923478335142,0.3249795734882355,0.05726072937250137,-0.16646338999271393,0.36260753870010376,0.07747860997915268,-0.0817863792181015,0.35592901706695557,0.07862689346075058,-0.13190162181854248,0.33975473046302795,0.18155182898044586,0.10169576108455658,0.3048376739025116,0.18429745733737946,-0.2137679010629654,0.3423387110233307,0.09205184876918793,0.15408682823181152,0.304025799036026,0.0649641752243042,-0.4936637878417969,0.35441991686820984,0.01052346546202898,0.05319882556796074,0.32191652059555054,0.0019671146292239428,-0.655116856098175,0.3586713969707489,-0.016415223479270935,0.035143785178661346,0.34119802713394165,-0.035851188004016876,-0.7065736651420593,0.3602425456047058,-0.03237290680408478,0.01687648892402649,0.33560141921043396,-0.03968869149684906,-0.6769053936004639,0.360016793012619,-0.019784031435847282,0.041982244700193405,0.3368157148361206,-0.026905184611678123,-0.6481491923332214,0.32216882705688477,0.582165002822876,0.14597080647945404,0.32796260714530945,0.598524272441864,-0.14555884897708893,0.4795745611190796,0.7217435240745544,0.40658456087112427,0.4828392267227173,0.734142541885376,-0.3767229914665222,0.6291196346282959,0.8608802556991577,0.5125716328620911,0.64790940284729,0.8813623189926147,-0.596130907535553,0.6341012120246887,0.9240114688873291,0.5155280828475952,0.6478633284568787,0.9409617185592651,-0.6241786479949951,0.7172499895095825,0.8119000196456909,0.4685709774494171,0.7495577335357666,0.8362042903900146,-0.7693710327148438
leg raises_800051.jpg,0.3759371042251587,0.03521617129445076,-0.18993385136127472,0.3678096830844879,0.012253140099346638,-0.1655147671699524,0.366752952337265,0.013118394650518894,-0.1657218039035797,0.36620625853538513,0.01351945661008358,-0.16584806144237518,0.3618978261947632,0.010804438963532448,-0.20211480557918549,0.35763996839523315,0.012245492078363895,-0.20235830545425415,0.35347387194633484,0.012193456292152405,-0.20246489346027374,0.34389838576316833,0.034205228090286255,-0.010525762103497982,0.3254670202732086,0.03644920513033867,-0.1915416717529297,0.366789311170578,0.060999736189842224,-0.1267767995595932,0.3601894974708557,0.06051839888095856,-0.1802285611629486,0.33967551589012146,0.15390796959400177,0.11383900791406631,0.29769718647003174,0.15084713697433472,-0.2397005259990692,0.33420199155807495,0.06636020541191101,0.18431726098060608,0.2916770279407501,0.0529479943215847,-0.5683827996253967,0.3542582094669342,0.01081539411097765,0.11548732221126556,0.31019842624664307,-0.004733458627015352,-0.7668488025665283,0.3543493449687958,-0.014836402609944344,0.11110471189022064,0.3311101496219635,-0.036118071526288986,-0.8148842453956604,0.3539847433567047,-0.03105895221233368,0.09209556877613068,0.3275180160999298,-0.040892478078603745,-0.7870718836784363,0.3558967411518097,-0.01654979959130287,0.10584651678800583,0.3247154951095581,-0.028494752943515778,-0.758517324924469,0.3218286633491516,0.5629773736000061,0.16759754717350006,0.32179659605026245,0.587074875831604,-0.16690757870674133,0.48883354663848877,0.6195749640464783,0.5577078461647034,0.4846159815788269,0.6332269310951233,-0.5369498133659363,0.652783215045929,0.7284798622131348,0.6855878233909607,0.6884860992431641,0.7403520345687866,-0.866344153881073,0.6672181487083435,0.7861075401306152,0.6904743909835815,0.7084466814994812,0.7841973900794983,-0.9036282896995544,0.7492745518684387,0.6566995978355408,0.6481367945671082,0.7869045734405518,0.6436398029327393,-1.079813838005066
leg raises_800061.jpg,0.3763239085674286,0.014547660946846008,-0.16163325309753418,0.3676312565803528,-0.009124080650508404,-0.14259181916713715,0.3665059804916382,-0.00708233006298542,-0.14277547597885132,0.36581820249557495,-0.005427131894975901,-0.1428779661655426,0.36223849654197693,-0.012605395168066025,-0.17875690758228302,0.35783547163009644,-0.011043793521821499,-0.17898012697696686,0.3523028790950775,-0.010311820544302464,-0.17910578846931458,0.3437715172767639,0.015714826062321663,-0.0015344986459240317,0.3250899016857147,0.01487630046904087,-0.18322469294071198,0.36617186665534973,0.0427425280213356,-0.10356978327035904,0.3604274392127991,0.04078104346990585,-0.15674154460430145,0.33819910883903503,0.1316179633140564,0.12223514914512634,0.29820284247398376,0.11904492974281311,-0.24138735234737396,0.3272334933280945,0.030941355973482132,0.17478759586811066,0.2769683003425598,0.02333367057144642,-0.5846290588378906,0.3486717641353607,-0.007485749199986458,0.09912393987178802,0.30036747455596924,-0.03515937179327011,-0.7934781908988953,0.3483864367008209,-0.04543858766555786,0.09740135818719864,0.31768500804901123,-0.05226007476449013,-0.8394930362701416,0.3441113531589508,-0.04791051521897316,0.0805695429444313,0.3199268877506256,-0.0555056631565094,-0.8053464889526367,0.345298707485199,-0.03583642467856407,0.09032554179430008,0.3155880868434906,-0.045589372515678406,-0.7819185853004456,0.32159364223480225,0.5603784918785095,0.17128270864486694,0.3199349045753479,0.5731720924377441,-0.17067186534404755,0.49372097849845886,0.5724841952323914,0.5967478156089783,0.4858516454696655,0.5732795000076294,-0.5581729412078857,0.7079528570175171,0.6226628422737122,0.6749008297920227,0.7119871973991394,0.6558640599250793,-0.9004939794540405,0.7379384636878967,0.6597585082054138,0.6750955581665039,0.742327094078064,0.7062969207763672,-0.9385469555854797,0.7862526774406433,0.5329581499099731,0.6237111687660217,0.8015184998512268,0.5781095027923584,-1.1289137601852417
leg raises_800071.jpg,0.37439683079719543,0.022074507549405098,-0.14480654895305634,0.3665456473827362,-0.0010479009943082929,-0.12731729447841644,0.3656599819660187,0.0005394089384935796,-0.12752625346183777,0.3652431070804596,0.0016251723282039165,-0.12766362726688385,0.3619411885738373,-0.00019705401791725308,-0.16194650530815125,0.3561541736125946,-0.0015832216013222933,-0.16218096017837524,0.35103413462638855,-0.0011319696204736829,-0.16230106353759766,0.3434697687625885,0.01959308050572872,0.003139966633170843,0.3247299790382385,0.018731556832790375,-0.17000727355480194,0.36561644077301025,0.04788129776716232,-0.0910303145647049,0.3599405586719513,0.044975146651268005,-0.14200668036937714,0.3344927132129669,0.13751646876335144,0.11890434473752975,0.29819467663764954,0.1175387054681778,-0.21763277053833008,0.32494714856147766,0.043393976986408234,0.18796251714229584,0.2738674581050873,0.02545241266489029,-0.5265029668807983,0.3459639251232147,-0.002933543175458908,0.143135204911232,0.2976681590080261,-0.03170085325837135,-0.7120211720466614,0.34359386563301086,-0.017442507669329643,0.14155219495296478,0.30888035893440247,-0.0481250062584877,-0.759187638759613,0.33876296877861023,-0.01736423186957836,0.12406594306230545,0.30909299850463867,-0.04983510822057724,-0.7309960722923279,0.3391745686531067,-0.00861740205436945,0.13450057804584503,0.3053629696369171,-0.03917782008647919,-0.7038580179214478,0.32096391916275024,0.5574183464050293,0.16135907173156738,0.31772878766059875,0.5683435797691345,-0.16089491546154022,0.49137547612190247,0.5407084822654724,0.5816142559051514,0.4860897362232208,0.5341068506240845,-0.519151508808136,0.6879527568817139,0.5658653974533081,0.7114050388336182,0.7031140923500061,0.6061080694198608,-0.8453057408332825,0.7153967618942261,0.6007070541381836,0.7176224589347839,0.7261896729469299,0.6454493403434753,-0.8828536868095398,0.756559431552887,0.4717002809047699,0.6775863766670227,0.7887214422225952,0.5001698136329651,-1.0570303201675415
leg raises_800081.jpg,0.37305939197540283,0.01770441047847271,-0.15061990916728973,0.36618882417678833,-0.004778196103870869,-0.1377926468849182,0.3655162453651428,-0.003964635077863932,-0.1380264163017273,0.3652138411998749,-0.003550952998921275,-0.13814076781272888,0.36156976222991943,-0.005172870587557554,-0.1723150908946991,0.3562270700931549,-0.0053292554803192616,-0.17259660363197327,0.35157498717308044,-0.006916170474141836,-0.17277318239212036,0.34347784519195557,0.009530579671263695,-0.021127771586179733,0.32460710406303406,0.008226837031543255,-0.1991441249847412,0.3652927577495575,0.041665077209472656,-0.10259938985109329,0.3594626188278198,0.03959651291370392,-0.15454907715320587,0.331085741519928,0.1306709349155426,0.09001553803682327,0.29801270365715027,0.11482056230306625,-0.23849375545978546,0.3234083950519562,0.0556030236184597,0.1415666788816452,0.2812598645687103,0.03599772974848747,-0.5501214861869812,0.3449237644672394,0.013903235085308552,0.08732260763645172,0.3010513186454773,-0.009293070994317532,-0.7708050012588501,0.34437087178230286,0.00846269354224205,0.08316299319267273,0.3133770227432251,-0.005659359507262707,-0.8142490983009338,0.3401181399822235,0.006131106521934271,0.0684811919927597,0.3123890161514282,-0.017096061259508133,-0.7904607653617859,0.3404809832572937,0.015332699753344059,0.07988891005516052,0.3097344636917114,-0.008500780910253525,-0.7639272212982178,0.32058224081993103,0.555723249912262,0.1622268557548523,0.3168589770793915,0.5647934079170227,-0.16166819632053375,0.4896625280380249,0.5547967553138733,0.7066683173179626,0.4802832007408142,0.5162795186042786,-0.5724103450775146,0.6697884202003479,0.5390198826789856,0.8435500860214233,0.6918222308158875,0.5474993586540222,-0.9503113627433777,0.6914299726486206,0.572624146938324,0.8503736853599548,0.7104699611663818,0.6003834009170532,-0.9913368821144104,0.7503809332847595,0.4319644868373871,0.8237889409065247,0.7777757048606873,0.4484969675540924,-1.1681634187698364
leg raises_800091.jpg,0.3721952736377716,0.01838226243853569,-0.14261554181575775,0.3659558892250061,-0.004300563130527735,-0.12858547270298004,0.3653951585292816,-0.003543639089912176,-0.12880684435367584,0.3651343286037445,-0.0031954441219568253,-0.12893030047416687,0.36128050088882446,-0.005317602772265673,-0.16312406957149506,0.3560696542263031,-0.005507620982825756,-0.163381427526474,0.3515540063381195,-0.006484610494226217,-0.16353140771389008,0.3433428108692169,0.008715257979929447,-0.010341002605855465,0.32444778084754944,0.005522978492081165,-0.1870836615562439,0.3651200532913208,0.039399947971105576,-0.09381217509508133,0.35916727781295776,0.037069171667099,-0.1454474776983261,0.3300904333591461,0.12650129199028015,0.09860464930534363,0.29724711179733276,0.11305126547813416,-0.2261560559272766,0.3213837742805481,0.03245237469673157,0.15483920276165009,0.2742752432823181,0.032838720828294754,-0.5282765626907349,0.34300366044044495,-0.004872240591794252,0.11539993435144424,0.30039384961128235,-0.019654422998428345,-0.7237573266029358,0.34365561604499817,-0.017755188047885895,0.11454780399799347,0.3142184615135193,-0.006789224222302437,-0.7700861096382141,0.3393041789531708,-0.017353501170873642,0.1006866842508316,0.31330549716949463,-0.02118566818535328,-0.7471176385879517,0.3396119177341461,-0.007619499694555998,0.10855212062597275,0.3098803758621216,-0.01420571282505989,-0.7163261771202087,0.320416122674942,0.5550580620765686,0.16145700216293335,0.3163379430770874,0.5652769207954407,-0.1609296351671219,0.488974928855896,0.5172408819198608,0.6737596392631531,0.4795995056629181,0.5082414150238037,-0.5447801947593689,0.670015275478363,0.5227531790733337,0.7981598973274231,0.6884286403656006,0.5314124226570129,-0.9107552170753479,0.6918181777000427,0.5570675134658813,0.803565263748169,0.708720862865448,0.5849747657775879,-0.9513984322547913,0.7508432269096375,0.4036961495876312,0.7704569697380066,0.7725445032119751,0.4223334789276123,-1.1285197734832764
leg raises_800101.jpg,0.3716880679130554,0.0193621963262558,-0.14834152162075043,0.36561495065689087,-0.0025118922349065542,-0.1318187415599823,0.36511296033859253,-0.0018766495632007718,-0.132017582654953,0.36492374539375305,-0.0017093875212594867,-0.13212043046951294,0.36117151379585266,-0.0028370218351483345,-0.1643856167793274,0.35553428530693054,-0.0031163254752755165,-0.16466614603996277,0.35127371549606323,-0.0037708994932472706,-0.16481523215770721,0.34286627173423767,0.010975022800266743,-0.00383248389698565,0.32372957468032837,0.008803993463516235,-0.17718027532100677,0.3647642731666565,0.04140800982713699,-0.09623555094003677,0.3589703440666199,0.038950689136981964,-0.14530038833618164,0.3294490873813629,0.12123649567365646,0.1052260622382164,0.2973769009113312,0.11367075890302658,-0.21904422342777252,0.3211122155189514,0.039832860231399536,0.16604048013687134,0.26906177401542664,0.03361392021179199,-0.5288563966751099,0.34285929799079895,-0.0032190296333283186,0.13127802312374115,0.29847583174705505,-0.01845340058207512,-0.7440879940986633,0.3408799469470978,-0.017135977745056152,0.13077585399150848,0.3108603358268738,-0.008948235772550106,-0.787291407585144,0.3382498323917389,-0.016948817297816277,0.1156773641705513,0.3107541501522064,-0.02375577762722969,-0.7608956694602966,0.33884328603744507,0.004517698660492897,0.12389466911554337,0.3067178726196289,-0.010187975130975246,-0.7355325818061829,0.3231045603752136,0.554872453212738,0.15959063172340393,0.31580331921577454,0.567380964756012,-0.15904948115348816,0.4911513328552246,0.5213993787765503,0.5852979421615601,0.4807778298854828,0.5198771953582764,-0.5597516298294067,0.6795121431350708,0.5480040907859802,0.6754429936408997,0.7024665474891663,0.5657828450202942,-0.9171597361564636,0.7186481356620789,0.5708388686180115,0.6767461895942688,0.7204614281654358,0.6240450739860535,-0.9571844935417175,0.7674673199653625,0.44199883937835693,0.630092978477478,0.7863141894340515,0.46734189987182617,-1.1401118040084839
leg raises_800111.jpg,0.36019617319107056,0.02857016772031784,-0.19334740936756134,0.35701337456703186,0.013095613569021225,-0.1710110604763031,0.35751718282699585,0.013257716782391071,-0.17120109498500824,0.3584858775138855,0.012662728317081928,-0.17130132019519806,0.3493504226207733,0.01300662849098444,-0.20243816077709198,0.34609454870224,0.014976397156715393,-0.20264795422554016,0.3430016338825226,0.0148251848295331,-0.2027168571949005,0.3411204516887665,0.024079442024230957,-0.018837250769138336,0.3210597634315491,0.03273210674524307,-0.18252576887607574,0.35603487491607666,0.05574837327003479,-0.13212546706199646,0.34813085198402405,0.055721405893564224,-0.17940273880958557,0.33011654019355774,0.1301279217004776,0.1089322566986084,0.29691046476364136,0.13765425980091095,-0.22498174011707306,0.3229217231273651,0.040497615933418274,0.13976092636585236,0.27334752678871155,0.034193236380815506,-0.5372583270072937,0.34359118342399597,-0.01895875111222267,0.037874653935432434,0.302352637052536,-0.026045797392725945,-0.7345526218414307,0.34114354848861694,-0.03441781923174858,0.026814937591552734,0.3117920458316803,-0.03455132618546486,-0.7832006812095642,0.33888769149780273,-0.03334150090813637,0.00956072099506855,0.31184694170951843,-0.03880983963608742,-0.7511420845985413,0.33933934569358826,-0.018399637192487717,0.027301495894789696,0.3069762587547302,-0.026869863271713257,-0.7253153920173645,0.3258506655693054,0.556486189365387,0.16964060068130493,0.32061854004859924,0.5802873373031616,-0.16923631727695465,0.5017601847648621,0.5356649160385132,0.6301030516624451,0.4940951466560364,0.568967342376709,-0.5664999485015869,0.6754047274589539,0.6520323157310486,0.7780195474624634,0.6993232369422913,0.6677014827728271,-0.9112968444824219,0.7018364667892456,0.7170045375823975,0.7852460145950317,0.714350163936615,0.6512232422828674,-0.9501343369483948,0.7616204023361206,0.5839812755584717,0.7451174855232239,0.786266028881073,0.5009973049163818,-1.1238917112350464
leg raises_800121.jpg,0.36117270588874817,0.03988802060484886,-0.08470437675714493,0.35518938302993774,0.015997467562556267,-0.06713315099477768,0.3589657247066498,0.022784704342484474,-0.06740971654653549,0.3610673248767853,0.022784195840358734,-0.0676683709025383,0.3431946337223053,0.016442231833934784,-0.09282837063074112,0.3403756022453308,0.018794603645801544,-0.09285379946231842,0.33775103092193604,0.018807781860232353,-0.09306227415800095,0.3495427370071411,0.04090753197669983,0.04541822150349617,0.32101595401763916,0.03744160756468773,-0.07350470125675201,0.35287991166114807,0.05780491977930069,-0.03694406896829605,0.34091898798942566,0.06550490856170654,-0.07197153568267822,0.35579222440719604,0.15902653336524963,0.13283440470695496,0.2992232143878937,0.161482036113739,-0.10197580605745316,0.33120861649513245,0.07713060826063156,0.16866615414619446,0.2994431257247925,0.05594285950064659,-0.18099485337734222,0.3493240773677826,-0.007194019854068756,0.15227927267551422,0.31608882546424866,0.006065723020583391,-0.13018472492694855,0.3537670075893402,-0.019020454958081245,0.13927392661571503,0.31605949997901917,-0.01566528156399727,-0.1560053527355194,0.3538702130317688,-0.022114930674433708,0.12465212494134903,0.3157350420951843,-0.011299842037260532,-0.142078697681427,0.35243797302246094,-0.011093635112047195,0.14082469046115875,0.3142523467540741,-0.00014492424088530242,-0.12651120126247406,0.3375031650066376,0.5739043951034546,0.10755756497383118,0.33311086893081665,0.5844944715499878,-0.10780815780162811,0.4993283152580261,0.7973959445953369,0.08368764072656631,0.5051918029785156,0.8267046809196472,-0.12221277505159378,0.6197823286056519,1.046064853668213,0.09460338205099106,0.6475879549980164,1.0664986371994019,-0.09828762710094452,0.6229641437530518,1.093458652496338,0.08994225412607193,0.650752604007721,1.1042816638946533,-0.09861680865287781,0.700336754322052,1.0682584047317505,-0.017681853845715523,0.7400042414665222,1.092402696609497,-0.21225687861442566
leg raises_800131.jpg,0.35785579681396484,0.04611971229314804,-0.12021660804748535,0.35520267486572266,0.02317971922457218,-0.1056709960103035,0.3590237498283386,0.026528891175985336,-0.10590286552906036,0.3618101179599762,0.026813624426722527,-0.10623084753751755,0.3419906795024872,0.022486291825771332,-0.10913486033678055,0.3374530076980591,0.024123987182974815,-0.10875506699085236,0.330035537481308,0.021497564390301704,-0.10909362882375717,0.3564433157444,0.04480798542499542,-0.0010523113887757063,0.32034966349601746,0.03716662898659706,-0.08937741816043854,0.3483406901359558,0.05931463837623596,-0.0758696123957634,0.335581511259079,0.06582166254520416,-0.07723585516214371,0.35990896821022034,0.1634441316127777,0.08323048055171967,0.3012829124927521,0.161905899643898,-0.09184369444847107,0.3373938500881195,0.08853494375944138,0.15508349239826202,0.31355103850364685,0.07686422765254974,-0.05920403078198433,0.3487826883792877,0.008671627379953861,0.24981799721717834,0.32590487599372864,0.02348642796278,0.11695482581853867,0.35396432876586914,0.01893102563917637,0.24219496548175812,0.32687389850616455,-0.00927194207906723,0.11239051073789597,0.35567396879196167,0.018136700615286827,0.2401239424943924,0.3225286900997162,-0.0010584633564576507,0.10525573045015335,0.3542628884315491,0.028757039457559586,0.24500054121017456,0.3233179450035095,0.012173227034509182,0.11472456157207489,0.341356486082077,0.5853264927864075,0.07777278870344162,0.34068387746810913,0.5872985124588013,-0.07813718914985657,0.4416613280773163,0.8589427471160889,0.12444008886814117,0.44962185621261597,0.8796242475509644,-0.04116791486740112,0.47796180844306946,1.0942730903625488,0.21815581619739532,0.47158950567245483,1.127577543258667,0.04757801070809364,0.46825268864631653,1.1340373754501343,0.22343039512634277,0.4590195417404175,1.1616586446762085,0.05692841857671738,0.5373578667640686,1.150527834892273,0.14370685815811157,0.5386621952056885,1.2011909484863281,-0.03459818288683891
leg raises_800141.jpg,0.3436664342880249,0.059664513915777206,-0.1504954695701599,0.3472076952457428,0.031153488904237747,-0.13129913806915283,0.3525015115737915,0.03167426213622093,-0.13150067627429962,0.35717952251434326,0.030731556937098503,-0.1317797154188156,0.32821550965309143,0.03248002752661705,-0.1271977722644806,0.32136911153793335,0.034837331622838974,-0.12678013741970062,0.3175230324268341,0.03407132998108864,-0.12704607844352722,0.35637909173965454,0.05610183998942375,-0.013058697804808617,0.31698596477508545,0.04964252933859825,-0.06447455286979675,0.34541255235671997,0.07431621849536896,-0.1033536046743393,0.32864663004875183,0.0866679698228836,-0.09058574587106705,0.3714545667171478,0.177194744348526,0.03666336089372635,0.2971724271774292,0.1851913034915924,-0.07325003296136856,0.3446804881095886,0.09227526187896729,0.04477838799357414,0.31062984466552734,0.07420779019594193,-0.15666918456554413,0.35208016633987427,0.010877633467316628,0.1319238692522049,0.3318825662136078,0.019820215180516243,-0.09072379767894745,0.3554426431655884,0.008300269022583961,0.11098991334438324,0.3351224660873413,-0.015515174716711044,-0.11791323125362396,0.3598266839981079,0.011763270944356918,0.11019774526357651,0.33198192715644836,-0.004457960836589336,-0.11016972362995148,0.3584366738796234,0.025433432310819626,0.12698040902614594,0.3323368728160858,0.00959719531238079,-0.09361233562231064,0.34533971548080444,0.5976832509040833,0.04526832327246666,0.3467482924461365,0.5937826037406921,-0.04540450498461723,0.4086255729198456,0.8931922316551208,0.09761571884155273,0.4074956774711609,0.9060301780700684,0.006167348939925432,0.4235598146915436,1.1120738983154297,0.207998588681221,0.4056849479675293,1.1399897336959839,0.10083319246768951,0.41783440113067627,1.1480834484100342,0.2137187272310257,0.4010807275772095,1.1724958419799805,0.10861805081367493,0.4610622227191925,1.1757862567901611,0.10658660531044006,0.44510459899902344,1.219580888748169,-0.013247386552393436
leg raises_800151.jpg,0.3491057753562927,0.08952859044075012,-0.197294682264328,0.357305645942688,0.05257121101021767,-0.17437966167926788,0.3616889417171478,0.05119701474905014,-0.17445768415927887,0.36590149998664856,0.04986230656504631,-0.17464502155780792,0.3372287452220917,0.05668231472373009,-0.1978624165058136,0.331370085477829,0.05890858545899391,-0.19774502515792847,0.32712194323539734,0.059840813279151917,-0.197757750749588,0.35932302474975586,0.06834227591753006,-0.030027665197849274,0.3226870894432068,0.07459084689617157,-0.14584097266197205,0.3563278913497925,0.11234873533248901,-0.13884836435317993,0.3385193943977356,0.11994799226522446,-0.1683199256658554,0.36560767889022827,0.21445715427398682,0.03977469727396965,0.3315065801143646,0.1954357624053955,-0.14048609137535095,0.3714635670185089,0.12748074531555176,0.20496615767478943,0.32128599286079407,0.06907261908054352,-0.1608208864927292,0.3517816662788391,0.031603213399648666,0.30881384015083313,0.33636659383773804,0.017157472670078278,0.1138477772474289,0.36025792360305786,0.039032403379678726,0.2918078303337097,0.3432944715023041,-0.007108872290700674,0.12278185784816742,0.3628629446029663,0.043623730540275574,0.29645395278930664,0.3401451110839844,-0.002436069305986166,0.11765219271183014,0.3621401786804199,0.05592604726552963,0.30280444025993347,0.340543657541275,0.018824510276317596,0.11574212461709976,0.34326398372650146,0.6177361011505127,0.0736871212720871,0.35287389159202576,0.6206227540969849,-0.07347740978002548,0.37245190143585205,0.9054508805274963,0.1642586588859558,0.39506226778030396,0.9303319454193115,-0.02191985957324505,0.3868296444416046,1.1249346733093262,0.24867182970046997,0.3831338584423065,1.1560746431350708,0.06853010505437851,0.3750944435596466,1.1661280393600464,0.2535528540611267,0.36585503816604614,1.1944968700408936,0.07751350104808807,0.44029420614242554,1.164970874786377,0.18212540447711945,0.4455781579017639,1.213848352432251,-0.020795006304979324
leg raises_800161.jpg,0.36084768176078796,0.08139579743146896,-0.2298315018415451,0.36483269929885864,0.05019579827785492,-0.20378047227859497,0.3686385452747345,0.046015072613954544,-0.20386795699596405,0.37164974212646484,0.04401950165629387,-0.20405596494674683,0.3490683138370514,0.055633559823036194,-0.23750589787960052,0.3419394791126251,0.05621640011668205,-0.23744836449623108,0.3368305265903473,0.05521588400006294,-0.23739364743232727,0.35953038930892944,0.06112276017665863,-0.05085769668221474,0.32545050978660583,0.06727655231952667,-0.2094702571630478,0.3654673397541046,0.10134951025247574,-0.16882197558879852,0.348577082157135,0.10712172091007233,-0.2135026752948761,0.36156556010246277,0.2077813744544983,0.06416043639183044,0.3254728615283966,0.19380690157413483,-0.21896964311599731,0.3690248727798462,0.14677774906158447,0.21429692208766937,0.32308679819107056,0.06862886250019073,-0.2235526442527771,0.3573054075241089,0.06841312348842621,0.29608777165412903,0.35249030590057373,0.02361423894762993,0.05754201486706734,0.3597489893436432,0.05395136773586273,0.2815116047859192,0.3582770526409149,0.001719023333862424,0.06694989651441574,0.3623204827308655,0.05446957051753998,0.27938541769981384,0.3519505262374878,0.011154416017234325,0.0675230324268341,0.36210304498672485,0.06579548865556717,0.28797274827957153,0.34936338663101196,0.02477073110640049,0.06247226893901825,0.34308311343193054,0.6131880879402161,0.08004195243120193,0.3570590913295746,0.6208112239837646,-0.07964446395635605,0.3677263855934143,0.8742818236351013,0.2158840447664261,0.394170880317688,0.9087351560592651,-0.00138348457403481,0.38484784960746765,1.0200778245925903,0.31595578789711,0.3857945203781128,1.1144425868988037,0.10927966982126236,0.37541988492012024,1.1086630821228027,0.32090961933135986,0.36522096395492554,1.1505472660064697,0.12114177644252777,0.44211095571517944,1.095683217048645,0.22967059910297394,0.4514942169189453,1.161575198173523,0.037293195724487305
leg raises_800171.jpg,0.3648652136325836,0.08083686977624893,-0.1004786342382431,0.3644275367259979,0.04555509239435196,-0.0778721496462822,0.36830228567123413,0.042922910302877426,-0.07798365503549576,0.37110501527786255,0.041418205946683884,-0.07820248603820801,0.3495393395423889,0.05700625851750374,-0.11240243166685104,0.3423638939857483,0.05754510685801506,-0.11232123523950577,0.33685776591300964,0.057551633566617966,-0.11240930110216141,0.3589096665382385,0.05926642566919327,0.054331500083208084,0.32431691884994507,0.06844203919172287,-0.10350367426872253,0.37034615874290466,0.10469504445791245,-0.046191174536943436,0.35115957260131836,0.10753815621137619,-0.0917062982916832,0.3639422357082367,0.20075276494026184,0.15639838576316833,0.30792340636253357,0.19630983471870422,-0.13274770975112915,0.36455613374710083,0.13341017067432404,0.24351447820663452,0.3200989365577698,0.10069875419139862,-0.11778540909290314,0.35722315311431885,0.04483386501669884,0.30869919061660767,0.34661683440208435,0.023527609184384346,0.14369691908359528,0.3593481779098511,-0.0007890840643085539,0.2926010191440582,0.35415202379226685,-0.0009107084479182959,0.15034857392311096,0.3619305491447449,-0.003457995830103755,0.30584314465522766,0.34833627939224243,0.007006232626736164,0.15171894431114197,0.3617067039012909,0.012729112058877945,0.30729639530181885,0.34639522433280945,0.02119692601263523,0.1481328159570694,0.34969693422317505,0.6120925545692444,0.08852221071720123,0.35589325428009033,0.615813672542572,-0.08825252205133438,0.3957270383834839,0.8599263429641724,0.13918061554431915,0.4020514190196991,0.8877715468406677,-0.058733098208904266,0.4240739047527313,1.0141626596450806,0.23607532680034637,0.40582650899887085,1.120259404182434,0.046828508377075195,0.4090430438518524,1.1270586252212524,0.2399454563856125,0.3883308470249176,1.1536755561828613,0.056066080927848816,0.4767952859401703,1.138550043106079,0.14438922703266144,0.46566981077194214,1.1922413110733032,-0.059306543320417404
leg raises_800181.jpg,0.3668454885482788,0.07918503880500793,-0.04806900396943092,0.35868969559669495,0.04412899538874626,-0.02760304883122444,0.36049798130989075,0.04202733188867569,-0.027796553447842598,0.36229848861694336,0.04053012654185295,-0.028071334585547447,0.34587380290031433,0.05417286604642868,-0.06186392158269882,0.34110674262046814,0.05473381280899048,-0.0618237629532814,0.33670729398727417,0.054512038826942444,-0.06198026239871979,0.3484519124031067,0.056730568408966064,0.0928129255771637,0.32414790987968445,0.0627472996711731,-0.059845589101314545,0.37072527408599854,0.10467980802059174,0.0034786383621394634,0.35369932651519775,0.10583914816379547,-0.041768115013837814,0.361966073513031,0.19723865389823914,0.17745552957057953,0.3025098145008087,0.19236086308956146,-0.09256986528635025,0.36203765869140625,0.12582604587078094,0.2707461714744568,0.3161042630672455,0.09414049983024597,-0.11424127221107483,0.356981486082077,0.0016189540037885308,0.32024866342544556,0.33384913206100464,0.00767342047765851,0.0772092416882515,0.3544861674308777,-0.03528952971100807,0.30715319514274597,0.3525840640068054,-0.0432460717856884,0.060246698558330536,0.35525521636009216,-0.03963338956236839,0.30453407764434814,0.3463548719882965,-0.031498949974775314,0.07420827448368073,0.3553934097290039,-0.02519034780561924,0.31365296244621277,0.34382203221321106,-0.016558805480599403,0.08229367434978485,0.34851133823394775,0.6086451411247253,0.09173370152711868,0.34724852442741394,0.6151236891746521,-0.09169138222932816,0.4599771797657013,0.8639233112335205,0.11114899069070816,0.4477967321872711,0.886003851890564,-0.09051886200904846,0.5038508176803589,1.0722426176071167,0.20985093712806702,0.4852122366428375,1.0990686416625977,0.02467411570250988,0.48982006311416626,1.1161062717437744,0.213297039270401,0.46806663274765015,1.1276390552520752,0.035422708839178085,0.5585393309593201,1.1344470977783203,0.10217423737049103,0.5474212765693665,1.1663671731948853,-0.07378208637237549
leg raises_800191.jpg,0.3726346790790558,0.05750730261206627,-0.06088363379240036,0.36666443943977356,0.03068483993411064,-0.03272578492760658,0.366353839635849,0.030222995206713676,-0.033303309231996536,0.3666505813598633,0.02992161177098751,-0.03334999829530716,0.3565102517604828,0.03406471014022827,-0.0975002720952034,0.35279351472854614,0.03468338027596474,-0.09775570780038834,0.34950393438339233,0.03452860936522484,-0.09795396029949188,0.34847185015678406,0.05019432678818703,0.080470010638237,0.32671451568603516,0.049505770206451416,-0.14424386620521545,0.3695427179336548,0.0844062939286232,-0.010226322337985039,0.35552629828453064,0.08358844369649887,-0.08366275578737259,0.35338956117630005,0.1751982420682907,0.15957839787006378,0.3017505705356598,0.17834250628948212,-0.18129728734493256,0.3431087136268616,0.08471538871526718,0.22704681754112244,0.3117836117744446,0.08704030513763428,-0.5212973952293396,0.36416009068489075,-0.008473994210362434,0.16678449511528015,0.33364003896713257,0.0053791082464158535,-0.7561773061752319,0.36754193902015686,-0.03690221533179283,0.16371463239192963,0.35019829869270325,-0.04137863218784332,-0.8061249852180481,0.3636278808116913,-0.04159101843833923,0.14898928999900818,0.3449643552303314,-0.02900257706642151,-0.7761542201042175,0.3629915416240692,-0.028143953531980515,0.15944840013980865,0.342503160238266,-0.015040404163300991,-0.7497887015342712,0.3411986529827118,0.589250922203064,0.1358412355184555,0.3327074348926544,0.5962091088294983,-0.1354372352361679,0.48557451367378235,0.7452983260154724,0.1966826170682907,0.4702092707157135,0.7437332272529602,-0.4743680953979492,0.6345723867416382,0.9129957556724548,0.1988455355167389,0.645255982875824,0.9162412881851196,-0.7872769832611084,0.6367639303207397,0.970706582069397,0.18642470240592957,0.643917441368103,0.9694711565971375,-0.8236391544342041,0.7377594709396362,0.8832457065582275,0.09320104122161865,0.7554585933685303,0.8876067399978638,-0.9896671175956726
leg raises_800201.jpg,0.37204116582870483,0.05739998444914818,-0.08745943754911423,0.3661307990550995,0.032705362886190414,-0.06201035529375076,0.3659723997116089,0.03273551166057587,-0.06246276572346687,0.3654710352420807,0.032563261687755585,-0.06270603835582733,0.3579385578632355,0.034294746816158295,-0.10468511283397675,0.3527694046497345,0.03518832102417946,-0.10459320992231369,0.3493804335594177,0.03486737236380577,-0.10494184494018555,0.3425556421279907,0.05429152026772499,0.055591873824596405,0.32644182443618774,0.05444502457976341,-0.14906372129917145,0.36928945779800415,0.08405373990535736,-0.037403035908937454,0.35666733980178833,0.08243698626756668,-0.08548841625452042,0.33731114864349365,0.17529161274433136,0.14591266214847565,0.3014622926712036,0.17472213506698608,-0.1964910328388214,0.3344062268733978,0.07074091583490372,0.21944019198417664,0.29637399315834045,0.05514981597661972,-0.49694621562957764,0.3596288561820984,-0.00530931307002902,0.12008138000965118,0.313869833946228,-0.011391187086701393,-0.6413285732269287,0.3609828054904938,-0.029836568981409073,0.11506352573633194,0.3383236527442932,-0.04190845042467117,-0.6845451593399048,0.3568013906478882,-0.03359062969684601,0.09073542058467865,0.33799782395362854,-0.03331676498055458,-0.6490392088890076,0.35636061429977417,-0.021342748776078224,0.10756787657737732,0.33479613065719604,-0.021991245448589325,-0.629650890827179,0.32941192388534546,0.5868373513221741,0.14691422879695892,0.33000925183296204,0.5864018201828003,-0.14649152755737305,0.5101911425590515,0.6161257028579712,0.28287622332572937,0.50926274061203,0.6106429696083069,-0.37912002205848694,0.711707353591919,0.6726157665252686,0.24862250685691833,0.7196038365364075,0.6804067492485046,-0.5993362665176392,0.7433001399040222,0.7004948854446411,0.24131518602371216,0.7499452829360962,0.7240818738937378,-0.6266534328460693,0.7833567261695862,0.5731978416442871,0.1597522795200348,0.8097660541534424,0.5841630101203918,-0.7806330919265747
leg raises_800211.jpg,0.3717406392097473,0.04701237753033638,-0.08100303262472153,0.3651498854160309,0.02874724008142948,-0.06636039167642593,0.3634131848812103,0.02898699976503849,-0.06656850874423981,0.3616613447666168,0.028995336964726448,-0.06674366444349289,0.35736098885536194,0.027338378131389618,-0.1035495325922966,0.35221797227859497,0.027099432423710823,-0.10365314781665802,0.34860506653785706,0.026087233796715736,-0.10378013551235199,0.333411306142807,0.04763335734605789,0.04374231398105621,0.3226340413093567,0.04465055838227272,-0.14593054354190826,0.36921313405036926,0.07042905688285828,-0.037290386855602264,0.3574174642562866,0.06738559156656265,-0.08764383941888809,0.3282105028629303,0.1587998867034912,0.12629052996635437,0.2992529571056366,0.15727734565734863,-0.1880379021167755,0.3322601020336151,0.0461277961730957,0.2083497792482376,0.28185948729515076,0.03921181708574295,-0.41569817066192627,0.34250324964523315,-0.008982125669717789,0.15826208889484406,0.2968843877315521,-0.019007107242941856,-0.47648587822914124,0.3376862406730652,-0.02614537812769413,0.1460883915424347,0.317106157541275,-0.03872615844011307,-0.504796028137207,0.3257560729980469,-0.03744989261031151,0.13529817759990692,0.314725786447525,-0.031677890568971634,-0.4799189269542694,0.3277226984500885,-0.029649414122104645,0.14889702200889587,0.3112635314464569,-0.02157331444323063,-0.46782878041267395,0.32625696063041687,0.5825750827789307,0.14002147316932678,0.323773056268692,0.5785267949104309,-0.13981160521507263,0.5059596300125122,0.5301042199134827,0.27091607451438904,0.5063201785087585,0.5246256589889526,-0.2105817347764969,0.7003300189971924,0.5131983160972595,0.22363902628421783,0.70860755443573,0.5233810544013977,-0.39314186573028564,0.7303909659385681,0.5378116369247437,0.2123430073261261,0.7413833141326904,0.5617995858192444,-0.43665391206741333,0.7581374645233154,0.401203989982605,0.13722960650920868,0.7812448740005493,0.4199323058128357,-0.5758772492408752
leg raises_800221.jpg,0.37832117080688477,0.027851330116391182,-0.058942701667547226,0.370437353849411,0.002782091498374939,-0.04875065013766289,0.367960661649704,0.003356432542204857,-0.048897843807935715,0.3647526502609253,0.004112828988581896,-0.04905587062239647,0.3655344247817993,0.0005709879333153367,-0.08815319091081619,0.360951691865921,-4.5818076614523306e-05,-0.08829671889543533,0.3566454350948334,-0.0008073914214037359,-0.08839598298072815,0.3343212306499481,0.024050962179899216,0.04769711196422577,0.32289186120033264,0.017227327451109886,-0.14454694092273712,0.3694625198841095,0.05313945189118385,-0.018522653728723526,0.3626502454280853,0.0487678088247776,-0.07454536855220795,0.32452812790870667,0.14317741990089417,0.1258232146501541,0.2924424409866333,0.1380039006471634,-0.18610474467277527,0.3282133936882019,0.03543254733085632,0.21928705275058746,0.2854763865470886,0.03817350044846535,-0.44935569167137146,0.34037908911705017,-0.020632896572351456,0.17545369267463684,0.2981596887111664,-0.028147799894213676,-0.5707874298095703,0.3366703391075134,-0.04106561467051506,0.1832873523235321,0.3156190514564514,-0.04524149373173714,-0.5980184078216553,0.32846495509147644,-0.04442572593688965,0.16608993709087372,0.31066960096359253,-0.04585137218236923,-0.580459713935852,0.3302459120750427,-0.03786143288016319,0.16835100948810577,0.3077290654182434,-0.03683781623840332,-0.563522458076477,0.32081156969070435,0.5678387880325317,0.13652662932872772,0.3174503445625305,0.5716956853866577,-0.1363152414560318,0.503341019153595,0.5162534713745117,0.35226649045944214,0.5046572089195251,0.5132555365562439,-0.21294543147087097,0.6855080723762512,0.4880501627922058,0.3899584114551544,0.7104638814926147,0.5117336511611938,-0.393179327249527,0.7137299180030823,0.5107728242874146,0.38623160123825073,0.741104006767273,0.5403061509132385,-0.41826117038726807,0.7383740544319153,0.3725821077823639,0.31816768646240234,0.7613740563392639,0.3784938454627991,-0.5613256692886353
leg raises_800231.jpg,0.36885520815849304,0.02818666771054268,-0.09430455416440964,0.36186400055885315,0.009289339184761047,-0.08042966574430466,0.36006420850753784,0.009364859201014042,-0.08059321343898773,0.3583718538284302,0.008991003967821598,-0.08068852126598358,0.3570685386657715,0.004126238636672497,-0.11684190481901169,0.35316118597984314,0.002015836304053664,-0.11714749038219452,0.3490133583545685,-0.00014462588296737522,-0.1172594204545021,0.3313197195529938,0.02514657936990261,0.033704329282045364,0.3170159161090851,0.021172020584344864,-0.14822955429553986,0.36166805028915405,0.05501993000507355,-0.048547253012657166,0.35615280270576477,0.05308511480689049,-0.10242440551519394,0.3218040466308594,0.1371411681175232,0.11992576718330383,0.2923961281776428,0.13223467767238617,-0.18441171944141388,0.32799920439720154,0.03717933967709541,0.18664057552814484,0.2855415940284729,0.03624896705150604,-0.4240246117115021,0.33892685174942017,-0.016402801498770714,0.11958329379558563,0.296284556388855,-0.02508462220430374,-0.5074518918991089,0.3352256715297699,-0.037189044058322906,0.11243700981140137,0.31289270520210266,-0.046921469271183014,-0.540654182434082,0.3271980881690979,-0.03988347575068474,0.09677553176879883,0.307278037071228,-0.04709630459547043,-0.5181400775909424,0.32816216349601746,-0.032390985637903214,0.1100357323884964,0.304181307554245,-0.037308212369680405,-0.49959078431129456,0.31857624650001526,0.5646081566810608,0.14294680953025818,0.3111918270587921,0.5730363130569458,-0.142465278506279,0.4950253367424011,0.5350302457809448,0.45420756936073303,0.49792051315307617,0.5297037363052368,-0.384143203496933,0.6657555103302002,0.5530906319618225,0.5172005891799927,0.6853353381156921,0.5654928088188171,-0.6495117545127869,0.6923854351043701,0.5961244702339172,0.5176133513450623,0.710637629032135,0.6275148987770081,-0.6815277338027954,0.7410581707954407,0.45431315898895264,0.47446778416633606,0.7651606798171997,0.4694373607635498,-0.8388599157333374
leg raises_800241.jpg,0.3690832853317261,0.029857084155082703,-0.10412827879190445,0.36260688304901123,0.00848403386771679,-0.09610196202993393,0.360961377620697,0.008581659756600857,-0.09637688845396042,0.3682911694049835,0.010686444118618965,-0.09649208933115005,0.3569663465023041,0.005904737394303083,-0.13350506126880646,0.3529280424118042,0.00475659454241395,-0.13374172151088715,0.3488209545612335,0.0031268454622477293,-0.13393381237983704,0.3317314386367798,0.023544583469629288,0.007482327055186033,0.31803902983665466,0.022044064477086067,-0.17411024868488312,0.361457496881485,0.056433290243148804,-0.06059373542666435,0.3554130494594574,0.05523286759853363,-0.11575619876384735,0.32446566224098206,0.1406835913658142,0.11832974851131439,0.2929467558860779,0.13649311661720276,-0.21677233278751373,0.32769399881362915,0.06273062527179718,0.19166435301303864,0.28647252917289734,0.048409897834062576,-0.5102712512016296,0.3392644226551056,0.06495824456214905,0.1461663842201233,0.3100721538066864,0.015748312696814537,-0.7274030447006226,0.33850908279418945,0.061647143214941025,0.13655082881450653,0.3211902976036072,0.0026753193233162165,-0.7725293040275574,0.32937783002853394,0.06047290191054344,0.12287388741970062,0.31698039174079895,-0.005071588326245546,-0.7523987889289856,0.32972612977027893,0.06589899957180023,0.1362125426530838,0.3136158883571625,0.004260099958628416,-0.7216920256614685,0.32152146100997925,0.5611177682876587,0.15006019175052643,0.31375065445899963,0.5739594101905823,-0.1495678722858429,0.49081140756607056,0.6285749077796936,0.4240925908088684,0.49493977427482605,0.6391621232032776,-0.46665987372398376,0.6497401595115662,0.8095482587814331,0.48160555958747864,0.6685243844985962,0.8189957737922668,-0.7785652279853821,0.6657865643501282,0.8749715089797974,0.4796414375305176,0.6790810227394104,0.8834952712059021,-0.8142249584197998,0.7306932806968689,0.7622833847999573,0.43068641424179077,0.7726460099220276,0.7554951310157776,-0.9595357775688171
leg raises_800251.jpg,0.36809301376342773,0.06656697392463684,-0.04826074838638306,0.3631899058818817,0.049387283623218536,-0.03408507630228996,0.36357155442237854,0.04998273402452469,-0.034324612468481064,0.36973246932029724,0.051160916686058044,-0.034583866596221924,0.35668468475341797,0.04816345497965813,-0.05004369094967842,0.35237351059913635,0.048265490680933,-0.05001223832368851,0.3477153778076172,0.04848431050777435,-0.050187330693006516,0.35303694009780884,0.07134468108415604,0.06001206859946251,0.3200220465660095,0.04401564970612526,-0.007892215624451637,0.3542840778827667,0.07641527056694031,-0.007236856501549482,0.34554871916770935,0.08062721788883209,-0.029149554669857025,0.3529098927974701,0.18334221839904785,0.09826571494340897,0.2964354157447815,0.1891043484210968,-0.006724930834025145,0.34427160024642944,0.08622533082962036,0.12005506455898285,0.30358096957206726,0.07186628878116608,-0.032041143625974655,0.3469189405441284,0.028316687792539597,0.1554955691099167,0.32868024706840515,0.0122856255620718,0.1105826124548912,0.3567541241645813,-0.008405742235481739,0.13933809101581573,0.34526118636131287,-0.004223822616040707,0.09668822586536407,0.3566910922527313,-0.003467303467914462,0.13503201305866241,0.3430913984775543,-0.00880003347992897,0.10629617422819138,0.3547401428222656,0.011289920657873154,0.14827854931354523,0.34122997522354126,0.007750638294965029,0.1117386519908905,0.341701477766037,0.606759250164032,0.04986439272761345,0.338679701089859,0.6078702807426453,-0.04999961704015732,0.4922446310520172,0.8848764896392822,0.047822948545217514,0.4913667142391205,0.8923470377922058,-0.07205240428447723,0.540780246257782,1.1194045543670654,0.1668204963207245,0.5352036356925964,1.1345515251159668,0.03901294246315956,0.5363743901252747,1.1521050930023193,0.17348651587963104,0.5328752398490906,1.1604101657867432,0.05004439130425453,0.5784793496131897,1.1858999729156494,0.06805146485567093,0.5818192958831787,1.2190784215927124,-0.04826945438981056
leg raises_800261.jpg,0.36849623918533325,0.06803200393915176,-0.03852919489145279,0.3634955585002899,0.04886777698993683,-0.02084517851471901,0.36475902795791626,0.049478352069854736,-0.020989103242754936,0.3700934052467346,0.050445303320884705,-0.02120276540517807,0.3563559651374817,0.04795212671160698,-0.05130038782954216,0.35150784254074097,0.04810551926493645,-0.051257435232400894,0.34604790806770325,0.04834539070725441,-0.05134982615709305,0.35577213764190674,0.07032652199268341,0.09256074577569962,0.32187098264694214,0.04616645723581314,-0.045723721385002136,0.36459285020828247,0.08935943990945816,0.009403188712894917,0.34920403361320496,0.0904550850391388,-0.031143678352236748,0.3551275432109833,0.18971990048885345,0.17475448548793793,0.29935958981513977,0.18838323652744293,-0.07183793187141418,0.3477579951286316,0.10918372124433517,0.28035831451416016,0.3121395409107208,0.08071054518222809,-0.0850491002202034,0.346952885389328,0.024513019248843193,0.3644695580005646,0.336074560880661,0.010542554780840874,0.1360139697790146,0.35765111446380615,-0.012668594717979431,0.34658563137054443,0.3554123044013977,-0.007505860645323992,0.1353502720594406,0.3575887680053711,-0.007509622257202864,0.3451683223247528,0.3456230163574219,-0.009626534767448902,0.13205739855766296,0.3554082214832306,0.009194171987473965,0.35756808519363403,0.3483024835586548,0.006640555337071419,0.13723018765449524,0.34948527812957764,0.6038877964019775,0.07605516910552979,0.3507395386695862,0.6046923398971558,-0.07595255970954895,0.422639936208725,0.8848336935043335,0.10614745318889618,0.43582525849342346,0.8952430486679077,-0.08148423582315445,0.4509662389755249,1.1232486963272095,0.19649416208267212,0.43705758452415466,1.1572788953781128,0.015241218730807304,0.44122546911239624,1.16422438621521,0.19955626130104065,0.4211970567703247,1.191556453704834,0.023471780121326447,0.5071213841438293,1.177298903465271,0.10582143813371658,0.4959404170513153,1.2314988374710083,-0.09126552939414978
leg raises_800271.jpg,0.3705311715602875,0.08059059083461761,-0.13584665954113007,0.36441752314567566,0.059457264840602875,-0.10976603627204895,0.3663468360900879,0.05978405103087425,-0.10990691930055618,0.3708871603012085,0.060333576053380966,-0.11011745780706406,0.35625988245010376,0.05910801887512207,-0.14496669173240662,0.3514668047428131,0.059523072093725204,-0.14485503733158112,0.34560707211494446,0.06004483997821808,-0.14488525688648224,0.35628125071525574,0.08004266768693924,0.033497847616672516,0.32188504934310913,0.0669441670179367,-0.12629251182079315,0.36448559165000916,0.09864862263202667,-0.07840299606323242,0.3490091562271118,0.1048307940363884,-0.12427368760108948,0.35356804728507996,0.21026630699634552,0.15964196622371674,0.3022001087665558,0.203163743019104,-0.1874811053276062,0.35634276270866394,0.16350047290325165,0.2785358130931854,0.3412814736366272,0.13164767622947693,-0.2949061691761017,0.3541088402271271,0.03468365967273712,0.33517351746559143,0.3469172716140747,0.014312660321593285,-0.07969562709331512,0.36752352118492126,0.025261981412768364,0.32748109102249146,0.372073769569397,-0.013355536386370659,-0.06606163829565048,0.3700309693813324,0.02150201052427292,0.3184347450733185,0.35946425795555115,-0.010127697139978409,-0.13826265931129456,0.36843520402908325,0.03483627736568451,0.32672542333602905,0.35943806171417236,0.006104057189077139,-0.09874102473258972,0.34723520278930664,0.6135550737380981,0.0826634094119072,0.3529052436351776,0.6186248064041138,-0.08287998288869858,0.3942171335220337,0.8950021266937256,0.1698286086320877,0.41126689314842224,0.9209026098251343,-0.05291123315691948,0.4185243844985962,1.1087925434112549,0.23986977338790894,0.4055825173854828,1.1531901359558105,0.052730441093444824,0.40693044662475586,1.1499491930007935,0.23272500932216644,0.38602903485298157,1.1895653009414673,0.061647359281778336,0.4821484684944153,1.1495213508605957,0.11720672994852066,0.4760628938674927,1.216254711151123,-0.04646485671401024
leg raises_800281.jpg,0.36760982871055603,0.08062326163053513,-0.17803052067756653,0.3639101982116699,0.057318639010190964,-0.14843064546585083,0.3657899498939514,0.056897781789302826,-0.14862370491027832,0.3697061538696289,0.05670924857258797,-0.14884644746780396,0.35527023673057556,0.05936277657747269,-0.18288739025592804,0.35061895847320557,0.06071356683969498,-0.1828460693359375,0.34517234563827515,0.06201189011335373,-0.1828102022409439,0.3556806743144989,0.07511376589536667,0.009431186132133007,0.32166674733161926,0.07494524121284485,-0.14756008982658386,0.3643685579299927,0.1034744381904602,-0.11632633954286575,0.34907782077789307,0.11091125011444092,-0.16110965609550476,0.35076597332954407,0.21521547436714172,0.15263444185256958,0.30162838101387024,0.21017968654632568,-0.22578176856040955,0.3597577214241028,0.22549273073673248,0.2699371576309204,0.34683141112327576,0.1702665388584137,-0.48927462100982666,0.3800520598888397,0.15817216038703918,0.29961857199668884,0.3433076739311218,0.024847527965903282,-0.6293296217918396,0.38686951994895935,0.15277805924415588,0.29622024297714233,0.36436477303504944,-0.010532795451581478,-0.6725597977638245,0.3898247182369232,0.14258961379528046,0.2796514630317688,0.35450616478919983,-0.011237876489758492,-0.6686437129974365,0.38730257749557495,0.14828382432460785,0.2895509600639343,0.3539670407772064,0.004506630357354879,-0.6316006779670715,0.346708744764328,0.6155675053596497,0.09954217821359634,0.35096311569213867,0.6250815391540527,-0.09947137534618378,0.39322975277900696,0.8965401649475098,0.18998463451862335,0.3973381817340851,0.9264363646507263,-0.06399410218000412,0.4026237428188324,1.0900522470474243,0.2572130858898163,0.3904510736465454,1.14995539188385,0.015587340109050274,0.38932356238365173,1.1254992485046387,0.24805592000484467,0.36819568276405334,1.1838397979736328,0.021342037245631218,0.46238940954208374,1.134270191192627,0.16925641894340515,0.46729373931884766,1.2182446718215942,-0.08300890773534775
leg raises_800291.jpg,0.3908180594444275,0.03224145248532295,-0.16926725208759308,0.3891875445842743,0.001426519826054573,-0.14777685701847076,0.3896044194698334,0.001639178371988237,-0.14791594445705414,0.3903784453868866,0.002008034149184823,-0.14812323451042175,0.3793265223503113,0.0006333243800327182,-0.19145101308822632,0.372885137796402,0.00043048366205766797,-0.19144466519355774,0.36446741223335266,-0.002938332501798868,-0.19140824675559998,0.3678010404109955,0.01066664420068264,0.0014034789055585861,0.3327310383319855,0.014211265370249748,-0.20376957952976227,0.38440051674842834,0.05749291181564331,-0.10910961776971817,0.3721351623535156,0.05975024029612541,-0.16651295125484467,0.35593608021736145,0.13835027813911438,0.14681801199913025,0.3063291013240814,0.13524788618087769,-0.23560591042041779,0.3884514570236206,0.2055390179157257,0.3280455470085144,0.3157688081264496,0.06225977838039398,-0.3091399073600769,0.3893415629863739,0.17119790613651276,0.40212616324424744,0.3413331210613251,0.021796319633722305,0.06040917709469795,0.393032968044281,0.16784483194351196,0.3916670083999634,0.3603483736515045,-0.011413386091589928,0.071380116045475,0.39244499802589417,0.16148509085178375,0.37887802720069885,0.35375216603279114,-0.004088299348950386,0.07543138414621353,0.3884762227535248,0.165120467543602,0.3906153738498688,0.3526032567024231,0.0051667168736457825,0.06687480956315994,0.3561773896217346,0.609927773475647,0.11197960376739502,0.3502075970172882,0.6229013800621033,-0.11170993745326996,0.4051475524902344,0.8799410462379456,0.19389012455940247,0.3948622941970825,0.9205271601676941,-0.02728281542658806,0.41450175642967224,1.0825496912002563,0.31483423709869385,0.3875140845775604,1.1360653638839722,0.07909689098596573,0.3996436297893524,1.1199630498886108,0.32028728723526,0.36511433124542236,1.1671249866485596,0.08926713466644287,0.48106688261032104,1.1356476545333862,0.23890380561351776,0.46457234025001526,1.2213793992996216,-0.022625446319580078
leg raises_800301.jpg,0.3745156526565552,0.06147726997733116,-0.02141890861093998,0.3758625388145447,0.02855072356760502,-0.00034277699887752533,0.3781505823135376,0.02774866670370102,-0.00046419259160757065,0.3801324963569641,0.027568824589252472,-0.0007098567439243197,0.35975515842437744,0.03272416815161705,-0.0383603498339653,0.35317903757095337,0.034566715359687805,-0.03830166906118393,0.3467385470867157,0.03529993072152138,-0.03830334171652794,0.3651670813560486,0.038127463310956955,0.12851034104824066,0.32663366198539734,0.05087713524699211,-0.050127096474170685,0.37756091356277466,0.08329525589942932,0.032064564526081085,0.3602716624736786,0.09002763777971268,-0.01952272094786167,0.35758572816848755,0.1789431869983673,0.2239062339067459,0.300756573677063,0.17800326645374298,-0.07819018512964249,0.38057148456573486,0.163096621632576,0.33220547437667847,0.31553980708122253,0.06548958271741867,-0.052660007029771805,0.367557555437088,0.03395184874534607,0.3929682970046997,0.3311382532119751,0.02050197497010231,0.23378758132457733,0.36962953209877014,0.002822757698595524,0.3687756657600403,0.3482208549976349,9.881266305455938e-05,0.24248166382312775,0.36643368005752563,-0.015617276541888714,0.376309335231781,0.3460763692855835,0.007510795723646879,0.2338191121816635,0.363869845867157,0.00010267672769259661,0.38814613223075867,0.34433427453041077,0.01602793298661709,0.23511436581611633,0.3569427728652954,0.5968684554100037,0.11210472136735916,0.34333130717277527,0.6112073659896851,-0.11192025989294052,0.41464748978614807,0.8615694642066956,0.14923852682113647,0.40476539731025696,0.8872760534286499,-0.0721036046743393,0.43520545959472656,1.074108600616455,0.25416842103004456,0.4140353202819824,1.118270754814148,0.03447391837835312,0.4232567250728607,1.1135356426239014,0.2598976492881775,0.3929879367351532,1.1485098600387573,0.04474510997533798,0.5000505447387695,1.1294862031936646,0.17933782935142517,0.4834423363208771,1.19896399974823,-0.06390716135501862
leg raises_800311.jpg,0.37443289160728455,0.05986541137099266,-0.04355510324239731,0.37484973669052124,0.02810729667544365,-0.02280087023973465,0.3757142126560211,0.027669323608279228,-0.023030661046504974,0.3761998116970062,0.02765408158302307,-0.02330213412642479,0.3597452938556671,0.030879531055688858,-0.06868063658475876,0.3536665737628937,0.032127514481544495,-0.06867707520723343,0.34847623109817505,0.03273649141192436,-0.06875088810920715,0.3545827269554138,0.039071109145879745,0.10151157528162003,0.3267228305339813,0.048791322857141495,-0.07933289557695389,0.3757200837135315,0.08279260247945786,0.008830801583826542,0.36020347476005554,0.0885360985994339,-0.052441492676734924,0.3510091006755829,0.18637773394584656,0.2004702240228653,0.2999466359615326,0.18306128680706024,-0.15016581118106842,0.36077621579170227,0.14815457165241241,0.3316393792629242,0.31248968839645386,0.07171211391687393,-0.3631488084793091,0.35290154814720154,0.017516298219561577,0.34712162613868713,0.3245573043823242,0.008450903929769993,-0.36897560954093933,0.3635587692260742,-0.024187132716178894,0.3345577120780945,0.33990633487701416,-0.02050587721168995,-0.40962961316108704,0.35892316699028015,-0.03307840973138809,0.3257916271686554,0.3361707925796509,-0.01070960983633995,-0.384649395942688,0.35789239406585693,-0.02130769193172455,0.3379114866256714,0.335100919008255,-7.293549424502999e-05,-0.36242401599884033,0.34449896216392517,0.597856879234314,0.1251285970211029,0.340785950422287,0.6102196574211121,-0.12508997321128845,0.4690052270889282,0.8571239709854126,0.1365850865840912,0.4826575517654419,0.8822529315948486,-0.07621736824512482,0.5738917589187622,1.0849117040634155,0.1809244006872177,0.5856433510780334,1.1036707162857056,-0.04508085176348686,0.5711259245872498,1.1291704177856445,0.17627215385437012,0.5783587098121643,1.142720341682434,-0.04183746501803398,0.6560259461402893,1.120256781578064,0.06857692450284958,0.6713626980781555,1.1503064632415771,-0.15503214299678802
leg raises_800321.jpg,0.37439921498298645,0.051733605563640594,-0.10332076251506805,0.37163975834846497,0.025040745735168457,-0.08380583673715591,0.3714090883731842,0.02537897229194641,-0.08404058963060379,0.37074682116508484,0.02773633971810341,-0.08420099318027496,0.3588734269142151,0.02567327208817005,-0.12406103312969208,0.35327279567718506,0.026236822828650475,-0.12426615506410599,0.34841352701187134,0.025983886793255806,-0.12435396015644073,0.345111221075058,0.03963455930352211,0.05266338214278221,0.32457199692726135,0.04773414507508278,-0.13727666437625885,0.37389570474624634,0.07765864580869675,-0.04588070139288902,0.35988080501556396,0.07864618301391602,-0.10493019223213196,0.34557002782821655,0.18076609075069427,0.16626715660095215,0.29558637738227844,0.17814256250858307,-0.18602459132671356,0.34304001927375793,0.08700670301914215,0.2281963974237442,0.29684001207351685,0.058215878903865814,-0.5176439881324768,0.3485158085823059,0.010347558185458183,0.17764462530612946,0.3159915506839752,-0.0010910885175690055,-0.7233185172080994,0.3496861755847931,-0.021480781957507133,0.1779305636882782,0.33234700560569763,-0.03909778594970703,-0.7761850953102112,0.3484325706958771,-0.02345309592783451,0.16532930731773376,0.3296738266944885,-0.03758106008172035,-0.7400152683258057,0.3484238386154175,-0.02198544703423977,0.17111290991306305,0.3266916871070862,-0.025796016678214073,-0.7140281200408936,0.33499178290367126,0.585891604423523,0.15136489272117615,0.3297102153301239,0.5982289910316467,-0.15098902583122253,0.4982958436012268,0.7032149434089661,0.3643948435783386,0.4858367145061493,0.6913917660713196,-0.4947846829891205,0.6585453152656555,0.8236474990844727,0.39879244565963745,0.6669012308120728,0.8305841088294983,-0.7680875658988953,0.6615089774131775,0.8927294611930847,0.39568668603897095,0.6877056956291199,0.8677432537078857,-0.7996900677680969,0.7577852010726929,0.7730659246444702,0.3343816101551056,0.772145688533783,0.7686744928359985,-0.9677468538284302
leg raises_800331.jpg,0.374385803937912,0.05164075270295143,-0.0893571749329567,0.3691258132457733,0.027877507731318474,-0.07285488396883011,0.3680027425289154,0.02839162014424801,-0.07301685959100723,0.3667947053909302,0.029514672234654427,-0.07312915474176407,0.35887426137924194,0.026420636102557182,-0.11349740624427795,0.35342422127723694,0.02644408866763115,-0.1137644350528717,0.3484307825565338,0.026059960946440697,-0.11384964734315872,0.34068918228149414,0.03970067575573921,0.05493792146444321,0.32391855120658875,0.047421906143426895,-0.13662227988243103,0.3728989362716675,0.07730253785848618,-0.03625211864709854,0.359902560710907,0.07668770849704742,-0.09527767449617386,0.336191326379776,0.16644464433193207,0.1656423956155777,0.2887970209121704,0.16486264765262604,-0.18768592178821564,0.3422981798648834,0.0763397142291069,0.24398024380207062,0.2916075885295868,0.0422058142721653,-0.500505805015564,0.34967800974845886,0.016658956184983253,0.22327937185764313,0.31091827154159546,-0.010144933126866817,-0.6595815420150757,0.35074880719184875,-0.009318960830569267,0.22056344151496887,0.3240159749984741,-0.039827343076467514,-0.7023645043373108,0.3496769070625305,-0.01238003745675087,0.20864810049533844,0.32625943422317505,-0.03732089698314667,-0.6630626916885376,0.349502295255661,-0.00886996928602457,0.21483689546585083,0.32312241196632385,-0.027206137776374817,-0.6470559239387512,0.3320092558860779,0.5802765488624573,0.15072400867938995,0.32435742020606995,0.5747627019882202,-0.1502343863248825,0.5199580192565918,0.582270622253418,0.32008567452430725,0.4991723299026489,0.5665539503097534,-0.36339807510375977,0.7449754476547241,0.5976425409317017,0.16408689320087433,0.7278569936752319,0.6245631575584412,-0.570099413394928,0.777171790599823,0.6314825415611267,0.14736132323741913,0.7582208514213562,0.6940158605575562,-0.5964413285255432,0.808346152305603,0.4921225309371948,0.06869565695524216,0.8255025148391724,0.5241804718971252,-0.7568763494491577
leg raises_900011.jpg,0.4987536370754242,0.3536212146282196,-0.13236385583877563,0.5005021691322327,0.33960941433906555,-0.11982723325490952,0.5028777718544006,0.33949679136276245,-0.11992775648832321,0.5052768588066101,0.3387954831123352,-0.12011247128248215,0.49209582805633545,0.3391471207141876,-0.13751794397830963,0.4886220395565033,0.33899518847465515,-0.13769887387752533,0.4850155711174011,0.3385847806930542,-0.13789249956607819,0.5022878646850586,0.3459879457950592,-0.04111769050359726,0.4721742570400238,0.3497641384601593,-0.13202087581157684,0.5042920708656311,0.3738609254360199,-0.09924093633890152,0.494832307100296,0.3725771903991699,-0.12274788320064545,0.5122464299201965,0.411915123462677,-0.004553206264972687,0.46284782886505127,0.427141010761261,-0.18011198937892914,0.527912437915802,0.29895246028900146,-0.032510172575712204,0.4649887979030609,0.28657397627830505,-0.27759650349617004,0.5306987166404724,0.15480627119541168,-0.04733385890722275,0.4957221746444702,0.14508506655693054,-0.225849449634552,0.5236228108406067,0.12891462445259094,-0.04415237531065941,0.5049102902412415,0.10997875034809113,-0.23495933413505554,0.5184499025344849,0.12670788168907166,-0.049613144248723984,0.4876752495765686,0.12176629900932312,-0.18983770906925201,0.5182198286056519,0.13098172843456268,-0.053336240351200104,0.48010683059692383,0.13337895274162292,-0.20995059609413147,0.5178526639938354,0.6835708618164062,0.065301813185215,0.4806899428367615,0.7003471851348877,-0.06526123732328415,0.598726212978363,0.6310572028160095,0.015123979188501835,0.5109112858772278,0.6591396331787109,-0.23553518950939178,0.6652476191520691,0.6399633884429932,0.06477680057287216,0.6493282318115234,0.6517224907875061,-0.08456412702798843,0.6763839721679688,0.6506549119949341,0.07219673693180084,0.6612289547920227,0.6567942500114441,-0.0681459829211235,0.7271168828010559,0.6049652695655823,0.07023265957832336,0.7432492971420288,0.6176033020019531,-0.0867835208773613
leg raises_900021.jpg,0.5145122408866882,0.3659701347351074,-0.20679129660129547,0.5192576050758362,0.35242459177970886,-0.1932341605424881,0.5222131609916687,0.3527586758136749,-0.1933215707540512,0.5249360203742981,0.35287463665008545,-0.19351321458816528,0.5077469944953918,0.35106489062309265,-0.20679925382137299,0.5024939775466919,0.35027608275413513,-0.20697426795959473,0.496839702129364,0.34919512271881104,-0.20711302757263184,0.5226593017578125,0.3612096607685089,-0.10493878275156021,0.48164552450180054,0.3569099009037018,-0.17205595970153809,0.517727255821228,0.3840126097202301,-0.17161181569099426,0.5029217004776001,0.3818875551223755,-0.19106264412403107,0.527506411075592,0.42256659269332886,-0.08668718487024307,0.45427337288856506,0.4273815453052521,-0.19025973975658417,0.5611705183982849,0.30137771368026733,-0.11961421370506287,0.46779727935791016,0.3025903105735779,-0.279969185590744,0.5617610216140747,0.15607453882694244,-0.12704943120479584,0.46840542554855347,0.1649836152791977,-0.23003529012203217,0.5619012713432312,0.13409054279327393,-0.12681017816066742,0.4669981598854065,0.1406858116388321,-0.2411407083272934,0.5538381338119507,0.12874172627925873,-0.13013134896755219,0.46673253178596497,0.1404569298028946,-0.20899508893489838,0.5514148473739624,0.13602086901664734,-0.13109241425991058,0.4705991744995117,0.14549125730991364,-0.2204643338918686,0.5389179587364197,0.6916940808296204,0.05808697268366814,0.4852568507194519,0.7055239081382751,-0.057747360318899155,0.628570556640625,0.6565051674842834,0.076492078602314,0.511393129825592,0.6812851428985596,-0.27159273624420166,0.6488361358642578,0.6513518691062927,0.10340562462806702,0.6363276243209839,0.667650043964386,-0.1545962691307068,0.6540228724479675,0.6551125645637512,0.11066336929798126,0.6418072581291199,0.6687753200531006,-0.18826153874397278,0.6678382754325867,0.6133390069007874,0.10712705552577972,0.7157800197601318,0.6179116368293762,-0.26560795307159424
leg raises_900031.jpg,0.517764687538147,0.3764656186103821,-0.25058865547180176,0.5193163156509399,0.36107492446899414,-0.22823621332645416,0.5214911103248596,0.3609895408153534,-0.22830159962177277,0.5238556861877441,0.36086776852607727,-0.22847534716129303,0.5107581615447998,0.3614404797554016,-0.24622684717178345,0.5064657926559448,0.3615167737007141,-0.24629971385002136,0.5014452934265137,0.3614731729030609,-0.2463563233613968,0.520999550819397,0.36736053228378296,-0.1160830482840538,0.48562294244766235,0.3673361539840698,-0.19738584756851196,0.5200272798538208,0.39543992280960083,-0.20614604651927948,0.5094570517539978,0.39407455921173096,-0.2303904891014099,0.5306476354598999,0.42588353157043457,-0.0639866292476654,0.4634402394294739,0.434561163187027,-0.24452702701091766,0.5534301400184631,0.2977668344974518,-0.0743502825498581,0.4685724675655365,0.302993506193161,-0.37362146377563477,0.5636405348777771,0.16328857839107513,-0.13758157193660736,0.4579167366027832,0.16553711891174316,-0.3625986874103546,0.567297101020813,0.13904252648353577,-0.15412774682044983,0.4516708552837372,0.14279165863990784,-0.3858329653739929,0.5577762722969055,0.13361898064613342,-0.16341154277324677,0.45404210686683655,0.1402668058872223,-0.35756245255470276,0.5543076395988464,0.14043062925338745,-0.14869424700737,0.4589124917984009,0.14661338925361633,-0.35621219873428345,0.5384019017219543,0.7122806310653687,0.0659525990486145,0.4972972273826599,0.7259523272514343,-0.06582052260637283,0.6083584427833557,0.8310797214508057,0.027371026575565338,0.5830435156822205,0.8334368467330933,-0.13752023875713348,0.6325784921646118,0.8475679159164429,0.276525616645813,0.6260297894477844,0.8654050827026367,0.13744184374809265,0.6533473134040833,0.8460195660591125,0.3071996867656708,0.6302710771560669,0.8499818444252014,0.16506363451480865,0.6566930413246155,0.9004117250442505,0.29979488253593445,0.6945491433143616,0.8994662761688232,0.12392957508563995
leg raises_900041.jpg,0.5205036997795105,0.3758190870285034,-0.14379824697971344,0.5222533941268921,0.3585594892501831,-0.108577199280262,0.5245336890220642,0.3579126000404358,-0.10863582789897919,0.5268389582633972,0.35727739334106445,-0.10871636867523193,0.512809157371521,0.359313040971756,-0.12090381234884262,0.5081847906112671,0.3590473532676697,-0.12090171873569489,0.5028916597366333,0.35859107971191406,-0.12103099375963211,0.5252609848976135,0.3632141947746277,0.02198646031320095,0.48779594898223877,0.36438000202178955,-0.044473983347415924,0.5224310159683228,0.38982731103897095,-0.09648142755031586,0.5111839175224304,0.39015135169029236,-0.11141569167375565,0.5413863658905029,0.42130470275878906,0.007553648669272661,0.46179261803627014,0.4414328634738922,-0.09867090731859207,0.5517421364784241,0.29366928339004517,0.0005095266969874501,0.46527495980262756,0.3074534237384796,-0.2507072687149048,0.5621774792671204,0.15615175664424896,-0.06351450085639954,0.45463788509368896,0.20538796484470367,-0.28039345145225525,0.5641475319862366,0.13090908527374268,-0.09061457216739655,0.460597425699234,0.2050648331642151,-0.31667372584342957,0.5578129887580872,0.12734000384807587,-0.10057315975427628,0.45521265268325806,0.18410764634609222,-0.3007296025753021,0.5556064248085022,0.13636435568332672,-0.0767282173037529,0.45998817682266235,0.18588557839393616,-0.28145021200180054,0.5474726557731628,0.7102188467979431,0.054455433040857315,0.49685415625572205,0.7174834609031677,-0.05433236062526703,0.583739697933197,0.8749058246612549,0.06276290863752365,0.5571295022964478,0.8824260234832764,-0.07929961383342743,0.6009111404418945,0.9756770730018616,0.21459220349788666,0.616190493106842,0.992734432220459,0.037637945264577866,0.6064014434814453,1.0483616590499878,0.2292533963918686,0.6134027242660522,1.0649858713150024,0.043618734925985336,0.6398921608924866,1.0788966417312622,0.1118740513920784,0.6604732275009155,1.1195043325424194,-0.08902306109666824
leg raises_900051.jpg,0.5211163759231567,0.3746953010559082,-0.1056687980890274,0.5228007435798645,0.3593071401119232,-0.07506533712148666,0.5249974727630615,0.3590312600135803,-0.07511879503726959,0.5271884799003601,0.3587985634803772,-0.07518140971660614,0.5138083696365356,0.3591448962688446,-0.09231612831354141,0.5092578530311584,0.3588329255580902,-0.09229853749275208,0.5041922330856323,0.3587487041950226,-0.09240242093801498,0.5250577926635742,0.365833580493927,0.05491279065608978,0.4889049828052521,0.3672430217266083,-0.028134729713201523,0.5235828161239624,0.3920347988605499,-0.05714918673038483,0.5126515626907349,0.3910726010799408,-0.07953579723834991,0.5449289679527283,0.42788201570510864,0.10642657428979874,0.462289422750473,0.4418638348579407,-0.10532651096582413,0.5549908876419067,0.3069626986980438,0.07888807356357574,0.46840423345565796,0.3104866147041321,-0.2665306627750397,0.5637493133544922,0.17291833460330963,0.006125055253505707,0.4560796022415161,0.20595942437648773,-0.2739414572715759,0.5643957853317261,0.14638651907444,-0.01587759330868721,0.45241084694862366,0.18160468339920044,-0.3068227171897888,0.5603984594345093,0.14294572174549103,-0.029041506350040436,0.4541298747062683,0.18615993857383728,-0.29405778646469116,0.5590412616729736,0.151031032204628,-0.006665410939604044,0.46222224831581116,0.2099219411611557,-0.2741469442844391,0.5465695858001709,0.7152013778686523,0.05841058865189552,0.49636310338974,0.7212622761726379,-0.05825386941432953,0.5764610171318054,0.8876686096191406,0.08932557702064514,0.5514553785324097,0.910137414932251,-0.11327140033245087,0.5765794515609741,0.9971907734870911,0.21276883780956268,0.5747765302658081,1.1010435819625854,-0.03374730050563812,0.5699198246002197,1.0741190910339355,0.22394536435604095,0.5616034269332886,1.126171350479126,-0.03115217760205269,0.6187041401863098,1.104651689529419,0.11992181092500687,0.6260574460029602,1.174332618713379,-0.16966082155704498
leg raises_900061.jpg,0.5187464952468872,0.3797011077404022,-0.04838364198803902,0.5190389156341553,0.3643219769001007,-0.015529034659266472,0.5213344097137451,0.3640272319316864,-0.01554248295724392,0.523664116859436,0.3637648820877075,-0.01568063721060753,0.5099110007286072,0.3645070791244507,-0.030608896166086197,0.5052235722541809,0.36446765065193176,-0.03065957874059677,0.5002119541168213,0.364602267742157,-0.030703069642186165,0.5209075212478638,0.37046724557876587,0.12454154342412949,0.4848502278327942,0.3731902539730072,0.053384747356176376,0.5226510763168335,0.3965701758861542,0.00317009212449193,0.5111592411994934,0.3953718841075897,-0.01698862574994564,0.5454552173614502,0.42936596274375916,0.18112297356128693,0.4600597321987152,0.440857857465744,0.013190330937504768,0.5560060143470764,0.30904144048690796,0.1634567230939865,0.46213582158088684,0.3119039833545685,-0.042456261813640594,0.5649646520614624,0.17821373045444489,0.11286003142595291,0.4532225430011749,0.21348907053470612,0.08769626915454865,0.5647494792938232,0.1542889028787613,0.07570052891969681,0.4493851065635681,0.17976199090480804,0.07154566794633865,0.5591734051704407,0.15153919160366058,0.07158023864030838,0.45349279046058655,0.18091799318790436,0.08255456387996674,0.5583310723304749,0.1583356261253357,0.0989895686507225,0.4580520689487457,0.18778759241104126,0.08845642954111099,0.5446455478668213,0.7209056615829468,0.06175575777888298,0.4905672073364258,0.7254918217658997,-0.061510879546403885,0.5711879730224609,0.8884289860725403,0.06262433528900146,0.5405785441398621,0.9101554155349731,-0.08822724968194962,0.5616583228111267,0.9809863567352295,0.29363781213760376,0.5472972393035889,1.008993148803711,0.12744209170341492,0.5545774698257446,1.0005532503128052,0.313475102186203,0.5459326505661011,1.0218803882598877,0.14413771033287048,0.6033006310462952,1.088491678237915,0.20884442329406738,0.5864409804344177,1.1337896585464478,-3.2771444239187986e-05
leg raises_900071.jpg,0.5194020867347717,0.38069817423820496,-0.09076913446187973,0.5195260643959045,0.3654482960700989,-0.053655125200748444,0.5219510197639465,0.36535072326660156,-0.053490400314331055,0.5243237018585205,0.36526134610176086,-0.05349671468138695,0.5103256702423096,0.365144819021225,-0.04179013893008232,0.5057088732719421,0.365045428276062,-0.04255188629031181,0.5004885792732239,0.3651423156261444,-0.042992882430553436,0.5217398405075073,0.3718690574169159,0.09699428081512451,0.48444145917892456,0.37485867738723755,-0.02581155300140381,0.5236422419548035,0.39672601222991943,-0.041825708001852036,0.5123279690742493,0.3956625163555145,-0.031238915398716927,0.5452049970626831,0.4295974671840668,0.12553025782108307,0.46192893385887146,0.44376543164253235,-0.07398445904254913,0.5561023354530334,0.30847612023353577,0.08111691474914551,0.4673783481121063,0.3113856911659241,-0.18961022794246674,0.5632175803184509,0.17583662271499634,0.009318550117313862,0.45279306173324585,0.193251371383667,-0.024056928232312202,0.5637606382369995,0.15200874209403992,-0.027576148509979248,0.44900861382484436,0.16261443495750427,-0.15806755423545837,0.5571469068527222,0.14913500845432281,-0.033242370933294296,0.45358535647392273,0.15756697952747345,-0.19075755774974823,0.5548675656318665,0.15738119184970856,-0.004014681559056044,0.45746365189552307,0.16717492043972015,-0.10742700099945068,0.5423898100852966,0.7216973900794983,0.06842503696680069,0.4922444224357605,0.7258634567260742,-0.06820987164974213,0.5670301914215088,0.8837203979492188,0.12137140333652496,0.5359329581260681,0.9027628302574158,-0.06303641945123672,0.549015998840332,0.9680578708648682,0.33508235216140747,0.536905825138092,0.9964343309402466,0.09055706858634949,0.5401957035064697,0.9790703058242798,0.3505561649799347,0.5347588658332825,0.9945213198661804,0.10126905143260956,0.5938909649848938,1.06947660446167,0.25955837965011597,0.5755956172943115,1.119457721710205,-0.032826945185661316
leg raises_900081.jpg,0.5199155807495117,0.3840932250022888,-0.10074818134307861,0.5213872194290161,0.3667850196361542,-0.07023928314447403,0.5244290232658386,0.36666709184646606,-0.07022669911384583,0.5272151827812195,0.3665603697299957,-0.07031761109828949,0.5108298659324646,0.3661297559738159,-0.07924570888280869,0.5057526230812073,0.3657442629337311,-0.07947102189064026,0.4997953474521637,0.3655938506126404,-0.07963728904724121,0.5257507562637329,0.37292951345443726,0.06363749504089355,0.48274362087249756,0.37430340051651,-0.017841707915067673,0.5244846343994141,0.4006749093532562,-0.05217231065034866,0.5120092034339905,0.39955779910087585,-0.06519044935703278,0.5497286319732666,0.4299986958503723,0.11054478585720062,0.4577164053916931,0.45055752992630005,-0.06651971489191055,0.5595600605010986,0.3051625192165375,0.07075376063585281,0.46443694829940796,0.31726008653640747,-0.21150368452072144,0.5638383626937866,0.1680411696434021,0.004592441953718662,0.4559999406337738,0.1899283528327942,-0.18061961233615875,0.5644161701202393,0.14225585758686066,-0.03378242626786232,0.45279836654663086,0.158529132604599,-0.23236802220344543,0.5574017763137817,0.13876931369304657,-0.03867515176534653,0.4563330411911011,0.15421642363071442,-0.2286866307258606,0.5550718903541565,0.14630593359470367,-0.007663064636290073,0.45960959792137146,0.16049307584762573,-0.19600477814674377,0.5487402081489563,0.7293757200241089,0.06632815301418304,0.49298250675201416,0.7314352989196777,-0.0661277025938034,0.5653009414672852,0.8955190181732178,0.11896807700395584,0.5350134968757629,0.9150450229644775,-0.08447988331317902,0.5452883243560791,0.9837251305580139,0.3379884362220764,0.5311928391456604,1.0284050703048706,0.046479810029268265,0.542527437210083,1.053487777709961,0.3552943766117096,0.5212936997413635,1.095300316810608,0.05407550185918808,0.5847397446632385,1.0975396633148193,0.26117753982543945,0.5657653212547302,1.158645510673523,-0.08943012356758118
leg raises_900091.jpg,0.5188868045806885,0.3840995728969574,-0.08643165230751038,0.5201292037963867,0.36631736159324646,-0.05565725266933441,0.523124098777771,0.36605262756347656,-0.05567444860935211,0.5259973406791687,0.3658115267753601,-0.055784035474061966,0.5100780129432678,0.36607152223587036,-0.06847303360700607,0.5051433444023132,0.36596280336380005,-0.06852848082780838,0.499490350484848,0.3661174476146698,-0.06860064715147018,0.5248529314994812,0.3723107576370239,0.07931817322969437,0.48311975598335266,0.3756970167160034,0.012549322098493576,0.5237051248550415,0.40085569024086,-0.036643899977207184,0.5115348696708679,0.3996596038341522,-0.05399128422141075,0.5470095872879028,0.4304211437702179,0.1307218223810196,0.45972010493278503,0.44973406195640564,-0.033650144934654236,0.5594303607940674,0.30553218722343445,0.08795208483934402,0.46964791417121887,0.3255128860473633,-0.12156292051076889,0.5634797811508179,0.16841362416744232,0.018352558836340904,0.4608934819698334,0.22122478485107422,-0.025988463312387466,0.5629567503929138,0.14078186452388763,-0.010420670732855797,0.4546498954296112,0.19041889905929565,-0.047418948262929916,0.5571396946907043,0.1379995197057724,-0.016811897978186607,0.45836034417152405,0.18832488358020782,-0.03473559394478798,0.5557442903518677,0.14662966132164001,0.006929420866072178,0.463757187128067,0.21140064299106598,-0.025851892307400703,0.547882616519928,0.7288342118263245,0.06848148256540298,0.4966332018375397,0.732671856880188,-0.06829340010881424,0.5641650557518005,0.8859751224517822,0.09716878086328506,0.532004714012146,0.9123728275299072,-0.08484708517789841,0.5474746823310852,0.980399489402771,0.3045172095298767,0.5366666913032532,1.0184578895568848,0.06957091391086578,0.5495666861534119,1.0582029819488525,0.31940364837646484,0.5233859419822693,1.0960944890975952,0.07941027730703354,0.5920805335044861,1.0891801118850708,0.2318422943353653,0.5733951330184937,1.153885841369629,-0.06765326857566833
leg raises_900101.jpg,0.5193268060684204,0.3851088285446167,-0.10220721364021301,0.5208466649055481,0.36763471364974976,-0.07113846391439438,0.5239554643630981,0.36751097440719604,-0.07117835432291031,0.5268959403038025,0.36741119623184204,-0.07125134766101837,0.510309636592865,0.3673346936702728,-0.06933621317148209,0.505321741104126,0.36726200580596924,-0.06893254071474075,0.49963027238845825,0.3673989176750183,-0.06914913654327393,0.5260350704193115,0.37401238083839417,0.06287597119808197,0.4834577739238739,0.3772657513618469,-0.01589774899184704,0.5241591930389404,0.4015640318393707,-0.05372367426753044,0.5115172266960144,0.40047743916511536,-0.0569671168923378,0.5459021329879761,0.4308505654335022,0.10829070210456848,0.46536460518836975,0.44846484065055847,-0.0652192085981369,0.5581215620040894,0.3043579161167145,0.06655777990818024,0.471157968044281,0.3165283501148224,-0.187144935131073,0.5603793263435364,0.16850534081459045,-0.0182845126837492,0.4613702893257141,0.2008630782365799,-0.13035303354263306,0.5596179962158203,0.14130018651485443,-0.057652853429317474,0.4561164677143097,0.1716310977935791,-0.14666980504989624,0.5532665848731995,0.1391448676586151,-0.06333087384700775,0.45971280336380005,0.17061519622802734,-0.07986526936292648,0.5517244935035706,0.1466895043849945,-0.031233714893460274,0.46385666728019714,0.1858869194984436,-0.11711814254522324,0.5419014096260071,0.7263003587722778,0.07014212757349014,0.4981846511363983,0.7312548160552979,-0.06995400786399841,0.5650845170021057,0.8957192301750183,0.09466042369604111,0.5402594804763794,0.9186937808990479,-0.08579576015472412,0.5555626749992371,0.9843870401382446,0.21613743901252747,0.5461536645889282,1.0921975374221802,0.022583669051527977,0.5568370223045349,1.0758649110794067,0.2219521850347519,0.5357427000999451,1.1216399669647217,0.03098119981586933,0.5979779362678528,1.0945441722869873,0.1247933879494667,0.5835395455360413,1.1570379734039307,-0.07830426096916199
leg raises_900111.jpg,0.5189293026924133,0.38515743613243103,-0.14624182879924774,0.5201724171638489,0.36893290281295776,-0.11969791352748871,0.523139476776123,0.3689830005168915,-0.11985281854867935,0.5260415077209473,0.3689849078655243,-0.12002403289079666,0.510084867477417,0.3679324984550476,-0.12620821595191956,0.5051251649856567,0.3676043152809143,-0.12614545226097107,0.49951258301734924,0.36745119094848633,-0.12629152834415436,0.5243617296218872,0.37492799758911133,-0.002399010118097067,0.4828322231769562,0.37661078572273254,-0.05001417174935341,0.5232217311859131,0.4021757245063782,-0.10217536240816116,0.5103943943977356,0.40053701400756836,-0.11313247680664062,0.5444669723510742,0.42984503507614136,0.012317058630287647,0.4599247872829437,0.44837942719459534,-0.06775804609060287,0.557313859462738,0.304148405790329,-0.05767182260751724,0.4703698754310608,0.32405948638916016,-0.19918513298034668,0.5618598461151123,0.1664484143257141,-0.10305151343345642,0.4680436849594116,0.21706582605838776,-0.23076632618904114,0.561170220375061,0.13977323472499847,-0.12652243673801422,0.47104594111442566,0.19228683412075043,-0.26726391911506653,0.555118203163147,0.13723379373550415,-0.12753088772296906,0.4717841148376465,0.19240964949131012,-0.2315840721130371,0.553257405757904,0.14420150220394135,-0.11089090257883072,0.47259676456451416,0.2030954211950302,-0.22778256237506866,0.5376068949699402,0.7213627099990845,0.05114720016717911,0.4932965040206909,0.7264980673789978,-0.050984643399715424,0.5709173679351807,0.8805519342422485,0.07634622603654861,0.542928159236908,0.8804068565368652,-0.22123338282108307,0.5830758810043335,0.9678754806518555,0.26226866245269775,0.6104232668876648,1.0278735160827637,-0.16794729232788086,0.5922940373420715,1.0443414449691772,0.2792305648326874,0.6213626861572266,1.012311577796936,-0.1673617959022522,0.6166550517082214,1.0586795806884766,0.19222170114517212,0.6518973708152771,1.0213040113449097,-0.31174933910369873
leg raises_900121.jpg,0.5199022889137268,0.38357460498809814,-0.2343236654996872,0.5209293365478516,0.3672941327095032,-0.2124214619398117,0.5236801505088806,0.36742091178894043,-0.21248163282871246,0.5264396071434021,0.36751648783683777,-0.21265462040901184,0.5111970901489258,0.3663686513900757,-0.23222646117210388,0.5064849853515625,0.36621081829071045,-0.23216305673122406,0.5010562539100647,0.36618572473526,-0.2321750521659851,0.5242992043495178,0.374226450920105,-0.10408063232898712,0.48384714126586914,0.3759380877017975,-0.1951611340045929,0.5237971544265747,0.4013969302177429,-0.19075818359851837,0.5114336013793945,0.40034693479537964,-0.217227041721344,0.5381697416305542,0.42532241344451904,-0.036528121680021286,0.46500661969184875,0.4474354684352875,-0.2539660334587097,0.556880533695221,0.3067931830883026,-0.04367196932435036,0.48272594809532166,0.32918378710746765,-0.376258909702301,0.560664713382721,0.1676444411277771,-0.09225050359964371,0.49541759490966797,0.2073306441307068,-0.3423677086830139,0.5617921352386475,0.1400664895772934,-0.10432584583759308,0.4916643500328064,0.1835417002439499,-0.35985028743743896,0.5560502409934998,0.1367918699979782,-0.10881034284830093,0.49525803327560425,0.18098750710487366,-0.33741042017936707,0.5542154312133789,0.14366324245929718,-0.1007961854338646,0.4938185513019562,0.19258035719394684,-0.3358050584793091,0.5333899259567261,0.7167432308197021,0.07575491070747375,0.4937673807144165,0.7264273166656494,-0.07594005763530731,0.625116765499115,0.8069251775741577,0.07385696470737457,0.598528265953064,0.8300899863243103,-0.19251547753810883,0.584095299243927,0.8310238122940063,0.3059554398059845,0.5968084931373596,0.8541580438613892,0.1328698843717575,0.5828288793563843,0.8271690607070923,0.3345252275466919,0.6093733310699463,0.837311863899231,0.1735868901014328,0.6037113666534424,0.8742121458053589,0.3756243884563446,0.6354162693023682,0.8731666803359985,0.214975044131279
leg raises_900131.jpg,0.5193008184432983,0.3783420920372009,-0.23174874484539032,0.519920289516449,0.36175820231437683,-0.21138213574886322,0.5226537585258484,0.36189624667167664,-0.21148426830768585,0.5254804491996765,0.3619343340396881,-0.21164727210998535,0.5104330778121948,0.36113157868385315,-0.22934852540493011,0.5057247281074524,0.3610944449901581,-0.22945228219032288,0.5003999471664429,0.3611213266849518,-0.22952403128147125,0.5238173604011536,0.37009721994400024,-0.10380666702985764,0.4834004342556,0.3718014657497406,-0.19049017131328583,0.5234400033950806,0.39717745780944824,-0.18995968997478485,0.5109778642654419,0.39604976773262024,-0.2152833342552185,0.5358933806419373,0.4238625764846802,-0.061751313507556915,0.4638749659061432,0.44272103905677795,-0.2361859232187271,0.5591298937797546,0.308195024728775,-0.09079833328723907,0.4784843325614929,0.32578936219215393,-0.36329707503318787,0.5610350370407104,0.1697903275489807,-0.13642390072345734,0.4803738296031952,0.2026483714580536,-0.3494976758956909,0.5621017813682556,0.14115788042545319,-0.1409418135881424,0.4784975051879883,0.17898981273174286,-0.3693631589412689,0.5568208694458008,0.13744308054447174,-0.14593641459941864,0.48082810640335083,0.17818357050418854,-0.34102344512939453,0.5549262762069702,0.14559398591518402,-0.14284221827983856,0.48122185468673706,0.18877075612545013,-0.3416087031364441,0.5324613451957703,0.7055529952049255,0.07446088641881943,0.4933834671974182,0.7245306372642517,-0.07457052916288376,0.6192429065704346,0.7021194696426392,0.09223364293575287,0.5390117168426514,0.7599815130233765,-0.4004191756248474,0.597694993019104,0.7323265075683594,0.3022873103618622,0.6020287275314331,0.7277379631996155,-0.15116016566753387,0.5935792326927185,0.7382868528366089,0.31989815831184387,0.6039749383926392,0.7368302345275879,-0.11909999698400497,0.6058527827262878,0.7329466342926025,0.3188127875328064,0.6537296175956726,0.7113714218139648,-0.10916904360055923
leg raises_900141.jpg,0.5181141495704651,0.373770534992218,-0.19894777238368988,0.5189155340194702,0.3574146628379822,-0.17620894312858582,0.5217904448509216,0.35756540298461914,-0.17628851532936096,0.5247934460639954,0.3575718402862549,-0.17642398178577423,0.509183943271637,0.35702675580978394,-0.1929868906736374,0.5043712258338928,0.35714370012283325,-0.19300416111946106,0.4990493655204773,0.3573248088359833,-0.19305674731731415,0.5236960649490356,0.3664344251155853,-0.05906159058213234,0.48238128423690796,0.3690928518772125,-0.14523866772651672,0.5226937532424927,0.39313575625419617,-0.1526584029197693,0.5098686814308167,0.39179179072380066,-0.17714619636535645,0.5370066165924072,0.4238404929637909,-0.021163539960980415,0.46231427788734436,0.4411599338054657,-0.19653646647930145,0.5601405501365662,0.3094136416912079,-0.06169823929667473,0.4749240279197693,0.33023345470428467,-0.32286450266838074,0.5639086365699768,0.17023096978664398,-0.10500064492225647,0.4741526246070862,0.21881569921970367,-0.30478721857070923,0.5650783777236938,0.1432473212480545,-0.10889814049005508,0.4726240336894989,0.18827544152736664,-0.32977095246315,0.5600758194923401,0.13879439234733582,-0.1140875294804573,0.4747271239757538,0.19617801904678345,-0.321220725774765,0.5583531856536865,0.14747197926044464,-0.1124950647354126,0.47574561834335327,0.20736272633075714,-0.3002071678638458,0.5357456803321838,0.6991477608680725,0.06765075773000717,0.4955376386642456,0.7231505513191223,-0.06766899675130844,0.6140849590301514,0.6474096179008484,0.09256242960691452,0.5294134616851807,0.7729469537734985,-0.31733763217926025,0.5971842408180237,0.7002938389778137,0.16198638081550598,0.5915667414665222,0.712807297706604,-0.057134415954351425,0.5894497036933899,0.7090590000152588,0.16960908472537994,0.5910250544548035,0.6982699036598206,-0.00544320372864604,0.5838498473167419,0.7024263739585876,0.20605963468551636,0.6408677697181702,0.6856659650802612,0.029691969975829124
leg raises_900151.jpg,0.5185567736625671,0.3736259341239929,-0.2046770453453064,0.5197396874427795,0.357001930475235,-0.1820852905511856,0.5227721333503723,0.3570411801338196,-0.18218094110488892,0.5258424878120422,0.35691460967063904,-0.1823480725288391,0.5095348954200745,0.3568159341812134,-0.20114938914775848,0.5045838952064514,0.35696929693222046,-0.20125283300876617,0.4990581274032593,0.35715022683143616,-0.20133021473884583,0.5253266096115112,0.3655545115470886,-0.07348085939884186,0.48214399814605713,0.3689228892326355,-0.16529737412929535,0.5234232544898987,0.39329296350479126,-0.16353684663772583,0.5102826356887817,0.39201977849006653,-0.19039060175418854,0.5395573973655701,0.4236486256122589,-0.0487159863114357,0.46082592010498047,0.44091394543647766,-0.21582044661045074,0.5602278113365173,0.3087117373943329,-0.10099392384290695,0.472954660654068,0.3298564553260803,-0.31767958402633667,0.5643250346183777,0.16952843964099884,-0.14731425046920776,0.4725489616394043,0.22034329175949097,-0.30426791310310364,0.5657081007957458,0.14235003292560577,-0.14929255843162537,0.4692026376724243,0.18142248690128326,-0.30464887619018555,0.5611370205879211,0.13871465623378754,-0.15179313719272614,0.47156602144241333,0.187885120511055,-0.2786642909049988,0.5592234134674072,0.14743934571743011,-0.15350478887557983,0.47298291325569153,0.19940131902694702,-0.28724491596221924,0.5416356921195984,0.6932480335235596,0.06095985323190689,0.4949635863304138,0.7223798036575317,-0.060830388218164444,0.6184507012367249,0.6375401020050049,0.03005598857998848,0.5091605186462402,0.7282344102859497,-0.3524283766746521,0.588590681552887,0.6852476000785828,0.04879065603017807,0.5701956152915955,0.7104113101959229,-0.10005810856819153,0.5820848345756531,0.6889759302139282,0.052906669676303864,0.5692921876907349,0.6889877319335938,-0.06556074321269989,0.5627321600914001,0.686339795589447,0.07666625827550888,0.6159932017326355,0.6849504709243774,-0.010351014323532581
leg raises_900161.jpg,0.5175237655639648,0.3732280731201172,-0.19463014602661133,0.5187753438949585,0.35661399364471436,-0.1694805920124054,0.5218725800514221,0.35655567049980164,-0.16956788301467896,0.5250864624977112,0.35633179545402527,-0.16972194612026215,0.5085129141807556,0.35668736696243286,-0.18818971514701843,0.5035691857337952,0.3568670153617859,-0.18822994828224182,0.4980723261833191,0.3570602536201477,-0.1882784366607666,0.5254566669464111,0.3648940324783325,-0.059143658727407455,0.48169177770614624,0.3683893084526062,-0.14767423272132874,0.5223700404167175,0.39296668767929077,-0.14952288568019867,0.5091741681098938,0.3913760781288147,-0.1754256784915924,0.5395752787590027,0.42504480481147766,-0.03490805625915527,0.4596783220767975,0.4408368766307831,-0.19487157464027405,0.5589092373847961,0.31093892455101013,-0.0810057669878006,0.47206518054008484,0.339072048664093,-0.24433203041553497,0.5652655959129333,0.1720520406961441,-0.12001655995845795,0.4709795415401459,0.2275361567735672,-0.15166907012462616,0.5673937201499939,0.14654546976089478,-0.12247666716575623,0.47156885266304016,0.2016419917345047,-0.15042556822299957,0.5634918808937073,0.14358089864253998,-0.12326916307210922,0.4718397557735443,0.20359793305397034,-0.1251651644706726,0.5615047216415405,0.15070046484470367,-0.12460965663194656,0.4725692868232727,0.21373732388019562,-0.1403995007276535,0.5401535630226135,0.6929851770401001,0.05651286616921425,0.4935312867164612,0.7219313979148865,-0.0563853457570076,0.6140775680541992,0.6478759050369263,0.03579508513212204,0.5004014372825623,0.7123667597770691,-0.33924445509910583,0.5894098877906799,0.6659307479858398,0.07001408189535141,0.5650699734687805,0.6941356062889099,-0.11328289657831192,0.5849853157997131,0.6699764728546143,0.07896523177623749,0.5607886910438538,0.673990786075592,-0.08328992873430252,0.5755956768989563,0.6593803763389587,0.0991000086069107,0.6166951060295105,0.6743482351303101,-0.06373900920152664
leg raises_900171.jpg,0.5170177221298218,0.37280333042144775,-0.13810141384601593,0.5182204842567444,0.356320858001709,-0.120575912296772,0.5212727189064026,0.3562217652797699,-0.12067265808582306,0.5244616270065308,0.3559507727622986,-0.12079901248216629,0.5080365538597107,0.356717050075531,-0.1358979195356369,0.5031098127365112,0.35709282755851746,-0.13603897392749786,0.49767905473709106,0.35750120878219604,-0.13612936437129974,0.5246784090995789,0.36482521891593933,-0.031860556453466415,0.48148220777511597,0.3697231411933899,-0.11179942637681961,0.5220519304275513,0.3924126625061035,-0.10348439961671829,0.508848249912262,0.3912201225757599,-0.12679646909236908,0.5392623543739319,0.4259130358695984,-0.02652064338326454,0.45905646681785583,0.4422765374183655,-0.14532610774040222,0.5586307644844055,0.3127685487270355,-0.06246015802025795,0.47111034393310547,0.3428875505924225,-0.22519393265247345,0.5663521885871887,0.17567265033721924,-0.0987570583820343,0.46860697865486145,0.22192172706127167,-0.20006980001926422,0.5692299008369446,0.1517486274242401,-0.08759285509586334,0.46597403287887573,0.19584675133228302,-0.21211378276348114,0.5649521946907043,0.14833103120326996,-0.08456581085920334,0.4671359956264496,0.19577503204345703,-0.18887999653816223,0.5626167058944702,0.1548094004392624,-0.09317532926797867,0.46958762407302856,0.2075420320034027,-0.19247354567050934,0.5388787984848022,0.6926917433738708,0.058461520820856094,0.4928763210773468,0.7215306758880615,-0.05834680050611496,0.6084922552108765,0.662421464920044,0.24796651303768158,0.5042399764060974,0.7016127705574036,-0.45766156911849976,0.5983331203460693,0.6340889930725098,0.34067267179489136,0.5666946172714233,0.6663571000099182,-0.5262948870658875,0.6008796095848083,0.6398859620094299,0.3502691388130188,0.5725135207176208,0.6568189263343811,-0.531868577003479,0.5860698819160461,0.6034031510353088,0.352688729763031,0.6173909306526184,0.6365119218826294,-0.6339027881622314
leg raises_900181.jpg,0.5167571306228638,0.3739848732948303,-0.206313818693161,0.5178320407867432,0.35788774490356445,-0.18315717577934265,0.5208280682563782,0.35773709416389465,-0.18322931230068207,0.5239626169204712,0.3575051724910736,-0.18337194621562958,0.5079227089881897,0.35864076018333435,-0.20386821031570435,0.5030881762504578,0.3591509163379669,-0.20386876165866852,0.4977560341358185,0.35981670022010803,-0.20389042794704437,0.5239051580429077,0.3665330111980438,-0.07407329976558685,0.4821242690086365,0.37240251898765564,-0.1695859134197235,0.5217926502227783,0.39275702834129333,-0.16327659785747528,0.5088678002357483,0.3920687437057495,-0.1913449764251709,0.5383910536766052,0.425753653049469,-0.02045753411948681,0.4620753824710846,0.4426060616970062,-0.2240440994501114,0.5580719709396362,0.31212982535362244,-0.03947823867201805,0.4731241464614868,0.3385251462459564,-0.315416544675827,0.5654495358467102,0.1771785467863083,-0.09216789901256561,0.46791452169418335,0.22103963792324066,-0.25925251841545105,0.5682271718978882,0.15252554416656494,-0.0863351821899414,0.4626546800136566,0.1910514235496521,-0.2684876024723053,0.5636489391326904,0.1487458348274231,-0.0867776870727539,0.46508243680000305,0.1936846226453781,-0.2482757866382599,0.5613749623298645,0.15568076074123383,-0.09083430469036102,0.4687001407146454,0.2043280005455017,-0.25157612562179565,0.5351843237876892,0.6964234113693237,0.06572051346302032,0.4923410713672638,0.7224409580230713,-0.06584303826093674,0.6189166307449341,0.7776135802268982,0.09863059222698212,0.5754138231277466,0.7754705548286438,-0.29915720224380493,0.5962132215499878,0.7107584476470947,0.28660276532173157,0.5929053425788879,0.6886729598045349,0.09464535862207413,0.5971505641937256,0.6521840691566467,0.3105478286743164,0.5826081037521362,0.6647859811782837,0.14068128168582916,0.6060865521430969,0.7531379461288452,0.3670218586921692,0.6221238374710083,0.6616817116737366,0.2162928730249405
leg raises_900191.jpg,0.5180873274803162,0.37674763798713684,-0.15377961099147797,0.5193270444869995,0.3599860668182373,-0.12450695037841797,0.5223487019538879,0.35974806547164917,-0.12459738552570343,0.5253518223762512,0.3595512807369232,-0.12471674382686615,0.5091909170150757,0.3608223795890808,-0.13679476082324982,0.5045409798622131,0.3613276481628418,-0.13676628470420837,0.4991248548030853,0.3621750771999359,-0.13681678473949432,0.5256984829902649,0.36833077669143677,0.0006966206710785627,0.48357152938842773,0.3747473955154419,-0.05537364259362221,0.5232323408126831,0.3943544924259186,-0.10697320103645325,0.5108248591423035,0.39443355798721313,-0.12329418957233429,0.5459980368614197,0.42771831154823303,0.0354435108602047,0.4622088074684143,0.44578659534454346,-0.1085093766450882,0.5608471035957336,0.31134161353111267,-0.01101336907595396,0.4724022448062897,0.33607009053230286,-0.26021119952201843,0.5657262802124023,0.17619222402572632,-0.09084920585155487,0.4668130874633789,0.21590253710746765,-0.2735156714916229,0.5680782794952393,0.15241895616054535,-0.10091103613376617,0.46135637164115906,0.18959219753742218,-0.3099846839904785,0.5625665783882141,0.1484808772802353,-0.10515347123146057,0.4646715223789215,0.18373113870620728,-0.29401323199272156,0.5603864192962646,0.15489530563354492,-0.08928924053907394,0.4685073494911194,0.1871342808008194,-0.2733144462108612,0.5435695052146912,0.7072106003761292,0.058400217443704605,0.4944174587726593,0.7226898074150085,-0.05831390619277954,0.588679850101471,0.8669112324714661,0.0730120912194252,0.5588745474815369,0.870063841342926,-0.08103916049003601,0.5950429439544678,0.9714090824127197,0.20976798236370087,0.6016588807106018,0.986443817615509,0.04307706654071808,0.5957497358322144,0.9738160967826843,0.2174084633588791,0.5934804677963257,1.054961085319519,0.051975980401039124,0.6215856671333313,1.0618184804916382,0.10916159301996231,0.641086220741272,1.096436858177185,0.08288785070180893
leg raises_900201.jpg,0.5201295018196106,0.37745824456214905,-0.1483859419822693,0.5213064551353455,0.3605823218822479,-0.12052059173583984,0.5241984724998474,0.3603510856628418,-0.12058861553668976,0.5270076394081116,0.3601932227611542,-0.12066718935966492,0.5109665393829346,0.3614020049571991,-0.13583128154277802,0.5065089464187622,0.3619042634963989,-0.13576945662498474,0.5010963678359985,0.36274516582489014,-0.13580593466758728,0.5269489884376526,0.36897599697113037,0.004336915910243988,0.48518577218055725,0.37523218989372253,-0.06739696115255356,0.5251451730728149,0.39468657970428467,-0.10154739022254944,0.513130784034729,0.39509013295173645,-0.1217898577451706,0.5476909875869751,0.4280979633331299,0.060789454728364944,0.4648895561695099,0.4453677833080292,-0.1314300000667572,0.5614196062088013,0.31059759855270386,0.039174482226371765,0.4719434380531311,0.32682159543037415,-0.29631859064102173,0.5650652647018433,0.1749276965856552,-0.07779336720705032,0.46581345796585083,0.1935553252696991,-0.32053878903388977,0.5673651099205017,0.15015415847301483,-0.10196856409311295,0.46056506037712097,0.16638928651809692,-0.3566906154155731,0.5616101622581482,0.14704543352127075,-0.11027924716472626,0.4645942449569702,0.1604447215795517,-0.3482675850391388,0.5594884157180786,0.1529412418603897,-0.08718283474445343,0.4682338535785675,0.16399136185646057,-0.32248547673225403,0.5446338057518005,0.7147737145423889,0.07589308172464371,0.49553409218788147,0.7239695191383362,-0.07569785416126251,0.5750969052314758,0.8916178345680237,0.08733761310577393,0.5519019365310669,0.9079455137252808,-0.10746590048074722,0.5786300301551819,1.0458308458328247,0.20478439331054688,0.5698361992835999,1.097758412361145,-0.018964702263474464,0.5705643892288208,1.0690324306488037,0.2089279592037201,0.555990993976593,1.1235833168029785,0.0009625517413951457,0.6173444390296936,1.0986080169677734,0.1129796952009201,0.6231451630592346,1.165334701538086,-0.1515657603740692
leg raises_g1.jpg,,,,,,,,,,,,,,,,,,,,,,,,,,,,,,,,,,,,,,,,,,,,,,,,,,,,,,,,,,,,,,,,,,,,,,,,,,,,,,,,,,,,,,,,,,,,,,,,,,,
leg raises_g10.jpg,0.41634613275527954,0.3179578185081482,-0.29775863885879517,0.4137437343597412,0.3063690662384033,-0.25472888350486755,0.41919583082199097,0.3071032762527466,-0.2549811005592346,0.42516928911209106,0.30798178911209106,-0.25514668226242065,0.39594849944114685,0.307852178812027,-0.28283992409706116,0.3888610303401947,0.30974820256233215,-0.28312161564826965,0.3815648555755615,0.31198209524154663,-0.2832285165786743,0.41983985900878906,0.3267853856086731,-0.04302937537431717,0.35759422183036804,0.33210358023643494,-0.17387136816978455,0.4276720881462097,0.3394816815853119,-0.21924841403961182,0.4064297080039978,0.34158408641815186,-0.25783878564834595,0.49092957377433777,0.3947978615760803,0.02583002857863903,0.323456346988678,0.4053065776824951,-0.3220820128917694,0.5305144786834717,0.27774783968925476,-0.13993754982948303,0.36598438024520874,0.2843344211578369,-0.7537177205085754,0.5546852350234985,0.1539405882358551,-0.29413315653800964,0.3639228343963623,0.13030165433883667,-0.8832195997238159,0.5670191645622253,0.13520553708076477,-0.3290279805660248,0.3580380380153656,0.10396039485931396,-0.9662296175956726,0.5430372357368469,0.1310356855392456,-0.3369394540786743,0.3705226480960846,0.10208302736282349,-0.90316241979599,0.5293967723846436,0.13455215096473694,-0.3074723482131958,0.3786465525627136,0.11070132255554199,-0.8715558052062988,0.5017649531364441,0.6514472961425781,0.1679385006427765,0.4034994840621948,0.6745817065238953,-0.1666017323732376,0.6262398362159729,0.5807481408119202,-0.2539457082748413,0.5731940269470215,0.5928753614425659,-0.707223117351532,0.8223051428794861,0.5873902440071106,-0.5776406526565552,0.7933157682418823,0.5965203046798706,-1.0323413610458374,0.8586838841438293,0.6130005717277527,-0.614665687084198,0.8277241587638855,0.6484846472740173,-1.071603775024414,0.8550431728363037,0.5181095600128174,-0.7901754975318909,0.8971544504165649,0.5291653871536255,-1.3238000869750977
leg raises_g11.jpg,0.47478795051574707,0.4422006607055664,-0.19035616517066956,0.4821814000606537,0.44161784648895264,-0.15889519453048706,0.48736459016799927,0.4407006800174713,-0.15894746780395508,0.49159568548202515,0.43848085403442383,-0.1592695415019989,0.4495619535446167,0.4221779406070709,-0.16733700037002563,0.4399118423461914,0.42185428738594055,-0.16703997552394867,0.42883893847465515,0.41818374395370483,-0.16738654673099518,0.48831674456596375,0.45832061767578125,0.032080378383398056,0.4069773256778717,0.45824313163757324,-0.0048344312235713005,0.47521835565567017,0.462259441614151,-0.11562260240316391,0.44307976961135864,0.4574298858642578,-0.1268284022808075,0.5694653391838074,0.56047523021698,0.126011922955513,0.3618280589580536,0.5155519843101501,0.021863697096705437,0.64507657289505,0.5561835765838623,0.04939031973481178,0.31275123357772827,0.3659431040287018,-0.04957049712538719,0.6276931762695312,0.3442794680595398,-0.06713744252920151,0.26744911074638367,0.16531741619110107,-0.03654037043452263,0.626217246055603,0.31169912219047546,-0.12110865116119385,0.24711672961711884,0.1278589814901352,-0.0616304986178875,0.6074056029319763,0.27235978841781616,-0.12002750486135483,0.24648897349834442,0.11708898097276688,-0.06344833970069885,0.6004296541213989,0.2861688435077667,-0.07689310610294342,0.25339457392692566,0.12671050429344177,-0.04228208586573601,0.6260070204734802,0.9661964774131775,0.05547398701310158,0.4822581112384796,0.9635053873062134,-0.054852552711963654,0.7080143690109253,1.4493650197982788,0.026359373703598976,0.5849549770355225,1.4613622426986694,-0.044053614139556885,0.7849913835525513,1.8824506998062134,0.226457417011261,0.6615340709686279,1.9220774173736572,0.044236842542886734,0.7837023735046387,1.9417084455490112,0.23848789930343628,0.6717437505722046,2.018688678741455,0.041443340480327606,0.8191561698913574,2.0292913913726807,-0.006934663280844688,0.6945281624794006,2.045583724975586,-0.30469024181365967
leg raises_g12.jpg,0.4948291480541229,0.2536810040473938,-0.22486907243728638,0.5060412287712097,0.22098392248153687,-0.19911547005176544,0.5154824256896973,0.2216230183839798,-0.19915689527988434,0.5250498056411743,0.22203120589256287,-0.19956782460212708,0.47911110520362854,0.21688996255397797,-0.1920095831155777,0.4711836874485016,0.21549904346466064,-0.19172827899456024,0.46311724185943604,0.21394146978855133,-0.19208908081054688,0.5345926284790039,0.23652537167072296,0.01038619875907898,0.45952218770980835,0.22480078041553497,0.005840781610459089,0.513988196849823,0.29308539628982544,-0.15819700062274933,0.4845270812511444,0.28316381573677063,-0.14948533475399017,0.5874527096748352,0.3999217450618744,0.019720055162906647,0.4708801209926605,0.37122341990470886,0.071604885160923,0.6403456330299377,0.36245542764663696,0.007589692249894142,0.36349186301231384,0.1948920339345932,-0.045776594430208206,0.6144269108772278,0.11981943249702454,-0.1916598230600357,0.32987532019615173,-0.07688067108392715,-0.12162517756223679,0.6135419607162476,0.0646277591586113,-0.26364806294441223,0.32020798325538635,-0.14771625399589539,-0.16728273034095764,0.6116620898246765,0.02414756454527378,-0.2641131281852722,0.31688380241394043,-0.14608018100261688,-0.1741822510957718,0.6025063991546631,0.04402416944503784,-0.20427779853343964,0.3299560248851776,-0.11769521236419678,-0.13778017461299896,0.6197121143341064,0.8740211725234985,0.0009547632653266191,0.5343115925788879,0.8643020391464233,-0.0004382304032333195,0.6870995759963989,1.3736437559127808,-0.007060197647660971,0.5541993379592896,1.4054819345474243,-0.012781611643731594,0.7093893885612488,1.8366295099258423,0.10069965571165085,0.6054298877716064,1.9004613161087036,0.0018338701920583844,0.7039703130722046,1.8954163789749146,0.10596559941768646,0.617773711681366,1.9595519304275513,-0.005819035228341818,0.7363752722740173,2.0064890384674072,-0.07105771452188492,0.6332428455352783,2.061251401901245,-0.25154298543930054
leg raises_g13.jpg,0.5464504361152649,0.42677828669548035,-0.589361846446991,0.5384982824325562,0.37553808093070984,-0.40905892848968506,0.5385827422142029,0.37283986806869507,-0.40745773911476135,0.5317822098731995,0.37199363112449646,-0.404109388589859,0.48064467310905457,0.4023903012275696,-0.5428628921508789,0.4804840087890625,0.40381017327308655,-0.543079674243927,0.4270898997783661,0.4256832003593445,-0.5431724786758423,0.4877120852470398,0.40925323963165283,-0.3132680058479309,0.3539230525493622,0.4681229889392853,-0.19238755106925964,0.5802268385887146,0.4496005177497864,-0.3251332938671112,0.5168556571006775,0.4905894100666046,-0.46158653497695923,0.6111135482788086,0.5279896855354309,-0.23093128204345703,0.03815671429038048,0.8256019353866577,-0.15263304114341736,0.8577776551246643,0.6608588099479675,-0.01267379242926836,0.073152095079422,1.2019225358963013,-0.0007987025310285389,0.921082615852356,0.5683261752128601,-0.24363376200199127,0.035008613020181656,1.403955340385437,-0.25588029623031616,0.9771209955215454,0.6023702621459961,-0.32939332723617554,0.006986544467508793,1.4856675863265991,-0.2916732728481293,0.9353674054145813,0.5885741114616394,-0.37616950273513794,-0.00464600557461381,1.4512890577316284,-0.4596157968044281,0.898505449295044,0.6012581586837769,-0.2740790545940399,0.022893542423844337,1.407866358757019,-0.33818545937538147,0.5862047076225281,1.2736896276474,0.013803397305309772,0.19749535620212555,1.4318957328796387,-0.01189165748655796,0.6075212955474854,1.7370853424072266,0.016362657770514488,0.20081168413162231,1.6004475355148315,0.01810373179614544,0.6493948101997375,2.002908229827881,0.7506378293037415,0.29843005537986755,2.358447790145874,0.3755512535572052,0.639457106590271,2.070450782775879,0.7888047695159912,0.27517834305763245,2.299250602722168,0.3835175633430481,0.744721531867981,2.3898463249206543,0.1262025088071823,0.4688347280025482,2.5664803981781006,-0.48926451802253723
leg raises_g14.jpg,0.563464343547821,0.6337197422981262,-0.8211891055107117,0.5653849244117737,0.6046703457832336,-0.9107497334480286,0.5823917984962463,0.6001479625701904,-0.9110594391822815,0.5985413789749146,0.5965436697006226,-0.9115292429924011,0.46328258514404297,0.6256756782531738,-0.9393544793128967,0.3831425905227661,0.635181725025177,-0.939301073551178,0.36685600876808167,0.6454996466636658,-0.9406719207763672,0.5954921245574951,0.6397449970245361,-1.0013110637664795,0.1560564935207367,0.7107633352279663,-1.1025550365447998,0.568107545375824,0.6688997745513916,-0.8049982786178589,0.4593764841556549,0.690025806427002,-0.8364270925521851,0.734431803226471,0.8139182329177856,-0.8756682276725769,0.4469056725502014,0.9619594812393188,-0.7977975606918335,0.7962238788604736,0.9683194160461426,-0.49789005517959595,0.4696008265018463,1.4065312147140503,-0.5783675909042358,0.7725584506988525,1.1695430278778076,-0.19567827880382538,0.4222709834575653,1.568497657775879,-0.3946225941181183,0.7704660296440125,1.1908249855041504,-0.26911431550979614,0.3961140513420105,1.609608769416809,-0.3875434100627899,0.7568323016166687,1.1207001209259033,-0.26836124062538147,0.3872219920158386,1.6052817106246948,-0.4485127627849579,0.7481720447540283,1.106289267539978,-0.22152160108089447,0.4037435054779053,1.5778913497924805,-0.4180353879928589,0.7812985181808472,1.7519659996032715,-0.09901673346757889,0.5939896106719971,1.7826848030090332,0.09957441687583923,0.7665162086486816,1.519058346748352,0.861653745174408,0.5813458561897278,1.4163357019424438,1.1539441347122192,0.7501007318496704,1.6586631536483765,2.4153878688812256,0.7402737736701965,1.577703833580017,2.553704261779785,0.7609089016914368,1.651877760887146,2.5644404888153076,0.7654798030853271,1.5562717914581299,2.7096683979034424,0.6785481572151184,1.9520301818847656,2.3675882816314697,0.7097281217575073,1.7915247678756714,2.614990472793579
leg raises_g15.jpg,0.6059147119522095,-0.005818574223667383,-0.3132892847061157,0.620949923992157,-0.07813917100429535,-0.3139125406742096,0.6374865770339966,-0.08373787254095078,-0.3145574927330017,0.6539511680603027,-0.08884945511817932,-0.3155052959918976,0.5721735954284668,-0.06243704631924629,-0.2970976233482361,0.5500267148017883,-0.05713935196399689,-0.29735463857650757,0.5340646505355835,-0.051627207547426224,-0.2987472712993622,0.6807669997215271,-0.0667630210518837,-0.14995333552360535,0.5002990961074829,-0.019653063267469406,-0.058621566742658615,0.6445274353027344,0.040673740208148956,-0.22793318331241608,0.5793873071670532,0.060937948524951935,-0.20486107468605042,0.829349160194397,0.15310995280742645,-0.13057035207748413,0.46535199880599976,0.2810491919517517,0.19514453411102295,0.8457828760147095,0.545185923576355,-0.15768006443977356,0.46779873967170715,0.7255684733390808,0.6347014904022217,0.7607455253601074,0.6616908311843872,-0.30836546421051025,0.4811009466648102,1.2719646692276,0.9394664168357849,0.7266275882720947,0.7287592887878418,-0.36950287222862244,0.4891034960746765,1.131178617477417,0.9723533391952515,0.7090169787406921,0.6395979523658752,-0.37296703457832336,0.44163861870765686,1.632981300354004,0.9528508186340332,0.7099676132202148,0.6249633431434631,-0.32659977674484253,0.493384450674057,1.4162724018096924,0.9414204359054565,0.8139522671699524,1.0814878940582275,-0.0878354087471962,0.5772858262062073,1.1480995416641235,0.08827947825193405,0.7723489999771118,1.6927868127822876,0.26774367690086365,0.5750427842140198,1.698244333267212,0.3819330334663391,0.8356037735939026,2.203371524810791,0.8480992913246155,0.6701911687850952,2.291489839553833,0.9504461884498596,0.8647972345352173,2.280611753463745,0.9073270559310913,0.6966787576675415,2.3430967330932617,1.0440623760223389,0.815746009349823,2.4614226818084717,0.7268827557563782,0.6752809286117554,2.5495405197143555,0.7243120074272156
leg raises_g16.jpg,,,,,,,,,,,,,,,,,,,,,,,,,,,,,,,,,,,,,,,,,,,,,,,,,,,,,,,,,,,,,,,,,,,,,,,,,,,,,,,,,,,,,,,,,,,,,,,,,,,
leg raises_g17.jpg,0.8438520431518555,0.4086652994155884,-0.127904012799263,0.8543097376823425,0.3869088888168335,-0.1203465610742569,0.8596237301826477,0.3856883943080902,-0.12039777636528015,0.8650522828102112,0.38481515645980835,-0.12056013941764832,0.8434851765632629,0.3909843862056732,-0.09570480138063431,0.8410353660583496,0.392391175031662,-0.0957537442445755,0.8389619588851929,0.3938756585121155,-0.09583699703216553,0.8826664090156555,0.39091047644615173,-0.0639546662569046,0.8534162640571594,0.401032030582428,0.053759653121232986,0.8569510579109192,0.42741405963897705,-0.10304523259401321,0.843755841255188,0.4311126470565796,-0.0688534751534462,0.9281831979751587,0.46410781145095825,-0.12431450188159943,0.84194016456604,0.4875454306602478,0.15946897864341736,0.9059077501296997,0.2916138172149658,-0.32408156991004944,0.7788428068161011,0.3671922981739044,0.24809399247169495,0.9133189916610718,0.10339993238449097,-0.3957584798336029,0.7654193639755249,0.2322477102279663,0.20379063487052917,0.9108593463897705,0.06475353240966797,-0.43534526228904724,0.7567161321640015,0.20589321851730347,0.19489620625972748,0.9092986583709717,0.06054186820983887,-0.42438599467277527,0.7691977024078369,0.20241999626159668,0.1845203936100006,0.9082835912704468,0.07642406225204468,-0.39660340547561646,0.7742603421211243,0.20998352766036987,0.194765105843544,0.8913230299949646,0.7856221199035645,-0.12233403325080872,0.8365030884742737,0.7653371691703796,0.12280324846506119,0.6815435886383057,0.7468451261520386,-0.18175414204597473,0.6720905303955078,0.7244250178337097,-0.00688970647752285,0.47567757964134216,0.7727649807929993,-0.22775089740753174,0.46970006823539734,0.7683050632476807,-0.05941594019532204,0.44017478823661804,0.8052193522453308,-0.23270396888256073,0.43541231751441956,0.8015591502189636,-0.06698212772607803,0.43793603777885437,0.6715200543403625,-0.3342116177082062,0.4332270622253418,0.6751165390014648,-0.15306466817855835
leg raises_g18.jpg,0.7740232944488525,0.17755767703056335,-0.04720499739050865,0.7842206358909607,0.16006042063236237,-0.06998086720705032,0.7880618572235107,0.1599576622247696,-0.07010342180728912,0.7921732068061829,0.15970362722873688,-0.07021767646074295,0.778131365776062,0.15916261076927185,-0.024171777069568634,0.777594804763794,0.15889236330986023,-0.02415737695991993,0.77764493227005,0.15861570835113525,-0.02416299097239971,0.8100507855415344,0.16919173300266266,-0.09083598107099533,0.7920618653297424,0.17046144604682922,0.10222538560628891,0.7841097116470337,0.1965765357017517,-0.05633985623717308,0.7764568328857422,0.19477204978466034,0.0030823461711406708,0.8518565893173218,0.26734498143196106,-0.21111717820167542,0.7808992862701416,0.2802267372608185,0.23909074068069458,0.7997767329216003,0.33792605996131897,-0.39617201685905457,0.712163507938385,0.35666489601135254,0.1893904060125351,0.707756757736206,0.3277527093887329,-0.4214816987514496,0.6481093168258667,0.35193178057670593,-0.13129177689552307,0.6912698149681091,0.32297953963279724,-0.47350165247917175,0.6199885010719299,0.3621422350406647,-0.16923463344573975,0.6934683918952942,0.31940901279449463,-0.4500686228275299,0.624717116355896,0.3546849489212036,-0.20225690305233002,0.6934513449668884,0.3202740550041199,-0.40908190608024597,0.65322345495224,0.34657368063926697,-0.15798909962177277,0.828056275844574,0.576544463634491,-0.1432117521762848,0.7626067996025085,0.5528225302696228,0.14348483085632324,0.7368322610855103,0.6038228273391724,-0.23732544481754303,0.5937862396240234,0.5309199690818787,0.08346802741289139,0.7484149932861328,0.790352463722229,-0.17566166818141937,0.4372808635234833,0.5183387994766235,0.02571384608745575,0.7666323184967041,0.8166772723197937,-0.16871190071105957,0.41655367612838745,0.5432994365692139,0.02092723734676838,0.7067580223083496,0.8068387508392334,-0.24538177251815796,0.3687823712825775,0.437489777803421,-0.029464276507496834
leg raises_g19.jpg,0.4702884256839752,0.15763366222381592,-0.558458685874939,0.4863925576210022,0.14174506068229675,-0.544884443283081,0.49588045477867126,0.1412610560655594,-0.5452505350112915,0.5056241154670715,0.14095084369182587,-0.5456560850143433,0.46721500158309937,0.14129126071929932,-0.4936903417110443,0.4631979763507843,0.1405521035194397,-0.49336883425712585,0.4598076045513153,0.139945387840271,-0.4935854971408844,0.5452130436897278,0.14767327904701233,-0.3233894109725952,0.4811631441116333,0.14452281594276428,-0.09489736706018448,0.4953542947769165,0.17464807629585266,-0.4646913707256317,0.4694005846977234,0.17487086355686188,-0.4010787010192871,0.6594362854957581,0.23951037228107452,-0.32255154848098755,0.4328281879425049,0.21277830004692078,0.13504184782505035,0.6305679678916931,0.3340825140476227,-0.6148665547370911,0.2991299629211426,0.2944085896015167,-0.18751254677772522,0.43590301275253296,0.30504369735717773,-0.9177664518356323,0.4253571331501007,0.3303477466106415,-0.888720691204071,0.35711461305618286,0.2918708622455597,-1.0474185943603516,0.4552130401134491,0.33790087699890137,-1.028341293334961,0.34218382835388184,0.28356751799583435,-1.0231399536132812,0.4737183153629303,0.3247348368167877,-1.0336459875106812,0.35809770226478577,0.28611981868743896,-0.909222424030304,0.4702951908111572,0.32267454266548157,-0.9142961502075195,0.6496966481208801,0.4539797902107239,-0.10971146821975708,0.466938853263855,0.41631588339805603,0.11070114374160767,0.6319453120231628,0.5954999327659607,-0.5355556607246399,0.44925692677497864,0.5780332088470459,-0.2880610525608063,0.6211913824081421,0.803342878818512,-0.1679404377937317,0.4820905029773712,0.6436294317245483,-0.021826807409524918,0.6237701177597046,0.8306660056114197,-0.1491653472185135,0.5044553875923157,0.5572512745857239,-0.020736321806907654,0.6016430258750916,0.8669738173484802,-0.5394530892372131,0.45774126052856445,0.8524474501609802,-0.31593769788742065
leg raises_g2.jpg,0.5927509069442749,0.12894871830940247,-0.23869922757148743,0.601308286190033,0.10914891958236694,-0.21052278578281403,0.6083608269691467,0.1096249595284462,-0.21089451014995575,0.6151504516601562,0.11030175536870956,-0.21119742095470428,0.5798028707504272,0.10836128890514374,-0.24149325489997864,0.572219729423523,0.1084248423576355,-0.24124875664710999,0.5640941858291626,0.10861334204673767,-0.24154798686504364,0.6152932643890381,0.12106215208768845,-0.02190832421183586,0.5501866340637207,0.11854411661624908,-0.0803399309515953,0.601212739944458,0.15057890117168427,-0.1583384871482849,0.5720682144165039,0.14958220720291138,-0.20667308568954468,0.6124699711799622,0.22078147530555725,0.04524307698011398,0.5173917412757874,0.20470614731311798,0.029886692762374878,0.6545746922492981,0.3614919185638428,0.08191922307014465,0.46523475646972656,0.32816651463508606,-0.05330273509025574,0.6743824481964111,0.43747130036354065,-0.044566560536623,0.48284733295440674,0.38967981934547424,-0.21462012827396393,0.6873266100883484,0.45893582701683044,-0.07647821307182312,0.48614218831062317,0.4170565605163574,-0.27382132411003113,0.6779202222824097,0.4523535966873169,-0.10128460079431534,0.47818824648857117,0.4142904579639435,-0.3032971918582916,0.6732916831970215,0.4459837079048157,-0.06174543872475624,0.4795185923576355,0.407938152551651,-0.23878219723701477,0.5763466954231262,0.48946255445480347,-0.03440774232149124,0.5343888998031616,0.47788679599761963,0.03483153507113457,0.5978679656982422,0.6916714310646057,-0.2115953415632248,0.6084163188934326,0.6870011687278748,-0.15350210666656494,0.5942455530166626,0.8982805013656616,-0.20221556723117828,0.543177604675293,0.86745285987854,-0.03059983439743519,0.595711350440979,0.9285767078399658,-0.20856721699237823,0.5381275415420532,0.8857577443122864,-0.04893059656023979,0.583517849445343,0.9645697474479675,-0.3826805353164673,0.5042349696159363,0.9647045731544495,-0.20783431828022003
leg raises_g20.jpg,0.6224919557571411,0.17650198936462402,-0.27770596742630005,0.6408378481864929,0.15978161990642548,-0.2577507793903351,0.6497198343276978,0.1600610911846161,-0.2583784759044647,0.6585934162139893,0.16064192354679108,-0.25879818201065063,0.6192250847816467,0.15882310271263123,-0.25119560956954956,0.6126344799995422,0.1584431231021881,-0.2512052059173584,0.6067506670951843,0.1582903414964676,-0.2515348792076111,0.6781917214393616,0.16782325506210327,-0.055635854601860046,0.6176512241363525,0.1649051159620285,-0.009030046872794628,0.6364124417304993,0.19369147717952728,-0.20522861182689667,0.6122825145721436,0.19375143945217133,-0.2015441656112671,0.7390533089637756,0.24805627763271332,-0.17823825776576996,0.6061432361602783,0.2581000030040741,0.1868990659713745,0.6960634589195251,0.26215681433677673,-0.4922126829624176,0.544160008430481,0.3131727874279022,0.07388336956501007,0.5460367202758789,0.3165990114212036,-0.37400147318840027,0.5276599526405334,0.3175274729728699,-0.2883535325527191,0.5213251113891602,0.31193679571151733,-0.12642157077789307,0.5294268727302551,0.32674849033355713,-0.3461475968360901,0.5220433473587036,0.30624330043792725,-0.5242882966995239,0.5246025323867798,0.31167492270469666,-0.3896503150463104,0.5227792263031006,0.31583744287490845,-0.4554773271083832,0.5238897800445557,0.3133332431316376,-0.3203848898410797,0.7173166275024414,0.5106009244918823,-0.1342305690050125,0.6106637716293335,0.493863046169281,0.1350252330303192,0.6688487529754639,0.6275954246520996,-0.31030821800231934,0.5148160457611084,0.5777316689491272,0.0008577542612329125,0.6088931560516357,0.7237729430198669,-0.2246207892894745,0.36244291067123413,0.7178620100021362,0.009628520347177982,0.6178946495056152,0.7424637675285339,-0.22161182761192322,0.359177827835083,0.7492606043815613,0.003120656358078122,0.5466018319129944,0.8708336353302002,-0.41360199451446533,0.24184110760688782,0.7054318189620972,-0.16965517401695251
leg raises_g21.jpg,,,,,,,,,,,,,,,,,,,,,,,,,,,,,,,,,,,,,,,,,,,,,,,,,,,,,,,,,,,,,,,,,,,,,,,,,,,,,,,,,,,,,,,,,,,,,,,,,,,
leg raises_g22.jpg,0.47741127014160156,0.3076901435852051,-0.891505241394043,0.4758651852607727,0.30077001452445984,-0.8330444693565369,0.4802502393722534,0.3012188971042633,-0.8329352736473083,0.48486092686653137,0.3017064332962036,-0.8329982161521912,0.4622277021408081,0.3015209138393402,-0.8576265573501587,0.4571826159954071,0.30247166752815247,-0.8577425479888916,0.4517349302768707,0.30360180139541626,-0.8577619194984436,0.479411780834198,0.312986820936203,-0.5320247411727905,0.4325275719165802,0.3179636001586914,-0.6415204405784607,0.4883389174938202,0.31965065002441406,-0.7782987952232361,0.47130438685417175,0.3203526735305786,-0.8097442984580994,0.5694528222084045,0.36501702666282654,-0.40367013216018677,0.39146310091018677,0.37104570865631104,-0.7194940447807312,0.6228249073028564,0.27917221188545227,-0.5695571899414062,0.3421066999435425,0.267684668302536,-1.173231840133667,0.6654644012451172,0.18417653441429138,-0.827467679977417,0.30150318145751953,0.16896265745162964,-1.4446476697921753,0.6790059804916382,0.17159181833267212,-0.9280469417572021,0.28286004066467285,0.15157482028007507,-1.5537863969802856,0.6566574573516846,0.17076162993907928,-0.9432834386825562,0.30266469717025757,0.15114963054656982,-1.5465909242630005,0.6471976041793823,0.17424960434436798,-0.8588340878486633,0.31290268898010254,0.15638914704322815,-1.4599372148513794,0.5411241054534912,0.5761004686355591,0.09044545888900757,0.45404165983200073,0.5745078325271606,-0.09101439267396927,0.4919135868549347,0.6895663738250732,0.21170733869075775,0.4202396273612976,0.6862473487854004,0.027937477454543114,0.3711285889148712,0.7938601970672607,0.7499204874038696,0.3428586721420288,0.8012741208076477,0.5399798154830933,0.3397519588470459,0.8033717274665833,0.7857933640480042,0.3165701627731323,0.8083032369613647,0.5736638903617859,0.36417922377586365,0.8543028831481934,0.4964580535888672,0.33976131677627563,0.8589544892311096,0.23954440653324127
leg raises_g23.jpg,0.35265523195266724,0.30785754323005676,-0.005803701933473349,0.3486410081386566,0.3021698594093323,-0.03544101119041443,0.35108482837677,0.30296698212623596,-0.035226572304964066,0.3524130582809448,0.304286390542984,-0.035161323845386505,0.34475278854370117,0.30271878838539124,-0.025721363723278046,0.3442172706127167,0.3037097454071045,-0.025763211771845818,0.3443787693977356,0.3048420548439026,-0.02578148804605007,0.345307320356369,0.32040852308273315,-0.14664344489574432,0.34404751658439636,0.3211410939693451,-0.09971603006124496,0.35909634828567505,0.320914089679718,-0.034061841666698456,0.3542218804359436,0.3208840489387512,-0.02147534117102623,0.32381635904312134,0.37569713592529297,-0.19818517565727234,0.32631510496139526,0.37260547280311584,-0.1210300475358963,0.34721097350120544,0.2643405497074127,-0.2605120539665222,0.3445531129837036,0.2675526738166809,-0.17260918021202087,0.31931567192077637,0.1753476858139038,-0.3873595595359802,0.28172460198402405,0.17033769190311432,-0.1980229914188385,0.3363437056541443,0.1495242565870285,-0.4201962351799011,0.282239705324173,0.15482664108276367,-0.23502077162265778,0.35717010498046875,0.14552830159664154,-0.43689271807670593,0.3059987723827362,0.1508694291114807,-0.23300430178642273,0.33218616247177124,0.16645048558712006,-0.40332460403442383,0.30070045590400696,0.15651807188987732,-0.20599675178527832,0.3725731372833252,0.6022334098815918,-0.04001239687204361,0.38479694724082947,0.6058886051177979,0.03944903984665871,0.5900298953056335,0.5838537812232971,0.15517957508563995,0.6035918593406677,0.5797005295753479,0.25915634632110596,0.7666045427322388,0.5271785855293274,0.4573723077774048,0.7528384327888489,0.5537471175193787,0.5747994184494019,0.806588888168335,0.5291128754615784,0.48537272214889526,0.7853339314460754,0.5584434866905212,0.5989183783531189,0.7831032276153564,0.48008209466934204,0.36140894889831543,0.7676878571510315,0.4910312592983246,0.48665904998779297
leg raises_g3.jpg,0.5549788475036621,0.1302221715450287,-0.4854210913181305,0.5589343309402466,0.11509732156991959,-0.41058042645454407,0.5629723072052002,0.11586331576108932,-0.4109208583831787,0.5665820837020874,0.11643292754888535,-0.4114242196083069,0.5445437431335449,0.11254476755857468,-0.4571452736854553,0.5381943583488464,0.11179570108652115,-0.45733633637428284,0.5317714214324951,0.11083241552114487,-0.4574807286262512,0.5582131743431091,0.1239185556769371,-0.21810510754585266,0.5113243460655212,0.11733361333608627,-0.3210955262184143,0.558323323726654,0.15051649510860443,-0.327599436044693,0.5378154516220093,0.14821060001850128,-0.4060967266559601,0.5584816932678223,0.2405649870634079,0.00852508656680584,0.45187947154045105,0.21987885236740112,-0.2597079277038574,0.5939298272132874,0.3350246846675873,0.07322049140930176,0.39334675669670105,0.3158811032772064,-0.2743202745914459,0.6027553677558899,0.28963640332221985,-0.10764967650175095,0.48720285296440125,0.31325751543045044,-0.2976418137550354,0.6004998683929443,0.29363471269607544,-0.11721492558717728,0.5259413719177246,0.3172420263290405,-0.33155035972595215,0.6211503744125366,0.26527702808380127,-0.15474119782447815,0.528391420841217,0.2985500991344452,-0.29605332016944885,0.6143654584884644,0.2692800760269165,-0.12724095582962036,0.5226534008979797,0.2976478636264801,-0.2821900546550751,0.5632305145263672,0.4565548598766327,0.10888069123029709,0.4954451620578766,0.45969411730766296,-0.10815897583961487,0.7196188569068909,0.37767016887664795,-0.27268338203430176,0.6524211168289185,0.4171611964702606,-0.4985074996948242,0.8726964592933655,0.34619683027267456,-0.3947756886482239,0.8554850816726685,0.3491703271865845,-0.4882845878601074,0.9658619165420532,0.37221506237983704,-0.411780446767807,0.9049952030181885,0.3561532497406006,-0.48891162872314453,0.9413988590240479,0.2683679759502411,-0.6068996787071228,0.9317917227745056,0.2659192681312561,-0.7055906653404236
leg raises_g4.jpg,0.32506904006004333,0.16368189454078674,-0.2687797546386719,0.30120640993118286,0.1352555751800537,-0.23040443658828735,0.2886265218257904,0.13540896773338318,-0.23072530329227448,0.3122411072254181,0.13585473597049713,-0.23105351626873016,0.31885379552841187,0.13422484695911407,-0.249625563621521,0.3167019188404083,0.13394194841384888,-0.24970398843288422,0.31289029121398926,0.1342693567276001,-0.24987924098968506,0.32099369168281555,0.14567850530147552,-0.07677790522575378,0.2957543730735779,0.14674508571624756,-0.1486884355545044,0.33059871196746826,0.19709405303001404,-0.19611038267612457,0.3236866593360901,0.19788062572479248,-0.22915522754192352,0.3910081386566162,0.31423357129096985,0.049950290471315384,0.2365425080060959,0.30667024850845337,-0.16957013309001923,0.4235975742340088,0.5129570364952087,0.04803558439016342,0.21191422641277313,0.528973400592804,-0.2511119246482849,0.4790409803390503,0.5946218967437744,-0.13973693549633026,0.23244187235832214,0.7459389567375183,-0.3525150418281555,0.49935752153396606,0.642710268497467,-0.15832960605621338,0.2363399714231491,0.814902126789093,-0.40051594376564026,0.49018970131874084,0.6304615139961243,-0.21718332171440125,0.24954859912395477,0.8165683150291443,-0.38751107454299927,0.4916142225265503,0.6136522889137268,-0.17234154045581818,0.2532505989074707,0.7958013415336609,-0.35243022441864014,0.31851035356521606,0.6949836015701294,0.09360858052968979,0.3066815733909607,0.7185068726539612,-0.09347479790449142,0.36850231885910034,0.6338567137718201,-0.0568615160882473,0.45767101645469666,0.6317492723464966,-0.2686668932437897,0.6745908856391907,0.7850249409675598,-0.14899447560310364,0.6498398184776306,0.6236892342567444,-0.32425162196159363,0.6917176246643066,0.8359283208847046,-0.1630152314901352,0.6749366521835327,0.6355258226394653,-0.32951149344444275,0.7882911562919617,0.7695290446281433,-0.2888457179069519,0.7910524606704712,0.5766246318817139,-0.45387154817581177
leg raises_g5.jpg,0.5001612901687622,0.1123504787683487,-0.12874388694763184,0.46932971477508545,0.08366469293832779,-0.1044013649225235,0.4689306616783142,0.08427267521619797,-0.10466933250427246,0.4728323221206665,0.08480055630207062,-0.1048974096775055,0.46743521094322205,0.07505163550376892,-0.16653285920619965,0.46581265330314636,0.07550229132175446,-0.16653700172901154,0.46406421065330505,0.07567054033279419,-0.16694974899291992,0.46254855394363403,0.09520839899778366,-0.00936826504766941,0.45167383551597595,0.09534037113189697,-0.174702450633049,0.48064208030700684,0.12470448017120361,-0.06654193252325058,0.4930156469345093,0.13609552383422852,-0.14392168819904327,0.46137458086013794,0.21195559203624725,0.11802195012569427,0.4462221562862396,0.18659237027168274,-0.25075599551200867,0.5004676580429077,0.08709067106246948,0.16417884826660156,0.4416511654853821,0.053575482219457626,-0.39200302958488464,0.5449463725090027,-0.010723874904215336,-0.011301537975668907,0.5316131114959717,-0.029600854963064194,-0.44925981760025024,0.5382887125015259,-0.03307229280471802,-0.029255026951432228,0.5539852976799011,-0.04835204407572746,-0.5102400183677673,0.5445276498794556,-0.03879652917385101,-0.07829409092664719,0.5435799956321716,-0.04302574694156647,-0.4773338735103607,0.5545605421066284,-0.028941281139850616,-0.03795601427555084,0.5326869487762451,-0.03156515955924988,-0.43885302543640137,0.45083966851234436,0.5842127203941345,0.1550268679857254,0.456461101770401,0.5895204544067383,-0.15532803535461426,0.7045766711235046,0.5870875716209412,0.16603070497512817,0.7543786764144897,0.5967147350311279,-0.16825416684150696,0.729759156703949,0.6845656633377075,0.45769667625427246,0.7426517605781555,0.6554151773452759,0.09496977180242538,0.7308677434921265,0.6963604688644409,0.4796575605869293,0.7194653749465942,0.6825101971626282,0.12208256125450134,0.7387269735336304,0.6873208284378052,0.413944274187088,0.7764092683792114,0.6296194791793823,0.09959761053323746
leg raises_g6.jpg,,,,,,,,,,,,,,,,,,,,,,,,,,,,,,,,,,,,,,,,,,,,,,,,,,,,,,,,,,,,,,,,,,,,,,,,,,,,,,,,,,,,,,,,,,,,,,,,,,,
leg raises_g7.jpg,,,,,,,,,,,,,,,,,,,,,,,,,,,,,,,,,,,,,,,,,,,,,,,,,,,,,,,,,,,,,,,,,,,,,,,,,,,,,,,,,,,,,,,,,,,,,,,,,,,
leg raises_g8.jpg,0.5086891651153564,0.5781724452972412,-0.22736626863479614,0.5068898797035217,0.5852400064468384,-0.20185360312461853,0.5032609701156616,0.5850406885147095,-0.20202144980430603,0.4996238052845001,0.5847575068473816,-0.20209509134292603,0.5190066695213318,0.5854312777519226,-0.2168181836605072,0.5239999294281006,0.5853381752967834,-0.2167692333459854,0.5289354920387268,0.5852525234222412,-0.21701064705848694,0.5005866885185242,0.5779387354850769,-0.06827674806118011,0.5404090881347656,0.5780752301216125,-0.1350722312927246,0.5023038387298584,0.567943274974823,-0.17446206510066986,0.5177038908004761,0.5680834650993347,-0.19370077550411224,0.47222480177879333,0.5368143916130066,-0.061796680092811584,0.5641977190971375,0.537415623664856,-0.19522568583488464,0.4724462926387787,0.5641104578971863,-0.27798423171043396,0.5344476699829102,0.5767741203308105,-0.3995210528373718,0.4981088638305664,0.627643346786499,-0.47564956545829773,0.5084802508354187,0.6550341248512268,-0.4047122001647949,0.49976876378059387,0.6414687633514404,-0.530702531337738,0.49964988231658936,0.6739076375961304,-0.4416634142398834,0.5034233927726746,0.6448098421096802,-0.5288058519363403,0.5136156678199768,0.6748465895652771,-0.4363907277584076,0.5039105415344238,0.6397268176078796,-0.4866273105144501,0.5157039165496826,0.6661048531532288,-0.40643471479415894,0.4864588975906372,0.38684672117233276,0.021139107644557953,0.5332013964653015,0.3870656192302704,-0.02090529352426529,0.4865102767944336,0.2745201587677002,-0.03794486075639725,0.5197067856788635,0.28109991550445557,-0.09038848429918289,0.5082680583000183,0.1873636096715927,0.03358637914061546,0.5621672868728638,0.24261057376861572,-0.01901339739561081,0.5161129236221313,0.17598983645439148,0.03273758292198181,0.5703064203262329,0.23720422387123108,-0.015614057891070843,0.498224675655365,0.1561831831932068,-0.08870048820972443,0.5822609066963196,0.21881763637065887,-0.1296134740114212
leg raises_g9.jpg,0.47654274106025696,0.5230825543403625,-0.22865436971187592,0.46330004930496216,0.5339863896369934,-0.23497016727924347,0.46354538202285767,0.5346202254295349,-0.2350175380706787,0.4637640714645386,0.5351229310035706,-0.2349296510219574,0.4650731086730957,0.5326757431030273,-0.2593127191066742,0.46720993518829346,0.5324247479438782,-0.2594097852706909,0.46933212876319885,0.5321966409683228,-0.2596183121204376,0.4727835953235626,0.5340652465820312,-0.1966455578804016,0.49296849966049194,0.5389907360076904,-0.30751270055770874,0.4777448773384094,0.5187479257583618,-0.20176099240779877,0.46052083373069763,0.5153816342353821,-0.23387613892555237,0.482138067483902,0.49364933371543884,-0.14130079746246338,0.49275556206703186,0.4884936809539795,-0.2543488144874573,0.5379666090011597,0.4212016463279724,-0.11175372451543808,0.5749654173851013,0.42051267623901367,-0.2555338144302368,0.5388075113296509,0.37171465158462524,-0.18634992837905884,0.5942266583442688,0.39856329560279846,-0.257763534784317,0.5374645590782166,0.35818955302238464,-0.2156822234392166,0.5976781845092773,0.3917330503463745,-0.27332207560539246,0.5394363403320312,0.3612264096736908,-0.2354770302772522,0.601803719997406,0.39697265625,-0.29047492146492004,0.5396308898925781,0.3651869595050812,-0.1969701200723648,0.6011530160903931,0.3967861235141754,-0.2619529366493225,0.4778745770454407,0.31957510113716125,0.02036467380821705,0.47354769706726074,0.31644222140312195,-0.02041032165288925,0.48502227663993835,0.22916416823863983,0.07931459695100784,0.4434676468372345,0.22271063923835754,0.09077197313308716,0.5287919044494629,0.13881830871105194,0.2116858810186386,0.44077828526496887,0.12693722546100616,0.21596449613571167,0.5242822766304016,0.1253950148820877,0.22171089053153992,0.4476488530635834,0.10671830922365189,0.23096933960914612,0.5274002552032471,0.1294383853673935,0.15760277211666107,0.4216676652431488,0.11275789886713028,0.17769593000411987
