image_name,keypoint_0_x,keypoint_1_x,keypoint_2_x,keypoint_3_x,keypoint_4_x,keypoint_5_x,keypoint_6_x,keypoint_7_x,keypoint_8_x,keypoint_9_x,keypoint_10_x,keypoint_11_x,keypoint_12_x,keypoint_13_x,keypoint_14_x,keypoint_15_x,keypoint_16_x,keypoint_17_x,keypoint_18_x,keypoint_19_x,keypoint_20_x,keypoint_21_x,keypoint_22_x,keypoint_23_x,keypoint_24_x,keypoint_25_x,keypoint_26_x,keypoint_27_x,keypoint_28_x,keypoint_29_x,keypoint_30_x,keypoint_31_x,keypoint_32_x,keypoint_0_y,keypoint_1_y,keypoint_2_y,keypoint_3_y,keypoint_4_y,keypoint_5_y,keypoint_6_y,keypoint_7_y,keypoint_8_y,keypoint_9_y,keypoint_10_y,keypoint_11_y,keypoint_12_y,keypoint_13_y,keypoint_14_y,keypoint_15_y,keypoint_16_y,keypoint_17_y,keypoint_18_y,keypoint_19_y,keypoint_20_y,keypoint_21_y,keypoint_22_y,keypoint_23_y,keypoint_24_y,keypoint_25_y,keypoint_26_y,keypoint_27_y,keypoint_28_y,keypoint_29_y,keypoint_30_y,keypoint_31_y,keypoint_32_y,keypoint_0_z,keypoint_1_z,keypoint_2_z,keypoint_3_z,keypoint_4_z,keypoint_5_z,keypoint_6_z,keypoint_7_z,keypoint_8_z,keypoint_9_z,keypoint_10_z,keypoint_11_z,keypoint_12_z,keypoint_13_z,keypoint_14_z,keypoint_15_z,keypoint_16_z,keypoint_17_z,keypoint_18_z,keypoint_19_z,keypoint_20_z,keypoint_21_z,keypoint_22_z,keypoint_23_z,keypoint_24_z,keypoint_25_z,keypoint_26_z,keypoint_27_z,keypoint_28_z,keypoint_29_z,keypoint_30_z,keypoint_31_z,keypoint_32_z
romanian deadlift_1000001.jpg,0.4468822479248047,0.5728776454925537,0.020940672606229782,0.4424806535243988,0.5833678841590881,-0.011186446063220501,0.44312584400177,0.5855236649513245,-0.01140677835792303,0.44413599371910095,0.588803231716156,-0.011506450362503529,0.44179943203926086,0.5681759119033813,0.010296548716723919,0.45802736282348633,0.5505191087722778,0.010292571038007736,0.4574885666370392,0.5436382293701172,0.010099679231643677,0.4756389558315277,0.5986170768737793,-0.0869077742099762,0.46901214122772217,0.5286695957183838,-0.030262911692261696,0.45154333114624023,0.5863746404647827,-0.006070040166378021,0.46438121795654297,0.5555531978607178,0.01476525142788887,0.5100230574607849,0.6367412209510803,-0.13587632775306702,0.49722281098365784,0.45253992080688477,-0.005424399860203266,0.5454844236373901,0.7761228084564209,-0.16865970194339752,0.5317495465278625,0.4235864281654358,-0.11539619415998459,0.5183528065681458,0.9677821397781372,-0.23389799892902374,0.5034813284873962,0.43667080998420715,-0.3309815526008606,0.5011395215988159,1.009676218032837,-0.28147467970848083,0.5027207732200623,0.42711055278778076,-0.38090604543685913,0.4936749041080475,0.9954004287719727,-0.27276545763015747,0.5067375898361206,0.5116941928863525,-0.3879922032356262,0.5040622353553772,0.9691872596740723,-0.23023714125156403,0.4972562789916992,0.4562729001045227,-0.33954304456710815,0.5869080424308777,0.6048832535743713,-0.012015778571367264,0.5798132419586182,0.5075361728668213,0.012104772962629795,0.5647373795509338,0.6489717960357666,0.21594716608524323,0.5611851811408997,0.3630664348602295,0.004851924255490303,0.6601541042327881,0.630456268787384,0.43738633394241333,0.5946735143661499,0.1389082372188568,-0.03366504982113838,0.6795945763587952,0.6151722073554993,0.4607729911804199,0.6063969731330872,0.1019599586725235,-0.03591812402009964,0.6665478944778442,0.6547631025314331,0.41024890542030334,0.5470533967018127,0.06387652456760406,-0.11544093489646912
romanian deadlift_100001.jpg,0.5348037481307983,0.43581444025039673,-0.2221965193748474,0.532840371131897,0.41822946071624756,-0.21620160341262817,0.5341206192970276,0.4155605435371399,-0.2161918431520462,0.5355625748634338,0.4130209684371948,-0.21634158492088318,0.530544102191925,0.4242939054965973,-0.212465301156044,0.5303695201873779,0.42555636167526245,-0.21217654645442963,0.529661238193512,0.42720553278923035,-0.2122458666563034,0.5446100234985352,0.40998682379722595,-0.1695042997598648,0.5363760590553284,0.4262775778770447,-0.1489177644252777,0.5436548590660095,0.4379110038280487,-0.20714953541755676,0.5401645302772522,0.44543248414993286,-0.20023125410079956,0.558631181716919,0.42807185649871826,-0.14512866735458374,0.5572226047515869,0.4618157148361206,-0.04787859693169594,0.5385437607765198,0.4341373145580292,-0.12448549270629883,0.5708584189414978,0.5144675374031067,-0.03829294443130493,0.5202516317367554,0.42559510469436646,-0.14426320791244507,0.5408607125282288,0.5135049819946289,-0.06932824105024338,0.519315242767334,0.41141483187675476,-0.17860549688339233,0.5414048433303833,0.5079106092453003,-0.08222030103206635,0.5093413591384888,0.42714864015579224,-0.16887980699539185,0.5312168598175049,0.5033654570579529,-0.0861058309674263,0.5090426206588745,0.4303969144821167,-0.14340278506278992,0.5306926965713501,0.5029023885726929,-0.07134291529655457,0.590207040309906,0.45510292053222656,-0.033548202365636826,0.5797826647758484,0.47410446405410767,0.03392115607857704,0.573543131351471,0.5936742424964905,-0.06384221464395523,0.5388793349266052,0.5387789607048035,0.0022097912151366472,0.6417526006698608,0.7637051939964294,0.03221938759088516,0.6186631917953491,0.784934401512146,-0.07685926556587219,0.6580488085746765,0.8006843328475952,0.02016310952603817,0.6152421832084656,0.8637278079986572,-0.08537597209215164,0.6492045521736145,0.751994252204895,-0.16250461339950562,0.6144073605537415,0.8433161377906799,-0.1416403204202652
romanian deadlift_1000011.jpg,0.43435612320899963,0.5503562688827515,-0.0657259076833725,0.4373253285884857,0.5288033485412598,-0.06658429652452469,0.43756046891212463,0.5286999344825745,-0.06661538034677505,0.43793025612831116,0.5285155177116394,-0.06645602732896805,0.4373333752155304,0.52508544921875,-0.1582496464252472,0.4374736547470093,0.5225685834884644,-0.15528066456317902,0.43758994340896606,0.519943118095398,-0.15421070158481598,0.44744235277175903,0.5181155800819397,-0.09495731443166733,0.4475748836994171,0.5071197748184204,-0.047410767525434494,0.4494543671607971,0.5522457957267761,-0.07398252189159393,0.44878676533699036,0.5516588687896729,-0.06575487554073334,0.4992161989212036,0.4524288475513458,-0.11645974963903427,0.5065360069274902,0.5144200325012207,-0.036480024456977844,0.5316444635391235,0.7374173402786255,-0.16276969015598297,0.5453014373779297,0.5847285985946655,-0.06788206845521927,0.5304218530654907,0.8995241522789001,-0.2202501744031906,0.5304238796234131,0.5476871132850647,-0.19253598153591156,0.5191293954849243,0.9410098791122437,-0.25647619366645813,0.5243937373161316,0.6743374466896057,-0.2299681454896927,0.5225420594215393,0.9547199010848999,-0.25773391127586365,0.5200208425521851,0.685169517993927,-0.253734290599823,0.5178723931312561,0.9294679164886475,-0.22028036415576935,0.5240463614463806,0.651296079158783,-0.20573189854621887,0.6192274689674377,0.5238680243492126,0.04520611837506294,0.6270903944969177,0.530078649520874,-0.04500884562730789,0.5676215887069702,0.45500755310058594,0.1116577535867691,0.5757087469100952,0.40002521872520447,-0.26701244711875916,0.6252879500389099,0.2576889395713806,0.14409975707530975,0.5402222871780396,0.18297234177589417,-0.4424201548099518,0.6418273448944092,0.22580383718013763,0.1424172967672348,0.5764985680580139,0.14911632239818573,-0.46240198612213135,0.6227185726165771,0.19960929453372955,0.048817768692970276,0.5573774576187134,0.11052949726581573,-0.6051647663116455
romanian deadlift_1000021.jpg,,,,,,,,,,,,,,,,,,,,,,,,,,,,,,,,,,,,,,,,,,,,,,,,,,,,,,,,,,,,,,,,,,,,,,,,,,,,,,,,,,,,,,,,,,,,,,,,,,,
romanian deadlift_1000031.jpg,0.42416641116142273,0.19833265244960785,-0.29209667444229126,0.4294221103191376,0.17749229073524475,-0.31369754672050476,0.43284109234809875,0.17584767937660217,-0.31375885009765625,0.43661901354789734,0.17414769530296326,-0.3138215243816376,0.4243110120296478,0.18008409440517426,-0.273410826921463,0.4240742027759552,0.18025213479995728,-0.27343419194221497,0.4239678978919983,0.1803015172481537,-0.27355942130088806,0.4568325877189636,0.1771879494190216,-0.3455408215522766,0.44173866510391235,0.18333208560943604,-0.1679583191871643,0.43719324469566345,0.21227805316448212,-0.3006410002708435,0.43151697516441345,0.2154899537563324,-0.2487572282552719,0.5121585130691528,0.27884307503700256,-0.4097140431404114,0.4638100564479828,0.31554436683654785,-0.006386229768395424,0.5463853478431702,0.4468686282634735,-0.4287782311439514,0.48052117228507996,0.45685631036758423,0.06394162774085999,0.5610327124595642,0.6048427224159241,-0.4178757965564728,0.4724017381668091,0.5878630876541138,-0.015485483221709728,0.5681134462356567,0.6470062732696533,-0.46143433451652527,0.47251737117767334,0.6213283538818359,-0.013973431661725044,0.556348443031311,0.645010232925415,-0.46573978662490845,0.4731428921222687,0.6237648725509644,-0.06462128460407257,0.5523195266723633,0.6301132440567017,-0.41758328676223755,0.4769440293312073,0.6140907406806946,-0.038692228496074677,0.5562435388565063,0.5604298710823059,-0.11958044022321701,0.51359623670578,0.5597573518753052,0.11962185055017471,0.5462177991867065,0.743852972984314,-0.13261382281780243,0.4967411756515503,0.7328158617019653,0.2105458825826645,0.542898416519165,0.9458639621734619,-0.04120240360498428,0.5146957039833069,0.922544538974762,0.34345999360084534,0.5544865727424622,0.9718190431594849,-0.041166041046381,0.5319851636886597,0.9569514989852905,0.3498527705669403,0.484784334897995,0.9844236373901367,-0.16729658842086792,0.4578879475593567,0.9664210081100464,0.27818092703819275
romanian deadlift_1000041.jpg,0.4146418273448944,0.2467658370733261,-0.30161425471305847,0.42013561725616455,0.22541938722133636,-0.3204740583896637,0.42366206645965576,0.2235477864742279,-0.32051193714141846,0.427376925945282,0.22171442210674286,-0.32057735323905945,0.41529616713523865,0.22720612585544586,-0.2809743285179138,0.41519635915756226,0.22664955258369446,-0.2809833884239197,0.4153815805912018,0.2258913516998291,-0.2810823321342468,0.4480436444282532,0.22269847989082336,-0.3468227982521057,0.4360620379447937,0.22512055933475494,-0.17135405540466309,0.42826810479164124,0.2605687081813812,-0.3080843389034271,0.4226559102535248,0.2640446424484253,-0.25716474652290344,0.5102452635765076,0.32795974612236023,-0.4021916091442108,0.45548340678215027,0.34662580490112305,-0.019502529874444008,0.5467858910560608,0.48091065883636475,-0.413697749376297,0.47518983483314514,0.4851296842098236,0.06039505451917648,0.5616384148597717,0.630702555179596,-0.3989114761352539,0.4712350070476532,0.6104270219802856,-0.0167084913700819,0.5683963298797607,0.6706799268722534,-0.4411712884902954,0.4722854793071747,0.6401927471160889,-0.018747244030237198,0.556898295879364,0.6681935787200928,-0.451816201210022,0.47295281291007996,0.641815185546875,-0.06693124771118164,0.5528808236122131,0.6546854972839355,-0.4006298780441284,0.47580257058143616,0.6333593726158142,-0.03922902047634125,0.5563675761222839,0.5878781080245972,-0.1160426214337349,0.5114075541496277,0.5897600650787354,0.11608634889125824,0.5493571162223816,0.7482671141624451,-0.1679590493440628,0.49674126505851746,0.7328172326087952,0.2446376383304596,0.5429019927978516,0.9460633993148804,-0.08113062381744385,0.5148302316665649,0.9226771593093872,0.42169681191444397,0.5536381006240845,0.9721156358718872,-0.08103802800178528,0.5319780111312866,0.9575850367546082,0.4326229691505432,0.48635512590408325,0.9844318628311157,-0.21364282071590424,0.45763126015663147,0.968445897102356,0.36877939105033875
romanian deadlift_1000051.jpg,0.39846858382225037,0.3038989305496216,-0.30687662959098816,0.4029802978038788,0.2844584882259369,-0.3262554407119751,0.40591296553611755,0.2835342586040497,-0.3262462913990021,0.40908706188201904,0.2824312448501587,-0.32631081342697144,0.3993592858314514,0.28467923402786255,-0.28565338253974915,0.3996894657611847,0.2840553820133209,-0.28570860624313354,0.4002610146999359,0.28315359354019165,-0.2857983708381653,0.4321208894252777,0.28261569142341614,-0.3642890751361847,0.422536700963974,0.2818073630332947,-0.18291926383972168,0.412063866853714,0.3211551904678345,-0.3181915879249573,0.4083060920238495,0.3216877281665802,-0.26554450392723083,0.49921566247940063,0.3843666613101959,-0.3975723683834076,0.450067400932312,0.38427531719207764,-0.062288034707307816,0.5376788377761841,0.5281886458396912,-0.4071236252784729,0.47430145740509033,0.5158225297927856,-0.004598346073180437,0.5522806644439697,0.659849226474762,-0.38004228472709656,0.4739493429660797,0.627474844455719,-0.07469537109136581,0.5600212216377258,0.6969417333602905,-0.41790732741355896,0.4765942692756653,0.65791255235672,-0.08159483969211578,0.5435622334480286,0.6931465864181519,-0.4249441921710968,0.47678276896476746,0.6624333262443542,-0.12234394252300262,0.5400516390800476,0.6816296577453613,-0.38229241967201233,0.4774872660636902,0.6520097255706787,-0.09425748139619827,0.5564206838607788,0.60016930103302,-0.10061218589544296,0.511020839214325,0.5962570309638977,0.10067488998174667,0.5472973585128784,0.7439234256744385,-0.271955668926239,0.49602800607681274,0.729536771774292,0.11287722736597061,0.5420607328414917,0.9450348019599915,-0.2775139808654785,0.5151360034942627,0.9218007326126099,0.2178954780101776,0.5535276532173157,0.9721204042434692,-0.2868301570415497,0.5320191979408264,0.9572395086288452,0.22112207114696503,0.4824526906013489,0.9836927056312561,-0.4368222653865814,0.45760634541511536,0.9688658714294434,0.13793526589870453
romanian deadlift_1000061.jpg,0.3856876492500305,0.4003330171108246,-0.48637446761131287,0.3898179233074188,0.37987154722213745,-0.5007843375205994,0.39390596747398376,0.3772920072078705,-0.5007134675979614,0.3978637456893921,0.37460777163505554,-0.5008019208908081,0.38449159264564514,0.38150495290756226,-0.4647386372089386,0.3847419321537018,0.38015609979629517,-0.46486636996269226,0.38536593317985535,0.3785438537597656,-0.4649704396724701,0.4197072684764862,0.36803489923477173,-0.5100058913230896,0.40788933634757996,0.36940234899520874,-0.3505808711051941,0.40396085381507874,0.4123954772949219,-0.48623767495155334,0.39850470423698425,0.41423243284225464,-0.4400361478328705,0.4928230345249176,0.4450160264968872,-0.5154798626899719,0.4334985315799713,0.44970500469207764,-0.20042596757411957,0.5383620858192444,0.6246536374092102,-0.5468447804450989,0.45688244700431824,0.5792667269706726,-0.1243506669998169,0.5502369403839111,0.7439480423927307,-0.5583041906356812,0.4674438536167145,0.7076112627983093,-0.18179506063461304,0.5556970238685608,0.8150072693824768,-0.6051806807518005,0.46811044216156006,0.7359335422515869,-0.18570250272750854,0.5379368662834167,0.8193641901016235,-0.6142113208770752,0.47031131386756897,0.7388562560081482,-0.22842784225940704,0.5329441428184509,0.8033332824707031,-0.5610730051994324,0.47148698568344116,0.7301033735275269,-0.20029893517494202,0.5561290383338928,0.6147128939628601,-0.09482932835817337,0.5011543035507202,0.5971603989601135,0.0947941392660141,0.5361263751983643,0.7466239929199219,-0.2771018445491791,0.49186402559280396,0.7347357273101807,0.10988643765449524,0.5398890972137451,0.9438167214393616,-0.2200462371110916,0.5116710066795349,0.920538067817688,0.2688859701156616,0.5520220398902893,0.9712032079696655,-0.22308138012886047,0.5240800380706787,0.9518721103668213,0.27785569429397583,0.48139479756355286,0.9832071661949158,-0.36752378940582275,0.45607998967170715,0.9685866236686707,0.2020121067762375
romanian deadlift_1000071.jpg,0.3874548673629761,0.4552191495895386,-0.5335962176322937,0.38963231444358826,0.43699637055397034,-0.5462859272956848,0.39298006892204285,0.4350223243236542,-0.5462524890899658,0.39643824100494385,0.43265101313591003,-0.5463739037513733,0.38397929072380066,0.438668429851532,-0.5138214826583862,0.38358741998672485,0.4377847909927368,-0.5139385461807251,0.3833950459957123,0.4366816282272339,-0.5140470266342163,0.4165574312210083,0.4222760796546936,-0.5327073335647583,0.4030006229877472,0.42613303661346436,-0.3884505331516266,0.40333250164985657,0.4649602770805359,-0.5233989357948303,0.397707462310791,0.4673694670200348,-0.48154720664024353,0.48980462551116943,0.4796241223812103,-0.5218073129653931,0.4281349182128906,0.4839635491371155,-0.21743370592594147,0.5371505618095398,0.6316009163856506,-0.5486488342285156,0.4548867642879486,0.6218475699424744,-0.14584854245185852,0.5507789254188538,0.767241895198822,-0.5637938976287842,0.467384934425354,0.7458041906356812,-0.21537548303604126,0.5559157133102417,0.801672637462616,-0.6110661029815674,0.46833735704421997,0.7758985161781311,-0.22278474271297455,0.5404396057128906,0.8037647604942322,-0.6232855916023254,0.47041288018226624,0.7789549231529236,-0.2670885920524597,0.5357715487480164,0.794161319732666,-0.5677425265312195,0.4718727171421051,0.7709826231002808,-0.23503679037094116,0.556130051612854,0.6290839314460754,-0.09232684224843979,0.502290666103363,0.6188099980354309,0.0923507884144783,0.5373929738998413,0.7689703106880188,-0.2406584918498993,0.49225690960884094,0.7573060989379883,0.12259919941425323,0.5418659448623657,0.9438243508338928,-0.16977888345718384,0.5117021203041077,0.9241431951522827,0.28948888182640076,0.5551605224609375,0.9711592197418213,-0.17199088633060455,0.5248532295227051,0.9543465375900269,0.29596588015556335,0.48664072155952454,0.9819918274879456,-0.3114725649356842,0.458101749420166,0.9695550799369812,0.22279852628707886
romanian deadlift_1000081.jpg,0.38765937089920044,0.5010440349578857,-0.5668753981590271,0.38793736696243286,0.481539249420166,-0.5825278162956238,0.3905372619628906,0.47956517338752747,-0.5824726819992065,0.3933873772621155,0.4773087799549103,-0.5825913548469543,0.3836731016635895,0.48281800746917725,-0.5472503900527954,0.3833823800086975,0.48171988129615784,-0.547390878200531,0.3832171559333801,0.48026323318481445,-0.5475383996963501,0.41344186663627625,0.4665217101573944,-0.5809548497200012,0.4018628001213074,0.4687076508998871,-0.4229270815849304,0.40191563963890076,0.5108569860458374,-0.5608723163604736,0.397022545337677,0.5132043957710266,-0.5149874687194824,0.491976797580719,0.5179582238197327,-0.5609930157661438,0.42283281683921814,0.5324643850326538,-0.26722031831741333,0.5334370732307434,0.6652577519416809,-0.5860695242881775,0.450889527797699,0.6672688126564026,-0.2067519575357437,0.537622332572937,0.8057562708854675,-0.5825254321098328,0.46459686756134033,0.7861990332603455,-0.26436588168144226,0.5470579266548157,0.838492751121521,-0.6323281526565552,0.46358102560043335,0.8183260560035706,-0.27661940455436707,0.531978189945221,0.8441591262817383,-0.6447809338569641,0.46721309423446655,0.8204696774482727,-0.3221321105957031,0.5273078680038452,0.8320103287696838,-0.5863246321678162,0.46955886483192444,0.8107191920280457,-0.28468331694602966,0.5568220019340515,0.6369418501853943,-0.08476705849170685,0.5026875734329224,0.6509295701980591,0.08476375788450241,0.5375000238418579,0.7733328342437744,-0.32698577642440796,0.4919257164001465,0.7753629088401794,0.13932058215141296,0.5428828597068787,0.9459425806999207,-0.21318672597408295,0.5090399384498596,0.9200035333633423,0.39129307866096497,0.5564504861831665,0.9714065790176392,-0.20936883985996246,0.5188303589820862,0.9493037462234497,0.4114246964454651,0.49421489238739014,0.9798006415367126,-0.3535986542701721,0.45821821689605713,0.9684624671936035,0.3383963406085968
romanian deadlift_1000091.jpg,0.38823366165161133,0.521833062171936,-0.5286945104598999,0.388179749250412,0.5026923418045044,-0.5394753813743591,0.3908161520957947,0.4998825192451477,-0.5394191145896912,0.393638551235199,0.4968900978565216,-0.5395089983940125,0.3837212920188904,0.5054131746292114,-0.5071913599967957,0.3831675350666046,0.5046262741088867,-0.5073457956314087,0.3828440010547638,0.5035989284515381,-0.5074788331985474,0.4121478796005249,0.48456963896751404,-0.5300289988517761,0.40039217472076416,0.49088966846466064,-0.3835510015487671,0.4034377634525299,0.5289982557296753,-0.520999014377594,0.39853429794311523,0.5319054126739502,-0.478511780500412,0.49253857135772705,0.5249418616294861,-0.5228642225265503,0.42444270849227905,0.562951385974884,-0.239315465092659,0.528881311416626,0.6684374809265137,-0.553321897983551,0.4519585371017456,0.6882429122924805,-0.20409075915813446,0.5289996266365051,0.8033081889152527,-0.5419870615005493,0.46408939361572266,0.8054297566413879,-0.2712336480617523,0.537494957447052,0.8341215252876282,-0.5853685736656189,0.46307188272476196,0.8406986594200134,-0.288124144077301,0.5260377526283264,0.8404682874679565,-0.596682608127594,0.4668228030204773,0.8402244448661804,-0.32638439536094666,0.5222716927528381,0.8301578760147095,-0.545195460319519,0.4692332446575165,0.8288477659225464,-0.28988635540008545,0.5623572468757629,0.6436377763748169,-0.07933773100376129,0.5095929503440857,0.6681874990463257,0.07925131171941757,0.5529323220252991,0.7689508199691772,-0.4198852777481079,0.48956480622291565,0.7735251784324646,-0.08951535820960999,0.5478194355964661,0.9459295272827148,-0.3008202910423279,0.5058882832527161,0.920055627822876,0.06463930755853653,0.5596280694007874,0.9687657952308655,-0.29466626048088074,0.5194186568260193,0.9498137831687927,0.07534346729516983,0.5050193071365356,0.9798614382743835,-0.4295383393764496,0.45898574590682983,0.9705093502998352,-0.0116899898275733
romanian deadlift_1000101.jpg,0.3880435824394226,0.5386323928833008,-0.5038540363311768,0.38821589946746826,0.5192572474479675,-0.5140482783317566,0.3906490206718445,0.5169261693954468,-0.5139928460121155,0.3933069407939911,0.5142342448234558,-0.5140491724014282,0.3840455412864685,0.5221199989318848,-0.4802723526954651,0.3835972249507904,0.5218725800514221,-0.4804163873195648,0.3832980692386627,0.5213170647621155,-0.48054611682891846,0.4106557071208954,0.5021458268165588,-0.5089207291603088,0.39985597133636475,0.5096011757850647,-0.35713979601860046,0.40281370282173157,0.5449144840240479,-0.49859941005706787,0.39815422892570496,0.5484940409660339,-0.4545269310474396,0.49332988262176514,0.5399442911148071,-0.5092495679855347,0.42657288908958435,0.5773916244506836,-0.21191158890724182,0.5292447805404663,0.6833837628364563,-0.5426455736160278,0.45315903425216675,0.7011568546295166,-0.17704392969608307,0.5275422930717468,0.8171346783638,-0.5284456610679626,0.46321433782577515,0.817363977432251,-0.24168924987316132,0.5369669198989868,0.8548765182495117,-0.5719553828239441,0.4627552628517151,0.8505016565322876,-0.25701525807380676,0.5235112309455872,0.8524826169013977,-0.582197368144989,0.46557968854904175,0.8509620428085327,-0.2936316430568695,0.5205366611480713,0.842665433883667,-0.5308107733726501,0.4681175649166107,0.8419432044029236,-0.25953954458236694,0.5631608366966248,0.6543086767196655,-0.08110082894563675,0.5156980752944946,0.678239107131958,0.08104654401540756,0.5515592098236084,0.7685970664024353,-0.5011902451515198,0.49245578050613403,0.7836976051330566,-0.010400797240436077,0.5474447011947632,0.9426206946372986,-0.44082775712013245,0.5042715072631836,0.9245204329490662,0.1449842005968094,0.5594463348388672,0.966202437877655,-0.4396151006221771,0.5170276761054993,0.9541062116622925,0.1552305668592453,0.5135340094566345,0.9799085855484009,-0.5820934772491455,0.4583419859409332,0.9718146324157715,0.07473623007535934
romanian deadlift_100011.jpg,,,,,,,,,,,,,,,,,,,,,,,,,,,,,,,,,,,,,,,,,,,,,,,,,,,,,,,,,,,,,,,,,,,,,,,,,,,,,,,,,,,,,,,,,,,,,,,,,,,
romanian deadlift_1000111.jpg,0.3825873136520386,0.4831259846687317,-0.6808951497077942,0.38297605514526367,0.4652552008628845,-0.6905854940414429,0.385537713766098,0.4639197587966919,-0.6905843615531921,0.3883483111858368,0.4618266224861145,-0.690722644329071,0.37860697507858276,0.46481993794441223,-0.6559385061264038,0.3780142366886139,0.4635888338088989,-0.6561338305473328,0.3774677515029907,0.4620838463306427,-0.6562753319740295,0.40938931703567505,0.4520028531551361,-0.6588121652603149,0.39602020382881165,0.4550914466381073,-0.505602240562439,0.39579373598098755,0.49651363492012024,-0.6636460423469543,0.39224350452423096,0.49762585759162903,-0.6186535954475403,0.49903714656829834,0.5149359107017517,-0.6485079526901245,0.426127552986145,0.5367664098739624,-0.2820841372013092,0.5375850200653076,0.6547849178314209,-0.6974658370018005,0.4458327293395996,0.6593781113624573,-0.21748492121696472,0.5425256490707397,0.7957981824874878,-0.7168189287185669,0.4607090353965759,0.7845192551612854,-0.27568286657333374,0.5414639115333557,0.8280556797981262,-0.7836000919342041,0.45841437578201294,0.8088444471359253,-0.2808730900287628,0.5306690335273743,0.8316447734832764,-0.7820875644683838,0.45970994234085083,0.8104684352874756,-0.3316563069820404,0.5297395586967468,0.8217289447784424,-0.7191950082778931,0.46330153942108154,0.8038711547851562,-0.2965265214443207,0.5923370122909546,0.5837255120277405,-0.11544936150312424,0.5401002764701843,0.6030831933021545,0.115713931620121,0.5365800857543945,0.7379525899887085,-0.30196699500083923,0.4897229075431824,0.7500895261764526,-0.014728037640452385,0.539905846118927,0.9371576309204102,-0.23437367379665375,0.509277880191803,0.9316524267196655,0.11310212314128876,0.5523790121078491,0.965603232383728,-0.2342943400144577,0.5269260406494141,0.9615640640258789,0.12137135863304138,0.4781512916088104,0.9674882888793945,-0.3617051839828491,0.4615546762943268,0.9648257493972778,0.037094973027706146
romanian deadlift_1000121.jpg,0.3892503082752228,0.30980661511421204,-0.6861670017242432,0.39302095770835876,0.29515013098716736,-0.694936990737915,0.39622652530670166,0.29488059878349304,-0.694947361946106,0.39989131689071655,0.2942713499069214,-0.6950880289077759,0.38868287205696106,0.2937447726726532,-0.660216212272644,0.3886374533176422,0.29295697808265686,-0.6603859663009644,0.38880810141563416,0.2921072840690613,-0.6604407429695129,0.4212374687194824,0.29673057794570923,-0.6601789593696594,0.4090695083141327,0.29513487219810486,-0.5069648027420044,0.4002685248851776,0.32653552293777466,-0.6686323881149292,0.39572104811668396,0.32536232471466064,-0.6233521699905396,0.49539220333099365,0.40753889083862305,-0.6612746715545654,0.43055832386016846,0.425211638212204,-0.26848533749580383,0.534989058971405,0.5400205850601196,-0.7172901034355164,0.45210257172584534,0.5518018007278442,-0.17815913259983063,0.5443828105926514,0.6826597452163696,-0.7745835781097412,0.4610215127468109,0.6883223652839661,-0.1946054846048355,0.5460785627365112,0.7138902544975281,-0.8503492474555969,0.45926669239997864,0.7163655757904053,-0.18636134266853333,0.5347848534584045,0.7176868915557861,-0.8499895930290222,0.46036720275878906,0.7153952121734619,-0.24082303047180176,0.5332472324371338,0.7073656320571899,-0.7777600884437561,0.46468818187713623,0.7067211866378784,-0.21589809656143188,0.5902696847915649,0.5317934155464172,-0.1336698979139328,0.5425747036933899,0.5309041142463684,0.13409239053726196,0.5382373929023743,0.727807343006134,-0.32691675424575806,0.48140114545822144,0.7042105793952942,0.011317298747599125,0.5352117419242859,0.9371480941772461,-0.30008232593536377,0.4889024794101715,0.8683657050132751,0.1498449295759201,0.5492041707038879,0.9656035304069519,-0.30398261547088623,0.4999317526817322,0.8961958885192871,0.15783433616161346,0.4650930166244507,0.9674873352050781,-0.4479445219039917,0.4443318247795105,0.9513565301895142,0.07437171787023544
romanian deadlift_1000131.jpg,0.46221789717674255,0.15351055562496185,-0.22581703960895538,0.47198447585105896,0.13709332048892975,-0.22546620666980743,0.47532472014427185,0.1365993171930313,-0.22551240026950836,0.4786871373653412,0.13618962466716766,-0.22550156712532043,0.46798011660575867,0.13756492733955383,-0.2122904509305954,0.4674702286720276,0.1385687291622162,-0.2124069333076477,0.46771711111068726,0.13868029415607452,-0.212516650557518,0.48463329672813416,0.15603511035442352,-0.20223554968833923,0.4770590662956238,0.154420405626297,-0.14462286233901978,0.47317755222320557,0.1735280454158783,-0.21620109677314758,0.4678206741809845,0.17482955753803253,-0.1989791840314865,0.5193144679069519,0.2680363953113556,-0.2819371819496155,0.48279568552970886,0.30536383390426636,0.002926595974713564,0.5421053171157837,0.4047242999076843,-0.3368062674999237,0.4602643847465515,0.43289077281951904,0.019677694886922836,0.5443122386932373,0.5417301058769226,-0.4220903515815735,0.45300862193107605,0.5753505825996399,-0.04049200192093849,0.54569411277771,0.5794500708580017,-0.48256751894950867,0.45132261514663696,0.5983109474182129,-0.04085415601730347,0.5345146656036377,0.5838885307312012,-0.4647112488746643,0.4534730017185211,0.5987115502357483,-0.08572860807180405,0.5330859422683716,0.5763632655143738,-0.418226420879364,0.4573899805545807,0.5912826657295227,-0.06048312410712242,0.6188565492630005,0.48010024428367615,-0.1321907937526703,0.5902807712554932,0.4946151673793793,0.1325269192457199,0.5586678385734558,0.7022401690483093,-0.22822615504264832,0.5218665599822998,0.7188805341720581,0.011846004985272884,0.5281463861465454,0.9360945820808411,-0.18981529772281647,0.4993261396884918,0.8862204551696777,0.10829699039459229,0.5387369990348816,0.9633387923240662,-0.18851806223392487,0.520901620388031,0.9198363423347473,0.11154557764530182,0.476735383272171,0.9720821976661682,-0.31802648305892944,0.4686719477176666,0.9540910720825195,-0.00127244065515697
romanian deadlift_100021.jpg,0.4648929834365845,0.26775699853897095,-0.09392580389976501,0.4674283564090729,0.24768121540546417,-0.11518671363592148,0.4697212874889374,0.24599172174930573,-0.11522272229194641,0.47206535935401917,0.244122713804245,-0.11524074524641037,0.4651663899421692,0.24889589846134186,-0.07430301606655121,0.4657668173313141,0.24816539883613586,-0.07430700957775116,0.4664708375930786,0.24695797264575958,-0.07433430105447769,0.4889165163040161,0.24088340997695923,-0.1643994152545929,0.4832310676574707,0.24294432997703552,0.014710979536175728,0.47746503353118896,0.2776314318180084,-0.11038627475500107,0.4741399884223938,0.28010234236717224,-0.05775592103600502,0.526860773563385,0.3345471918582916,-0.2660301625728607,0.50999516248703,0.34521669149398804,0.15496492385864258,0.5463317036628723,0.47091200947761536,-0.28751465678215027,0.5281294584274292,0.45921435952186584,0.21557675302028656,0.539996862411499,0.5924704074859619,-0.23797765374183655,0.5338757634162903,0.5831729769706726,0.1607131063938141,0.5397117733955383,0.6152061820030212,-0.2750355303287506,0.5340796709060669,0.5985268354415894,0.17628605663776398,0.5314568281173706,0.6169707179069519,-0.25381574034690857,0.5251075625419617,0.5999082922935486,0.13952623307704926,0.532120406627655,0.6098091006278992,-0.22753973305225372,0.5293868184089661,0.5899910926818848,0.14439214766025543,0.621694803237915,0.5167935490608215,-0.13121093809604645,0.600915789604187,0.5186136364936829,0.1314375102519989,0.5586853623390198,0.7107876539230347,-0.180582195520401,0.5493118762969971,0.7088062763214111,0.07992824912071228,0.5505594611167908,0.9338840842247009,-0.15327025949954987,0.5500031113624573,0.8988197445869446,0.14168314635753632,0.5663182735443115,0.9634058475494385,-0.15147218108177185,0.5647594332695007,0.9296099543571472,0.14518381655216217,0.4833415150642395,0.9671854376792908,-0.23000094294548035,0.48609182238578796,0.9466014504432678,0.10054707527160645
romanian deadlift_100031.jpg,0.4449562728404999,0.3259483277797699,-0.05303565412759781,0.4442097544670105,0.30713072419166565,-0.07602114975452423,0.4462451636791229,0.3050871193408966,-0.07603850960731506,0.4484540820121765,0.30276018381118774,-0.07603003084659576,0.44199874997138977,0.3086127042770386,-0.0355432964861393,0.442362517118454,0.30786627531051636,-0.03557805344462395,0.4428179860115051,0.306697815656662,-0.035712841898202896,0.46669819951057434,0.2913735806941986,-0.14145421981811523,0.4606514573097229,0.29540306329727173,0.03524261340498924,0.45840051770210266,0.3331771194934845,-0.07564231753349304,0.45601221919059753,0.33538684248924255,-0.023829929530620575,0.5273231863975525,0.35444000363349915,-0.25468459725379944,0.5051930546760559,0.3696206510066986,0.1654391586780548,0.5482779741287231,0.49393051862716675,-0.2816310524940491,0.5411242246627808,0.4811466932296753,0.2018672078847885,0.5400300621986389,0.6266947984695435,-0.22482487559318542,0.539819598197937,0.6130819320678711,0.12846645712852478,0.5397598147392273,0.6549736261367798,-0.2580053210258484,0.5377975106239319,0.6422497034072876,0.1345789134502411,0.5323264002799988,0.6531069278717041,-0.24332353472709656,0.533591628074646,0.6404987573623657,0.09884293377399445,0.5325183868408203,0.6450566053390503,-0.21689210832118988,0.5343526005744934,0.6330832839012146,0.11087264120578766,0.6254386305809021,0.5296298265457153,-0.132059246301651,0.6001557111740112,0.5369448065757751,0.13213476538658142,0.5563156008720398,0.714775025844574,-0.17004285752773285,0.5461930632591248,0.7046298384666443,0.1208302304148674,0.555341899394989,0.9337361454963684,-0.13575701415538788,0.5570840239524841,0.9030221700668335,0.2012806087732315,0.5730255246162415,0.9636003375053406,-0.13533449172973633,0.5709555149078369,0.9336708188056946,0.2065264731645584,0.4888971149921417,0.966291069984436,-0.21186590194702148,0.4925527274608612,0.9441813826560974,0.17202652990818024
romanian deadlift_100041.jpg,0.43604838848114014,0.36125704646110535,-0.06228132173418999,0.44082358479499817,0.3423415422439575,-0.0837552472949028,0.4400129020214081,0.33910995721817017,-0.08375842124223709,0.43999308347702026,0.33565008640289307,-0.08375929296016693,0.4364146590232849,0.3445919156074524,-0.044141557067632675,0.4351198971271515,0.34299808740615845,-0.044150687754154205,0.43423622846603394,0.34073591232299805,-0.04424770921468735,0.45444047451019287,0.3047153055667877,-0.15295426547527313,0.4529241621494293,0.30183014273643494,0.01958061195909977,0.44877317547798157,0.35302484035491943,-0.08752957731485367,0.4452327489852905,0.35478493571281433,-0.03671353682875633,0.5218063592910767,0.3760165274143219,-0.2663746476173401,0.4998539388179779,0.3963037133216858,0.1449442207813263,0.547760546207428,0.5088958144187927,-0.2966051399707794,0.5374887585639954,0.5090662837028503,0.17725218832492828,0.5371139049530029,0.6442015767097473,-0.2547653317451477,0.5403628945350647,0.6314217448234558,0.11411576718091965,0.5397722721099854,0.6727828979492188,-0.293857216835022,0.543195903301239,0.6621538400650024,0.12221317738294601,0.5316816568374634,0.6731790900230408,-0.2780560553073883,0.5381074547767639,0.659174382686615,0.0859614759683609,0.5316733717918396,0.6631069779396057,-0.24691465497016907,0.5374986529350281,0.6501927375793457,0.09697263687849045,0.6283203363418579,0.5345656275749207,-0.13078190386295319,0.6073556542396545,0.5437229871749878,0.13088221848011017,0.5568217039108276,0.7161301374435425,-0.15792137384414673,0.5511727929115295,0.7100077867507935,0.09183266013860703,0.5565925240516663,0.9304864406585693,-0.10414843261241913,0.5579090118408203,0.906337559223175,0.16867497563362122,0.5741264820098877,0.9630297422409058,-0.10150627046823502,0.5736483335494995,0.9380723834037781,0.17522770166397095,0.4923430383205414,0.9660379886627197,-0.17404621839523315,0.495979905128479,0.9455317854881287,0.12010880559682846
romanian deadlift_100051.jpg,0.43304046988487244,0.4345136880874634,-0.012004410848021507,0.42855092883110046,0.42118170857429504,-0.03427153080701828,0.4266849756240845,0.4181942939758301,-0.034289415925741196,0.42558541893959045,0.41497835516929626,-0.03430083766579628,0.43002548813819885,0.4227810800075531,0.0061043608002364635,0.42995625734329224,0.42116764187812805,0.006117844022810459,0.42989155650138855,0.4192924499511719,0.006001326721161604,0.43506771326065063,0.3901387155056,-0.11059445887804031,0.4387701749801636,0.3932015597820282,0.06743763387203217,0.4446260631084442,0.4274962246417999,-0.03914456069469452,0.44071540236473083,0.42953965067863464,0.013110497035086155,0.5096620321273804,0.3821079730987549,-0.23183396458625793,0.495272696018219,0.39759737253189087,0.18318253755569458,0.5431024432182312,0.5236407518386841,-0.2651287615299225,0.5300448536872864,0.5230647921562195,0.21176327764987946,0.5344864130020142,0.660402774810791,-0.21648883819580078,0.5379793047904968,0.6507574915885925,0.15732702612876892,0.5377457141876221,0.6893512606620789,-0.2508109211921692,0.5361196994781494,0.6772329807281494,0.169794499874115,0.5302358269691467,0.6912850141525269,-0.2358892261981964,0.5336905717849731,0.6772605776786804,0.1381777822971344,0.5304861068725586,0.681327760219574,-0.20914918184280396,0.5352248549461365,0.6686280369758606,0.1422078013420105,0.6310824155807495,0.5400222539901733,-0.13312333822250366,0.6124600172042847,0.5524426698684692,0.13320933282375336,0.5559559464454651,0.7270989418029785,-0.13928021490573883,0.5517813563346863,0.7123162746429443,0.09959551692008972,0.5560573935508728,0.930715024471283,-0.07213923335075378,0.5572861433029175,0.9075437784194946,0.17494580149650574,0.57179194688797,0.9639204144477844,-0.06695699691772461,0.5706364512443542,0.9475083947181702,0.17959345877170563,0.4950944781303406,0.9656153917312622,-0.1274379938840866,0.4981216788291931,0.9458328485488892,0.1309933215379715
romanian deadlift_100061.jpg,0.4223909080028534,0.4824526607990265,-0.07935535162687302,0.41192391514778137,0.4693629741668701,-0.10264825075864792,0.4110484719276428,0.46645087003707886,-0.102656789124012,0.4105638861656189,0.4630618691444397,-0.10266979783773422,0.4135885238647461,0.47033438086509705,-0.06101060286164284,0.4139123558998108,0.46846723556518555,-0.0610087513923645,0.414223313331604,0.4660690426826477,-0.06112818792462349,0.41945499181747437,0.43719542026519775,-0.17908845841884613,0.42083027958869934,0.44153645634651184,0.004691275302320719,0.4353090822696686,0.4767593443393707,-0.10608544945716858,0.4347531497478485,0.47768452763557434,-0.05215447396039963,0.4948052763938904,0.4316880404949188,-0.2952401041984558,0.4896076023578644,0.44151586294174194,0.135326087474823,0.5323705077171326,0.5678154230117798,-0.3349892795085907,0.5243686437606812,0.568297266960144,0.1684357225894928,0.5328636765480042,0.705058217048645,-0.286783903837204,0.53193598985672,0.683951735496521,0.09987452626228333,0.5369261503219604,0.7392809391021729,-0.3282109797000885,0.5314492583274841,0.7196477055549622,0.11097870767116547,0.5293257832527161,0.7456863522529602,-0.31180837750434875,0.5283016562461853,0.7282686233520508,0.07256805896759033,0.5298787951469421,0.7295233011245728,-0.2791634500026703,0.5309906601905823,0.7132214903831482,0.08173999935388565,0.6307874321937561,0.5607221126556396,-0.13666892051696777,0.6137057542800903,0.5683170557022095,0.13678020238876343,0.5581766366958618,0.7353214621543884,-0.09874623268842697,0.5545722246170044,0.7145147323608398,0.15870404243469238,0.5566082000732422,0.9308329820632935,0.002828120021149516,0.5575055480003357,0.9116514325141907,0.28462108969688416,0.5717342495918274,0.9640839695930481,0.010488486848771572,0.570698082447052,0.9501723647117615,0.2939539849758148,0.49457234144210815,0.9655271172523499,-0.050131749361753464,0.49862125515937805,0.9480211138725281,0.24884825944900513
romanian deadlift_100071.jpg,0.42002737522125244,0.5254882574081421,-0.07439132779836655,0.40786805748939514,0.5135179758071899,-0.09782087802886963,0.4072946608066559,0.5106644630432129,-0.09783552587032318,0.4069336950778961,0.507430374622345,-0.0978429839015007,0.40929698944091797,0.5146650671958923,-0.056628406047821045,0.40957871079444885,0.513092041015625,-0.05661718174815178,0.4098203778266907,0.5111727714538574,-0.05673148110508919,0.4134627878665924,0.4836341142654419,-0.17798957228660583,0.41454583406448364,0.4883391857147217,0.005459352862089872,0.4339303970336914,0.5159927606582642,-0.10240020602941513,0.43454089760780334,0.5172579288482666,-0.04868677631020546,0.48908236622810364,0.474089652299881,-0.2939181923866272,0.48617127537727356,0.4782872200012207,0.13105832040309906,0.5297766327857971,0.6080642342567444,-0.3255375027656555,0.5230483412742615,0.5987426042556763,0.16353510320186615,0.5331124067306519,0.7418171167373657,-0.2573462724685669,0.5336006283760071,0.7106376886367798,0.09935565292835236,0.5368200540542603,0.7765520811080933,-0.296092689037323,0.5347944498062134,0.7399361729621887,0.11124154180288315,0.5293434858322144,0.7817826271057129,-0.2779216170310974,0.53180992603302,0.7486276626586914,0.0741998478770256,0.5299074053764343,0.7673330307006836,-0.24864940345287323,0.5342656970024109,0.7376351356506348,0.08194268494844437,0.6305332183837891,0.583673357963562,-0.13527804613113403,0.6151719689369202,0.5865700244903564,0.13540299236774445,0.5587933659553528,0.7347962260246277,-0.10198675096035004,0.5549356937408447,0.7185909748077393,0.1986987143754959,0.5570078492164612,0.9302553534507751,-0.007075446657836437,0.5551878809928894,0.9085913896560669,0.343124657869339,0.5721861720085144,0.9627428650856018,-0.0003631830040831119,0.5685473680496216,0.9456941485404968,0.35422995686531067,0.495609313249588,0.9638954997062683,-0.05832883343100548,0.4969370663166046,0.9492340087890625,0.3164581060409546
romanian deadlift_100081.jpg,0.417148619890213,0.5527784824371338,-0.07995359599590302,0.40525439381599426,0.5426222085952759,-0.10455682128667831,0.4048939645290375,0.5397953391075134,-0.10459073632955551,0.40471184253692627,0.536500096321106,-0.10463658720254898,0.40641099214553833,0.5433911681175232,-0.06103745475411415,0.4066738188266754,0.5415328741073608,-0.06101278215646744,0.4069196879863739,0.5392492413520813,-0.06111200153827667,0.4108279049396515,0.5104060173034668,-0.18600711226463318,0.411611944437027,0.5119327306747437,0.00872667133808136,0.43178021907806396,0.5431549549102783,-0.10767318308353424,0.433702290058136,0.5435816049575806,-0.05060828477144241,0.48263582587242126,0.50343918800354,-0.30343565344810486,0.4855034053325653,0.4985668659210205,0.14188595116138458,0.5297438502311707,0.6288639903068542,-0.3445461094379425,0.5271356701850891,0.6204753518104553,0.17015430331230164,0.5333203673362732,0.7663058638572693,-0.28729331493377686,0.5378105640411377,0.7366841435432434,0.1004023626446724,0.5365363359451294,0.8020748496055603,-0.33423736691474915,0.5373092889785767,0.7756332159042358,0.11043298244476318,0.529335081577301,0.8070608973503113,-0.3104460835456848,0.5340227484703064,0.7802726626396179,0.06819435954093933,0.5298896431922913,0.7961128950119019,-0.27709588408470154,0.5346097350120544,0.7707334160804749,0.0804610401391983,0.6296850442886353,0.597350001335144,-0.140786811709404,0.6212831735610962,0.595704972743988,0.14095881581306458,0.5570210814476013,0.7422818541526794,-0.07324346899986267,0.5549666881561279,0.7354332804679871,0.20382608473300934,0.559531569480896,0.9333720803260803,0.07610590755939484,0.5616315603256226,0.9178476333618164,0.35294386744499207,0.5733837485313416,0.9635223150253296,0.089410699903965,0.5731710195541382,0.9484596848487854,0.3654100298881531,0.5095864534378052,0.9639221429824829,0.04151737317442894,0.5142298936843872,0.950398325920105,0.32032495737075806
romanian deadlift_100091.jpg,0.4165060818195343,0.562371551990509,-0.07649357616901398,0.40411192178726196,0.5490046739578247,-0.10129047930240631,0.4038446247577667,0.5460236072540283,-0.1013384759426117,0.40364769101142883,0.542573869228363,-0.10140173882246017,0.4048190116882324,0.5500675439834595,-0.057211630046367645,0.4049854874610901,0.548137903213501,-0.05719546601176262,0.4050983786582947,0.5456482768058777,-0.057296328246593475,0.409849613904953,0.517986536026001,-0.18150609731674194,0.40972986817359924,0.5209919810295105,0.017364706844091415,0.42985716462135315,0.5557307600975037,-0.10377948731184006,0.4320162832736969,0.5563303232192993,-0.045500967651605606,0.4806004464626312,0.5077387690544128,-0.300169974565506,0.484369158744812,0.5185909271240234,0.15126848220825195,0.5299208164215088,0.6437740921974182,-0.34369614720344543,0.5304513573646545,0.6400420665740967,0.18211276829242706,0.5335779786109924,0.780211865901947,-0.28003033995628357,0.5391371250152588,0.7550660967826843,0.11938917636871338,0.536590039730072,0.8123225569725037,-0.3251495659351349,0.5390227437019348,0.7947708368301392,0.1298617422580719,0.5297440886497498,0.8220453858375549,-0.3005552589893341,0.5355170965194702,0.8013859391212463,0.08816912025213242,0.5300971269607544,0.8132804036140442,-0.2695328891277313,0.5365217924118042,0.7893502712249756,0.09904222935438156,0.63421231508255,0.5927111506462097,-0.1394336223602295,0.6259925961494446,0.5973401665687561,0.1395692080259323,0.5567522644996643,0.7429307103157043,-0.07298550009727478,0.5702313780784607,0.7579396367073059,0.18147604167461395,0.564207911491394,0.9385942816734314,0.08490452915430069,0.5658698678016663,0.931717574596405,0.32205432653427124,0.5772289633750916,0.9625825881958008,0.10021483153104782,0.57558673620224,0.9552425146102905,0.3333594501018524,0.5433288216590881,0.9646947383880615,0.05861935764551163,0.5416944622993469,0.9656022787094116,0.2831438183784485
romanian deadlift_100101.jpg,0.4146929085254669,0.550250768661499,-0.06045294553041458,0.40226754546165466,0.5366829633712769,-0.08390114456415176,0.4021751582622528,0.5335506200790405,-0.08394648134708405,0.4022151529788971,0.5295961499214172,-0.08401645720005035,0.40308740735054016,0.5376361608505249,-0.04245223104953766,0.40349021553993225,0.5358913540840149,-0.04245048016309738,0.4038650393486023,0.5338132977485657,-0.04254448041319847,0.4097643792629242,0.5047519207000732,-0.15892718732357025,0.4100418984889984,0.5110949277877808,0.027667874470353127,0.4278339445590973,0.5420118570327759,-0.08587973564863205,0.4297572374343872,0.5418285131454468,-0.031198499724268913,0.4807524085044861,0.4972621500492096,-0.28087279200553894,0.4838504195213318,0.519172728061676,0.16333259642124176,0.530231237411499,0.6291276812553406,-0.31793755292892456,0.5280292630195618,0.6349123120307922,0.20517702400684357,0.5334854125976562,0.7696182131767273,-0.25463658571243286,0.5379010438919067,0.752155065536499,0.15925931930541992,0.5365593433380127,0.8013701438903809,-0.2940697968006134,0.5342016220092773,0.7929735779762268,0.17047540843486786,0.529365062713623,0.8094094395637512,-0.27278485894203186,0.5306738615036011,0.7987980246543884,0.13412199914455414,0.5296223163604736,0.8007420897483826,-0.24462489783763885,0.5323394536972046,0.7881942987442017,0.1410462111234665,0.639018714427948,0.5918244123458862,-0.13840502500534058,0.6285093426704407,0.5929334163665771,0.13856272399425507,0.5574365258216858,0.7418447136878967,-0.08599337935447693,0.562418520450592,0.7520995140075684,0.16155236959457397,0.563002347946167,0.9384796023368835,0.057778600603342056,0.5632269382476807,0.9302343726158142,0.29029732942581177,0.5773752927780151,0.9584316611289978,0.07301492989063263,0.5741198658943176,0.9546782374382019,0.3007071614265442,0.5325090885162354,0.953487753868103,0.040284037590026855,0.5339294075965881,0.952934205532074,0.2571414113044739
romanian deadlift_100111.jpg,0.42035624384880066,0.41105762124061584,0.01256483606994152,0.41231483221054077,0.39426252245903015,-0.008985449559986591,0.41310274600982666,0.3911389112472534,-0.009049165062606335,0.41394272446632385,0.38769760727882385,-0.00912341009825468,0.4120766520500183,0.3967958688735962,0.03128430247306824,0.4126555621623993,0.39567115902900696,0.031242744997143745,0.41314321756362915,0.3941952586174011,0.031125355511903763,0.42582499980926514,0.3690931499004364,-0.07220447063446045,0.4237711727619171,0.37581667304039,0.10865740478038788,0.43463611602783203,0.40909960865974426,-0.00964619405567646,0.434919148683548,0.4119091033935547,0.04337897151708603,0.49238157272338867,0.39683786034584045,-0.20271457731723785,0.4894926846027374,0.431729793548584,0.22810769081115723,0.5306844115257263,0.5198599100112915,-0.23853977024555206,0.5252503752708435,0.5477010607719421,0.274631142616272,0.5336072444915771,0.6447546482086182,-0.1772013008594513,0.5352500081062317,0.6683244109153748,0.21491727232933044,0.5373832583427429,0.6747419834136963,-0.21022382378578186,0.532986581325531,0.6990929245948792,0.22065626084804535,0.5293705463409424,0.6790522933006287,-0.19432392716407776,0.5294287204742432,0.6983859539031982,0.1867159903049469,0.5291260480880737,0.6707403659820557,-0.1685420721769333,0.5305930376052856,0.6872572898864746,0.1968698501586914,0.6362119317054749,0.5316786170005798,-0.1391318291425705,0.6275468468666077,0.539661705493927,0.1392006278038025,0.561488926410675,0.7325072288513184,-0.10041429102420807,0.5576438307762146,0.7120900750160217,0.1516776829957962,0.56233149766922,0.9293618202209473,0.030765654519200325,0.5608508586883545,0.8932828307151794,0.24512912333011627,0.5763229727745056,0.9497811198234558,0.03484521061182022,0.5724653601646423,0.9387080669403076,0.2510800361633301,0.530157744884491,0.9539501667022705,-0.03314875811338425,0.5259592533111572,0.9435469508171082,0.19842363893985748
romanian deadlift_100121.jpg,0.475932776927948,0.2612933814525604,0.21055792272090912,0.47576236724853516,0.24449144303798676,0.1968226134777069,0.47735127806663513,0.24284403026103973,0.196753591299057,0.47912800312042236,0.24101471900939941,0.19669897854328156,0.4750452935695648,0.2450864017009735,0.22910617291927338,0.47599369287490845,0.24393045902252197,0.22908513247966766,0.477030873298645,0.2424246221780777,0.229047030210495,0.4949277639389038,0.2342393696308136,0.14271371066570282,0.4925380349159241,0.23441992700099945,0.2863917350769043,0.48562589287757874,0.26882562041282654,0.18954753875732422,0.4842853546142578,0.2694263458251953,0.2318066954612732,0.5063567757606506,0.3327101469039917,-0.01034416165202856,0.5213860869407654,0.377208411693573,0.3678044378757477,0.535617470741272,0.4296126067638397,-0.08865679800510406,0.544818639755249,0.4869207739830017,0.3957131505012512,0.5256866216659546,0.5198948979377747,-0.15136709809303284,0.5330029129981995,0.5746181607246399,0.3562174141407013,0.523065447807312,0.5436928272247314,-0.1946433186531067,0.529718279838562,0.5865098834037781,0.3681694269180298,0.5121954679489136,0.536958634853363,-0.1708967387676239,0.5162611603736877,0.5866850018501282,0.3394462764263153,0.515560507774353,0.5310044288635254,-0.14312419295310974,0.5151287317276001,0.5834526419639587,0.34237921237945557,0.6313683390617371,0.48684683442115784,-0.14215940237045288,0.6260126829147339,0.5019330978393555,0.1423185020685196,0.5650938153266907,0.7239826917648315,-0.2001018077135086,0.5594467520713806,0.7155171036720276,0.07650364190340042,0.5620012283325195,0.9197651147842407,-0.19171443581581116,0.5605441331863403,0.9011938571929932,0.11099518090486526,0.5756720900535583,0.9490855932235718,-0.18755118548870087,0.57057785987854,0.930773138999939,0.11244480311870575,0.5267002582550049,0.9424213171005249,-0.2544003427028656,0.527760922908783,0.9394938349723816,0.04489877074956894
romanian deadlift_100131.jpg,0.5040897130966187,0.23392555117607117,0.002702481346204877,0.5085241198539734,0.21697455644607544,-0.01606617122888565,0.5109102129936218,0.21568885445594788,-0.01611247844994068,0.5136090517044067,0.21416246891021729,-0.016190188005566597,0.5060455799102783,0.2180042266845703,0.02357202023267746,0.5066198706626892,0.21736812591552734,0.023559844121336937,0.507431149482727,0.21641193330287933,0.02347213588654995,0.5329304337501526,0.2109622359275818,-0.07331667840480804,0.5261733531951904,0.212289959192276,0.14100588858127594,0.5156055688858032,0.2451275736093521,-0.01705414243042469,0.5122399926185608,0.24736353754997253,0.03595328703522682,0.5335225462913513,0.31848829984664917,-0.19390884041786194,0.5380095839500427,0.33884933590888977,0.22511026263237,0.5359399318695068,0.46037784218788147,-0.22775273025035858,0.5385082960128784,0.4750736355781555,0.21109938621520996,0.5242087244987488,0.5653636455535889,-0.23065342009067535,0.531630277633667,0.5705691576004028,0.2519627511501312,0.5206375122070312,0.5927133560180664,-0.2739720940589905,0.5294327139854431,0.596963107585907,0.3348936438560486,0.5140061974525452,0.5944019556045532,-0.25267693400382996,0.518500030040741,0.5974003672599792,0.2893029749393463,0.5165643095970154,0.586266040802002,-0.22229430079460144,0.5185522437095642,0.5914908647537231,0.2823159992694855,0.6356780529022217,0.48717159032821655,-0.14159508049488068,0.6271981000900269,0.49289634823799133,0.14169937372207642,0.5655885934829712,0.7213684320449829,-0.18611495196819305,0.5600021481513977,0.7091397047042847,0.07419813424348831,0.5633829832077026,0.9216130375862122,-0.16002050042152405,0.5705577731132507,0.8765439987182617,0.15359395742416382,0.5772765278816223,0.9501352906227112,-0.1574125587940216,0.5792195200920105,0.8949540257453918,0.1593315154314041,0.5189286470413208,0.9459043741226196,-0.24641063809394836,0.5421341061592102,0.9148661494255066,0.09127266705036163
romanian deadlift_100141.jpg,0.5113736391067505,0.22147122025489807,-0.11303958296775818,0.5159876942634583,0.20515480637550354,-0.13440880179405212,0.5179687142372131,0.2045520395040512,-0.1344297081232071,0.5201747417449951,0.20396198332309723,-0.13441507518291473,0.5144659280776978,0.20516511797904968,-0.09970445930957794,0.5152852535247803,0.20448318123817444,-0.09975112974643707,0.5162646174430847,0.20375767350196838,-0.099810890853405,0.5372222065925598,0.20591488480567932,-0.182658389210701,0.5331517457962036,0.20596440136432648,-0.028870839625597,0.5195525288581848,0.23508158326148987,-0.12931551039218903,0.5172639489173889,0.23653915524482727,-0.08471431583166122,0.5502163171768188,0.3123362362384796,-0.25933223962783813,0.536384642124176,0.3273472189903259,0.0998927652835846,0.5465682148933411,0.4543563723564148,-0.25059545040130615,0.5350383520126343,0.4530654847621918,0.12896636128425598,0.5266734957695007,0.5604005455970764,-0.25495702028274536,0.5301544070243835,0.5596762895584106,0.08091173321008682,0.5260809659957886,0.5896896719932556,-0.30623263120651245,0.5291242003440857,0.5902689695358276,0.0955745205283165,0.5173074007034302,0.5896342992782593,-0.294989675283432,0.5194483995437622,0.5904948115348816,0.053194861859083176,0.5192281603813171,0.5803428888320923,-0.2515053451061249,0.5197771191596985,0.5831148624420166,0.06734748929738998,0.6119023561477661,0.5084339380264282,-0.1347913295030594,0.6049647927284241,0.5108561515808105,0.1349712312221527,0.5650690197944641,0.7207972407341003,-0.17009375989437103,0.5593289136886597,0.7082828879356384,0.09359470754861832,0.563352644443512,0.9231230616569519,-0.127278670668602,0.5674849152565002,0.8806788921356201,0.17824572324752808,0.5777894258499146,0.951918363571167,-0.12556909024715424,0.5766505002975464,0.9070900082588196,0.18253999948501587,0.5051817297935486,0.9489561319351196,-0.2273409217596054,0.5104900598526001,0.9224913120269775,0.10240299254655838
romanian deadlift_100151.jpg,0.510594367980957,0.2203412652015686,-0.0804053395986557,0.5161553621292114,0.20366986095905304,-0.1039905846118927,0.5184125900268555,0.20264832675457,-0.1040293276309967,0.5209838151931763,0.20174747705459595,-0.10398289561271667,0.5143370628356934,0.2042265087366104,-0.06461849063634872,0.5150543451309204,0.2035810500383377,-0.0646212175488472,0.5159604549407959,0.20284445583820343,-0.06469861418008804,0.5380776524543762,0.20405523478984833,-0.15136295557022095,0.532060980796814,0.20486195385456085,0.018618574365973473,0.5192314386367798,0.23312769830226898,-0.0966828241944313,0.5166045427322388,0.23433059453964233,-0.04679699242115021,0.561294674873352,0.28670644760131836,-0.24598346650600433,0.5323416590690613,0.31918030977249146,0.14561468362808228,0.5538545846939087,0.42183977365493774,-0.2706074118614197,0.5332563519477844,0.4429396390914917,0.1779492199420929,0.5326544046401978,0.5435099005699158,-0.25998514890670776,0.5271486639976501,0.5605588555335999,0.10914551466703415,0.5318820476531982,0.5786319375038147,-0.3091168999671936,0.5259963870048523,0.5920640230178833,0.11854521930217743,0.522006630897522,0.5839710235595703,-0.2979007065296173,0.5193750262260437,0.5919612646102905,0.0683034360408783,0.5242507457733154,0.5728505849838257,-0.2528802752494812,0.5198663473129272,0.5837498307228088,0.09005223214626312,0.6057279109954834,0.510387659072876,-0.1320115625858307,0.593107283115387,0.5154601335525513,0.13214683532714844,0.5653685927391052,0.7187429666519165,-0.16166681051254272,0.558857798576355,0.7056397795677185,0.10035273432731628,0.5629781484603882,0.925384521484375,-0.11323218792676926,0.5654211640357971,0.8813237547874451,0.1772710382938385,0.5773630142211914,0.9586350321769714,-0.11257001012563705,0.5756257176399231,0.9187114238739014,0.17866763472557068,0.500555694103241,0.9586132764816284,-0.21063092350959778,0.5064989924430847,0.9331833720207214,0.09337069094181061
romanian deadlift_100161.jpg,0.5062110424041748,0.2222423106431961,-0.12558399140834808,0.5107195973396301,0.20468536019325256,-0.1499430388212204,0.5127885937690735,0.20356205105781555,-0.14997252821922302,0.5151100754737854,0.20236100256443024,-0.15000677108764648,0.509203314781189,0.2050812989473343,-0.1098676547408104,0.5100871324539185,0.20420897006988525,-0.10982115566730499,0.5112230181694031,0.20310145616531372,-0.10988984256982803,0.5328881144523621,0.20280452072620392,-0.20141690969467163,0.5275810360908508,0.2028077393770218,-0.026961645111441612,0.5167399644851685,0.23447966575622559,-0.14200706779956818,0.5141385793685913,0.23594678938388824,-0.09072785824537277,0.5580809116363525,0.2831931710243225,-0.3011149764060974,0.5319598317146301,0.3127306401729584,0.11989495158195496,0.5513581037521362,0.4210563600063324,-0.34213441610336304,0.5321494936943054,0.4435935616493225,0.17301665246486664,0.532770574092865,0.5557392835617065,-0.3293190896511078,0.5262851119041443,0.56197190284729,0.11047661304473877,0.5322710871696472,0.5886189937591553,-0.37777775526046753,0.5258963108062744,0.5934507250785828,0.12179940193891525,0.5233328938484192,0.5917798280715942,-0.36311864852905273,0.5198937654495239,0.5952227115631104,0.07439858466386795,0.525097131729126,0.5821011066436768,-0.32197290658950806,0.5207052826881409,0.5868018865585327,0.09043016284704208,0.5870682001113892,0.5165979862213135,-0.12923336029052734,0.5769935846328735,0.5210967063903809,0.1293749213218689,0.5651015639305115,0.7194757461547852,-0.11996080726385117,0.5588344931602478,0.7086645364761353,0.16238746047019958,0.5628341436386108,0.9291634559631348,-0.08175890892744064,0.5644289255142212,0.8903910517692566,0.2577327787876129,0.5771024823188782,0.9621431231498718,-0.08826039731502533,0.5746772289276123,0.9234679341316223,0.2622486352920532,0.49573856592178345,0.9601374864578247,-0.18075664341449738,0.5033925175666809,0.9350901246070862,0.1782435029745102
romanian deadlift_100171.jpg,0.49764806032180786,0.23354685306549072,-0.1260162889957428,0.500934362411499,0.21541143953800201,-0.15184007585048676,0.5031614899635315,0.21386662125587463,-0.151853546500206,0.5055138468742371,0.21230848133563995,-0.15188689529895782,0.4992069900035858,0.21644160151481628,-0.11103139072656631,0.500067412853241,0.21564579010009766,-0.11098217964172363,0.5011549592018127,0.2146458774805069,-0.11106721311807632,0.5247830748558044,0.20952439308166504,-0.20954012870788574,0.5198134779930115,0.21086516976356506,-0.030632836744189262,0.5085171461105347,0.24447101354599,-0.1438715159893036,0.5059378743171692,0.2467149943113327,-0.09154395014047623,0.5567270517349243,0.2818407118320465,-0.3185022473335266,0.5314229726791382,0.31318336725234985,0.12195361405611038,0.5499597787857056,0.4156288504600525,-0.37748703360557556,0.5315787196159363,0.4398283362388611,0.1773149073123932,0.5334821939468384,0.5492661595344543,-0.38356760144233704,0.5255065560340881,0.555408775806427,0.11285661160945892,0.5343541502952576,0.5827744603157043,-0.43453553318977356,0.5241733193397522,0.5924497246742249,0.12415067106485367,0.5251089334487915,0.5825729370117188,-0.4228748679161072,0.5195688605308533,0.5940342545509338,0.07874186336994171,0.526046872138977,0.5737289786338806,-0.3779316246509552,0.5206005573272705,0.5837909579277039,0.09428057074546814,0.5812776684761047,0.519953727722168,-0.12967640161514282,0.5678967237472534,0.5242191553115845,0.12977641820907593,0.5646525025367737,0.7202674746513367,-0.11581911146640778,0.5583115220069885,0.7105012536048889,0.19567647576332092,0.5628488659858704,0.9299551844596863,-0.08060254156589508,0.5638406276702881,0.8946083188056946,0.30956634879112244,0.5768797993659973,0.9631620049476624,-0.08478932827711105,0.5742287039756775,0.9248878359794617,0.3164134621620178,0.49680644273757935,0.9611324071884155,-0.18890433013439178,0.5040823817253113,0.9354718327522278,0.2363440841436386
romanian deadlift_100181.jpg,0.48500025272369385,0.26124462485313416,-0.08084522187709808,0.4908384680747986,0.24370385706424713,-0.10731412470340729,0.494605153799057,0.24161480367183685,-0.10731714218854904,0.49836328625679016,0.23939651250839233,-0.10730314254760742,0.4877850115299225,0.24580197036266327,-0.06336424499750137,0.48904433846473694,0.2452920526266098,-0.06332217156887054,0.490816593170166,0.24455764889717102,-0.0634322315454483,0.5188336372375488,0.23202364146709442,-0.1821240782737732,0.5134803056716919,0.23638127744197845,0.014602692797780037,0.4989851415157318,0.26970669627189636,-0.10468645393848419,0.49555838108062744,0.2734961211681366,-0.048273053020238876,0.5500416159629822,0.29417699575424194,-0.3104211091995239,0.5276049375534058,0.32571589946746826,0.15812142193317413,0.5536839365959167,0.4313928484916687,-0.34671536087989807,0.5344892144203186,0.44976070523262024,0.21773266792297363,0.5355926156044006,0.5580722093582153,-0.35382214188575745,0.5264878869056702,0.5511760115623474,0.15155857801437378,0.5385046601295471,0.594325065612793,-0.4004780352115631,0.5241963863372803,0.5939632654190063,0.16004833579063416,0.5288951396942139,0.5965551733970642,-0.39161643385887146,0.5195791721343994,0.5994990468025208,0.1167418509721756,0.5283210277557373,0.5857548117637634,-0.3490414023399353,0.5219557285308838,0.5822427272796631,0.13150791823863983,0.5918863415718079,0.5207151770591736,-0.13052260875701904,0.5727306008338928,0.5259467363357544,0.130520299077034,0.5607224106788635,0.7206932306289673,-0.17263594269752502,0.5527737736701965,0.7095865607261658,0.1744355708360672,0.5626736283302307,0.9313051700592041,-0.17959251999855042,0.5636188983917236,0.8968546390533447,0.26889482140541077,0.5767906308174133,0.9676315188407898,-0.18725796043872833,0.5737224817276001,0.9293622970581055,0.2772216498851776,0.49567118287086487,0.963502824306488,-0.3073245882987976,0.5029284954071045,0.9362677931785583,0.20385165512561798
romanian deadlift_100191.jpg,0.4543221890926361,0.314927339553833,-0.07973529398441315,0.4527578353881836,0.2981478273868561,-0.10582088679075241,0.4549707770347595,0.29509231448173523,-0.1058197021484375,0.45735424757003784,0.2917584478855133,-0.10580003261566162,0.45143696665763855,0.3006093502044678,-0.061687782406806946,0.45243561267852783,0.2995857000350952,-0.0616486519575119,0.45366981625556946,0.298321396112442,-0.06176156550645828,0.47715291380882263,0.2715896964073181,-0.17867980897426605,0.4744125008583069,0.2784363627433777,0.015943627804517746,0.47043168544769287,0.3181656002998352,-0.10441148281097412,0.4684731066226959,0.3208225667476654,-0.04772891476750374,0.5440248847007751,0.2973397970199585,-0.29818472266197205,0.5274603962898254,0.3277631103992462,0.15045180916786194,0.5534588098526001,0.4362052381038666,-0.3425001800060272,0.5399872660636902,0.4556930959224701,0.1977379471063614,0.5409057140350342,0.5641287565231323,-0.34000545740127563,0.5303047895431519,0.5626185536384583,0.11213506013154984,0.5466583371162415,0.5959373712539673,-0.3852258324623108,0.5302702784538269,0.6057478785514832,0.11448255926370621,0.5354791879653931,0.6059257984161377,-0.37700796127319336,0.5243191719055176,0.6023308634757996,0.07435538619756699,0.5340789556503296,0.6000174283981323,-0.3358706831932068,0.5277708768844604,0.5977265238761902,0.09224062412977219,0.597729504108429,0.5447235107421875,-0.130679190158844,0.5790573954582214,0.5550068020820618,0.13069142401218414,0.5569202899932861,0.7212269306182861,-0.19871440529823303,0.5428972244262695,0.7079092264175415,0.14933894574642181,0.5626803040504456,0.9322815537452698,-0.19110651314258575,0.5626872181892395,0.8999769687652588,0.21659968793392181,0.5776752829551697,0.9682325720787048,-0.19638913869857788,0.573083758354187,0.935542643070221,0.2184792011976242,0.4961015284061432,0.965359091758728,-0.30981379747390747,0.5005971789360046,0.9422896504402161,0.15249083936214447
romanian deadlift_100201.jpg,0.4385995864868164,0.37551349401474,-0.0738958790898323,0.4340631663799286,0.35755255818367004,-0.09921184927225113,0.43518659472465515,0.354653000831604,-0.09922974556684494,0.4364224076271057,0.3514763414859772,-0.09922728687524796,0.4338851571083069,0.35907551646232605,-0.05468269810080528,0.43480807542800903,0.35754597187042236,-0.05464140698313713,0.4357769787311554,0.35576269030570984,-0.054796792566776276,0.4527817368507385,0.33255735039711,-0.17719368636608124,0.45193928480148315,0.3364063799381256,0.01893708109855652,0.452476441860199,0.37602317333221436,-0.10162072628736496,0.4526020884513855,0.3778209686279297,-0.043765731155872345,0.5227303504943848,0.3597615957260132,-0.29336512088775635,0.5261092782020569,0.36234647035598755,0.14807654917240143,0.5529059171676636,0.4922388792037964,-0.35747066140174866,0.5444710850715637,0.4842391610145569,0.19550950825214386,0.5425048470497131,0.6304676532745361,-0.3555970788002014,0.5365346074104309,0.5912632346153259,0.13056908547878265,0.5469983220100403,0.6651726365089417,-0.40081116557121277,0.5387045741081238,0.6222689151763916,0.14508368074893951,0.5351375937461853,0.6609437465667725,-0.3877931237220764,0.5308864116668701,0.6266765594482422,0.10759811103343964,0.5338847041130066,0.6504960656166077,-0.35009336471557617,0.534363865852356,0.617545485496521,0.1126546710729599,0.6001257300376892,0.5679913759231567,-0.13260391354560852,0.5805171132087708,0.5695897340774536,0.13256919384002686,0.5559749603271484,0.7204880714416504,-0.22198528051376343,0.5389443039894104,0.6722263097763062,0.2982107996940613,0.5633259415626526,0.9322798252105713,-0.2515694200992584,0.551186740398407,0.797916829586029,0.4806056022644043,0.5779027342796326,0.9664193987846375,-0.25953444838523865,0.5663314461708069,0.8264392614364624,0.49477633833885193,0.4960801303386688,0.9653387069702148,-0.37490078806877136,0.49289757013320923,0.8389759659767151,0.4690718352794647
romanian deadlift_100211.jpg,0.4345320761203766,0.4397073984146118,-0.13492943346500397,0.4282962381839752,0.4253591299057007,-0.15893296897411346,0.42875945568084717,0.4223390221595764,-0.15895822644233704,0.42922574281692505,0.41898348927497864,-0.15896391868591309,0.42894718050956726,0.4266328513622284,-0.1153360903263092,0.42982152104377747,0.42473122477531433,-0.1152912825345993,0.43061211705207825,0.42235061526298523,-0.11540926992893219,0.44374358654022217,0.3979453146457672,-0.23860734701156616,0.4426313638687134,0.40051349997520447,-0.04276768118143082,0.44758495688438416,0.4367695152759552,-0.16234776377677917,0.4487200081348419,0.4393300712108612,-0.10491418838500977,0.5168130397796631,0.4115467369556427,-0.34653693437576294,0.5180243849754333,0.4157220125198364,0.08754164725542068,0.5524114370346069,0.5473310351371765,-0.41262421011924744,0.550601065158844,0.5365140438079834,0.12164851278066635,0.5421762466430664,0.6986246705055237,-0.3912260830402374,0.5394659638404846,0.6633830070495605,0.06608351320028305,0.5459920763969421,0.7409437298774719,-0.4368389844894409,0.5360901951789856,0.6944335699081421,0.08017592877149582,0.5346689224243164,0.741113543510437,-0.4235497713088989,0.5306432247161865,0.7028535008430481,0.039325494319200516,0.5336360335350037,0.7242369055747986,-0.38567063212394714,0.5328477621078491,0.6906779408454895,0.04654060676693916,0.6068229675292969,0.5940797328948975,-0.13484683632850647,0.5812501907348633,0.5929973721504211,0.1347985416650772,0.5548465251922607,0.735650360584259,-0.20457729697227478,0.5360257625579834,0.693846583366394,0.27067482471466064,0.5637770891189575,0.9325780868530273,-0.1704540252685547,0.5556974411010742,0.8205492496490479,0.472353994846344,0.5787124037742615,0.966309666633606,-0.17560221254825592,0.5682557821273804,0.8521407842636108,0.48866233229637146,0.4958553910255432,0.9671616554260254,-0.29452282190322876,0.49443933367729187,0.8771381974220276,0.45669233798980713
romanian deadlift_100221.jpg,0.43494001030921936,0.49110811948776245,-0.13755954802036285,0.424302875995636,0.4753577709197998,-0.1587388664484024,0.4242129921913147,0.4723617434501648,-0.15876975655555725,0.4241029620170593,0.46918725967407227,-0.1587657779455185,0.42524802684783936,0.4774143695831299,-0.11765224486589432,0.42575642466545105,0.47604984045028687,-0.11754608899354935,0.42610645294189453,0.47443610429763794,-0.1176469624042511,0.43310219049453735,0.44753071665763855,-0.228989377617836,0.4324025511741638,0.45162394642829895,-0.046109966933727264,0.4471808969974518,0.4866240918636322,-0.16169500350952148,0.44779565930366516,0.48914074897766113,-0.10810048133134842,0.508493185043335,0.4558747708797455,-0.33343803882598877,0.5075759887695312,0.4526344835758209,0.07964768260717392,0.5462143421173096,0.5830441117286682,-0.4018342196941376,0.5477076768875122,0.5627170205116272,0.10681451112031937,0.5431566834449768,0.720542311668396,-0.3761742413043976,0.5463897585868835,0.6832972168922424,0.06423356384038925,0.5462604761123657,0.7576522827148438,-0.416654109954834,0.550376296043396,0.7092632055282593,0.08669193834066391,0.5375391840934753,0.7613459229469299,-0.40010640025138855,0.5425829291343689,0.7270671129226685,0.050185658037662506,0.53714919090271,0.7502387762069702,-0.3685673475265503,0.5441414713859558,0.712357759475708,0.047927822917699814,0.5964369177818298,0.6147189140319824,-0.1337195336818695,0.5808589458465576,0.6070946455001831,0.13362056016921997,0.5555305480957031,0.7402752637863159,-0.25756898522377014,0.5381326079368591,0.7233495116233826,0.1200832948088646,0.5639415383338928,0.9326173663139343,-0.2704438865184784,0.5558229088783264,0.8609092831611633,0.2167169451713562,0.5794122219085693,0.9652687311172485,-0.27651023864746094,0.5711717009544373,0.898769736289978,0.2221030741930008,0.49962157011032104,0.9670763611793518,-0.3731924593448639,0.4963390529155731,0.9026375412940979,0.17517395317554474
romanian deadlift_100231.jpg,0.4338738024234772,0.5251287221908569,-0.1425258368253708,0.42194828391075134,0.5118075013160706,-0.1642349809408188,0.4216828942298889,0.5091738700866699,-0.16427718102931976,0.4214702248573303,0.5061536431312561,-0.16426755487918854,0.4228529930114746,0.5123776197433472,-0.1237310841679573,0.4231356084346771,0.5105040073394775,-0.12362285703420639,0.423347145318985,0.5082688331604004,-0.12372052669525146,0.4283425509929657,0.48497018218040466,-0.23212355375289917,0.4279574453830719,0.48694148659706116,-0.05304661765694618,0.4448467791080475,0.5203457474708557,-0.16502101719379425,0.4455607533454895,0.5212085843086243,-0.1124841496348381,0.4954805374145508,0.48815464973449707,-0.332955926656723,0.501101553440094,0.47668156027793884,0.07747116684913635,0.5428072810173035,0.6166094541549683,-0.3988517224788666,0.5460065007209778,0.5823167562484741,0.10431650280952454,0.543398916721344,0.7547204494476318,-0.3701099157333374,0.5496276617050171,0.7175378799438477,0.058856479823589325,0.5456698536872864,0.7933704853057861,-0.4108991026878357,0.5497449636459351,0.7352829575538635,0.08128229528665543,0.5371734499931335,0.7980521321296692,-0.3927296996116638,0.5435992479324341,0.7599653601646423,0.0460430346429348,0.5366441011428833,0.7863950133323669,-0.3616972267627716,0.545479416847229,0.7422841191291809,0.04351278766989708,0.5849619507789612,0.6408891677856445,-0.13343249261379242,0.5792723298072815,0.633015513420105,0.1333397477865219,0.555665135383606,0.7580156326293945,-0.2184913605451584,0.546515703201294,0.7658358216285706,0.20616582036018372,0.5578452348709106,0.9352502822875977,-0.2064603716135025,0.5559979677200317,0.903537929058075,0.3384343683719635,0.5723546743392944,0.96808260679245,-0.20955254137516022,0.570397138595581,0.9355403184890747,0.3486819565296173,0.49802669882774353,0.9637969136238098,-0.32888901233673096,0.49708983302116394,0.9355365037918091,0.3138006031513214
romanian deadlift_100241.jpg,0.43131688237190247,0.5462064146995544,-0.1293228715658188,0.41785213351249695,0.5351118445396423,-0.15377052128314972,0.41730934381484985,0.5318291187286377,-0.1537894755601883,0.4168793559074402,0.5281583070755005,-0.1537432074546814,0.4186111390590668,0.5370731949806213,-0.11040231585502625,0.41849231719970703,0.5356479287147522,-0.11033692210912704,0.41835060715675354,0.5339614748954773,-0.1104503646492958,0.4207565486431122,0.5053941011428833,-0.2192068099975586,0.42086905241012573,0.5130302906036377,-0.03786860778927803,0.4418485760688782,0.5384624004364014,-0.1548387110233307,0.44191688299179077,0.5407994985580444,-0.09868474304676056,0.48769938945770264,0.49630749225616455,-0.29700008034706116,0.48384684324264526,0.5041723251342773,0.07665183395147324,0.5374470353126526,0.6196804642677307,-0.35744792222976685,0.5381088256835938,0.6192878484725952,0.10634882003068924,0.5429646372795105,0.7537486553192139,-0.30837300419807434,0.5471864938735962,0.7409493923187256,0.06341666728258133,0.5453789830207825,0.7948777079582214,-0.34359678626060486,0.5466957092285156,0.7773146033287048,0.07919720560312271,0.5367071628570557,0.8016940355300903,-0.32302945852279663,0.5401683449745178,0.7835131287574768,0.04420437663793564,0.5362861156463623,0.7874631285667419,-0.2989983558654785,0.5424062609672546,0.7723603248596191,0.04744067043066025,0.572828471660614,0.6601275205612183,-0.10299983620643616,0.5660516619682312,0.6554876565933228,0.10305063426494598,0.5556020140647888,0.7858830690383911,-0.13235995173454285,0.5629003047943115,0.765342116355896,0.04915178567171097,0.5575631260871887,0.9471331834793091,-0.06175406277179718,0.5563942790031433,0.9309391379356384,0.12355180829763412,0.5681760907173157,0.9657906293869019,-0.05630260705947876,0.569518506526947,0.9484284520149231,0.12860913574695587,0.5452423095703125,0.9891764521598816,-0.10458485782146454,0.5442581176757812,0.9694452285766602,0.07794029265642166
romanian deadlift_100251.jpg,0.42347368597984314,0.5623010993003845,-0.12378352135419846,0.4098633825778961,0.5493131279945374,-0.1467481255531311,0.40932798385620117,0.54627925157547,-0.14677199721336365,0.40902000665664673,0.5428523421287537,-0.1467536836862564,0.41054242849349976,0.5504608154296875,-0.10552922636270523,0.4104272723197937,0.548607349395752,-0.10547396540641785,0.4104732871055603,0.5464175939559937,-0.1055750772356987,0.4147360622882843,0.5207621455192566,-0.2126007378101349,0.41457825899124146,0.5248233675956726,-0.038125019520521164,0.4342029392719269,0.5564142465591431,-0.14748120307922363,0.4346372187137604,0.557238757610321,-0.09485171735286713,0.48194268345832825,0.503093957901001,-0.2975667119026184,0.4817355275154114,0.5137077569961548,0.07081902772188187,0.5296017527580261,0.6289876699447632,-0.35665836930274963,0.5310121178627014,0.6302140355110168,0.09904851764440536,0.5409320592880249,0.7728918194770813,-0.31396931409835815,0.5454598069190979,0.7566453814506531,0.06455116719007492,0.5440942049026489,0.8120703101158142,-0.34962889552116394,0.5449960231781006,0.7904608249664307,0.08236763626337051,0.5360490083694458,0.8189534544944763,-0.3292282223701477,0.5384493470191956,0.8041591048240662,0.046216584742069244,0.5357110500335693,0.8079558610916138,-0.30517974495887756,0.5407882332801819,0.7884296178817749,0.04838765412569046,0.5696142315864563,0.6622835993766785,-0.10463542491197586,0.5669958591461182,0.6635816097259521,0.10468284785747528,0.5581505298614502,0.803055465221405,-0.12446030229330063,0.564541220664978,0.7809159159660339,0.070433609187603,0.5625206232070923,0.944570779800415,-0.062070582062006,0.5739861726760864,0.9263315796852112,0.14212282001972198,0.5703366994857788,0.9621323347091675,-0.05812961235642433,0.5718879103660583,0.9518876671791077,0.1462581604719162,0.5638967156410217,0.9890869855880737,-0.1119915172457695,0.5529682636260986,0.9681941270828247,0.08698754012584686
romanian deadlift_100261.jpg,0.42787131667137146,0.5666243433952332,-0.1282389909029007,0.4139235317707062,0.5551900863647461,-0.14868277311325073,0.41342389583587646,0.5524271130561829,-0.14869555830955505,0.41306301951408386,0.5494354963302612,-0.1487034410238266,0.41456788778305054,0.55583256483078,-0.11027095466852188,0.4144524335861206,0.553794801235199,-0.11022944003343582,0.4144047200679779,0.5515485405921936,-0.11032311618328094,0.4167802929878235,0.525778591632843,-0.21528849005699158,0.41734620928764343,0.5271627306938171,-0.04605196416378021,0.4382869303226471,0.5592272281646729,-0.15117791295051575,0.43847912549972534,0.5603347420692444,-0.101096972823143,0.4811103940010071,0.5148350596427917,-0.30716970562934875,0.4827643632888794,0.5074045658111572,0.06627519428730011,0.5268530249595642,0.6434018611907959,-0.36350584030151367,0.5286861658096313,0.6314065456390381,0.08997537940740585,0.538000762462616,0.7793041467666626,-0.31876108050346375,0.54413902759552,0.7499786615371704,0.05735022947192192,0.5394842028617859,0.8196596503257751,-0.35590866208076477,0.5436027646064758,0.7828921675682068,0.07520473748445511,0.5325967073440552,0.8258514404296875,-0.33358800411224365,0.5374814867973328,0.7920510768890381,0.04124397411942482,0.5330721139907837,0.8142455816268921,-0.30935463309288025,0.5400340557098389,0.7814867496490479,0.04234777018427849,0.577017068862915,0.6578747034072876,-0.10691079497337341,0.574489176273346,0.6493883728981018,0.10688213258981705,0.557184100151062,0.7858818173408508,-0.07256512343883514,0.5626476407051086,0.7710769772529602,0.10717102140188217,0.5639720559120178,0.9282805323600769,0.004933572374284267,0.5707561373710632,0.9206221699714661,0.19784817099571228,0.5857329964637756,0.9467586278915405,0.011538419872522354,0.5750817656517029,0.9486204385757446,0.20417113602161407,0.5552901029586792,0.9852412939071655,-0.028145480901002884,0.5511785745620728,0.9610012769699097,0.15270169079303741
romanian deadlift_100271.jpg,0.4198221266269684,0.5317305326461792,-0.07323231548070908,0.40795862674713135,0.5203752517700195,-0.09420625120401382,0.40788906812667847,0.5174280405044556,-0.09422464668750763,0.4079769551753998,0.5141647458076477,-0.09424112737178802,0.408843070268631,0.5214144587516785,-0.05635032802820206,0.40927526354789734,0.5195785164833069,-0.0563104972243309,0.40978771448135376,0.5173578262329102,-0.05643661320209503,0.41458404064178467,0.49334001541137695,-0.16530077159404755,0.41552025079727173,0.4957849681377411,0.0035675927065312862,0.43294504284858704,0.5256094336509705,-0.09761444479227066,0.4334675073623657,0.5262764096260071,-0.048024438321590424,0.4782254993915558,0.4948681592941284,-0.2724544405937195,0.4845714271068573,0.49306270480155945,0.11492138355970383,0.5254963636398315,0.6220541596412659,-0.3178948760032654,0.5296242237091064,0.6099885702133179,0.1302841305732727,0.5370728373527527,0.7545541524887085,-0.25814321637153625,0.543595552444458,0.7268126606941223,0.08264952152967453,0.5395485162734985,0.794045090675354,-0.29677867889404297,0.5429149866104126,0.7585716843605042,0.09238336980342865,0.5326233506202698,0.8022935390472412,-0.27724024653434753,0.5397554039955139,0.7672257423400879,0.058035362511873245,0.533038854598999,0.7881473302841187,-0.24949288368225098,0.5401721596717834,0.7551215291023254,0.06660611182451248,0.5797967910766602,0.6471598148345947,-0.10885404050350189,0.581215500831604,0.6441885828971863,0.10885901749134064,0.556184709072113,0.7944549322128296,-0.056319788098335266,0.5690187215805054,0.7871187925338745,0.12692506611347198,0.561873733997345,0.9487313032150269,0.060045089572668076,0.5681876540184021,0.9472451210021973,0.22765189409255981,0.5788434147834778,0.9659022092819214,0.07065185904502869,0.5746926069259644,0.9693043231964111,0.2358180582523346,0.5530022382736206,0.9825409054756165,0.04025207832455635,0.5413764119148254,0.9709137082099915,0.20020678639411926
romanian deadlift_100281.jpg,0.42332953214645386,0.3972056210041046,0.009012063033878803,0.4135093092918396,0.38189977407455444,-0.012876401655375957,0.41307541728019714,0.37921079993247986,-0.01290782168507576,0.4124009311199188,0.3760187029838562,-0.012923910282552242,0.4142504632472992,0.3822154104709625,0.028717640787363052,0.41445210576057434,0.38010329008102417,0.02871711738407612,0.41460615396499634,0.3774106204509735,0.02855503186583519,0.4204971194267273,0.35747620463371277,-0.08420384675264359,0.42056387662887573,0.3585580587387085,0.0991731509566307,0.43675318360328674,0.39731165766716003,-0.01586894877254963,0.43685537576675415,0.39815622568130493,0.038047369569540024,0.4881654381752014,0.3862004280090332,-0.21847835183143616,0.4917745292186737,0.4106200635433197,0.2263602465391159,0.5267975926399231,0.5170791745185852,-0.2745853066444397,0.5292729139328003,0.5298323035240173,0.253329336643219,0.5364601016044617,0.6603844165802002,-0.2577637732028961,0.5351030230522156,0.6543330550193787,0.19062118232250214,0.5396038293838501,0.6934856176376343,-0.30073243379592896,0.5257443189620972,0.6801197528839111,0.20222404599189758,0.5315317511558533,0.6900405287742615,-0.2832677960395813,0.5226500034332275,0.6822468042373657,0.16756071150302887,0.5311120748519897,0.6775795221328735,-0.250000923871994,0.5245089530944824,0.6727736592292786,0.17360295355319977,0.6170584559440613,0.5450298190116882,-0.13917694985866547,0.6047331094741821,0.5580480098724365,0.13916587829589844,0.5588175654411316,0.7425330877304077,-0.1459999978542328,0.5682193636894226,0.734868049621582,0.09386874735355377,0.56180340051651,0.9347633123397827,-0.09751740843057632,0.5654284358024597,0.9457743167877197,0.16839899122714996,0.57858806848526,0.9655910730361938,-0.09327435493469238,0.5745583772659302,0.959566593170166,0.1741822361946106,0.5080952644348145,0.9702417254447937,-0.16783760488033295,0.5049134492874146,0.9651687741279602,0.12006930261850357
romanian deadlift_100291.jpg,0.46861690282821655,0.26139765977859497,-0.013691523112356663,0.47102978825569153,0.2463829070329666,-0.021343477070331573,0.4725188910961151,0.2452295869588852,-0.02177785150706768,0.47429516911506653,0.24386832118034363,-0.02217547409236431,0.4703178107738495,0.24630235135555267,0.017143499106168747,0.4712080657482147,0.24529819190502167,0.01626594364643097,0.472337931394577,0.2440047562122345,0.016276178881525993,0.4903135299682617,0.2404617965221405,-0.1374657154083252,0.4883570373058319,0.24012674391269684,0.04053264483809471,0.47917670011520386,0.27098560333251953,-0.056363869458436966,0.4779914319515228,0.2715665400028229,-0.002521743066608906,0.5149374604225159,0.32842153310775757,-0.24799251556396484,0.5056320428848267,0.3445912301540375,0.16911789774894714,0.5375614166259766,0.4430598020553589,-0.30548641085624695,0.5262954235076904,0.4629954397678375,0.21045462787151337,0.5314536690711975,0.5611732006072998,-0.3235240876674652,0.523754358291626,0.5671042799949646,0.14504779875278473,0.5345894694328308,0.5907696485519409,-0.3758745491504669,0.5227901935577393,0.5962756872177124,0.15559956431388855,0.527823269367218,0.5931453108787537,-0.3607451319694519,0.5193515419960022,0.5971875786781311,0.11722467839717865,0.5267321467399597,0.5843122005462646,-0.31788429617881775,0.5187728404998779,0.588154137134552,0.12649162113666534,0.6093668341636658,0.5157544612884521,-0.13881796598434448,0.5996931195259094,0.5210353136062622,0.13893866539001465,0.56096351146698,0.7276061177253723,-0.1511727273464203,0.5663523077964783,0.7256551384925842,0.10415644198656082,0.5616016387939453,0.9254098534584045,-0.11455627530813217,0.5628427863121033,0.9410717487335205,0.16740617156028748,0.5769100785255432,0.9591725468635559,-0.11272437870502472,0.5721933245658875,0.9557178020477295,0.16973994672298431,0.5050407648086548,0.9643734693527222,-0.20657412707805634,0.5070001482963562,0.9623726010322571,0.08729245513677597
romanian deadlift_100301.jpg,0.48834821581840515,0.2405664175748825,-0.04917392507195473,0.4925709366798401,0.22633938491344452,-0.06793558597564697,0.4941653311252594,0.22567130625247955,-0.06804564595222473,0.49597710371017456,0.22481326758861542,-0.0681530013680458,0.4925064444541931,0.22640565037727356,-0.027990277856588364,0.4939151108264923,0.22578050196170807,-0.02812991850078106,0.49554407596588135,0.22481076419353485,-0.028185570612549782,0.5131043195724487,0.22574098408222198,-0.13328446447849274,0.5108643174171448,0.22557774186134338,0.04592474177479744,0.4960050582885742,0.2520545721054077,-0.07267310470342636,0.4952683448791504,0.25210878252983093,-0.019761931151151657,0.5321258902549744,0.31065070629119873,-0.24371983110904694,0.516546905040741,0.33350318670272827,0.17921359837055206,0.5387609601020813,0.4388735592365265,-0.2931961715221405,0.5220354795455933,0.45301955938339233,0.21557235717773438,0.5276002287864685,0.5600013136863708,-0.30222591757774353,0.5211952924728394,0.5552507638931274,0.1518891155719757,0.5312604308128357,0.5858842134475708,-0.35608312487602234,0.5223236680030823,0.5875271558761597,0.1617806851863861,0.5240128040313721,0.5855351090431213,-0.34387245774269104,0.5188602805137634,0.5854215621948242,0.1217690259218216,0.5235845446586609,0.5778656601905823,-0.2959944009780884,0.5186879634857178,0.575774073600769,0.13330452144145966,0.5978400707244873,0.5184977054595947,-0.13613209128379822,0.5892503261566162,0.5290483236312866,0.13628461956977844,0.5616806149482727,0.7235209345817566,-0.15098266303539276,0.5661225914955139,0.7174682021141052,0.11119559407234192,0.561600923538208,0.9266447424888611,-0.10875023901462555,0.5627419352531433,0.9336785078048706,0.17692585289478302,0.5768810510635376,0.9593252539634705,-0.10784433037042618,0.5721169710159302,0.9495933651924133,0.17851358652114868,0.5017672181129456,0.9649869203567505,-0.20426464080810547,0.5061624646186829,0.9615587592124939,0.09611649066209793
romanian deadlift_100311.jpg,0.49050262570381165,0.23300617933273315,-0.10093139857053757,0.4965476393699646,0.218626469373703,-0.12485664337873459,0.49857088923454285,0.21790574491024017,-0.12492050975561142,0.5008193254470825,0.21725520491600037,-0.1249912902712822,0.4955384135246277,0.21898792684078217,-0.08061471581459045,0.4966825246810913,0.21850936114788055,-0.08059971034526825,0.4980340600013733,0.21793121099472046,-0.0806506797671318,0.517533540725708,0.22090770304203033,-0.17984993755817413,0.5132634043693542,0.22134268283843994,0.01724972017109394,0.4981441795825958,0.2445913702249527,-0.1199185773730278,0.4964039921760559,0.2448929101228714,-0.06283152848482132,0.5432122945785522,0.2932268977165222,-0.2914999723434448,0.5168682932853699,0.32701706886291504,0.1599254012107849,0.5421834588050842,0.42280006408691406,-0.3421230614185333,0.5225028395652771,0.4440181255340576,0.19513532519340515,0.5270424485206604,0.5540332198143005,-0.34042319655418396,0.5187206864356995,0.5529590845108032,0.15114380419254303,0.5294042229652405,0.5811405777931213,-0.3930262327194214,0.519447922706604,0.5831118822097778,0.14377282559871674,0.521601676940918,0.582484781742096,-0.38155052065849304,0.5154542922973633,0.5827343463897705,0.09312418848276138,0.5216419100761414,0.5742537379264832,-0.33457866311073303,0.5160241723060608,0.5752283930778503,0.12102732062339783,0.5866271257400513,0.5249109268188477,-0.13572917878627777,0.5722951292991638,0.5315423011779785,0.13591262698173523,0.561795175075531,0.7218639850616455,-0.13803163170814514,0.5596315264701843,0.7110533714294434,0.1807120144367218,0.5616141557693481,0.9274671077728271,-0.10632526129484177,0.5625873804092407,0.9099667072296143,0.29135265946388245,0.5766897797584534,0.9597471356391907,-0.10256394743919373,0.5708192586898804,0.9218717217445374,0.29763662815093994,0.4989810287952423,0.9640904068946838,-0.2018851786851883,0.5036998987197876,0.9440156817436218,0.21969391405582428
romanian deadlift_100321.jpg,0.49142366647720337,0.2318231761455536,-0.11636079847812653,0.4975200593471527,0.21498605608940125,-0.1434912234544754,0.4995238482952118,0.21423275768756866,-0.14353585243225098,0.5016687512397766,0.21356633305549622,-0.14357924461364746,0.4966681897640228,0.21503600478172302,-0.10096852481365204,0.49792277812957764,0.2143079936504364,-0.10094306617975235,0.49940648674964905,0.21348994970321655,-0.10105672478675842,0.5171120166778564,0.2161022573709488,-0.20174318552017212,0.5139248967170715,0.215187206864357,-0.014862829819321632,0.5004502534866333,0.2440631091594696,-0.13417620956897736,0.49856188893318176,0.2450796514749527,-0.07962945103645325,0.5477570295333862,0.28470101952552795,-0.31665390729904175,0.5240985751152039,0.3134491741657257,0.1544046849012375,0.5420612096786499,0.4200472831726074,-0.36971479654312134,0.5236684679985046,0.44105660915374756,0.1962174028158188,0.5262782573699951,0.5600672960281372,-0.36995694041252136,0.5191254019737244,0.5604228377342224,0.14062188565731049,0.5253273248672485,0.5878623723983765,-0.42070579528808594,0.5169194340705872,0.5889725685119629,0.14605815708637238,0.5186828970909119,0.5890936255455017,-0.41035181283950806,0.5145267248153687,0.5910940766334534,0.09833789616823196,0.5201335549354553,0.5822485685348511,-0.3641057014465332,0.5161949992179871,0.5836109519004822,0.11786944419145584,0.5794393420219421,0.5316591262817383,-0.13648588955402374,0.5637166500091553,0.5347228646278381,0.13661208748817444,0.5618523359298706,0.727414608001709,-0.12572439014911652,0.5576952695846558,0.7139390110969543,0.19662977755069733,0.5615493059158325,0.9306453466415405,-0.0988670364022255,0.5625585913658142,0.9091655015945435,0.3196851313114166,0.5763558149337769,0.9618678689002991,-0.10232436656951904,0.5710012912750244,0.9240798354148865,0.3275461196899414,0.49451977014541626,0.9643841981887817,-0.20193736255168915,0.502381443977356,0.9443670511245728,0.25313109159469604
romanian deadlift_100331.jpg,0.49582377076148987,0.2318500578403473,-0.10766316950321198,0.5010878443717957,0.2166082113981247,-0.14018337428569794,0.5032055377960205,0.21583786606788635,-0.14023663103580475,0.505501389503479,0.21509043872356415,-0.14029425382614136,0.5004247426986694,0.21651805937290192,-0.09957148879766464,0.5018131136894226,0.21585272252559662,-0.0995674878358841,0.503474771976471,0.2151813507080078,-0.09971927851438522,0.5224998593330383,0.217855304479599,-0.19731517136096954,0.5195080041885376,0.2179766744375229,-0.010891600511968136,0.5035890936851501,0.24490006268024445,-0.12149520218372345,0.502213180065155,0.24573610723018646,-0.06799043715000153,0.5518335103988647,0.27913662791252136,-0.3038715720176697,0.5290038585662842,0.3117898404598236,0.158704936504364,0.5477889180183411,0.4048638343811035,-0.3623287081718445,0.5237743258476257,0.43219032883644104,0.21424835920333862,0.5271469354629517,0.5500909090042114,-0.37302690744400024,0.5207436680793762,0.557003378868103,0.15750843286514282,0.5260436534881592,0.5818088054656982,-0.4223673641681671,0.5179258584976196,0.5863747596740723,0.16734862327575684,0.5197002291679382,0.5809164047241211,-0.4106349050998688,0.5150462985038757,0.5879886150360107,0.12080564349889755,0.5210556983947754,0.572901725769043,-0.3664686977863312,0.5169193148612976,0.5799476504325867,0.13631820678710938,0.5742462277412415,0.5306524038314819,-0.13565802574157715,0.560141384601593,0.5345446467399597,0.13575641810894012,0.563633143901825,0.7287346720695496,-0.15100793540477753,0.5587620139122009,0.7145171165466309,0.18294478952884674,0.5614951252937317,0.9333414435386658,-0.14704523980617523,0.563147783279419,0.9078835248947144,0.2766793966293335,0.5756767392158508,0.9637838006019592,-0.15302255749702454,0.5719330906867981,0.9247696995735168,0.28565117716789246,0.49392300844192505,0.9647573828697205,-0.26496976613998413,0.5029628276824951,0.9439700841903687,0.23136673867702484
romanian deadlift_100341.jpg,0.4981306791305542,0.23225782811641693,-0.10261077433824539,0.5029707551002502,0.21543461084365845,-0.13047482073307037,0.5049501657485962,0.21446804702281952,-0.13051670789718628,0.507103681564331,0.21339984238147736,-0.13055863976478577,0.5025196671485901,0.21589063107967377,-0.08983199298381805,0.5040180087089539,0.21538859605789185,-0.08981159329414368,0.505742073059082,0.21476128697395325,-0.08993487060070038,0.5241993069648743,0.21654483675956726,-0.19012883305549622,0.5216123461723328,0.21794651448726654,-0.007005380932241678,0.5063861608505249,0.2454272210597992,-0.11953269690275192,0.5054675340652466,0.24628062546253204,-0.0660489872097969,0.5507822632789612,0.28122854232788086,-0.2992728650569916,0.5415299534797668,0.30498483777046204,0.15499864518642426,0.5493777394294739,0.4172471761703491,-0.3601112961769104,0.5300611853599548,0.4222964346408844,0.21195273101329803,0.5266953706741333,0.5639618039131165,-0.34425005316734314,0.5194807052612305,0.5108210444450378,0.15351642668247223,0.5229963064193726,0.5885021686553955,-0.3921873867511749,0.5136009454727173,0.5346234440803528,0.16207756102085114,0.5176387429237366,0.5877081751823425,-0.3875110447406769,0.5117942094802856,0.5361834168434143,0.1191396713256836,0.5200974941253662,0.580262303352356,-0.33734673261642456,0.515110433101654,0.536003828048706,0.13376644253730774,0.5673649907112122,0.5368550419807434,-0.1331120878458023,0.5620197653770447,0.537136435508728,0.13319820165634155,0.5635836720466614,0.7315484881401062,-0.12484797090291977,0.5604085326194763,0.7176402807235718,0.16959623992443085,0.5614877343177795,0.9351599812507629,-0.08924126625061035,0.5636443495750427,0.9073153138160706,0.24443578720092773,0.5758032202720642,0.9642629623413086,-0.09248058497905731,0.5731088519096375,0.9267176985740662,0.24727441370487213,0.494652658700943,0.964817225933075,-0.2013692408800125,0.5029415488243103,0.941567063331604,0.1757170408964157
romanian deadlift_1100001.jpg,0.5008025169372559,0.13489332795143127,0.10186250507831573,0.4964195191860199,0.11690737307071686,0.10792858153581619,0.4956556260585785,0.11673857271671295,0.10788235068321228,0.49520882964134216,0.11640346050262451,0.10790988802909851,0.4970170855522156,0.11676028370857239,0.06500152498483658,0.49663013219833374,0.1166180819272995,0.06503885239362717,0.49626344442367554,0.11636552959680557,0.06487737596035004,0.49104180932044983,0.12257606536149979,0.1307854801416397,0.5033919811248779,0.1221005991101265,-0.049047600477933884,0.49860867857933044,0.15341907739639282,0.11486949026584625,0.49833670258522034,0.15391619503498077,0.059047773480415344,0.4319925010204315,0.2239609807729721,0.22717060148715973,0.4796615242958069,0.211968332529068,-0.19000844657421112,0.4039778411388397,0.32556143403053284,0.3398408591747284,0.48147931694984436,0.34857040643692017,-0.3042346239089966,0.4257661998271942,0.372885137796402,0.4648788273334503,0.49237459897994995,0.46947526931762695,-0.3761542737483978,0.4248943626880646,0.3844216763973236,0.5018988251686096,0.49613210558891296,0.4854523837566376,-0.4157755970954895,0.4356393814086914,0.3793918192386627,0.48088783025741577,0.5013670921325684,0.48314395546913147,-0.40380001068115234,0.43884924054145813,0.37536346912384033,0.4580875039100647,0.5011540651321411,0.4751971662044525,-0.3730640113353729,0.448495090007782,0.48401468992233276,0.1341424584388733,0.4702591896057129,0.477140337228775,-0.13434718549251556,0.45544692873954773,0.6815502643585205,0.08358205109834671,0.4587938189506531,0.6828310489654541,-0.18464897572994232,0.44427645206451416,0.8876191973686218,0.06997798383235931,0.4471058249473572,0.8983070254325867,-0.1901702582836151,0.4339616596698761,0.9242407083511353,0.06215505301952362,0.433804452419281,0.9283849000930786,-0.19531258940696716,0.4960083067417145,0.8988848328590393,-0.012834429740905762,0.5061376094818115,0.9173331260681152,-0.2961804270744324
romanian deadlift_1100011.jpg,0.5237102508544922,0.18922600150108337,0.11600852012634277,0.5190683007240295,0.16817885637283325,0.12180263549089432,0.5169034600257874,0.16695727407932281,0.1217217743396759,0.5145169496536255,0.16569934785366058,0.12173542380332947,0.5209958553314209,0.1687621921300888,0.08115842193365097,0.5204752087593079,0.16796937584877014,0.08118899166584015,0.5197463631629944,0.16716744005680084,0.08103584498167038,0.4984016716480255,0.16782157123088837,0.13764062523841858,0.5086576342582703,0.16989746689796448,-0.04310666024684906,0.5140590071678162,0.20267407596111298,0.12670235335826874,0.5158019065856934,0.20318417251110077,0.07409506291151047,0.4295085072517395,0.26018255949020386,0.21486429870128632,0.485425740480423,0.2509115934371948,-0.18476544320583344,0.41626957058906555,0.3897949755191803,0.21848370134830475,0.4860405921936035,0.40298402309417725,-0.19817081093788147,0.4453594982624054,0.48401379585266113,0.17407242953777313,0.4932750165462494,0.5064562559127808,-0.11810986697673798,0.45048806071281433,0.5084827542304993,0.18180237710475922,0.4934011697769165,0.5316921472549438,-0.13563288748264313,0.4600868821144104,0.5071153044700623,0.16210727393627167,0.49446040391921997,0.5297001004219055,-0.1337141990661621,0.4594089090824127,0.4988687336444855,0.1615624874830246,0.49125194549560547,0.5217218995094299,-0.11568301171064377,0.41680464148521423,0.505200207233429,0.13726520538330078,0.43883731961250305,0.5021860599517822,-0.13729053735733032,0.43639853596687317,0.6782348155975342,0.06081515550613403,0.4429973065853119,0.6832894086837769,-0.15723323822021484,0.4389004707336426,0.8809025287628174,0.05351537838578224,0.44414421916007996,0.8973807692527771,-0.17137019336223602,0.4272189140319824,0.9180456399917603,0.04634575918316841,0.4312594532966614,0.9280297160148621,-0.18023313581943512,0.4951454997062683,0.8958613872528076,-0.026434453204274178,0.5081192851066589,0.916895866394043,-0.28672775626182556
romanian deadlift_1100021.jpg,0.555375874042511,0.23507565259933472,0.019990820437669754,0.5513232946395874,0.21740849316120148,0.01639026775956154,0.5482975244522095,0.21608951687812805,0.016339527443051338,0.5450012683868408,0.2146645486354828,0.01637960597872734,0.5544164776802063,0.21789982914924622,0.027254048734903336,0.5537325143814087,0.21702541410923004,0.026851080358028412,0.5526537299156189,0.21601766347885132,0.02680467814207077,0.5270151495933533,0.21311573684215546,0.03104705736041069,0.5355798006057739,0.21438518166542053,-0.14474312961101532,0.5395084023475647,0.24500133097171783,0.02565876953303814,0.5426790714263916,0.24583666026592255,-0.0017326674424111843,0.4471033215522766,0.2845379412174225,0.13228915631771088,0.4899120628833771,0.2897346615791321,-0.26055818796157837,0.41079553961753845,0.4124489724636078,0.1514153927564621,0.4875810742378235,0.41942980885505676,-0.21193839609622955,0.4367507994174957,0.5098985433578491,0.11073820292949677,0.48615333437919617,0.5298175811767578,-0.036994148045778275,0.43779265880584717,0.5278370976448059,0.11302667111158371,0.48073750734329224,0.5554752945899963,-0.046746477484703064,0.4480889141559601,0.5260821580886841,0.09363970905542374,0.4822458028793335,0.555393636226654,-0.04919683560729027,0.447878897190094,0.521414577960968,0.09828600287437439,0.47922006249427795,0.5479802489280701,-0.034943707287311554,0.40678614377975464,0.5169820785522461,0.14658226072788239,0.43627431988716125,0.5301001071929932,-0.14670583605766296,0.4399278461933136,0.6762162446975708,0.20977908372879028,0.45387253165245056,0.6945366859436035,-0.03459060564637184,0.4390440881252289,0.8566576838493347,0.32711508870124817,0.44537103176116943,0.8956565856933594,0.04209356755018234,0.4248313307762146,0.9028559327125549,0.3346232771873474,0.4300712049007416,0.9284595847129822,0.04069829359650612,0.4941283166408539,0.8752403855323792,0.3047713339328766,0.5082614421844482,0.9080513119697571,-0.052062224596738815
romanian deadlift_1100031.jpg,0.5685268640518188,0.310152530670166,-0.0241705309599638,0.5674144625663757,0.2856205701828003,7.705003372393548e-05,0.56545490026474,0.28432223200798035,0.0002216161519754678,0.5633394122123718,0.28291088342666626,0.00022438695305027068,0.5679292678833008,0.2856006324291229,-0.06322188675403595,0.5663795471191406,0.2842912971973419,-0.06334085017442703,0.5647517442703247,0.28298071026802063,-0.06347785145044327,0.5438445210456848,0.28145939111709595,0.0008683304768055677,0.5461955666542053,0.2827019691467285,-0.1854715645313263,0.5554274320602417,0.32366183400154114,-0.002654639771208167,0.5555175542831421,0.322846382856369,-0.06893756240606308,0.46240657567977905,0.3272949457168579,0.12083791941404343,0.49448636174201965,0.34599122405052185,-0.29202505946159363,0.4319510757923126,0.46358317136764526,0.1648111343383789,0.49210211634635925,0.5052366256713867,-0.2821759879589081,0.44175419211387634,0.586329460144043,0.13958238065242767,0.4920713007450104,0.6229522228240967,-0.18466201424598694,0.44206419587135315,0.616976797580719,0.14856013655662537,0.4893825948238373,0.6494470238685608,-0.2120366096496582,0.4500899016857147,0.6245765686035156,0.12216676771640778,0.4905681908130646,0.6462621688842773,-0.2100016325712204,0.4493692219257355,0.6145476698875427,0.12619531154632568,0.4884975850582123,0.6371150612831116,-0.1814938187599182,0.41133031249046326,0.5512807369232178,0.14866207540035248,0.42547664046287537,0.5692431330680847,-0.14866819977760315,0.4767075479030609,0.6714306473731995,0.17108693718910217,0.45765480399131775,0.6795689463615417,-0.1951214224100113,0.44555097818374634,0.8473376631736755,0.2843005359172821,0.4462879002094269,0.8933775424957275,-0.14344368875026703,0.42911073565483093,0.8868139386177063,0.2923654317855835,0.42536842823028564,0.927489161491394,-0.14294904470443726,0.49679046869277954,0.8631510138511658,0.25870481133461,0.5096619725227356,0.908302903175354,-0.22693310678005219
romanian deadlift_1100041.jpg,0.5647148489952087,0.3862186372280121,-0.02433326281607151,0.5649402141571045,0.363789826631546,-0.0153675377368927,0.5635096430778503,0.36113274097442627,-0.015378440730273724,0.5619881749153137,0.3584645688533783,-0.015364272519946098,0.5657145380973816,0.3649052381515503,-0.06220276281237602,0.5649732947349548,0.3632560670375824,-0.062266986817121506,0.5642116665840149,0.3616160452365875,-0.06241285055875778,0.5502592921257019,0.3497898578643799,-0.009771804325282574,0.5536621809005737,0.35410335659980774,-0.18943141400814056,0.5553789734840393,0.392324835062027,-0.010958473198115826,0.5555301308631897,0.39291542768478394,-0.06637285649776459,0.4576106667518616,0.3953685462474823,0.09760646522045135,0.5138431191444397,0.41155222058296204,-0.3070686459541321,0.42306652665138245,0.5153307318687439,0.12725935876369476,0.49489402770996094,0.5710763335227966,-0.3408573269844055,0.42216572165489197,0.656718909740448,0.0986621230840683,0.49030953645706177,0.7040729522705078,-0.30370932817459106,0.4204258322715759,0.6891388297080994,0.10865690559148788,0.47488927841186523,0.7717357277870178,-0.34030771255493164,0.4267898499965668,0.6997037529945374,0.08150097727775574,0.481118768453598,0.7764147520065308,-0.3306330740451813,0.42604514956474304,0.6902839541435242,0.08540651947259903,0.48041707277297974,0.7645749449729919,-0.29941925406455994,0.4033304452896118,0.605904221534729,0.14494535326957703,0.43472230434417725,0.6332530379295349,-0.1449895054101944,0.48439550399780273,0.7060317397117615,0.21989887952804565,0.5260080695152283,0.7003360986709595,-0.1564338356256485,0.45549672842025757,0.8440750241279602,0.2706734836101532,0.4575579762458801,0.8923957943916321,-0.1178945004940033,0.4321044385433197,0.8758202195167542,0.27236801385879517,0.4334615468978882,0.9238185286521912,-0.11378256231546402,0.4951683580875397,0.881826639175415,0.2535698413848877,0.5109552145004272,0.9131525754928589,-0.14621473848819733
romanian deadlift_1100051.jpg,0.5723506808280945,0.4306105673313141,-0.18273824453353882,0.5734890103340149,0.4079284369945526,-0.178406223654747,0.5722486972808838,0.40583276748657227,-0.17848342657089233,0.5707646012306213,0.40361303091049194,-0.17853744328022003,0.5732194781303406,0.40818583965301514,-0.22127175331115723,0.5720345377922058,0.40643763542175293,-0.22138048708438873,0.5707748532295227,0.4046380817890167,-0.22153812646865845,0.5542530417442322,0.3934204876422882,-0.14929626882076263,0.5563782453536987,0.39550238847732544,-0.34011310338974,0.5617454051971436,0.43827205896377563,-0.16391508281230927,0.5613628029823303,0.43757709860801697,-0.2192632257938385,0.4625939726829529,0.4302178621292114,0.009881477802991867,0.5191028118133545,0.4584151804447174,-0.4199942350387573,0.44283878803253174,0.575157642364502,0.030966605991125107,0.49503353238105774,0.6519775390625,-0.44903862476348877,0.44420507550239563,0.7201682329177856,0.018600638955831528,0.49178388714790344,0.7791208624839783,-0.409414678812027,0.42666223645210266,0.7584457993507385,0.016995955258607864,0.483368456363678,0.810573160648346,-0.4519599378108978,0.43689122796058655,0.7699469923973083,0.0013037299504503608,0.4853353202342987,0.8110001683235168,-0.44590091705322266,0.4450177252292633,0.7628978490829468,0.016064321622252464,0.4854188859462738,0.8022031188011169,-0.4076674282550812,0.419121116399765,0.6243410110473633,0.13558462262153625,0.4404851794242859,0.6721603274345398,-0.13570763170719147,0.4900664687156677,0.7061143517494202,0.30755099654197693,0.5226519703865051,0.7385181784629822,-0.17318406701087952,0.4583489000797272,0.8264457583427429,0.37064191699028015,0.460842490196228,0.8767184019088745,-0.08946160972118378,0.44063350558280945,0.843467116355896,0.37534427642822266,0.434979110956192,0.8932103514671326,-0.07970687747001648,0.4958804249763489,0.8635457158088684,0.37309688329696655,0.510955810546875,0.9118461608886719,-0.09993842244148254
romanian deadlift_1100061.jpg,0.5741162896156311,0.45773378014564514,-0.11547800153493881,0.5746450424194336,0.4364300072193146,-0.1219305768609047,0.5731349587440491,0.43363216519355774,-0.12201263010501862,0.5714182257652283,0.4305434226989746,-0.12206043303012848,0.574772834777832,0.4371999204158783,-0.15164634585380554,0.573576807975769,0.4351838529109955,-0.15172716975212097,0.5721831917762756,0.4330725371837616,-0.15186317265033722,0.555713951587677,0.4185197055339813,-0.13613532483577728,0.5572512149810791,0.42326775193214417,-0.2716987431049347,0.5615270733833313,0.46435678005218506,-0.11182185262441635,0.561366856098175,0.4637396037578583,-0.15005987882614136,0.4672837257385254,0.4290943443775177,-0.03405337035655975,0.519071638584137,0.4801388680934906,-0.3458828926086426,0.43340829014778137,0.5489642024040222,0.008577275089919567,0.4967007637023926,0.6544346213340759,-0.3613314926624298,0.44504743814468384,0.6784570217132568,0.008200284093618393,0.4916861951351166,0.7676252722740173,-0.32714858651161194,0.442995548248291,0.7048119902610779,-0.006641139276325703,0.48658037185668945,0.8227800130844116,-0.3608832359313965,0.4495049715042114,0.7137712836265564,0.00011564743181224912,0.48891884088516235,0.8205087184906006,-0.3545825183391571,0.4502953290939331,0.7080328464508057,0.002461247146129608,0.4888685941696167,0.8092809915542603,-0.3248434066772461,0.41175541281700134,0.6242285966873169,0.11756648123264313,0.44375938177108765,0.6739113330841064,-0.1176619902253151,0.46902817487716675,0.7177324891090393,0.2213960438966751,0.53566974401474,0.744150698184967,-0.10518856346607208,0.43725040555000305,0.8366918563842773,0.24783918261528015,0.4685245156288147,0.8966719508171082,-0.09643817692995071,0.4241945147514343,0.850584089756012,0.24887584149837494,0.4518944025039673,0.9134324789047241,-0.09540534019470215,0.46338561177253723,0.8723622560501099,0.22286869585514069,0.5188170671463013,0.9412113428115845,-0.1232605054974556
romanian deadlift_1100071.jpg,0.5765554904937744,0.48060619831085205,-0.2994191348552704,0.576441764831543,0.4609360992908478,-0.3078981935977936,0.5752449631690979,0.45843473076820374,-0.30797678232192993,0.5738437175750732,0.4555521309375763,-0.30804604291915894,0.5753127336502075,0.4603525698184967,-0.3347715437412262,0.5735300779342651,0.4577019214630127,-0.3349456191062927,0.5716190338134766,0.4548966586589813,-0.33514901995658875,0.5580538511276245,0.44056272506713867,-0.3048507571220398,0.5557233691215515,0.44219136238098145,-0.42388564348220825,0.5635738968849182,0.487008661031723,-0.2890367805957794,0.56220543384552,0.4861241281032562,-0.32389113306999207,0.48552021384239197,0.444967657327652,-0.1990627497434616,0.5183330178260803,0.5135937333106995,-0.4357624650001526,0.44242915511131287,0.5402452945709229,-0.10559321194887161,0.48500582575798035,0.6675522923469543,-0.4439168870449066,0.45037493109703064,0.6554009914398193,-0.07258697599172592,0.49262672662734985,0.7632741332054138,-0.43683698773384094,0.44882461428642273,0.6795960068702698,-0.07145784050226212,0.4845178425312042,0.8242554664611816,-0.48006823658943176,0.4546506702899933,0.687981128692627,-0.10110314935445786,0.49076393246650696,0.8184552788734436,-0.4813270568847656,0.4547173082828522,0.6830333471298218,-0.08365005999803543,0.4905473589897156,0.8049823045730591,-0.4382351040840149,0.42869722843170166,0.6196970343589783,0.10109733790159225,0.4396476149559021,0.6686438918113708,-0.10087421536445618,0.4728107154369354,0.716675341129303,0.06578293442726135,0.4964292645454407,0.7502822279930115,-0.17855983972549438,0.44072219729423523,0.8479096293449402,0.23312854766845703,0.4488610327243805,0.9008630514144897,-0.09612945467233658,0.4206444323062897,0.8664976954460144,0.2467019110918045,0.4229693114757538,0.942700207233429,-0.09125414490699768,0.457661896944046,0.8771975040435791,0.20597173273563385,0.4915151596069336,0.9532992243766785,-0.1644500344991684
romanian deadlift_1100081.jpg,0.5737656354904175,0.4816981852054596,0.054679811000823975,0.5744121074676514,0.46100473403930664,0.07338403165340424,0.5737351775169373,0.45923155546188354,0.07317499816417694,0.5729228258132935,0.45732516050338745,0.07303553074598312,0.5727781653404236,0.4604545533657074,0.04083552584052086,0.5711088180541992,0.45851534605026245,0.04081697016954422,0.5693228840827942,0.45659977197647095,0.040684498846530914,0.5600115060806274,0.44678062200546265,0.13280674815177917,0.5560837388038635,0.4483593702316284,-0.009148254059255123,0.5637550354003906,0.4897843301296234,0.08064673095941544,0.5613813400268555,0.4884474575519562,0.03853096067905426,0.4940313994884491,0.4700106680393219,0.22482861578464508,0.5181315541267395,0.49811825156211853,-0.12507230043411255,0.443072110414505,0.5593535304069519,0.23982501029968262,0.48688822984695435,0.6376705765724182,-0.18249164521694183,0.45260798931121826,0.6641375422477722,0.182146355509758,0.4936538338661194,0.7506967186927795,-0.18855763971805573,0.44989052414894104,0.6841152906417847,0.18711796402931213,0.5098263621330261,0.7906831502914429,-0.2283102124929428,0.4568241834640503,0.6898940801620483,0.1616462618112564,0.5160249471664429,0.783818244934082,-0.20734629034996033,0.4566023051738739,0.684670627117157,0.16955620050430298,0.5109899640083313,0.773512601852417,-0.18013983964920044,0.41647064685821533,0.6149353981018066,0.11313469707965851,0.4202626049518585,0.6464977860450745,-0.11284954100847244,0.4741019010543823,0.6952637434005737,0.10510528087615967,0.47370290756225586,0.7201150059700012,-0.2549399435520172,0.44313764572143555,0.8412092328071594,0.2200414538383484,0.4416426122188568,0.9008011817932129,-0.3648236393928528,0.4238053858280182,0.8589783310890198,0.2397104799747467,0.41913893818855286,0.935451090335846,-0.3789714276790619,0.46845534443855286,0.8809248805046082,0.18734543025493622,0.4848400950431824,0.9609405398368835,-0.47681552171707153
romanian deadlift_1100091.jpg,0.5706493258476257,0.4112027585506439,-0.228622168302536,0.5701674818992615,0.3876791298389435,-0.21589607000350952,0.569114089012146,0.3867923617362976,-0.2160695642232895,0.5679077506065369,0.3859174847602844,-0.21621504426002502,0.5692034363746643,0.3864576518535614,-0.25725072622299194,0.56773442029953,0.3851475715637207,-0.2573408782482147,0.5661926865577698,0.3841334581375122,-0.25747808814048767,0.5537849068641663,0.38262346386909485,-0.13119541108608246,0.5527414083480835,0.3836924135684967,-0.32285550236701965,0.5611995458602905,0.4244644045829773,-0.1910358965396881,0.5594402551651001,0.42265141010284424,-0.24578656256198883,0.49927636981010437,0.4307204484939575,0.06915061175823212,0.517088770866394,0.46231070160865784,-0.38796165585517883,0.45772260427474976,0.5400536060333252,0.09070615470409393,0.48825299739837646,0.6207277774810791,-0.40794268250465393,0.45381802320480347,0.6374257206916809,0.06207069382071495,0.49423977732658386,0.7217947840690613,-0.3685629963874817,0.4507299065589905,0.6587800979614258,0.060395319014787674,0.5049893856048584,0.7853546738624573,-0.41193968057632446,0.4580763578414917,0.6676986813545227,0.04900018498301506,0.5144903063774109,0.7778156995773315,-0.4042821526527405,0.456712931394577,0.6608749628067017,0.05801718309521675,0.5105675458908081,0.7705098390579224,-0.36521995067596436,0.41741275787353516,0.564120352268219,0.13045266270637512,0.41383716464042664,0.5958232879638672,-0.13031895458698273,0.4883488714694977,0.6565139293670654,0.1117619052529335,0.4642951786518097,0.6923778653144836,-0.2855735123157501,0.4505632519721985,0.8342983722686768,0.2436869591474533,0.4462524652481079,0.8917784094810486,-0.24825693666934967,0.43246951699256897,0.8592021465301514,0.2538014352321625,0.4239649474620819,0.9226540327072144,-0.24735209345817566,0.4901675879955292,0.8843136429786682,0.19610685110092163,0.49100762605667114,0.9439724683761597,-0.34750860929489136
romanian deadlift_1100101.jpg,0.5671054720878601,0.2675345540046692,0.04037896916270256,0.5654131174087524,0.25317007303237915,0.060185112059116364,0.5643932223320007,0.2529061436653137,0.060075994580984116,0.5632264018058777,0.2526756227016449,0.06004183739423752,0.5648506283760071,0.25273311138153076,0.0166715607047081,0.5637809038162231,0.2521916329860687,0.016622569411993027,0.5628499388694763,0.25164803862571716,0.016471082344651222,0.5503636598587036,0.25628021359443665,0.14073970913887024,0.5511640906333923,0.255697101354599,-0.05321784317493439,0.5595906376838684,0.2781580090522766,0.07370040565729141,0.557605504989624,0.27788591384887695,0.016900736838579178,0.4973847568035126,0.3262864947319031,0.27952665090560913,0.5174614787101746,0.327301025390625,-0.20123617351055145,0.4595670998096466,0.4323781430721283,0.2954535186290741,0.4903905987739563,0.4449310302734375,-0.34769681096076965,0.4553794860839844,0.5186619162559509,0.21460965275764465,0.48506200313568115,0.5510772466659546,-0.29057833552360535,0.45253556966781616,0.5465436577796936,0.22362905740737915,0.4791439473628998,0.5712887644767761,-0.3240762948989868,0.4596259891986847,0.5441752672195435,0.19289448857307434,0.48426228761672974,0.5772364139556885,-0.3344770073890686,0.4583589434623718,0.539675235748291,0.19740280508995056,0.47974884510040283,0.567099392414093,-0.28997597098350525,0.4079163372516632,0.4991404712200165,0.1438606232404709,0.40892523527145386,0.4985571503639221,-0.14370395243167877,0.44256269931793213,0.6685853600502014,0.10837920755147934,0.4359862506389618,0.6841078996658325,-0.2077450454235077,0.4451339542865753,0.851248025894165,0.14672692120075226,0.44005244970321655,0.8914512395858765,-0.20042921602725983,0.4290338158607483,0.8930302262306213,0.14401355385780334,0.4224957525730133,0.9227100610733032,-0.20897196233272552,0.4964955449104309,0.8855478167533875,0.07787349075078964,0.4933222234249115,0.9252236485481262,-0.31205427646636963
romanian deadlift_1200001.jpg,,,,,,,,,,,,,,,,,,,,,,,,,,,,,,,,,,,,,,,,,,,,,,,,,,,,,,,,,,,,,,,,,,,,,,,,,,,,,,,,,,,,,,,,,,,,,,,,,,,
romanian deadlift_1200011.jpg,0.3493419289588928,0.08796685934066772,-0.17735609412193298,0.35418543219566345,0.05806776508688927,-0.20769605040550232,0.35644641518592834,0.05819186568260193,-0.20789356529712677,0.3585492968559265,0.058137357234954834,-0.20812077820301056,0.35431262850761414,0.05698806047439575,-0.1575104147195816,0.3574097752571106,0.05625402554869652,-0.15741600096225739,0.3605269193649292,0.05515947937965393,-0.15764862298965454,0.39141860604286194,0.06148088350892067,-0.29308244585990906,0.3888794779777527,0.05853864178061485,-0.07609101384878159,0.3664909303188324,0.11144474148750305,-0.2024862915277481,0.3679850697517395,0.11165181547403336,-0.13889314234256744,0.44000914692878723,0.20844364166259766,-0.40472307801246643,0.47317060828208923,0.18224157392978668,0.08961044996976852,0.49585196375846863,0.507527232170105,-0.4290980100631714,0.5068803429603577,0.42626893520355225,0.17421187460422516,0.5196704268455505,0.7454004883766174,-0.37054306268692017,0.5003255605697632,0.6097602844238281,0.1684587150812149,0.5205925107002258,0.7843479514122009,-0.4222223162651062,0.49984413385391235,0.650935173034668,0.18383385241031647,0.5118423700332642,0.78644198179245,-0.41290244460105896,0.49578189849853516,0.6561243534088135,0.13915348052978516,0.5092770457267761,0.770350456237793,-0.3638838231563568,0.49842438101768494,0.643774688243866,0.14841142296791077,0.5299827456474304,0.5783244371414185,-0.1199783906340599,0.5530179738998413,0.5562654733657837,0.12007143348455429,0.5639640688896179,0.8373600244522095,0.017359359189867973,0.5754212141036987,0.8074792623519897,0.2623905837535858,0.6344136595726013,1.052258014678955,0.26609450578689575,0.6260126829147339,1.0142184495925903,0.5017174482345581,0.6612905859947205,1.0908162593841553,0.2852214574813843,0.6460564136505127,1.0494084358215332,0.5235110521316528,0.5986101031303406,1.0836296081542969,0.2157696634531021,0.5898030996322632,1.0586953163146973,0.46343013644218445
romanian deadlift_1200021.jpg,0.29045650362968445,0.15122540295124054,-0.15753977000713348,0.29675304889678955,0.11972615867853165,-0.191170796751976,0.30289140343666077,0.1166357696056366,-0.1913733035326004,0.3088432848453522,0.11403587460517883,-0.19157275557518005,0.29066452383995056,0.1248544380068779,-0.1323138177394867,0.2921536862850189,0.12507201731204987,-0.13231949508190155,0.29426392912864685,0.124940425157547,-0.13258709013462067,0.34731006622314453,0.1119948998093605,-0.2927670180797577,0.338516503572464,0.1138387992978096,-0.03810309246182442,0.3208845853805542,0.17147117853164673,-0.19098453223705292,0.3128000497817993,0.17694750428199768,-0.11566825956106186,0.44316571950912476,0.2612660825252533,-0.41576674580574036,0.43462657928466797,0.2624548673629761,0.14593786001205444,0.5203193426132202,0.5674572587013245,-0.4274042546749115,0.4876912832260132,0.5142739415168762,0.2508353590965271,0.553453266620636,0.8153074383735657,-0.34620076417922974,0.4815911054611206,0.6858434081077576,0.2028852254152298,0.5576180219650269,0.8683445453643799,-0.4015912413597107,0.47790423035621643,0.7346680760383606,0.21538931131362915,0.541372537612915,0.8803021907806396,-0.3947930932044983,0.4779902398586273,0.7290657758712769,0.16616585850715637,0.5415108799934387,0.8508012294769287,-0.3393538296222687,0.48412856459617615,0.7106373906135559,0.17922402918338776,0.5677124857902527,0.7140556573867798,-0.14437276124954224,0.5518902540206909,0.6729317903518677,0.14453083276748657,0.5541670322418213,0.9269435405731201,0.002388842636719346,0.5687358975410461,0.8852014541625977,0.34923598170280457,0.6366141438484192,1.1321215629577637,0.3416273891925812,0.6198456287384033,1.0970048904418945,0.6250838041305542,0.6694408655166626,1.1531742811203003,0.3738287687301636,0.643964946269989,1.1341534852981567,0.6528262495994568,0.5987784266471863,1.2251763343811035,0.3522343039512634,0.5626056790351868,1.174217939376831,0.6390847563743591
romanian deadlift_1200031.jpg,0.2925747334957123,0.23300443589687347,-0.15367312729358673,0.2980917990207672,0.1955951303243637,-0.18580681085586548,0.3018978536128998,0.19297263026237488,-0.1859239637851715,0.3053146302700043,0.19051706790924072,-0.1860911101102829,0.29626089334487915,0.19631314277648926,-0.13520827889442444,0.29882028698921204,0.1937912404537201,-0.1352059245109558,0.30147990584373474,0.19100910425186157,-0.13546507060527802,0.33795586228370667,0.18862253427505493,-0.2930717170238495,0.33935487270355225,0.18249431252479553,-0.08367598056793213,0.3200474977493286,0.255529522895813,-0.19013212621212006,0.3167690336704254,0.2549397647380829,-0.11666068434715271,0.44585081934928894,0.34925419092178345,-0.40766847133636475,0.46915382146835327,0.3029032051563263,0.02111765742301941,0.529022216796875,0.6669148206710815,-0.38095709681510925,0.5772613286972046,0.5526248216629028,0.058817390352487564,0.5576431751251221,0.8906053900718689,-0.22761882841587067,0.5821107029914856,0.7534158229827881,0.0621480867266655,0.5632708072662354,0.9444425702095032,-0.2516750991344452,0.5839699506759644,0.8022286295890808,0.07277698814868927,0.5555381178855896,0.9527841210365295,-0.25160735845565796,0.5752519369125366,0.8062511086463928,0.04461383447051048,0.5574014782905579,0.9211838841438293,-0.22508662939071655,0.5775449275970459,0.7913861870765686,0.04828540235757828,0.6083336472511292,0.7390463948249817,-0.13136476278305054,0.6103670001029968,0.6792039275169373,0.1311841756105423,0.47699737548828125,0.9238239526748657,0.0007822014158591628,0.5021889805793762,0.7264980673789978,0.33127281069755554,0.579064130783081,0.9264243245124817,0.36024489998817444,0.5613195300102234,0.8849630355834961,0.5707734823226929,0.6197620630264282,0.9331648349761963,0.3988017439842224,0.5910507440567017,0.9132571816444397,0.5983082056045532,0.5234269499778748,0.9207730889320374,0.49261781573295593,0.5003693103790283,0.9411450624465942,0.6280252933502197
romanian deadlift_1200041.jpg,0.2963636815547943,0.342538446187973,-0.21084772050380707,0.29309380054473877,0.31057536602020264,-0.2435443252325058,0.29591473937034607,0.3082849383354187,-0.24361035227775574,0.29864779114723206,0.30642157793045044,-0.24381008744239807,0.291542112827301,0.3110816776752472,-0.19914548099040985,0.29320618510246277,0.3087383508682251,-0.19917665421962738,0.2950383722782135,0.30652496218681335,-0.1995360404253006,0.32928526401519775,0.29264065623283386,-0.37122324109077454,0.32862693071365356,0.29048797488212585,-0.17727594077587128,0.3256090581417084,0.358621209859848,-0.2539821267127991,0.32036474347114563,0.3596494495868683,-0.19521453976631165,0.4491710066795349,0.4280203580856323,-0.47931092977523804,0.496496319770813,0.3449901342391968,-0.07568255066871643,0.5296327471733093,0.7695607542991638,-0.4726247489452362,0.592091977596283,0.6244099736213684,-0.025379503145813942,0.5728932619094849,1.0224121809005737,-0.29393354058265686,0.5923025608062744,0.8690300583839417,-0.0013418600428849459,0.591729462146759,1.0753248929977417,-0.29458528757095337,0.5910779237747192,0.920323371887207,0.009948967956006527,0.5748109221458435,1.0797371864318848,-0.3057023584842682,0.5814443826675415,0.9310275316238403,-0.022763755172491074,0.5724514126777649,1.0565128326416016,-0.29902130365371704,0.5861532092094421,0.9153567552566528,-0.017648346722126007,0.6236008405685425,0.7763245701789856,-0.12354151904582977,0.6347774267196655,0.7176200151443481,0.12324599176645279,0.4955896735191345,0.9360208511352539,0.02195202186703682,0.5208135843276978,0.7571866512298584,0.3182738423347473,0.5816632509231567,1.0253242254257202,0.36397770047187805,0.563167929649353,0.8954000473022461,0.5550866723060608,0.6220621466636658,1.0240473747253418,0.3968459367752075,0.5917372107505798,0.9489522576332092,0.5809951424598694,0.5153206586837769,1.0486143827438354,0.43141287565231323,0.5007808804512024,0.9946665167808533,0.6048322916030884
romanian deadlift_1200051.jpg,0.3031427264213562,0.33217835426330566,-0.3473338782787323,0.30121612548828125,0.2948680818080902,-0.38494378328323364,0.3043537735939026,0.29132091999053955,-0.38499554991722107,0.30931517481803894,0.283934086561203,-0.3852287828922272,0.2995135486125946,0.2988355755805969,-0.3412724733352661,0.30151140689849854,0.29731670022010803,-0.3413240611553192,0.30382612347602844,0.2961136996746063,-0.34172818064689636,0.3441990613937378,0.26650187373161316,-0.5019647479057312,0.33332565426826477,0.27398374676704407,-0.3091059625148773,0.3474625051021576,0.33987703919410706,-0.3813186585903168,0.3231228291988373,0.34577807784080505,-0.3244396150112152,0.4888138771057129,0.3704635202884674,-0.5901966094970703,0.495338499546051,0.3256734311580658,-0.1582847237586975,0.5639131665229797,0.734406590461731,-0.5639994144439697,0.5834304094314575,0.62498539686203,-0.0634075328707695,0.591180145740509,1.0063947439193726,-0.4285547137260437,0.5928764343261719,0.8350609540939331,-0.041092317551374435,0.6075391173362732,1.0681077241897583,-0.46676763892173767,0.5959035754203796,0.8820648789405823,-0.028413815423846245,0.5838682055473328,1.074065923690796,-0.4680744707584381,0.5837141275405884,0.8852947950363159,-0.06803137809038162,0.5788782238960266,1.0485670566558838,-0.4265455901622772,0.5869817137718201,0.8700527548789978,-0.057923078536987305,0.6415172815322876,0.7234683632850647,-0.12470126152038574,0.635050892829895,0.6789252161979675,0.12446704506874084,0.5514474511146545,0.9130819439888,-0.0063772439025342464,0.5231108069419861,0.824675977230072,0.24072407186031342,0.5889343619346619,1.1203358173370361,0.25507742166519165,0.5942020416259766,1.0432772636413574,0.4663524031639099,0.6354944705963135,1.153469443321228,0.27703654766082764,0.6289175152778625,1.0756808519363403,0.49140170216560364,0.5382277965545654,1.1804442405700684,0.2477310597896576,0.5393141508102417,1.148181438446045,0.49288755655288696
romanian deadlift_1200061.jpg,0.3509456515312195,0.3788757622241974,-0.49976304173469543,0.33276426792144775,0.33608168363571167,-0.5376660227775574,0.35040318965911865,0.325968474149704,-0.5375850796699524,0.3868362605571747,0.33461347222328186,-0.5377815961837769,0.3306434452533722,0.3410895764827728,-0.49732497334480286,0.3329367935657501,0.34029197692871094,-0.49743250012397766,0.3630426526069641,0.34798553586006165,-0.49782004952430725,0.4086085855960846,0.301602840423584,-0.620590090751648,0.3773529827594757,0.3195837438106537,-0.4393816888332367,0.42801612615585327,0.3843771517276764,-0.5179159045219421,0.41201767325401306,0.39417505264282227,-0.46474915742874146,0.5561848878860474,0.3696889281272888,-0.6465412378311157,0.49942079186439514,0.35710424184799194,-0.2906968295574188,0.6010684370994568,0.7236611843109131,-0.5787649154663086,0.5796110033988953,0.6664561629295349,-0.19886146485805511,0.5942520499229431,0.9691864848136902,-0.44622308015823364,0.5784406661987305,0.9116313457489014,-0.1881672739982605,0.6072730422019958,1.0278383493423462,-0.4876978099346161,0.5743039846420288,0.9739239811897278,-0.1938219666481018,0.5817378759384155,1.0264580249786377,-0.5008140802383423,0.570697546005249,0.9763208031654358,-0.23488599061965942,0.5788158178329468,1.0021522045135498,-0.4488053619861603,0.5789992213249207,0.9532412886619568,-0.205811008810997,0.6915295124053955,0.7067567110061646,-0.123844213783741,0.6433678865432739,0.6696817874908447,0.12364206463098526,0.5816701054573059,0.9068211317062378,-0.16516028344631195,0.5216214656829834,0.8424847722053528,0.136899933218956,0.5892780423164368,1.1148794889450073,0.11537840217351913,0.60225510597229,1.0567504167556763,0.3486558198928833,0.6361177563667297,1.1455403566360474,0.1422654092311859,0.6409686207771301,1.0775601863861084,0.37264031171798706,0.5420514941215515,1.1848868131637573,0.1102287545800209,0.5658168792724609,1.175962209701538,0.3611944615840912
romanian deadlift_1200071.jpg,0.32991349697113037,0.3288860619068146,-0.3626073896884918,0.3220921754837036,0.28987663984298706,-0.3951853811740875,0.33541783690452576,0.2831423878669739,-0.39521700143814087,0.351002961397171,0.2821902930736542,-0.3953997790813446,0.3216187059879303,0.2939665615558624,-0.3508049249649048,0.3238510489463806,0.2892204821109772,-0.35083356499671936,0.33750948309898376,0.28844836354255676,-0.3511712849140167,0.3801102042198181,0.2673066258430481,-0.49210527539253235,0.3661176264286041,0.27032598853111267,-0.297968327999115,0.3944016695022583,0.33786261081695557,-0.3909253478050232,0.378562867641449,0.34176281094551086,-0.3337346017360687,0.5174071192741394,0.3645717203617096,-0.5845630168914795,0.4954095482826233,0.3392993211746216,-0.14123862981796265,0.5735893845558167,0.75001460313797,-0.5637496113777161,0.5813864469528198,0.6483021974563599,-0.04828763008117676,0.5998631119728088,1.0536301136016846,-0.4588943123817444,0.5838577747344971,0.8739606142044067,-0.03676971048116684,0.6381247043609619,1.11580491065979,-0.512861430644989,0.5829445123672485,0.924910843372345,-0.030819647014141083,0.6087278723716736,1.131337285041809,-0.5189295411109924,0.5752033591270447,0.930249810218811,-0.07420472055673599,0.6010204553604126,1.1059826612472534,-0.45994827151298523,0.5817328691482544,0.913684070110321,-0.05563190206885338,0.6718200445175171,0.7112581133842468,-0.1310844123363495,0.6453925371170044,0.6681407690048218,0.13112005591392517,0.5611703395843506,0.9095617532730103,-0.10456418991088867,0.5136144757270813,0.8388333916664124,0.1833864152431488,0.6025330424308777,1.1119425296783447,0.17985160648822784,0.6153052449226379,1.0544555187225342,0.3763401210308075,0.6508107781410217,1.137144923210144,0.2054743617773056,0.6576675176620483,1.0745611190795898,0.39804893732070923,0.5498543977737427,1.1885497570037842,0.1928982436656952,0.5806048512458801,1.1711876392364502,0.40248292684555054
romanian deadlift_1200081.jpg,0.35567066073417664,0.09229256212711334,-0.34466543793678284,0.3604494333267212,0.04472002387046814,-0.36591780185699463,0.36957672238349915,0.03861602395772934,-0.3657735586166382,0.3692275881767273,0.045066557824611664,-0.36589816212654114,0.35400471091270447,0.04453467205166817,-0.3158627152442932,0.354596883058548,0.045748546719551086,-0.3158550560474396,0.35714060068130493,0.0460970364511013,-0.3164018988609314,0.40531498193740845,0.042600832879543304,-0.4330410361289978,0.37804868817329407,0.03353756666183472,-0.26324987411499023,0.3945084512233734,0.10783962905406952,-0.34438571333885193,0.3819209635257721,0.11092070490121841,-0.2951669692993164,0.5047804713249207,0.16703644394874573,-0.4827107787132263,0.5023969411849976,0.11886981129646301,-0.03698868677020073,0.5500449538230896,0.46725285053253174,-0.4619738459587097,0.5853058099746704,0.3419133424758911,0.08108208328485489,0.572333037853241,0.7234460711479187,-0.3253961205482483,0.5966271162033081,0.5432024598121643,0.09143376350402832,0.5768668055534363,0.7600468397140503,-0.36337268352508545,0.6013298630714417,0.5837206840515137,0.10655219852924347,0.5699893236160278,0.7544344663619995,-0.35205551981925964,0.589506208896637,0.5960112810134888,0.057803742587566376,0.5729047656059265,0.742376446723938,-0.31673797965049744,0.5914669632911682,0.5874300003051758,0.0722055435180664,0.6648578643798828,0.5997483730316162,-0.12398374825716019,0.648267388343811,0.5175098180770874,0.12400039285421371,0.575774073600769,0.8011217713356018,0.0805748924612999,0.6087462306022644,0.7421264052391052,0.35363247990608215,0.6531684994697571,1.0079553127288818,0.3934772312641144,0.6926921010017395,0.9559531211853027,0.6239532828330994,0.695290744304657,1.0461435317993164,0.4222950041294098,0.7248041033744812,0.9935563206672668,0.6517282724380493,0.5912975668907166,1.0365511178970337,0.43092790246009827,0.6465660333633423,1.0094091892242432,0.6736267805099487
romanian deadlift_1200091.jpg,,,,,,,,,,,,,,,,,,,,,,,,,,,,,,,,,,,,,,,,,,,,,,,,,,,,,,,,,,,,,,,,,,,,,,,,,,,,,,,,,,,,,,,,,,,,,,,,,,,
romanian deadlift_1200101.jpg,,,,,,,,,,,,,,,,,,,,,,,,,,,,,,,,,,,,,,,,,,,,,,,,,,,,,,,,,,,,,,,,,,,,,,,,,,,,,,,,,,,,,,,,,,,,,,,,,,,
romanian deadlift_1200111.jpg,0.46377384662628174,0.011598438955843449,-0.6412833333015442,0.4771932363510132,-0.013931035995483398,-0.6579984426498413,0.4843396246433258,-0.012494773603975773,-0.6581240892410278,0.4906315207481384,-0.011455416679382324,-0.6584123969078064,0.4683677554130554,-0.018687546253204346,-0.6097555160522461,0.4691489636898041,-0.01895695924758911,-0.6096791625022888,0.469786673784256,-0.020195066928863525,-0.6097646355628967,0.5204281806945801,0.0016913115978240967,-0.6431478261947632,0.4985814094543457,-0.005513399839401245,-0.43228429555892944,0.4854436218738556,0.03470239043235779,-0.6256734132766724,0.47504666447639465,0.032242149114608765,-0.5644785761833191,0.535614013671875,0.14614470303058624,-0.695695698261261,0.5456335544586182,0.1066223680973053,-0.15851524472236633,0.5108526945114136,0.44273003935813904,-0.7555143237113953,0.5420323610305786,0.32524406909942627,-0.005613564047962427,0.46641501784324646,0.6853365302085876,-0.7432512640953064,0.5022640824317932,0.4980602264404297,0.014180567115545273,0.45098862051963806,0.7115572690963745,-0.8227662444114685,0.4941657781600952,0.5306740999221802,0.03527103364467621,0.4464883506298065,0.7119557857513428,-0.8056092858314514,0.48138126730918884,0.5385838150978088,-0.027813130989670753,0.4401702880859375,0.6729365587234497,-0.7369688749313354,0.48721763491630554,0.5307173728942871,-0.009830266237258911,0.5381208062171936,0.4724529981613159,-0.154123917222023,0.5488193035125732,0.4604571461677551,0.1540992259979248,0.4710692763328552,0.7084223031997681,0.0436224527657032,0.519573986530304,0.6597535610198975,0.41394221782684326,0.4926149249076843,0.9107575416564941,0.4185028672218323,0.507907509803772,0.8792557716369629,0.7838859558105469,0.5135347247123718,0.950793981552124,0.45004409551620483,0.516875684261322,0.9212816953659058,0.8182567358016968,0.4479387402534485,0.931144654750824,0.36683785915374756,0.4510861933231354,0.9175763726234436,0.7387744188308716
romanian deadlift_1200121.jpg,,,,,,,,,,,,,,,,,,,,,,,,,,,,,,,,,,,,,,,,,,,,,,,,,,,,,,,,,,,,,,,,,,,,,,,,,,,,,,,,,,,,,,,,,,,,,,,,,,,
romanian deadlift_1200131.jpg,,,,,,,,,,,,,,,,,,,,,,,,,,,,,,,,,,,,,,,,,,,,,,,,,,,,,,,,,,,,,,,,,,,,,,,,,,,,,,,,,,,,,,,,,,,,,,,,,,,
romanian deadlift_1200141.jpg,0.36849334836006165,0.25323227047920227,-0.05933833122253418,0.3758365213871002,0.21281743049621582,-0.10717926919460297,0.37697333097457886,0.21373623609542847,-0.1074376106262207,0.37814804911613464,0.21526452898979187,-0.1075892448425293,0.3792266845703125,0.2088535577058792,-0.04646831750869751,0.3832464814186096,0.2068493366241455,-0.04643528163433075,0.3871130049228668,0.20557688176631927,-0.04667799174785614,0.40106791257858276,0.2282857745885849,-0.26506537199020386,0.4164574444293976,0.21417176723480225,0.0036886553280055523,0.38667169213294983,0.28230592608451843,-0.11149131506681442,0.3884905278682709,0.2801711857318878,-0.032655756920576096,0.4664481282234192,0.41865792870521545,-0.3909967541694641,0.5416180491447449,0.3706817328929901,0.13171137869358063,0.5588304400444031,0.7210438847541809,-0.4122637212276459,0.6498088240623474,0.6280442476272583,0.17668093740940094,0.6077064871788025,1.0001015663146973,-0.2819806933403015,0.6277844905853271,0.9106740951538086,0.1609727442264557,0.6624084711074829,1.0482962131500244,-0.3350103199481964,0.6701712012290955,0.9213011860847473,0.16786286234855652,0.6471695303916931,1.0697650909423828,-0.31650108098983765,0.6712349057197571,0.9236748814582825,0.11107336729764938,0.6360360383987427,1.0606482028961182,-0.27205631136894226,0.6711572408676147,0.9125896692276001,0.13337799906730652,0.7184290289878845,0.7859964370727539,-0.12041980773210526,0.7389004826545715,0.7636820673942566,0.12080108374357224,0.6691513657569885,1.0412237644195557,-0.10219331085681915,0.7591516971588135,0.9592829942703247,0.1941675841808319,0.7371392846107483,1.2315343618392944,0.26903361082077026,0.7879960536956787,1.2094178199768066,0.3943602740764618,0.7683625817298889,1.2573002576828003,0.30167609453201294,0.8003090620040894,1.2406466007232666,0.410062313079834,0.6854143738746643,1.2782487869262695,0.28196823596954346,0.7719053030014038,1.2839525938034058,0.36818015575408936
romanian deadlift_1200151.jpg,0.3687499761581421,0.32355576753616333,-0.125062957406044,0.37559279799461365,0.28497767448425293,-0.16032925248146057,0.37688493728637695,0.284237265586853,-0.1604512631893158,0.37813156843185425,0.2843201458454132,-0.1605462282896042,0.378644198179245,0.2830902338027954,-0.10797066241502762,0.38252002000808716,0.2808308005332947,-0.10797058790922165,0.3862496614456177,0.2795201539993286,-0.10810189694166183,0.4019913971424103,0.2868660092353821,-0.2712462842464447,0.41663452982902527,0.27786242961883545,-0.035312142223119736,0.39184173941612244,0.34778231382369995,-0.16001233458518982,0.3934142291545868,0.347565233707428,-0.09160991758108139,0.48993125557899475,0.4766036868095398,-0.38751569390296936,0.5519288778305054,0.41183120012283325,0.11705607920885086,0.5579774975776672,0.8477530479431152,-0.4099847674369812,0.650220513343811,0.6942195296287537,0.1766292303800583,0.6089467406272888,1.1247167587280273,-0.28311339020729065,0.6387317776679993,0.9389706254005432,0.21503859758377075,0.6477690935134888,1.1974151134490967,-0.3319239616394043,0.657859742641449,0.973964273929596,0.22797991335391998,0.635118842124939,1.2182186841964722,-0.3157046139240265,0.6561937928199768,0.9829057455062866,0.18147267401218414,0.6241699457168579,1.2014492750167847,-0.27517619729042053,0.6560577154159546,0.9734236001968384,0.1931166797876358,0.7435358166694641,0.8266438245773315,-0.1346670240163803,0.762921154499054,0.7715566754341125,0.13465100526809692,0.5466564893722534,0.8484398722648621,-0.11490053683519363,0.6081441044807434,0.7019890546798706,0.29025736451148987,0.6512066721916199,0.9416046142578125,0.2588079273700714,0.6947782039642334,0.9775044918060303,0.40279191732406616,0.6873172521591187,0.9454679489135742,0.2951330542564392,0.7290849685668945,1.0074011087417603,0.41243311762809753,0.612664520740509,0.9741217494010925,0.37666815519332886,0.6697561740875244,1.0761624574661255,0.4458507299423218
romanian deadlift_1200161.jpg,0.37103766202926636,0.42038047313690186,-0.1343882530927658,0.375795841217041,0.38222506642341614,-0.1596420705318451,0.37767213582992554,0.3793576657772064,-0.15976586937904358,0.3812561631202698,0.3752566874027252,-0.1598477065563202,0.37794288992881775,0.3871210813522339,-0.11195004731416702,0.38091108202934265,0.38719063997268677,-0.11199614405632019,0.3836108148097992,0.3875070810317993,-0.1122560128569603,0.4102516174316406,0.377157598733902,-0.23293226957321167,0.41302981972694397,0.38445383310317993,-0.02667377144098282,0.39994949102401733,0.4437310993671417,-0.15675435960292816,0.39840537309646606,0.4492044746875763,-0.09437835961580276,0.5183469653129578,0.5356845259666443,-0.3611273467540741,0.5527744293212891,0.5109593868255615,0.1385999619960785,0.5909792184829712,0.8926168084144592,-0.3874151408672333,0.6492509245872498,0.8024106621742249,0.19752158224582672,0.6206679940223694,1.1718695163726807,-0.2785910964012146,0.6408781409263611,1.0405480861663818,0.2108348309993744,0.6477959752082825,1.2521073818206787,-0.319870263338089,0.6492146253585815,1.08932626247406,0.2159411758184433,0.6320530772209167,1.2708985805511475,-0.30895909667015076,0.6460088491439819,1.0948131084442139,0.17074324190616608,0.623920738697052,1.2473654747009277,-0.27229002118110657,0.648006021976471,1.0780510902404785,0.18837232887744904,0.7773897647857666,0.8542146682739258,-0.13471296429634094,0.7782861590385437,0.822212278842926,0.13463462889194489,0.562608540058136,0.9106618165969849,-0.12339930236339569,0.6112497448921204,0.7930083274841309,0.26019278168678284,0.6677253246307373,1.0224107503890991,0.21573254466056824,0.7170807719230652,1.0679125785827637,0.33262360095977783,0.7043988108634949,1.0265967845916748,0.24844662845134735,0.7496868968009949,1.099638819694519,0.3372231721878052,0.629551351070404,1.0766301155090332,0.3461444675922394,0.6993924379348755,1.1635998487472534,0.37638700008392334
romanian deadlift_1200171.jpg,0.37236014008522034,0.4871506094932556,-0.11879479885101318,0.37561699748039246,0.4443270266056061,-0.14989104866981506,0.3776252865791321,0.4407861530780792,-0.15006478130817413,0.38114747405052185,0.43773889541625977,-0.15017133951187134,0.37670937180519104,0.44786208868026733,-0.10322850197553635,0.37910065054893494,0.4461532533168793,-0.10329350084066391,0.38116976618766785,0.4446779489517212,-0.10353820025920868,0.40937843918800354,0.4330194294452667,-0.2293725162744522,0.40515437722206116,0.432890921831131,-0.052316680550575256,0.4009018540382385,0.5042837262153625,-0.14924146234989166,0.3988570272922516,0.5083351135253906,-0.0898134633898735,0.5096923112869263,0.6001791954040527,-0.35615575313568115,0.5420117974281311,0.5156315565109253,0.09290848672389984,0.5879581570625305,0.9313852190971375,-0.3828309178352356,0.6188815832138062,0.7909188270568848,0.1683509200811386,0.6054260730743408,1.2245115041732788,-0.27252206206321716,0.6152073740959167,1.017622947692871,0.22551396489143372,0.6186081767082214,1.2778799533843994,-0.309874951839447,0.6127043962478638,1.0531418323516846,0.2418973743915558,0.6033945679664612,1.2932926416397095,-0.29169508814811707,0.6081190705299377,1.0616071224212646,0.20072035491466522,0.598259687423706,1.2732938528060913,-0.2648179233074188,0.6101322174072266,1.0524711608886719,0.2081294059753418,0.7673366665840149,0.8788731098175049,-0.13466960191726685,0.7749508619308472,0.8190810084342957,0.13465039432048798,0.5423921942710876,0.9364482164382935,-0.11816872656345367,0.5825208425521851,0.8333516716957092,0.24533993005752563,0.655754029750824,1.074018955230713,0.22509197890758514,0.6952059864997864,1.079897403717041,0.33663615584373474,0.6937587261199951,1.0810704231262207,0.2583647072315216,0.7311004400253296,1.1016502380371094,0.3400333821773529,0.613799512386322,1.1313543319702148,0.34376925230026245,0.6773515343666077,1.1819279193878174,0.4146696925163269
romanian deadlift_1200181.jpg,0.37109214067459106,0.5106846690177917,-0.05857156217098236,0.3669167160987854,0.4771167039871216,-0.09769458323717117,0.36742937564849854,0.4766509234905243,-0.0977688655257225,0.3681458830833435,0.4768937826156616,-0.09786438941955566,0.3721057176589966,0.46980252861976624,-0.07275928556919098,0.37546125054359436,0.4651152193546295,-0.07291194051504135,0.3784516751766205,0.4609035849571228,-0.07323884218931198,0.39180994033813477,0.4737306833267212,-0.22547101974487305,0.39859893918037415,0.4557189643383026,-0.09158221632242203,0.39556559920310974,0.5297487378120422,-0.0981978103518486,0.3978044092655182,0.5273234844207764,-0.06753876060247421,0.4845547676086426,0.6340596675872803,-0.3321428596973419,0.5253881216049194,0.5058494806289673,-0.001220180420204997,0.5591230392456055,0.9439238905906677,-0.347318172454834,0.5938190221786499,0.772910475730896,0.10689611732959747,0.5754585266113281,1.209733009338379,-0.22278502583503723,0.5782772898674011,1.0010955333709717,0.2603863477706909,0.5831400752067566,1.2501803636550903,-0.25057607889175415,0.5693778991699219,1.030469298362732,0.2894217371940613,0.5724177956581116,1.2584294080734253,-0.22893746197223663,0.5663999319076538,1.0413260459899902,0.25144484639167786,0.5691837072372437,1.243666648864746,-0.21554695069789886,0.570856511592865,1.0357271432876587,0.24725183844566345,0.7271782755851746,0.8771522641181946,-0.11193025857210159,0.7479668855667114,0.8128557205200195,0.11197647452354431,0.5525627732276917,0.9494991898536682,-0.02904314175248146,0.5915331244468689,0.8389064073562622,0.25597843527793884,0.654289186000824,1.039860725402832,0.3260337710380554,0.6961790919303894,1.0251104831695557,0.4122813940048218,0.6850597858428955,1.0378243923187256,0.36482852697372437,0.7238979935646057,1.0359715223312378,0.4306298494338989,0.6199837327003479,1.0759755373001099,0.4647594094276428,0.6918671131134033,1.1082099676132202,0.4876473546028137
romanian deadlift_1200191.jpg,0.3641834855079651,0.4410743713378906,-0.06419562548398972,0.36314934492111206,0.40230679512023926,-0.09991877526044846,0.3643980026245117,0.40171465277671814,-0.10003920644521713,0.36596524715423584,0.4016202688217163,-0.10011652112007141,0.36609846353530884,0.3985920250415802,-0.07270504534244537,0.3691967725753784,0.395611435174942,-0.07285559922456741,0.37191301584243774,0.3931635916233063,-0.07317708432674408,0.38780584931373596,0.40450990200042725,-0.17984403669834137,0.3907908797264099,0.39346885681152344,-0.067867711186409,0.3902861773967743,0.46321189403533936,-0.09688734263181686,0.3915072977542877,0.46381646394729614,-0.06687938421964645,0.4669899344444275,0.5754411220550537,-0.3014328181743622,0.48685920238494873,0.48780980706214905,0.0051163178868591785,0.5461409687995911,0.8927080631256104,-0.33499574661254883,0.5670488476753235,0.7515439391136169,0.13588766753673553,0.5640414357185364,1.1689132452011108,-0.23835235834121704,0.5629377365112305,1.007072925567627,0.2711166441440582,0.5726156830787659,1.2161816358566284,-0.2742305397987366,0.5571103692054749,1.0484178066253662,0.3020317852497101,0.5582024455070496,1.228222370147705,-0.25294631719589233,0.5611125230789185,1.0593039989471436,0.2586013972759247,0.5551543831825256,1.213346004486084,-0.2305711954832077,0.5657927393913269,1.0486431121826172,0.2561708986759186,0.7203661203384399,0.8038376569747925,-0.12818384170532227,0.7164617776870728,0.7248278260231018,0.12827225029468536,0.5367500185966492,0.9794752597808838,-0.13045895099639893,0.5008166432380676,0.7743338942527771,0.24730439484119415,0.6330967545509338,1.0587395429611206,0.16808488965034485,0.6256901621818542,0.9835980534553528,0.33828917145729065,0.6673476099967957,1.0517113208770752,0.2037285715341568,0.6630765795707703,0.996513307094574,0.3471345901489258,0.5849838256835938,1.11117422580719,0.30530834197998047,0.6040327548980713,1.0805646181106567,0.3818798065185547
romanian deadlift_1200201.jpg,0.47082123160362244,0.06029628589749336,-0.06675203144550323,0.4626370668411255,0.040891800075769424,-0.09896722435951233,0.46127331256866455,0.043396107852458954,-0.09915520995855331,0.45987430214881897,0.04602670297026634,-0.09921412914991379,0.4667477011680603,0.03858455270528793,-0.09478529542684555,0.4675930440425873,0.03992057964205742,-0.0949150025844574,0.4685817360877991,0.04096380993723869,-0.09508336335420609,0.4575948715209961,0.0768515095114708,-0.14966775476932526,0.4696788191795349,0.06972344219684601,-0.1602163165807724,0.47479984164237976,0.09696178138256073,-0.08998677879571915,0.4470883309841156,0.10099901258945465,-0.0867069885134697,0.46884986758232117,0.2412315011024475,-0.2454698085784912,0.4962505102157593,0.19794213771820068,-0.0974862203001976,0.5066887140274048,0.4970141053199768,-0.26152661442756653,0.5196981430053711,0.4844492971897125,-0.07222258299589157,0.5144358277320862,0.7251556515693665,-0.194212406873703,0.5186888575553894,0.6783336400985718,-0.007063825614750385,0.5143469572067261,0.7693523168563843,-0.22158020734786987,0.5089412331581116,0.7317715883255005,-0.00904535036534071,0.5058863759040833,0.7708684206008911,-0.19069814682006836,0.5105016827583313,0.736985445022583,-0.042289115488529205,0.5069840550422668,0.7576168775558472,-0.181996151804924,0.5121206045150757,0.7280267477035522,-0.022206734865903854,0.71584552526474,0.5934281945228577,-0.05389425903558731,0.7234492897987366,0.5711174607276917,0.05377372354269028,0.7563084959983826,0.6842418313026428,0.2146986573934555,0.7448656558990479,0.6810354590415955,0.35516828298568726,0.836978018283844,0.7821352481842041,0.5498489737510681,0.8360684514045715,0.7814761400222778,0.6508328318595886,0.8535061478614807,0.7874590754508972,0.5812572836875916,0.8531730771064758,0.7847518920898438,0.6778247356414795,0.8434352278709412,0.8282041549682617,0.5515534281730652,0.8568257689476013,0.8307485580444336,0.6404439210891724
romanian deadlift_1200211.jpg,0.5883359909057617,0.10223697870969772,-0.3862851560115814,0.6008093953132629,0.07700900733470917,-0.40944811701774597,0.6042521595954895,0.07769585400819778,-0.4095689058303833,0.6076478958129883,0.07849050313234329,-0.40951475501060486,0.5892435908317566,0.07389617711305618,-0.4238084852695465,0.583238959312439,0.07270991057157516,-0.42410901188850403,0.5773526430130005,0.07155455648899078,-0.424584299325943,0.5966016054153442,0.0889536514878273,-0.4202326834201813,0.5552676320075989,0.08005009591579437,-0.4979660212993622,0.5808579325675964,0.13177832961082458,-0.3809170424938202,0.5482596755027771,0.12104762345552444,-0.40284913778305054,0.5506066679954529,0.19489605724811554,-0.425123393535614,0.49441584944725037,0.24969428777694702,-0.3827139139175415,0.5098354816436768,0.48145076632499695,-0.4159558415412903,0.4904453158378601,0.49834322929382324,-0.37624654173851013,0.46693184971809387,0.713527262210846,-0.36628761887550354,0.4402962625026703,0.7320535182952881,-0.33303576707839966,0.46064236760139465,0.7718644738197327,-0.40480607748031616,0.41699743270874023,0.7737345099449158,-0.3424181044101715,0.4464418590068817,0.7661164402961731,-0.38069286942481995,0.42094138264656067,0.7851614952087402,-0.39392805099487305,0.47965431213378906,0.7395864725112915,-0.35945412516593933,0.42953360080718994,0.7682178020477295,-0.35561883449554443,0.7172772884368896,0.4572584927082062,0.0033566912170499563,0.683886706829071,0.5207871794700623,-0.0030271969735622406,0.7386410236358643,0.5621201992034912,0.056401267647743225,0.7184566259384155,0.6303107142448425,0.013080907054245472,0.8225039839744568,0.7354370355606079,0.2266341745853424,0.8004628419876099,0.7810744643211365,0.17436286807060242,0.8246715664863586,0.7606163024902344,0.23085245490074158,0.8158227205276489,0.7897554039955139,0.18699726462364197,0.8489476442337036,0.7813268899917603,0.1542966216802597,0.8507480621337891,0.8748319745063782,0.10503153502941132
romanian deadlift_1200221.jpg,0.583745539188385,0.14506438374519348,0.22909241914749146,0.5863526463508606,0.11421035975217819,0.24393565952777863,0.5882009863853455,0.11296792328357697,0.24383185803890228,0.5882433652877808,0.1118922159075737,0.24385395646095276,0.580663800239563,0.13269373774528503,0.20345669984817505,0.5784475207328796,0.1344546526670456,0.20323051512241364,0.5762291550636292,0.13620418310165405,0.20270949602127075,0.5723915100097656,0.13041867315769196,0.26506543159484863,0.5546529293060303,0.15523333847522736,0.07790766656398773,0.5811812281608582,0.16598361730575562,0.23243498802185059,0.571940004825592,0.16888485848903656,0.17851391434669495,0.5293574333190918,0.22554238140583038,0.15376867353916168,0.5004422068595886,0.3094536364078522,-0.018245557323098183,0.5090364217758179,0.3040006756782532,0.14983423054218292,0.49507686495780945,0.5464988946914673,-0.11036482453346252,0.5030350089073181,0.3591304421424866,0.13549216091632843,0.45910802483558655,0.7013373374938965,-0.045739270746707916,0.5057674050331116,0.35774341225624084,0.11843641102313995,0.44615939259529114,0.7416585087776184,-0.034994326531887054,0.49375298619270325,0.37066227197647095,0.12585102021694183,0.4470810890197754,0.7567465305328369,-0.08247847855091095,0.4997008442878723,0.373465895652771,0.13201770186424255,0.45565906167030334,0.7400263547897339,-0.06388486921787262,0.6583656072616577,0.47358423471450806,0.03937338665127754,0.653384804725647,0.5141769647598267,-0.03955946862697601,0.5869948863983154,0.508491575717926,0.01136082410812378,0.5484692454338074,0.5946350693702698,-0.07723606377840042,0.49284136295318604,0.8248046636581421,-0.05396115779876709,0.5021510124206543,0.8663749098777771,-0.17221130430698395,0.47994205355644226,0.8635677695274353,-0.060589905828237534,0.48446017503738403,0.8960461020469666,-0.179286390542984,0.4657648205757141,0.9238783121109009,-0.10330957919359207,0.5169183611869812,0.9682585597038269,-0.2187933325767517
romanian deadlift_1300001.jpg,0.5363303422927856,0.13638490438461304,-0.10541502386331558,0.5208439230918884,0.11074846237897873,-0.1257471740245819,0.5188799500465393,0.11196322739124298,-0.12599438428878784,0.5188862681388855,0.11238343268632889,-0.12613080441951752,0.5184090733528137,0.1117352694272995,-0.10677929222583771,0.5161572098731995,0.11134960502386093,-0.10684297978878021,0.5143643617630005,0.11076581478118896,-0.10686013847589493,0.5176550149917603,0.1273324191570282,-0.16462185978889465,0.5103296637535095,0.12657548487186432,-0.08682509511709213,0.5448834300041199,0.16511552035808563,-0.11245455592870712,0.5203133225440979,0.1634541153907776,-0.08986964821815491,0.4922461211681366,0.29587793350219727,-0.24092534184455872,0.509283185005188,0.2634546160697937,-0.013158497400581837,0.48017582297325134,0.5041049122810364,-0.12615050375461578,0.509601354598999,0.49571919441223145,-0.060358114540576935,0.46787992119789124,0.7065053582191467,-0.04955900087952614,0.4883916974067688,0.6455198526382446,0.008198623545467854,0.4572562873363495,0.7422537803649902,-0.09268417209386826,0.48131224513053894,0.6745818257331848,0.021206136792898178,0.454877644777298,0.7444905042648315,-0.09151686728000641,0.48045772314071655,0.6685096025466919,-0.010544342920184135,0.45766136050224304,0.7351738214492798,-0.05909937620162964,0.4843176305294037,0.6685838103294373,-0.0044728489592671394,0.6752463579177856,0.571290135383606,-0.020176196470856667,0.6782386898994446,0.5897594690322876,0.019824763759970665,0.6980274319648743,0.6685377359390259,0.17305247485637665,0.713015615940094,0.6716336011886597,0.36913806200027466,0.7762945890426636,0.8901514410972595,0.48010700941085815,0.7995198965072632,0.8582980632781982,0.6294867992401123,0.8047102093696594,0.9086805582046509,0.5115268230438232,0.8197698593139648,0.8730448484420776,0.6556110978126526,0.7477089762687683,0.9455926418304443,0.4968855082988739,0.7994619607925415,0.9068493247032166,0.6463857889175415
romanian deadlift_1300011.jpg,0.3917832374572754,0.24887949228286743,-0.1706620305776596,0.3950333595275879,0.22077947854995728,-0.1903621405363083,0.39749014377593994,0.21930058300495148,-0.19055864214897156,0.4001050591468811,0.21810919046401978,-0.1907719522714615,0.39262011647224426,0.22221997380256653,-0.15010468661785126,0.39368104934692383,0.22193947434425354,-0.15015508234500885,0.3949384391307831,0.22159504890441895,-0.1502074897289276,0.4177684187889099,0.22824130952358246,-0.23234571516513824,0.4141961634159088,0.2279912382364273,-0.0691433846950531,0.4086562991142273,0.27157655358314514,-0.18026436865329742,0.40280744433403015,0.2728522717952728,-0.12904447317123413,0.4500284492969513,0.3682366609573364,-0.32104408740997314,0.47966986894607544,0.32381555438041687,0.07950405031442642,0.4881086051464081,0.5644605159759521,-0.31438544392585754,0.5263391137123108,0.5369939804077148,0.1305442452430725,0.4948805272579193,0.7214813828468323,-0.1913950890302658,0.5263295769691467,0.7336758971214294,0.1322280466556549,0.49860864877700806,0.790387749671936,-0.22227931022644043,0.5278578996658325,0.7648495435714722,0.14862674474716187,0.4900147616863251,0.7868601679801941,-0.20172366499900818,0.514385461807251,0.768119752407074,0.1076401025056839,0.4910973012447357,0.7491273880004883,-0.18321003019809723,0.5143433213233948,0.7615655660629272,0.11492966115474701,0.622355580329895,0.6885243058204651,-0.10533630847930908,0.6462558507919312,0.6482951641082764,0.10510636866092682,0.6956697702407837,0.850786566734314,0.1356532722711563,0.7042394876480103,0.7428528666496277,0.34901753067970276,0.7477964758872986,0.8975903987884521,0.3805277645587921,0.7962802648544312,0.8580504655838013,0.5489738583564758,0.7686803340911865,0.933092474937439,0.40569183230400085,0.7912000417709351,0.8618540167808533,0.567884624004364,0.7302700281143188,0.9660401940345764,0.47095951437950134,0.7246233820915222,0.9108756184577942,0.5702499747276306
romanian deadlift_1300021.jpg,0.3323352038860321,0.33147308230400085,-0.17219071090221405,0.3382319509983063,0.30206793546676636,-0.19936177134513855,0.34130749106407166,0.3008248507976532,-0.19945810735225677,0.3443599343299866,0.2996979057788849,-0.1995820850133896,0.3359547257423401,0.3023373782634735,-0.15851177275180817,0.33751094341278076,0.30141717195510864,-0.15849846601486206,0.33918267488479614,0.3003070056438446,-0.15856848657131195,0.36610496044158936,0.30308830738067627,-0.2649382948875427,0.3621009588241577,0.29885026812553406,-0.07785865664482117,0.3542509078979492,0.3501441776752472,-0.19025248289108276,0.3492325246334076,0.35033369064331055,-0.13819710910320282,0.42020952701568604,0.42955106496810913,-0.3574768304824829,0.46114489436149597,0.36571624875068665,0.0687752440571785,0.4799286425113678,0.6256358027458191,-0.36755773425102234,0.5392835736274719,0.5585273504257202,0.11563852429389954,0.5043591856956482,0.8095985651016235,-0.24807867407798767,0.574983537197113,0.7448413372039795,0.1068391278386116,0.5108502507209778,0.8616153001785278,-0.2732636630535126,0.5862551331520081,0.784365177154541,0.1352650374174118,0.503950834274292,0.8497146368026733,-0.263245552778244,0.5798254013061523,0.7942515015602112,0.07965303212404251,0.5045196413993835,0.8188612461090088,-0.241398885846138,0.5779873132705688,0.7829754948616028,0.08717083930969238,0.6149588227272034,0.6883341670036316,-0.12777739763259888,0.6258476972579956,0.6365451812744141,0.12794815003871918,0.48848244547843933,0.9093552231788635,-0.13287827372550964,0.5044977068901062,0.7759838700294495,0.290226012468338,0.566024124622345,0.9458526372909546,0.12902487814426422,0.5483857989311218,0.8792644143104553,0.37376669049263,0.5910370349884033,0.9402464032173157,0.15967586636543274,0.5650912523269653,0.8867853879928589,0.3809712529182434,0.5431628823280334,0.9753311276435852,0.26305994391441345,0.5139735341072083,0.9527238607406616,0.5538615584373474
romanian deadlift_1300031.jpg,0.3189167380332947,0.40372234582901,-0.16919371485710144,0.3224535882472992,0.3746638298034668,-0.1926145851612091,0.3256729245185852,0.37258145213127136,-0.192681685090065,0.328396737575531,0.37122949957847595,-0.19273792207241058,0.3209904730319977,0.3749997913837433,-0.15539385378360748,0.3229098320007324,0.37338146567344666,-0.15542486310005188,0.32466593384742737,0.3718649446964264,-0.15553885698318481,0.35024893283843994,0.36995288729667664,-0.25266826152801514,0.34801581501960754,0.3668786287307739,-0.0808599665760994,0.3428167998790741,0.4210386574268341,-0.1871788054704666,0.3402489721775055,0.4192705750465393,-0.13942264020442963,0.4230847656726837,0.49089986085891724,-0.3331156075000763,0.44423019886016846,0.4296139180660248,0.0567438043653965,0.48024049401283264,0.7107675075531006,-0.3489651679992676,0.509111762046814,0.6363707780838013,0.11177508533000946,0.5064637064933777,0.9182074666023254,-0.24592654407024384,0.5349620580673218,0.8412994146347046,0.0499759204685688,0.5100369453430176,0.9558591246604919,-0.2749474346637726,0.5329824090003967,0.8899729251861572,0.06302137672901154,0.5028119087219238,0.9631867408752441,-0.2600823938846588,0.5339175462722778,0.8962931036949158,0.010369673371315002,0.5048066973686218,0.9453755021095276,-0.23906230926513672,0.5363124012947083,0.8904274106025696,0.028883254155516624,0.6214286684989929,0.6899265646934509,-0.1198418140411377,0.6075010895729065,0.6413922309875488,0.11976881325244904,0.5069331526756287,0.9110111594200134,-0.10204047709703445,0.5071460008621216,0.8279692530632019,0.2341562956571579,0.58021479845047,0.911676287651062,0.12603913247585297,0.49208128452301025,0.9615980386734009,0.24989916384220123,0.5999149084091187,0.8939238786697388,0.15185168385505676,0.5024095177650452,0.9811351299285889,0.25154390931129456,0.5686880350112915,0.9373849630355835,0.23835264146327972,0.45374780893325806,1.0032057762145996,0.29157865047454834
romanian deadlift_1300041.jpg,0.32901254296302795,0.3893320858478546,-0.3443339467048645,0.3375377357006073,0.3691574037075043,-0.35933002829551697,0.34086817502975464,0.36947378516197205,-0.35935676097869873,0.34413209557533264,0.37012171745300293,-0.3594544231891632,0.3326464593410492,0.37054717540740967,-0.3296177089214325,0.3344017565250397,0.37001827359199524,-0.3297305405139923,0.3356854021549225,0.36999955773353577,-0.3298863172531128,0.365707665681839,0.3769509494304657,-0.37464219331741333,0.35480183362960815,0.3762526512145996,-0.24229969084262848,0.35976478457450867,0.41163215041160583,-0.3443007171154022,0.3453516960144043,0.40868183970451355,-0.3058362603187561,0.43465766310691833,0.4902876019477844,-0.4321655333042145,0.42865291237831116,0.46151089668273926,-0.08406962454319,0.4800189137458801,0.7153251767158508,-0.45279577374458313,0.4908117651939392,0.6632456183433533,-0.04790341109037399,0.509545624256134,0.9333279728889465,-0.40327128767967224,0.5214366316795349,0.8740283250808716,-0.06763111799955368,0.5139666199684143,0.9760458469390869,-0.4482448697090149,0.5179075002670288,0.9222241640090942,-0.06265551596879959,0.505169689655304,0.9802785515785217,-0.4347461462020874,0.5211599469184875,0.929064154624939,-0.11095327883958817,0.5069392323493958,0.9600013494491577,-0.3982159197330475,0.5226271748542786,0.9167898297309875,-0.08709787577390671,0.6190282106399536,0.6689499020576477,-0.11332861334085464,0.5852568745613098,0.6381007432937622,0.11342553049325943,0.5171948075294495,0.9106082320213318,-0.20089998841285706,0.5099012851715088,0.8197637796401978,0.14472685754299164,0.5587104558944702,0.9499287009239197,0.07410873472690582,0.5053354501724243,1.0063560009002686,0.2139710932970047,0.5757848024368286,0.9350711107254028,0.10409049689769745,0.5187049508094788,1.0329883098602295,0.22006133198738098,0.5295566916465759,0.9811479449272156,0.13985726237297058,0.46109718084335327,1.0665779113769531,0.20103363692760468
romanian deadlift_1300051.jpg,0.340693861246109,0.3106103539466858,-0.19677938520908356,0.34414008259773254,0.29604101181030273,-0.2057494819164276,0.34531983733177185,0.2982872724533081,-0.20577329397201538,0.3466506600379944,0.3008600175380707,-0.2057311087846756,0.3445183038711548,0.2924053966999054,-0.19088563323020935,0.3462585508823395,0.29252344369888306,-0.19088134169578552,0.3477943241596222,0.2936021685600281,-0.19096897542476654,0.35832419991493225,0.3199220895767212,-0.22980985045433044,0.3568494915962219,0.3185831606388092,-0.15478624403476715,0.35724160075187683,0.3290475904941559,-0.19729872047901154,0.3555278480052948,0.32824957370758057,-0.1773628294467926,0.4230349361896515,0.42578214406967163,-0.3003394305706024,0.42175042629241943,0.4595628082752228,-0.02386595867574215,0.48170900344848633,0.678740918636322,-0.3112848103046417,0.4917360246181488,0.6485362648963928,0.00023598545521963388,0.5113259553909302,0.888214647769928,-0.3061835467815399,0.5199968814849854,0.8532297015190125,0.039718907326459885,0.5198181867599487,0.9221903681755066,-0.33389773964881897,0.515720546245575,0.8974186182022095,0.050877876579761505,0.5151671767234802,0.9302619695663452,-0.3410261273384094,0.5201989412307739,0.9055101871490479,0.006801144685596228,0.5114062428474426,0.9171709418296814,-0.30545124411582947,0.5221018195152283,0.8975075483322144,0.02209795080125332,0.6192073225975037,0.6189228296279907,-0.11070374399423599,0.6016164422035217,0.6088345646858215,0.11097443848848343,0.4791316092014313,0.9001901149749756,-0.16105559468269348,0.49007266759872437,0.7528738975524902,0.1791134774684906,0.5116133093833923,0.8972986936569214,0.12896230816841125,0.5348578691482544,0.8683509230613708,0.2501842677593231,0.5253586173057556,0.8882009983062744,0.15992268919944763,0.5511516332626343,0.8756282329559326,0.2546578049659729,0.48633816838264465,0.9231688380241394,0.18895797431468964,0.517803430557251,0.91907799243927,0.24778103828430176
romanian deadlift_1300061.jpg,,,,,,,,,,,,,,,,,,,,,,,,,,,,,,,,,,,,,,,,,,,,,,,,,,,,,,,,,,,,,,,,,,,,,,,,,,,,,,,,,,,,,,,,,,,,,,,,,,,
romanian deadlift_1300071.jpg,,,,,,,,,,,,,,,,,,,,,,,,,,,,,,,,,,,,,,,,,,,,,,,,,,,,,,,,,,,,,,,,,,,,,,,,,,,,,,,,,,,,,,,,,,,,,,,,,,,
romanian deadlift_1300081.jpg,0.49067994952201843,0.13327252864837646,-0.35120120644569397,0.502113401889801,0.10934284329414368,-0.38175755739212036,0.5054649114608765,0.10894943028688431,-0.3819443881511688,0.5085079669952393,0.1084260642528534,-0.38212111592292786,0.49946945905685425,0.1075444221496582,-0.3275182843208313,0.5010413527488708,0.10588011145591736,-0.3274628221988678,0.5026077628135681,0.1039641797542572,-0.3276050388813019,0.5320004224777222,0.11079924553632736,-0.44026002287864685,0.5275168418884277,0.10717934370040894,-0.20172275602817535,0.5028738975524902,0.1585225760936737,-0.36630553007125854,0.4977799952030182,0.1568845510482788,-0.2968820333480835,0.547540545463562,0.28206440806388855,-0.5356064438819885,0.5527387261390686,0.24125421047210693,0.008531785570085049,0.5111964344978333,0.5488666296005249,-0.5800338983535767,0.5519160628318787,0.43220627307891846,0.1450878083705902,0.46813613176345825,0.7361843585968018,-0.5360235571861267,0.5158496499061584,0.5529341697692871,0.16088968515396118,0.46115657687187195,0.7712669372558594,-0.599049985408783,0.5130958557128906,0.5769781470298767,0.18387219309806824,0.45207855105400085,0.7644234299659729,-0.5896271467208862,0.4996826946735382,0.577506959438324,0.12471674382686615,0.4485244154930115,0.7461720705032349,-0.5319487452507019,0.5011407136917114,0.5717198848724365,0.1377120167016983,0.5360607504844666,0.6141701340675354,-0.1540796160697937,0.5442131757736206,0.5791593194007874,0.15406423807144165,0.47760337591171265,0.8017261028289795,0.016458652913570404,0.5049117803573608,0.7516334652900696,0.36893463134765625,0.48061153292655945,0.9685178399085999,0.3306233584880829,0.49795010685920715,0.954214334487915,0.6326155066490173,0.49409762024879456,0.9973919987678528,0.3563264012336731,0.5082517862319946,0.9920565485954285,0.6547329425811768,0.4389904737472534,0.9993245601654053,0.2835078835487366,0.4423848092556,0.9967618584632874,0.582862138748169
romanian deadlift_1300091.jpg,0.48825040459632874,0.12141966074705124,-0.3010253608226776,0.49732479453086853,0.09462642669677734,-0.333758682012558,0.4994553029537201,0.09408744424581528,-0.3339437246322632,0.5011433959007263,0.0933796688914299,-0.33406808972358704,0.4974219501018524,0.09403304755687714,-0.2800162434577942,0.49978864192962646,0.0932122990489006,-0.27992984652519226,0.502048909664154,0.09213536232709885,-0.28009846806526184,0.5227326154708862,0.09988895058631897,-0.410492479801178,0.5275198221206665,0.09648541361093521,-0.17260952293872833,0.49901148676872253,0.14905177056789398,-0.32208505272865295,0.49736401438713074,0.14648114144802094,-0.2528851628303528,0.5395556092262268,0.26227229833602905,-0.5070251226425171,0.574942946434021,0.24168452620506287,0.010054747574031353,0.5119410753250122,0.5370716452598572,-0.5424902439117432,0.5816053748130798,0.4612922966480255,0.07745657116174698,0.472109854221344,0.7312856912612915,-0.48019370436668396,0.5377384424209595,0.6288321614265442,0.018091754987835884,0.4616929888725281,0.762703537940979,-0.5343925356864929,0.5317081212997437,0.6656249165534973,0.026540281251072884,0.452338844537735,0.7630773186683655,-0.5270233750343323,0.5190758109092712,0.6701536178588867,-0.02631138078868389,0.4499503970146179,0.745766282081604,-0.4762324094772339,0.5213242173194885,0.6616272330284119,-0.00632298132404685,0.5290185213088989,0.6104130744934082,-0.14750821888446808,0.5477498769760132,0.5866121053695679,0.1476682871580124,0.4868566691875458,0.8057917356491089,0.0704370066523552,0.51121586561203,0.7908703088760376,0.3688902258872986,0.4806082844734192,1.0015037059783936,0.3906404376029968,0.4986409544944763,0.993552565574646,0.6435149312019348,0.4930456876754761,1.0436711311340332,0.4136863052845001,0.5082956552505493,1.0366708040237427,0.6690410375595093,0.4341346323490143,1.0145176649093628,0.32310566306114197,0.44206857681274414,1.0107150077819824,0.6020476222038269
romanian deadlift_1300101.jpg,0.4369184672832489,0.11578374356031418,-0.14121891558170319,0.443359375,0.08905371278524399,-0.17916670441627502,0.44418567419052124,0.08847835659980774,-0.1793471872806549,0.44472065567970276,0.08791074901819229,-0.17944829165935516,0.44704362750053406,0.08895152062177658,-0.12104237824678421,0.4507588744163513,0.08831270039081573,-0.1208546832203865,0.4543561041355133,0.08754687011241913,-0.12104654312133789,0.4634403884410858,0.0978405550122261,-0.3012353777885437,0.478659063577652,0.09487812221050262,-0.04498741775751114,0.4470160901546478,0.14345453679561615,-0.18338917195796967,0.4496173560619354,0.14377731084823608,-0.10869687050580978,0.4962484538555145,0.25840306282043457,-0.44498565793037415,0.5584717392921448,0.24873772263526917,0.07770828157663345,0.5119530558586121,0.5329849720001221,-0.4865984618663788,0.5917643308639526,0.4878292977809906,0.08408168703317642,0.49495285749435425,0.7302268743515015,-0.39632776379585266,0.5693610906600952,0.6578043103218079,0.009336133487522602,0.49565204977989197,0.7631105780601501,-0.44022244215011597,0.5692592263221741,0.697743833065033,0.023385079577565193,0.49639394879341125,0.7668882608413696,-0.43260085582733154,0.5563448667526245,0.7012633681297302,-0.0171759482473135,0.4967430531978607,0.7518643140792847,-0.39202550053596497,0.5542925596237183,0.6903743743896484,-0.01284474041312933,0.5304312109947205,0.6427066326141357,-0.14517171680927277,0.5534727573394775,0.6376785039901733,0.14524394273757935,0.5100399851799011,0.8673139214515686,0.07862447947263718,0.5364388227462769,0.8658357262611389,0.3688684403896332,0.5406690239906311,1.061410903930664,0.3936837911605835,0.5362351536750793,1.0822588205337524,0.6430502533912659,0.5536248683929443,1.1028729677200317,0.4159737229347229,0.543214738368988,1.1286786794662476,0.6685956120491028,0.5094292163848877,1.0819299221038818,0.3345278203487396,0.48990508913993835,1.1049550771713257,0.6031245589256287
romanian deadlift_1300111.jpg,0.40297892689704895,0.21866030991077423,-0.021027803421020508,0.3991713523864746,0.18749576807022095,-0.05398574098944664,0.3989746868610382,0.18663010001182556,-0.05406700074672699,0.39852648973464966,0.18656471371650696,-0.05418171361088753,0.4034242033958435,0.18838198482990265,-0.0057170698419213295,0.4065031111240387,0.18796990811824799,-0.005595172755420208,0.40958172082901,0.1884079873561859,-0.005711691454052925,0.4135377109050751,0.19622966647148132,-0.17561395466327667,0.43107128143310547,0.19775009155273438,0.0387519970536232,0.417883962392807,0.24481993913650513,-0.06362046301364899,0.421209454536438,0.24609375,-0.0008291358244605362,0.48791617155075073,0.3354005813598633,-0.29693660140037537,0.5560615658760071,0.3235968351364136,0.10044088214635849,0.5068942308425903,0.5755001306533813,-0.3287788927555084,0.5934058427810669,0.552320122718811,0.06830783188343048,0.5187376141548157,0.7883748412132263,-0.2317427098751068,0.5815355181694031,0.7195245623588562,-0.0045922561548650265,0.5240416526794434,0.8079808354377747,-0.2535662055015564,0.5811316967010498,0.756435751914978,0.007229743059724569,0.5177929401397705,0.8070030808448792,-0.24756909906864166,0.5695997476577759,0.7601296901702881,-0.01832696795463562,0.5212275385856628,0.8086798191070557,-0.22882957756519318,0.5693588852882385,0.7490094304084778,-0.019760314375162125,0.5312864780426025,0.6806783676147461,-0.13426239788532257,0.5641525387763977,0.6674766540527344,0.13381049036979675,0.4380023181438446,0.8356016278266907,-0.0680222362279892,0.5320984125137329,0.7707162499427795,0.1934913992881775,0.5062369704246521,1.032975673675537,0.027941429987549782,0.5323011875152588,1.0380089282989502,0.2258051335811615,0.5483464598655701,1.076625943183899,0.03788844868540764,0.5367749929428101,1.081674575805664,0.22658276557922363,0.4904279410839081,1.098375678062439,0.051299888640642166,0.4790611267089844,1.0940104722976685,0.19680114090442657
romanian deadlift_1300121.jpg,0.41560429334640503,0.39046600461006165,-0.02996688149869442,0.4058077037334442,0.3673037588596344,-0.07113073766231537,0.40635111927986145,0.3649936616420746,-0.0713215172290802,0.4068235754966736,0.362839013338089,-0.07152821868658066,0.40999072790145874,0.365148663520813,-0.018859077244997025,0.4129682779312134,0.3621211647987366,-0.01864246279001236,0.41607627272605896,0.3591412305831909,-0.01881255768239498,0.4269765615463257,0.34423747658729553,-0.23184439539909363,0.44679316878318787,0.3344862461090088,0.0023300324101001024,0.43960532546043396,0.4063706696033478,-0.08474170416593552,0.4384996294975281,0.39341726899147034,-0.016343696042895317,0.48558375239372253,0.4123183786869049,-0.3796401619911194,0.5830730199813843,0.3928508460521698,0.0831017941236496,0.5060554146766663,0.6366859674453735,-0.39509549736976624,0.6202203631401062,0.6262285709381104,0.08733996003866196,0.5252560377120972,0.8655465841293335,-0.28475329279899597,0.5859127640724182,0.8039281368255615,0.04892699420452118,0.5289362668991089,0.9046506881713867,-0.3100021779537201,0.6083887815475464,0.8256598711013794,0.057637955993413925,0.528600811958313,0.9063485264778137,-0.2950824797153473,0.588378369808197,0.829898476600647,0.018729988485574722,0.5301017165184021,0.8903820514678955,-0.27704060077667236,0.587760329246521,0.8208954930305481,0.02763957716524601,0.5510693192481995,0.7473686933517456,-0.1337239295244217,0.6133721470832825,0.7368295192718506,0.13326701521873474,0.4839095175266266,0.950120210647583,-0.0007723068702034652,0.5645245313644409,0.9088970422744751,0.23535777628421783,0.5320892930030823,1.1375584602355957,0.2696409821510315,0.5430793762207031,1.109198808670044,0.5231660008430481,0.5604224801063538,1.166757583618164,0.3062780201435089,0.5515430569648743,1.1445579528808594,0.5564245581626892,0.5042487382888794,1.1745582818984985,0.34230855107307434,0.49658915400505066,1.1425840854644775,0.5706624984741211
romanian deadlift_1300131.jpg,0.45135924220085144,0.4188500642776489,-0.05884135141968727,0.4113296568393707,0.4075755178928375,-0.143766850233078,0.41801804304122925,0.4071406424045563,-0.1432080864906311,0.4265281558036804,0.40679842233657837,-0.14403384923934937,0.43739834427833557,0.40316149592399597,-0.1819276362657547,0.44349154829978943,0.40030738711357117,-0.18183033168315887,0.44956955313682556,0.39744967222213745,-0.18231579661369324,0.4533767104148865,0.39665085077285767,-0.3761613667011261,0.4601481854915619,0.3831314146518707,-0.2677498161792755,0.46572092175483704,0.4227234423160553,-0.1705862581729889,0.477021187543869,0.4189072549343109,-0.18424968421459198,0.4849809408187866,0.4445330798625946,-0.42073696851730347,0.6036936640739441,0.4152003526687622,-0.21688659489154816,0.5047045350074768,0.6862027645111084,-0.45045292377471924,0.6429646611213684,0.6606330275535583,-0.20855531096458435,0.5321757197380066,0.9205491542816162,-0.35164812207221985,0.6141254901885986,0.8895237445831299,-0.21836470067501068,0.5316590666770935,0.955508828163147,-0.40465766191482544,0.6094337105751038,0.9298549890518188,-0.22202417254447937,0.535742461681366,0.9565257430076599,-0.3898988664150238,0.5959793329238892,0.9363015294075012,-0.24877700209617615,0.5384051203727722,0.94035804271698,-0.34955060482025146,0.5995332598686218,0.926631510257721,-0.23370690643787384,0.5552133917808533,0.7440185546875,-0.06994454562664032,0.6251583099365234,0.6846157908439636,0.06952357292175293,0.5327262282371521,0.8957540988922119,0.10216812789440155,0.5785293579101562,0.8681877851486206,0.2345457822084427,0.5607448816299438,1.0843671560287476,0.36774879693984985,0.5604162216186523,1.0652097463607788,0.47989991307258606,0.5786371827125549,1.1175429821014404,0.3927161395549774,0.5646136403083801,1.1005452871322632,0.5039692521095276,0.5358601808547974,1.115812063217163,0.3640083372592926,0.5390427112579346,1.1093087196350098,0.46256765723228455
romanian deadlift_1300141.jpg,0.5169769525527954,0.4566422700881958,-0.32986512780189514,0.5016555786132812,0.4635723829269409,-0.377505898475647,0.49625006318092346,0.46450889110565186,-0.37753283977508545,0.4914918839931488,0.46555399894714355,-0.3778187334537506,0.5267308950424194,0.46032121777534485,-0.3706020414829254,0.5348836183547974,0.4594671130180359,-0.3705675005912781,0.5430424809455872,0.4586315453052521,-0.3710082769393921,0.49294865131378174,0.4680121839046478,-0.48793333768844604,0.5641058087348938,0.45690083503723145,-0.4295884966850281,0.514801561832428,0.4561307728290558,-0.3564533293247223,0.5382683277130127,0.45274099707603455,-0.34403589367866516,0.4657500684261322,0.4637916088104248,-0.4083482325077057,0.6604742407798767,0.4555133879184723,-0.3549974858760834,0.5007379651069641,0.6998013257980347,-0.4290064871311188,0.7388659715652466,0.6856120228767395,-0.38855403661727905,0.5291020274162292,0.9239126443862915,-0.44081005454063416,0.7520706653594971,0.8819281458854675,-0.4301069676876068,0.5275452136993408,0.9558685421943665,-0.46202948689460754,0.754734992980957,0.9226921200752258,-0.46027883887290955,0.5351231694221497,0.9549187421798706,-0.46472251415252686,0.7406401038169861,0.9161086082458496,-0.4759306311607361,0.538668692111969,0.9403250217437744,-0.44439801573753357,0.7380164265632629,0.9054617881774902,-0.44124695658683777,0.5496353507041931,0.5787926316261292,-0.010815490037202835,0.6434455513954163,0.5847501754760742,0.010521895252168179,0.5260905027389526,0.8228158950805664,0.1283452957868576,0.5805276036262512,0.8639992475509644,0.15586049854755402,0.5427707433700562,0.9816633462905884,0.36520445346832275,0.563539445400238,1.02274751663208,0.39533236622810364,0.5609915256500244,1.0590208768844604,0.3875103294849396,0.5607749223709106,1.052186369895935,0.4172144830226898,0.5354862809181213,1.0386936664581299,0.34060806035995483,0.5599210858345032,1.0316122770309448,0.3606615662574768
romanian deadlift_1300151.jpg,0.49922576546669006,0.4090949594974518,-0.44925573468208313,0.49207574129104614,0.41996607184410095,-0.4827880859375,0.48970308899879456,0.42067962884902954,-0.48291125893592834,0.4875328242778778,0.42151859402656555,-0.4832124710083008,0.505863606929779,0.4185744822025299,-0.47358080744743347,0.5112246870994568,0.4190347492694855,-0.4735221564769745,0.5165306925773621,0.41941845417022705,-0.47396108508110046,0.49030211567878723,0.42869600653648376,-0.5287230610847473,0.5426509976387024,0.4248901307582855,-0.4848611056804657,0.5055416226387024,0.40828412771224976,-0.45262378454208374,0.5185873508453369,0.4062493145465851,-0.44016218185424805,0.4735051095485687,0.4144513010978699,-0.4202476143836975,0.5978415608406067,0.469953328371048,-0.3630814254283905,0.4768023192882538,0.585174024105072,-0.3014277517795563,0.5895370244979858,0.716924786567688,-0.30739134550094604,0.46340465545654297,0.5356459021568298,-0.09828713536262512,0.5853779911994934,0.9270197749137878,-0.3791100084781647,0.4382389187812805,0.5150734186172485,-0.07796891778707504,0.5787352919578552,0.9530360102653503,-0.40910425782203674,0.46270036697387695,0.5068653225898743,-0.07074379175901413,0.5865485072135925,0.9524543881416321,-0.42805954813957214,0.4765855371952057,0.5180870890617371,-0.08589460700750351,0.6062375903129578,0.9311774373054504,-0.39274948835372925,0.5562658905982971,0.5954712629318237,-0.004801975097507238,0.6273259520530701,0.6176130771636963,0.004812350030988455,0.5366148352622986,0.8251509070396423,0.18287751078605652,0.571992814540863,0.8435271382331848,0.22759373486042023,0.5425991415977478,0.9213049411773682,0.5244632363319397,0.5450462102890015,0.9371984004974365,0.4862426817417145,0.5529178977012634,0.9288879632949829,0.56128990650177,0.529674232006073,0.9431008100509644,0.5353971719741821,0.5243373513221741,0.9679372310638428,0.526981770992279,0.5378487706184387,0.97035813331604,0.49084585905075073
romanian deadlift_1300161.jpg,0.38403812050819397,0.2588862180709839,-0.14189955592155457,0.3878622055053711,0.2217933088541031,-0.18510276079177856,0.38965800404548645,0.21972233057022095,-0.18534308671951294,0.3910173177719116,0.21884939074516296,-0.18554089963436127,0.3891390860080719,0.2216811329126358,-0.13483819365501404,0.391689270734787,0.22031840682029724,-0.13473208248615265,0.3938397765159607,0.21957717835903168,-0.13497811555862427,0.41621261835098267,0.22387303411960602,-0.3168264627456665,0.4249328374862671,0.2251446396112442,-0.09192702919244766,0.40345290303230286,0.2783784568309784,-0.18302509188652039,0.4040583074092865,0.2795301675796509,-0.11745573580265045,0.4613209664821625,0.35289618372917175,-0.42278853058815,0.5371129512786865,0.33145871758461,0.018517954275012016,0.4777126610279083,0.5706274509429932,-0.39299553632736206,0.572989284992218,0.6046656966209412,0.030767321586608887,0.514225423336029,0.5435405373573303,-0.2703874409198761,0.589975893497467,0.8037782311439514,-0.0154256671667099,0.521206259727478,0.64060378074646,-0.29335281252861023,0.5910389423370361,0.9056944847106934,0.0050203497521579266,0.5246790051460266,0.6751970648765564,-0.2848566472530365,0.5864297747612,0.8983487486839294,-0.0221049003303051,0.5255423188209534,0.6431653499603271,-0.2634033262729645,0.594654381275177,0.8539987206459045,-0.032175008207559586,0.5579640865325928,0.702416718006134,-0.11242566257715225,0.6172095537185669,0.6938612461090088,0.11229650676250458,0.5413088202476501,0.9355872273445129,0.071463942527771,0.5763557553291321,0.9096246361732483,0.35375818610191345,0.596569836139679,1.133826494216919,0.42994260787963867,0.5897529721260071,1.1233038902282715,0.5943995714187622,0.6232569813728333,1.165666937828064,0.4551366865634918,0.6049384474754333,1.1640206575393677,0.6214384436607361,0.5517725348472595,1.185457706451416,0.4096471667289734,0.5364629626274109,1.1720385551452637,0.6082309484481812
romanian deadlift_1300171.jpg,0.39407554268836975,0.1770796775817871,-0.11390326172113419,0.41576749086380005,0.1437569260597229,-0.15735499560832977,0.4219500422477722,0.1433226317167282,-0.1575966328382492,0.4272823631763458,0.14340102672576904,-0.15769615769386292,0.40096327662467957,0.14278875291347504,-0.1003926694393158,0.39859357476234436,0.14174120128154755,-0.10039500147104263,0.3965645134449005,0.14110027253627777,-0.1006537601351738,0.4559539258480072,0.15397153794765472,-0.2758241891860962,0.4313167929649353,0.1509801298379898,-0.02400740422308445,0.4178251326084137,0.20191273093223572,-0.15107083320617676,0.42732277512550354,0.2014344483613968,-0.07763746380805969,0.480716347694397,0.3277152478694916,-0.4016175866127014,0.5424405932426453,0.2901681363582611,0.1349993348121643,0.4830538034439087,0.572172224521637,-0.3944454491138458,0.5627381205558777,0.52915358543396,0.20548613369464874,0.4831404685974121,0.6419634222984314,-0.19867931306362152,0.5318788290023804,0.7365897297859192,0.16239628195762634,0.47522056102752686,0.6589040160179138,-0.22521217167377472,0.5436471700668335,0.764771580696106,0.18245163559913635,0.4723810851573944,0.6768096089363098,-0.20975151658058167,0.5352088212966919,0.7622129917144775,0.1304350048303604,0.4752644896507263,0.6573361158370972,-0.18684157729148865,0.5368592143058777,0.7394928932189941,0.1388181895017624,0.5484100580215454,0.7373876571655273,-0.12472344189882278,0.5830371975898743,0.7253183126449585,0.1250709891319275,0.5547642111778259,0.9972253441810608,-0.0016567838611081243,0.566839337348938,0.9863458275794983,0.2629747986793518,0.5745382905006409,1.2145893573760986,0.2516828179359436,0.5771642327308655,1.2242143154144287,0.4261632561683655,0.591818630695343,1.250125765800476,0.2674844563007355,0.5914762616157532,1.263567566871643,0.4379173517227173,0.5331332683563232,1.2582948207855225,0.17697609961032867,0.5365322232246399,1.2764670848846436,0.35560789704322815
romanian deadlift_1300181.jpg,0.4758164584636688,0.17704522609710693,-0.17173351347446442,0.4950571060180664,0.14693023264408112,-0.211647167801857,0.4997193515300751,0.1462201029062271,-0.21185345947742462,0.5037737488746643,0.14554360508918762,-0.2119991034269333,0.48653444647789,0.14702557027339935,-0.16019591689109802,0.48599639534950256,0.14638914167881012,-0.16015484929084778,0.4853144884109497,0.14570245146751404,-0.16040875017642975,0.5258666276931763,0.1561659723520279,-0.30946072936058044,0.5053064823150635,0.15670785307884216,-0.06373811513185501,0.4894469976425171,0.20266155898571014,-0.201681450009346,0.4848192632198334,0.20326951146125793,-0.13273565471172333,0.549274742603302,0.327860951423645,-0.40835481882095337,0.5485667586326599,0.30109232664108276,0.13695070147514343,0.491815984249115,0.5855909585952759,-0.41121000051498413,0.5415807366371155,0.5311702489852905,0.2565282881259918,0.46297311782836914,0.7192445397377014,-0.1962016224861145,0.4926058351993561,0.7211516499519348,0.19201207160949707,0.4578932821750641,0.7740022540092468,-0.2196560651063919,0.4909229576587677,0.7427642941474915,0.20455899834632874,0.4463498294353485,0.7829099297523499,-0.21834240853786469,0.48346078395843506,0.7381900548934937,0.15031005442142487,0.4521997272968292,0.75950688123703,-0.18733802437782288,0.48886415362358093,0.7201118469238281,0.16647006571292877,0.5495873689651489,0.7752121686935425,-0.13665321469306946,0.5709913969039917,0.7724131941795349,0.13721846044063568,0.5485461354255676,1.028902292251587,-0.027985358610749245,0.5243251919746399,1.0229731798171997,0.27301934361457825,0.5624381899833679,1.2737536430358887,0.23217949271202087,0.5686599016189575,1.2779334783554077,0.46131351590156555,0.5793830156326294,1.3208410739898682,0.2505612075328827,0.5779100060462952,1.3226006031036377,0.4744412302970886,0.5308536291122437,1.3183479309082031,0.16883477568626404,0.5254716277122498,1.3393868207931519,0.39872685074806213
romanian deadlift_1300191.jpg,0.4860917031764984,0.1681695580482483,-0.18971125781536102,0.5000128149986267,0.1344434916973114,-0.23311449587345123,0.5041213035583496,0.13408271968364716,-0.23344126343727112,0.5078828930854797,0.1338348537683487,-0.2335372120141983,0.4946558177471161,0.13351166248321533,-0.16371944546699524,0.49514076113700867,0.13263475894927979,-0.16352812945842743,0.4954943358898163,0.13178977370262146,-0.16344095766544342,0.5310154557228088,0.14450423419475555,-0.32479771971702576,0.51470947265625,0.14155738055706024,-0.09445585310459137,0.49786752462387085,0.19610102474689484,-0.21776297688484192,0.4929078221321106,0.19513700902462006,-0.1560903638601303,0.5482069849967957,0.3140549063682556,-0.41146203875541687,0.5514459013938904,0.2907422184944153,0.08707354962825775,0.5011991262435913,0.5754696726799011,-0.36662882566452026,0.5477598905563354,0.5137513279914856,0.2284705489873886,0.4654504358768463,0.7315993309020996,-0.1410965472459793,0.5102739930152893,0.6563764810562134,0.19686605036258698,0.45668551325798035,0.7732569575309753,-0.16192544996738434,0.5065518021583557,0.6943674087524414,0.20256765186786652,0.44813114404678345,0.7751211524009705,-0.16632749140262604,0.49746328592300415,0.6885550618171692,0.1467500627040863,0.4531102478504181,0.7568556666374207,-0.13543683290481567,0.5017964243888855,0.6763430237770081,0.17100843787193298,0.541659414768219,0.7585201859474182,-0.12551678717136383,0.5549961924552917,0.7586585283279419,0.1266053467988968,0.5465247631072998,1.0078965425491333,0.03581542521715164,0.5213263034820557,0.9987825751304626,0.27741363644599915,0.5575714111328125,1.2487400770187378,0.27512723207473755,0.5625073909759521,1.2382330894470215,0.4816615879535675,0.5755786895751953,1.295609951019287,0.2834167182445526,0.5716984868049622,1.2812888622283936,0.4983612895011902,0.526968777179718,1.288272738456726,0.2313249260187149,0.5188620686531067,1.2878973484039307,0.4326339662075043
romanian deadlift_1300201.jpg,0.4584285318851471,0.12809792160987854,-0.023347947746515274,0.4738544225692749,0.09874670207500458,-0.07502354681491852,0.47729751467704773,0.09910373389720917,-0.07527820765972137,0.4805718958377838,0.09985906630754471,-0.07546225935220718,0.47254297137260437,0.0972326248884201,-0.023262670263648033,0.4752715528011322,0.09657947719097137,-0.02324563078582287,0.47808027267456055,0.0962098240852356,-0.0234533604234457,0.5048821568489075,0.1163729876279831,-0.22085043787956238,0.5029623508453369,0.11271286755800247,0.00048034434439614415,0.4710656702518463,0.16059590876102448,-0.06752501428127289,0.4714641571044922,0.1600286066532135,-0.003148365765810013,0.504201352596283,0.2963227927684784,-0.3208691477775574,0.564696192741394,0.2664012610912323,0.11682774871587753,0.49247363209724426,0.5579587817192078,-0.2545016407966614,0.594200074672699,0.49074190855026245,0.18270979821681976,0.46899405121803284,0.7323011755943298,0.022166652604937553,0.5459901094436646,0.6293783783912659,0.19785842299461365,0.45911845564842224,0.7696159482002258,0.02918701432645321,0.5387364029884338,0.6616901755332947,0.22035297751426697,0.45418423414230347,0.7738515138626099,0.033656906336545944,0.5128522515296936,0.6573522686958313,0.18144410848617554,0.4582352638244629,0.7585790157318115,0.03150882199406624,0.5068526864051819,0.6499797105789185,0.1790986806154251,0.5117173790931702,0.7574400901794434,-0.11466076225042343,0.5579954981803894,0.7399141788482666,0.1154593750834465,0.5406277179718018,1.0225858688354492,-0.003179301740601659,0.5282294750213623,1.0138543844223022,0.2026648372411728,0.5294312834739685,1.2793004512786865,0.17687128484249115,0.5589370727539062,1.274844765663147,0.3000250458717346,0.5416061878204346,1.3297853469848633,0.18775230646133423,0.568749725818634,1.3286434412002563,0.3060995042324066,0.47471874952316284,1.3049781322479248,0.12649260461330414,0.5154346227645874,1.3007550239562988,0.2462296038866043
romanian deadlift_1300211.jpg,0.3922356963157654,0.16087764501571655,0.039189744740724564,0.4022574722766876,0.13605700433254242,-0.01601812057197094,0.404398649930954,0.13595916330814362,-0.016261110082268715,0.4065800607204437,0.13616712391376495,-0.016408881172537804,0.40323683619499207,0.13471351563930511,0.03756434842944145,0.40640243887901306,0.13381168246269226,0.037665676325559616,0.4101157486438751,0.13308121263980865,0.03731817752122879,0.42762473225593567,0.14721424877643585,-0.1884666383266449,0.43885865807533264,0.1435767412185669,0.046194858849048615,0.4037448763847351,0.18449312448501587,-0.01589624397456646,0.40499451756477356,0.1820281744003296,0.05287044495344162,0.4662461280822754,0.3050978481769562,-0.3288002908229828,0.5283001661300659,0.272111713886261,0.1303708702325821,0.48480361700057983,0.562606692314148,-0.31181395053863525,0.5996382832527161,0.5121468305587769,0.1569705456495285,0.4869231879711151,0.7447162866592407,-0.11001915484666824,0.5785791277885437,0.6952165365219116,0.14102740585803986,0.4821260869503021,0.7947779297828674,-0.1090555489063263,0.5794556736946106,0.7510207295417786,0.16720019280910492,0.47795379161834717,0.7991244792938232,-0.10526891052722931,0.5580263733863831,0.7576046586036682,0.1316772997379303,0.47545573115348816,0.7850568890571594,-0.10240733623504639,0.5528414845466614,0.7438564896583557,0.12249992042779922,0.5183723568916321,0.7598933577537537,-0.12129957228899002,0.5658692121505737,0.7494926452636719,0.12189511209726334,0.537086546421051,1.0284663438796997,0.007679161615669727,0.5351290106773376,1.0131622552871704,0.2140868455171585,0.552623987197876,1.285053014755249,0.21483783423900604,0.5588898062705994,1.2720091342926025,0.35099297761917114,0.5719569325447083,1.3364813327789307,0.22792324423789978,0.5708504319190979,1.325937271118164,0.36514195799827576,0.4837014377117157,1.3230148553848267,0.17477160692214966,0.5116580724716187,1.3046149015426636,0.327688068151474
romanian deadlift_1300221.jpg,0.36337804794311523,0.29633504152297974,0.10079745948314667,0.35963401198387146,0.2583951950073242,0.03634214401245117,0.3604097366333008,0.2576512098312378,0.03616345673799515,0.36102065443992615,0.2574343681335449,0.03600933402776718,0.3672146797180176,0.25291064381599426,0.0826679915189743,0.37202760577201843,0.24815568327903748,0.08272244781255722,0.37707746028900146,0.2453356385231018,0.08237139880657196,0.3822873830795288,0.25383540987968445,-0.17621245980262756,0.4068346619606018,0.24130389094352722,0.03321697935461998,0.3809472918510437,0.3172191381454468,0.03347635641694069,0.38645127415657043,0.3123961091041565,0.09459231048822403,0.4029681086540222,0.39311379194259644,-0.3114033341407776,0.5354117751121521,0.3285849988460541,0.12383200973272324,0.4764615297317505,0.6176198720932007,-0.2958362400531769,0.6068972945213318,0.567838191986084,0.08864240348339081,0.5033110976219177,0.8099740743637085,-0.12721048295497894,0.5917966961860657,0.74566251039505,0.12131837010383606,0.504521906375885,0.8403081893920898,-0.13311868906021118,0.6075849533081055,0.8053528666496277,0.1506999433040619,0.49920645356178284,0.8517752885818481,-0.1225176751613617,0.5893988013267517,0.8090049624443054,0.1235588937997818,0.5090081095695496,0.8290153741836548,-0.12014389038085938,0.5837216973304749,0.7984374761581421,0.10605549067258835,0.5208320021629333,0.8298671245574951,-0.10184721648693085,0.5812448263168335,0.8236463665962219,0.10200747102499008,0.5431030988693237,1.077409029006958,0.11437303572893143,0.5553628206253052,1.0867114067077637,0.2553139626979828,0.5706223845481873,1.3306761980056763,0.38414669036865234,0.5761303305625916,1.338305115699768,0.44864943623542786,0.5879680514335632,1.3773839473724365,0.4058666527271271,0.5838069319725037,1.3900219202041626,0.4754623770713806,0.5174757838249207,1.3720366954803467,0.38125404715538025,0.5487168431282043,1.3613835573196411,0.4570128619670868
romanian deadlift_1300231.jpg,0.3896751403808594,0.39595484733581543,0.23020225763320923,0.385709673166275,0.3667033016681671,0.17897441983222961,0.3850269913673401,0.36537572741508484,0.1788463443517685,0.38414132595062256,0.36397579312324524,0.17855939269065857,0.3932105004787445,0.3637242615222931,0.21556633710861206,0.40066245198249817,0.3589384853839874,0.21580415964126587,0.40491583943367004,0.3555944561958313,0.21548178791999817,0.4021099805831909,0.3580824136734009,-0.02884197048842907,0.43031832575798035,0.3463260233402252,0.1362903118133545,0.4073772728443146,0.4073263704776764,0.16096457839012146,0.41107767820358276,0.404252290725708,0.20968204736709595,0.4334268569946289,0.44408178329467773,-0.1726299375295639,0.5634229779243469,0.39887046813964844,0.10868456959724426,0.4786539673805237,0.6751007437705994,-0.175990030169487,0.6394452452659607,0.6495197415351868,0.10422080010175705,0.5082811117172241,0.9056001305580139,-0.055137861520051956,0.5885847210884094,0.8636866211891174,0.12985870242118835,0.505780041217804,0.9500589370727539,-0.056060027331113815,0.6046200394630432,0.9138184189796448,0.15670865774154663,0.5058079361915588,0.9496709108352661,-0.043642446398735046,0.5855340957641602,0.929588258266449,0.12654270231723785,0.5104379057884216,0.9282302856445312,-0.048972126096487045,0.586643397808075,0.9160938858985901,0.11508568376302719,0.5246326327323914,0.7976325154304504,-0.06934049725532532,0.6046158075332642,0.7911691665649414,0.069024458527565,0.5407494306564331,1.052339792251587,0.12150363624095917,0.5515557527542114,1.0607432126998901,0.21774938702583313,0.5655378699302673,1.318430781364441,0.3237321078777313,0.5745143890380859,1.314456820487976,0.34103721380233765,0.5818557739257812,1.3698943853378296,0.33701005578041077,0.5834333300590515,1.3641027212142944,0.35746803879737854,0.5167783498764038,1.364158272743225,0.3621741831302643,0.5391618013381958,1.3451205492019653,0.32026660442352295
romanian deadlift_1300241.jpg,0.394587904214859,0.40036383271217346,0.05918898433446884,0.40031328797340393,0.3938975930213928,0.016558529809117317,0.39989444613456726,0.3957240581512451,0.016398774459958076,0.39913666248321533,0.3977065980434418,0.01612626202404499,0.4057597517967224,0.3843614459037781,0.05212710425257683,0.4119373559951782,0.3800865113735199,0.05238554626703262,0.4126031696796417,0.3598014712333679,0.05213038995862007,0.4141404330730438,0.4019988179206848,-0.14497120678424835,0.4349559247493744,0.36098769307136536,0.08838804811239243,0.4116221070289612,0.4080325961112976,0.00488575454801321,0.4185394048690796,0.3994857370853424,0.05696268007159233,0.4452420771121979,0.46516507863998413,-0.21767112612724304,0.5785652995109558,0.4168347716331482,-0.014219949953258038,0.4805122911930084,0.682425856590271,-0.21112364530563354,0.6271251440048218,0.6799478530883789,-0.027961062267422676,0.5269050002098083,0.9055182337760925,-0.12170066684484482,0.5725916028022766,0.9102530479431152,-0.06760196387767792,0.519859254360199,0.9442986249923706,-0.12985996901988983,0.5647794604301453,0.9441176652908325,-0.06420008093118668,0.5196055173873901,0.9419490098953247,-0.1227986067533493,0.5657448172569275,0.9486973285675049,-0.08787444978952408,0.5230063199996948,0.9232428669929504,-0.11395599693059921,0.5720769166946411,0.9374564290046692,-0.08344999700784683,0.5329205989837646,0.6643118858337402,-0.043172240257263184,0.6111994385719299,0.6696757078170776,0.043098125606775284,0.5377064943313599,0.9437211155891418,0.1262269914150238,0.5491278171539307,0.9382510781288147,0.20049020648002625,0.5577355623245239,1.177664875984192,0.27852189540863037,0.5654648542404175,1.148258090019226,0.32628828287124634,0.5742232799530029,1.2151678800582886,0.28924912214279175,0.5702505111694336,1.1812387704849243,0.33975332975387573,0.5173672437667847,1.2323901653289795,0.24812071025371552,0.5373571515083313,1.198298692703247,0.2842411696910858
romanian deadlift_1300251.jpg,0.4853895604610443,0.42056265473365784,0.24379222095012665,0.47874099016189575,0.43040433526039124,0.23309136927127838,0.476843923330307,0.43108606338500977,0.23291835188865662,0.47495609521865845,0.43207690119743347,0.23273073136806488,0.48679113388061523,0.42518532276153564,0.2516549229621887,0.4896005690097809,0.4228510856628418,0.25203174352645874,0.4923136830329895,0.41907212138175964,0.25160348415374756,0.47574490308761597,0.4350753426551819,0.12381194531917572,0.5041672587394714,0.41763508319854736,0.2127579301595688,0.49305394291877747,0.4178011119365692,0.19560717046260834,0.4977934658527374,0.4126102924346924,0.22150850296020508,0.46316957473754883,0.4409807324409485,0.024569790810346603,0.6187629699707031,0.42583024501800537,0.1787606179714203,0.4522453844547272,0.6565446257591248,0.05206212028861046,0.6402699947357178,0.6425767540931702,0.13464142382144928,0.4628908038139343,0.7013688087463379,0.08688029646873474,0.5951577425003052,0.7583624124526978,0.10966147482395172,0.4530092775821686,0.7206413149833679,0.08152493089437485,0.5937496423721313,0.7658330202102661,0.13290777802467346,0.47055715322494507,0.7000139951705933,0.1013563871383667,0.570243775844574,0.7614476680755615,0.12719471752643585,0.47741490602493286,0.6913543939590454,0.0959860160946846,0.5736133456230164,0.7505117058753967,0.10529779642820358,0.5392611026763916,0.5110874176025391,-0.026348652318120003,0.6357083916664124,0.5183936357498169,0.026054007932543755,0.5116618871688843,0.7788767218589783,-0.036138661205768585,0.5530888438224792,0.7779211401939392,0.09029944986104965,0.5306787490844727,1.0047132968902588,-0.02921297773718834,0.5406761169433594,0.9981452226638794,0.0912206843495369,0.5485026836395264,1.0469067096710205,-0.026709776371717453,0.5415281653404236,1.0395245552062988,0.09378397464752197,0.49922674894332886,1.0623687505722046,-0.08762238174676895,0.5129883885383606,1.0546305179595947,0.04985176771879196
romanian deadlift_1300261.jpg,0.39454662799835205,0.36909621953964233,-0.04558004066348076,0.3831668496131897,0.3658762276172638,-0.08647441118955612,0.3819766342639923,0.36762750148773193,-0.08659045398235321,0.38059669733047485,0.3706463575363159,-0.08678115159273148,0.3897417485713959,0.36039435863494873,-0.05094717815518379,0.3984299302101135,0.3599017262458801,-0.050875063985586166,0.4022423028945923,0.3551100790500641,-0.05120261386036873,0.3979744613170624,0.3920504152774811,-0.24358826875686646,0.4252110421657562,0.3756103813648224,-0.08211015909910202,0.42650890350341797,0.3786320090293884,-0.09850148856639862,0.42966827750205994,0.3759211301803589,-0.051004521548748016,0.4546557664871216,0.4252176582813263,-0.31033098697662354,0.5734673142433167,0.37091755867004395,-0.07388832420110703,0.48793739080429077,0.6567542552947998,-0.3257541060447693,0.583101212978363,0.6383088827133179,-0.06951166689395905,0.5188329815864563,0.8493005633354187,-0.27018028497695923,0.5688501000404358,0.8516299724578857,-0.08647823333740234,0.5251898169517517,0.8909293413162231,-0.28215453028678894,0.5579658150672913,0.8825836181640625,-0.07486021518707275,0.5219144821166992,0.8879189491271973,-0.27855855226516724,0.5527461171150208,0.8860294818878174,-0.1097119152545929,0.5207563042640686,0.870634138584137,-0.26827704906463623,0.5555675029754639,0.8785234093666077,-0.10489454865455627,0.5444353818893433,0.5837756395339966,-0.03230679780244827,0.623521089553833,0.5356507897377014,0.03179880231618881,0.5527577996253967,0.8423998355865479,0.13053591549396515,0.5693334937095642,0.8516532182693481,0.1476883590221405,0.5719848275184631,1.0862374305725098,0.31820499897003174,0.568494439125061,1.080878496170044,0.33219772577285767,0.5870936512947083,1.1303163766860962,0.33504754304885864,0.5696331858634949,1.1219923496246338,0.35230302810668945,0.5519196391105652,1.1366311311721802,0.30757617950439453,0.5609561800956726,1.119768738746643,0.34002047777175903
romanian deadlift_1300271.jpg,0.4005233645439148,0.15392687916755676,-0.09499254077672958,0.39888909459114075,0.1098921149969101,-0.14010433852672577,0.39700669050216675,0.1102646067738533,-0.14027374982833862,0.38657447695732117,0.14910219609737396,-0.1403343379497528,0.4020305871963501,0.10850045084953308,-0.11035764217376709,0.40588295459747314,0.1080666035413742,-0.11027874052524567,0.40805739164352417,0.10848388820886612,-0.1105491891503334,0.41588127613067627,0.15489040315151215,-0.23468399047851562,0.4365307688713074,0.1413937509059906,-0.10270105302333832,0.4260181784629822,0.1864331066608429,-0.11565928161144257,0.42383909225463867,0.18408659100532532,-0.0768243744969368,0.45741352438926697,0.25665345788002014,-0.294135719537735,0.5094087719917297,0.25317201018333435,-0.034155309200286865,0.49065685272216797,0.511939525604248,-0.21203967928886414,0.5486463904380798,0.49487587809562683,-0.0002193071268266067,0.5204858183860779,0.6986477971076965,0.0012546996586024761,0.5532925128936768,0.6939569115638733,0.055790577083826065,0.5241169333457947,0.7441602349281311,0.021305574104189873,0.5527616739273071,0.7345466613769531,0.09084238857030869,0.5193020105361938,0.7590757012367249,0.028794970363378525,0.5461796522140503,0.7538902163505554,0.057421740144491196,0.5258170962333679,0.7258061766624451,0.011886078864336014,0.5492269396781921,0.7228889465332031,0.0428018756210804,0.5611887574195862,0.6009474992752075,-0.03900063410401344,0.6178150177001953,0.6290096044540405,0.03886059299111366,0.5743906497955322,0.8769580125808716,0.14493197202682495,0.5845754742622375,0.8540484309196472,0.16135072708129883,0.598524808883667,1.1105709075927734,0.32979467511177063,0.6051896810531616,1.107453465461731,0.36248353123664856,0.6124886274337769,1.1540173292160034,0.3444763422012329,0.6094178557395935,1.1493662595748901,0.3842311203479767,0.5710950493812561,1.152137041091919,0.33014506101608276,0.5941975116729736,1.14505136013031,0.40048056840896606
romanian deadlift_1300281.jpg,0.467538982629776,0.15455400943756104,-0.20792728662490845,0.48325154185295105,0.11927349120378494,-0.244514599442482,0.487618088722229,0.11877787113189697,-0.24473105370998383,0.49059194326400757,0.12258987128734589,-0.24486637115478516,0.47813788056373596,0.1191323846578598,-0.193913996219635,0.4793725907802582,0.11836972832679749,-0.1938813328742981,0.4810134172439575,0.11758223921060562,-0.19406111538410187,0.5207993388175964,0.13640248775482178,-0.3072541058063507,0.5084268450737,0.1326732635498047,-0.09186647832393646,0.48345518112182617,0.187193363904953,-0.22183111310005188,0.47659286856651306,0.18600423634052277,-0.15730412304401398,0.5455296039581299,0.2879023551940918,-0.40918371081352234,0.5198654532432556,0.27682724595069885,0.09339811652898788,0.5044354200363159,0.536336362361908,-0.391489714384079,0.5379177927970886,0.48871666193008423,0.2127724140882492,0.48008283972740173,0.7270827293395996,-0.21309803426265717,0.5313329100608826,0.6111913919448853,0.16369429230690002,0.46911370754241943,0.7709270715713501,-0.24270190298557281,0.532278835773468,0.6453055739402771,0.1815834790468216,0.4584807753562927,0.7739964127540588,-0.23113293945789337,0.5218169093132019,0.6445056200027466,0.12739239633083344,0.4625135660171509,0.7505186200141907,-0.20286695659160614,0.5250366926193237,0.6334229707717896,0.14019867777824402,0.5934964418411255,0.7074205875396729,-0.12209619581699371,0.6037489771842957,0.6928125023841858,0.12260859459638596,0.5695110559463501,0.9478328227996826,-0.05449235811829567,0.5832635760307312,0.9300408959388733,0.22482401132583618,0.6025364995002747,1.17349374294281,0.15164758265018463,0.6037909388542175,1.2057669162750244,0.3762211203575134,0.6272717714309692,1.2113980054855347,0.1671789139509201,0.6239356398582458,1.2522810697555542,0.3897624909877777,0.5570946931838989,1.2255644798278809,0.12250861525535583,0.5818767547607422,1.27475905418396,0.390179306268692
romanian deadlift_1400001.jpg,0.5363807678222656,0.501826286315918,-0.2074217051267624,0.5351973176002502,0.4922677278518677,-0.24933570623397827,0.5329727530479431,0.4885263741016388,-0.249274343252182,0.5304972529411316,0.4849071204662323,-0.24920554459095,0.5400198101997375,0.4983406364917755,-0.2470337599515915,0.5417661666870117,0.4982821047306061,-0.24707213044166565,0.5437977910041809,0.49824684858322144,-0.24738964438438416,0.5287814140319824,0.47336655855178833,-0.3526798188686371,0.544633150100708,0.492855966091156,-0.35051411390304565,0.5321352481842041,0.4968951642513275,-0.23169641196727753,0.5383918285369873,0.5020483732223511,-0.22986644506454468,0.5278100371360779,0.4858105182647705,-0.36848315596580505,0.5301361680030823,0.5137296915054321,-0.2787177264690399,0.46361666917800903,0.6317699551582336,-0.33572280406951904,0.4743751883506775,0.633799135684967,-0.26112958788871765,0.4661221206188202,0.8062483668327332,-0.34372439980506897,0.47719648480415344,0.7693381309509277,-0.2739667296409607,0.4703960418701172,0.825262725353241,-0.38734403252601624,0.47449684143066406,0.7970494031906128,-0.3028411865234375,0.4653604328632355,0.8296781778335571,-0.3975272476673126,0.4752480387687683,0.8028301000595093,-0.31948986649513245,0.4673633575439453,0.8133440017700195,-0.3516082465648651,0.4748854339122772,0.7952667474746704,-0.28239643573760986,0.5633543133735657,0.6961802840232849,-0.04380134865641594,0.5555959343910217,0.6927565336227417,0.0437343530356884,0.5323086977005005,0.5858916640281677,0.3204267919063568,0.5296497344970703,0.5624557137489319,0.37004947662353516,0.5434511303901672,0.5799265503883362,0.7596009969711304,0.5362583994865417,0.5666715502738953,0.7692959308624268,0.5569931864738464,0.5724977850914001,0.8017405271530151,0.5461625456809998,0.5627194046974182,0.8089501857757568,0.5262690186500549,0.6017961502075195,0.7695020437240601,0.5138300657272339,0.6000829339027405,0.7943888902664185
romanian deadlift_1400011.jpg,0.49163559079170227,0.443598210811615,-0.05000225827097893,0.47962668538093567,0.423816055059433,-0.07824999839067459,0.47643280029296875,0.42056527733802795,-0.07819493860006332,0.4724583327770233,0.41787296533584595,-0.078118696808815,0.4831066131591797,0.42679527401924133,-0.0652555301785469,0.4829272925853729,0.42555496096611023,-0.06509020179510117,0.48508939146995544,0.42420604825019836,-0.06532727926969528,0.46924760937690735,0.40472471714019775,-0.19353385269641876,0.4819873869419098,0.4131300151348114,-0.17103148996829987,0.4841262698173523,0.44473403692245483,-0.09038648009300232,0.49107229709625244,0.4482886791229248,-0.07855021208524704,0.47415468096733093,0.4471375644207001,-0.29628264904022217,0.5207059979438782,0.45894283056259155,-0.11481046676635742,0.4496765732765198,0.6538712382316589,-0.32776743173599243,0.5138443112373352,0.6296133399009705,-0.1498352587223053,0.467193603515625,0.8450955748558044,-0.3458665609359741,0.4924654960632324,0.7835184931755066,-0.20156094431877136,0.4733763635158539,0.8695359826087952,-0.374588280916214,0.4860423803329468,0.8168591260910034,-0.20964249968528748,0.47001492977142334,0.8695526123046875,-0.38014790415763855,0.5002976059913635,0.8211937546730042,-0.23563998937606812,0.47133246064186096,0.8592326045036316,-0.3490041196346283,0.5026119351387024,0.8091346025466919,-0.21439947187900543,0.5151031017303467,0.6972803473472595,-0.04828377068042755,0.535855233669281,0.7019934058189392,0.0482630729675293,0.5109837055206299,0.6341449022293091,0.11563611775636673,0.5095267295837402,0.5939356684684753,0.23663875460624695,0.5031280517578125,0.5974057912826538,0.34533414244651794,0.47391238808631897,0.6029544472694397,0.35661932826042175,0.5122324228286743,0.590747594833374,0.3728885352611542,0.4774254262447357,0.609676718711853,0.36430680751800537,0.49421876668930054,0.5883930921554565,0.6829239130020142,0.45272645354270935,0.6049364805221558,0.39469221234321594
romanian deadlift_1400021.jpg,0.4672885239124298,0.5287502408027649,-0.3516235649585724,0.4639207422733307,0.5052084922790527,-0.3782902657985687,0.4657342731952667,0.5026386976242065,-0.37840181589126587,0.4661126434803009,0.5002487897872925,-0.37871024012565613,0.45597895979881287,0.5065088272094727,-0.35940536856651306,0.452597051858902,0.5050009489059448,-0.3594341576099396,0.4508475065231323,0.5034491419792175,-0.35979583859443665,0.4677780568599701,0.4875321388244629,-0.42424508929252625,0.45111629366874695,0.4916268289089203,-0.34038275480270386,0.47050395607948303,0.5352655053138733,-0.35941189527511597,0.46359220147132874,0.5376056432723999,-0.33539292216300964,0.5104267597198486,0.545408308506012,-0.4184139370918274,0.4716692864894867,0.5432876348495483,-0.23103944957256317,0.5071975588798523,0.7628344893455505,-0.3941982090473175,0.4785507023334503,0.7297496199607849,-0.1961546689271927,0.48293736577033997,0.8589126467704773,-0.33852922916412354,0.4673425257205963,0.8486384153366089,-0.2132093608379364,0.4741307497024536,0.8720269203186035,-0.3465459644794464,0.4619680643081665,0.8599568605422974,-0.21596692502498627,0.4719989597797394,0.8624891638755798,-0.3506896197795868,0.46723076701164246,0.854731559753418,-0.23102357983589172,0.4741329252719879,0.8574443459510803,-0.3379092216491699,0.4685593545436859,0.8606459498405457,-0.2211521416902542,0.5236798524856567,0.8065061569213867,-0.04937726631760597,0.5114856958389282,0.8044885396957397,0.0491652637720108,0.5191610455513,0.798945426940918,0.0846341997385025,0.5033323168754578,0.7583749294281006,0.2615017592906952,0.5649116039276123,0.7650248408317566,0.3740054965019226,0.5471459031105042,0.6579244136810303,0.4673622250556946,0.5861128568649292,0.7527661919593811,0.4070718586444855,0.5730924606323242,0.8132321834564209,0.4856644570827484,0.5601352453231812,0.944666862487793,0.4534267485141754,0.5473829507827759,0.9449125528335571,0.49494966864585876
romanian deadlift_1400031.jpg,0.4183107316493988,0.6194350719451904,-0.3051786720752716,0.40447625517845154,0.5822944641113281,-0.3500039875507355,0.4081059694290161,0.579440712928772,-0.35007473826408386,0.4114275276660919,0.5767143368721008,-0.3503660559654236,0.4180717468261719,0.5900261998176575,-0.3156793713569641,0.4182913899421692,0.5878174901008606,-0.31554558873176575,0.4182720482349396,0.5856093168258667,-0.3159286379814148,0.44721880555152893,0.5608170628547668,-0.46445828676223755,0.43142932653427124,0.5666758418083191,-0.3078279197216034,0.42664334177970886,0.598490834236145,-0.33598920702934265,0.43356186151504517,0.6209704279899597,-0.2911648750305176,0.5076478719711304,0.5555135011672974,-0.48032888770103455,0.45019471645355225,0.5325507521629333,-0.2065885066986084,0.5002408623695374,0.7498065233230591,-0.41710376739501953,0.44523370265960693,0.706159234046936,-0.11480384320020676,0.4712553024291992,0.8536873459815979,-0.2961788773536682,0.4441653788089752,0.8586845993995667,-0.022628119215369225,0.46018603444099426,0.8750598430633545,-0.3019348978996277,0.44522133469581604,0.8720354437828064,0.000977794174104929,0.4626971185207367,0.8727254867553711,-0.3032938241958618,0.45112344622612,0.8707785606384277,-0.013364404439926147,0.4630545675754547,0.8631852269172668,-0.2922082841396332,0.4541213810443878,0.8665233850479126,-0.02685355767607689,0.5277520418167114,0.7851938009262085,-0.0657639130949974,0.48457804322242737,0.7785843014717102,0.0655389204621315,0.5369652509689331,0.8798248171806335,0.14774645864963531,0.4766703248023987,0.8760674595832825,0.30422037839889526,0.5562900304794312,1.0014441013336182,0.47303909063339233,0.528011679649353,0.9784164428710938,0.594331681728363,0.5707394480705261,0.9998665452003479,0.5061145424842834,0.5540241599082947,1.0033994913101196,0.623167872428894,0.5520274639129639,1.1164965629577637,0.48710691928863525,0.5145575404167175,1.1185094118118286,0.6010755300521851
romanian deadlift_1400041.jpg,0.4125218987464905,0.5945950746536255,-0.42288246750831604,0.40833836793899536,0.5692029595375061,-0.4626070261001587,0.41265347599983215,0.5644142031669617,-0.46257415413856506,0.4167881906032562,0.5598968267440796,-0.46276137232780457,0.41911399364471436,0.5844640731811523,-0.4273240864276886,0.41900894045829773,0.5829460620880127,-0.4271710216999054,0.41846832633018494,0.5808761119842529,-0.427365779876709,0.44436880946159363,0.558470606803894,-0.5238873958587646,0.4290449321269989,0.561941921710968,-0.3586370050907135,0.4301828444004059,0.5846014022827148,-0.43123185634613037,0.4241484999656677,0.5924192070960999,-0.3836628496646881,0.5319316387176514,0.5301447510719299,-0.49601122736930847,0.43491166830062866,0.5404706597328186,-0.23840312659740448,0.5018527507781982,0.7252938747406006,-0.4623946249485016,0.4465061128139496,0.7041198015213013,-0.15163546800613403,0.47195613384246826,0.8449446558952332,-0.4493330419063568,0.45159226655960083,0.8366785645484924,-0.13776341080665588,0.46425139904022217,0.8720077276229858,-0.4753481447696686,0.4477357566356659,0.8666865229606628,-0.1272767037153244,0.46581384539604187,0.8696290850639343,-0.4826425611972809,0.451590359210968,0.8639375567436218,-0.16446885466575623,0.46658962965011597,0.8622279763221741,-0.45076942443847656,0.4511454403400421,0.8615732789039612,-0.15249864757061005,0.5280370116233826,0.7663341760635376,-0.08771486580371857,0.4689938426017761,0.7708373069763184,0.08813750743865967,0.5396670699119568,0.909786581993103,-0.1848854124546051,0.42983514070510864,0.871430516242981,0.12388349324464798,0.543188214302063,1.1082830429077148,-0.07004282623529434,0.4956999123096466,1.0317554473876953,0.3237091898918152,0.5507228970527649,1.1333006620407104,-0.06193419173359871,0.521348774433136,1.0518862009048462,0.3454764187335968,0.5417121648788452,1.1847755908966064,-0.1469108611345291,0.46721166372299194,1.1306109428405762,0.32241857051849365
romanian deadlift_1400051.jpg,0.40479743480682373,0.6105150580406189,-0.37858641147613525,0.4071090519428253,0.5797020196914673,-0.41489359736442566,0.4118102192878723,0.5742018818855286,-0.41488513350486755,0.4152613580226898,0.5699151158332825,-0.4150914251804352,0.40854892134666443,0.5809358954429626,-0.3814270794391632,0.4096222221851349,0.5769669413566589,-0.38131991028785706,0.4103160798549652,0.5671373605728149,-0.38151681423187256,0.4390656054019928,0.5565370321273804,-0.4932277500629425,0.4264412820339203,0.5568508505821228,-0.33935287594795227,0.422549307346344,0.6125472187995911,-0.39856624603271484,0.41891661286354065,0.6130676865577698,-0.35406896471977234,0.5235612988471985,0.5790476202964783,-0.49138009548187256,0.4573105275630951,0.5313391089439392,-0.2653590738773346,0.5000616312026978,0.7685725092887878,-0.503442645072937,0.45920345187187195,0.687761127948761,-0.2292967289686203,0.46696534752845764,0.8663691282272339,-0.47078460454940796,0.45132800936698914,0.8395662903785706,-0.26335394382476807,0.46583113074302673,0.8785384297370911,-0.49811044335365295,0.4409545361995697,0.8568918108940125,-0.2641212046146393,0.4669937491416931,0.8785540461540222,-0.5040206909179688,0.44587698578834534,0.8558140397071838,-0.3009801506996155,0.4675717055797577,0.8656511902809143,-0.4730462431907654,0.4504639506340027,0.8659888505935669,-0.27962103486061096,0.5318068861961365,0.7847061157226562,-0.08671271800994873,0.4920114576816559,0.7595672011375427,0.0871162936091423,0.5348384976387024,0.8659394383430481,-0.22635295987129211,0.3956855535507202,0.74961256980896,0.0687587708234787,0.5156539678573608,0.8970100283622742,0.04699861630797386,0.46377819776535034,0.8752626180648804,0.1978437453508377,0.5246061086654663,0.8987390995025635,0.0783284530043602,0.4808735251426697,0.8852675557136536,0.2152376025915146,0.4778485596179962,0.8961396813392639,0.10535473376512527,0.4398791491985321,0.9118664860725403,0.26334190368652344
romanian deadlift_1400061.jpg,0.5147868394851685,0.30459722876548767,-0.0825265496969223,0.5291932821273804,0.29126620292663574,-0.1138680949807167,0.5293868184089661,0.2907916307449341,-0.1140570119023323,0.529492199420929,0.291507750749588,-0.11412873864173889,0.5320991277694702,0.29398807883262634,-0.08671171218156815,0.5335449576377869,0.2952369153499603,-0.08677207678556442,0.5344058871269226,0.29699259996414185,-0.08697931468486786,0.5337428450584412,0.30358627438545227,-0.21848434209823608,0.5326588749885559,0.3076522946357727,-0.09944009780883789,0.510431706905365,0.33898240327835083,-0.11637721955776215,0.5109740495681763,0.34183523058891296,-0.08215402066707611,0.49125179648399353,0.41012445092201233,-0.35226067900657654,0.48214954137802124,0.43144848942756653,-0.007823657244443893,0.4627794623374939,0.6871520280838013,-0.4169884920120239,0.47084522247314453,0.6613941788673401,-0.014189209789037704,0.4640979468822479,0.8670349717140198,-0.3868105709552765,0.4735308587551117,0.8304862976074219,-0.046208467334508896,0.46596404910087585,0.8855494856834412,-0.41690441966056824,0.47841691970825195,0.8645401000976562,-0.03452668711543083,0.47093772888183594,0.8829849362373352,-0.4160488545894623,0.47980841994285583,0.8637703657150269,-0.07887221872806549,0.4686304032802582,0.8748739361763,-0.38598260283470154,0.48069730401039124,0.8566348552703857,-0.06389867514371872,0.5194579362869263,0.7717748284339905,-0.11073312163352966,0.5002114176750183,0.7574830651283264,0.11090191453695297,0.508054792881012,0.7977660298347473,-0.14934921264648438,0.49686330556869507,0.750390887260437,0.32552704215049744,0.5197214484214783,0.9219837784767151,0.11557614803314209,0.520209014415741,0.8982915878295898,0.3055036962032318,0.5381266474723816,0.9256589412689209,0.1310364156961441,0.5325167775154114,0.912753701210022,0.3053770363330841,0.5081008076667786,0.9627912640571594,0.14798927307128906,0.48545393347740173,0.9606912136077881,0.29769226908683777
romanian deadlift_1400071.jpg,0.5349820256233215,0.3217342495918274,-0.23847226798534393,0.5382013916969299,0.3064323365688324,-0.2376757115125656,0.5353954434394836,0.30482998490333557,-0.2374391406774521,0.5325568914413452,0.3034910559654236,-0.23702742159366608,0.5409669280052185,0.3117333650588989,-0.28790244460105896,0.5402999520301819,0.3132343590259552,-0.28801098465919495,0.5395687818527222,0.31472793221473694,-0.28826943039894104,0.5143409967422485,0.3043043911457062,-0.270256370306015,0.5202949047088623,0.32008689641952515,-0.4064998924732208,0.5228030681610107,0.32374680042266846,-0.20814548432826996,0.5279099941253662,0.3268946409225464,-0.2785394787788391,0.479856014251709,0.3301031291484833,-0.19928961992263794,0.453830748796463,0.41175952553749084,-0.43221110105514526,0.45755118131637573,0.5034672021865845,-0.1649508774280548,0.4571818709373474,0.6491528749465942,-0.466609925031662,0.4994438886642456,0.6786161661148071,-0.22769352793693542,0.45989924669265747,0.8477019667625427,-0.46199703216552734,0.5190042853355408,0.7106976509094238,-0.23748724162578583,0.47224903106689453,0.8774992227554321,-0.5128390789031982,0.5216466784477234,0.7330880165100098,-0.2822551131248474,0.4792383909225464,0.8766509890556335,-0.521747350692749,0.5094969868659973,0.7272565960884094,-0.2482757717370987,0.4749709665775299,0.8667566776275635,-0.4673174023628235,0.498237282037735,0.6033220887184143,0.0769294947385788,0.47522109746932983,0.6619505882263184,-0.07632405310869217,0.47858503460884094,0.41369175910949707,0.2640041410923004,0.47121545672416687,0.4849206805229187,0.07698770612478256,0.4983544945716858,0.26020875573158264,0.47648370265960693,0.4696998596191406,0.2999565005302429,0.26843807101249695,0.5081313848495483,0.24899080395698547,0.489284873008728,0.4808002710342407,0.2826119661331177,0.2804282307624817,0.48161444067955017,0.192244291305542,0.40830275416374207,0.43265077471733093,0.21396887302398682,0.17033196985721588
romanian deadlift_1400081.jpg,0.5102562308311462,0.15537847578525543,-0.032568469643592834,0.5335609316825867,0.13744217157363892,-0.017452556639909744,0.5184587836265564,0.13685107231140137,-0.01749541610479355,0.5078483819961548,0.1362934708595276,-0.017497297376394272,0.5267483592033386,0.1372259259223938,-0.06056562811136246,0.5199224352836609,0.13659830391407013,-0.06042907014489174,0.5157424211502075,0.136061429977417,-0.06041805446147919,0.46808117628097534,0.14215582609176636,0.051173847168684006,0.4820449948310852,0.1428210437297821,-0.13905808329582214,0.5128370523452759,0.17216624319553375,-0.00028040632605552673,0.5178691744804382,0.17092400789260864,-0.05653314292430878,0.42475607991218567,0.24494792520999908,0.17021264135837555,0.4556899666786194,0.22990235686302185,-0.3014809787273407,0.4456622302532196,0.3819912075996399,0.17311790585517883,0.46500903367996216,0.38458284735679626,-0.3238593637943268,0.4789905250072479,0.49438053369522095,0.09334912151098251,0.49994364380836487,0.4914073944091797,-0.31043708324432373,0.4955042004585266,0.5117154121398926,0.09201619029045105,0.5043087601661682,0.513745903968811,-0.314393013715744,0.4994156062602997,0.5106769800186157,0.05922933667898178,0.5058161020278931,0.5100322961807251,-0.3198932409286499,0.4964461028575897,0.5229715704917908,0.07384096086025238,0.5021096467971802,0.5028376579284668,-0.36051857471466064,0.43783843517303467,0.5067620873451233,0.1323874592781067,0.45833462476730347,0.5013994574546814,-0.13233895599842072,0.4666805565357208,0.6073847413063049,0.20414872467517853,0.4721716344356537,0.6078585982322693,-0.07294479757547379,0.4639657735824585,0.7959301471710205,0.3829967677593231,0.46073421835899353,0.8276469707489014,0.00963289849460125,0.4483852684497833,0.8499115109443665,0.3504229784011841,0.44519126415252686,0.8719596266746521,0.016319546848535538,0.4986017346382141,0.8116483688354492,0.29290369153022766,0.5113819241523743,0.8430311679840088,-0.05848889797925949
romanian deadlift_1400091.jpg,0.5022991299629211,0.15562142431735992,0.005622373428195715,0.5091708898544312,0.13907548785209656,0.021083831787109375,0.49522796273231506,0.13833050429821014,0.021006878465414047,0.4861183762550354,0.13755927979946136,0.021016083657741547,0.502107560634613,0.1393033266067505,-0.021662278100848198,0.4954164922237396,0.13879704475402832,-0.021649319678544998,0.49116194248199463,0.1382582038640976,-0.02170313522219658,0.455320805311203,0.14119815826416016,0.09067073464393616,0.46452435851097107,0.14232204854488373,-0.09982914477586746,0.4987255334854126,0.16959165036678314,0.03669817000627518,0.5006533265113831,0.16995584964752197,-0.018854128196835518,0.41639354825019836,0.23480845987796783,0.21486496925354004,0.4506955146789551,0.22697673738002777,-0.2565819025039673,0.42942020297050476,0.3709818422794342,0.21905583143234253,0.46892353892326355,0.37092894315719604,-0.2803061604499817,0.46729904413223267,0.46906569600105286,0.14523592591285706,0.4992097318172455,0.4722176492214203,-0.2073032259941101,0.4699704051017761,0.49079933762550354,0.147307351231575,0.5034312009811401,0.49407777190208435,-0.22612637281417847,0.4731758236885071,0.48672595620155334,0.1206640750169754,0.5050758719444275,0.49204936623573303,-0.19645388424396515,0.47125789523124695,0.4829484224319458,0.12834231555461884,0.5013640522956848,0.4862908124923706,-0.19653251767158508,0.4359629452228546,0.49306708574295044,0.13798962533473969,0.45419982075691223,0.490816205739975,-0.1379246860742569,0.46791988611221313,0.6479541063308716,0.15854525566101074,0.47166988253593445,0.6533870697021484,-0.11605166643857956,0.4536452293395996,0.8498572707176208,0.22183112800121307,0.4539465606212616,0.8785690069198608,-0.07594487816095352,0.4386705756187439,0.8945731520652771,0.21759280562400818,0.43876513838768005,0.9175357222557068,-0.07726313918828964,0.5061337351799011,0.863344669342041,0.16990332305431366,0.524351179599762,0.8947941064834595,-0.16492657363414764
romanian deadlift_1400101.jpg,0.49568405747413635,0.15366321802139282,0.013895068317651749,0.5019294619560242,0.1378026306629181,0.02949593774974346,0.48843494057655334,0.13720759749412537,0.029450329020619392,0.4803505837917328,0.13643911480903625,0.029481161385774612,0.49246224761009216,0.13792113959789276,-0.014682714827358723,0.4858655333518982,0.13751712441444397,-0.014704003930091858,0.4817507565021515,0.13696502149105072,-0.014792327769100666,0.45449474453926086,0.1398397982120514,0.10226742923259735,0.4601100981235504,0.14061397314071655,-0.09509460628032684,0.49421459436416626,0.16945315897464752,0.04566502198576927,0.49321097135543823,0.16952913999557495,-0.011552570387721062,0.4203631281852722,0.2374996393918991,0.2355850785970688,0.4522589147090912,0.22997982800006866,-0.25246843695640564,0.42856407165527344,0.36843520402908325,0.2378094494342804,0.4710066616535187,0.366409033536911,-0.26735401153564453,0.4645044505596161,0.4576348066329956,0.15331687033176422,0.5006353259086609,0.4662367105484009,-0.14677245914936066,0.45744404196739197,0.4848070442676544,0.1516674906015396,0.5064217448234558,0.48901018500328064,-0.1647864431142807,0.46481239795684814,0.4822741150856018,0.1262214481830597,0.5099216103553772,0.4860280752182007,-0.14573253691196442,0.46379196643829346,0.4738958477973938,0.13564327359199524,0.505286455154419,0.47655194997787476,-0.13525865972042084,0.43536633253097534,0.4875728487968445,0.14527627825737,0.45489510893821716,0.4809555113315582,-0.145290806889534,0.4615077078342438,0.6627001166343689,0.15309961140155792,0.4679897427558899,0.6683632135391235,-0.12631916999816895,0.4535115659236908,0.8654929995536804,0.20419873297214508,0.45457103848457336,0.8834288716316223,-0.083058200776577,0.43755510449409485,0.8997011184692383,0.2016775906085968,0.4369807839393616,0.9170540571212769,-0.08509431779384613,0.5105435848236084,0.8802558779716492,0.13911482691764832,0.5239222645759583,0.9010971188545227,-0.18240444362163544
romanian deadlift_1400111.jpg,0.5041727423667908,0.16216260194778442,0.06599977612495422,0.5003407001495361,0.14275766909122467,0.07783683389425278,0.49519824981689453,0.14169232547283173,0.07780399918556213,0.49101343750953674,0.14052683115005493,0.07783814519643784,0.5000168085098267,0.14282935857772827,0.033193930983543396,0.49821963906288147,0.14194713532924652,0.0331510566174984,0.4968457818031311,0.1409449726343155,0.03303740918636322,0.470761239528656,0.14073894917964935,0.12176062166690826,0.48193174600601196,0.14092063903808594,-0.07497981190681458,0.49784690141677856,0.17644396424293518,0.086606465280056,0.499187171459198,0.17670820653438568,0.029294362291693687,0.4297122359275818,0.2395397126674652,0.2424304485321045,0.4667363464832306,0.22880232334136963,-0.24868716299533844,0.4202282130718231,0.3545026481151581,0.25427401065826416,0.47292226552963257,0.3607240915298462,-0.26296359300613403,0.4526958465576172,0.4278952181339264,0.20831184089183807,0.4999372065067291,0.4711337983608246,-0.1660379022359848,0.45396608114242554,0.44640833139419556,0.21782216429710388,0.505104660987854,0.49744653701782227,-0.18454475700855255,0.46407976746559143,0.44433626532554626,0.19099082052707672,0.5084054470062256,0.49537354707717896,-0.1755000501871109,0.46401363611221313,0.43893033266067505,0.19198010861873627,0.5042369961738586,0.48469123244285583,-0.1584898680448532,0.43436819314956665,0.49432864785194397,0.1529478281736374,0.45358842611312866,0.48944321274757385,-0.1529708206653595,0.458554744720459,0.6673876047134399,0.15966971218585968,0.46699392795562744,0.6747491359710693,-0.11870737373828888,0.45216962695121765,0.8665618896484375,0.2017858326435089,0.4542118310928345,0.8830125331878662,-0.10825980454683304,0.43808236718177795,0.9013701677322388,0.19918139278888702,0.4386802911758423,0.9205153584480286,-0.1129579246044159,0.5108208656311035,0.8787528276443481,0.14676533639431,0.5244238376617432,0.8978343605995178,-0.2062922567129135
romanian deadlift_1400121.jpg,0.5403748750686646,0.2097170501947403,0.010410518385469913,0.5361719131469727,0.1908785104751587,0.024561073631048203,0.5334952473640442,0.1897231489419937,0.0245069470256567,0.5305726528167725,0.18873070180416107,0.024559831246733665,0.5372325778007507,0.1915246993303299,-0.016450567170977592,0.5360983610153198,0.19070711731910706,-0.01647404208779335,0.5347641706466675,0.18975935876369476,-0.016544805839657784,0.5117319822311401,0.1897871047258377,0.08362569659948349,0.5181599259376526,0.19167505204677582,-0.10016035288572311,0.5283240079879761,0.22249667346477509,0.03652683272957802,0.5294749736785889,0.22310055792331696,-0.01647096313536167,0.4310178756713867,0.26730433106422424,0.20388387143611908,0.4876292049884796,0.26953327655792236,-0.2319798767566681,0.429048627614975,0.3989284932613373,0.20637542009353638,0.4822765588760376,0.41177088022232056,-0.25430116057395935,0.4566090703010559,0.4834529757499695,0.14515818655490875,0.49975836277008057,0.5074381828308105,-0.16812846064567566,0.45962485671043396,0.5015934705734253,0.1521771401166916,0.5038310289382935,0.5303602814674377,-0.18992716073989868,0.4660906493663788,0.5024634599685669,0.1273765116930008,0.5071426630020142,0.5310943126678467,-0.17808301746845245,0.4651699960231781,0.4965760409832001,0.1304883509874344,0.5030785799026489,0.5231404900550842,-0.1602761596441269,0.4204547107219696,0.5061289668083191,0.1432967483997345,0.45226341485977173,0.5027354955673218,-0.14329120516777039,0.43770837783813477,0.6707289814949036,0.15080758929252625,0.4632243514060974,0.6790071129798889,-0.12426267564296722,0.45142069458961487,0.8624739646911621,0.18253155052661896,0.4572840929031372,0.8825908899307251,-0.12366601079702377,0.43958428502082825,0.8982289433479309,0.18030625581741333,0.4431001842021942,0.9212794899940491,-0.12914861738681793,0.5103502869606018,0.8689922094345093,0.12643983960151672,0.5244326591491699,0.8945445418357849,-0.21700388193130493
romanian deadlift_1400131.jpg,0.5519394278526306,0.2955927848815918,0.01521606370806694,0.549674928188324,0.2769555449485779,0.015530205331742764,0.5471484661102295,0.2748219966888428,0.015501809306442738,0.5442972779273987,0.272437185049057,0.015571525320410728,0.5523625016212463,0.2780248522758484,-0.019386420026421547,0.5520046353340149,0.2770214378833771,-0.01943039707839489,0.5514461994171143,0.2759682238101959,-0.01956147328019142,0.5282391309738159,0.26824429631233215,0.02567945048213005,0.5364055037498474,0.2738024890422821,-0.1246480941772461,0.5392963290214539,0.3060213625431061,0.025767819955945015,0.5422073602676392,0.3063742220401764,-0.019764212891459465,0.43599259853363037,0.3115101754665375,0.10944294184446335,0.5028154850006104,0.3273719549179077,-0.2313092201948166,0.42131826281547546,0.4198746979236603,0.12107636779546738,0.488020122051239,0.4138830304145813,-0.22375179827213287,0.4519649147987366,0.5195350646972656,0.07919342815876007,0.4945165812969208,0.5487204790115356,-0.11574006080627441,0.4578631818294525,0.5334081649780273,0.08190593868494034,0.4918307363986969,0.5701119303703308,-0.13155920803546906,0.4665493071079254,0.5117081999778748,0.058745674788951874,0.4920845627784729,0.5702512264251709,-0.12525643408298492,0.465143620967865,0.5186853408813477,0.06590627133846283,0.49075546860694885,0.5632283687591553,-0.1098194569349289,0.4147133529186249,0.5294464826583862,0.13064990937709808,0.45493966341018677,0.5091358423233032,-0.13081473112106323,0.43659019470214844,0.6724381446838379,0.20174796879291534,0.4602189362049103,0.6793588995933533,-0.08826668560504913,0.45338156819343567,0.8582233190536499,0.3203931152820587,0.4593755900859833,0.877185583114624,-0.051361579447984695,0.4424336850643158,0.8950843811035156,0.3277882933616638,0.4464612603187561,0.9133612513542175,-0.04249544441699982,0.5043991804122925,0.8706520795822144,0.2811545431613922,0.5210182666778564,0.8901254534721375,-0.1239362508058548
romanian deadlift_1400141.jpg,0.5634816288948059,0.3723281919956207,-0.06877969205379486,0.5635512471199036,0.34881848096847534,-0.07309728115797043,0.5617520213127136,0.34653156995773315,-0.07320275157690048,0.5596705079078674,0.3439655005931854,-0.07311335951089859,0.5645607709884644,0.3497260510921478,-0.10791683942079544,0.563677966594696,0.3482453525066376,-0.10793258249759674,0.562689483165741,0.34681397676467896,-0.10813824832439423,0.5443189144134521,0.33811265230178833,-0.09137997031211853,0.5496940016746521,0.34255507588386536,-0.24026823043823242,0.5534230470657349,0.3819546103477478,-0.06792844831943512,0.5540978908538818,0.381900817155838,-0.11267443746328354,0.43805840611457825,0.37998059391975403,-0.031489625573158264,0.5134654641151428,0.3990418016910553,-0.3193950355052948,0.4245823323726654,0.5329461097717285,-0.003833858761936426,0.4910610616207123,0.5705486536026001,-0.32728344202041626,0.43993285298347473,0.6918860077857971,-0.01926541142165661,0.49011939764022827,0.7398698329925537,-0.28525322675704956,0.44247743487358093,0.7242562174797058,-0.011694072745740414,0.4859972596168518,0.7719556093215942,-0.3199442923069,0.4457530975341797,0.7343161106109619,-0.0349651575088501,0.4882551431655884,0.7747884392738342,-0.31537529826164246,0.444369375705719,0.7260380983352661,-0.029960673302412033,0.4863797724246979,0.7652807235717773,-0.2842461168766022,0.4158945679664612,0.5939832925796509,0.11714756488800049,0.45591089129447937,0.6202764511108398,-0.11721578240394592,0.4392281770706177,0.7050483226776123,0.3306322991847992,0.47607430815696716,0.7290719747543335,0.1294710338115692,0.4586264491081238,0.8503307104110718,0.6177114844322205,0.460235595703125,0.8727453351020813,0.38032370805740356,0.44313961267471313,0.8878233432769775,0.6457929611206055,0.442330926656723,0.904620885848999,0.4040813744068146,0.5044658780097961,0.8642783164978027,0.6346062421798706,0.52080899477005,0.8890804052352905,0.3580910563468933
romanian deadlift_1400151.jpg,0.547275185585022,0.46466565132141113,-0.3343953788280487,0.5433528423309326,0.44757193326950073,-0.3607633411884308,0.5412049889564514,0.4489494264125824,-0.360768586397171,0.5334182977676392,0.4625754952430725,-0.36081746220588684,0.5448119640350342,0.49338072538375854,-0.37884336709976196,0.5426374077796936,0.4958195686340332,-0.3790198266506195,0.5421344637870789,0.4983149766921997,-0.37930828332901,0.5163471102714539,0.4703516364097595,-0.4140872061252594,0.5334190726280212,0.499485045671463,-0.4966224730014801,0.5383854508399963,0.4726526141166687,-0.3410801589488983,0.5465709567070007,0.4602222144603729,-0.36512261629104614,0.4329557418823242,0.46620944142341614,-0.3306562006473541,0.523455798625946,0.5537019371986389,-0.48979753255844116,0.41671088337898254,0.6339792609214783,-0.28945446014404297,0.500140905380249,0.699827253818512,-0.4739029109477997,0.42577001452445984,0.7863341569900513,-0.2975858747959137,0.49891021847724915,0.7854858636856079,-0.43143847584724426,0.42752763628959656,0.816762387752533,-0.31657689809799194,0.4979143440723419,0.8086439967155457,-0.46394023299217224,0.42959922552108765,0.8251596093177795,-0.3336993455886841,0.4978194832801819,0.7964414954185486,-0.4765196144580841,0.4304659962654114,0.8168527483940125,-0.3055650293827057,0.49487224221229553,0.7878164649009705,-0.43733882904052734,0.4234154522418976,0.6145750880241394,0.09456852823495865,0.4700179398059845,0.6657247543334961,-0.0949205681681633,0.4608188569545746,0.7239946722984314,0.371570885181427,0.5338214635848999,0.7327044010162354,0.0708189532160759,0.4601072072982788,0.826237678527832,0.6050425171852112,0.4891560673713684,0.8661838173866272,0.26970964670181274,0.44836336374282837,0.8383236527442932,0.6287134885787964,0.4682193398475647,0.8838510513305664,0.2911933958530426,0.49176251888275146,0.8520270586013794,0.6163334250450134,0.5274088382720947,0.8841953873634338,0.2748054265975952
romanian deadlift_1400161.jpg,,,,,,,,,,,,,,,,,,,,,,,,,,,,,,,,,,,,,,,,,,,,,,,,,,,,,,,,,,,,,,,,,,,,,,,,,,,,,,,,,,,,,,,,,,,,,,,,,,,
romanian deadlift_1400171.jpg,0.5813485383987427,0.4193562865257263,-0.07709864526987076,0.5768452882766724,0.40227818489074707,-0.060532186180353165,0.5758835077285767,0.40146705508232117,-0.0606522336602211,0.5747144818305969,0.40052270889282227,-0.06076125055551529,0.5749948024749756,0.4027083218097687,-0.10309629142284393,0.5730679631233215,0.40235406160354614,-0.10317102819681168,0.5710725784301758,0.4019123613834381,-0.10328762233257294,0.5608956813812256,0.39962276816368103,0.01289049070328474,0.5577632784843445,0.4017740488052368,-0.17711208760738373,0.5740923285484314,0.43216511607170105,-0.044911403208971024,0.5711876153945923,0.4316112995147705,-0.10042539238929749,0.5138927102088928,0.44945675134658813,0.14503641426563263,0.5309908390045166,0.4672420620918274,-0.2751840353012085,0.48714426159858704,0.5477418899536133,0.17519859969615936,0.5085165500640869,0.5865532159805298,-0.2833402454853058,0.48285454511642456,0.6413494944572449,0.11248922348022461,0.5002983808517456,0.6991623044013977,-0.18576295673847198,0.4815525710582733,0.6581056714057922,0.12473972886800766,0.4961605668067932,0.7147098779678345,-0.21889637410640717,0.4818962812423706,0.6632674932479858,0.08903816342353821,0.49487921595573425,0.7268673181533813,-0.19679060578346252,0.48317766189575195,0.657895565032959,0.0948791429400444,0.4939250946044922,0.716033399105072,-0.17578943073749542,0.4026168882846832,0.5544600486755371,0.13554629683494568,0.40447133779525757,0.5686050653457642,-0.135329470038414,0.4487529993057251,0.6807172894477844,0.25669071078300476,0.4602819085121155,0.6938169002532959,-0.019607501104474068,0.44320276379585266,0.8449044227600098,0.41866666078567505,0.4462047517299652,0.8795385360717773,0.12428057193756104,0.4325009882450104,0.8751155138015747,0.4337490499019623,0.4281006455421448,0.9149173498153687,0.13521023094654083,0.48184001445770264,0.8774521946907043,0.398189514875412,0.4828067421913147,0.9043877720832825,0.07066995650529861
romanian deadlift_1400181.jpg,0.5675525665283203,0.3048614263534546,0.2262999564409256,0.5636063814163208,0.2909894585609436,0.2537115514278412,0.5634721517562866,0.29103174805641174,0.2536672055721283,0.5632675290107727,0.29104703664779663,0.25359901785850525,0.56162428855896,0.29077020287513733,0.21145960688591003,0.5602055788040161,0.29065555334091187,0.21136924624443054,0.5587398409843445,0.29032620787620544,0.21121124923229218,0.5546198487281799,0.29480889439582825,0.3317559063434601,0.5492198467254639,0.2932128310203552,0.14416474103927612,0.5629568696022034,0.32008975744247437,0.25477948784828186,0.560110867023468,0.3195693790912628,0.2000507414340973,0.5092155337333679,0.3747803866863251,0.4138430953025818,0.5224896669387817,0.3640351891517639,-0.025363875553011894,0.4943467974662781,0.4880034029483795,0.4349592328071594,0.5075899958610535,0.47349199652671814,-0.07964278012514114,0.48241883516311646,0.5979835987091064,0.385793000459671,0.48941051959991455,0.5914636254310608,-0.009951402433216572,0.4780772030353546,0.6145488023757935,0.39529216289520264,0.4834255278110504,0.6104763746261597,-0.03194112703204155,0.47696372866630554,0.6157515048980713,0.3737545907497406,0.48353639245033264,0.6109404563903809,-0.010243361815810204,0.4802253544330597,0.6091886162757874,0.3715879023075104,0.4864021837711334,0.6034241318702698,0.0004975253250449896,0.402614563703537,0.5032908320426941,0.13556940853595734,0.4062034487724304,0.4949842095375061,-0.13534647226333618,0.44827696681022644,0.6704793572425842,0.09091860800981522,0.4535207748413086,0.6756349205970764,-0.1817024201154709,0.4592236280441284,0.849426805973053,0.09185244888067245,0.45430195331573486,0.8723883032798767,-0.1838117390871048,0.44786518812179565,0.8793362975120544,0.08574838191270828,0.4387575387954712,0.9036194086074829,-0.189229816198349,0.5063274502754211,0.8775278925895691,0.004925074055790901,0.5034618973731995,0.8992366194725037,-0.29546892642974854
romanian deadlift_1400191.jpg,0.5656011700630188,0.27985402941703796,0.2798014283180237,0.5622549653053284,0.26746976375579834,0.29279792308807373,0.5614103078842163,0.26759544014930725,0.2927740812301636,0.560509979724884,0.2677302956581116,0.29271331429481506,0.562354326248169,0.2677687406539917,0.27217036485671997,0.561561644077301,0.2679051160812378,0.27204430103302,0.5605955719947815,0.26812225580215454,0.27186018228530884,0.5539280772209167,0.2768814265727997,0.3286586105823517,0.5504611134529114,0.2765088677406311,0.23623491823673248,0.5624328255653381,0.29498034715652466,0.29330548644065857,0.5615235567092896,0.2951148450374603,0.2661742866039276,0.5241424441337585,0.3734379708766937,0.3549766540527344,0.5426575541496277,0.3219231963157654,0.11879785358905792,0.5237178206443787,0.4825875163078308,0.3328716456890106,0.5201415419578552,0.31208744645118713,-0.00868647638708353,0.539058268070221,0.505132257938385,0.27131888270378113,0.5065205693244934,0.2699025571346283,-0.07786821573972702,0.5378380417823792,0.4998980164527893,0.27590057253837585,0.5073910355567932,0.2502667307853699,-0.09635696560144424,0.5441811680793762,0.4958435595035553,0.26888906955718994,0.5031562447547913,0.2496514916419983,-0.08467738330364227,0.5476776957511902,0.49576565623283386,0.26490727066993713,0.5040817856788635,0.25658711791038513,-0.07536971569061279,0.42929261922836304,0.4862927794456482,0.10401095449924469,0.4404897093772888,0.46954116225242615,-0.10395993292331696,0.44861114025115967,0.677725076675415,0.08592450618743896,0.45612838864326477,0.6703794002532959,-0.13541826605796814,0.45693591237068176,0.8614135980606079,0.07427440583705902,0.45664796233177185,0.8690641522407532,-0.1635538786649704,0.44443565607070923,0.8914893865585327,0.06695814430713654,0.43929243087768555,0.9020940065383911,-0.1710067093372345,0.5074852705001831,0.8836653828620911,-0.014058730565011501,0.510566771030426,0.8972958326339722,-0.2654452323913574
romanian deadlift_1400201.jpg,0.4946618676185608,0.159308522939682,-0.015442762523889542,0.48334190249443054,0.14132390916347504,-0.00196774466894567,0.48227161169052124,0.1407538801431656,-0.001973287668079138,0.4814172089099884,0.14046820998191833,-0.0019846598152071238,0.48289021849632263,0.14254647493362427,-0.02813064120709896,0.48140957951545715,0.14285795390605927,-0.028212519362568855,0.4801003038883209,0.14348773658275604,-0.02827945165336132,0.4706927537918091,0.14807754755020142,0.05731351301074028,0.47260063886642456,0.15769363939762115,-0.05271987244486809,0.49479734897613525,0.1738661825656891,0.007221437990665436,0.49390214681625366,0.17652741074562073,-0.027217132970690727,0.49225276708602905,0.29826268553733826,0.1502930074930191,0.510023832321167,0.3052632212638855,-0.12928271293640137,0.5150765776634216,0.4009772539138794,0.1526198536157608,0.5152918100357056,0.4018556773662567,-0.15627770125865936,0.5171083807945251,0.49899303913116455,0.09563612192869186,0.5229198336601257,0.4918750822544098,-0.1081230416893959,0.5161882638931274,0.5069607496261597,0.09379831701517105,0.5283905863761902,0.5051181316375732,-0.1306208223104477,0.5197849273681641,0.5057737827301025,0.06610231101512909,0.5276477932929993,0.5061715245246887,-0.10467840731143951,0.5223668813705444,0.5053308010101318,0.08034402877092361,0.5262772440910339,0.5000118017196655,-0.10401425510644913,0.42678746581077576,0.4550843834877014,0.10924859344959259,0.4296368956565857,0.4703391492366791,-0.10948909819126129,0.4641067385673523,0.6534439325332642,0.18459942936897278,0.4611240327358246,0.6746461391448975,-0.14260096848011017,0.45796212553977966,0.8535585403442383,0.3487793207168579,0.455982506275177,0.8692707419395447,-0.12452779710292816,0.4450286328792572,0.8890734910964966,0.3612455427646637,0.43839725852012634,0.9036402106285095,-0.1279926747083664,0.5018199682235718,0.8535478115081787,0.29408904910087585,0.5045701265335083,0.8894510865211487,-0.22936731576919556
romanian deadlift_1400211.jpg,0.48448991775512695,0.1425917148590088,-0.05060191825032234,0.47438350319862366,0.1259419471025467,-0.026950014755129814,0.47303658723831177,0.12546710669994354,-0.02699635550379753,0.47168976068496704,0.12491211295127869,-0.02701779641211033,0.4744623303413391,0.12701964378356934,-0.06808385998010635,0.47308486700057983,0.1273525208234787,-0.06814376264810562,0.47160282731056213,0.12759853899478912,-0.06824091076850891,0.45915892720222473,0.13147881627082825,0.06217100843787193,0.4590362310409546,0.13485899567604065,-0.11751339584589005,0.4830433428287506,0.15931151807308197,-0.01596769131720066,0.4827074706554413,0.16063925623893738,-0.06947854161262512,0.4611901640892029,0.25628966093063354,0.17026367783546448,0.47054535150527954,0.2606278657913208,-0.22831369936466217,0.502213716506958,0.3915324807167053,0.18170294165611267,0.4843178987503052,0.37603241205215454,-0.27307769656181335,0.5207072496414185,0.5052555799484253,0.1057811826467514,0.5031089782714844,0.493276983499527,-0.2326086163520813,0.5264648199081421,0.5195680856704712,0.11277807503938675,0.49433574080467224,0.5216531753540039,-0.2729470431804657,0.528300404548645,0.5241111516952515,0.07229375839233398,0.4981493055820465,0.5288316607475281,-0.24350328743457794,0.5278414487838745,0.5203890204429626,0.08478614687919617,0.5003132224082947,0.521706759929657,-0.22218281030654907,0.4010814428329468,0.4501587450504303,0.13070468604564667,0.396333247423172,0.4591999053955078,-0.13044412434101105,0.462562620639801,0.6572444438934326,0.15567274391651154,0.4634666442871094,0.6731733679771423,-0.13768668472766876,0.4564158320426941,0.8553762435913086,0.2444199174642563,0.4556932747364044,0.8706667423248291,-0.08275917172431946,0.4435925781726837,0.8878337144851685,0.24903875589370728,0.4376285672187805,0.9045870304107666,-0.08332612365484238,0.5065794587135315,0.8650287389755249,0.17490312457084656,0.5108911991119385,0.889843761920929,-0.18616856634616852
romanian deadlift_1400221.jpg,0.48095276951789856,0.15084217488765717,-0.04115575551986694,0.47117093205451965,0.13199125230312347,-0.017964893952012062,0.4693360924720764,0.1306609958410263,-0.018033048138022423,0.4675544798374176,0.1292877495288849,-0.018018120899796486,0.4718264043331146,0.13439176976680756,-0.060412026941776276,0.4702743887901306,0.13471339643001556,-0.06043102219700813,0.4685472249984741,0.13493280112743378,-0.06047195941209793,0.4537772834300995,0.13159731030464172,0.06516315042972565,0.45472338795661926,0.13871385157108307,-0.11565650254487991,0.47699910402297974,0.16266046464443207,-0.004055646248161793,0.4767845571041107,0.16543027758598328,-0.0598573163151741,0.4444449841976166,0.22006431221961975,0.1674143522977829,0.4628511369228363,0.2511177361011505,-0.21642813086509705,0.48566123843193054,0.14216260612010956,0.15729732811450958,0.4798385202884674,0.3323518633842468,-0.2852189242839813,0.519809901714325,0.05377111956477165,0.03472980111837387,0.5045086741447449,0.34119531512260437,-0.2554543614387512,0.5262483954429626,0.030715743079781532,0.0090421037748456,0.5043755173683167,0.34730130434036255,-0.2966293394565582,0.5260307788848877,0.024515090510249138,-0.012671896256506443,0.5031465291976929,0.33706092834472656,-0.2915211319923401,0.5263809561729431,0.03643146902322769,0.017028266564011574,0.5020797252655029,0.33567821979522705,-0.25376322865486145,0.40135684609413147,0.4377557635307312,0.14640583097934723,0.40356212854385376,0.4540597200393677,-0.14653286337852478,0.4606403112411499,0.6609876155853271,0.10161903500556946,0.46470773220062256,0.672132134437561,-0.13888631761074066,0.4563129246234894,0.8569877743721008,0.11539141833782196,0.455783486366272,0.871313750743866,-0.12439510226249695,0.43797066807746887,0.8933699727058411,0.11136102676391602,0.437205046415329,0.90602707862854,-0.1292424350976944,0.5087018609046936,0.8715338110923767,0.03756029158830643,0.5167385339736938,0.8913447856903076,-0.22267399728298187
romanian deadlift_1400231.jpg,0.4815520644187927,0.15974770486354828,-0.0234160665422678,0.4730626940727234,0.14000438153743744,-0.007576542906463146,0.4709087610244751,0.13854743540287018,-0.007590198423713446,0.46879053115844727,0.13698391616344452,-0.007482398767024279,0.47426527738571167,0.1412699967622757,-0.051079507917165756,0.47293001413345337,0.14082302153110504,-0.051112040877342224,0.4715229868888855,0.14015896618366241,-0.051161427050828934,0.45366981625556946,0.13961288332939148,0.0692390650510788,0.45780709385871887,0.1425766795873642,-0.13240179419517517,0.47483450174331665,0.17363126575946808,0.008269713260233402,0.47490110993385315,0.17437826097011566,-0.05030722916126251,0.42829421162605286,0.2416984736919403,0.20414668321609497,0.4578040540218353,0.2401135116815567,-0.27015018463134766,0.4272709786891937,0.34037256240844727,0.2409152090549469,0.4664440155029297,0.35943612456321716,-0.32369866967201233,0.4589870870113373,0.3579031527042389,0.14274290204048157,0.4912169873714447,0.45375585556030273,-0.23942764103412628,0.46616044640541077,0.2676324248313904,0.1347743570804596,0.4895041584968567,0.47259122133255005,-0.26881521940231323,0.47297000885009766,0.3020140826702118,0.09982491284608841,0.494815468788147,0.46941137313842773,-0.25350937247276306,0.47101548314094543,0.34115880727767944,0.11971870809793472,0.49091556668281555,0.46082359552383423,-0.23116649687290192,0.4117017984390259,0.46761271357536316,0.15689073503017426,0.43018054962158203,0.4782034456729889,-0.15689198672771454,0.46019914746284485,0.6621991991996765,0.1425747573375702,0.4651567339897156,0.673529326915741,-0.13522657752037048,0.45360371470451355,0.8610251545906067,0.22667521238327026,0.4552764594554901,0.8766784071922302,-0.1084306538105011,0.43530142307281494,0.8964197039604187,0.2288641482591629,0.4376521706581116,0.9105429649353027,-0.11381637305021286,0.5085166096687317,0.8747541904449463,0.16408057510852814,0.5210191607475281,0.892598569393158,-0.22443434596061707
romanian deadlift_1400241.jpg,0.47764548659324646,0.15706510841846466,0.03029528446495533,0.4690437912940979,0.1350376456975937,0.04248145967721939,0.4671289622783661,0.13433332741260529,0.042463306337594986,0.46517708897590637,0.13362282514572144,0.042503129690885544,0.47060203552246094,0.1356208622455597,-0.004335552453994751,0.46972981095314026,0.13528653979301453,-0.004415040370076895,0.4688612222671509,0.13486887514591217,-0.0045847585424780846,0.45250603556632996,0.13912276923656464,0.09612956643104553,0.45677974820137024,0.14048244059085846,-0.1312355399131775,0.4724763333797455,0.17268751561641693,0.05410047993063927,0.47315704822540283,0.17345210909843445,-0.006540196947753429,0.4246697723865509,0.23872245848178864,0.2233916074037552,0.454529732465744,0.23499950766563416,-0.25677478313446045,0.42143693566322327,0.3624006509780884,0.27022239565849304,0.46433714032173157,0.35977163910865784,-0.29804888367652893,0.4518220126628876,0.4272642731666565,0.21816088259220123,0.4825935363769531,0.4548018276691437,-0.22076310217380524,0.4576157331466675,0.4102432131767273,0.22284676134586334,0.4800008535385132,0.4776213765144348,-0.22379785776138306,0.4646288752555847,0.42363786697387695,0.19517077505588531,0.48564979434013367,0.475374698638916,-0.21850210428237915,0.4632319211959839,0.4314074218273163,0.20027805864810944,0.48211684823036194,0.4654594957828522,-0.21308963000774384,0.4160318672657013,0.47703391313552856,0.15720343589782715,0.43801355361938477,0.48752275109291077,-0.15725313127040863,0.45910197496414185,0.6698455810546875,0.14648935198783875,0.4655992388725281,0.6746672987937927,-0.12740685045719147,0.4531041979789734,0.862920880317688,0.1909322589635849,0.4552055597305298,0.8781157732009888,-0.1007937341928482,0.43562108278274536,0.8988707065582275,0.18808740377426147,0.43995773792266846,0.9106923341751099,-0.10575762391090393,0.5102535486221313,0.8753555417060852,0.12397611886262894,0.5224844813346863,0.8935025334358215,-0.2091955989599228
romanian deadlift_1400251.jpg,0.4960978925228119,0.16318906843662262,0.08150510489940643,0.4886161684989929,0.1429797261953354,0.08972510695457458,0.48674753308296204,0.14197751879692078,0.08971960842609406,0.4847097098827362,0.14083139598369598,0.08976034820079803,0.48990729451179504,0.14393170177936554,0.04503772035241127,0.4889846742153168,0.14365410804748535,0.04497719556093216,0.4879505932331085,0.14317302405834198,0.044781338423490524,0.47178947925567627,0.14403732120990753,0.1232178658246994,0.4760339558124542,0.14599201083183289,-0.08122953027486801,0.49071648716926575,0.17664100229740143,0.09826729446649551,0.4913579225540161,0.17769131064414978,0.04066023603081703,0.43132302165031433,0.24301749467849731,0.23770572245121002,0.47092464566230774,0.23793064057826996,-0.24100494384765625,0.4274684190750122,0.3679552674293518,0.2812812030315399,0.47300106287002563,0.36980560421943665,-0.258961021900177,0.46053311228752136,0.44444456696510315,0.2517654001712799,0.4848080575466156,0.4694386422634125,-0.13995638489723206,0.4604373872280121,0.4436488747596741,0.2630980908870697,0.48195505142211914,0.4939320385456085,-0.15174205601215363,0.46735864877700806,0.45105060935020447,0.23777040839195251,0.48583757877349854,0.4924415051937103,-0.1469607949256897,0.4663333296775818,0.4552192687988281,0.23625235259532928,0.47988441586494446,0.48723530769348145,-0.13408419489860535,0.4169282019138336,0.4825141429901123,0.15456953644752502,0.4446192681789398,0.4887356162071228,-0.15463487803936005,0.4565208852291107,0.6727719902992249,0.10841026157140732,0.46282148361206055,0.674781858921051,-0.12005975097417831,0.451896071434021,0.8712921142578125,0.11401878297328949,0.45529648661613464,0.880847692489624,-0.11953581124544144,0.43572235107421875,0.9041846394538879,0.1080997884273529,0.4418269395828247,0.911182165145874,-0.12689238786697388,0.5092083215713501,0.8769477009773254,0.04273699223995209,0.5223984718322754,0.8937608599662781,-0.2246706783771515
romanian deadlift_1400261.jpg,0.5361441373825073,0.19676735997200012,-0.04099225625395775,0.5320634841918945,0.17761969566345215,-0.025713535025715828,0.530286431312561,0.1766779124736786,-0.025757184252142906,0.5281191468238831,0.17564794421195984,-0.02570909820497036,0.5318214297294617,0.17888414859771729,-0.07030284404754639,0.5302425622940063,0.17880666255950928,-0.07033483684062958,0.5284500122070312,0.1785583645105362,-0.07042385637760162,0.5119149684906006,0.1796884387731552,0.04624957963824272,0.5135091543197632,0.18242710828781128,-0.1529083102941513,0.5267084836959839,0.2092723846435547,-0.009540298953652382,0.5261746048927307,0.21047581732273102,-0.06732171028852463,0.450088232755661,0.27320346236228943,0.19568456709384918,0.48587360978126526,0.2723396122455597,-0.27239498496055603,0.4405299425125122,0.3904157876968384,0.22640474140644073,0.47875672578811646,0.37766534090042114,-0.30188703536987305,0.4672176241874695,0.4916875958442688,0.16987453401088715,0.4864298701286316,0.4949342906475067,-0.23191359639167786,0.46680864691734314,0.5119680762290955,0.1824117749929428,0.4862484633922577,0.5284094214439392,-0.26172953844070435,0.4694778323173523,0.5165454149246216,0.1506912261247635,0.49211135506629944,0.5265974402427673,-0.25079792737960815,0.4674529433250427,0.5091027021408081,0.15207675099372864,0.493657648563385,0.518622100353241,-0.22565791010856628,0.4272250533103943,0.4976066052913666,0.15258055925369263,0.4420205056667328,0.4890294671058655,-0.15274834632873535,0.4452020823955536,0.6728114485740662,0.08920037001371384,0.4505540430545807,0.6751747131347656,-0.12314597517251968,0.4516475796699524,0.8693571090698242,0.10523394495248795,0.45595234632492065,0.8797567486763,-0.11927900463342667,0.43627482652664185,0.9030508995056152,0.10034433752298355,0.4425146281719208,0.9106806516647339,-0.12740275263786316,0.5088207721710205,0.8770520687103271,0.02617756836116314,0.5206259489059448,0.8941064476966858,-0.2331862449645996
romanian deadlift_1400271.jpg,0.5604067444801331,0.2884874641895294,0.006508713122457266,0.5560916066169739,0.2686013877391815,0.0027076893020421267,0.5540081858634949,0.26745885610580444,0.002678673481568694,0.5517441034317017,0.26638248562812805,0.002786707365885377,0.5582920908927917,0.26917070150375366,-0.02851223573088646,0.5578019022941589,0.2684769928455353,-0.02853314019739628,0.557186484336853,0.26788708567619324,-0.02870209887623787,0.5370391607284546,0.268145889043808,0.04106474295258522,0.5456863641738892,0.2689549922943115,-0.1341637670993805,0.5507894158363342,0.29976627230644226,0.009318833239376545,0.5525729060173035,0.3012649416923523,-0.029204966500401497,0.4596579670906067,0.34616410732269287,0.12948325276374817,0.5186566710472107,0.33330273628234863,-0.255755215883255,0.43425169587135315,0.4421135485172272,0.14971822500228882,0.494447261095047,0.4655578136444092,-0.22036994993686676,0.46059975028038025,0.53899085521698,0.12081290036439896,0.49523961544036865,0.5604928731918335,-0.09203551709651947,0.464297354221344,0.562890887260437,0.12650014460086823,0.498848557472229,0.5818426609039307,-0.10507207363843918,0.4708680808544159,0.5678833723068237,0.10579201579093933,0.4994148313999176,0.5859358310699463,-0.09742532670497894,0.46948379278182983,0.5595260262489319,0.10845823585987091,0.5010035634040833,0.5735859274864197,-0.08552849292755127,0.4310806393623352,0.5535481572151184,0.13544203341007233,0.45729860663414,0.5479257702827454,-0.13562506437301636,0.4457951486110687,0.6832621097564697,0.16966088116168976,0.45271360874176025,0.6945585608482361,-0.014437194913625717,0.4520111382007599,0.8642801642417908,0.2807641923427582,0.4584330916404724,0.8806198239326477,0.07757614552974701,0.4367451071739197,0.9018365740776062,0.2883206009864807,0.4442380964756012,0.9106997847557068,0.08219096809625626,0.5084015727043152,0.8668286800384521,0.24530284106731415,0.5240894556045532,0.892627477645874,0.00867733359336853
romanian deadlift_1400281.jpg,0.5676528215408325,0.3914410471916199,0.10012267529964447,0.5675599575042725,0.3669440746307373,0.10007081180810928,0.5656892657279968,0.36448588967323303,0.10003890097141266,0.563642144203186,0.3621865212917328,0.1001075878739357,0.5702939629554749,0.3683875501155853,0.0641237124800682,0.5702000260353088,0.3671431541442871,0.06409543752670288,0.5699678063392639,0.3660922944545746,0.0639054998755455,0.5496852397918701,0.35678359866142273,0.06909642368555069,0.5585973262786865,0.3618021607398987,-0.08701947331428528,0.557811439037323,0.397540420293808,0.09639792889356613,0.5596536993980408,0.39799416065216064,0.050215352326631546,0.43290242552757263,0.4275195598602295,0.12763556838035583,0.522591233253479,0.4150872230529785,-0.20131158828735352,0.4180561900138855,0.570554256439209,0.14444810152053833,0.5067619681358337,0.5682882070541382,-0.19226983189582825,0.418912410736084,0.7185656428337097,0.14551465213298798,0.5016523599624634,0.6806760430335999,-0.08613043278455734,0.41799452900886536,0.7535765767097473,0.16748173534870148,0.505868673324585,0.7328468561172485,-0.09194228053092957,0.42039954662323,0.7600094079971313,0.16548462212085724,0.5089679956436157,0.7321454286575317,-0.08306728303432465,0.42036667466163635,0.7476003170013428,0.1492997109889984,0.5065839290618896,0.7228170037269592,-0.07888351380825043,0.4191741645336151,0.6304808855056763,0.12186866253614426,0.465860515832901,0.6352982521057129,-0.12253106385469437,0.4555169641971588,0.7265111207962036,0.3493819534778595,0.528825044631958,0.7429810166358948,0.012168197892606258,0.46891918778419495,0.8506487607955933,0.3092561960220337,0.49814373254776,0.8805299401283264,0.03165893629193306,0.4431314170360565,0.8808735609054565,0.3042675852775574,0.45980918407440186,0.9015986323356628,0.024058759212493896,0.508375883102417,0.8682501912117004,0.28151217103004456,0.5332591533660889,0.920788049697876,-0.0657358393073082
romanian deadlift_1400291.jpg,0.5683075785636902,0.4448607861995697,-0.1283908486366272,0.566818118095398,0.42172712087631226,-0.14153647422790527,0.5642503499984741,0.41884252429008484,-0.14157678186893463,0.5620014071464539,0.41653943061828613,-0.1415717601776123,0.5693665146827698,0.4244357943534851,-0.1703772246837616,0.569078266620636,0.42334985733032227,-0.17051158845424652,0.5684787034988403,0.42262306809425354,-0.17075470089912415,0.5511656999588013,0.41124656796455383,-0.16996648907661438,0.557257354259491,0.4174998700618744,-0.29881641268730164,0.5594297647476196,0.449836403131485,-0.12761856615543365,0.5608300566673279,0.4504108726978302,-0.16492047905921936,0.44196590781211853,0.4569976329803467,-0.11984085291624069,0.543075680732727,0.5004057288169861,-0.33341166377067566,0.4182021915912628,0.5772838592529297,-0.09210631251335144,0.509650468826294,0.6121352910995483,-0.32258498668670654,0.43725261092185974,0.6989709734916687,-0.10147849470376968,0.5094261765480042,0.7037609219551086,-0.28688716888427734,0.4391152262687683,0.7209113240242004,-0.10681724548339844,0.5113458037376404,0.7228293418884277,-0.3137069046497345,0.44375088810920715,0.7300658226013184,-0.1246415227651596,0.5138576030731201,0.7163763046264648,-0.3124919533729553,0.44322967529296875,0.7240018248558044,-0.10958204418420792,0.5119869709014893,0.709342896938324,-0.2858426868915558,0.4370379149913788,0.6391072869300842,0.09370198845863342,0.48910611867904663,0.6724861860275269,-0.09403694421052933,0.4576604962348938,0.732273280620575,0.33009979128837585,0.5036830306053162,0.7625572085380554,0.14329451322555542,0.45323535799980164,0.8343855142593384,0.491050660610199,0.4878510534763336,0.8720793128013611,0.29845675826072693,0.4420924484729767,0.8542817234992981,0.5076525807380676,0.4567539095878601,0.8904082179069519,0.31516656279563904,0.4735434353351593,0.8494523763656616,0.4937379062175751,0.5106361508369446,0.8799249529838562,0.2835654020309448
romanian deadlift_1400301.jpg,,,,,,,,,,,,,,,,,,,,,,,,,,,,,,,,,,,,,,,,,,,,,,,,,,,,,,,,,,,,,,,,,,,,,,,,,,,,,,,,,,,,,,,,,,,,,,,,,,,
romanian deadlift_1400311.jpg,0.5824283361434937,0.4063147306442261,0.06056220829486847,0.5781044363975525,0.3891121447086334,0.0754266157746315,0.5769736766815186,0.3884795010089874,0.0753197968006134,0.5756902694702148,0.38773518800735474,0.07521957904100418,0.5770034790039062,0.38902994990348816,0.038066089153289795,0.5753458142280579,0.38852381706237793,0.03800615295767784,0.5735687017440796,0.3879924416542053,0.03790753707289696,0.562292754650116,0.3873738944530487,0.12853087484836578,0.5595863461494446,0.38879457116127014,-0.037347450852394104,0.5748245716094971,0.4190470278263092,0.08435911685228348,0.5733518600463867,0.4180733859539032,0.03603312000632286,0.5102725028991699,0.4301943778991699,0.22975152730941772,0.5361770391464233,0.4578113257884979,-0.164985790848732,0.4758557975292206,0.529315173625946,0.244810089468956,0.5152336955070496,0.5820959806442261,-0.1677583009004593,0.46527889370918274,0.62327641248703,0.1818944662809372,0.4948638081550598,0.6963005065917969,-0.06357236206531525,0.46102267503738403,0.6429727077484131,0.18738433718681335,0.4857371151447296,0.7169260382652283,-0.08709310740232468,0.4613734781742096,0.6464477181434631,0.16250310838222504,0.48785141110420227,0.7208123207092285,-0.0709458738565445,0.46404802799224854,0.6398086547851562,0.16771888732910156,0.49083539843559265,0.7101842164993286,-0.05533192679286003,0.40223804116249084,0.5388659238815308,0.13274657726287842,0.4112096428871155,0.5606095194816589,-0.1326044648885727,0.45406392216682434,0.6682198643684387,0.2291320264339447,0.4632870554924011,0.6906276345252991,-0.0614396370947361,0.43824344873428345,0.8219509720802307,0.3698960542678833,0.45111340284347534,0.8742550611495972,0.032266758382320404,0.42348363995552063,0.8472198247909546,0.3823634684085846,0.43208977580070496,0.9067497849464417,0.03905583545565605,0.478572815656662,0.859403133392334,0.34378278255462646,0.48940593004226685,0.8999442458152771,-0.031132230535149574
romanian deadlift_1400321.jpg,0.5653092861175537,0.24615409970283508,0.08187010884284973,0.5601485967636108,0.23508228361606598,0.10371682792901993,0.5598745346069336,0.2350877970457077,0.10366752743721008,0.559516966342926,0.23511852324008942,0.10363532602787018,0.5575569272041321,0.23534101247787476,0.06239990517497063,0.5554425716400146,0.2355714738368988,0.06234520673751831,0.5531741976737976,0.2357543557882309,0.06220253184437752,0.5497936606407166,0.24373078346252441,0.18710659444332123,0.5409706830978394,0.24341322481632233,0.0024235951714217663,0.5629587173461914,0.2614589333534241,0.11438523977994919,0.5590259432792664,0.2627781629562378,0.06080241873860359,0.5118812918663025,0.32712480425834656,0.29166123270988464,0.5229477286338806,0.3249729871749878,-0.13601544499397278,0.49421006441116333,0.44029930233955383,0.2970890700817108,0.5112508535385132,0.4348124563694,-0.18254373967647552,0.480256050825119,0.5507797598838806,0.21717245876789093,0.49483802914619446,0.5506876111030579,-0.1307510882616043,0.47440388798713684,0.5649549961090088,0.22010082006454468,0.4856429994106293,0.5695565938949585,-0.15986067056655884,0.47393277287483215,0.5657479166984558,0.19457034766674042,0.4881683886051178,0.5755887031555176,-0.13575677573680878,0.4779583513736725,0.5597397089004517,0.20105639100074768,0.4908624589443207,0.5641524195671082,-0.1204041913151741,0.40876683592796326,0.4832097887992859,0.13195745646953583,0.41188880801200867,0.4787347912788391,-0.13175716996192932,0.45001667737960815,0.6745964288711548,0.09139736741781235,0.4517004191875458,0.6750000715255737,-0.18152204155921936,0.45199793577194214,0.8543455600738525,0.12747041881084442,0.45455485582351685,0.8695284724235535,-0.1719730794429779,0.4429888427257538,0.8870251774787903,0.127667635679245,0.4410206377506256,0.9042088985443115,-0.1740233302116394,0.5016248822212219,0.8787193894386292,0.042713720351457596,0.5097755193710327,0.8982742428779602,-0.273546427488327
romanian deadlift_200001.jpg,0.5691521167755127,0.23908279836177826,-0.07272984087467194,0.5631053447723389,0.22106300294399261,-0.046066444367170334,0.5613978505134583,0.22027181088924408,-0.04616736248135567,0.5601890683174133,0.21920494735240936,-0.046268362551927567,0.5625589489936829,0.219031423330307,-0.08071146160364151,0.560754120349884,0.21717678010463715,-0.08075889199972153,0.5585041642189026,0.2151709944009781,-0.0807998925447464,0.5522385239601135,0.2119998037815094,0.07781409472227097,0.5422940850257874,0.20989441871643066,-0.0720810815691948,0.5626652240753174,0.2534016966819763,-0.02524622716009617,0.5580263137817383,0.2504417300224304,-0.06861361861228943,0.524023175239563,0.3155902326107025,0.21503157913684845,0.5016002655029297,0.2856653928756714,-0.15747065842151642,0.5189907550811768,0.42530328035354614,0.19726386666297913,0.4888428747653961,0.44180428981781006,-0.18529799580574036,0.5157893300056458,0.5082740187644958,0.023450570181012154,0.501610279083252,0.5283318161964417,-0.142032191157341,0.5194262266159058,0.532667338848114,5.2494637202471495e-05,0.5045657753944397,0.5616146326065063,-0.17391660809516907,0.5244762897491455,0.5245206356048584,-0.025832176208496094,0.5100703835487366,0.5528659820556641,-0.17572906613349915,0.5228905081748962,0.5170596837997437,0.0046324217692017555,0.5059199929237366,0.5360420942306519,-0.14128579199314117,0.43202170729637146,0.4861104190349579,0.11535367369651794,0.41177281737327576,0.4772833585739136,-0.11513669043779373,0.47058090567588806,0.6816797852516174,0.0048239752650260925,0.4727569818496704,0.6759092807769775,-0.2002112865447998,0.46690452098846436,0.8818604946136475,0.01464866567403078,0.47284942865371704,0.8925590515136719,-0.14154700934886932,0.4615486264228821,0.9098325967788696,0.009927344508469105,0.45426908135414124,0.9030147790908813,-0.1372615545988083,0.4953807592391968,0.9309624433517456,-0.10163407027721405,0.5163355469703674,0.9273905158042908,-0.22748588025569916
romanian deadlift_200011.jpg,0.5473296046257019,0.21365512907505035,-0.1005411446094513,0.5437445044517517,0.19696204364299774,-0.0731271430850029,0.5435934662818909,0.19672811031341553,-0.07320176810026169,0.5432849526405334,0.19644802808761597,-0.07330155372619629,0.5394271016120911,0.19614094495773315,-0.10858584940433502,0.5363244414329529,0.19545963406562805,-0.10865496844053268,0.5327702164649963,0.19470344483852386,-0.10875138640403748,0.5279264450073242,0.1987450271844864,0.04659338667988777,0.5135310292243958,0.19815553724765778,-0.10956408083438873,0.5425255298614502,0.2305835485458374,-0.05455654114484787,0.5360735058784485,0.22948336601257324,-0.10006299614906311,0.5213786959648132,0.31611335277557373,0.19944383203983307,0.4958101511001587,0.30198144912719727,-0.20815126597881317,0.511545717716217,0.44100362062454224,0.22767598927021027,0.48554033041000366,0.4212413728237152,-0.25719302892684937,0.5126115083694458,0.5454173684120178,0.11911831051111221,0.5017846822738647,0.5430600643157959,-0.2469581812620163,0.5148957371711731,0.5718839168548584,0.11414751410484314,0.5026681423187256,0.5745736956596375,-0.2851322591304779,0.5171278715133667,0.5723194479942322,0.01618065871298313,0.5074018239974976,0.5754377841949463,-0.27609682083129883,0.5135506391525269,0.5624106526374817,0.07245144248008728,0.5066527128219604,0.5638625025749207,-0.24307100474834442,0.43889057636260986,0.4990295469760895,0.1282195895910263,0.4146846532821655,0.49802929162979126,-0.12801851332187653,0.4805227816104889,0.6812102794647217,0.11891303211450577,0.4762343168258667,0.6918535232543945,-0.23247358202934265,0.4823697805404663,0.8741637468338013,0.20573356747627258,0.48161745071411133,0.927829384803772,-0.2383650839328766,0.47501468658447266,0.9213675856590271,0.20976822078227997,0.4691665768623352,0.9625015258789062,-0.2439316064119339,0.5349546670913696,0.9458351731300354,0.12818466126918793,0.5382327437400818,0.9557661414146423,-0.3641727864742279
romanian deadlift_200021.jpg,0.5489274859428406,0.2173762023448944,-0.14900311827659607,0.5457960963249207,0.19968724250793457,-0.12094943225383759,0.5456291437149048,0.1992892622947693,-0.12102165073156357,0.5452004075050354,0.19876129925251007,-0.12109335511922836,0.5416184663772583,0.1991044133901596,-0.15972235798835754,0.5384000539779663,0.19828855991363525,-0.15980985760688782,0.5345376133918762,0.19717085361480713,-0.15989790856838226,0.5288304686546326,0.19989481568336487,0.00725268991664052,0.5139797329902649,0.1985849142074585,-0.16441740095615387,0.5437682271003723,0.23529402911663055,-0.0994991883635521,0.5370610356330872,0.2323552668094635,-0.1492338627576828,0.5220580101013184,0.3148258626461029,0.15975429117679596,0.4842669665813446,0.28249797224998474,-0.24284116923809052,0.5186388492584229,0.4289875030517578,0.20046570897102356,0.4815762937068939,0.41630592942237854,-0.2707788646221161,0.5128858685493469,0.549846351146698,0.0799635797739029,0.5014501810073853,0.5349374413490295,-0.24063043296337128,0.5161029696464539,0.5804764032363892,0.066615030169487,0.5008829832077026,0.5618676543235779,-0.2763115167617798,0.5185564756393433,0.5830573439598083,0.02423405833542347,0.5067840218544006,0.5610844492912292,-0.2781677842140198,0.5143770575523376,0.5712099075317383,0.05565063655376434,0.5067724585533142,0.5552281141281128,-0.23984719812870026,0.45356518030166626,0.5014587044715881,0.12889891862869263,0.4354080855846405,0.5101093649864197,-0.12873797118663788,0.47605034708976746,0.7215993404388428,0.08341244608163834,0.47533753514289856,0.7260211706161499,-0.17274832725524902,0.48611578345298767,0.9235489964485168,0.1401960700750351,0.48372992873191833,0.9390410780906677,-0.1394815295934677,0.4775811731815338,0.9585114121437073,0.13839848339557648,0.4740176498889923,0.9720667600631714,-0.14413030445575714,0.5467327833175659,0.9618901610374451,0.02734435349702835,0.5442401170730591,0.9671401977539062,-0.2744925320148468
romanian deadlift_200031.jpg,0.5542626976966858,0.23010720312595367,-0.052288830280303955,0.5471721887588501,0.21389274299144745,-0.031549450010061264,0.5483376383781433,0.21409238874912262,-0.03164887800812721,0.5491179823875427,0.21412336826324463,-0.03175251930952072,0.545886218547821,0.21080689132213593,-0.06843068450689316,0.5444165468215942,0.2089489996433258,-0.06849871575832367,0.5424264669418335,0.2067308872938156,-0.06859271973371506,0.5322551131248474,0.21251587569713593,0.07234522700309753,0.5254381895065308,0.2049621194601059,-0.11220899224281311,0.5497851967811584,0.2469697743654251,-0.021266017109155655,0.5451164841651917,0.2431783229112625,-0.06503577530384064,0.5292310118675232,0.3204406797885895,0.2390715628862381,0.4903644621372223,0.2678126096725464,-0.2115735411643982,0.5197003483772278,0.4364660978317261,0.27444684505462646,0.4632135033607483,0.39509835839271545,-0.3033856451511383,0.506261944770813,0.5557822585105896,0.13383835554122925,0.49493467807769775,0.4410853385925293,-0.35285139083862305,0.5053187608718872,0.590386152267456,0.08461394160985947,0.497769296169281,0.4708283245563507,-0.3972354531288147,0.5082011818885803,0.5903749465942383,0.0622965469956398,0.5040751695632935,0.47307342290878296,-0.39015284180641174,0.5059833526611328,0.5766361951828003,0.10258719325065613,0.5046489238739014,0.4562174081802368,-0.3500085175037384,0.45680463314056396,0.5150283575057983,0.14223286509513855,0.44260135293006897,0.510620653629303,-0.14209607243537903,0.47602298855781555,0.7215544581413269,0.10641445219516754,0.478564590215683,0.7258063554763794,-0.1664065420627594,0.4834807813167572,0.9295567870140076,0.16004186868667603,0.4836978018283844,0.9419503211975098,-0.15919822454452515,0.4746619164943695,0.9632144570350647,0.1575385481119156,0.4746707081794739,0.9734748005867004,-0.16818086802959442,0.5440593957901001,0.9565953016281128,0.05740060284733772,0.5465081930160522,0.9677339196205139,-0.3050038516521454
romanian deadlift_200041.jpg,0.5905458331108093,0.2690795958042145,-0.05294720083475113,0.5940571427345276,0.2528226971626282,-0.034109022468328476,0.5941305756568909,0.252500057220459,-0.03419409319758415,0.5939478278160095,0.25195103883743286,-0.03423391655087471,0.5908799767494202,0.2501254677772522,-0.08024195581674576,0.588604748249054,0.24794869124889374,-0.08030052483081818,0.585859477519989,0.2451789826154709,-0.08042401820421219,0.5740076899528503,0.24417775869369507,0.05810870975255966,0.5686430335044861,0.23738841712474823,-0.15236034989356995,0.576664924621582,0.28203728795051575,-0.015591036528348923,0.5733014941215515,0.27917852997779846,-0.075088270008564,0.53229159116745,0.3320775032043457,0.20756496489048004,0.4962659776210785,0.29307255148887634,-0.25967520475387573,0.5132837295532227,0.4442967176437378,0.26426827907562256,0.4720149040222168,0.4220101535320282,-0.3045288920402527,0.5129839181900024,0.5481945276260376,0.17893095314502716,0.4957468807697296,0.5265088677406311,-0.26242098212242126,0.5127784013748169,0.5825622081756592,0.17491383850574493,0.49682432413101196,0.5583250522613525,-0.293580561876297,0.5169890522956848,0.5805607438087463,0.14714227616786957,0.502722442150116,0.5606876015663147,-0.2869022786617279,0.5152334570884705,0.5673336982727051,0.15939050912857056,0.5034577250480652,0.5465013980865479,-0.2571132779121399,0.459073543548584,0.5306112766265869,0.14222142100334167,0.44530409574508667,0.513834536075592,-0.14203952252864838,0.48765304684638977,0.7219914793968201,0.0847620815038681,0.48583221435546875,0.722615122795105,-0.1587149053812027,0.4858534634113312,0.9207440614700317,0.11771299690008163,0.4837612211704254,0.9380693435668945,-0.17047904431819916,0.47503936290740967,0.9539844989776611,0.11410769075155258,0.4722001850605011,0.9676513671875,-0.18047168850898743,0.5466151833534241,0.9522342085838318,0.035115040838718414,0.5489212274551392,0.9634344577789307,-0.3015160858631134
romanian deadlift_200051.jpg,0.6131505370140076,0.32793956995010376,-0.11448155343532562,0.6194785237312317,0.3123592734336853,-0.09802687913179398,0.6192790269851685,0.3117809593677521,-0.0980784147977829,0.6189824938774109,0.31095317006111145,-0.09807904809713364,0.6175547242164612,0.3093913793563843,-0.14703544974327087,0.6158823370933533,0.3065202534198761,-0.1470898687839508,0.6141040325164795,0.30317285656929016,-0.1471867561340332,0.6026899218559265,0.2911706864833832,-0.017788685858249664,0.5989646911621094,0.2836213707923889,-0.23845401406288147,0.6022971272468567,0.33393174409866333,-0.07897030562162399,0.5995155572891235,0.32951825857162476,-0.14329832792282104,0.532098114490509,0.3431525230407715,0.12969782948493958,0.5259512662887573,0.29640766978263855,-0.33332210779190063,0.4978984594345093,0.45836499333381653,0.17955222725868225,0.4906691908836365,0.4683724641799927,-0.3709489107131958,0.497660756111145,0.5793636441230774,0.14440526068210602,0.5034756064414978,0.6196635961532593,-0.32690227031707764,0.49671968817710876,0.6097313165664673,0.15856483578681946,0.5027461647987366,0.6528552770614624,-0.363343209028244,0.5094329118728638,0.6140159368515015,0.12788385152816772,0.5117440819740295,0.649401843547821,-0.34713515639305115,0.5085121989250183,0.6032267808914185,0.128207266330719,0.5113044381141663,0.6365883946418762,-0.31849971413612366,0.45092713832855225,0.54522705078125,0.14749358594417572,0.4449045956134796,0.5422574877738953,-0.14743384718894958,0.4889592230319977,0.7189485430717468,0.20779269933700562,0.49082881212234497,0.723630428314209,-0.12555760145187378,0.4847453236579895,0.9167950749397278,0.3325464427471161,0.4847031235694885,0.9400309324264526,-0.08785193413496017,0.4726718068122864,0.9500545859336853,0.33983659744262695,0.47202104330062866,0.9675809144973755,-0.09315783530473709,0.5433056354522705,0.9485533237457275,0.2953488230705261,0.5486791729927063,0.9614033102989197,-0.19445045292377472
romanian deadlift_200061.jpg,0.6244681477546692,0.3956916332244873,-0.1779063493013382,0.6331776976585388,0.38093799352645874,-0.16263215243816376,0.6327979564666748,0.37980854511260986,-0.162682443857193,0.6322491765022278,0.3783462941646576,-0.16269609332084656,0.6322107315063477,0.3778950273990631,-0.2116655856370926,0.6312006115913391,0.37487170100212097,-0.2117244452238083,0.6300141215324402,0.37170109152793884,-0.21183577179908752,0.6190349459648132,0.3572538495063782,-0.08520687371492386,0.6179561614990234,0.35400497913360596,-0.30633068084716797,0.6120412349700928,0.39934659004211426,-0.14242631196975708,0.6107532978057861,0.3958239257335663,-0.2071344554424286,0.540950357913971,0.37939563393592834,0.06430785357952118,0.5437190532684326,0.3753140866756439,-0.39262062311172485,0.5008107423782349,0.5190191268920898,0.1132829412817955,0.5065907835960388,0.5236372947692871,-0.43035754561424255,0.4966546297073364,0.6507682204246521,0.09040632843971252,0.508548378944397,0.6747817397117615,-0.3849956691265106,0.4980190396308899,0.6832621693611145,0.10759872943162918,0.5062275528907776,0.7124173641204834,-0.4251008927822113,0.5074853301048279,0.6936408281326294,0.07378695160150528,0.5154160261154175,0.7145698666572571,-0.40753304958343506,0.5063788294792175,0.6829707026481628,0.07409951090812683,0.5145571231842041,0.7014583349227905,-0.3766404986381531,0.44749635457992554,0.5721740126609802,0.1468329280614853,0.44762513041496277,0.5736610293388367,-0.14688749611377716,0.48730236291885376,0.7339335083961487,0.27417707443237305,0.4905487895011902,0.7313991189002991,-0.08963057398796082,0.4876419007778168,0.9227817058563232,0.4655205011367798,0.4850842356681824,0.9422805905342102,-0.008082490414381027,0.477044939994812,0.9522759318351746,0.4804774820804596,0.4741345942020416,0.968329131603241,-0.007008769549429417,0.5400841236114502,0.9512941241264343,0.4394914209842682,0.5494445562362671,0.963053286075592,-0.10324399173259735
romanian deadlift_200071.jpg,0.6298201680183411,0.45447131991386414,-0.19330483675003052,0.6422779560089111,0.4432023763656616,-0.1826966553926468,0.6419529318809509,0.44121167063713074,-0.18272654712200165,0.641582190990448,0.43881362676620483,-0.18271321058273315,0.6423682570457458,0.44249457120895386,-0.23042066395282745,0.6421484351158142,0.4402867555618286,-0.23053035140037537,0.6419260501861572,0.4377419650554657,-0.23066346347332,0.633127748966217,0.41579359769821167,-0.11270932108163834,0.6334339380264282,0.41568636894226074,-0.3289608657360077,0.6155812740325928,0.45063477754592896,-0.15871527791023254,0.6155747771263123,0.44951164722442627,-0.22203442454338074,0.5675904750823975,0.4077949523925781,0.030802039429545403,0.5523669123649597,0.41962653398513794,-0.4028416574001312,0.5133365988731384,0.5405120253562927,0.08139599114656448,0.5163001418113708,0.5568907260894775,-0.4462376832962036,0.5015974640846252,0.6706549525260925,0.04541509971022606,0.5085664987564087,0.7006930112838745,-0.41829630732536316,0.5009497404098511,0.7077284455299377,0.059832461178302765,0.5050293803215027,0.7396719455718994,-0.46110209822654724,0.5218614935874939,0.7206792831420898,0.022881178185343742,0.5134714245796204,0.7418748736381531,-0.4431259036064148,0.5059990286827087,0.7027214765548706,0.02762458845973015,0.5136338472366333,0.7305599451065063,-0.40989840030670166,0.47191688418388367,0.6087859869003296,0.13914938271045685,0.453586608171463,0.5996721386909485,-0.13929814100265503,0.48437947034835815,0.745219349861145,0.22292804718017578,0.4879378080368042,0.7263105511665344,-0.09353829175233841,0.48798322677612305,0.9362223148345947,0.38208070397377014,0.49376997351646423,0.9187180399894714,-0.012196125462651253,0.47784531116485596,0.9625217914581299,0.39285808801651,0.4861105680465698,0.9666616916656494,-0.008346457034349442,0.5369987487792969,0.9558168053627014,0.3331684172153473,0.5454076528549194,0.9565195441246033,-0.10135472565889359
romanian deadlift_200081.jpg,0.6301454901695251,0.5001773238182068,-0.12846454977989197,0.6428293585777283,0.48983362317085266,-0.11521448194980621,0.6428377032279968,0.48771488666534424,-0.11525119841098785,0.642825186252594,0.48508793115615845,-0.1152392104268074,0.6425435543060303,0.4886039197444916,-0.16009961068630219,0.6423015594482422,0.48592886328697205,-0.16018904745578766,0.6420623064041138,0.482896089553833,-0.1602807193994522,0.6349063515663147,0.4582933783531189,-0.04747026041150093,0.6346716284751892,0.45960167050361633,-0.25097906589508057,0.6184448003768921,0.4961303770542145,-0.09633607417345047,0.6175674796104431,0.49483248591423035,-0.15586082637310028,0.5613170862197876,0.44445839524269104,0.07659687101840973,0.558838427066803,0.45664143562316895,-0.33467885851860046,0.5116953253746033,0.5667223930358887,0.10087821632623672,0.5156105160713196,0.5869783163070679,-0.3847567141056061,0.5002670884132385,0.6845928430557251,0.0569949746131897,0.5074885487556458,0.7214590907096863,-0.35872411727905273,0.5033292174339294,0.715517520904541,0.07294513285160065,0.5037105083465576,0.7538642287254333,-0.3979697823524475,0.5161608457565308,0.7259209752082825,0.038086019456386566,0.5118781924247742,0.7581100463867188,-0.3695940375328064,0.5099844336509705,0.7146769165992737,0.03985143080353737,0.5121164917945862,0.7452443242073059,-0.3466889560222626,0.46464627981185913,0.621782124042511,0.12380335479974747,0.454055517911911,0.6176066398620605,-0.12362084537744522,0.4868515133857727,0.7569238543510437,0.011627048254013062,0.48166900873184204,0.7246459722518921,-0.22555652260780334,0.48780354857444763,0.9292158484458923,0.01890443079173565,0.49408671259880066,0.9126484394073486,-0.20272326469421387,0.4751972258090973,0.9653382301330566,0.013560710474848747,0.48598191142082214,0.9628333449363708,-0.20582525432109833,0.5388694405555725,0.9578423500061035,-0.07207430154085159,0.5476198792457581,0.9544793963432312,-0.2959587275981903
romanian deadlift_200091.jpg,0.6326863765716553,0.5221596360206604,-0.13175389170646667,0.6460694074630737,0.5105780363082886,-0.1203685998916626,0.6461402773857117,0.5084495544433594,-0.12037917971611023,0.646067202091217,0.5060049891471863,-0.12035897374153137,0.6458433866500854,0.5093503594398499,-0.1624205857515335,0.6457740664482117,0.5066619515419006,-0.16253288090229034,0.6455979943275452,0.5038514733314514,-0.16261322796344757,0.6393604278564453,0.4829317629337311,-0.059632085263729095,0.63922119140625,0.48311305046081543,-0.2519708573818207,0.6221189498901367,0.5163601636886597,-0.10365356504917145,0.6214244365692139,0.514902651309967,-0.15992924571037292,0.5727636814117432,0.4711664021015167,0.041351404041051865,0.5618104934692383,0.47731754183769226,-0.32233425974845886,0.5113430023193359,0.5903691053390503,0.07673830538988113,0.5145663619041443,0.6100008487701416,-0.363666832447052,0.5005886554718018,0.7071216106414795,0.04580589011311531,0.5068287253379822,0.7458423376083374,-0.3290172219276428,0.5022116303443909,0.7319977879524231,0.05821742117404938,0.5030349493026733,0.7841216921806335,-0.3635501265525818,0.5126727819442749,0.7353811264038086,0.027469517663121223,0.5111252665519714,0.7890865802764893,-0.34124863147735596,0.5075362920761108,0.7261325120925903,0.030757272616028786,0.5114938616752625,0.774674654006958,-0.3189065158367157,0.4813508987426758,0.6420804262161255,0.10227017849683762,0.46103760600090027,0.6400939226150513,-0.10208454728126526,0.4995906949043274,0.7357922196388245,0.001104678143747151,0.4701250195503235,0.6980883479118347,-0.3005352318286896,0.49325087666511536,0.9213688969612122,0.015041760168969631,0.4813457429409027,0.8766659498214722,-0.25630083680152893,0.48151054978370667,0.9572427272796631,0.011818576604127884,0.474394291639328,0.9017362594604492,-0.25494641065597534,0.5426358580589294,0.9594533443450928,-0.05017968639731407,0.5249012112617493,0.9338167905807495,-0.32738879323005676
romanian deadlift_200101.jpg,0.6314234137535095,0.5329581499099731,-0.13307619094848633,0.644679069519043,0.5194095969200134,-0.12095607817173004,0.6446556448936462,0.5170235633850098,-0.12095896154642105,0.6445318460464478,0.5143076777458191,-0.12096123397350311,0.6448394060134888,0.5173215866088867,-0.16225466132164001,0.6449247002601624,0.5136775374412537,-0.1623491793870926,0.6449488997459412,0.5098929405212402,-0.16243943572044373,0.6374261975288391,0.49129313230514526,-0.05757832154631615,0.6378431916236877,0.48801353573799133,-0.2477751225233078,0.6195241808891296,0.524822473526001,-0.10447943210601807,0.6191250085830688,0.5223773121833801,-0.15993870794773102,0.5674350261688232,0.4781390428543091,0.0393032468855381,0.560092568397522,0.47847405076026917,-0.3145275115966797,0.5101693272590637,0.6116575002670288,0.0792168453335762,0.513335108757019,0.6165942549705505,-0.3553099036216736,0.5001105070114136,0.7363169193267822,0.05239300802350044,0.505994439125061,0.7554169297218323,-0.31731417775154114,0.501297652721405,0.7755038142204285,0.06484337151050568,0.5026993155479431,0.7959265112876892,-0.3517402112483978,0.5103804469108582,0.7806074619293213,0.03203075751662254,0.5100194811820984,0.7992639541625977,-0.33240336179733276,0.5062743425369263,0.767724335193634,0.036630768328905106,0.5105021595954895,0.7874712347984314,-0.30850163102149963,0.47157421708106995,0.6494788527488708,0.09667382389307022,0.46061667799949646,0.6477845907211304,-0.09656813740730286,0.48816201090812683,0.7295411825180054,0.05965389311313629,0.4665836989879608,0.7332574725151062,-0.29765328764915466,0.49230480194091797,0.8991448283195496,0.09913461655378342,0.48050498962402344,0.9134860634803772,-0.1012456864118576,0.4864155650138855,0.9220348000526428,0.07812174409627914,0.4734002649784088,0.9304994940757751,-0.09179652482271194,0.5302833914756775,0.9584812521934509,0.1458684504032135,0.5187532901763916,0.9775930643081665,-0.13248947262763977
romanian deadlift_200111.jpg,0.631264328956604,0.5276686549186707,-0.1280696988105774,0.6443895101547241,0.518837571144104,-0.11277154833078384,0.6441739797592163,0.5172461867332458,-0.11280861496925354,0.6438689827919006,0.5153728723526001,-0.11283919960260391,0.6441439390182495,0.5161161422729492,-0.15836483240127563,0.6438165903091431,0.5127488970756531,-0.15843969583511353,0.6434375643730164,0.5092734098434448,-0.15854166448116302,0.6359729170799255,0.49201473593711853,-0.04236732795834541,0.6359068155288696,0.48943307995796204,-0.25241121649742126,0.6174604296684265,0.5238308310508728,-0.09687668830156326,0.616736114025116,0.520379364490509,-0.15800467133522034,0.5642998814582825,0.4796217083930969,0.06600750982761383,0.5628302693367004,0.48180854320526123,-0.33076211810112,0.5094195604324341,0.6194321513175964,0.10806550085544586,0.512545108795166,0.6231737732887268,-0.38017576932907104,0.5003382563591003,0.7511992454528809,0.06775864213705063,0.5056688785552979,0.7619673609733582,-0.34604352712631226,0.5012567043304443,0.7881655097007751,0.07936996966600418,0.5022242069244385,0.8004270792007446,-0.38417375087738037,0.5102351307868958,0.7954534888267517,0.04412984475493431,0.5096241235733032,0.8049507737159729,-0.3662596642971039,0.5053701996803284,0.7789728045463562,0.05036093667149544,0.5101746916770935,0.7954297661781311,-0.33792251348495483,0.4692571759223938,0.6471664905548096,0.10578466206789017,0.4593791365623474,0.6431319713592529,-0.10570177435874939,0.4820636510848999,0.7397542595863342,0.08434641361236572,0.46285340189933777,0.7646239995956421,-0.21056440472602844,0.48224490880966187,0.9072180986404419,0.14625553786754608,0.46580880880355835,0.9575322270393372,-0.0787406638264656,0.47608524560928345,0.9297484755516052,0.1355905830860138,0.4457050859928131,0.9708884954452515,-0.07298576086759567,0.5125381350517273,0.9575904607772827,0.15265698730945587,0.48487427830696106,0.9825791120529175,-0.13932085037231445
romanian deadlift_200121.jpg,0.6297701001167297,0.4842136800289154,-0.1325293332338333,0.6416664719581604,0.4727118909358978,-0.11635663360357285,0.641443133354187,0.4712032675743103,-0.11643191426992416,0.6411969065666199,0.46940696239471436,-0.11647721379995346,0.6415647864341736,0.4707619547843933,-0.1638363003730774,0.6412411332130432,0.4680650532245636,-0.1638616919517517,0.6408942937850952,0.46518707275390625,-0.16392678022384644,0.6322629451751709,0.45001962780952454,-0.0467822290956974,0.6317380666732788,0.44783180952072144,-0.26296094059944153,0.6153534650802612,0.48391756415367126,-0.10205817967653275,0.6147754192352295,0.4810240864753723,-0.1650911122560501,0.5612707138061523,0.4742283821105957,0.08057732880115509,0.5578944683074951,0.4690648317337036,-0.36977270245552063,0.5108177065849304,0.5875295996665955,0.11450805515050888,0.5152395963668823,0.5954776406288147,-0.421943724155426,0.4971306622028351,0.7268589735031128,0.0719960480928421,0.5000577569007874,0.7653385400772095,-0.3789317309856415,0.4960816502571106,0.7585567831993103,0.08862952888011932,0.4885607957839966,0.8035579323768616,-0.42785391211509705,0.4997657835483551,0.7676727175712585,0.046091970056295395,0.4991311728954315,0.8164961338043213,-0.4029673933982849,0.49678853154182434,0.7552746534347534,0.05602172762155533,0.5011962056159973,0.804979681968689,-0.3698444366455078,0.4346524477005005,0.5927197933197021,0.12408765405416489,0.4281228482723236,0.5869238972663879,-0.1241515576839447,0.48888635635375977,0.7353083491325378,0.1845545917749405,0.48461204767227173,0.7496250867843628,-0.1121281087398529,0.4827054738998413,0.9180765151977539,0.3002111315727234,0.4741380512714386,0.9430094361305237,0.03361909091472626,0.4734600782394409,0.9411423802375793,0.3067168593406677,0.4475543200969696,0.9634280800819397,0.044947780668735504,0.5356621146202087,0.9627866744995117,0.27488380670547485,0.528243362903595,0.9732871055603027,0.000600007304456085
romanian deadlift_200131.jpg,0.6099967956542969,0.3101629614830017,-0.09847115725278854,0.6160667538642883,0.29337936639785767,-0.07442282140254974,0.6160780787467957,0.29335036873817444,-0.07453770190477371,0.6160266995429993,0.29296305775642395,-0.07465363293886185,0.6121959090232849,0.28833329677581787,-0.113380067050457,0.6093059182167053,0.28485962748527527,-0.11341504007577896,0.6062759757041931,0.2810465097427368,-0.11342113465070724,0.5972421765327454,0.27929389476776123,0.037541020661592484,0.5871263146400452,0.26833024621009827,-0.1352865844964981,0.5957586169242859,0.31999585032463074,-0.053202271461486816,0.5913528800010681,0.314256489276886,-0.1035071387887001,0.547902524471283,0.36614084243774414,0.19448980689048767,0.5247620940208435,0.32636314630508423,-0.24678443372249603,0.5147771835327148,0.47189489006996155,0.2361338585615158,0.5053577423095703,0.4632352590560913,-0.2815282940864563,0.5144174695014954,0.5749295353889465,0.125324085354805,0.5033613443374634,0.5849658846855164,-0.2373395711183548,0.5087991952896118,0.6147984862327576,0.11931001394987106,0.4978289306163788,0.6235817074775696,-0.2700832486152649,0.5141385793685913,0.6125392317771912,0.08241551369428635,0.5051708817481995,0.6259097456932068,-0.2635906934738159,0.5117228031158447,0.6005290746688843,0.1053965836763382,0.5061725378036499,0.6126508116722107,-0.23192356526851654,0.43917304277420044,0.5348151922225952,0.13410377502441406,0.42829132080078125,0.5199276804924011,-0.13383479416370392,0.4883432388305664,0.7279161214828491,0.13988374173641205,0.48357459902763367,0.730049192905426,-0.13254614174365997,0.48349639773368835,0.9170131087303162,0.17975355684757233,0.4790417551994324,0.937143862247467,-0.11426427960395813,0.4733904004096985,0.9488497972488403,0.17813238501548767,0.45596057176589966,0.968640148639679,-0.11845595389604568,0.5394266247749329,0.9592182636260986,0.11199884861707687,0.5410442352294922,0.969873309135437,-0.21170972287654877
romanian deadlift_200141.jpg,0.565847635269165,0.21929851174354553,-0.10633133351802826,0.5650774836540222,0.2012941986322403,-0.07591219246387482,0.564956784248352,0.2012258917093277,-0.0759313628077507,0.5646669268608093,0.20099861919879913,-0.07591211795806885,0.560027003288269,0.1995447427034378,-0.12026306241750717,0.5563246607780457,0.19851849973201752,-0.12031184881925583,0.5522207617759705,0.19726960361003876,-0.12035182118415833,0.5460786819458008,0.20123006403446198,0.021244406700134277,0.5316943526268005,0.19693410396575928,-0.14211446046829224,0.5586572289466858,0.23530444502830505,-0.05577820912003517,0.5521313548088074,0.23344171047210693,-0.11312815546989441,0.5322607755661011,0.3172716200351715,0.16927596926689148,0.4942825138568878,0.2829512059688568,-0.24532248079776764,0.5214800238609314,0.43579646944999695,0.2086358368396759,0.4919503629207611,0.42349734902381897,-0.27928826212882996,0.513188898563385,0.5412970781326294,0.11452262848615646,0.5018463730812073,0.5365772843360901,-0.24448983371257782,0.5095224976539612,0.5735252499580383,0.11203838884830475,0.497823029756546,0.5700791478157043,-0.27944549918174744,0.5129613876342773,0.576746940612793,0.07485301792621613,0.5051490664482117,0.5737558007240295,-0.2725132703781128,0.5112243890762329,0.5684304237365723,0.0959043949842453,0.5057127475738525,0.5609727501869202,-0.24018128216266632,0.4470612704753876,0.5135964155197144,0.13283716142177582,0.43165940046310425,0.5033335089683533,-0.13261327147483826,0.4878930151462555,0.7181922793388367,0.09889295697212219,0.4855610728263855,0.7255315780639648,-0.13553953170776367,0.48454418778419495,0.9179060459136963,0.14886482059955597,0.482047438621521,0.9376726746559143,-0.15776920318603516,0.47436103224754333,0.9507455825805664,0.1482224017381668,0.466646283864975,0.9693089127540588,-0.16625531017780304,0.5442867279052734,0.9573237895965576,0.06979918479919434,0.5476025938987732,0.9683904051780701,-0.2762514352798462
romanian deadlift_200151.jpg,0.55927574634552,0.21200692653656006,-0.0014530987245962024,0.5567906498908997,0.19514776766300201,0.02077041193842888,0.5563602447509766,0.19512775540351868,0.020695427432656288,0.555638313293457,0.1950816661119461,0.02062898688018322,0.5532612204551697,0.1932240128517151,-0.017588859423995018,0.5503872632980347,0.19209986925125122,-0.01766151189804077,0.5468830466270447,0.19090792536735535,-0.017760302871465683,0.5381234884262085,0.19596372544765472,0.11727914959192276,0.5269477367401123,0.19212155044078827,-0.05045478418469429,0.552245020866394,0.22820529341697693,0.03754078969359398,0.5468490719795227,0.22615152597427368,-0.01160565484315157,0.527050256729126,0.3081696927547455,0.24691762030124664,0.48853859305381775,0.26835110783576965,-0.1672792285680771,0.5284519791603088,0.4087398648262024,0.28515905141830444,0.491617888212204,0.39988139271736145,-0.2191878706216812,0.5220664739608765,0.5080626606941223,0.19342496991157532,0.5064446926116943,0.5244299173355103,-0.18958544731140137,0.5182770490646362,0.536681056022644,0.18458303809165955,0.5024576783180237,0.5527194738388062,-0.22233937680721283,0.5188491344451904,0.5396649241447449,0.15773050487041473,0.5094873309135437,0.5563445091247559,-0.21467992663383484,0.5159878134727478,0.5302925705909729,0.17622895538806915,0.5095537900924683,0.5436999201774597,-0.18446074426174164,0.4676634669303894,0.5201659798622131,0.13178788125514984,0.44627219438552856,0.5027936100959778,-0.13158868253231049,0.4755196273326874,0.7159018516540527,0.07531531900167465,0.48498839139938354,0.7193825840950012,-0.1521383672952652,0.48283594846725464,0.9188316464424133,0.11570154130458832,0.4828043282032013,0.936223030090332,-0.17551042139530182,0.47420358657836914,0.9502934813499451,0.11330197006464005,0.47088906168937683,0.9663107395172119,-0.18486422300338745,0.541424572467804,0.9561197757720947,0.020647505298256874,0.5444290637969971,0.9670233130455017,-0.3052280843257904
romanian deadlift_200161.jpg,0.5557287335395813,0.21383804082870483,-0.013712218031287193,0.552935779094696,0.19408796727657318,0.003948965109884739,0.5520813465118408,0.19354470074176788,0.003890283638611436,0.5509759783744812,0.19279032945632935,0.0038790416438132524,0.5503703951835632,0.19301478564739227,-0.04053015261888504,0.5480712056159973,0.19198860228061676,-0.040601857006549835,0.5456720590591431,0.1908540278673172,-0.04074215143918991,0.5338444113731384,0.19295214116573334,0.09229545295238495,0.5287335515022278,0.1919393390417099,-0.10539010912179947,0.5475910305976868,0.23013778030872345,0.02392168901860714,0.5440517663955688,0.22813931107521057,-0.03353481739759445,0.520700991153717,0.29149430990219116,0.23618793487548828,0.4898937940597534,0.2624201774597168,-0.2231394648551941,0.5269243717193604,0.40611767768859863,0.2795015573501587,0.49247774481773376,0.4002217650413513,-0.27587658166885376,0.5230222940444946,0.5113804340362549,0.18954582512378693,0.5132363438606262,0.5271067023277283,-0.23552605509757996,0.517378032207489,0.5523995161056519,0.18619941174983978,0.5096469521522522,0.5621246099472046,-0.26784056425094604,0.5184780955314636,0.5536244511604309,0.1563863754272461,0.5172103047370911,0.5597412586212158,-0.2567565441131592,0.5181558728218079,0.5381345152854919,0.17074987292289734,0.5172902941703796,0.5481114983558655,-0.22884251177310944,0.4734368920326233,0.5240923762321472,0.1417710781097412,0.463921457529068,0.5178764462471008,-0.1417609304189682,0.4762437641620636,0.7160882949829102,0.08938223868608475,0.4838767945766449,0.7222352623939514,-0.1447458118200302,0.48025113344192505,0.9154717922210693,0.15167154371738434,0.48255524039268494,0.9357464909553528,-0.15707312524318695,0.4709453880786896,0.9489573836326599,0.150130957365036,0.4705197513103485,0.9673652648925781,-0.1500026136636734,0.5403499603271484,0.9555729627609253,0.07171682268381119,0.5428512692451477,0.9674080014228821,-0.24845634400844574
romanian deadlift_200171.jpg,0.5605818629264832,0.21296977996826172,-0.02071935124695301,0.5577776432037354,0.19285544753074646,-0.011270287446677685,0.5568749308586121,0.19244922697544098,-0.011186683550477028,0.5557400584220886,0.19194094836711884,-0.010979974642395973,0.5550488829612732,0.19119793176651,-0.07321621477603912,0.5524808764457703,0.1898663341999054,-0.0732869952917099,0.5496746897697449,0.188474640250206,-0.07353975623846054,0.5373238325119019,0.19224399328231812,0.06908964365720749,0.5308794379234314,0.1897963583469391,-0.1568766087293625,0.5525993704795837,0.22880162298679352,0.004092507995665073,0.5490002036094666,0.22713351249694824,-0.048841673880815506,0.5187367796897888,0.2909148037433624,0.19567149877548218,0.49233731627464294,0.26325610280036926,-0.27810218930244446,0.5259912014007568,0.4145507514476776,0.25083497166633606,0.4931872487068176,0.4027944803237915,-0.33679822087287903,0.5233479142189026,0.5192484259605408,0.1673714816570282,0.5288167595863342,0.5347228050231934,-0.28815051913261414,0.5224212408065796,0.5516354441642761,0.16680879890918732,0.5267466902732849,0.5689385533332825,-0.32111993432044983,0.5252997875213623,0.5523073077201843,0.13361693918704987,0.5334615111351013,0.5660454034805298,-0.3090928792953491,0.524260401725769,0.5425692796707153,0.1477741152048111,0.5325719714164734,0.5551707744598389,-0.2800651788711548,0.48055851459503174,0.5259552597999573,0.14901964366436005,0.474846750497818,0.5218680500984192,-0.14909909665584564,0.4789327383041382,0.7163733839988708,0.19287832081317902,0.48435670137405396,0.7243305444717407,-0.13217827677726746,0.4798172414302826,0.9141813516616821,0.3056623339653015,0.48237693309783936,0.9346643090248108,-0.08972815424203873,0.4708891808986664,0.948371946811676,0.31036341190338135,0.47058212757110596,0.9669960141181946,-0.09116364270448685,0.5390059947967529,0.9504549503326416,0.2451358288526535,0.5424642562866211,0.966629683971405,-0.2199593484401703
romanian deadlift_200181.jpg,0.5585616827011108,0.21718910336494446,-0.03990789130330086,0.5543644428253174,0.19764061272144318,-0.02407873421907425,0.5532280206680298,0.19665232300758362,-0.024078521877527237,0.551936149597168,0.19552898406982422,-0.02402939833700657,0.5523345470428467,0.19643940031528473,-0.07529915124177933,0.5501617193222046,0.19480718672275543,-0.07537051290273666,0.5475295186042786,0.19299331307411194,-0.07554161548614502,0.5339767932891846,0.19496876001358032,0.06282100826501846,0.5295366644859314,0.19328497350215912,-0.15766498446464539,0.548789381980896,0.2300741821527481,-0.0031566026154905558,0.5461058020591736,0.2295912802219391,-0.06467541307210922,0.5081302523612976,0.2851012647151947,0.2175915688276291,0.4914325773715973,0.26981332898139954,-0.2777720093727112,0.5123968720436096,0.41159480810165405,0.2696138322353363,0.4947562515735626,0.4073518216609955,-0.33769896626472473,0.5220364332199097,0.5260029435157776,0.18661265075206757,0.5305807590484619,0.54246586561203,-0.3043668568134308,0.5198124647140503,0.552345335483551,0.19211070239543915,0.528425931930542,0.5725377202033997,-0.3409133851528168,0.5222985744476318,0.5537256002426147,0.15532861649990082,0.5341853499412537,0.5712509751319885,-0.32245445251464844,0.5209351778030396,0.5458823442459106,0.16598503291606903,0.5332679748535156,0.5621535181999207,-0.29426437616348267,0.4800984263420105,0.5231221914291382,0.15341904759407043,0.48448997735977173,0.5240147113800049,-0.15350911021232605,0.4771813154220581,0.716457724571228,0.17917080223560333,0.48391297459602356,0.7285635471343994,-0.13019466400146484,0.47957339882850647,0.9141960144042969,0.26671019196510315,0.48231860995292664,0.9363247156143188,-0.07875680178403854,0.4708404541015625,0.9477666020393372,0.2688489854335785,0.4705132246017456,0.9685158729553223,-0.0813489705324173,0.5383026599884033,0.9470646977424622,0.20205968618392944,0.5423275828361511,0.9663616418838501,-0.20678997039794922
romanian deadlift_200191.jpg,0.5533515214920044,0.210879385471344,-0.004457332659512758,0.5480837225914001,0.19125543534755707,0.013712809421122074,0.5469377040863037,0.19022800028324127,0.01368930097669363,0.545602560043335,0.1890823096036911,0.013716747984290123,0.5454825162887573,0.19025792181491852,-0.03614549711346626,0.5429573655128479,0.18863973021507263,-0.0361965112388134,0.5401087999343872,0.18696467578411102,-0.03635624423623085,0.528296947479248,0.19004374742507935,0.10236398130655289,0.5218015909194946,0.18838857114315033,-0.12051325291395187,0.5439900755882263,0.22485119104385376,0.03451589122414589,0.5408116579055786,0.2247641235589981,-0.030005071312189102,0.500057578086853,0.2814943492412567,0.25867682695388794,0.4869089126586914,0.2670360207557678,-0.24924974143505096,0.5017144680023193,0.4065413475036621,0.31378474831581116,0.495658278465271,0.4017065763473511,-0.3169536888599396,0.5214770436286926,0.5195389986038208,0.23567232489585876,0.5324281454086304,0.5314929485321045,-0.3016015887260437,0.5188013315200806,0.5453268885612488,0.24215684831142426,0.5301916003227234,0.5648149251937866,-0.3379622995853424,0.5207309126853943,0.5482346415519714,0.20681720972061157,0.5347220301628113,0.5627194046974182,-0.32080987095832825,0.5191403031349182,0.5408980250358582,0.2159414291381836,0.5339694619178772,0.5529063940048218,-0.2933906018733978,0.4832128882408142,0.5217483639717102,0.15556803345680237,0.48671960830688477,0.5231716632843018,-0.1556652933359146,0.4821867346763611,0.7163648009300232,0.20618681609630585,0.4850454330444336,0.7298740148544312,-0.15702253580093384,0.4811595678329468,0.9140104651451111,0.3046952486038208,0.48219189047813416,0.9392411708831787,-0.15670201182365417,0.47265493869781494,0.9473714232444763,0.3081189692020416,0.47039690613746643,0.9715692400932312,-0.16447624564170837,0.5430628657341003,0.9476760625839233,0.2481251358985901,0.5469456911087036,0.9686408042907715,-0.2872108519077301
romanian deadlift_200201.jpg,0.5492139458656311,0.20658864080905914,-0.0721750482916832,0.544222891330719,0.18912798166275024,-0.05463950335979462,0.5429489016532898,0.18833737075328827,-0.05467366799712181,0.5414426326751709,0.1873055398464203,-0.054661426693201065,0.5419623255729675,0.18795113265514374,-0.1031055897474289,0.5394393801689148,0.18649302423000336,-0.10313956439495087,0.536770761013031,0.18496087193489075,-0.10328192263841629,0.5236839056015015,0.189665287733078,0.04307280108332634,0.5183752179145813,0.18802712857723236,-0.17425434291362762,0.5403019785881042,0.22092372179031372,-0.02897588349878788,0.5374378561973572,0.22130419313907623,-0.09202195703983307,0.5020841360092163,0.2875508666038513,0.23592522740364075,0.48617812991142273,0.27429232001304626,-0.28771576285362244,0.49958834052085876,0.4107206463813782,0.2691664397716522,0.4956284165382385,0.4152866303920746,-0.34577205777168274,0.5248140692710876,0.5078508853912354,0.19488027691841125,0.5285294055938721,0.536521852016449,-0.3275459408760071,0.5220503211021423,0.5319660305976868,0.19931794703006744,0.5256679654121399,0.5713552236557007,-0.365689218044281,0.5267916917800903,0.53150475025177,0.1650000363588333,0.5310097336769104,0.5664735436439514,-0.35462045669555664,0.5254542231559753,0.526685357093811,0.17576037347316742,0.5304787158966064,0.5550562739372253,-0.32080429792404175,0.4845890700817108,0.5267200469970703,0.15406176447868347,0.4831530451774597,0.5273802876472473,-0.15410658717155457,0.47917094826698303,0.7164489030838013,0.2536824345588684,0.482539564371109,0.7356960773468018,-0.16169585287570953,0.47056007385253906,0.9013413190841675,0.397597998380661,0.48213493824005127,0.9417902827262878,-0.16120938956737518,0.45345085859298706,0.927035927772522,0.4061269164085388,0.4702696204185486,0.9725646376609802,-0.1694210022687912,0.523530900478363,0.9247832298278809,0.3517434000968933,0.5483276844024658,0.9681199789047241,-0.29486411809921265
romanian deadlift_200211.jpg,0.5567925572395325,0.221053808927536,-0.01161274779587984,0.5539129376411438,0.203573077917099,0.008906886912882328,0.5528402924537659,0.20277421176433563,0.008870699442923069,0.5514772534370422,0.20183512568473816,0.008887538686394691,0.5516757965087891,0.20239710807800293,-0.04068778455257416,0.5492722392082214,0.20094448328018188,-0.04072025045752525,0.546596884727478,0.1994299590587616,-0.04083961248397827,0.5324470400810242,0.20165540277957916,0.10188663005828857,0.5282766819000244,0.19976338744163513,-0.12000022083520889,0.5474762320518494,0.236649751663208,0.028513368219137192,0.5445007085800171,0.23637646436691284,-0.03617171198129654,0.5064355134963989,0.2978888750076294,0.2597314715385437,0.49034127593040466,0.2808631658554077,-0.24551956355571747,0.4915848970413208,0.4208480417728424,0.2988334894180298,0.4939684271812439,0.4191824197769165,-0.32594144344329834,0.5150951743125916,0.5255416631698608,0.22584091126918793,0.5277541875839233,0.5386980175971985,-0.3279087245464325,0.521497905254364,0.5515428185462952,0.23757508397102356,0.523772120475769,0.5704112648963928,-0.3670401871204376,0.5247918963432312,0.5499564409255981,0.20432649552822113,0.529958963394165,0.5654429793357849,-0.3489786982536316,0.5233251452445984,0.5407307147979736,0.2078065276145935,0.5291189551353455,0.553997278213501,-0.3190818130970001,0.4811595380306244,0.5280151963233948,0.1540786176919937,0.4784913659095764,0.5256040096282959,-0.1540573686361313,0.481130987405777,0.716796875,0.2102375328540802,0.4845183789730072,0.7352596521377563,-0.1731913685798645,0.4710009694099426,0.9063616394996643,0.31408485770225525,0.48204293847084045,0.9411466121673584,-0.18907594680786133,0.4549728333950043,0.9357281923294067,0.31953567266464233,0.4701046049594879,0.9715607762336731,-0.19811449944972992,0.5279872417449951,0.9290663003921509,0.25749605894088745,0.5479720234870911,0.966255784034729,-0.3177975118160248
romanian deadlift_200221.jpg,0.5894222855567932,0.26741933822631836,0.030211027711629868,0.5907067656517029,0.24722491204738617,0.0509924478828907,0.5896375179290771,0.246429443359375,0.05092661455273628,0.588306725025177,0.24547496438026428,0.050974130630493164,0.5892313122749329,0.24567237496376038,0.0032242245506495237,0.5873324275016785,0.24402160942554474,0.003214330645278096,0.5853602290153503,0.24240455031394958,0.003143504960462451,0.5671596527099609,0.23780369758605957,0.12991127371788025,0.5670742392539978,0.23833371698856354,-0.08466105908155441,0.5754193663597107,0.28042834997177124,0.06325565278530121,0.5743561387062073,0.2773294746875763,0.0004394636198412627,0.507134735584259,0.3065717816352844,0.25482141971588135,0.5082042217254639,0.2951573431491852,-0.21305038034915924,0.47781771421432495,0.44026273488998413,0.28178948163986206,0.49406206607818604,0.4358808696269989,-0.28860655426979065,0.485343337059021,0.5606846213340759,0.21623913943767548,0.5159632563591003,0.5579162836074829,-0.3157195746898651,0.48669344186782837,0.5929971933364868,0.22609522938728333,0.5127914547920227,0.5896056890487671,-0.3664243817329407,0.4962860643863678,0.593579113483429,0.19533328711986542,0.5180658102035522,0.5884442329406738,-0.33916333317756653,0.4947117865085602,0.5806974768638611,0.19911885261535645,0.5180960297584534,0.5792045593261719,-0.3075505495071411,0.4691948890686035,0.5380696058273315,0.14968813955783844,0.46856918931007385,0.5297523736953735,-0.14949217438697815,0.4918447732925415,0.7130860090255737,0.042112305760383606,0.49472248554229736,0.7305302023887634,-0.216212660074234,0.4779941439628601,0.9130071997642517,0.048288457095623016,0.4830416440963745,0.9414747357368469,-0.2651522159576416,0.4646471440792084,0.9425296187400818,0.04138199985027313,0.47142165899276733,0.9708961248397827,-0.27690961956977844,0.5344813466072083,0.9325034022331238,-0.04542289674282074,0.5507844090461731,0.9659572839736938,-0.40597522258758545
romanian deadlift_200231.jpg,0.6113660335540771,0.36012786626815796,-0.01343856193125248,0.6177942156791687,0.3435041010379791,-0.0015479790745303035,0.6168756484985352,0.3420692980289459,-0.0015138017479330301,0.6158091425895691,0.3402809202671051,-0.0013429216342046857,0.6174801588058472,0.3409695625305176,-0.049980923533439636,0.6162725687026978,0.3379446864128113,-0.04999053105711937,0.6148971915245056,0.3346531391143799,-0.05006592720746994,0.6001792550086975,0.32288116216659546,0.05452573299407959,0.6001617312431335,0.3197081685066223,-0.16061191260814667,0.5978631377220154,0.3651619255542755,0.009661278687417507,0.5963863730430603,0.36145099997520447,-0.05479109287261963,0.50860995054245,0.36483797430992126,0.1839895099401474,0.524185061454773,0.34853556752204895,-0.2722839117050171,0.4822877049446106,0.49927330017089844,0.22259624302387238,0.49926629662513733,0.4845656156539917,-0.31469908356666565,0.5051721930503845,0.6203386783599854,0.2049485594034195,0.5155280828475952,0.6301015019416809,-0.31207406520843506,0.5112534761428833,0.6506252884864807,0.21024928987026215,0.5142338275909424,0.6653477549552917,-0.3551694452762604,0.5239651203155518,0.6536582708358765,0.17834001779556274,0.5223149657249451,0.6671720147132874,-0.3343275487422943,0.5207384824752808,0.641132116317749,0.1850973516702652,0.5191665887832642,0.655403196811676,-0.3032759726047516,0.4668172299861908,0.5707065463066101,0.1490282267332077,0.4646642804145813,0.5688542127609253,-0.1488640010356903,0.5159109830856323,0.7168776392936707,0.07885629683732986,0.4989693760871887,0.7283743023872375,-0.2547932267189026,0.48155343532562256,0.916007936000824,0.14167086780071259,0.48297613859176636,0.9411984086036682,-0.25255778431892395,0.47065770626068115,0.948244035243988,0.1412452608346939,0.47128164768218994,0.9705789089202881,-0.258789986371994,0.5415236949920654,0.9410995244979858,0.07134734094142914,0.550159215927124,0.9658064246177673,-0.3807297348976135
romanian deadlift_200241.jpg,0.6217573881149292,0.42725953459739685,-0.1377507746219635,0.6312060952186584,0.4093661308288574,-0.13980157673358917,0.6302146315574646,0.407515287399292,-0.1398099958896637,0.6291242241859436,0.4054087698459625,-0.13969925045967102,0.6326927542686462,0.4080277383327484,-0.17753945291042328,0.632705569267273,0.40538325905799866,-0.17759886384010315,0.6325714588165283,0.4026595950126648,-0.1777394562959671,0.6164359450340271,0.38393634557724,-0.1262999176979065,0.6197550296783447,0.38293275237083435,-0.29978808760643005,0.6079936623573303,0.42856740951538086,-0.12408707290887833,0.6089325547218323,0.42752087116241455,-0.1754307746887207,0.5148356556892395,0.4034162759780884,-0.013108593411743641,0.545211672782898,0.40343177318573,-0.3673570454120636,0.4360124170780182,0.5040000677108765,0.04554276168346405,0.5112060308456421,0.5354288220405579,-0.3609836995601654,0.4574107527732849,0.6468060612678528,0.052160341292619705,0.5143243670463562,0.6858205795288086,-0.32195422053337097,0.4581493139266968,0.6782928109169006,0.056997478008270264,0.5130160450935364,0.7233768701553345,-0.35956329107284546,0.4692191183567047,0.689430832862854,0.033812932670116425,0.5217306017875671,0.7290242314338684,-0.34987595677375793,0.4676024317741394,0.6789613962173462,0.04116124287247658,0.5191432237625122,0.719746470451355,-0.31702175736427307,0.4687899649143219,0.5991121530532837,0.13890935480594635,0.4765975773334503,0.614769458770752,-0.13921624422073364,0.5080346465110779,0.7139610052108765,0.46890169382095337,0.49663400650024414,0.7310243248939514,-0.014067445881664753,0.5202176570892334,0.850520133972168,0.8273719549179077,0.48100417852401733,0.940897524356842,0.09634404629468918,0.5095187425613403,0.8783222436904907,0.8600168228149414,0.4685492515563965,0.9707880616188049,0.10423412173986435,0.5535002946853638,0.8650080561637878,0.8402310609817505,0.5281484723091125,0.9866995215415955,0.006249000318348408
romanian deadlift_200251.jpg,0.6340761780738831,0.4831644296646118,-0.1632569134235382,0.644433856010437,0.46994590759277344,-0.15375539660453796,0.6437911987304688,0.4686051309108734,-0.15376830101013184,0.6431060433387756,0.4671109914779663,-0.1536802351474762,0.6452233791351318,0.46808210015296936,-0.19702407717704773,0.6450933814048767,0.4654580056667328,-0.19715288281440735,0.6448994278907776,0.46262872219085693,-0.19731684029102325,0.6322080492973328,0.4464905261993408,-0.09977085143327713,0.6337483525276184,0.4413078725337982,-0.2971924841403961,0.6205214262008667,0.4824692904949188,-0.13593319058418274,0.6203266382217407,0.4804965555667877,-0.19398218393325806,0.5489187240600586,0.45136749744415283,0.019456544890999794,0.5545598268508911,0.45041435956954956,-0.36929550766944885,0.47208696603775024,0.5596771240234375,0.041938416659832,0.5159751176834106,0.591913104057312,-0.4052942395210266,0.4685327410697937,0.6745088696479797,0.01573762111365795,0.5145103931427002,0.7357392311096191,-0.3881455957889557,0.4618815779685974,0.7040773630142212,0.028432602062821388,0.5129106044769287,0.7755478024482727,-0.42965763807296753,0.48352447152137756,0.7166839838027954,0.0013791087549179792,0.5204220414161682,0.7813001275062561,-0.4044896066188812,0.48239386081695557,0.701211154460907,0.0028632215689867735,0.5184714794158936,0.7676452398300171,-0.37690621614456177,0.4847062826156616,0.6412509679794312,0.13196243345737457,0.4806729853153229,0.6452010869979858,-0.1321093589067459,0.505986213684082,0.7809269428253174,0.2880327105522156,0.4967184066772461,0.7595698237419128,-0.08740636706352234,0.5089303255081177,0.9254056215286255,0.49284929037094116,0.4957149922847748,0.940723180770874,-0.035017598420381546,0.500111997127533,0.9436191320419312,0.508363664150238,0.4836534261703491,0.9646721482276917,-0.033014461398124695,0.5417290329933167,0.9452145099639893,0.4556933641433716,0.5285900831222534,0.9786902666091919,-0.13063998520374298
romanian deadlift_200261.jpg,0.6337956190109253,0.524169921875,-0.18550381064414978,0.6443596482276917,0.5116340517997742,-0.17534039914608002,0.6440042853355408,0.5097457766532898,-0.1753338724374771,0.6435052156448364,0.5073034167289734,-0.17527921497821808,0.644184947013855,0.5098080635070801,-0.2179986536502838,0.6437340378761292,0.5069915652275085,-0.21810775995254517,0.6432104706764221,0.503886878490448,-0.21819813549518585,0.6335905194282532,0.48315271735191345,-0.11168987303972244,0.6346048712730408,0.4823880195617676,-0.3076189458370209,0.6209863424301147,0.5227877497673035,-0.15509511530399323,0.619725227355957,0.5204422473907471,-0.2124331295490265,0.5628654360771179,0.4862377941608429,0.0005899497191421688,0.5598171949386597,0.47628462314605713,-0.3654607832431793,0.502194344997406,0.608860969543457,0.028284620493650436,0.5164883136749268,0.6183441877365112,-0.4200166165828705,0.4940447509288788,0.7167767882347107,-0.0045191445387899876,0.5137691497802734,0.7537117600440979,-0.4136502146720886,0.4908280074596405,0.7414506673812866,0.011153816245496273,0.5112698078155518,0.7919282913208008,-0.45922884345054626,0.49892371892929077,0.7472921013832092,-0.02435116097331047,0.5179625749588013,0.7964828610420227,-0.4292600452899933,0.49835148453712463,0.7316136956214905,-0.020836109295487404,0.5171334743499756,0.7845290303230286,-0.4021855890750885,0.4863673448562622,0.6570284366607666,0.1056947410106659,0.47973236441612244,0.6484796404838562,-0.10563769191503525,0.47781360149383545,0.7818077802658081,0.07220806181430817,0.47631415724754333,0.7052395343780518,-0.20693568885326385,0.5065938830375671,0.9498252868652344,0.16199003159999847,0.5060495734214783,0.9034351706504822,-0.07099318504333496,0.49468404054641724,0.9619598984718323,0.16653987765312195,0.5072135329246521,0.9083322286605835,-0.06825432926416397,0.5389593243598938,0.9789454936981201,0.0945744588971138,0.5287407636642456,0.9569146037101746,-0.14064036309719086
romanian deadlift_200271.jpg,0.6309821605682373,0.5384235978126526,-0.197543203830719,0.642002284526825,0.5263929963111877,-0.18830828368663788,0.6417317986488342,0.5242093801498413,-0.18829461932182312,0.641322910785675,0.5217252373695374,-0.18827153742313385,0.6422062516212463,0.5258318185806274,-0.23032236099243164,0.6421334743499756,0.5234729051589966,-0.23041567206382751,0.6419938802719116,0.5210056900978088,-0.2305244654417038,0.6337356567382812,0.49905669689178467,-0.12734483182430267,0.6356678605079651,0.4989055097103119,-0.3207295536994934,0.6185106635093689,0.5319268107414246,-0.1672256886959076,0.6186618208885193,0.5309617519378662,-0.22380229830741882,0.5623624324798584,0.4857255816459656,-0.01541084423661232,0.5640324950218201,0.4883158802986145,-0.3654838502407074,0.5105423927307129,0.6175089478492737,0.019986744970083237,0.5168289542198181,0.6282907724380493,-0.4049128293991089,0.4993845522403717,0.7415177226066589,0.012084802612662315,0.5129432082176208,0.7687088251113892,-0.3826983571052551,0.5005716681480408,0.7689253687858582,0.030623670667409897,0.5097559690475464,0.804538369178772,-0.42329055070877075,0.5017670392990112,0.7875601053237915,-0.004891195334494114,0.515941321849823,0.8102193474769592,-0.3980434536933899,0.5182045698165894,0.7696458697319031,-0.0032923344988375902,0.51606285572052,0.7982523441314697,-0.37217608094215393,0.4842170178890228,0.6601207256317139,0.10503276437520981,0.48186391592025757,0.6641510725021362,-0.10511669516563416,0.4525626003742218,0.7742063999176025,0.22329287230968475,0.4811337888240814,0.7788678407669067,-0.03364674001932144,0.49226829409599304,0.939728319644928,0.4079817235469818,0.5060936808586121,0.9248009324073792,0.09617514908313751,0.48289692401885986,0.9590630531311035,0.4245532155036926,0.5016707181930542,0.9415473341941833,0.10380413383245468,0.5166813135147095,0.9736518859863281,0.39494794607162476,0.5407155156135559,0.9617156982421875,0.04093120992183685
romanian deadlift_200281.jpg,0.6295946836471558,0.5423206686973572,-0.1810532510280609,0.642074704170227,0.531804621219635,-0.17153902351856232,0.6417534351348877,0.5299316644668579,-0.17154207825660706,0.6413296461105347,0.5278192162513733,-0.17153866589069366,0.6420121788978577,0.5297461748123169,-0.21375173330307007,0.6417154669761658,0.5265961289405823,-0.2138359248638153,0.6413904428482056,0.523456335067749,-0.21395055949687958,0.6329584717750549,0.5052233934402466,-0.1115499958395958,0.6335822939872742,0.5030086040496826,-0.3064607083797455,0.615614652633667,0.5367857813835144,-0.1518993228673935,0.6152496933937073,0.5345162153244019,-0.20876482129096985,0.5636500120162964,0.48889341950416565,-0.006430686451494694,0.5645392537117004,0.49851277470588684,-0.35480231046676636,0.513680636882782,0.6242855787277222,0.021479150280356407,0.516376793384552,0.6376582384109497,-0.3932216465473175,0.5003988146781921,0.7499054670333862,-0.0019515398889780045,0.5119427442550659,0.7766906023025513,-0.3687032163143158,0.502091646194458,0.783836305141449,0.01242751069366932,0.5084530711174011,0.8123369216918945,-0.4085771441459656,0.5020333528518677,0.7983953952789307,-0.02182086929678917,0.5150465369224548,0.8182254433631897,-0.3862704634666443,0.5135859847068787,0.7783554196357727,-0.017737658694386482,0.5155905485153198,0.8088643550872803,-0.35864073038101196,0.4839048385620117,0.6674312353134155,0.09318627417087555,0.47817909717559814,0.6658697724342346,-0.09333860129117966,0.45543137192726135,0.7839642763137817,0.21758659183979034,0.470991313457489,0.7642099261283875,-0.052439846098423004,0.4920768737792969,0.9364451766014099,0.3763085901737213,0.5014232993125916,0.9169692397117615,0.11786796897649765,0.48282700777053833,0.9584250450134277,0.39073053002357483,0.49981409311294556,0.9351263046264648,0.13091324269771576,0.5178866982460022,0.9786867499351501,0.3589785695075989,0.5225287675857544,0.9611706137657166,0.07444310933351517
romanian deadlift_200291.jpg,0.6273362040519714,0.5314043760299683,-0.17764215171337128,0.6391405463218689,0.5217006206512451,-0.17099523544311523,0.6386232376098633,0.5195394158363342,-0.17090629041194916,0.6379559636116028,0.5168626308441162,-0.17095598578453064,0.6389143466949463,0.5202662348747253,-0.20957894623279572,0.6383011937141418,0.5173249244689941,-0.20966261625289917,0.6376033425331116,0.5140387415885925,-0.2098306119441986,0.6290526986122131,0.49270927906036377,-0.1037689745426178,0.6290670037269592,0.4916464388370514,-0.30115464329719543,0.6134899258613586,0.5273041129112244,-0.14729256927967072,0.6132279634475708,0.5250972509384155,-0.20615841448307037,0.5622074007987976,0.48688146471977234,0.032889679074287415,0.5638172030448914,0.4867754280567169,-0.33305689692497253,0.51285719871521,0.624016523361206,0.06367004662752151,0.5165430903434753,0.6325183510780334,-0.37621989846229553,0.5001834630966187,0.7405411601066589,0.029511602595448494,0.5106990933418274,0.7669463157653809,-0.35375556349754333,0.5012800693511963,0.7740197777748108,0.04226161539554596,0.5053151845932007,0.8045706748962402,-0.394624263048172,0.5011998414993286,0.7802152037620544,0.008823508396744728,0.5121316313743591,0.8110984563827515,-0.36614790558815,0.5072221159934998,0.7677581906318665,0.013636952266097069,0.5138238668441772,0.8014876246452332,-0.3417404294013977,0.4773358404636383,0.6649470329284668,0.0964355319738388,0.471464067697525,0.6619616746902466,-0.09653602540493011,0.46215516328811646,0.7792774438858032,0.19615617394447327,0.4703633189201355,0.7574421167373657,-0.07158573716878891,0.491992324590683,0.9353945255279541,0.3496265113353729,0.5003790855407715,0.9174305200576782,0.07434969395399094,0.48342469334602356,0.9563887715339661,0.3658663034439087,0.495218425989151,0.9377444982528687,0.08493788540363312,0.520607054233551,0.9753729104995728,0.3344731628894806,0.5258740782737732,0.9683037400245667,0.028242820873856544
romanian deadlift_200301.jpg,0.6289957761764526,0.44719478487968445,-0.15633970499038696,0.6403855085372925,0.4353950619697571,-0.14727889001369476,0.6401196718215942,0.4342692792415619,-0.1472156047821045,0.6397393941879272,0.43282657861709595,-0.14717969298362732,0.6397160887718201,0.43257391452789307,-0.18823911249637604,0.6389538645744324,0.4294413626194,-0.1883094608783722,0.6381034851074219,0.4260483980178833,-0.18843814730644226,0.6291412115097046,0.4067562520503998,-0.08657398074865341,0.6280553340911865,0.4040800631046295,-0.27957889437675476,0.6156511306762695,0.45020005106925964,-0.12597741186618805,0.6143499612808228,0.4460218548774719,-0.18471863865852356,0.5580854415893555,0.4252867102622986,0.08243528008460999,0.5585963726043701,0.410967081785202,-0.3693281412124634,0.5215555429458618,0.6068239212036133,0.10921935737133026,0.5202228426933289,0.5596334338188171,-0.4134517312049866,0.5080273151397705,0.7122071385383606,0.0755290761590004,0.5107278227806091,0.7536469101905823,-0.3755015730857849,0.5072119832038879,0.7448969483375549,0.08862846344709396,0.5060939192771912,0.8006700873374939,-0.4199780523777008,0.515792727470398,0.751514196395874,0.05449269711971283,0.5144540071487427,0.8024840354919434,-0.3986012637615204,0.5095770955085754,0.7380093932151794,0.05832316353917122,0.5144627690315247,0.786083459854126,-0.36682653427124023,0.4445466101169586,0.5772250890731812,0.12820503115653992,0.43139731884002686,0.564177930355072,-0.12827584147453308,0.4769255220890045,0.7362319231033325,0.19260373711585999,0.47472909092903137,0.7375195622444153,-0.087942935526371,0.49191105365753174,0.9343326091766357,0.3247112035751343,0.4911627769470215,0.9333953857421875,0.013157756999135017,0.4832889437675476,0.9547281861305237,0.33383771777153015,0.4817776679992676,0.9640599489212036,0.01862005703151226,0.5369849801063538,0.9710801243782043,0.2840878367424011,0.5352080464363098,0.974127471446991,-0.07313629984855652
romanian deadlift_200311.jpg,0.6079959273338318,0.2760776877403259,0.08140642195940018,0.6120408773422241,0.25639471411705017,0.10161175578832626,0.6112934947013855,0.2557263970375061,0.10152464359998703,0.6104072332382202,0.254416286945343,0.10144758224487305,0.6098985075950623,0.25337544083595276,0.059270359575748444,0.6077739000320435,0.25096237659454346,0.05924791470170021,0.6056193709373474,0.2482314258813858,0.05915067344903946,0.5914040207862854,0.24398273229599,0.18088163435459137,0.588732123374939,0.24087578058242798,-0.009563124738633633,0.597805917263031,0.2857332229614258,0.11352820694446564,0.59487384557724,0.282518208026886,0.0580359622836113,0.549164354801178,0.34058719873428345,0.29723748564720154,0.5297213196754456,0.2926146686077118,-0.1446869820356369,0.5188891291618347,0.4752735495567322,0.3332098424434662,0.5177798867225647,0.43325987458229065,-0.2007274180650711,0.5173370838165283,0.6038203239440918,0.2723543047904968,0.5107619762420654,0.5783464908599854,-0.19566704332828522,0.5160604119300842,0.6374951004981995,0.27518656849861145,0.5052872896194458,0.6091445088386536,-0.22799621522426605,0.5201116800308228,0.636353075504303,0.24572202563285828,0.5133056640625,0.6120110154151917,-0.21144267916679382,0.5168033242225647,0.6226017475128174,0.25521060824394226,0.5139073133468628,0.6028076410293579,-0.1879371851682663,0.4519450068473816,0.5177115797996521,0.12751320004463196,0.44052380323410034,0.49515292048454285,-0.1275152862071991,0.4749245047569275,0.7107824683189392,0.07670512795448303,0.4738009572029114,0.7043551802635193,-0.17958621680736542,0.4847576320171356,0.9170084595680237,0.10360026359558105,0.48494720458984375,0.9223397374153137,-0.2076120525598526,0.47375351190567017,0.9420040845870972,0.1016288548707962,0.4746995270252228,0.9601923823356628,-0.21407188475131989,0.5364577770233154,0.9642263650894165,0.014424621127545834,0.5353266000747681,0.9703869223594666,-0.3263099491596222
romanian deadlift_200321.jpg,0.5613758563995361,0.20987339317798615,0.007108679041266441,0.5564067363739014,0.19323284924030304,0.028373485431075096,0.5554810166358948,0.19297955930233002,0.02831106260418892,0.5543661713600159,0.19256843626499176,0.028276193886995316,0.5549978017807007,0.19364207983016968,-0.014206578955054283,0.5532195568084717,0.19393393397331238,-0.01425337977707386,0.5512136220932007,0.19415435194969177,-0.014362008310854435,0.5403679609298706,0.1971939504146576,0.12206060439348221,0.5367549061775208,0.19997011125087738,-0.0682230070233345,0.5563481450080872,0.2279905378818512,0.0446634367108345,0.5536285638809204,0.22790105640888214,-0.010468369349837303,0.5317049622535706,0.310260146856308,0.2515603005886078,0.5194753408432007,0.297407329082489,-0.18387192487716675,0.517723560333252,0.43588921427726746,0.27485352754592896,0.5090025663375854,0.4235130250453949,-0.22344352304935455,0.5202019810676575,0.5408264994621277,0.20259612798690796,0.5108347535133362,0.5472303628921509,-0.20024728775024414,0.5192673802375793,0.5664117336273193,0.2009992152452469,0.5056892037391663,0.5723521709442139,-0.23952564597129822,0.5202810764312744,0.5671000480651855,0.16805821657180786,0.5124362111091614,0.5730277299880981,-0.22371500730514526,0.5200099945068359,0.555918276309967,0.183550164103508,0.5138099789619446,0.5637712478637695,-0.19398283958435059,0.4522065818309784,0.5139425992965698,0.13571786880493164,0.44248777627944946,0.5062142014503479,-0.13557960093021393,0.4761824309825897,0.7033793926239014,0.07863058149814606,0.4750002920627594,0.7121750116348267,-0.15841960906982422,0.4820963144302368,0.9202403426170349,0.15239669382572174,0.4830225706100464,0.928814172744751,-0.11383794248104095,0.47359833121299744,0.9530432224273682,0.15429110825061798,0.4734345078468323,0.9655593037605286,-0.11529967933893204,0.5352969765663147,0.9662361145019531,0.0542609877884388,0.5302887558937073,0.9722021222114563,-0.2332478165626526
romanian deadlift_200331.jpg,0.5460423231124878,0.20864751935005188,0.02099481225013733,0.5406425595283508,0.19095073640346527,0.04054044187068939,0.5397753119468689,0.19080135226249695,0.04047641530632973,0.5387195944786072,0.19061478972434998,0.04042787477374077,0.5392249822616577,0.19120000302791595,-0.0007096594199538231,0.5375102162361145,0.19126591086387634,-0.0007687452016398311,0.5355502963066101,0.19129732251167297,-0.0008731576381251216,0.5237535834312439,0.1963592916727066,0.1287480592727661,0.5201499462127686,0.1968928724527359,-0.054802875965833664,0.5412195920944214,0.22635258734226227,0.057256825268268585,0.5381036400794983,0.22559776902198792,0.004066028632223606,0.517468273639679,0.3074076771736145,0.2555284798145294,0.4959198832511902,0.28194335103034973,-0.17258745431900024,0.5160652995109558,0.41603532433509827,0.29270997643470764,0.49773386120796204,0.41091859340667725,-0.21451905369758606,0.5313369035720825,0.5070436000823975,0.22003653645515442,0.5135772228240967,0.5306578874588013,-0.17801865935325623,0.534199059009552,0.5276342034339905,0.21808139979839325,0.5090948939323425,0.5613579750061035,-0.21163585782051086,0.5402711033821106,0.5254087448120117,0.18676434457302094,0.5177023410797119,0.5599586367607117,-0.1956196129322052,0.5384166836738586,0.5184401869773865,0.20149919390678406,0.5174970626831055,0.5495498776435852,-0.170549675822258,0.4534769654273987,0.5210686326026917,0.13366717100143433,0.4439077377319336,0.5105565190315247,-0.13355645537376404,0.47670242190361023,0.7035623788833618,0.08053114265203476,0.4764379858970642,0.713452935218811,-0.16326665878295898,0.480155885219574,0.9146113991737366,0.13210679590702057,0.4826016128063202,0.9280324578285217,-0.15617980062961578,0.4631722569465637,0.9445258975028992,0.13180594146251678,0.47405150532722473,0.9643193483352661,-0.16183990240097046,0.5287542939186096,0.9653654098510742,0.04237926006317139,0.5314950346946716,0.9697527289390564,-0.2766518294811249
romanian deadlift_200341.jpg,0.5462967157363892,0.20899325609207153,-0.00537869380787015,0.5417667031288147,0.19046235084533691,0.01330640073865652,0.5410878658294678,0.19012495875358582,0.013254149816930294,0.5401066541671753,0.18978197872638702,0.013248610310256481,0.5389392971992493,0.18913084268569946,-0.03076298162341118,0.5365673899650574,0.1883450448513031,-0.030840449035167694,0.5337895750999451,0.1877395361661911,-0.030961740761995316,0.5242058634757996,0.1931636780500412,0.10433494299650192,0.5162951946258545,0.19134847819805145,-0.09204676002264023,0.54054856300354,0.2247222661972046,0.03256852924823761,0.5365209579467773,0.22264835238456726,-0.024200836196541786,0.5100716352462769,0.29662179946899414,0.25329506397247314,0.48465168476104736,0.2723637819290161,-0.21366317570209503,0.5154176950454712,0.4031772315502167,0.3020623028278351,0.49625736474990845,0.4102455675601959,-0.2558322548866272,0.5292654037475586,0.49538204073905945,0.21605020761489868,0.5156708359718323,0.5230243802070618,-0.19519014656543732,0.5301981568336487,0.5102423429489136,0.21264570951461792,0.5130783915519714,0.5535540580749512,-0.2248261719942093,0.5402156710624695,0.5141027569770813,0.18268433213233948,0.5200213193893433,0.5527385473251343,-0.21484233438968658,0.53801029920578,0.5061286687850952,0.19718757271766663,0.5202208757400513,0.539054811000824,-0.18843229115009308,0.4563581347465515,0.5264692306518555,0.1451532393693924,0.4609895646572113,0.5260482430458069,-0.14512374997138977,0.47610071301460266,0.71427321434021,0.11975552141666412,0.476919949054718,0.7143548727035522,-0.15531529486179352,0.47849783301353455,0.9140779376029968,0.179169699549675,0.4825020432472229,0.932698130607605,-0.14422602951526642,0.46599477529525757,0.945072591304779,0.177801713347435,0.47421103715896606,0.9675473570823669,-0.15180769562721252,0.5295088887214661,0.9559938907623291,0.09728077799081802,0.5390732288360596,0.9683427810668945,-0.27086639404296875
romanian deadlift_200351.jpg,0.5503906011581421,0.2164878398180008,-0.025707338005304337,0.5487335920333862,0.19855791330337524,-0.007174604572355747,0.548417866230011,0.198720782995224,-0.007199299521744251,0.5479104518890381,0.198746919631958,-0.0071967351250350475,0.5454704761505127,0.19584177434444427,-0.05120622366666794,0.5426232218742371,0.193931445479393,-0.051269128918647766,0.5392483472824097,0.19175177812576294,-0.051381491124629974,0.5312547087669373,0.1985761821269989,0.08915667235851288,0.5194119215011597,0.19120769202709198,-0.10792646557092667,0.5433259606361389,0.23277327418327332,0.01486635860055685,0.538827657699585,0.22997409105300903,-0.042355015873909,0.5139443874359131,0.3001047968864441,0.24035409092903137,0.4799979627132416,0.26140496134757996,-0.2227376252412796,0.5155228972434998,0.40995246171951294,0.29904356598854065,0.487713485956192,0.3977265954017639,-0.27449461817741394,0.5248949527740479,0.5136297345161438,0.21261507272720337,0.5134321451187134,0.5233843326568604,-0.24091395735740662,0.5243930220603943,0.5498678088188171,0.2100178748369217,0.5120618343353271,0.5602996349334717,-0.27224835753440857,0.5377593636512756,0.5466504693031311,0.18096189200878143,0.51883864402771,0.5600149035453796,-0.26329222321510315,0.5355262160301208,0.5380842685699463,0.1947907656431198,0.5185444355010986,0.5460047125816345,-0.23445568978786469,0.4736400246620178,0.5243016481399536,0.14411714673042297,0.465311735868454,0.5172694325447083,-0.14411380887031555,0.4763496518135071,0.717793881893158,0.133200541138649,0.47721225023269653,0.7164934873580933,-0.1629980355501175,0.4761982858181,0.9118584394454956,0.20851583778858185,0.4817022383213043,0.9329136610031128,-0.16757938265800476,0.46568891406059265,0.9451024532318115,0.20860916376113892,0.4724099040031433,0.9682670831680298,-0.1768132746219635,0.5308150053024292,0.9488676190376282,0.13650597631931305,0.5428749322891235,0.9663544297218323,-0.30420446395874023
romanian deadlift_200361.jpg,0.5614548921585083,0.2502516210079193,-0.026166923344135284,0.5623654127120972,0.23213498294353485,-0.006613161880522966,0.5620719194412231,0.23176062107086182,-0.006664060987532139,0.5618332028388977,0.23105038702487946,-0.006652573123574257,0.5617378354072571,0.22920356690883636,-0.05295608565211296,0.5604565739631653,0.22678592801094055,-0.0529903769493103,0.5587393641471863,0.2239808440208435,-0.05307399481534958,0.5502920746803284,0.22478674352169037,0.0864395797252655,0.5432577729225159,0.21879330277442932,-0.12176703661680222,0.5556842684745789,0.26419761776924133,0.013300653547048569,0.5526452660560608,0.2621695101261139,-0.04747699201107025,0.519463837146759,0.316045343875885,0.22862331569194794,0.495785653591156,0.2836497128009796,-0.23265594244003296,0.5108875036239624,0.4362795054912567,0.27851206064224243,0.49058035016059875,0.4168134033679962,-0.3015874922275543,0.5195055603981018,0.5453183054924011,0.21004919707775116,0.5047682523727417,0.5442559719085693,-0.34310662746429443,0.5196573734283447,0.5786515474319458,0.21765507757663727,0.5006968379020691,0.5763945579528809,-0.3847830891609192,0.5232748985290527,0.5779951810836792,0.18410271406173706,0.5073689818382263,0.5770033001899719,-0.3729240298271179,0.5216374397277832,0.5681893825531006,0.19214828312397003,0.5085304379463196,0.5640192031860352,-0.33774030208587646,0.4731319844722748,0.536143958568573,0.14157120883464813,0.46508359909057617,0.5262713432312012,-0.14152701199054718,0.48539528250694275,0.7207086086273193,0.0679868683218956,0.4863937199115753,0.7181205749511719,-0.16180872917175293,0.4765700399875641,0.917513370513916,0.07762368768453598,0.480875164270401,0.9406026005744934,-0.1830638200044632,0.46700039505958557,0.952379584312439,0.07157174497842789,0.46820828318595886,0.9715104103088379,-0.1942373365163803,0.539067268371582,0.9496473670005798,-0.00879279151558876,0.5442937612533569,0.9662379026412964,-0.31875622272491455
romanian deadlift_200371.jpg,0.5988188982009888,0.30328282713890076,0.005242603365331888,0.6035556793212891,0.28418678045272827,0.025459665805101395,0.6032682061195374,0.283370703458786,0.025403868407011032,0.6028867363929749,0.28226643800735474,0.025434207171201706,0.6016391515731812,0.27784740924835205,-0.022843386977910995,0.5999307632446289,0.27249497175216675,-0.02284051664173603,0.5980077385902405,0.26640427112579346,-0.022890646010637283,0.5845782160758972,0.26040711998939514,0.10641016066074371,0.5807822942733765,0.24864357709884644,-0.11011341214179993,0.5870229005813599,0.3134821653366089,0.039541635662317276,0.5842074155807495,0.30692610144615173,-0.023868422955274582,0.514805018901825,0.33068281412124634,0.2373194545507431,0.5114952921867371,0.28945934772491455,-0.22768543660640717,0.4756768047809601,0.4536592662334442,0.27066609263420105,0.4907883405685425,0.45041725039482117,-0.28249841928482056,0.4982388913631439,0.5739189386367798,0.21363607048988342,0.508451521396637,0.5886203050613403,-0.27441924810409546,0.5009577870368958,0.6047444939613342,0.22862811386585236,0.5082131028175354,0.6065422296524048,-0.31084850430488586,0.5111256241798401,0.6081336736679077,0.19521895051002502,0.5177310705184937,0.5808678269386292,-0.28861573338508606,0.5088614225387573,0.5969861745834351,0.19596494734287262,0.5170860290527344,0.5698865652084351,-0.2645346522331238,0.45159831643104553,0.5393051505088806,0.1432785540819168,0.45585981011390686,0.527580976486206,-0.14312484860420227,0.4923669099807739,0.7168813943862915,0.06725838780403137,0.4936825633049011,0.7179310321807861,-0.16589069366455078,0.4770828187465668,0.9176442623138428,0.07946836203336716,0.4812099039554596,0.9403132200241089,-0.19785942137241364,0.4679245054721832,0.9555121660232544,0.07456980645656586,0.46900904178619385,0.9717139601707458,-0.20800405740737915,0.5399154424667358,0.9481031894683838,0.006454144138842821,0.5449159741401672,0.9635887145996094,-0.3181096613407135
romanian deadlift_200381.jpg,0.6155067682266235,0.38232946395874023,-0.13367897272109985,0.622775673866272,0.36509382724761963,-0.12036829441785812,0.6221809387207031,0.3630580008029938,-0.12036251276731491,0.6214464902877808,0.3605523109436035,-0.1203140914440155,0.6224052906036377,0.36314934492111206,-0.17118282616138458,0.6215749979019165,0.3600441515445709,-0.17123927175998688,0.6205951571464539,0.35664570331573486,-0.17134782671928406,0.6062718629837036,0.33792436122894287,-0.049493204802274704,0.6072834134101868,0.33892080187797546,-0.2793247103691101,0.6028858423233032,0.384182870388031,-0.10025545209646225,0.6020697951316833,0.38162294030189514,-0.16780778765678406,0.5180919170379639,0.364573210477829,0.10393604636192322,0.5310652256011963,0.3581486940383911,-0.3754671812057495,0.4853918254375458,0.5017611384391785,0.16676722466945648,0.5022372603416443,0.5025262832641602,-0.4141916334629059,0.5070868134498596,0.6347751021385193,0.15319275856018066,0.5099334120750427,0.6500259637832642,-0.3762671649456024,0.5141599774360657,0.6658321022987366,0.18151196837425232,0.5127944350242615,0.6864036321640015,-0.41405078768730164,0.5258568525314331,0.6757880449295044,0.14222930371761322,0.5260080695152283,0.6812601685523987,-0.3932211101055145,0.5220829248428345,0.6638997793197632,0.13564147055149078,0.5217688679695129,0.6669699549674988,-0.36598923802375793,0.4548646807670593,0.5645949840545654,0.1526041477918625,0.452852338552475,0.5682902932167053,-0.1525956094264984,0.5034633874893188,0.7128012776374817,0.2285952866077423,0.4930659532546997,0.7195016741752625,-0.16754427552223206,0.4786280393600464,0.917579710483551,0.3929629921913147,0.48055168986320496,0.942756712436676,-0.1881905198097229,0.4709204137325287,0.9531220197677612,0.4037686586380005,0.4692021310329437,0.9722519516944885,-0.1970633566379547,0.542814314365387,0.948391318321228,0.36242660880088806,0.5474912524223328,0.9656006097793579,-0.30961814522743225
romanian deadlift_200391.jpg,0.6282461881637573,0.43833503127098083,-0.24094834923744202,0.6377731561660767,0.42571279406547546,-0.2326449602842331,0.6370879411697388,0.4244471788406372,-0.2326543629169464,0.6362351775169373,0.4230114817619324,-0.23261244595050812,0.6380825638771057,0.42365825176239014,-0.27918270230293274,0.6375037431716919,0.42104122042655945,-0.2793084681034088,0.6367051601409912,0.4183885455131531,-0.27941426634788513,0.6233604550361633,0.4008336365222931,-0.17075495421886444,0.6227730512619019,0.39743533730506897,-0.3828079104423523,0.6140879988670349,0.4379996061325073,-0.20933771133422852,0.6139810681343079,0.4353426694869995,-0.2716245949268341,0.5399903059005737,0.40966394543647766,-0.026363231241703033,0.5371549725532532,0.41054317355155945,-0.4486102759838104,0.488045334815979,0.534508466720581,0.029137760400772095,0.5047142505645752,0.5531626343727112,-0.48685842752456665,0.48729780316352844,0.6648257970809937,0.0038205201271921396,0.5097226500511169,0.6979328393936157,-0.4710388481616974,0.4826461970806122,0.7033870816230774,0.015486210584640503,0.5118330121040344,0.7379864454269409,-0.5188403725624084,0.4919198751449585,0.7115362286567688,-0.017713291570544243,0.5255844593048096,0.7432732582092285,-0.5017879605293274,0.4904327392578125,0.6970040798187256,-0.012107489630579948,0.5214515328407288,0.7299491763114929,-0.46338218450546265,0.4617311358451843,0.5904579162597656,0.14508433640003204,0.4452042877674103,0.5883616805076599,-0.14512401819229126,0.4995899498462677,0.7342410683631897,0.19766370952129364,0.49147528409957886,0.7201105952262878,-0.29504117369651794,0.4792104959487915,0.9324982762336731,0.3603295683860779,0.48131608963012695,0.9424143433570862,-0.2282058298587799,0.4709514081478119,0.9632353186607361,0.37015441060066223,0.46948763728141785,0.9717351198196411,-0.22794176638126373,0.543181836605072,0.9545161128044128,0.30033841729164124,0.548828661441803,0.9654982686042786,-0.3462001085281372
romanian deadlift_200401.jpg,0.6321017146110535,0.4965701997280121,-0.17202991247177124,0.644393265247345,0.4832582175731659,-0.16026447713375092,0.6437971591949463,0.48167288303375244,-0.16025333106517792,0.6431333422660828,0.479801207780838,-0.1601768136024475,0.6452485918998718,0.4817650616168976,-0.2050299197435379,0.6451218128204346,0.4793640673160553,-0.205143541097641,0.6448427438735962,0.47677314281463623,-0.20526394248008728,0.6330270767211914,0.4575895071029663,-0.09397101402282715,0.6342135667800903,0.4567808508872986,-0.2979806065559387,0.6184918284416199,0.49431610107421875,-0.1406259685754776,0.6181837916374207,0.49252742528915405,-0.20051585137844086,0.5533488392829895,0.44939109683036804,0.033482082188129425,0.5573970675468445,0.457364559173584,-0.37347400188446045,0.4887629747390747,0.5540476441383362,0.05726640298962593,0.5112898945808411,0.5914297699928284,-0.42513003945350647,0.48455238342285156,0.6867386102676392,0.023949261754751205,0.5086108446121216,0.7286325097084045,-0.40937015414237976,0.48171624541282654,0.7077206373214722,0.04098183289170265,0.5080620050430298,0.7678001523017883,-0.45191171765327454,0.4922197163105011,0.7249378561973572,0.007367867510765791,0.5176305174827576,0.7739729285240173,-0.4256677031517029,0.4910421371459961,0.7081016898155212,0.008129262365400791,0.5164654850959778,0.7610641717910767,-0.3980131149291992,0.47145888209342957,0.6362290978431702,0.13203898072242737,0.46147817373275757,0.63923180103302,-0.13206852972507477,0.4937848746776581,0.772304356098175,0.19353646039962769,0.49117711186408997,0.7251042723655701,-0.2713836431503296,0.4894089102745056,0.9422274231910706,0.3426171839237213,0.48957714438438416,0.9414098858833313,-0.0879899337887764,0.4771733283996582,0.9705750346183777,0.3525174856185913,0.48020535707473755,0.9655449986457825,-0.08240287005901337,0.5430311560630798,0.9569955468177795,0.29325589537620544,0.5480746626853943,0.960077166557312,-0.16501083970069885
romanian deadlift_200411.jpg,0.6312109231948853,0.5313876271247864,-0.17078682780265808,0.6429387331008911,0.5219004154205322,-0.16193221509456635,0.6428377032279968,0.5198497772216797,-0.16194286942481995,0.642606794834137,0.517162024974823,-0.1619001179933548,0.6426986455917358,0.5198915600776672,-0.20428292453289032,0.6424051523208618,0.5167480111122131,-0.2044072151184082,0.6420329809188843,0.5132635831832886,-0.20452557504177094,0.6343745589256287,0.4904709756374359,-0.10305391252040863,0.6346393823623657,0.4909989535808563,-0.29724249243736267,0.6193228363990784,0.527060329914093,-0.1420108675956726,0.6186174750328064,0.5245866179466248,-0.1988057643175125,0.5673973560333252,0.47937095165252686,-0.0007071852451190352,0.5599643588066101,0.485843688249588,-0.3498292565345764,0.5017910003662109,0.575840413570404,0.027629179880023003,0.5141392350196838,0.6168089509010315,-0.4017089903354645,0.48765116930007935,0.6761986017227173,-0.017888279631733894,0.5086606740951538,0.7564660906791687,-0.38788726925849915,0.483480304479599,0.7032122015953064,-0.00812100525945425,0.5072298645973206,0.7947021722793579,-0.4295959174633026,0.4931430518627167,0.714000940322876,-0.040303926914930344,0.5159098505973816,0.7996079325675964,-0.4021253287792206,0.4941984713077545,0.7055292129516602,-0.033108990639448166,0.5151331424713135,0.7877836227416992,-0.3761517405509949,0.4782773554325104,0.6579363346099854,0.09406525641679764,0.46247145533561707,0.6484537720680237,-0.09402729570865631,0.48530617356300354,0.7890857458114624,0.11950119584798813,0.45858505368232727,0.6893247961997986,-0.17117738723754883,0.48963651061058044,0.9504109621047974,0.2480005919933319,0.4877937138080597,0.8522239923477173,0.010339779779314995,0.4786185324192047,0.9733679890632629,0.2572784125804901,0.48301979899406433,0.8720104694366455,0.02204645611345768,0.5257712602615356,0.97407066822052,0.19163092970848083,0.5205490589141846,0.8933753371238708,-0.03636806458234787
romanian deadlift_200421.jpg,0.6301635503768921,0.5496128797531128,-0.172159805893898,0.6423218250274658,0.5375824570655823,-0.1631879359483719,0.6421813368797302,0.5354984402656555,-0.16319531202316284,0.6419063210487366,0.5329723358154297,-0.16318152844905853,0.6424077749252319,0.5363410711288452,-0.206705704331398,0.6424251794815063,0.5335955023765564,-0.20680880546569824,0.6424239873886108,0.5305427312850952,-0.2069176584482193,0.6346606612205505,0.5093364715576172,-0.10609682649374008,0.6360878348350525,0.5073087215423584,-0.30601561069488525,0.6179338097572327,0.542788028717041,-0.14429382979869843,0.6175693869590759,0.5419125556945801,-0.20263630151748657,0.5673786401748657,0.4874824583530426,0.002033035736531019,0.5612095594406128,0.5017873048782349,-0.3642614185810089,0.5068996548652649,0.6113584041595459,0.03257594257593155,0.5156382322311401,0.6386392116546631,-0.4071941375732422,0.4885651469230652,0.7324369549751282,-0.0006024896865710616,0.5081919431686401,0.7734287977218628,-0.3790545165538788,0.4848676025867462,0.7691279053688049,0.012347114272415638,0.5051144361495972,0.8128377199172974,-0.41993096470832825,0.49674180150032043,0.7792051434516907,-0.021634666249155998,0.5111859440803528,0.8183724284172058,-0.39495575428009033,0.4964333176612854,0.763988733291626,-0.016795756295323372,0.5113573670387268,0.8072190284729004,-0.36853811144828796,0.4718303680419922,0.6478024125099182,0.09750139713287354,0.4580356180667877,0.643789529800415,-0.09754712134599686,0.4835607707500458,0.7764369249343872,0.1304328590631485,0.4645833373069763,0.6983340978622437,-0.13305136561393738,0.49056774377822876,0.946003794670105,0.2658924460411072,0.48825690150260925,0.8840690851211548,0.027510857209563255,0.4828849136829376,0.9708881974220276,0.27805861830711365,0.48536962270736694,0.9080736637115479,0.03864945098757744,0.5267149209976196,0.9798011779785156,0.23646308481693268,0.5234788656234741,0.913335919380188,-0.02119639329612255
romanian deadlift_200431.jpg,0.6287046670913696,0.5518060326576233,-0.18920329213142395,0.6422268152236938,0.5418789386749268,-0.1782514899969101,0.6420199871063232,0.5400781035423279,-0.1782708615064621,0.6416913270950317,0.5379536151885986,-0.17827662825584412,0.6423612833023071,0.5396258234977722,-0.22434431314468384,0.6422508358955383,0.5364377498626709,-0.22443844377994537,0.6420865654945374,0.5331206321716309,-0.2245808094739914,0.6344177722930908,0.5128488540649414,-0.11452365666627884,0.635471522808075,0.5107200145721436,-0.32640087604522705,0.6150415539741516,0.5447338819503784,-0.15853191912174225,0.6145904064178467,0.541309118270874,-0.22025634348392487,0.566189169883728,0.4939078092575073,-0.0009939192095771432,0.5645912885665894,0.5042844414710999,-0.38290444016456604,0.5083729028701782,0.6334139704704285,0.03438098728656769,0.5170409679412842,0.6487079858779907,-0.417892724275589,0.49004751443862915,0.7610917091369629,-0.0004052510194014758,0.5075544118881226,0.7842481732368469,-0.3876117169857025,0.48875728249549866,0.7986730933189392,0.010181102901697159,0.5032448768615723,0.8207985758781433,-0.43048879504203796,0.4986110329627991,0.8035517334938049,-0.02550513483583927,0.5086608529090881,0.826971173286438,-0.4095022976398468,0.4979749023914337,0.7912420630455017,-0.017505155876278877,0.5093362927436829,0.8134324550628662,-0.37888094782829285,0.468331903219223,0.6550074219703674,0.10442499816417694,0.4581109285354614,0.6646569967269897,-0.1045161560177803,0.46153074502944946,0.7759361863136292,0.25422990322113037,0.4622317850589752,0.758698582649231,-0.02481217123568058,0.4702145457267761,0.9179867506027222,0.4541774094104767,0.47493788599967957,0.911126434803009,0.15231673419475555,0.4671575725078583,0.9368314146995544,0.47371119260787964,0.45779746770858765,0.9301400780677795,0.16595607995986938,0.5021446347236633,0.9724458456039429,0.4551598131656647,0.5016244649887085,0.9521704912185669,0.10466316342353821
romanian deadlift_200441.jpg,0.6298962831497192,0.5135564208030701,-0.1680300533771515,0.6423672437667847,0.5024023056030273,-0.1597299873828888,0.6422075629234314,0.5007358193397522,-0.15968459844589233,0.6419200301170349,0.4986499845981598,-0.1595783233642578,0.6422935724258423,0.5002110004425049,-0.20137976109981537,0.6421244144439697,0.4973730444908142,-0.20147709548473358,0.6418739557266235,0.4942881166934967,-0.20159883797168732,0.6340776085853577,0.4757426083087921,-0.10759354382753372,0.634832501411438,0.4728107154369354,-0.2974887490272522,0.6167041063308716,0.5100029110908508,-0.13793832063674927,0.6161877512931824,0.5077332854270935,-0.1966395378112793,0.5645716190338135,0.4725721478462219,0.04203670844435692,0.5619905591011047,0.4702035188674927,-0.37685680389404297,0.515112578868866,0.6064987182617188,0.07003118097782135,0.5194486975669861,0.614761471748352,-0.4245530664920807,0.49350374937057495,0.7262234091758728,0.02695310488343239,0.5075681209564209,0.7538261413574219,-0.38934510946273804,0.489443838596344,0.7615048885345459,0.044657643884420395,0.5033262968063354,0.789211094379425,-0.43192920088768005,0.49883654713630676,0.768017053604126,0.006988134700804949,0.509053111076355,0.7949360609054565,-0.4093857407569885,0.49822819232940674,0.7543087601661682,0.0076894611120224,0.5096378922462463,0.7833754420280457,-0.3795884847640991,0.4514543116092682,0.6451733112335205,0.11669476330280304,0.44785425066947937,0.6389596462249756,-0.11690074950456619,0.46747472882270813,0.7746812701225281,0.2053181380033493,0.486456960439682,0.7662075757980347,-0.051296211779117584,0.48466727137565613,0.932215690612793,0.35209861397743225,0.48936405777931213,0.9267677068710327,0.08601270616054535,0.48015832901000977,0.9552741050720215,0.3632865250110626,0.47511783242225647,0.9603391885757446,0.09374482929706573,0.5193658471107483,0.9712578058242798,0.31694135069847107,0.5221293568611145,0.959832489490509,0.019981859251856804
romanian deadlift_200451.jpg,0.6254254579544067,0.3514644503593445,-0.0356871522963047,0.632625937461853,0.3363885283470154,-0.018503105267882347,0.6327069997787476,0.33576932549476624,-0.01860930770635605,0.6328047513961792,0.33493897318840027,-0.01869196444749832,0.6301459670066833,0.3331656754016876,-0.06308935582637787,0.6281774640083313,0.3302065432071686,-0.06311706453561783,0.6258941292762756,0.32666826248168945,-0.06320412456989288,0.617007315158844,0.317425400018692,0.06333562731742859,0.6098352074623108,0.31069934368133545,-0.13709278404712677,0.6131201982498169,0.3604494631290436,-0.0006538726156577468,0.609925389289856,0.3560310900211334,-0.059170421212911606,0.552571713924408,0.3774760663509369,0.2083890438079834,0.5491636395454407,0.35731765627861023,-0.2567943334579468,0.5131252408027649,0.4980106055736542,0.23837347328662872,0.5164549946784973,0.49698159098625183,-0.29325148463249207,0.514372706413269,0.6231806874275208,0.15697169303894043,0.5151843428611755,0.6299627423286438,-0.24367836117744446,0.5134819746017456,0.6604946255683899,0.15917596220970154,0.5092118978500366,0.6585894823074341,-0.27823880314826965,0.5212870240211487,0.6504268050193787,0.12437908351421356,0.5179590582847595,0.6543096899986267,-0.2641131281852722,0.5214746594429016,0.6410307288169861,0.13752110302448273,0.5195168256759644,0.6443615555763245,-0.2363724559545517,0.432980477809906,0.5434386134147644,0.13813020288944244,0.42484065890312195,0.5353940725326538,-0.1379588544368744,0.47147780656814575,0.7149226069450378,0.17443327605724335,0.48518702387809753,0.7245162725448608,-0.10460540652275085,0.4844118356704712,0.9232428073883057,0.24801234900951385,0.4887453019618988,0.9364184141159058,-0.06591720879077911,0.47648781538009644,0.9562876224517822,0.25061607360839844,0.47277551889419556,0.972369909286499,-0.06471498310565948,0.5333184599876404,0.9643452167510986,0.19161197543144226,0.537080705165863,0.9649531245231628,-0.1560400426387787
romanian deadlift_200461.jpg,0.5685545206069946,0.2270396500825882,0.060935117304325104,0.563910722732544,0.20735348761081696,0.08540407568216324,0.5630483031272888,0.20718930661678314,0.08535180985927582,0.5620563626289368,0.20689281821250916,0.08529816567897797,0.5621369481086731,0.2068634033203125,0.04442671313881874,0.5600124001502991,0.20646435022354126,0.04435982555150986,0.5575944781303406,0.20583508908748627,0.044231854379177094,0.5474126935005188,0.21108773350715637,0.17962335050106049,0.5392201542854309,0.20858663320541382,-0.0030657669994980097,0.5613144636154175,0.24529102444648743,0.09771838039159775,0.5578199625015259,0.2427983582019806,0.04448907822370529,0.523685872554779,0.32712844014167786,0.2874068021774292,0.5130638480186462,0.3084467053413391,-0.1342228502035141,0.5157786011695862,0.45103150606155396,0.3049289286136627,0.5030695199966431,0.4420340359210968,-0.21559423208236694,0.5119867324829102,0.5778985619544983,0.22550995647907257,0.50809645652771,0.5616344213485718,-0.23409625887870789,0.5111681818962097,0.6119203567504883,0.22585350275039673,0.5036572217941284,0.5921725630760193,-0.27550268173217773,0.5180489420890808,0.6129615306854248,0.19274991750717163,0.5110922455787659,0.5930861830711365,-0.2529677450656891,0.517768919467926,0.596379280090332,0.20641151070594788,0.5121654272079468,0.5819821953773499,-0.22607748210430145,0.43998491764068604,0.5111666321754456,0.1370294988155365,0.4321405589580536,0.509099006652832,-0.13686850666999817,0.4719727337360382,0.7185923457145691,0.14352983236312866,0.4805002808570862,0.722107470035553,-0.13058646023273468,0.4834902584552765,0.9240168333053589,0.23991645872592926,0.48553088307380676,0.9350062608718872,-0.07795286178588867,0.4757223427295685,0.9569650292396545,0.24570848047733307,0.47209468483924866,0.9678529500961304,-0.07623011618852615,0.5332762002944946,0.9643520712852478,0.15675635635852814,0.5365744829177856,0.9682410955429077,-0.18892574310302734
romanian deadlift_200471.jpg,0.5370082855224609,0.19738128781318665,-0.042118072509765625,0.5303701758384705,0.18511871993541718,-0.02338048815727234,0.5295507907867432,0.18559230864048004,-0.023419281467795372,0.5285698175430298,0.186209037899971,-0.023447591811418533,0.5282865166664124,0.18504253029823303,-0.06473787873983383,0.526142954826355,0.18542827665805817,-0.0647909864783287,0.5237816572189331,0.18598543107509613,-0.06489508599042892,0.5153092741966248,0.19693787395954132,0.0634114071726799,0.5095658898353577,0.1968929022550583,-0.1154080182313919,0.5333314538002014,0.21532581746578217,-0.007346943486481905,0.5305579900741577,0.215376615524292,-0.06164661794900894,0.5199970602989197,0.31585073471069336,0.18999461829662323,0.5051341652870178,0.2997613847255707,-0.22542373836040497,0.5148846507072449,0.4409027099609375,0.2273728847503662,0.4939940571784973,0.41371917724609375,-0.29515933990478516,0.5132962465286255,0.5532510876655579,0.17607754468917847,0.5077442526817322,0.5468317866325378,-0.2631293833255768,0.5119195580482483,0.5815950036048889,0.18225954473018646,0.5007356405258179,0.5800400376319885,-0.31019267439842224,0.5170527696609497,0.584873616695404,0.14430825412273407,0.5075501799583435,0.5826248526573181,-0.29609599709510803,0.5158208608627319,0.5751805305480957,0.15659041702747345,0.5096728205680847,0.5714305639266968,-0.2307296097278595,0.44859734177589417,0.5116043090820312,0.13868191838264465,0.4358881413936615,0.5049853324890137,-0.13856370747089386,0.4752488136291504,0.7054026126861572,0.09952648729085922,0.4812164902687073,0.7212045192718506,-0.1533091962337494,0.4835126996040344,0.9216615557670593,0.17340914905071259,0.48523128032684326,0.9352955222129822,-0.13896366953849792,0.47579747438430786,0.9565090537071228,0.17636707425117493,0.47201988101005554,0.9690902829170227,-0.14462246000766754,0.5393145084381104,0.9627293944358826,0.08084697276353836,0.539732813835144,0.9696755409240723,-0.2704735994338989
romanian deadlift_200481.jpg,0.5240250825881958,0.19385527074337006,-0.10228949040174484,0.5139350891113281,0.18222472071647644,-0.07953450828790665,0.5130043625831604,0.18299488723278046,-0.07955686002969742,0.5120561718940735,0.18401779234409332,-0.07961049675941467,0.5125340223312378,0.1836274266242981,-0.11487152427434921,0.5106611251831055,0.18538197875022888,-0.11492869257926941,0.5085917711257935,0.18751932680606842,-0.1150282621383667,0.5004887580871582,0.19997216761112213,0.057908881455659866,0.4963206648826599,0.20299239456653595,-0.15900763869285583,0.5230213403701782,0.21363523602485657,-0.05922897160053253,0.5204203724861145,0.21485267579555511,-0.10199125111103058,0.5120260715484619,0.3128598630428314,0.16343393921852112,0.49836865067481995,0.3012176752090454,-0.25276821851730347,0.5165396928787231,0.4248407483100891,0.22466573119163513,0.4933798015117645,0.42810317873954773,-0.28934791684150696,0.5331120491027832,0.5003871321678162,0.167372927069664,0.5089569687843323,0.5470021367073059,-0.26866915822029114,0.5364457964897156,0.5141324400901794,0.17021165788173676,0.5035739541053772,0.5780302882194519,-0.30765867233276367,0.5449404120445251,0.48557984828948975,0.13831351697444916,0.5114076733589172,0.5796733498573303,-0.29617878794670105,0.5420147180557251,0.5071775913238525,0.1503378003835678,0.5126650929450989,0.5659478306770325,-0.26043176651000977,0.45873817801475525,0.5205389857292175,0.13667504489421844,0.4573562741279602,0.5237352848052979,-0.13657177984714508,0.4764029085636139,0.7093371748924255,0.07995530217885971,0.48385584354400635,0.7216501235961914,-0.17672710120677948,0.48330157995224,0.9216112494468689,0.13775280117988586,0.4849252700805664,0.9368633031845093,-0.1899736076593399,0.47495076060295105,0.9561858177185059,0.13815897703170776,0.47179797291755676,0.9691029191017151,-0.19896715879440308,0.538877546787262,0.9609792232513428,0.038722291588783264,0.5390841364860535,0.9698688983917236,-0.32871589064598083
romanian deadlift_300001.jpg,0.4095446467399597,0.3178359568119049,-0.07649614661931992,0.40632420778274536,0.2759281396865845,-0.08915606886148453,0.4076884388923645,0.26691684126853943,-0.08921656012535095,0.40926021337509155,0.2563108801841736,-0.08924119919538498,0.4055468440055847,0.28730452060699463,-0.05825519561767578,0.40610450506210327,0.2883792817592621,-0.05816543474793434,0.4066615402698517,0.28954824805259705,-0.05818617343902588,0.42661455273628235,0.23689693212509155,-0.16162322461605072,0.4216475188732147,0.28561294078826904,0.013253504410386086,0.42129117250442505,0.328418493270874,-0.08767931163311005,0.41944557428359985,0.3336944282054901,-0.04458038881421089,0.4790133833885193,0.3359537422657013,-0.2693365812301636,0.4786471426486969,0.38323715329170227,0.12292713671922684,0.4911733567714691,0.5010571479797363,-0.3379825949668884,0.48096171021461487,0.5042019486427307,0.18792065978050232,0.46152380108833313,0.6270564794540405,-0.3032447397708893,0.44771209359169006,0.5512945652008057,0.16005270183086395,0.45471805334091187,0.6570947170257568,-0.33561262488365173,0.43240252137184143,0.5953511595726013,0.17520292103290558,0.4466401934623718,0.6523153781890869,-0.3191818296909332,0.42742934823036194,0.5908203721046448,0.1381271481513977,0.44877493381500244,0.6449690461158752,-0.29473763704299927,0.4334453046321869,0.5902538895606995,0.1431421935558319,0.4322323203086853,0.6270973086357117,-0.12379022687673569,0.42829805612564087,0.6223925948143005,0.12360204011201859,0.3869156539440155,0.8222335577011108,-0.12870903313159943,0.3792489171028137,0.7868527770042419,0.11864370852708817,0.43240293860435486,1.0007901191711426,-0.08989134430885315,0.4064921736717224,0.9607323408126831,0.1769113689661026,0.4561136066913605,1.0304179191589355,-0.08735428750514984,0.4239221215248108,0.9861937761306763,0.18053092062473297,0.39744454622268677,1.0458667278289795,-0.15752220153808594,0.38361856341362,1.024204134941101,0.12614887952804565
romanian deadlift_300011.jpg,0.42131802439689636,0.3301699161529541,-0.040768008679151535,0.42617306113243103,0.30499371886253357,-0.061618372797966,0.4289129972457886,0.301259309053421,-0.061733677983284,0.4315018057823181,0.2970597743988037,-0.06182157248258591,0.42087382078170776,0.3093101680278778,-0.0179209653288126,0.4198990762233734,0.3090883791446686,-0.017873920500278473,0.41881611943244934,0.3086226284503937,-0.0179011020809412,0.4431956112384796,0.28210893273353577,-0.1031588613986969,0.4319690763950348,0.2986702024936676,0.0770217701792717,0.4318067729473114,0.33962303400039673,-0.05958342179656029,0.42548254132270813,0.3423570990562439,-0.0001921618531923741,0.4781019389629364,0.3370072841644287,-0.2120475322008133,0.47652286291122437,0.39239639043807983,0.20327281951904297,0.4834502637386322,0.5206164717674255,-0.2898678779602051,0.47235962748527527,0.5064317584037781,0.26628386974334717,0.44714421033859253,0.6370210647583008,-0.2675574719905853,0.44329991936683655,0.5760127305984497,0.21501854062080383,0.44008222222328186,0.670883297920227,-0.30393072962760925,0.4351798892021179,0.5982308387756348,0.21673086285591125,0.4286706745624542,0.6697717905044556,-0.29663291573524475,0.4306638538837433,0.5926888585090637,0.18102002143859863,0.43024128675460815,0.6591391563415527,-0.26228243112564087,0.43452563881874084,0.5870372653007507,0.1961006224155426,0.4377288818359375,0.6333033442497253,-0.1316073089838028,0.4439118504524231,0.6322270035743713,0.1315276175737381,0.4163047671318054,0.8135390281677246,-0.1209651529788971,0.42635485529899597,0.7983057498931885,0.11106600612401962,0.4494147300720215,1.0017286539077759,-0.06556513905525208,0.418300598859787,0.9826515913009644,0.18046008050441742,0.4676409661769867,1.0318998098373413,-0.06194230169057846,0.4713631868362427,1.0109233856201172,0.18585309386253357,0.4076725244522095,1.0500832796096802,-0.1437625288963318,0.43211790919303894,1.0361113548278809,0.1275794953107834
romanian deadlift_300021.jpg,0.4342775344848633,0.3219458758831024,-0.09342536330223083,0.4406570494174957,0.30420660972595215,-0.12156553566455841,0.44343775510787964,0.3032169044017792,-0.12160579860210419,0.44624409079551697,0.302128404378891,-0.12168342620134354,0.43561017513275146,0.3056406080722809,-0.025705821812152863,0.43482160568237305,0.30568310618400574,-0.02565980702638626,0.4338406026363373,0.3056409955024719,-0.025343362241983414,0.46005216240882874,0.300054669380188,-0.15680474042892456,0.44521012902259827,0.3053600490093231,-0.006314411293715239,0.44198015332221985,0.3348315358161926,-0.1064588874578476,0.4358038902282715,0.3355294466018677,-0.049853257834911346,0.4776569604873657,0.3493764102458954,-0.2570439875125885,0.4842744469642639,0.3918720781803131,0.15470102429389954,0.4767999053001404,0.522775411605835,-0.3227422535419464,0.47856923937797546,0.4587574899196625,0.3286478817462921,0.44473400712013245,0.6441312432289124,-0.2942067086696625,0.45590633153915405,0.44249531626701355,0.44118109345436096,0.4389392137527466,0.6780000329017639,-0.31894350051879883,0.4496272802352905,0.4386224150657654,0.4745212495326996,0.43169307708740234,0.6791568994522095,-0.3225153088569641,0.4439748525619507,0.43255284428596497,0.4481693208217621,0.4342183470726013,0.6665971279144287,-0.291687935590744,0.44663164019584656,0.4363812208175659,0.43098777532577515,0.45212122797966003,0.6370620131492615,-0.12963949143886566,0.4729517102241516,0.6318977475166321,0.12961561977863312,0.4294987618923187,0.8260616064071655,-0.0909251868724823,0.4479770362377167,0.8098686933517456,0.154296413064003,0.4531708359718323,0.9868273138999939,-0.015033314004540443,0.444999098777771,0.9679775834083557,0.2583310306072235,0.48467037081718445,1.0345507860183716,-0.009573047049343586,0.49874934554100037,1.005295753479004,0.2655723989009857,0.4229009747505188,1.0241671800613403,-0.08494433015584946,0.43797916173934937,1.0036150217056274,0.21291160583496094
romanian deadlift_300031.jpg,0.42305058240890503,0.31582391262054443,-0.07530216127634048,0.42803308367729187,0.301315039396286,-0.10721707344055176,0.4301844537258148,0.30075713992118835,-0.10726172477006912,0.4322287142276764,0.300190806388855,-0.10731790214776993,0.4253026843070984,0.3022173047065735,-0.04890095070004463,0.4254549741744995,0.3023237884044647,-0.048895761370658875,0.4255164861679077,0.3024199306964874,-0.04895266517996788,0.44791948795318604,0.3020780682563782,-0.16332265734672546,0.44112104177474976,0.3044179081916809,0.015375410206615925,0.4327458441257477,0.32915571331977844,-0.09419034421443939,0.42917436361312866,0.3297831118106842,-0.03819786384701729,0.4735007584095001,0.3617517352104187,-0.2799600660800934,0.48652002215385437,0.38951876759529114,0.14762148261070251,0.46961402893066406,0.5224863886833191,-0.3344808518886566,0.4800107181072235,0.4918457865715027,0.20123188197612762,0.4387686550617218,0.6489921808242798,-0.2971964180469513,0.4581829905509949,0.568276047706604,0.15832050144672394,0.43451398611068726,0.681708037853241,-0.33521395921707153,0.4521341323852539,0.5941131711006165,0.1677405834197998,0.42821380496025085,0.6819763779640198,-0.32429611682891846,0.4487730860710144,0.5910196304321289,0.13151797652244568,0.4297735393047333,0.6705447435379028,-0.2899179458618164,0.45065465569496155,0.5760452747344971,0.1413765698671341,0.4606296420097351,0.6423342227935791,-0.1292843222618103,0.47991225123405457,0.6363638639450073,0.1291934847831726,0.4460020959377289,0.8378028273582458,-0.08289466798305511,0.460372656583786,0.8234843611717224,0.15766148269176483,0.45484334230422974,1.0137572288513184,-0.002617082791402936,0.4571874439716339,0.9759005904197693,0.25705304741859436,0.48744040727615356,1.0481401681900024,0.0015941826859489083,0.49584004282951355,1.0116503238677979,0.2642870545387268,0.4188525378704071,1.0490307807922363,-0.08639059960842133,0.4398535490036011,1.0153096914291382,0.20256738364696503
romanian deadlift_300041.jpg,0.41350820660591125,0.3229050040245056,-0.04110166057944298,0.4181898236274719,0.30850037932395935,-0.07326822727918625,0.42011481523513794,0.30777785181999207,-0.07322503626346588,0.42209914326667786,0.30701684951782227,-0.07323126494884491,0.4171638786792755,0.309081494808197,-0.02847401425242424,0.4183131456375122,0.30881309509277344,-0.028477312996983528,0.41970959305763245,0.3084903955459595,-0.028656773269176483,0.44102248549461365,0.30657291412353516,-0.14431537687778473,0.44003260135650635,0.30837371945381165,0.016242604702711105,0.423672616481781,0.3301946818828583,-0.07245992124080658,0.42226943373680115,0.3316091299057007,-0.017029106616973877,0.4690149128437042,0.3655216097831726,-0.24817772209644318,0.49214765429496765,0.3892623782157898,0.11925085633993149,0.4650648832321167,0.5274736285209656,-0.30230093002319336,0.4818098247051239,0.505250096321106,0.16913321614265442,0.43589040637016296,0.6537984013557434,-0.2774757444858551,0.46176984906196594,0.5997938513755798,0.1322612464427948,0.43401819467544556,0.6859543323516846,-0.31428080797195435,0.45588210225105286,0.6518661379814148,0.1410055309534073,0.427568644285202,0.6853100657463074,-0.30570676922798157,0.45839473605155945,0.6526997089385986,0.10318432748317719,0.428308367729187,0.6740272641181946,-0.27197954058647156,0.4555988311767578,0.6151898503303528,0.11570204794406891,0.461812287569046,0.6368280053138733,-0.10793112218379974,0.4899963140487671,0.6342436075210571,0.10792040824890137,0.4480229616165161,0.8282949924468994,-0.05972499027848244,0.4729708135128021,0.8237379193305969,0.13657578825950623,0.4521062672138214,1.0077077150344849,0.02025166153907776,0.4722658395767212,0.982372522354126,0.22822509706020355,0.47541943192481995,1.0417449474334717,0.025673339143395424,0.5009225606918335,1.0286248922348022,0.23329704999923706,0.41486087441444397,1.036660075187683,-0.03731582313776016,0.4442976713180542,1.0192211866378784,0.17176100611686707
romanian deadlift_300051.jpg,0.40555429458618164,0.33681899309158325,0.06280507147312164,0.40740448236465454,0.317707896232605,0.02847791649401188,0.4088578522205353,0.31674593687057495,0.02847086451947689,0.41032060980796814,0.3157478868961334,0.028437193483114243,0.4070984423160553,0.31798747181892395,0.06839807331562042,0.40829306840896606,0.3173394203186035,0.06844890862703323,0.4096318781375885,0.31653258204460144,0.06834076344966888,0.42710673809051514,0.3128472566604614,-0.10829541832208633,0.4285180866718292,0.31189948320388794,0.0868869498372078,0.415815144777298,0.34738704562187195,0.025095051154494286,0.4152875542640686,0.3477509617805481,0.07620284706354141,0.4630611538887024,0.36940455436706543,-0.20674797892570496,0.49473369121551514,0.3886933922767639,0.1663178652524948,0.4653157591819763,0.528307318687439,-0.26546165347099304,0.5507400631904602,0.48951759934425354,0.21722155809402466,0.44110408425331116,0.6536200046539307,-0.24842901527881622,0.5512128472328186,0.5686942338943481,0.198811873793602,0.4385932683944702,0.6865332126617432,-0.28285104036331177,0.556710958480835,0.592662513256073,0.21096748113632202,0.4317268431186676,0.6858580708503723,-0.2703351080417633,0.5466292500495911,0.5907524824142456,0.17829576134681702,0.43255895376205444,0.6741960048675537,-0.24055728316307068,0.5420638918876648,0.5809409022331238,0.1845148503780365,0.4654157757759094,0.6420602798461914,-0.11782626062631607,0.4990883469581604,0.6383605003356934,0.11753775924444199,0.4498398005962372,0.834358811378479,-0.03651367500424385,0.4759046733379364,0.8286164402961731,0.1595594435930252,0.45661526918411255,1.0117475986480713,0.05040666088461876,0.477262020111084,0.9901819825172424,0.2561008334159851,0.47736817598342896,1.0420111417770386,0.05684817582368851,0.4962812066078186,1.038928747177124,0.2622542977333069,0.4195259213447571,1.0475327968597412,-0.008166130632162094,0.44307878613471985,1.0320641994476318,0.1963081955909729
romanian deadlift_300061.jpg,0.3826300799846649,0.3874535858631134,0.050460897386074066,0.37804490327835083,0.3666340708732605,0.016826052218675613,0.37889450788497925,0.36436745524406433,0.016811124980449677,0.3798283040523529,0.3620298504829407,0.016750363633036613,0.3790404498577118,0.3680497407913208,0.05580459162592888,0.38044434785842896,0.3670935034751892,0.05587783083319664,0.3819446563720703,0.36596718430519104,0.05569155141711235,0.39761844277381897,0.3493187427520752,-0.10094408690929413,0.40178969502449036,0.35156503319740295,0.07749985158443451,0.3967592418193817,0.3932669460773468,0.015370727516710758,0.396611750125885,0.39441540837287903,0.06516890227794647,0.4514389634132385,0.3972313404083252,-0.2219405323266983,0.48689132928848267,0.40456369519233704,0.15716014802455902,0.463435560464859,0.5500054359436035,-0.2656393349170685,0.5395859479904175,0.500953733921051,0.1977374255657196,0.4474394917488098,0.684377133846283,-0.20337077975273132,0.5352649092674255,0.6109177470207214,0.1765015423297882,0.44498828053474426,0.7180110216140747,-0.23270907998085022,0.5382033586502075,0.6381062269210815,0.19195720553398132,0.4391438663005829,0.7180800437927246,-0.22146917879581451,0.5294812321662903,0.638592004776001,0.16128066182136536,0.4398791491985321,0.7063751816749573,-0.1963488906621933,0.5274532437324524,0.630374550819397,0.16252174973487854,0.4706515967845917,0.6714061498641968,-0.11670193076133728,0.5051098465919495,0.672913670539856,0.11641089618206024,0.4479816257953644,0.8549535274505615,-0.02164405956864357,0.47484126687049866,0.8484364748001099,0.19072052836418152,0.458852082490921,1.0493229627609253,0.07731807976961136,0.48539265990257263,1.0326743125915527,0.31872352957725525,0.4792301058769226,1.0798404216766357,0.0898602232336998,0.5010861158370972,1.0667541027069092,0.32852903008461,0.4259774088859558,1.0869204998016357,0.04477884620428085,0.45143455266952515,1.0662453174591064,0.27279868721961975
romanian deadlift_300071.jpg,0.3637556731700897,0.4483758211135864,0.009199495427310467,0.357666939496994,0.4295330047607422,-0.030097533017396927,0.3582242429256439,0.42703917622566223,-0.03029031679034233,0.35883188247680664,0.4245322644710541,-0.03055817075073719,0.3581126034259796,0.43126246333122253,0.00790533795952797,0.3589462637901306,0.4301709830760956,0.007855381816625595,0.35976630449295044,0.4288684129714966,0.007656881585717201,0.37243330478668213,0.4105490446090698,-0.16125169396400452,0.37265485525131226,0.4147082567214966,0.020279331132769585,0.37753406167030334,0.45090794563293457,-0.03197510913014412,0.3773133158683777,0.4524005055427551,0.015122981742024422,0.4369557499885559,0.4413692057132721,-0.25375375151634216,0.4656199514865875,0.4407334625720978,0.08774654567241669,0.46284618973731995,0.5756680965423584,-0.2727823257446289,0.5343953371047974,0.5061193108558655,0.1857931911945343,0.4515814185142517,0.7008965611457825,-0.19788824021816254,0.5498201847076416,0.6004133224487305,0.25007161498069763,0.4490480422973633,0.7439310550689697,-0.2201250195503235,0.5599011182785034,0.6198173761367798,0.26821431517601013,0.44340434670448303,0.7373255491256714,-0.21274667978286743,0.5502626299858093,0.6181362271308899,0.24604733288288116,0.4433002471923828,0.7264968156814575,-0.19127725064754486,0.5454009771347046,0.6143313646316528,0.24045330286026,0.47406429052352905,0.7163429856300354,-0.11316993832588196,0.4941629469394684,0.701057493686676,0.11275468021631241,0.44827187061309814,0.8763983249664307,0.0361492782831192,0.4568443298339844,0.8351516723632812,0.23822592198848724,0.4621471166610718,1.0453189611434937,0.212718665599823,0.47079524397850037,1.0143330097198486,0.4299817979335785,0.48347896337509155,1.0733586549758911,0.22999906539916992,0.4905392527580261,1.0433412790298462,0.448801726102829,0.4306659996509552,1.086984634399414,0.18000105023384094,0.43432727456092834,1.0601389408111572,0.4112373888492584
romanian deadlift_300081.jpg,0.3542177379131317,0.5090478658676147,-0.09669353067874908,0.345356822013855,0.4878506064414978,-0.1290602833032608,0.3463183343410492,0.4843429625034332,-0.12915872037410736,0.3475314676761627,0.4811948537826538,-0.12924686074256897,0.3446178138256073,0.4884919822216034,-0.08846477419137955,0.3451896607875824,0.48596641421318054,-0.0884002149105072,0.3460555970668793,0.4836869239807129,-0.08851691335439682,0.3640344440937042,0.4600275754928589,-0.2208588421344757,0.36092910170555115,0.4627704322338104,-0.03940821811556816,0.36904260516166687,0.5079618096351624,-0.12638427317142487,0.3665766417980194,0.5070556998252869,-0.07369173318147659,0.438184529542923,0.4948214292526245,-0.29030922055244446,0.44182056188583374,0.48351529240608215,0.05642199516296387,0.4630299210548401,0.630272388458252,-0.3074397146701813,0.4944363534450531,0.597118616104126,0.12231080234050751,0.45304587483406067,0.7638417482376099,-0.24153243005275726,0.5036057829856873,0.7242486476898193,0.07310349494218826,0.4501003623008728,0.7991383671760559,-0.2606542110443115,0.5074430704116821,0.759775698184967,0.0869232714176178,0.44132187962532043,0.797273576259613,-0.25497716665267944,0.4987128973007202,0.7619184851646423,0.051494911313056946,0.4409647583961487,0.7808749079704285,-0.23530621826648712,0.4997749924659729,0.7509640455245972,0.05798490718007088,0.4803405702114105,0.7625345587730408,-0.09807276725769043,0.47858187556266785,0.7305302023887634,0.09787188470363617,0.4317673444747925,0.8518458604812622,-0.12644687294960022,0.3877548277378082,0.7893331050872803,0.15761153399944305,0.45740875601768494,0.9172964096069336,0.1001344695687294,0.41757553815841675,0.8940120935440063,0.2914755642414093,0.4781632721424103,0.9215630292892456,0.13940781354904175,0.4355669915676117,0.9093443155288696,0.2991254925727844,0.43129831552505493,0.9543485641479492,0.15832547843456268,0.3841851055622101,0.9381915330886841,0.2722139060497284
romanian deadlift_300091.jpg,0.345546692609787,0.5247207283973694,-0.2618451714515686,0.33142784237861633,0.5226743221282959,-0.2563427686691284,0.33231547474861145,0.5194949507713318,-0.2563501000404358,0.33343982696533203,0.5164381861686707,-0.25636106729507446,0.33103522658348083,0.5318853259086609,-0.2717548608779907,0.3315490782260895,0.5343524813652039,-0.27178674936294556,0.3322101831436157,0.5366277694702148,-0.2718193233013153,0.34653618931770325,0.5106637477874756,-0.21708399057388306,0.3433954119682312,0.5319622159004211,-0.28306150436401367,0.36832302808761597,0.513218879699707,-0.24295546114444733,0.36548349261283875,0.5232454538345337,-0.2626151144504547,0.4358372688293457,0.5182338953018188,-0.12248197197914124,0.418965220451355,0.5409427881240845,-0.34770768880844116,0.4982048571109772,0.6218169927597046,-0.0733756497502327,0.46388787031173706,0.6858364939689636,-0.41252556443214417,0.5774366855621338,0.753720760345459,-0.05719930678606033,0.4664590060710907,0.8341013789176941,-0.4917084872722626,0.5970518589019775,0.7084195017814636,-0.039949916303157806,0.4856695234775543,0.8742519021034241,-0.5397084355354309,0.6053754687309265,0.7264665365219116,-0.0930112674832344,0.4943385422229767,0.8739436864852905,-0.537472665309906,0.5962749719619751,0.7591351270675659,-0.07746300846338272,0.49869605898857117,0.862392783164978,-0.49550315737724304,0.48157039284706116,0.7418895363807678,0.09476085752248764,0.4704599678516388,0.7625999450683594,-0.0944889485836029,0.5424970984458923,0.7794582843780518,0.007934791967272758,0.5080731511116028,0.7503287196159363,-0.22901371121406555,0.47024744749069214,0.9078457355499268,0.09984372556209564,0.45802566409111023,0.9069822430610657,-0.1359778791666031,0.46809476613998413,0.9117953777313232,0.12459470331668854,0.45235389471054077,0.9187953472137451,-0.1220092922449112,0.4643530249595642,0.954376220703125,0.11437086760997772,0.48188742995262146,0.956872820854187,-0.14550144970417023
romanian deadlift_300101.jpg,0.3313036561012268,0.5856900811195374,-0.15939585864543915,0.32134076952934265,0.5777321457862854,-0.17227742075920105,0.3218485116958618,0.5745818018913269,-0.17231550812721252,0.32239705324172974,0.5714516043663025,-0.1722741574048996,0.3215448558330536,0.5828162431716919,-0.16586223244667053,0.322151243686676,0.5832266211509705,-0.1658301204442978,0.32272469997406006,0.5835244655609131,-0.1659243255853653,0.33356720209121704,0.5598891973495483,-0.21223433315753937,0.3335132598876953,0.5698438882827759,-0.1873386800289154,0.3524376153945923,0.5720085501670837,-0.16996470093727112,0.3510131537914276,0.5781592726707458,-0.16198661923408508,0.41705095767974854,0.5579780340194702,-0.17803892493247986,0.4384147822856903,0.5438586473464966,-0.20927682518959045,0.45596954226493835,0.6975244879722595,-0.09543427079916,0.4646472632884979,0.6930459141731262,-0.2347746342420578,0.465219646692276,0.8349297642707825,-0.07723017781972885,0.4686731696128845,0.8275890946388245,-0.25615590810775757,0.4573940336704254,0.8682906031608582,-0.05748622119426727,0.47808077931404114,0.8800852298736572,-0.2678051292896271,0.4661736786365509,0.8834445476531982,-0.07595910876989365,0.47952893376350403,0.8827783465385437,-0.2642384469509125,0.461340993642807,0.8690447211265564,-0.08056291937828064,0.4806375503540039,0.8706413507461548,-0.2572716176509857,0.48016563057899475,0.7726807594299316,0.0351664200425148,0.48020216822624207,0.7664622664451599,-0.035519424825906754,0.5164712071418762,0.870396077632904,0.023906134068965912,0.5028455257415771,0.7784072160720825,-0.07387498766183853,0.4576798677444458,0.9335774779319763,0.11158156394958496,0.4472985863685608,0.9100145101547241,-0.01579108275473118,0.45204511284828186,0.9346967339515686,0.12726245820522308,0.4453451931476593,0.9154337644577026,-0.0070568048395216465,0.4342786967754364,0.9649051427841187,0.11760076880455017,0.4613749086856842,0.9580804705619812,-0.014158380217850208
romanian deadlift_300111.jpg,0.32804539799690247,0.5618493556976318,-0.2344435155391693,0.31892091035842896,0.5699089765548706,-0.2292599380016327,0.3194471001625061,0.5686697363853455,-0.22931727766990662,0.32005974650382996,0.567646861076355,-0.22921644151210785,0.31956446170806885,0.5765836238861084,-0.2437146008014679,0.32042253017425537,0.5793676972389221,-0.24369074404239655,0.32125046849250793,0.5822022557258606,-0.24371927976608276,0.3322038948535919,0.5677303671836853,-0.2118110954761505,0.3324645161628723,0.583052396774292,-0.2794470489025116,0.3495475947856903,0.5546587705612183,-0.2262870967388153,0.3491900563240051,0.5622571110725403,-0.24636951088905334,0.4165104031562805,0.5614448189735413,-0.12992547452449799,0.4132996201515198,0.5666651129722595,-0.3537159860134125,0.4387853741645813,0.7118548154830933,-0.07512258738279343,0.45080190896987915,0.7071661353111267,-0.3769491910934448,0.44612711668014526,0.8411828875541687,0.04988449439406395,0.4512830078601837,0.8473119139671326,-0.4160929024219513,0.43787452578544617,0.8743159770965576,0.0892786905169487,0.44669172167778015,0.8972256183624268,-0.4516565501689911,0.450797438621521,0.8924562931060791,0.04773322492837906,0.45263221859931946,0.902824342250824,-0.43385618925094604,0.44596850872039795,0.8708821535110474,0.03952338173985481,0.4521278142929077,0.8867568373680115,-0.4121456742286682,0.47973954677581787,0.7586072087287903,0.10564618557691574,0.48374423384666443,0.7664362788200378,-0.1057359054684639,0.5022785067558289,0.8689518570899963,0.1484397053718567,0.5001882910728455,0.8289281129837036,-0.07580769062042236,0.45126599073410034,0.9434194564819336,0.27677056193351746,0.44449084997177124,0.9225043654441833,0.01313081942498684,0.4427852928638458,0.9511500597000122,0.29212209582328796,0.4354632496833801,0.9333263635635376,0.02804439887404442,0.43625929951667786,0.9775526523590088,0.28760865330696106,0.45986953377723694,0.9676254391670227,0.02056817337870598
romanian deadlift_300121.jpg,0.3342650234699249,0.5948111414909363,-0.23471425473690033,0.32174912095069885,0.5892413258552551,-0.24772077798843384,0.3222929537296295,0.5864036083221436,-0.24778705835342407,0.3228963315486908,0.5837432146072388,-0.24775618314743042,0.32170289754867554,0.5948060154914856,-0.23499013483524323,0.32216957211494446,0.5957388877868652,-0.23495016992092133,0.32257941365242004,0.5967497825622559,-0.23505538702011108,0.3327089250087738,0.5726178288459778,-0.28017157316207886,0.33085474371910095,0.5894128680229187,-0.226833775639534,0.3542401194572449,0.580299973487854,-0.24285949766635895,0.35223767161369324,0.5869528651237488,-0.22710397839546204,0.4125109314918518,0.563884973526001,-0.2509310841560364,0.4100046455860138,0.5680856704711914,-0.22710496187210083,0.4427753686904907,0.7156718969345093,-0.2070285528898239,0.44961482286453247,0.7115920782089233,-0.2238496094942093,0.44807711243629456,0.8646351099014282,-0.038551654666662216,0.45566892623901367,0.860378623008728,-0.2402147352695465,0.4449469745159149,0.9099869728088379,0.053449589759111404,0.45908886194229126,0.9053312540054321,-0.2533710300922394,0.44614461064338684,0.912827730178833,-0.0009511748212389648,0.4581480026245117,0.9058897495269775,-0.25750812888145447,0.43762022256851196,0.8839445114135742,-0.029138782992959023,0.45853906869888306,0.8922422528266907,-0.24451929330825806,0.48198920488357544,0.7569144368171692,0.04935131594538689,0.48959341645240784,0.7610710263252258,-0.049613140523433685,0.5065434575080872,0.8870709538459778,0.21530915796756744,0.5030922293663025,0.8727378249168396,0.09286097437143326,0.48261594772338867,0.9608125686645508,0.43135887384414673,0.4652394950389862,0.9604764580726624,0.29477882385253906,0.47951948642730713,0.9617857336997986,0.45409882068634033,0.45115774869918823,0.9658166766166687,0.31764501333236694,0.4827241897583008,0.9810416102409363,0.4466843008995056,0.48347026109695435,0.9903489947319031,0.30274373292922974
romanian deadlift_300131.jpg,0.33868569135665894,0.6240103244781494,-0.21569283306598663,0.32411161065101624,0.6101120114326477,-0.2403511106967926,0.32454290986061096,0.6062706112861633,-0.2403901219367981,0.32509222626686096,0.6023619174957275,-0.2404092401266098,0.3232395052909851,0.6153252124786377,-0.21257729828357697,0.32301053404808044,0.6154192686080933,-0.21254582703113556,0.3227441608905792,0.6155914664268494,-0.2126840204000473,0.3334887623786926,0.5804871320724487,-0.3053911030292511,0.32957059144973755,0.5961328148841858,-0.18359287083148956,0.3549906611442566,0.6115771532058716,-0.2334580272436142,0.3521623909473419,0.6187686920166016,-0.1974932849407196,0.4156079590320587,0.5758809447288513,-0.3313123285770416,0.4000132381916046,0.566774845123291,-0.13520006835460663,0.44210579991340637,0.7248439192771912,-0.32707056403160095,0.4396139085292816,0.7105387449264526,-0.15056923031806946,0.44482681155204773,0.8823300004005432,-0.23751704394817352,0.4461466372013092,0.8578047156333923,-0.16466902196407318,0.44484463334083557,0.9222511053085327,-0.24766379594802856,0.45007985830307007,0.8944035172462463,-0.14410138130187988,0.4375610053539276,0.923164963722229,-0.24763932824134827,0.45001399517059326,0.8979950547218323,-0.17345474660396576,0.43400225043296814,0.9137567281723022,-0.233176127076149,0.45112723112106323,0.8862634301185608,-0.18041875958442688,0.4918404817581177,0.7601595520973206,-0.049787599593400955,0.47894999384880066,0.7498514652252197,0.04949172958731651,0.5092707872390747,0.8714849948883057,-0.05679650977253914,0.45149853825569153,0.8642107844352722,0.07956948131322861,0.47844603657722473,0.9494524002075195,0.0911780595779419,0.45463722944259644,0.9332877397537231,0.197669118642807,0.4786617159843445,0.9534851312637329,0.10629265010356903,0.4538593888282776,0.942287266254425,0.21127134561538696,0.4558286666870117,0.9739516973495483,0.10231490433216095,0.44197753071784973,0.9722689986228943,0.20001016557216644
romanian deadlift_300141.jpg,0.33711913228034973,0.634776771068573,-0.2087283581495285,0.32388216257095337,0.6200708746910095,-0.23506994545459747,0.3244519829750061,0.6160732507705688,-0.23507818579673767,0.32514724135398865,0.6118926405906677,-0.2350805401802063,0.32286515831947327,0.6252060532569885,-0.20415759086608887,0.3227321207523346,0.6251627802848816,-0.20414456725120544,0.32258692383766174,0.6250709891319275,-0.20427942276000977,0.3339609205722809,0.5885049104690552,-0.301750123500824,0.33087530732154846,0.6023362874984741,-0.16748251020908356,0.35309451818466187,0.6229602694511414,-0.22713573276996613,0.3510318398475647,0.62887042760849,-0.18662330508232117,0.41896381974220276,0.5806073546409607,-0.3349786698818207,0.385694682598114,0.5793594121932983,-0.09264353662729263,0.44587528705596924,0.7304043173789978,-0.3376635015010834,0.4212997555732727,0.7205489277839661,-0.0778251439332962,0.43467777967453003,0.8754951357841492,-0.2773963212966919,0.4208255410194397,0.8469173908233643,-0.10183465480804443,0.4417581260204315,0.9215366840362549,-0.29509082436561584,0.4247075319290161,0.879241943359375,-0.09185625612735748,0.4322379231452942,0.9221025109291077,-0.29696470499038696,0.421123206615448,0.8798952698707581,-0.11720511317253113,0.42467179894447327,0.9038670659065247,-0.275668740272522,0.4230223000049591,0.8694970011711121,-0.11354687809944153,0.5023917555809021,0.7678042054176331,-0.07028641551733017,0.47014862298965454,0.758642315864563,0.07014667987823486,0.503192663192749,0.8536475896835327,-0.1721319705247879,0.4084703028202057,0.8262155055999756,0.029933737590909004,0.4767678380012512,0.9423900246620178,-0.016551876440644264,0.4511062800884247,0.9305200576782227,0.10435087233781815,0.4797872006893158,0.948980450630188,-0.0002808242861647159,0.4582637846469879,0.9418306946754456,0.11281751096248627,0.4554768204689026,0.9779475927352905,-0.012067536823451519,0.4338332414627075,0.9770975112915039,0.10154087096452713
romanian deadlift_300151.jpg,0.33523187041282654,0.6471973061561584,-0.3881346583366394,0.32476601004600525,0.6293489933013916,-0.418750137090683,0.3259519040584564,0.6241103410720825,-0.4187699258327484,0.32727286219596863,0.6183828115463257,-0.41895925998687744,0.3217684030532837,0.6364037990570068,-0.38858696818351746,0.32106563448905945,0.6363843679428101,-0.3886266052722931,0.3202814757823944,0.6359307169914246,-0.38878384232521057,0.3365442156791687,0.5947281122207642,-0.45973649621009827,0.3277067542076111,0.6103848218917847,-0.32331332564353943,0.3504163324832916,0.6371507048606873,-0.39275333285331726,0.34549933671951294,0.6440355181694031,-0.3528876304626465,0.4203590154647827,0.5890083312988281,-0.42989131808280945,0.3695208430290222,0.5906740427017212,-0.20978505909442902,0.4511846899986267,0.7283754944801331,-0.4212983250617981,0.3981276750564575,0.6887551546096802,-0.13449713587760925,0.4434598982334137,0.8622317910194397,-0.41308119893074036,0.4133983850479126,0.7565144300460815,-0.14826448261737823,0.4496665894985199,0.9102359414100647,-0.44504934549331665,0.4200039207935333,0.7758829593658447,-0.1408831924200058,0.4376284182071686,0.9019480347633362,-0.4503730237483978,0.4148232340812683,0.770603358745575,-0.17570911347866058,0.44808533787727356,0.8654136657714844,-0.4134574830532074,0.4176069498062134,0.7651932835578918,-0.16174177825450897,0.5071577429771423,0.7566942572593689,-0.06218235194683075,0.45309674739837646,0.7477288246154785,0.06218734756112099,0.5271943211555481,0.852448582649231,-0.07344743609428406,0.3932836353778839,0.8217472434043884,0.08069693297147751,0.47837182879447937,0.9256107807159424,0.1229880079627037,0.41048142313957214,0.9232552647590637,0.252678245306015,0.480020135641098,0.9295299053192139,0.15169541537761688,0.42307552695274353,0.9325472712516785,0.2715977430343628,0.45110559463500977,0.9672739505767822,0.1158088892698288,0.3874122202396393,0.9775228500366211,0.24395082890987396
romanian deadlift_300161.jpg,0.3354339301586151,0.6355320811271667,-0.26735204458236694,0.32283416390419006,0.6160323023796082,-0.291586697101593,0.3236103355884552,0.6103672385215759,-0.2916092574596405,0.32460594177246094,0.6048495173454285,-0.2916787266731262,0.32107821106910706,0.6262577772140503,-0.266519695520401,0.32064288854599,0.6275373101234436,-0.2665330469608307,0.3202367126941681,0.6286693811416626,-0.2666853666305542,0.33367908000946045,0.5867322087287903,-0.34160032868385315,0.32733288407325745,0.6085647940635681,-0.2335938960313797,0.3515600860118866,0.6213521957397461,-0.2785108685493469,0.3486329913139343,0.6312400102615356,-0.24576415121555328,0.4237484037876129,0.5793538689613342,-0.349056601524353,0.3760114312171936,0.599219799041748,-0.1746259182691574,0.4519912898540497,0.726502537727356,-0.3439503312110901,0.407539039850235,0.7315324544906616,-0.12294108420610428,0.4463440775871277,0.8639569878578186,-0.3099266290664673,0.4069853127002716,0.8329020738601685,-0.14618203043937683,0.4504738450050354,0.9134073853492737,-0.32978782057762146,0.40938037633895874,0.861216127872467,-0.14155004918575287,0.4393346905708313,0.9139449000358582,-0.33099478483200073,0.40407076478004456,0.8593528866767883,-0.17153581976890564,0.43897545337677,0.8899853229522705,-0.30788204073905945,0.407691091299057,0.8492939472198486,-0.15831883251667023,0.5101423263549805,0.7656143307685852,-0.05917181447148323,0.457195907831192,0.7612543702125549,0.059138886630535126,0.5158161520957947,0.8385424017906189,-0.11361361294984818,0.370408833026886,0.8034899234771729,0.02646753191947937,0.47749045491218567,0.9298073649406433,0.035781990736722946,0.38513603806495667,0.9073959589004517,0.10123803466558456,0.47992733120918274,0.9371522665023804,0.051447585225105286,0.3982674181461334,0.9166348576545715,0.110183946788311,0.44821804761886597,0.9683743119239807,0.017930546775460243,0.359674870967865,0.96238774061203,0.08646617829799652
romanian deadlift_300171.jpg,0.3410087823867798,0.5078838467597961,0.05904431268572807,0.3233991265296936,0.48594242334365845,0.04021613672375679,0.3242669105529785,0.48159441351890564,0.0401570200920105,0.3263978958129883,0.47672078013420105,0.04018404334783554,0.3242028057575226,0.4889087975025177,0.07814860343933105,0.3260639011859894,0.4871167540550232,0.07813860476016998,0.32809457182884216,0.4849487841129303,0.07800126075744629,0.3460094630718231,0.45430684089660645,-0.026595287024974823,0.3431437611579895,0.4627241790294647,0.14309504628181458,0.35697489976882935,0.5066928863525391,0.036100924015045166,0.3540647625923157,0.510715901851654,0.08566268533468246,0.4255744218826294,0.4875599443912506,-0.1325969249010086,0.42589250206947327,0.5000641345977783,0.22406038641929626,0.45241206884384155,0.6368017196655273,-0.18541552126407623,0.45628800988197327,0.6293672323226929,0.24532125890254974,0.44788628816604614,0.7757754921913147,-0.15983323752880096,0.4543420076370239,0.7339666485786438,0.19021648168563843,0.45620498061180115,0.8170040845870972,-0.18721915781497955,0.4697173237800598,0.7578966021537781,0.20625779032707214,0.4408142864704132,0.8129324316978455,-0.1704421192407608,0.45896050333976746,0.7632677555084229,0.1738411784172058,0.4415155351161957,0.8105205297470093,-0.15115807950496674,0.4594738781452179,0.7527796626091003,0.17547300457954407,0.5292820334434509,0.6841388940811157,-0.09691021591424942,0.5195309519767761,0.6993379592895508,0.09685545414686203,0.46802276372909546,0.7428419589996338,-0.26354193687438965,0.4614412188529968,0.7796143293380737,0.07229547202587128,0.46063345670700073,0.88495272397995,-0.3409920930862427,0.4784473180770874,0.9139510989189148,-0.025380117818713188,0.47946155071258545,0.91078782081604,-0.3495059907436371,0.49708089232444763,0.9291231036186218,-0.037834227085113525,0.39461639523506165,0.9172089695930481,-0.41549742221832275,0.42369282245635986,0.9628452658653259,-0.08205101639032364
romanian deadlift_300181.jpg,0.4024806618690491,0.36069247126579285,-0.06853167712688446,0.40247881412506104,0.3414425551891327,-0.09027770161628723,0.4046151340007782,0.33934131264686584,-0.09030831605195999,0.4070996344089508,0.33722740411758423,-0.09032667428255081,0.40045347809791565,0.34340900182724,-0.053510770201683044,0.40107637643814087,0.34268948435783386,-0.05346689000725746,0.4018169343471527,0.3418087959289551,-0.0535210557281971,0.4271095097064972,0.3314385712146759,-0.14309124648571014,0.4212009310722351,0.3342660367488861,0.024103723466396332,0.41658204793930054,0.36947542428970337,-0.08471269905567169,0.4133128821849823,0.3710005581378937,-0.03699140250682831,0.4626680910587311,0.39512231945991516,-0.19961819052696228,0.45287150144577026,0.41046032309532166,0.14238767325878143,0.46133700013160706,0.5237782001495361,-0.30644169449806213,0.45431286096572876,0.5289939045906067,0.19867222011089325,0.44797971844673157,0.6408323645591736,-0.2745493948459625,0.43424129486083984,0.630620002746582,0.11795409023761749,0.45411616563796997,0.6766534447669983,-0.3167387843132019,0.4354613125324249,0.656583845615387,0.12300886958837509,0.44080790877342224,0.6767215132713318,-0.29894497990608215,0.4347068965435028,0.6582399606704712,0.0781136080622673,0.44014760851860046,0.6631655097007751,-0.2661876678466797,0.4343629479408264,0.6390485763549805,0.09647595137357712,0.5187868475914001,0.5972303748130798,-0.10361487418413162,0.5090115070343018,0.599833071231842,0.1036999523639679,0.4704977869987488,0.778062105178833,-0.14894960820674896,0.4873575270175934,0.7814875841140747,0.11173033714294434,0.4899027645587921,0.9522343873977661,-0.08381596207618713,0.4987499415874481,0.946073591709137,0.14574456214904785,0.5245846509933472,1.0064644813537598,-0.07976876944303513,0.5047743320465088,0.9617421627044678,0.14497409760951996,0.48256510496139526,1.0058512687683105,-0.14962847530841827,0.4884422719478607,0.9806763529777527,0.020550420507788658
romanian deadlift_300191.jpg,0.4280555844306946,0.32821890711784363,-0.15407685935497284,0.4345093071460724,0.31087014079093933,-0.1557473987340927,0.4373282194137573,0.30992886424064636,-0.1558298021554947,0.4402598738670349,0.308970183134079,-0.1559181958436966,0.4308196008205414,0.3115537464618683,-0.1264503449201584,0.43100517988204956,0.3109927773475647,-0.1264299601316452,0.43142837285995483,0.3102772533893585,-0.12642435729503632,0.4570693373680115,0.30991750955581665,-0.15707005560398102,0.447424978017807,0.3109011650085449,-0.03201642259955406,0.4373604655265808,0.3415509760379791,-0.1340857595205307,0.4329797029495239,0.3421342968940735,-0.09773162752389908,0.4745091199874878,0.38076531887054443,-0.2176753431558609,0.4553794264793396,0.3969818651676178,0.11659330874681473,0.46946632862091064,0.4994467794895172,-0.2844158113002777,0.45308494567871094,0.5041710138320923,0.1832890808582306,0.44871246814727783,0.6185376644134521,-0.27042967081069946,0.43510866165161133,0.5948318243026733,0.09521640837192535,0.4542640745639801,0.6518927812576294,-0.3136809468269348,0.43722593784332275,0.6329063177108765,0.09361958503723145,0.4416992962360382,0.6516619920730591,-0.3103666305541992,0.4366605579853058,0.6348786950111389,0.049246251583099365,0.44102898240089417,0.6369606256484985,-0.268438458442688,0.4374067485332489,0.6263415217399597,0.07462950050830841,0.518568217754364,0.5937841534614563,-0.10119322687387466,0.5016047954559326,0.6034243106842041,0.10130126029253006,0.47663694620132446,0.7889395952224731,-0.13572727143764496,0.4824088513851166,0.7847541570663452,0.08761869370937347,0.49804452061653137,0.9937455058097839,-0.07210598886013031,0.5033795833587646,0.9732103943824768,0.1398734748363495,0.5131391882896423,1.0324825048446655,-0.07077796757221222,0.5015402436256409,0.9730058312416077,0.14023445546627045,0.47355860471725464,1.0236510038375854,-0.17830437421798706,0.48296937346458435,1.0096057653427124,0.029568057507276535
romanian deadlift_300201.jpg,0.4295581877231598,0.32161077857017517,-0.1358334869146347,0.4360492527484894,0.30501028895378113,-0.14437028765678406,0.4385659396648407,0.30447208881378174,-0.14447368681430817,0.44123905897140503,0.30386272072792053,-0.14456242322921753,0.4334616959095001,0.30495068430900574,-0.1110193058848381,0.43409860134124756,0.30433017015457153,-0.11101697385311127,0.43495866656303406,0.3034856915473938,-0.1110658347606659,0.45797839760780334,0.3066032826900482,-0.15308602154254913,0.4507366120815277,0.30526188015937805,-0.0087876683101058,0.43841564655303955,0.334693968296051,-0.12994569540023804,0.4347715675830841,0.3349496126174927,-0.08838523924350739,0.48113784193992615,0.3756309449672699,-0.22542664408683777,0.4539772570133209,0.39707937836647034,0.126474991440773,0.47661152482032776,0.4986514151096344,-0.2833840250968933,0.45015767216682434,0.507972002029419,0.19069379568099976,0.44850921630859375,0.6154096126556396,-0.2782111167907715,0.4360188841819763,0.6056031584739685,0.11422189325094223,0.4518457353115082,0.648900032043457,-0.31960418820381165,0.4358294606208801,0.632161557674408,0.11246171593666077,0.4405857026576996,0.6470412611961365,-0.31553810834884644,0.43432867527008057,0.632981538772583,0.06947711110115051,0.4404507279396057,0.6376405358314514,-0.2754555940628052,0.4360891878604889,0.6246880292892456,0.0934862345457077,0.5175743699073792,0.5986166000366211,-0.09642480313777924,0.4925323724746704,0.6138890385627747,0.09649506211280823,0.4796082675457001,0.7946199774742126,-0.13688209652900696,0.47508886456489563,0.7865778803825378,0.08266893774271011,0.49626868963241577,1.0008349418640137,-0.0965188518166542,0.49821069836616516,0.9765817523002625,0.12049983441829681,0.5057662725448608,1.0034427642822266,-0.09838609397411346,0.5026223659515381,0.97345370054245,0.11651717126369476,0.47429969906806946,1.0316205024719238,-0.2106519192457199,0.47772714495658875,1.0193860530853271,0.006700689904391766
romanian deadlift_300211.jpg,0.42204973101615906,0.3214041590690613,-0.07374551892280579,0.42748501896858215,0.30504152178764343,-0.09325169026851654,0.4298709034919739,0.30433523654937744,-0.0933317169547081,0.4326443672180176,0.3035274147987366,-0.09338747709989548,0.42554187774658203,0.3049250841140747,-0.05623888224363327,0.42633190751075745,0.30430227518081665,-0.05623219534754753,0.4273746907711029,0.30358538031578064,-0.05631087347865105,0.4500353932380676,0.3057869076728821,-0.13450884819030762,0.4439135491847992,0.30611610412597656,0.025138499215245247,0.4301525354385376,0.3351915776729584,-0.08594173938035965,0.42742785811424255,0.33567872643470764,-0.039120133966207504,0.47919315099716187,0.3742401897907257,-0.22987161576747894,0.45811891555786133,0.3975076377391815,0.14919692277908325,0.47684338688850403,0.49817636609077454,-0.2923568785190582,0.451725035905838,0.51746666431427,0.20069719851016998,0.445976585149765,0.62340247631073,-0.2830502688884735,0.43115565180778503,0.6052939295768738,0.13851039111614227,0.4474421739578247,0.6572763323783875,-0.32443171739578247,0.4264366030693054,0.6303990483283997,0.14178098738193512,0.43754276633262634,0.6588008403778076,-0.3163512051105499,0.42342182993888855,0.6280597448348999,0.10003858059644699,0.43753498792648315,0.6468376517295837,-0.278032124042511,0.42682790756225586,0.6263040900230408,0.11863227188587189,0.5013570785522461,0.6076508164405823,-0.09824631363153458,0.492143452167511,0.6151646375656128,0.09827717393636703,0.47820284962654114,0.7982364892959595,-0.10794933885335922,0.4768843650817871,0.7942677736282349,0.09525017440319061,0.494365394115448,1.0060316324234009,-0.0654350221157074,0.4994026720523834,0.9871420860290527,0.14966167509555817,0.5035289525985718,1.0363152027130127,-0.05698404833674431,0.5081755518913269,1.011930227279663,0.1497849076986313,0.4686541259288788,1.0355511903762817,-0.14216367900371552,0.4739481210708618,1.0271527767181396,0.013753576204180717
romanian deadlift_300221.jpg,0.38932469487190247,0.37953367829322815,0.016086731106042862,0.39074644446372986,0.36041027307510376,-0.011339349672198296,0.39268758893013,0.35842305421829224,-0.011388782411813736,0.394800066947937,0.35617420077323914,-0.011412335559725761,0.39000648260116577,0.36178451776504517,0.03219623863697052,0.3913460075855255,0.3609997630119324,0.03221258148550987,0.39301797747612,0.3598921597003937,0.03205748647451401,0.41735026240348816,0.34731510281562805,-0.09626193344593048,0.42140161991119385,0.34848466515541077,0.09640326350927353,0.401353657245636,0.3875728249549866,-0.012325523421168327,0.40069779753685,0.38917404413223267,0.04393909499049187,0.45912259817123413,0.40199682116508484,-0.21773295104503632,0.461902916431427,0.4134533405303955,0.20876942574977875,0.46511968970298767,0.5321207046508789,-0.26678305864334106,0.4737783968448639,0.5352518558502197,0.24584020674228668,0.4448792636394501,0.6460658311843872,-0.19957859814167023,0.461275577545166,0.6356713771820068,0.19092170894145966,0.44564715027809143,0.6838319897651672,-0.23607859015464783,0.4528135359287262,0.6684409379959106,0.2027529776096344,0.43636420369148254,0.6855224370956421,-0.22026118636131287,0.4482603073120117,0.6688272953033447,0.16452540457248688,0.436470627784729,0.6719015836715698,-0.19078221917152405,0.44935280084609985,0.659808874130249,0.17332711815834045,0.500537097454071,0.6282630562782288,-0.11425694823265076,0.5108895897865295,0.6324334740638733,0.11423681676387787,0.46328204870224,0.8094781637191772,-0.09914062917232513,0.4730953574180603,0.8058726191520691,0.12250879406929016,0.48794427514076233,1.013626217842102,-0.05682879686355591,0.49064457416534424,1.0046272277832031,0.17087025940418243,0.50211501121521,1.0485867261886597,-0.054266635328531265,0.4986160695552826,1.0400071144104004,0.17145180702209473,0.4427716135978699,1.0410640239715576,-0.11750566959381104,0.4556082785129547,1.0351531505584717,0.09581243991851807
romanian deadlift_300231.jpg,0.3594849705696106,0.4575735330581665,-0.017967844381928444,0.3520878255367279,0.43912938237190247,-0.04238106310367584,0.3528631627559662,0.4362642467021942,-0.04245070740580559,0.35386401414871216,0.43292951583862305,-0.04248597472906113,0.3523119390010834,0.4397212862968445,-0.0007655267254449427,0.353112131357193,0.43783828616142273,-0.0007252951036207378,0.3540256917476654,0.435658723115921,-0.0008636930142529309,0.36913079023361206,0.4089886248111725,-0.12194094061851501,0.36708515882492065,0.41388773918151855,0.06308974325656891,0.3728039860725403,0.45788031816482544,-0.04478156939148903,0.3726256787776947,0.4593248665332794,0.009215098805725574,0.4363771080970764,0.422588974237442,-0.22992612421512604,0.4389876425266266,0.43356025218963623,0.16827721893787384,0.4530927240848541,0.5607196688652039,-0.29341140389442444,0.4649781584739685,0.56600022315979,0.21486933529376984,0.44486215710639954,0.6935029029846191,-0.22597451508045197,0.4491238296031952,0.6840770244598389,0.17937666177749634,0.44651907682418823,0.7369174361228943,-0.26413577795028687,0.4511164426803589,0.7244740128517151,0.19634459912776947,0.4371525049209595,0.738692581653595,-0.22423893213272095,0.4453010857105255,0.7290245294570923,0.16011276841163635,0.43692317605018616,0.7216696739196777,-0.20693014562129974,0.4468156397342682,0.7158640623092651,0.1631603240966797,0.5017542243003845,0.6663782596588135,-0.1171286404132843,0.5051538348197937,0.660365641117096,0.1170976534485817,0.46506765484809875,0.832230269908905,-0.09714583307504654,0.47177791595458984,0.8111552000045776,0.11486319452524185,0.48754453659057617,1.0221550464630127,-0.045984938740730286,0.48518505692481995,0.9891394972801208,0.19208389520645142,0.5029576420783997,1.0467095375061035,-0.043524883687496185,0.4970431625843048,1.0158860683441162,0.19716934859752655,0.44709789752960205,1.0698293447494507,-0.0904499739408493,0.44630372524261475,1.0300347805023193,0.14284099638462067
romanian deadlift_300241.jpg,0.3469998240470886,0.5284711718559265,-0.10589297115802765,0.3347039222717285,0.5106344223022461,-0.13047388195991516,0.33471769094467163,0.5072680115699768,-0.13051170110702515,0.33490660786628723,0.5036700963973999,-0.13054557144641876,0.33539265394210815,0.5128234624862671,-0.09142561256885529,0.33574649691581726,0.5113871097564697,-0.09137393534183502,0.3360998332500458,0.5097714066505432,-0.09150204807519913,0.3465586304664612,0.4787616431713104,-0.2118336260318756,0.34479036927223206,0.4851650297641754,-0.041109196841716766,0.3605167269706726,0.5244373083114624,-0.13355372846126556,0.36029139161109924,0.5269002914428711,-0.08323253691196442,0.4219681918621063,0.4990350008010864,-0.30699729919433594,0.42137181758880615,0.4975939989089966,0.06833141297101974,0.4447435736656189,0.6403674483299255,-0.3386019468307495,0.4549548327922821,0.6252912878990173,0.10964043438434601,0.4430309534072876,0.7827851176261902,-0.2680324912071228,0.4474194645881653,0.7488174438476562,0.13147762417793274,0.44173479080200195,0.8098251223564148,-0.2978096604347229,0.4449414610862732,0.7876389622688293,0.1442773938179016,0.43105870485305786,0.8147531151771545,-0.2751266062259674,0.43875640630722046,0.7938501238822937,0.1033526286482811,0.4304918646812439,0.8019906878471375,-0.2573845088481903,0.44415146112442017,0.7826377153396606,0.1294236183166504,0.49990546703338623,0.7058050632476807,-0.11025198549032211,0.49898475408554077,0.6796784996986389,0.11020924896001816,0.4534240663051605,0.8589107990264893,-0.09356986731290817,0.44819703698158264,0.7893947958946228,0.10795234888792038,0.4760216176509857,1.0108063220977783,-0.005096144042909145,0.46216869354248047,0.9305409789085388,0.22353070974349976,0.4945007860660553,1.03146493434906,0.002781068440526724,0.4779687821865082,0.9533179998397827,0.2344016581773758,0.4408091604709625,1.057249903678894,-0.027578776702284813,0.4246945083141327,0.9771260023117065,0.2150677889585495
romanian deadlift_300251.jpg,0.3422965407371521,0.5895853638648987,-0.15948544442653656,0.32336047291755676,0.5757856369018555,-0.1848444789648056,0.32294952869415283,0.5727284550666809,-0.18488599359989166,0.32284095883369446,0.5692554712295532,-0.18493662774562836,0.3245057463645935,0.5776486992835999,-0.1445198506116867,0.32469990849494934,0.5763342976570129,-0.14447034895420074,0.3248908817768097,0.5748618245124817,-0.14459601044654846,0.3311701714992523,0.5432958602905273,-0.25886932015419006,0.3292860686779022,0.549168586730957,-0.07900869846343994,0.35624662041664124,0.5845403671264648,-0.18258334696292877,0.35609954595565796,0.5864500403404236,-0.12997278571128845,0.40976470708847046,0.5522743463516235,-0.3445771336555481,0.4024233818054199,0.544391393661499,0.036046553403139114,0.44248533248901367,0.6910902857780457,-0.39248502254486084,0.44252121448516846,0.6793935894966125,0.07628445327281952,0.4440471827983856,0.8414313197135925,-0.33436331152915955,0.44391947984695435,0.809576153755188,0.059956587851047516,0.44579046964645386,0.8857488632202148,-0.3669256269931793,0.44124218821525574,0.8528607487678528,0.07906682044267654,0.432015061378479,0.8904144167900085,-0.35069912672042847,0.4360192120075226,0.8600962162017822,0.04476024582982063,0.4312646687030792,0.8777128458023071,-0.325747013092041,0.4401935935020447,0.8481531739234924,0.04767036437988281,0.495294988155365,0.741115152835846,-0.10551664978265762,0.4826258718967438,0.7260715961456299,0.10547786206007004,0.4578767716884613,0.8904598951339722,-0.13532313704490662,0.45034754276275635,0.8233785629272461,0.011477363295853138,0.47592878341674805,1.0204883813858032,-0.04747253656387329,0.46562111377716064,0.9691041707992554,0.11153246462345123,0.49103161692619324,1.03339421749115,-0.03959214687347412,0.48186734318733215,0.9864976406097412,0.12086285650730133,0.4476712942123413,1.0710506439208984,-0.07776141166687012,0.43859949707984924,1.0334303379058838,0.07905078679323196
romanian deadlift_300261.jpg,0.3353559374809265,0.630043089389801,-0.19767147302627563,0.3184995651245117,0.6190068125724792,-0.22359250485897064,0.3176550567150116,0.616113007068634,-0.22360166907310486,0.3169606328010559,0.6130607724189758,-0.2236245572566986,0.32002460956573486,0.6206805109977722,-0.18905095756053925,0.3200622797012329,0.6193456053733826,-0.18903353810310364,0.31993186473846436,0.6179550886154175,-0.18918871879577637,0.323782742023468,0.5861635208129883,-0.29405778646469116,0.32146456837654114,0.5948681235313416,-0.13846923410892487,0.3480519652366638,0.6194344162940979,-0.21803481876850128,0.34910058975219727,0.620663046836853,-0.17254137992858887,0.40008601546287537,0.5775907039642334,-0.3320855498313904,0.3961457908153534,0.5601446628570557,-0.06460040807723999,0.43856707215309143,0.7139147520065308,-0.3598382771015167,0.43937423825263977,0.6960906982421875,-0.052745554596185684,0.44757068157196045,0.8664101362228394,-0.29528388381004333,0.44501832127571106,0.8221811056137085,-0.07129499316215515,0.4516203701496124,0.909330427646637,-0.34941181540489197,0.4467875361442566,0.8566137552261353,-0.06210513412952423,0.44014236330986023,0.9156431555747986,-0.3497036099433899,0.44234636425971985,0.8631663918495178,-0.08456940948963165,0.4371703863143921,0.8973844647407532,-0.2884744107723236,0.4440694749355316,0.8530028462409973,-0.08203360438346863,0.4815143048763275,0.7559210658073425,-0.05356717109680176,0.47383543848991394,0.7455931901931763,0.053301360458135605,0.4920559525489807,0.8781378269195557,-0.030689211562275887,0.4956108033657074,0.8432904481887817,0.03915977478027344,0.4761686623096466,0.9654832482337952,0.07442954927682877,0.48254838585853577,0.9688483476638794,0.0952882319688797,0.48427489399909973,0.9677507877349854,0.08433214575052261,0.4848073124885559,0.9847291111946106,0.10078664869070053,0.44937053322792053,1.001416563987732,0.06751170009374619,0.47883522510528564,1.0256896018981934,0.07163038849830627
romanian deadlift_300271.jpg,0.33135321736335754,0.6590090394020081,-0.1968259960412979,0.31895309686660767,0.6473527550697327,-0.22439979016780853,0.3185901641845703,0.6436019539833069,-0.22443507611751556,0.3182834982872009,0.6398001909255981,-0.22450345754623413,0.31875279545783997,0.6510589718818665,-0.18912877142429352,0.3183165490627289,0.6500927209854126,-0.18912336230278015,0.31763917207717896,0.6489343047142029,-0.18928082287311554,0.324333518743515,0.6142377257347107,-0.2916331887245178,0.3190789222717285,0.6225510239601135,-0.1319093406200409,0.3443553149700165,0.6485658288002014,-0.21508748829364777,0.343147873878479,0.6530649662017822,-0.16876450181007385,0.396591454744339,0.5954366326332092,-0.3297104835510254,0.3677387833595276,0.5987732410430908,-0.044619858264923096,0.43880096077919006,0.7224509119987488,-0.35671302676200867,0.4149189591407776,0.7094824910163879,-0.004743374418467283,0.4472874701023102,0.8672680258750916,-0.3000938296318054,0.4320468008518219,0.8141230940818787,-0.02888205088675022,0.45144614577293396,0.8996419310569763,-0.3259671628475189,0.4374261498451233,0.8427255153656006,-0.016589971259236336,0.43852582573890686,0.9051196575164795,-0.31856122612953186,0.43049246072769165,0.8471540808677673,-0.044257331639528275,0.4372180700302124,0.8762404322624207,-0.29318127036094666,0.4303807020187378,0.8371322751045227,-0.041183553636074066,0.47941938042640686,0.768882691860199,-0.06085114926099777,0.44632765650749207,0.7724721431732178,0.060796041041612625,0.5049080848693848,0.8736169338226318,-0.19966313242912292,0.4594933092594147,0.8667649030685425,-0.05746302381157875,0.4742186367511749,0.9652019739151001,-0.04312591999769211,0.4759138524532318,0.980110228061676,0.012991170398890972,0.47534647583961487,0.9683058261871338,-0.026764191687107086,0.4805320203304291,0.9889262914657593,0.019562244415283203,0.4536297917366028,0.990714430809021,-0.059796273708343506,0.4694223403930664,1.0242514610290527,-0.031016163527965546
romanian deadlift_300281.jpg,0.3321167528629303,0.6604079008102417,-0.2788418233394623,0.3201965391635895,0.6499450206756592,-0.30343642830848694,0.3202199637889862,0.646504282951355,-0.3034783601760864,0.3202957212924957,0.6431794762611389,-0.3035578429698944,0.3193076252937317,0.652420699596405,-0.2667093575000763,0.31891968846321106,0.6511830687522888,-0.2667097747325897,0.31843242049217224,0.6501395106315613,-0.26688331365585327,0.32674646377563477,0.6199367046356201,-0.36243152618408203,0.3231191039085388,0.6295696496963501,-0.1982034146785736,0.34563571214675903,0.6517840623855591,-0.2944129407405853,0.3437882959842682,0.6546254754066467,-0.24646638333797455,0.3990291357040405,0.5954744815826416,-0.4086187481880188,0.3704071044921875,0.6053837537765503,-0.08402160555124283,0.44099175930023193,0.7443082928657532,-0.4452543556690216,0.4205191433429718,0.7342573404312134,-0.04990708827972412,0.45095062255859375,0.9053961038589478,-0.3966994285583496,0.4334126114845276,0.8557878136634827,-0.08837130665779114,0.45634064078330994,0.9474858045578003,-0.43273240327835083,0.4376565217971802,0.8859171271324158,-0.08600576967000961,0.44194933772087097,0.951977014541626,-0.4188900589942932,0.43145838379859924,0.8900827765464783,-0.1172325611114502,0.4405089020729065,0.9430030584335327,-0.3885594308376312,0.43108314275741577,0.8798606991767883,-0.10290981829166412,0.4824545681476593,0.7648025751113892,-0.06635639071464539,0.4555380642414093,0.7664734721183777,0.0663204938173294,0.49732884764671326,0.8971772193908691,-0.08352591097354889,0.4596964418888092,0.8886786699295044,0.004364167805761099,0.4886018931865692,1.012988567352295,0.09575299918651581,0.49052974581718445,1.012336015701294,0.18761059641838074,0.49832087755203247,1.027604103088379,0.11014392226934433,0.4999809265136719,1.025734305381775,0.2035106122493744,0.4678969085216522,1.0440036058425903,0.051965128630399704,0.4894910454750061,1.0598208904266357,0.14318959414958954
romanian deadlift_300291.jpg,0.3301540017127991,0.6624186635017395,-0.2675325572490692,0.3199455440044403,0.650595486164093,-0.2918481230735779,0.32054534554481506,0.6471493244171143,-0.2918880581855774,0.3211393356323242,0.6436967849731445,-0.29200732707977295,0.3182491362094879,0.6544376611709595,-0.25716444849967957,0.31775978207588196,0.6540942192077637,-0.2571767568588257,0.3172459602355957,0.6538557410240173,-0.25733131170272827,0.32898738980293274,0.6213948726654053,-0.35622042417526245,0.3244093060493469,0.6332268714904785,-0.2016640603542328,0.3456183671951294,0.6541987061500549,-0.2855466306209564,0.3435956537723541,0.6580104231834412,-0.2405175268650055,0.40386655926704407,0.6092956066131592,-0.4060160517692566,0.3747960031032562,0.6032028794288635,-0.08822806179523468,0.44533979892730713,0.7575069665908813,-0.434442937374115,0.42449209094047546,0.7223309874534607,-0.03501223027706146,0.45252037048339844,0.9047329425811768,-0.3899977505207062,0.4315049946308136,0.823034405708313,-0.05844912305474281,0.45948442816734314,0.9472635984420776,-0.423519104719162,0.4340229630470276,0.8486986756324768,-0.050055380910634995,0.4438773989677429,0.9559007287025452,-0.4107402563095093,0.4245988130569458,0.8530476093292236,-0.08251287043094635,0.4423573315143585,0.9394497275352478,-0.3825570046901703,0.42538750171661377,0.8446791768074036,-0.07273144274950027,0.48397988080978394,0.7717676162719727,-0.0667138397693634,0.46125882863998413,0.7608038783073425,0.06668385863304138,0.4943035840988159,0.900258481502533,-0.05297254025936127,0.4662057161331177,0.8779290318489075,0.10856471955776215,0.4984325170516968,1.0081233978271484,0.11361385881900787,0.4987655282020569,0.9982901811599731,0.25285178422927856,0.5129953622817993,1.0221247673034668,0.12799985706806183,0.509840726852417,1.0139871835708618,0.2665851414203644,0.4660499691963196,1.0287542343139648,0.09020689874887466,0.48507052659988403,1.0267915725708008,0.2326839566230774
romanian deadlift_300301.jpg,0.33192041516304016,0.6627599596977234,-0.25928327441215515,0.32189109921455383,0.6493364572525024,-0.2839762270450592,0.32247838377952576,0.646439254283905,-0.28399112820625305,0.3230662941932678,0.6436718106269836,-0.28407683968544006,0.3204866945743561,0.6513097286224365,-0.24908100068569183,0.3201609253883362,0.6498939990997314,-0.2490939497947693,0.31988096237182617,0.6487212777137756,-0.24924440681934357,0.32994264364242554,0.6249915361404419,-0.35327771306037903,0.32582342624664307,0.629673957824707,-0.19903334975242615,0.34683457016944885,0.6562018394470215,-0.27939942479133606,0.34545010328292847,0.6562511324882507,-0.23446451127529144,0.4035590589046478,0.6120238900184631,-0.4157395660877228,0.37969446182250977,0.5925801396369934,-0.0828017070889473,0.4456230401992798,0.7557171583175659,-0.4567137360572815,0.42616379261016846,0.7088350057601929,-0.04348686710000038,0.4544486701488495,0.910980761051178,-0.4227771759033203,0.4320867359638214,0.8103790879249573,-0.07572298496961594,0.46008387207984924,0.9488615989685059,-0.4601820707321167,0.4322521984577179,0.8353409767150879,-0.06847963482141495,0.4449096918106079,0.9573434591293335,-0.44596177339553833,0.42366060614585876,0.8401929140090942,-0.1004415825009346,0.4435221552848816,0.9422731995582581,-0.41577666997909546,0.4256781339645386,0.8329014182090759,-0.09019272029399872,0.4866469204425812,0.7656822204589844,-0.08677650988101959,0.4642513692378998,0.7473393678665161,0.08671310544013977,0.4730364680290222,0.8892233967781067,-0.10511400550603867,0.4462611973285675,0.8520662188529968,0.10074102133512497,0.4790095090866089,0.9893160462379456,0.066070057451725,0.5066699385643005,0.92755126953125,0.2265326976776123,0.4938408434391022,0.9960970282554626,0.08104702085256577,0.522436261177063,0.931039571762085,0.24003593623638153,0.44385164976119995,1.0227068662643433,0.057204943150281906,0.4871945381164551,0.973788857460022,0.2220144271850586
romanian deadlift_300311.jpg,0.3354959487915039,0.6306477189064026,-0.13832862675189972,0.3250182867050171,0.6189311742782593,-0.16072018444538116,0.32536765933036804,0.6160101294517517,-0.1607321798801422,0.3257634937763214,0.6128739714622498,-0.16077670454978943,0.32420504093170166,0.6206880211830139,-0.12062002718448639,0.32402515411376953,0.6193234920501709,-0.12066349387168884,0.32386207580566406,0.6178773045539856,-0.12080947309732437,0.33250313997268677,0.5894849896430969,-0.23950307071208954,0.32985159754753113,0.5949571132659912,-0.05950842797756195,0.34825289249420166,0.6233811974525452,-0.1646447777748108,0.34603646397590637,0.6248692274093628,-0.11205889284610748,0.4049247205257416,0.5868211388587952,-0.35332074761390686,0.39609450101852417,0.575907289981842,0.05344369634985924,0.4459666311740875,0.7336924076080322,-0.3975338637828827,0.4374088943004608,0.7074277400970459,0.07855336368083954,0.45438018441200256,0.8871034383773804,-0.3163887560367584,0.44648125767707825,0.8453467488288879,0.036308348178863525,0.4596090614795685,0.9280565977096558,-0.361061692237854,0.45097389817237854,0.8779835104942322,0.04195709899067879,0.44578108191490173,0.9321399331092834,-0.34390175342559814,0.44187453389167786,0.8933454751968384,0.007734926883131266,0.44421708583831787,0.9183847904205322,-0.3088584840297699,0.45339515805244446,0.8707349300384521,0.019809575751423836,0.5178247690200806,0.7583717107772827,-0.10357227921485901,0.5020605325698853,0.7442293763160706,0.10363931208848953,0.4678347408771515,0.886118471622467,-0.09753907471895218,0.4669206440448761,0.8509252667427063,0.09706317633390427,0.47925037145614624,1.0048006772994995,0.05146811157464981,0.49386635422706604,0.9580606818199158,0.20994442701339722,0.49588584899902344,1.018753170967102,0.0637831911444664,0.5104227662086487,0.9757451415061951,0.22031663358211517,0.4421721398830414,1.0401915311813354,0.032528046518564224,0.4583289325237274,1.012797474861145,0.191798597574234
romanian deadlift_300321.jpg,0.3478741943836212,0.4643523395061493,-0.06897225975990295,0.3440406620502472,0.44721776247024536,-0.09427603334188461,0.34562522172927856,0.4441341757774353,-0.09431692212820053,0.34740132093429565,0.4407355487346649,-0.09434149414300919,0.3426637053489685,0.44954875111579895,-0.053655605763196945,0.3430558741092682,0.44836413860321045,-0.05365376174449921,0.3435773253440857,0.4468669891357422,-0.05382775887846947,0.3636149764060974,0.4215306043624878,-0.16827304661273956,0.36067894101142883,0.42674916982650757,0.012278260663151741,0.36292001605033875,0.46629777550697327,-0.09375122934579849,0.3596011996269226,0.46866708993911743,-0.04081975296139717,0.42784225940704346,0.45485708117485046,-0.27398884296417236,0.4257899522781372,0.46247392892837524,0.1305287778377533,0.44651496410369873,0.6013908982276917,-0.306519478559494,0.4405350685119629,0.5991126894950867,0.1533224731683731,0.45371657609939575,0.7429907917976379,-0.24861714243888855,0.44753822684288025,0.7319129109382629,0.08840777724981308,0.4593048691749573,0.775263786315918,-0.28971174359321594,0.4498361647129059,0.7628326416015625,0.09574586898088455,0.44559791684150696,0.7803506851196289,-0.2748945355415344,0.4428502917289734,0.7819607257843018,0.054620660841464996,0.4442271590232849,0.7689681053161621,-0.24160480499267578,0.44984668493270874,0.7610942125320435,0.06930549442768097,0.5414487719535828,0.6322618722915649,-0.11725517362356186,0.5297874212265015,0.6371990442276001,0.11749183386564255,0.47853270173072815,0.8253167271614075,-0.10208039730787277,0.47469574213027954,0.8092249631881714,0.130072221159935,0.47916263341903687,1.0020203590393066,-0.017033176496624947,0.46860209107398987,0.9589404463768005,0.21082064509391785,0.4946081042289734,1.0214349031448364,-0.012500133365392685,0.47800004482269287,0.9802977442741394,0.21637755632400513,0.4247615933418274,1.0382590293884277,-0.08622555434703827,0.41720879077911377,1.0038028955459595,0.16838154196739197
romanian deadlift_300331.jpg,0.40141117572784424,0.3252861201763153,-0.11843427270650864,0.40866315364837646,0.31017133593559265,-0.14461499452590942,0.4114900827407837,0.30958202481269836,-0.14465929567813873,0.41468653082847595,0.3086170554161072,-0.144703209400177,0.4048154652118683,0.31127089262008667,-0.10718238353729248,0.40480735898017883,0.31154242157936096,-0.1071813628077507,0.40479281544685364,0.3116314709186554,-0.1073322519659996,0.4318546652793884,0.31180450320243835,-0.17484541237354279,0.4200870394706726,0.31578949093818665,-0.021313654258847237,0.41057080030441284,0.34046313166618347,-0.13948209583759308,0.404503732919693,0.3427431285381317,-0.09209350496530533,0.44962406158447266,0.39832425117492676,-0.2545930743217468,0.4437287747859955,0.40451493859291077,0.12012147158384323,0.44892793893814087,0.5302593111991882,-0.29201599955558777,0.4440377652645111,0.5265785455703735,0.1527453362941742,0.44041186571121216,0.6443901658058167,-0.27920547127723694,0.43967047333717346,0.6355029940605164,0.06855366379022598,0.44015324115753174,0.674390435218811,-0.3020370304584503,0.4350789487361908,0.666417121887207,0.07216419279575348,0.4313477873802185,0.6753239035606384,-0.2819945514202118,0.42985832691192627,0.6743468046188354,0.028115294873714447,0.4316680133342743,0.6657633185386658,-0.2721632719039917,0.437592476606369,0.6619909405708313,0.04774418845772743,0.5317431092262268,0.591500997543335,-0.11785963177680969,0.5140397548675537,0.586179792881012,0.11815080046653748,0.48223453760147095,0.7888794541358948,-0.1324567049741745,0.48318931460380554,0.7860627770423889,0.10792125761508942,0.5046553611755371,0.9735207557678223,-0.06928820163011551,0.5055986046791077,0.9497447609901428,0.18377050757408142,0.5132511258125305,1.005696177482605,-0.06691822409629822,0.5146744847297668,0.9747464656829834,0.18424707651138306,0.4691416323184967,1.0039918422698975,-0.16631513833999634,0.4788721203804016,0.986789882183075,0.08402266353368759
romanian deadlift_300341.jpg,0.4233000576496124,0.3146879971027374,-0.2952098846435547,0.4325163960456848,0.30038926005363464,-0.28781673312187195,0.43603506684303284,0.29964736104011536,-0.2878875732421875,0.43998077511787415,0.29881227016448975,-0.28798118233680725,0.4260901212692261,0.3011685609817505,-0.26413652300834656,0.4248819649219513,0.30135032534599304,-0.2641095817089081,0.4236201047897339,0.30167147517204285,-0.264122873544693,0.45832139253616333,0.3052539527416229,-0.20813152194023132,0.4357041120529175,0.3080590069293976,-0.10871980339288712,0.43264052271842957,0.3317994177341461,-0.2673245072364807,0.4233439862728119,0.33177289366722107,-0.23736359179019928,0.46380043029785156,0.3906850218772888,-0.27120551466941833,0.4488266706466675,0.393741637468338,0.08418454974889755,0.45674246549606323,0.5197747349739075,-0.2970954179763794,0.4438154101371765,0.5170205235481262,0.1451924443244934,0.44050443172454834,0.6352719664573669,-0.28499823808670044,0.433531254529953,0.6184531450271606,0.04953295364975929,0.4401684105396271,0.6639653444290161,-0.3390046954154968,0.42293938994407654,0.6488078832626343,0.054474297910928726,0.43095099925994873,0.6599531173706055,-0.33301398158073425,0.42654868960380554,0.6549304127693176,0.01842948980629444,0.4334357976913452,0.6434360146522522,-0.2878918945789337,0.43228980898857117,0.6474670171737671,0.030352622270584106,0.5314512848854065,0.5972863435745239,-0.11441291123628616,0.5071902275085449,0.5948209762573242,0.11447903513908386,0.4813561737537384,0.7948998212814331,-0.1308075487613678,0.4795730710029602,0.7798916101455688,0.1064680814743042,0.5062521696090698,0.9663056135177612,-0.032548945397138596,0.5011832118034363,0.9457582831382751,0.20978747308254242,0.5084257125854492,0.9835809469223022,-0.02680433914065361,0.5106546878814697,0.969301700592041,0.21405845880508423,0.4684867858886719,0.9989409446716309,-0.1168944388628006,0.47365909814834595,0.9842990636825562,0.10431656986474991
romanian deadlift_300351.jpg,0.431255042552948,0.3111545443534851,-0.27779608964920044,0.4410772919654846,0.29735687375068665,-0.26982155442237854,0.44520094990730286,0.2973896563053131,-0.2699086368083954,0.44955140352249146,0.2977513074874878,-0.27001240849494934,0.43424883484840393,0.298360675573349,-0.24491289258003235,0.43304717540740967,0.2987196743488312,-0.24487870931625366,0.43186864256858826,0.29908445477485657,-0.24489814043045044,0.46509045362472534,0.3067738711833954,-0.1951618194580078,0.4451160728931427,0.3050313889980316,-0.09816994518041611,0.4394909739494324,0.3297117352485657,-0.2501086890697479,0.4318970739841461,0.32829001545906067,-0.21881133317947388,0.4709230661392212,0.38908278942108154,-0.258064866065979,0.4520817995071411,0.3992576599121094,0.11365281790494919,0.45999911427497864,0.5173465013504028,-0.284049928188324,0.44343459606170654,0.5151834487915039,0.17735877633094788,0.43913033604621887,0.6391944289207458,-0.2813089191913605,0.427604079246521,0.6166054606437683,0.07355815917253494,0.43883565068244934,0.6698099970817566,-0.33024507761001587,0.4206152856349945,0.6506292819976807,0.07446012645959854,0.4296770691871643,0.6690242290496826,-0.3245801031589508,0.4219295382499695,0.6522552371025085,0.03004123456776142,0.43112069368362427,0.6562985181808472,-0.27965840697288513,0.4238702058792114,0.6360759139060974,0.05282534658908844,0.5158507227897644,0.611618161201477,-0.11763884127140045,0.5063715577125549,0.6113718152046204,0.11757688969373703,0.48000192642211914,0.8121817708015442,-0.1297319382429123,0.4786141514778137,0.7932717204093933,0.11759503185749054,0.508191704750061,0.9772967100143433,-0.035859767347574234,0.503908097743988,0.9504156112670898,0.22235751152038574,0.5198706388473511,1.0057371854782104,-0.030904646962881088,0.5142667889595032,0.9763143062591553,0.2269822657108307,0.4706461727619171,1.0226224660873413,-0.11561659723520279,0.47786134481430054,0.9926609396934509,0.1312684416770935
romanian deadlift_300361.jpg,0.43477803468704224,0.31267082691192627,-0.22731614112854004,0.4435478150844574,0.2988486886024475,-0.2225870043039322,0.4469001591205597,0.2989822328090668,-0.22272329032421112,0.45065492391586304,0.2990633547306061,-0.22287660837173462,0.4380987584590912,0.29883015155792236,-0.19412358105182648,0.4374324679374695,0.29881393909454346,-0.19407661259174347,0.4367014467716217,0.29882705211639404,-0.19409793615341187,0.4673526883125305,0.3067910373210907,-0.1910579949617386,0.45268332958221436,0.3066784739494324,-0.05676722154021263,0.4425358772277832,0.3304217755794525,-0.19919678568840027,0.43613293766975403,0.3294631838798523,-0.16228628158569336,0.47264912724494934,0.384151428937912,-0.272630900144577,0.4571698307991028,0.3980615437030792,0.12555035948753357,0.4617701768875122,0.5097301006317139,-0.3069727122783661,0.44476208090782166,0.5096999406814575,0.1890387237071991,0.43820273876190186,0.6347711086273193,-0.2875490188598633,0.42545923590660095,0.60699862241745,0.10765483230352402,0.4372735917568207,0.6678476929664612,-0.3324384391307831,0.41982969641685486,0.6490246653556824,0.10864198952913284,0.4276779890060425,0.6641678810119629,-0.3255251944065094,0.4216838777065277,0.6422803997993469,0.06432309001684189,0.4298021197319031,0.6538007259368896,-0.28422069549560547,0.4242517054080963,0.6373265385627747,0.08676455169916153,0.5001788139343262,0.6117115616798401,-0.11989534646272659,0.5032414793968201,0.6134933233261108,0.11989732831716537,0.476343035697937,0.8132091164588928,-0.12827785313129425,0.4774099290370941,0.7948645949363708,0.1197875440120697,0.5033135414123535,0.9868157505989075,-0.06368254870176315,0.5004427433013916,0.955303966999054,0.21077682077884674,0.5145400166511536,1.022939920425415,-0.06315014511346817,0.5110437273979187,0.9844986796379089,0.22482635080814362,0.4566377103328705,1.0265979766845703,-0.16916552186012268,0.47698360681533813,0.994712769985199,0.11339082568883896
romanian deadlift_300371.jpg,0.43490666151046753,0.31808334589004517,-0.16739864647388458,0.4429987967014313,0.30307427048683167,-0.17729423940181732,0.44634586572647095,0.30269089341163635,-0.17739561200141907,0.45003142952919006,0.30225589871406555,-0.1774948388338089,0.43744948506355286,0.30378469824790955,-0.14555859565734863,0.4368036687374115,0.303906112909317,-0.14552892744541168,0.43623462319374084,0.30394676327705383,-0.14556878805160522,0.46711644530296326,0.30823782086372375,-0.1765933483839035,0.45125991106033325,0.3097718060016632,-0.0362185463309288,0.44351911544799805,0.3345245122909546,-0.16134266555309296,0.4366283118724823,0.3345123529434204,-0.12102781236171722,0.4759496748447418,0.3853502869606018,-0.27195146679878235,0.46136873960494995,0.4036925137042999,0.13427837193012238,0.4649571478366852,0.5142919421195984,-0.3147040605545044,0.4469069838523865,0.5200311541557312,0.19257618486881256,0.43716827034950256,0.6378080248832703,-0.2898031175136566,0.4268699288368225,0.6163003444671631,0.12237120419740677,0.43507662415504456,0.6704240441322327,-0.3326849639415741,0.4220435321331024,0.6529855728149414,0.12435510009527206,0.42664289474487305,0.6701198220252991,-0.3259318470954895,0.42209669947624207,0.6495950818061829,0.08188488334417343,0.4286622703075409,0.6585248112678528,-0.28583014011383057,0.42624691128730774,0.6439103484153748,0.10224530100822449,0.4905186891555786,0.6176865100860596,-0.1174515038728714,0.4970382750034332,0.6223011612892151,0.11745071411132812,0.47587913274765015,0.8177586793899536,-0.12574829161167145,0.47670355439186096,0.7981789708137512,0.12137136608362198,0.49245163798332214,0.9892861843109131,-0.05551515147089958,0.4991683065891266,0.9720768332481384,0.20628662407398224,0.5127986073493958,1.039794683456421,-0.055523183196783066,0.5097352266311646,1.0021780729293823,0.20827201008796692,0.4509865641593933,1.0372421741485596,-0.1630549430847168,0.47070997953414917,1.010002851486206,0.10244961827993393
romanian deadlift_300381.jpg,0.4304608106613159,0.33068156242370605,-0.08914335817098618,0.43549397587776184,0.31275078654289246,-0.1146392896771431,0.4382852017879486,0.3118228614330292,-0.11468842625617981,0.4413338601589203,0.31083405017852783,-0.11474154144525528,0.43233442306518555,0.31360137462615967,-0.07372580468654633,0.4326474368572235,0.3132268190383911,-0.0736827552318573,0.43306732177734375,0.3127746880054474,-0.07372090965509415,0.4589030146598816,0.3134429156780243,-0.17195191979408264,0.4493900239467621,0.3146665692329407,0.0067450557835400105,0.4393848478794098,0.34478333592414856,-0.10692667216062546,0.4353703558444977,0.3451943099498749,-0.05442742258310318,0.4807577431201935,0.3856801688671112,-0.27851536870002747,0.4712279140949249,0.40057262778282166,0.1526254266500473,0.4709872007369995,0.5153319835662842,-0.32498398423194885,0.46281924843788147,0.5168792605400085,0.20860667526721954,0.43772274255752563,0.6377819776535034,-0.29006215929985046,0.44108083844184875,0.6041550040245056,0.1441199630498886,0.43650445342063904,0.6690681576728821,-0.3362061381340027,0.43891605734825134,0.6404553055763245,0.14975431561470032,0.42711105942726135,0.6682007312774658,-0.3259739577770233,0.43613046407699585,0.6415342092514038,0.10528693348169327,0.4297914206981659,0.6564343571662903,-0.2872216999530792,0.43451350927352905,0.6238792538642883,0.1233355849981308,0.4897957444190979,0.6204529404640198,-0.12081744521856308,0.49621227383613586,0.62061607837677,0.12084127217531204,0.4759752154350281,0.817719042301178,-0.12147580832242966,0.4767061471939087,0.7985491156578064,0.13462737202644348,0.4932306408882141,0.9989240169525146,-0.05367521196603775,0.4947015345096588,0.9746831059455872,0.20389261841773987,0.5107969641685486,1.0365817546844482,-0.054036449640989304,0.505452573299408,1.0045289993286133,0.20627547800540924,0.4471540153026581,1.043494701385498,-0.16010893881320953,0.4532371759414673,1.01211678981781,0.11097588390111923
romanian deadlift_400001.jpg,0.5485325455665588,0.3376855254173279,-0.06574442982673645,0.5483549237251282,0.31931909918785095,-0.05466621741652489,0.5473133325576782,0.31885334849357605,-0.05470516160130501,0.5460141897201538,0.3181668817996979,-0.054645173251628876,0.5466035008430481,0.31809714436531067,-0.09181045740842819,0.5443512797355652,0.3168438971042633,-0.09181136637926102,0.5416327118873596,0.31532514095306396,-0.09194087982177734,0.5254596471786499,0.3143792748451233,0.0036301701329648495,0.5221399664878845,0.3123035728931427,-0.1719520390033722,0.5387503504753113,0.3517875373363495,-0.039046332240104675,0.5367494225502014,0.35054251551628113,-0.08552258461713791,0.4751918613910675,0.3852217495441437,0.10759826004505157,0.48780450224876404,0.3831300437450409,-0.2572707235813141,0.4670378267765045,0.516176164150238,0.12796719372272491,0.4798509478569031,0.5186180472373962,-0.297423779964447,0.47873926162719727,0.6142413020133972,0.08480523526668549,0.5028221011161804,0.637169361114502,-0.27918896079063416,0.48358795046806335,0.646133542060852,0.08844639360904694,0.5049979090690613,0.6738477945327759,-0.3130459785461426,0.4886721074581146,0.6465981006622314,0.06675068289041519,0.511500358581543,0.6755245923995972,-0.3051789700984955,0.4853361248970032,0.6385390758514404,0.07278300076723099,0.5089603662490845,0.6613896489143372,-0.2740520238876343,0.47920915484428406,0.6266810297966003,0.11225008964538574,0.49646157026290894,0.6254615187644958,-0.11250146478414536,0.4817255437374115,0.820277750492096,0.2131066471338272,0.4880606234073639,0.8238943219184875,-0.028578469529747963,0.4844546914100647,0.998499870300293,0.34624969959259033,0.49352261424064636,1.0130581855773926,0.09095451980829239,0.47162163257598877,1.031712293624878,0.3538852035999298,0.47708943486213684,1.0500577688217163,0.09831234812736511,0.5160213112831116,1.0265339612960815,0.3086050748825073,0.5398644208908081,1.033660888671875,0.010125568136572838
romanian deadlift_400011.jpg,0.5348275899887085,0.3093087375164032,-0.09243956208229065,0.529558539390564,0.29346323013305664,-0.07863028347492218,0.529533863067627,0.2932009696960449,-0.07869071513414383,0.529422402381897,0.29301589727401733,-0.07870261371135712,0.5265273451805115,0.29457077383995056,-0.11269218474626541,0.5243810415267944,0.2950301170349121,-0.11269039660692215,0.522098958492279,0.2955165505409241,-0.11279686540365219,0.5209488272666931,0.3010457456111908,-0.002034699311479926,0.5121011734008789,0.3041849434375763,-0.17847681045532227,0.5336103439331055,0.32835501432418823,-0.059331413358449936,0.5297878980636597,0.32844215631484985,-0.1020505502820015,0.4825696647167206,0.388699471950531,0.1256786435842514,0.49335145950317383,0.3780355751514435,-0.2658293843269348,0.4698185622692108,0.5224514603614807,0.1725092977285385,0.4814381003379822,0.5235564112663269,-0.30340084433555603,0.48052236437797546,0.6206515431404114,0.1399930864572525,0.5105090737342834,0.6498842239379883,-0.28865909576416016,0.48329365253448486,0.6517304182052612,0.14510594308376312,0.5150267481803894,0.6850265860557556,-0.3216142952442169,0.4882906675338745,0.6486067175865173,0.12157055735588074,0.5190809369087219,0.6865511536598206,-0.3157263994216919,0.4865730404853821,0.6386650204658508,0.12794005870819092,0.5163353085517883,0.6743834614753723,-0.2842479646205902,0.4754658639431,0.6314240097999573,0.11548120528459549,0.4894220530986786,0.6320745348930359,-0.11553767323493958,0.4810640215873718,0.814011812210083,0.17431630194187164,0.4864446520805359,0.8242365717887878,-0.06539982557296753,0.4683113992214203,0.9889381527900696,0.284396767616272,0.4795091450214386,1.0005279779434204,0.03317537531256676,0.45068392157554626,0.9905257225036621,0.28954261541366577,0.4573505222797394,1.0421583652496338,0.03875510022044182,0.5118429660797119,1.0128365755081177,0.23845204710960388,0.5328920483589172,1.0333365201950073,-0.05348716676235199
romanian deadlift_400021.jpg,0.5405562520027161,0.31219199299812317,-0.052126336842775345,0.5340543389320374,0.2966078817844391,-0.03555614873766899,0.533499002456665,0.2965777814388275,-0.035610929131507874,0.5328333973884583,0.2966504693031311,-0.035605207085609436,0.5314019322395325,0.2970649003982544,-0.07623258233070374,0.5290741920471191,0.29735037684440613,-0.07624425739049911,0.526595413684845,0.2977010905742645,-0.07636024057865143,0.5215876698493958,0.3054979145526886,0.049417003989219666,0.5142118334770203,0.30633893609046936,-0.13701586425304413,0.5369600653648376,0.3313368260860443,-0.014470302499830723,0.5334551334381104,0.33106324076652527,-0.06695377081632614,0.48657625913619995,0.3965204954147339,0.1822916865348816,0.4912920296192169,0.3822728991508484,-0.22260281443595886,0.4739227294921875,0.5272950530052185,0.21813049912452698,0.4775044023990631,0.5086162686347961,-0.267416775226593,0.49317410588264465,0.629380464553833,0.14434799551963806,0.5150095820426941,0.642296314239502,-0.26281601190567017,0.49723148345947266,0.6562283635139465,0.140895813703537,0.5193669199943542,0.6801259517669678,-0.2958173453807831,0.5015152096748352,0.6553470492362976,0.11305974423885345,0.5235422253608704,0.6806515455245972,-0.29321667551994324,0.5000213384628296,0.649319589138031,0.12929417192935944,0.520249605178833,0.6646257638931274,-0.25901147723197937,0.4720548987388611,0.6353150010108948,0.12185653299093246,0.48945826292037964,0.6355072259902954,-0.12189485132694244,0.4756280481815338,0.8147943019866943,0.135226309299469,0.4849531054496765,0.8303322792053223,-0.10528957098722458,0.4567079246044159,0.9899638891220093,0.20831942558288574,0.47201332449913025,1.0136923789978027,-0.036562081426382065,0.44142088294029236,1.0113507509231567,0.20920270681381226,0.4502321183681488,1.049408197402954,-0.03419199958443642,0.5035824179649353,1.0139015913009644,0.1482420563697815,0.5275535583496094,1.0473535060882568,-0.1324079930782318
romanian deadlift_400031.jpg,0.5436739325523376,0.3220757246017456,-0.05157047510147095,0.5399256348609924,0.30373045802116394,-0.03619362413883209,0.5392379760742188,0.30328208208084106,-0.03628171235322952,0.5382818579673767,0.3027855455875397,-0.03631794452667236,0.536834180355072,0.3032781183719635,-0.07825137674808502,0.5341830849647522,0.3025874197483063,-0.07827914506196976,0.5313860774040222,0.30184105038642883,-0.07842452079057693,0.5205052495002747,0.3047807812690735,0.04430386796593666,0.5149449110031128,0.30479076504707336,-0.14407697319984436,0.5374502539634705,0.33890146017074585,-0.015903038904070854,0.5343660712242126,0.33842065930366516,-0.07019016146659851,0.4955153167247772,0.3977918326854706,0.17263160645961761,0.48653289675712585,0.38461005687713623,-0.23746095597743988,0.49482986330986023,0.5218660831451416,0.21735556423664093,0.4737464487552643,0.513461172580719,-0.2758757770061493,0.5164704918861389,0.6152817010879517,0.13999946415424347,0.5092180371284485,0.6308313012123108,-0.2576610743999481,0.5225189328193665,0.6466127038002014,0.13319747149944305,0.5136027932167053,0.6735849380493164,-0.29241275787353516,0.5248902440071106,0.640482485294342,0.10640813410282135,0.5192787051200867,0.6717389225959778,-0.2924202084541321,0.5217972993850708,0.6305981874465942,0.1244291216135025,0.5172600150108337,0.6552626490592957,-0.25560086965560913,0.47262588143348694,0.6418863534927368,0.11925732344388962,0.48236772418022156,0.643988847732544,-0.1192433089017868,0.4758656620979309,0.8199204206466675,0.1723191887140274,0.4789847135543823,0.8353397846221924,-0.0815209448337555,0.4646487534046173,1.003055453300476,0.28111937642097473,0.4596169590950012,1.0289689302444458,0.022326385602355003,0.45329535007476807,1.032867193222046,0.28534623980522156,0.4397816061973572,1.0613300800323486,0.02743843011558056,0.5194817185401917,1.0380922555923462,0.22436264157295227,0.5186640620231628,1.0691577196121216,-0.07614638656377792
romanian deadlift_400041.jpg,0.5456475615501404,0.32713717222213745,-0.016148418188095093,0.5423462390899658,0.30808335542678833,-0.001969814533367753,0.5414860844612122,0.30741262435913086,-0.002044622553512454,0.5402952432632446,0.30664363503456116,-0.0020699722226709127,0.5397768616676331,0.30759620666503906,-0.045047175139188766,0.5372343063354492,0.3066600263118744,-0.04505553096532822,0.5346768498420715,0.3056645393371582,-0.0451921708881855,0.5209710001945496,0.3069397211074829,0.06450488418340683,0.5179778933525085,0.30674755573272705,-0.1310901939868927,0.5385754108428955,0.343155175447464,0.014473452232778072,0.5357955098152161,0.34276115894317627,-0.04121822491288185,0.48665887117385864,0.39101889729499817,0.18398088216781616,0.49055856466293335,0.3860096335411072,-0.22446659207344055,0.4857083857059479,0.5205674767494202,0.2147022783756256,0.47881466150283813,0.5126145482063293,-0.2641339898109436,0.49723953008651733,0.620593786239624,0.15609382092952728,0.5103793144226074,0.6391676068305969,-0.25050681829452515,0.5018185377120972,0.6515874862670898,0.1571221947669983,0.5132784843444824,0.679807186126709,-0.2841319143772125,0.5048091411590576,0.6488046646118164,0.13125547766685486,0.5173954367637634,0.6782867312431335,-0.27744242548942566,0.5025404691696167,0.6389715671539307,0.14174596965312958,0.5156670212745667,0.6643680930137634,-0.2458564192056656,0.46574217081069946,0.6425231695175171,0.11988044530153275,0.4834791123867035,0.6452202796936035,-0.11991384625434875,0.47010913491249084,0.8265453577041626,0.16130059957504272,0.4773584008216858,0.8432237505912781,-0.08918749541044235,0.4543846845626831,1.0093142986297607,0.24698728322982788,0.4573383331298828,1.0362225770950317,-0.017577452585101128,0.4399246573448181,1.0421810150146484,0.2491023689508438,0.4367464780807495,1.0701301097869873,-0.014875336550176144,0.5070300698280334,1.041280746459961,0.19790759682655334,0.517553448677063,1.0720553398132324,-0.10467786341905594
romanian deadlift_400051.jpg,0.5677527189254761,0.33694908022880554,-0.05650009587407112,0.5690785050392151,0.31892189383506775,-0.05290292575955391,0.568108856678009,0.31782078742980957,-0.052966244518756866,0.5667902231216431,0.3167524039745331,-0.05298945680260658,0.5662223100662231,0.3199409544467926,-0.0733431726694107,0.5633118748664856,0.31939420104026794,-0.07338285446166992,0.5598946809768677,0.31855130195617676,-0.0734083354473114,0.5468538403511047,0.3185042440891266,0.010880619287490845,0.5399599671363831,0.3179429769515991,-0.17384977638721466,0.5566975474357605,0.3522680699825287,-0.03682909160852432,0.5531808137893677,0.35250112414360046,-0.07952364534139633,0.4948708117008209,0.393687903881073,0.1268002837896347,0.49870219826698303,0.3899892270565033,-0.2609785199165344,0.4814055860042572,0.523901641368866,0.16042867302894592,0.4816356301307678,0.5195461511611938,-0.3040224015712738,0.4926756024360657,0.6323451399803162,0.11875729262828827,0.5090695023536682,0.6597616076469421,-0.3032555878162384,0.4965040981769562,0.6623240113258362,0.1247377097606659,0.5103601813316345,0.691605806350708,-0.33782559633255005,0.49886050820350647,0.6613048911094666,0.09948260337114334,0.5162975192070007,0.6909894943237305,-0.3318593204021454,0.4986809492111206,0.6517531871795654,0.10619159042835236,0.514854371547699,0.679774284362793,-0.2991655766963959,0.4659503996372223,0.6429928541183472,0.11601139605045319,0.48167744278907776,0.6453397870063782,-0.1159185841679573,0.4689243733882904,0.8247094750404358,0.1566583216190338,0.4800781309604645,0.8402889966964722,-0.09938475489616394,0.435514360666275,0.9861478209495544,0.24180994927883148,0.4628642499446869,1.0409674644470215,-0.03990069776773453,0.418813019990921,1.012839436531067,0.24463142454624176,0.4459798038005829,1.0700130462646484,-0.03862275928258896,0.4853288233280182,1.0236674547195435,0.2022014558315277,0.5318333506584167,1.0797688961029053,-0.13197185099124908
romanian deadlift_400061.jpg,0.5952159762382507,0.4001062512397766,-0.06026633828878403,0.6002180576324463,0.3830012083053589,-0.05240799859166145,0.6000494360923767,0.38218802213668823,-0.05245393514633179,0.5996802449226379,0.38112878799438477,-0.052444227039813995,0.5976632833480835,0.37937015295028687,-0.08473777025938034,0.5956680178642273,0.37644585967063904,-0.08477390557527542,0.5934310555458069,0.3733071982860565,-0.08485187590122223,0.5830042362213135,0.3670687675476074,0.003549958113580942,0.5769339799880981,0.36322158575057983,-0.16724605858325958,0.5853813886642456,0.4095720052719116,-0.034403253346681595,0.5813533067703247,0.4051474630832672,-0.08165933191776276,0.505449652671814,0.41423889994621277,0.11665180325508118,0.514863908290863,0.4206087291240692,-0.23991325497627258,0.4827885329723358,0.5276401042938232,0.1593676656484604,0.4870580732822418,0.5562829971313477,-0.2629588544368744,0.5016516447067261,0.6351059675216675,0.13683860003948212,0.5027509927749634,0.691514253616333,-0.2449989765882492,0.5057962536811829,0.6644939184188843,0.14605563879013062,0.5034123063087463,0.7211971879005432,-0.2726050913333893,0.5121454000473022,0.663759171962738,0.12428323179483414,0.5097479224205017,0.7180025577545166,-0.2663130462169647,0.5101712942123413,0.6543562412261963,0.12605145573616028,0.5086793899536133,0.7065722346305847,-0.2404988706111908,0.46795883774757385,0.6671750545501709,0.11479341983795166,0.47581174969673157,0.6672363877296448,-0.1147456169128418,0.46975961327552795,0.828299880027771,0.15624184906482697,0.48231175541877747,0.8490028977394104,-0.09029363840818405,0.44249433279037476,1.0011274814605713,0.24284642934799194,0.46527424454689026,1.0591591596603394,-0.031264062970876694,0.43372488021850586,1.0288054943084717,0.24505479633808136,0.4458759129047394,1.0915863513946533,-0.029941050335764885,0.5082584023475647,1.03939950466156,0.20458975434303284,0.5311643481254578,1.0979101657867432,-0.11166781932115555
romanian deadlift_400071.jpg,0.6107738018035889,0.449858695268631,-0.07053407281637192,0.6178897619247437,0.43500640988349915,-0.06339588761329651,0.6175070405006409,0.4345158338546753,-0.06345175206661224,0.6170189380645752,0.4338158071041107,-0.063486248254776,0.6171779036521912,0.4310508370399475,-0.0960768535733223,0.6161985993385315,0.42800775170326233,-0.09615261107683182,0.6149606108665466,0.4246857464313507,-0.09620807319879532,0.6023327112197876,0.41846808791160583,-0.002478023525327444,0.5993622541427612,0.409401535987854,-0.1911783516407013,0.597371518611908,0.4553772509098053,-0.046610474586486816,0.5957638025283813,0.4521375298500061,-0.09444023668766022,0.5116714239120483,0.4447658061981201,0.06854535639286041,0.5246407985687256,0.44185736775398254,-0.24488519132137299,0.4546566903591156,0.5699504613876343,0.0926072895526886,0.5003286004066467,0.5835340023040771,-0.2466590255498886,0.47178521752357483,0.6954605579376221,0.0750519260764122,0.49924859404563904,0.7223066687583923,-0.21967950463294983,0.46886032819747925,0.7278577089309692,0.08004966378211975,0.5004241466522217,0.7557252049446106,-0.2435128390789032,0.47999003529548645,0.7344611287117004,0.05835980921983719,0.5053699612617493,0.7556532025337219,-0.23974554240703583,0.47724801301956177,0.723471999168396,0.06491502374410629,0.5049223899841309,0.7465053200721741,-0.21591347455978394,0.4679754376411438,0.6825135350227356,0.09956465661525726,0.47593414783477783,0.6864127516746521,-0.09963301569223404,0.4588461220264435,0.8590125441551208,0.08658468723297119,0.4819778501987457,0.8463724851608276,-0.08573184907436371,0.4495636224746704,1.018324613571167,0.13937513530254364,0.4372015595436096,1.0542833805084229,-0.034288350492715836,0.43901142477989197,1.0454121828079224,0.13849584758281708,0.41517502069473267,1.061219573020935,-0.03296048566699028,0.5063007473945618,1.0555135011672974,0.07998966425657272,0.4776029586791992,1.0820804834365845,-0.09885771572589874
romanian deadlift_400081.jpg,0.6168142557144165,0.48609673976898193,-0.015301259234547615,0.6243906617164612,0.4703044891357422,-0.014736458659172058,0.623707115650177,0.4689091145992279,-0.01480751670897007,0.6228119134902954,0.4671769142150879,-0.014748630113899708,0.6242902874946594,0.46812909841537476,-0.050270263105630875,0.6234855055809021,0.46530380845069885,-0.050314582884311676,0.6224573850631714,0.46222347021102905,-0.050393249839544296,0.6085470914840698,0.4490111768245697,-0.002533761551603675,0.607571005821228,0.444917768239975,-0.16913440823554993,0.6025333404541016,0.4901159107685089,-0.004484641831368208,0.6017727255821228,0.4875965416431427,-0.051199957728385925,0.5090259313583374,0.46649307012557983,0.05416637286543846,0.5330407023429871,0.4709567129611969,-0.22688347101211548,0.42247310280799866,0.5696189999580383,0.059098981320858,0.5044238567352295,0.605764627456665,-0.21746793389320374,0.4215497374534607,0.6760141849517822,0.040932249277830124,0.4981691539287567,0.7472066283226013,-0.13390810787677765,0.4172928035259247,0.6956154704093933,0.04974400997161865,0.49850988388061523,0.7695069909095764,-0.1456751525402069,0.4264257252216339,0.7029407620429993,0.04588345065712929,0.5030123591423035,0.778093695640564,-0.1349906027317047,0.42708447575569153,0.6988025903701782,0.03826902434229851,0.50240159034729,0.7691205143928528,-0.12509514391422272,0.4517935812473297,0.6940569877624512,0.09480003267526627,0.4679777920246124,0.7005322575569153,-0.09499799460172653,0.45930200815200806,0.8559859991073608,0.20532169938087463,0.4813738465309143,0.8437268733978271,0.01965286023914814,0.44154080748558044,0.9362030625343323,0.2633070647716522,0.4325675666332245,0.9760795831680298,0.06403632462024689,0.4295065701007843,0.9492324590682983,0.2657586932182312,0.41142788529396057,0.9861857295036316,0.06887662410736084,0.46805059909820557,0.9641255140304565,0.2482011616230011,0.46206992864608765,1.013381838798523,0.046797558665275574
romanian deadlift_400091.jpg,0.6185622811317444,0.5415834784507751,0.06828460842370987,0.6275526881217957,0.5270618200302124,0.08259367197751999,0.6270841956138611,0.5257447957992554,0.08250126242637634,0.6265252828598022,0.5238940119743347,0.08253646641969681,0.627777099609375,0.5239754915237427,0.045769598335027695,0.6273117661476135,0.5207778811454773,0.045716386288404465,0.6266046166419983,0.5172673463821411,0.045620452612638474,0.6142484545707703,0.5024624466896057,0.11746803671121597,0.6135372519493103,0.49694693088531494,-0.04788076877593994,0.6050993204116821,0.5428847670555115,0.0848127231001854,0.6050550937652588,0.5384373664855957,0.03723549097776413,0.5191606283187866,0.5088205933570862,0.16540859639644623,0.5407209992408752,0.5118422508239746,-0.1401536762714386,0.4593006670475006,0.6219088435173035,0.12421449273824692,0.5050349831581116,0.6446167230606079,-0.17683182656764984,0.4420882761478424,0.7479557394981384,0.07088381797075272,0.49701765179634094,0.7844445705413818,-0.14504076540470123,0.439046174287796,0.779195249080658,0.07945091277360916,0.4982122778892517,0.8276060223579407,-0.1630307137966156,0.44484755396842957,0.7863556742668152,0.06952608376741409,0.5018891096115112,0.8306693434715271,-0.1482839584350586,0.4452611804008484,0.7752628922462463,0.06475313752889633,0.5018553733825684,0.8158607482910156,-0.13677605986595154,0.45568904280662537,0.719187319278717,0.08766166865825653,0.46969014406204224,0.7153306007385254,-0.0878542959690094,0.45138075947761536,0.8534948825836182,0.0453900545835495,0.4742085337638855,0.7943325638771057,-0.2069113403558731,0.41079282760620117,0.8901143670082092,-0.10860779881477356,0.43373310565948486,0.9158644080162048,-0.39234963059425354,0.40102940797805786,0.8913545608520508,-0.1272612363100052,0.4175660312175751,0.9269169569015503,-0.4101003110408783,0.41152918338775635,0.9182930588722229,-0.19103164970874786,0.44970938563346863,0.9719876050949097,-0.47462064027786255
romanian deadlift_400101.jpg,0.6329230070114136,0.6073811054229736,-0.023914871737360954,0.6456103920936584,0.5973424911499023,-0.00011334031296428293,0.6453266739845276,0.5970097184181213,-0.0001643923606025055,0.6449414491653442,0.5960203409194946,-0.000194839303730987,0.6450421214103699,0.5919544100761414,-0.056236207485198975,0.6443178653717041,0.5883111953735352,-0.056408364325761795,0.6433699131011963,0.5844546556472778,-0.05663948878645897,0.6308748722076416,0.5701982975006104,0.10290614515542984,0.6303228139877319,0.5631730556488037,-0.15943075716495514,0.6148781180381775,0.6078066229820251,0.0049775405786931515,0.6135851740837097,0.6006685495376587,-0.06308253109455109,0.5661947131156921,0.578786313533783,0.10355385392904282,0.5436853170394897,0.5705410242080688,-0.24247446656227112,0.49855250120162964,0.695267379283905,0.09733270108699799,0.5056023001670837,0.7128305435180664,-0.26680031418800354,0.48083168268203735,0.8290337324142456,0.058148883283138275,0.4969015121459961,0.8582080602645874,-0.24712170660495758,0.48559337854385376,0.8700198531150818,0.06638466566801071,0.4976189434528351,0.8991261720657349,-0.27802574634552,0.49106365442276,0.8768758177757263,0.046881601214408875,0.5014865398406982,0.9022105932235718,-0.2560756206512451,0.4898955225944519,0.8624703288078308,0.04947851598262787,0.502427339553833,0.8885112404823303,-0.2370489090681076,0.4699574112892151,0.7690128684043884,0.09120932221412659,0.4633021056652069,0.7561982870101929,-0.09116242080926895,0.43019574880599976,0.8816515803337097,0.06090088188648224,0.40340250730514526,0.7936678528785706,-0.26293280720710754,0.38921207189559937,0.8661416172981262,0.23888276517391205,0.3712226450443268,0.8552407026290894,-0.1339530199766159,0.38426128029823303,0.8584281802177429,0.2578151822090149,0.3660335838794708,0.8517594337463379,-0.13264410197734833,0.37425127625465393,0.875335156917572,0.24044403433799744,0.3667792081832886,0.8989990949630737,-0.25593477487564087
romanian deadlift_400111.jpg,0.6300552487373352,0.6429605484008789,-0.025734931230545044,0.6438919305801392,0.6343591213226318,-0.010364990681409836,0.6439847946166992,0.6334758400917053,-0.010432337410748005,0.6438990831375122,0.6320764422416687,-0.010432850569486618,0.6434682011604309,0.6298882961273193,-0.05114605277776718,0.6433418393135071,0.6261409521102905,-0.051242485642433167,0.6430751085281372,0.6219435930252075,-0.051396265625953674,0.6351795792579651,0.6077452301979065,0.047292910516262054,0.6354848146438599,0.596165657043457,-0.146572545170784,0.6161335706710815,0.6377841234207153,-0.0019972145091742277,0.6154153943061829,0.6334076523780823,-0.05604478344321251,0.5706485509872437,0.5932575464248657,0.11290152370929718,0.555071234703064,0.5849311351776123,-0.22157450020313263,0.5008174777030945,0.695586621761322,0.12099386006593704,0.510403573513031,0.7199940085411072,-0.25970327854156494,0.48997506499290466,0.8316704630851746,0.062471672892570496,0.4966699779033661,0.8756656050682068,-0.2410777509212494,0.49213939905166626,0.8451521396636963,0.06572841852903366,0.49659743905067444,0.9231314063072205,-0.2748984396457672,0.49826112389564514,0.8508740663528442,0.040862075984478,0.5009868741035461,0.926496148109436,-0.2544678747653961,0.49636682868003845,0.8399909734725952,0.04988016188144684,0.5020272731781006,0.9113277196884155,-0.23227009177207947,0.47313663363456726,0.7532793879508972,0.09823975712060928,0.4607534408569336,0.742786169052124,-0.09833978116512299,0.49246031045913696,0.8356090188026428,0.06729497015476227,0.4318862557411194,0.7845696210861206,-0.23409701883792877,0.44791555404663086,0.8779016137123108,0.1362278312444687,0.4000396728515625,0.8428125381469727,-0.1158948764204979,0.4347607493400574,0.881495475769043,0.14036521315574646,0.38705146312713623,0.8399167656898499,-0.1036369726061821,0.45598772168159485,0.9070627689361572,0.11449820548295975,0.4124905467033386,0.9009106755256653,-0.1731344759464264
romanian deadlift_400121.jpg,0.6323910355567932,0.6623262763023376,-0.10149060189723969,0.6466664671897888,0.6504707336425781,-0.0923318937420845,0.6465952396392822,0.649088978767395,-0.09238027036190033,0.6463879942893982,0.6472870111465454,-0.09240924566984177,0.6468417644500732,0.6462353467941284,-0.1277274340391159,0.6468325853347778,0.6421034336090088,-0.12779471278190613,0.6466270685195923,0.6377992630004883,-0.12788021564483643,0.6367049813270569,0.6192879676818848,-0.05126429721713066,0.6375696659088135,0.6130980253219604,-0.212569922208786,0.6189864277839661,0.6582306623458862,-0.08127119392156601,0.6185846924781799,0.6532077789306641,-0.12794040143489838,0.5619068741798401,0.590711236000061,0.03040611557662487,0.5605273842811584,0.6099265813827515,-0.27712154388427734,0.5054113864898682,0.7154203653335571,0.050063468515872955,0.5115073919296265,0.7432795166969299,-0.2972324788570404,0.4979991316795349,0.8376879096031189,0.01969745196402073,0.4965459108352661,0.8899568319320679,-0.27958425879478455,0.49752816557884216,0.8625449538230896,0.035238102078437805,0.4958566427230835,0.9309889078140259,-0.3092902600765228,0.5035957098007202,0.8731239438056946,0.001160483923740685,0.501155436038971,0.9331793785095215,-0.28966647386550903,0.5020009875297546,0.8631935715675354,0.00582731980830431,0.5016136765480042,0.9225879311561584,-0.2709929645061493,0.4642673432826996,0.7526834011077881,0.0933821052312851,0.45341262221336365,0.7683276534080505,-0.09349393099546432,0.45952108502388,0.8589080572128296,0.13376088440418243,0.4242144227027893,0.8878629207611084,-0.12112078070640564,0.38823407888412476,0.8038296103477478,0.19732695817947388,0.41003045439720154,0.8784251809120178,0.0009440859430469573,0.3836936056613922,0.7848936915397644,0.20679329335689545,0.39641043543815613,0.8672627210617065,0.01671857200562954,0.3595208525657654,0.8029799461364746,0.24032045900821686,0.4146896302700043,0.9110430479049683,0.05510948598384857
romanian deadlift_400131.jpg,0.6374207735061646,0.6635335683822632,-0.11813092231750488,0.6488692164421082,0.6563200950622559,-0.1050221174955368,0.6487702131271362,0.6556272506713867,-0.1050773337483406,0.6485329270362854,0.6547172665596008,-0.10516290366649628,0.6484282612800598,0.6516285538673401,-0.14441309869289398,0.6481630206108093,0.647827684879303,-0.14442971348762512,0.6478602886199951,0.6440245509147644,-0.14447525143623352,0.63981032371521,0.6299172043800354,-0.04794613644480705,0.6396912932395935,0.6221097707748413,-0.22500638663768768,0.6238068342208862,0.6600205302238464,-0.09248510748147964,0.6236911416053772,0.6542685031890869,-0.14415660500526428,0.5707767009735107,0.6147390604019165,0.03936971351504326,0.5652284622192383,0.6030749678611755,-0.3106492757797241,0.5119625329971313,0.7477053999900818,0.07525565475225449,0.51104336977005,0.7439204454421997,-0.3362843692302704,0.49548327922821045,0.8694738745689392,0.03589377552270889,0.4963579773902893,0.8891545534133911,-0.2944146990776062,0.5034586787223816,0.9201260209083557,0.05193289741873741,0.4931822419166565,0.9325721859931946,-0.3278880715370178,0.5065535306930542,0.9295043349266052,0.008084846660494804,0.5008183121681213,0.9376293420791626,-0.3099622130393982,0.5038530230522156,0.9148337244987488,0.013633023016154766,0.5013748407363892,0.9222952723503113,-0.2862292528152466,0.45965737104415894,0.7625345587730408,0.10513134300708771,0.4436107575893402,0.7611352801322937,-0.10511346161365509,0.4597640037536621,0.9187548160552979,0.1392383575439453,0.43646520376205444,0.9364298582077026,-0.13380500674247742,0.3927416205406189,0.8177677392959595,0.2680014967918396,0.39701616764068604,0.8603798747062683,0.03573489189147949,0.3922424018383026,0.7915093302726746,0.2793981730937958,0.39618873596191406,0.8406944870948792,0.05558453127741814,0.35627126693725586,0.8077890276908875,0.3164418041706085,0.37916985154151917,0.8635765314102173,0.09831583499908447
romanian deadlift_400141.jpg,0.6354491710662842,0.6665441989898682,-0.14792487025260925,0.6481536030769348,0.6630867719650269,-0.1326952874660492,0.6479384899139404,0.6627581119537354,-0.13276980817317963,0.6476693749427795,0.6618573665618896,-0.13288737833499908,0.6480166912078857,0.6556643843650818,-0.17333780229091644,0.6477309465408325,0.6500773429870605,-0.17338627576828003,0.6474268436431885,0.6439226865768433,-0.1734744906425476,0.6408104300498962,0.6329067349433899,-0.0660359114408493,0.6412613391876221,0.6186329126358032,-0.2488435059785843,0.6217279434204102,0.658843994140625,-0.11857973039150238,0.6210896968841553,0.6511734127998352,-0.17169423401355743,0.5704765319824219,0.6137851476669312,0.04670179262757301,0.560394823551178,0.6052025556564331,-0.3368402123451233,0.5093429088592529,0.7443078756332397,0.09185710549354553,0.5094312429428101,0.7542873620986938,-0.36805564165115356,0.49554792046546936,0.8717804551124573,0.0442802868783474,0.49648845195770264,0.9010493159294128,-0.3274894654750824,0.5033105611801147,0.9137537479400635,0.05135062709450722,0.4931555390357971,0.9423741102218628,-0.3672057092189789,0.5064039826393127,0.9186477661132812,0.010739290155470371,0.501984179019928,0.9435169696807861,-0.35335394740104675,0.5030505657196045,0.9046168923377991,0.02174869179725647,0.5036675930023193,0.9298935532569885,-0.3217593729496002,0.443915456533432,0.757389485836029,0.11514315754175186,0.42625609040260315,0.7470431923866272,-0.11518283188343048,0.4560033082962036,0.8914266228675842,0.1287519931793213,0.44662097096443176,0.8949383497238159,-0.146393284201622,0.3920994997024536,0.8336442112922668,0.317038893699646,0.3878503143787384,0.8588343858718872,0.096553735435009,0.3842407763004303,0.8151950240135193,0.33808591961860657,0.3738967180252075,0.8405077457427979,0.12556038796901703,0.377059668302536,0.8483939170837402,0.37469810247421265,0.3844604790210724,0.8961862921714783,0.17439810931682587
romanian deadlift_400151.jpg,0.6334913969039917,0.5852822661399841,-0.06803584098815918,0.6453778147697449,0.5781068205833435,-0.04708058014512062,0.6455609202384949,0.5788377523422241,-0.047199878841638565,0.6456798911094666,0.5796794295310974,-0.04732093587517738,0.6440995931625366,0.5685212016105652,-0.09221263974905014,0.6431692242622375,0.5619261860847473,-0.09217312186956406,0.6421765089035034,0.554900586605072,-0.09218811988830566,0.6351572275161743,0.5503549575805664,0.039082929491996765,0.6320129036903381,0.5305783748626709,-0.15889890491962433,0.6196979880332947,0.5895939469337463,-0.032352056354284286,0.6177946925163269,0.5781595706939697,-0.09132342785596848,0.5670527815818787,0.5816414952278137,0.1691470444202423,0.5541092157363892,0.5295690298080444,-0.29132282733917236,0.5245234966278076,0.7285438776016235,0.2198665291070938,0.5080527663230896,0.6784624457359314,-0.3087964951992035,0.5048585534095764,0.843376100063324,0.1664794385433197,0.4971628189086914,0.8288502097129822,-0.2918570637702942,0.5044559836387634,0.8711720108985901,0.1636563390493393,0.4926677644252777,0.8656142950057983,-0.3395339250564575,0.5071567296981812,0.8934862613677979,0.13446538150310516,0.5017538070678711,0.8671237230300903,-0.3080465495586395,0.5069025158882141,0.8979349136352539,0.15028411149978638,0.5037228465080261,0.8548238277435303,-0.29913660883903503,0.4365282952785492,0.6812313795089722,0.12849624454975128,0.4096928834915161,0.6617467999458313,-0.12849944829940796,0.4786483347415924,0.848109781742096,0.13586141169071198,0.4764244258403778,0.8675717711448669,-0.14391039311885834,0.39898157119750977,0.9331853985786438,0.2471815049648285,0.38017550110816956,0.9435165524482727,0.02896561287343502,0.3767750561237335,0.9286653399467468,0.2576238811016083,0.3513680696487427,0.9350252151489258,0.04600287973880768,0.3904099464416504,1.0229600667953491,0.371683806180954,0.3866938650608063,1.041075587272644,0.04550992324948311
romanian deadlift_400161.jpg,0.6023609638214111,0.3921051323413849,-0.23594455420970917,0.6069205403327942,0.3778253197669983,-0.21275711059570312,0.6075214743614197,0.37854355573654175,-0.21283435821533203,0.6078329086303711,0.3789076507091522,-0.21304582059383392,0.6019763946533203,0.37138205766677856,-0.23448391258716583,0.5989841818809509,0.36736419796943665,-0.23444339632987976,0.5954630970954895,0.3629262149333954,-0.23438911139965057,0.595166802406311,0.3703792989253998,-0.09557987749576569,0.5773752331733704,0.3529827892780304,-0.18942180275917053,0.5934006571769714,0.40401479601860046,-0.19036833941936493,0.5862451791763306,0.3959976136684418,-0.21745944023132324,0.5552223324775696,0.4530189037322998,0.07260367274284363,0.5243789553642273,0.41182276606559753,-0.2720981240272522,0.5169089436531067,0.5628515481948853,0.16011758148670197,0.5076152086257935,0.5539045929908752,-0.29714688658714294,0.5110178589820862,0.6771780252456665,0.03257780894637108,0.5105090737342834,0.6879711151123047,-0.27537739276885986,0.510459840297699,0.7118180394172668,0.020436454564332962,0.5057342648506165,0.724456250667572,-0.3384762406349182,0.5127685070037842,0.7123174071311951,-0.009885549545288086,0.5140321254730225,0.7273781895637512,-0.2888247072696686,0.5106709003448486,0.700568437576294,0.014210671186447144,0.5142164826393127,0.7146357893943787,-0.29488083720207214,0.4343697726726532,0.5872934460639954,0.10734941065311432,0.41322076320648193,0.5726863741874695,-0.10749809443950653,0.4752892553806305,0.723284900188446,0.08705944567918777,0.47196805477142334,0.6862749457359314,-0.12559117376804352,0.39806947112083435,0.816949725151062,0.1976355016231537,0.4274228811264038,0.7967339158058167,0.06295077502727509,0.37759265303611755,0.8185641169548035,0.20655332505702972,0.4043574929237366,0.8017905950546265,0.08332296460866928,0.39839276671409607,0.8824205994606018,0.1893921047449112,0.4595303237438202,0.8629409670829773,0.08048481494188309
romanian deadlift_400171.jpg,0.5648666024208069,0.3404337465763092,-0.2053510546684265,0.5645141005516052,0.32296475768089294,-0.18935193121433258,0.5647613406181335,0.3231479525566101,-0.18944312632083893,0.5648171305656433,0.3232331871986389,-0.18962979316711426,0.5597864985466003,0.3195008635520935,-0.2208106517791748,0.556427001953125,0.3176175057888031,-0.22087174654006958,0.5522985458374023,0.31558606028556824,-0.22090241312980652,0.5496228337287903,0.32051241397857666,-0.10618674010038376,0.532577395439148,0.3135562837123871,-0.24502180516719818,0.5571812987327576,0.3555067181587219,-0.1716645509004593,0.5510508418083191,0.35282596945762634,-0.2122592031955719,0.5277431011199951,0.41462528705596924,0.01023915596306324,0.4910545349121094,0.38156720995903015,-0.29773467779159546,0.522666335105896,0.5286226272583008,0.07312369346618652,0.4855559170246124,0.5150870084762573,-0.3157997727394104,0.5270437002182007,0.627381443977356,-0.00412037642672658,0.5103183388710022,0.628473162651062,-0.2734500467777252,0.530918300151825,0.6493246555328369,-0.005744633264839649,0.5092405676841736,0.6624137759208679,-0.31189027428627014,0.5248268842697144,0.6552630066871643,-0.040114328265190125,0.51735520362854,0.664021372795105,-0.2953721880912781,0.521523654460907,0.6424606442451477,-0.021423256024718285,0.5153703093528748,0.6494502425193787,-0.2732633948326111,0.4287676215171814,0.5396594405174255,0.09723088145256042,0.39977914094924927,0.5305028557777405,-0.09723570942878723,0.4825117886066437,0.643121600151062,0.14724105596542358,0.469980388879776,0.6138513088226318,-0.08079764991998672,0.4856817126274109,0.7484616637229919,0.2600848376750946,0.47696635127067566,0.7378939986228943,0.06064925715327263,0.4782188832759857,0.7647062540054321,0.2691837549209595,0.4679410755634308,0.7567168474197388,0.0736033171415329,0.5180076956748962,0.7740504741668701,0.22613467276096344,0.5191110968589783,0.7670522928237915,0.04227462783455849
romanian deadlift_400181.jpg,0.5554006099700928,0.3334287106990814,-0.2101484090089798,0.555402398109436,0.31751808524131775,-0.1917484700679779,0.5554582476615906,0.31754475831985474,-0.19182933866977692,0.5554126501083374,0.3173723816871643,-0.19200840592384338,0.5513274073600769,0.31529122591018677,-0.2215718775987625,0.5483963489532471,0.3138544261455536,-0.22164417803287506,0.5448612570762634,0.3121483623981476,-0.22167059779167175,0.5407257676124573,0.31722381711006165,-0.09904345124959946,0.5262760519981384,0.3090866804122925,-0.23223274946212769,0.5489681363105774,0.34707674384117126,-0.17333728075027466,0.543357789516449,0.3442203402519226,-0.21165040135383606,0.5181422829627991,0.41648009419441223,0.01798342913389206,0.4877239167690277,0.3782045245170593,-0.285978764295578,0.5190654993057251,0.5289227962493896,0.06458883732557297,0.4859563708305359,0.511370837688446,-0.306292861700058,0.5200523138046265,0.6401811242103577,-0.01488309446722269,0.5089955925941467,0.623157799243927,-0.2640351951122284,0.5227647423744202,0.667228639125824,-0.013746842741966248,0.5072857737541199,0.6560479402542114,-0.29976823925971985,0.5223332643508911,0.6714122891426086,-0.047876160591840744,0.5156971216201782,0.6604894995689392,-0.28560546040534973,0.5187867879867554,0.6598066687583923,-0.0320766307413578,0.5142867565155029,0.6511844396591187,-0.26113057136535645,0.42835840582847595,0.5420241951942444,0.09315037727355957,0.40415897965431213,0.5217097997665405,-0.09328129142522812,0.48065489530563354,0.6579399704933167,0.14305199682712555,0.4867909252643585,0.5284138321876526,-0.1686786264181137,0.4723968505859375,0.7460179924964905,0.2542817294597626,0.5019099116325378,0.6536470055580139,-0.02981165051460266,0.46699094772338867,0.7558619379997253,0.2645825147628784,0.49712565541267395,0.6698755025863647,-0.014098362065851688,0.4935833215713501,0.7732431292533875,0.23654705286026,0.5326130986213684,0.683821439743042,-0.035125717520713806
romanian deadlift_400191.jpg,0.5521264672279358,0.33225899934768677,-0.08843504637479782,0.5520057082176208,0.31718504428863525,-0.06755764782428741,0.5521146655082703,0.317065566778183,-0.06767059862613678,0.5520899891853333,0.3167828619480133,-0.06786295771598816,0.5477820038795471,0.31461384892463684,-0.09499041736125946,0.544835090637207,0.3127487301826477,-0.09498976916074753,0.5411609411239624,0.3103625774383545,-0.09506724774837494,0.5370144248008728,0.3130433261394501,0.024115223437547684,0.5227063894271851,0.30725935101509094,-0.09631533175706863,0.5469008088111877,0.3451947867870331,-0.053091008216142654,0.5410066843032837,0.34201228618621826,-0.08752617239952087,0.5156307816505432,0.4158702790737152,0.14129005372524261,0.48376914858818054,0.3737761974334717,-0.184846892952919,0.5178613662719727,0.5323000550270081,0.1962679773569107,0.48167890310287476,0.5082628726959229,-0.21538209915161133,0.5230377316474915,0.6382895708084106,0.11746115237474442,0.509743869304657,0.6263868808746338,-0.17845238745212555,0.5373315811157227,0.6436761021614075,0.11622770875692368,0.5102614760398865,0.6620262861251831,-0.20228329300880432,0.5274152159690857,0.6567675471305847,0.08992945402860641,0.5190077424049377,0.6678873896598816,-0.19298632442951202,0.5245211124420166,0.651396632194519,0.1022423803806305,0.5168604254722595,0.6571927070617676,-0.1738044172525406,0.4255986213684082,0.5533398389816284,0.09324661642313004,0.40467363595962524,0.5384460687637329,-0.09338493645191193,0.47867289185523987,0.6942254304885864,0.06732575595378876,0.48055800795555115,0.6532854437828064,-0.16125831007957458,0.4585939943790436,0.7821184992790222,0.09358445554971695,0.4641743004322052,0.6771278977394104,-0.049075011163949966,0.45800888538360596,0.7915602922439575,0.09253694862127304,0.43588027358055115,0.7807539105415344,-0.0407833606004715,0.4661141037940979,0.8372640609741211,0.03071136213839054,0.5312096476554871,0.8266691565513611,-0.08479609340429306
romanian deadlift_400201.jpg,0.5550056099891663,0.33633187413215637,-0.12448640167713165,0.5549468994140625,0.3187788128852844,-0.10286949574947357,0.5549440383911133,0.31867629289627075,-0.10296285897493362,0.5548133254051208,0.3183088004589081,-0.10319806635379791,0.5512844920158386,0.3161258399486542,-0.12931403517723083,0.548569917678833,0.3143163025379181,-0.12935180962085724,0.5454463958740234,0.3124544620513916,-0.12937498092651367,0.5395190715789795,0.31694406270980835,0.0008291216799989343,0.5279706716537476,0.3104829788208008,-0.14262628555297852,0.5489519834518433,0.35039451718330383,-0.08221588283777237,0.5431589484214783,0.3465292155742645,-0.11277970671653748,0.5202307105064392,0.4236270785331726,0.10531362891197205,0.4914551079273224,0.38330215215682983,-0.21963505446910858,0.5166038274765015,0.5362370610237122,0.15807054936885834,0.483744353055954,0.5123603940010071,-0.2401929646730423,0.5208317041397095,0.6501763463020325,0.09322864562273026,0.5110118389129639,0.6394577622413635,-0.20117925107479095,0.5269113183021545,0.6770857572555542,0.09162770956754684,0.5110007524490356,0.6746784448623657,-0.22188591957092285,0.524189829826355,0.677234411239624,0.060476306825876236,0.5202715992927551,0.6799989342689514,-0.21724477410316467,0.522098183631897,0.6676381826400757,0.07647605985403061,0.5190426707267761,0.6672349572181702,-0.1975565254688263,0.43133363127708435,0.5719605088233948,0.0924212709069252,0.4101475179195404,0.5607082843780518,-0.0925084576010704,0.47765639424324036,0.7284277081489563,0.03123433329164982,0.4784739315509796,0.691763162612915,-0.14929255843162537,0.45034071803092957,0.8834140300750732,0.0666293278336525,0.4528791010379791,0.8679407835006714,-0.05055877938866615,0.4424627721309662,0.9048313498497009,0.06557957082986832,0.43274766206741333,0.9052123427391052,-0.04479704052209854,0.46705880761146545,0.9344072341918945,-0.011871096678078175,0.4892708361148834,0.9340886473655701,-0.10998044162988663
romanian deadlift_400211.jpg,0.5620203614234924,0.378897100687027,-0.046189554035663605,0.5640034079551697,0.3643516004085541,-0.027114542201161385,0.5630033016204834,0.3642022907733917,-0.02719791792333126,0.5615194439888,0.3637652099132538,-0.02732817269861698,0.5630061626434326,0.3603155016899109,-0.0629376620054245,0.5617133378982544,0.35708940029144287,-0.06297684460878372,0.5593546032905579,0.35389193892478943,-0.06299345195293427,0.5514541864395142,0.3548763394355774,0.07043249905109406,0.544582724571228,0.34574344754219055,-0.09026900678873062,0.5570662021636963,0.3896951377391815,-0.005988351535052061,0.5534439086914062,0.3858594298362732,-0.05170481652021408,0.523312509059906,0.44288215041160583,0.2040911316871643,0.49917468428611755,0.4018186032772064,-0.19711099565029144,0.5051091909408569,0.5580870509147644,0.2521821856498718,0.48269930481910706,0.5409369468688965,-0.22841769456863403,0.5198399424552917,0.6752499938011169,0.1610056310892105,0.5099371075630188,0.6734740734100342,-0.18403561413288116,0.5175414681434631,0.7029668092727661,0.1473851054906845,0.5092565417289734,0.7074959874153137,-0.2138342261314392,0.5195486545562744,0.7061141133308411,0.11565427482128143,0.5181270837783813,0.7131652235984802,-0.20839370787143707,0.518251895904541,0.6951102614402771,0.14183972775936127,0.5172030329704285,0.7018349170684814,-0.17945106327533722,0.43316757678985596,0.6010922193527222,0.12069117277860641,0.4174027442932129,0.5934929251670837,-0.12046409398317337,0.4837014079093933,0.8045015335083008,0.04295527935028076,0.49153339862823486,0.8176755309104919,-0.14676979184150696,0.44559577107429504,0.9793462157249451,0.13903357088565826,0.46529489755630493,1.0201269388198853,-0.05434005707502365,0.4347619116306305,0.9993006587028503,0.14184831082820892,0.44682052731513977,1.038475751876831,-0.045915719121694565,0.4763578474521637,1.0501137971878052,0.08161285519599915,0.5084177851676941,1.0804235935211182,-0.10398571193218231
romanian deadlift_400221.jpg,0.5897375345230103,0.4430008828639984,-0.10807956755161285,0.5993845462799072,0.4320215880870819,-0.09276897460222244,0.599544107913971,0.43263107538223267,-0.09286651015281677,0.5996885895729065,0.4330097734928131,-0.09295949339866638,0.5966613292694092,0.425767719745636,-0.1345646232366562,0.5946379899978638,0.4212873578071594,-0.13460518419742584,0.5923508405685425,0.41595983505249023,-0.13464650511741638,0.5863052010536194,0.41737106442451477,-0.009211059659719467,0.5775244832038879,0.39354321360588074,-0.19349583983421326,0.5791807174682617,0.4507138431072235,-0.07263027131557465,0.5755666494369507,0.4427039325237274,-0.12755994498729706,0.5324692130088806,0.47687584161758423,0.13932694494724274,0.5096726417541504,0.4308348000049591,-0.2842998504638672,0.5046060085296631,0.5954172611236572,0.2483929544687271,0.48296794295310974,0.5867385864257812,-0.31009963154792786,0.5186609029769897,0.7258162498474121,0.11728406697511673,0.5062976479530334,0.7325456142425537,-0.25720468163490295,0.5148734450340271,0.764247477054596,0.1112859696149826,0.5027223229408264,0.7669717669487,-0.2887893617153168,0.5193883776664734,0.7603574991226196,0.08133850991725922,0.5144875645637512,0.7666525840759277,-0.2883709669113159,0.5164602994918823,0.7461740970611572,0.10056500881910324,0.5149765014648438,0.7552676796913147,-0.2551824450492859,0.4317567050457001,0.637991189956665,0.11757280677556992,0.4112463891506195,0.6275432109832764,-0.11751233041286469,0.48797228932380676,0.7929044961929321,0.11765553802251816,0.4874722361564636,0.8015263080596924,-0.16176334023475647,0.4212743639945984,0.946496844291687,0.2420213520526886,0.39021751284599304,0.9010531902313232,0.03690221160650253,0.4002837836742401,0.9213923215866089,0.251882940530777,0.36338821053504944,0.87469881772995,0.06220833584666252,0.43281248211860657,0.9742897152900696,0.24515606462955475,0.3898463845252991,1.0379294157028198,0.0824303925037384
romanian deadlift_400231.jpg,0.6110143661499023,0.5049604773521423,-0.05692547187209129,0.6204732656478882,0.4937252998352051,-0.040717098861932755,0.6203675866127014,0.4937041103839874,-0.04079938679933548,0.6202279925346375,0.4934925138950348,-0.040870301425457,0.6185105443000793,0.4885692894458771,-0.08132881671190262,0.6169894337654114,0.48462364077568054,-0.0813463106751442,0.6152867078781128,0.4800964891910553,-0.08137443661689758,0.6057084202766418,0.4732334613800049,0.03286953270435333,0.6004889011383057,0.45748159289360046,-0.15211862325668335,0.5990915894508362,0.5075805187225342,-0.02698274329304695,0.5967397093772888,0.5018530488014221,-0.08002916723489761,0.5372288227081299,0.509084939956665,0.1554812639951706,0.523921012878418,0.4836619198322296,-0.2713521122932434,0.5031272172927856,0.6330574750900269,0.20664668083190918,0.49254685640335083,0.6288416385650635,-0.29635488986968994,0.517212986946106,0.7583943605422974,0.13885058462619781,0.5056779384613037,0.7653416395187378,-0.2204679548740387,0.5146273970603943,0.7995587587356567,0.13576826453208923,0.4994873106479645,0.8049473166465759,-0.24960821866989136,0.5191360712051392,0.7978363633155823,0.10856927931308746,0.5134321451187134,0.8057894110679626,-0.2434317022562027,0.5162705183029175,0.7829764485359192,0.12311695516109467,0.5145306587219238,0.7937310338020325,-0.21597442030906677,0.42429158091545105,0.6563516855239868,0.12003324180841446,0.40608739852905273,0.6469556093215942,-0.11994196474552155,0.5019067525863647,0.801327109336853,0.14141874015331268,0.49647659063339233,0.8097768425941467,-0.1528434157371521,0.4159875810146332,0.9349480271339417,0.24249117076396942,0.4082756042480469,0.9173316359519958,0.016482794657349586,0.39100053906440735,0.8828476071357727,0.2501334846019745,0.38153979182243347,0.9063138365745544,0.03445406258106232,0.40752843022346497,0.952839732170105,0.23989947140216827,0.41492366790771484,1.0124468803405762,0.04066220298409462
romanian deadlift_400241.jpg,0.6244479417800903,0.5541063547134399,-0.07363060861825943,0.6362141966819763,0.5456203818321228,-0.05775867775082588,0.6363050937652588,0.5460001826286316,-0.057841259986162186,0.6363838315010071,0.5460590720176697,-0.05791991204023361,0.6347686052322388,0.5381649732589722,-0.09620866924524307,0.6336361169815063,0.5325799584388733,-0.0962175577878952,0.6322705149650574,0.5257713794708252,-0.09623833000659943,0.6255479454994202,0.5216478705406189,0.02063244767487049,0.6214074492454529,0.5014800429344177,-0.1539919525384903,0.6111556887626648,0.554405152797699,-0.04133714362978935,0.6085340976715088,0.5462626814842224,-0.09187205880880356,0.5552673935890198,0.5482620596885681,0.15105819702148438,0.5427912473678589,0.5158753991127014,-0.2645626962184906,0.5111196041107178,0.6707079410552979,0.21126438677310944,0.5068119168281555,0.661568820476532,-0.2924233078956604,0.5151064991950989,0.787205696105957,0.16472774744033813,0.5059438943862915,0.7958444952964783,-0.2471940815448761,0.5139690041542053,0.8327876329421997,0.1651969999074936,0.49996793270111084,0.8396772742271423,-0.28374165296554565,0.5177932977676392,0.8309661746025085,0.13483868539333344,0.5131393671035767,0.8421980142593384,-0.27912962436676025,0.5154406428337097,0.816064178943634,0.14867466688156128,0.514245867729187,0.8308635354042053,-0.24448344111442566,0.4258425533771515,0.6784272789955139,0.12439331412315369,0.40804290771484375,0.6603164076805115,-0.12434250861406326,0.5042318105697632,0.8110598921775818,0.14042066037654877,0.5027066469192505,0.8448219895362854,-0.1566491723060608,0.39520949125289917,0.9105587601661682,0.22606974840164185,0.41453927755355835,0.9920823574066162,-0.051158349961042404,0.36632269620895386,0.8922344446182251,0.2366761416196823,0.37862879037857056,0.9599789977073669,-0.037501443177461624,0.38553082942962646,0.984544038772583,0.2126019448041916,0.425462543964386,1.0948548316955566,-0.0542910099029541
romanian deadlift_400251.jpg,0.6330001950263977,0.6011919379234314,-0.1393585056066513,0.6454931497573853,0.5928460359573364,-0.12431424111127853,0.6457124352455139,0.5927820205688477,-0.12439779937267303,0.6459557414054871,0.5923429131507874,-0.12446173280477524,0.6444951295852661,0.5860148072242737,-0.16848400235176086,0.643929123878479,0.5808314681053162,-0.16854333877563477,0.6432930827140808,0.5748868584632874,-0.16860546171665192,0.6392620205879211,0.5668642520904541,-0.046993546187877655,0.6356766223907471,0.5505115389823914,-0.24639657139778137,0.6192750334739685,0.5997228622436523,-0.10635067522525787,0.6174207925796509,0.5916203260421753,-0.16434015333652496,0.5684796571731567,0.5777692198753357,0.0965767577290535,0.5542541742324829,0.551415741443634,-0.3429701626300812,0.5272912383079529,0.7014127969741821,0.17701224982738495,0.5112247467041016,0.6969365477561951,-0.37690114974975586,0.5165422558784485,0.8241986036300659,0.13416549563407898,0.5070158243179321,0.8366345763206482,-0.34440886974334717,0.5185340046882629,0.8630690574645996,0.13730473816394806,0.5001592040061951,0.8773465752601624,-0.3879360556602478,0.5362861752510071,0.868524432182312,0.0900428518652916,0.5129503011703491,0.8798159956932068,-0.38419339060783386,0.5316062569618225,0.8534465432167053,0.11072912067174911,0.514276385307312,0.8691689372062683,-0.34277722239494324,0.43829041719436646,0.6828330755233765,0.12867657840251923,0.4111217260360718,0.6738660335540771,-0.12862628698349,0.5042454600334167,0.8272293210029602,0.16879777610301971,0.4970395863056183,0.847161591053009,-0.14043836295604706,0.40145936608314514,0.9104695916175842,0.2873842120170593,0.4093663990497589,0.9874503016471863,0.0017246926436200738,0.37575456500053406,0.901566743850708,0.29666173458099365,0.3801642060279846,0.988213837146759,0.017561903223395348,0.3986118733882904,0.9812973737716675,0.2757999300956726,0.42714816331863403,1.0702989101409912,-0.007383984513580799
romanian deadlift_400261.jpg,0.6347020268440247,0.6322270035743713,-0.2573073208332062,0.6480112075805664,0.6288600564002991,-0.23428897559642792,0.648223876953125,0.6291420459747314,-0.23436763882637024,0.6484591960906982,0.6290947794914246,-0.23449304699897766,0.6474789381027222,0.6211318373680115,-0.27004724740982056,0.6472369432449341,0.6162406206130981,-0.2701193392276764,0.6470755338668823,0.6109244227409363,-0.2701696753501892,0.6426964402198792,0.6075485944747925,-0.12485817819833755,0.6414496302604675,0.587752103805542,-0.2869740426540375,0.6209071278572083,0.6279954314231873,-0.21347586810588837,0.620699942111969,0.6199265122413635,-0.2602168619632721,0.5724439024925232,0.6022905707359314,0.03922473266720772,0.5618334412574768,0.5809928178787231,-0.3698154091835022,0.5254260897636414,0.7171076536178589,0.1086900532245636,0.5123966932296753,0.7316316962242126,-0.3980777859687805,0.5117957592010498,0.8464431762695312,0.0627317875623703,0.5058481097221375,0.8791862726211548,-0.36404961347579956,0.5177989602088928,0.8792391419410706,0.06167834252119064,0.49749916791915894,0.9150307774543762,-0.4088131785392761,0.5303640365600586,0.880835235118866,0.027100659906864166,0.5093063116073608,0.9195518493652344,-0.4061269462108612,0.5274823904037476,0.865752100944519,0.04499364271759987,0.5109766125679016,0.9110548496246338,-0.36325010657310486,0.4384668171405792,0.6904250383377075,0.12689536809921265,0.41253340244293213,0.6834244132041931,-0.12696178257465363,0.4795737564563751,0.829832911491394,0.17679652571678162,0.4696999788284302,0.8590573668479919,-0.16972579061985016,0.3851279020309448,0.8852030634880066,0.3108832538127899,0.38199669122695923,0.9038946628570557,0.04769496992230415,0.3629731833934784,0.8721424341201782,0.32376042008399963,0.35849639773368835,0.8873576521873474,0.07489694654941559,0.3811517655849457,0.9455090761184692,0.3326182961463928,0.3881617486476898,0.9695306420326233,0.10040269792079926
romanian deadlift_400271.jpg,0.6298457384109497,0.6584835052490234,-0.2671126425266266,0.6430129408836365,0.6563106179237366,-0.24008536338806152,0.643449068069458,0.656749963760376,-0.2401457279920578,0.6438974142074585,0.6569200158119202,-0.2402331531047821,0.6429465413093567,0.6490573287010193,-0.2814759910106659,0.6433171629905701,0.6445261836051941,-0.28153955936431885,0.6438093185424805,0.6392377018928528,-0.2815961539745331,0.6407367587089539,0.6348654627799988,-0.11758280545473099,0.6407648324966431,0.6114269495010376,-0.30335918068885803,0.6174175143241882,0.6550560593605042,-0.21801480650901794,0.6171695590019226,0.6461955308914185,-0.27184411883354187,0.5661096572875977,0.6110492944717407,0.06134113296866417,0.5591638088226318,0.601643443107605,-0.3988689184188843,0.5186208486557007,0.727219820022583,0.124712735414505,0.509710967540741,0.7526342868804932,-0.4358387887477875,0.5010128617286682,0.8551344275474548,0.0701194629073143,0.5046330094337463,0.8974952101707458,-0.3923090398311615,0.5041540265083313,0.8981542587280273,0.0684140995144844,0.4962848424911499,0.9344530701637268,-0.441480815410614,0.5103890299797058,0.9013734459877014,0.03367767482995987,0.5081241130828857,0.9383760094642639,-0.43364202976226807,0.5061967968940735,0.8873778581619263,0.051367659121751785,0.5097129940986633,0.9291432499885559,-0.38928869366645813,0.41901713609695435,0.6960381269454956,0.14262384176254272,0.4055481255054474,0.6870848536491394,-0.14275962114334106,0.44798457622528076,0.8191935420036316,0.27089834213256836,0.4724521040916443,0.8752309083938599,-0.08844254910945892,0.3606890141963959,0.820314884185791,0.45031028985977173,0.3969491720199585,0.9643378257751465,0.1240084245800972,0.34167107939720154,0.8064756393432617,0.4691687524318695,0.37334224581718445,0.9612589478492737,0.14822626113891602,0.3537757694721222,0.8636699318885803,0.4716496765613556,0.4011642038822174,1.0444893836975098,0.1398048996925354
romanian deadlift_400281.jpg,0.6300422549247742,0.6663252711296082,-0.22365273535251617,0.6423489451408386,0.6633355617523193,-0.19636133313179016,0.6426591873168945,0.662883996963501,-0.19643445312976837,0.6429884433746338,0.6623466610908508,-0.19652408361434937,0.6421488523483276,0.6585726141929626,-0.2398185133934021,0.6423157453536987,0.6546534895896912,-0.23985689878463745,0.6425239443778992,0.6504315733909607,-0.2398870289325714,0.6380172967910767,0.6363250613212585,-0.07711762934923172,0.6372172832489014,0.6234349012374878,-0.26727190613746643,0.6173160076141357,0.6579617261886597,-0.17373399436473846,0.6170768141746521,0.6530818343162537,-0.23015519976615906,0.5631515383720398,0.6241416335105896,0.10621840506792068,0.5562230348587036,0.6092560887336731,-0.3672838509082794,0.5178540945053101,0.7287450432777405,0.16072878241539001,0.5082441568374634,0.7610898613929749,-0.4139636754989624,0.4984702169895172,0.8697943091392517,0.09768695384263992,0.5015201568603516,0.9082351922988892,-0.3758355975151062,0.5008295774459839,0.8987393975257874,0.10366310924291611,0.4932578206062317,0.948445737361908,-0.42347246408462524,0.5064228773117065,0.9083251357078552,0.06137726828455925,0.5047844648361206,0.9496094584465027,-0.41019806265830994,0.5033499002456665,0.8922128677368164,0.07567148655653,0.5064972043037415,0.9396979212760925,-0.37060248851776123,0.407386839389801,0.6944577693939209,0.14977982640266418,0.39628612995147705,0.6841983199119568,-0.14983712136745453,0.4556824862957001,0.8214928507804871,0.23186461627483368,0.47394460439682007,0.8576669692993164,-0.08657260239124298,0.37040475010871887,0.8668463230133057,0.3719538152217865,0.43651726841926575,1.0047893524169922,0.0830933228135109,0.34808969497680664,0.8574027419090271,0.3852255046367645,0.41052401065826416,1.0195698738098145,0.1014847680926323,0.37590187788009644,0.9189480543136597,0.36591386795043945,0.4886736273765564,1.0766829252243042,0.07470517605543137
romanian deadlift_400291.jpg,0.6270828247070312,0.6643539071083069,-0.2347152680158615,0.6399171352386475,0.6611404418945312,-0.20633108913898468,0.6401485204696655,0.661281168460846,-0.20641614496707916,0.6403894424438477,0.6610361337661743,-0.20653602480888367,0.6393347978591919,0.6537097692489624,-0.24690721929073334,0.6391870379447937,0.648743748664856,-0.24695545434951782,0.6390177011489868,0.6431484222412109,-0.24697333574295044,0.6351158022880554,0.6370571255683899,-0.07349202781915665,0.6328898668289185,0.6176654100418091,-0.2550789713859558,0.6147560477256775,0.6595665812492371,-0.1809396594762802,0.6139686107635498,0.6521652936935425,-0.2335105687379837,0.565996527671814,0.6301051378250122,0.11188413947820663,0.5546466708183289,0.6075469255447388,-0.3472709655761719,0.5195003151893616,0.742339551448822,0.17071087658405304,0.5073345303535461,0.7627074122428894,-0.39601507782936096,0.4983058273792267,0.8671262860298157,0.10664045065641403,0.49917787313461304,0.9092074632644653,-0.35765382647514343,0.49999210238456726,0.8988697528839111,0.11313847452402115,0.4904612600803375,0.94826340675354,-0.4023299217224121,0.5040860176086426,0.9025612473487854,0.07220867276191711,0.5027194023132324,0.9517405033111572,-0.3891752064228058,0.5017661452293396,0.8922107219696045,0.08548586815595627,0.5043900609016418,0.9425516724586487,-0.3523450791835785,0.41198527812957764,0.6949850916862488,0.1432625949382782,0.3952910602092743,0.6812368035316467,-0.14332011342048645,0.46037599444389343,0.833952009677887,0.20235973596572876,0.47526174783706665,0.8457218408584595,-0.10355869680643082,0.4089939296245575,0.9263518452644348,0.31611281633377075,0.4459618031978607,1.0015175342559814,0.06115308776497841,0.38926395773887634,0.9290883541107178,0.3223396837711334,0.42218056321144104,1.0188859701156616,0.06712377816438675,0.4310964047908783,0.9830569624900818,0.2877635955810547,0.49525371193885803,1.0704587697982788,0.016080530360341072
romanian deadlift_400301.jpg,0.6265119314193726,0.6581345200538635,-0.22562946379184723,0.6394322514533997,0.6552862524986267,-0.19495539367198944,0.6396991014480591,0.6553764939308167,-0.19503280520439148,0.6399743556976318,0.6551892757415771,-0.19514526426792145,0.6389783620834351,0.6485767960548401,-0.23445799946784973,0.6388443112373352,0.6435562372207642,-0.23450559377670288,0.6387252807617188,0.6376259922981262,-0.23450613021850586,0.635632336139679,0.6327441930770874,-0.06407563388347626,0.634334146976471,0.611760139465332,-0.2435358464717865,0.6143236756324768,0.65321946144104,-0.16958700120449066,0.6136597990989685,0.6460298895835876,-0.22049085795879364,0.5665574669837952,0.6200401186943054,0.1407991200685501,0.5557823181152344,0.6017919182777405,-0.33349230885505676,0.5188020467758179,0.72761470079422,0.19884654879570007,0.5069275498390198,0.7516019940376282,-0.38658252358436584,0.4997616410255432,0.8461965918540955,0.12381034344434738,0.4975265562534332,0.8978465795516968,-0.3258521854877472,0.501207709312439,0.8738839626312256,0.12862449884414673,0.4895230829715729,0.935151994228363,-0.37218114733695984,0.504360556602478,0.8772779703140259,0.08985291421413422,0.5013707280158997,0.9385066628456116,-0.3498055040836334,0.5024412274360657,0.8670719861984253,0.1033422127366066,0.5028249621391296,0.929008424282074,-0.3167044222354889,0.41199037432670593,0.6886253356933594,0.14235375821590424,0.39381417632102966,0.677195131778717,-0.14238972961902618,0.46682772040367126,0.82679682970047,0.19502481818199158,0.47617435455322266,0.8402814269065857,-0.1082599088549614,0.4253961145877838,0.9357354044914246,0.2624088227748871,0.45000049471855164,1.0025508403778076,0.0201738178730011,0.4056955575942993,0.9424864053726196,0.26791176199913025,0.4272662401199341,1.0213924646377563,0.03126328065991402,0.44929590821266174,0.9941331744194031,0.24170708656311035,0.49598872661590576,1.0687756538391113,-0.004208787810057402
romanian deadlift_400311.jpg,0.6251495480537415,0.5398191213607788,-0.21404452621936798,0.637276291847229,0.5283493995666504,-0.1860666424036026,0.6375634670257568,0.5288065671920776,-0.18614843487739563,0.637870728969574,0.5288573503494263,-0.18629194796085358,0.6368458867073059,0.5194196105003357,-0.21999885141849518,0.6370943188667297,0.5137075781822205,-0.2200428992509842,0.637833297252655,0.5081079602241516,-0.22005026042461395,0.6330187916755676,0.5094835758209229,-0.060943543910980225,0.6296051144599915,0.4911760687828064,-0.18541212379932404,0.6129391193389893,0.5436823964118958,-0.16394434869289398,0.6132840514183044,0.5321340560913086,-0.20884384214878082,0.5663736462593079,0.5518016815185547,0.1241752877831459,0.5504187345504761,0.5182950496673584,-0.2644568383693695,0.5184802412986755,0.6609053611755371,0.18510960042476654,0.5064438581466675,0.6738005876541138,-0.29862821102142334,0.5109969973564148,0.7693884372711182,0.12882757186889648,0.4986470341682434,0.8141947388648987,-0.24226048588752747,0.5196663737297058,0.8005595803260803,0.1270049512386322,0.4896891415119171,0.845357358455658,-0.276750385761261,0.5138701796531677,0.7937095761299133,0.09445122629404068,0.5017200708389282,0.8446352481842041,-0.2618913948535919,0.5135302543640137,0.7842745184898376,0.1121564731001854,0.5031658411026001,0.8351106643676758,-0.23630906641483307,0.4107014238834381,0.6370179057121277,0.11552022397518158,0.39587774872779846,0.6257352828979492,-0.1156906858086586,0.4685075879096985,0.8151307106018066,0.14352792501449585,0.49672216176986694,0.8103789687156677,-0.1135244220495224,0.3815637230873108,0.8597767949104309,0.20837531983852386,0.3928883373737335,0.8502727150917053,0.03568620979785919,0.3612494170665741,0.8415547013282776,0.2147863656282425,0.3682645559310913,0.8288645148277283,0.05827772989869118,0.3641190528869629,0.9320553541183472,0.22010068595409393,0.37180355191230774,0.9212865829467773,0.12108726799488068
romanian deadlift_400321.jpg,0.5996063947677612,0.36001333594322205,-0.18303519487380981,0.5990445613861084,0.3437136709690094,-0.16816109418869019,0.598795473575592,0.3433014154434204,-0.16811734437942505,0.5982982516288757,0.3427283763885498,-0.16821295022964478,0.5953783392906189,0.34163832664489746,-0.20046256482601166,0.5927375555038452,0.3399244248867035,-0.2005206197500229,0.5896064639091492,0.3380992114543915,-0.20059610903263092,0.5821097493171692,0.3389297127723694,-0.06912589073181152,0.5711585879325867,0.33543986082077026,-0.20821616053581238,0.592387318611145,0.37522202730178833,-0.1508331447839737,0.5880633592605591,0.37104639410972595,-0.1930563747882843,0.5469129681587219,0.44169938564300537,0.037255868315696716,0.5281187891960144,0.43221983313560486,-0.27513736486434937,0.5276339054107666,0.5491543412208557,0.09324702620506287,0.5093865394592285,0.5588989853858948,-0.270751029253006,0.5496363043785095,0.6144437193870544,0.08107712119817734,0.5120624899864197,0.6855785846710205,-0.21709531545639038,0.5621040463447571,0.6132588386535645,0.08718128502368927,0.5097359418869019,0.7166464328765869,-0.251364141702652,0.5655098557472229,0.611600935459137,0.056632913649082184,0.5176146626472473,0.7197400331497192,-0.23355212807655334,0.5613436102867126,0.615412712097168,0.06769981980323792,0.5159534215927124,0.7069668173789978,-0.21106888353824615,0.4065813720226288,0.5245434045791626,0.09333675354719162,0.388915479183197,0.5183216333389282,-0.09316862374544144,0.45769447088241577,0.6400594115257263,0.11951173841953278,0.46223151683807373,0.5945010185241699,-0.11608943343162537,0.3945213556289673,0.6193523406982422,0.21841682493686676,0.3920336961746216,0.6149982810020447,0.05291086435317993,0.39158278703689575,0.6070420145988464,0.230758398771286,0.37709352374076843,0.6007453799247742,0.0769752785563469,0.36916688084602356,0.6284014582633972,0.23705096542835236,0.39259734749794006,0.6552765965461731,0.11352620273828506
romanian deadlift_500001.jpg,0.5986107587814331,0.47008955478668213,-0.0330837219953537,0.600700318813324,0.4538385570049286,-0.012335452251136303,0.6001787185668945,0.45275989174842834,-0.01240088976919651,0.5994259119033813,0.45144766569137573,-0.012485211715102196,0.599287748336792,0.45189395546913147,-0.055391181260347366,0.5978401303291321,0.44967007637023926,-0.05545524135231972,0.596127450466156,0.4472513794898987,-0.05555547773838043,0.5847308039665222,0.4403629004955292,0.07994337379932404,0.5817540884017944,0.43712377548217773,-0.11169105023145676,0.5899407863616943,0.47808587551116943,0.00431102467700839,0.5875648856163025,0.47488585114479065,-0.051763128489255905,0.5195469856262207,0.4834977388381958,0.22497886419296265,0.5315118432044983,0.4860001802444458,-0.23461215198040009,0.5068780183792114,0.6132078170776367,0.23741674423217773,0.5222933292388916,0.623508095741272,-0.26472893357276917,0.510678231716156,0.7190437912940979,0.1879442036151886,0.5235182046890259,0.7136938571929932,-0.1928131878376007,0.5181783437728882,0.7373685240745544,0.20519337058067322,0.521486222743988,0.7420775294303894,-0.23125053942203522,0.5212544798851013,0.740427553653717,0.16696912050247192,0.5282805562019348,0.7454072833061218,-0.20231251418590546,0.5200428366661072,0.7345163822174072,0.1694898009300232,0.5276169180870056,0.7540809512138367,-0.1819756031036377,0.3725920617580414,0.5618741512298584,0.1413384974002838,0.38615232706069946,0.5668468475341797,-0.14135929942131042,0.4627280533313751,0.6875518560409546,0.160129114985466,0.4983161687850952,0.6906578540802002,-0.11575310677289963,0.453102171421051,0.7185245156288147,0.2616647779941559,0.47331079840660095,0.8081731200218201,0.05600421503186226,0.4383257031440735,0.7873880863189697,0.2702094614505768,0.45220082998275757,0.6489189863204956,0.07260402292013168,0.502941370010376,0.8105366230010986,0.2408561110496521,0.5126858949661255,0.8709373474121094,0.03991556167602539
romanian deadlift_500011.jpg,0.5847247242927551,0.37268826365470886,-0.0017042462714016438,0.5838242769241333,0.35359102487564087,0.021173657849431038,0.5829058885574341,0.3524397015571594,0.02111484855413437,0.5818804502487183,0.35131195187568665,0.021043406799435616,0.5831447243690491,0.35422128438949585,-0.020091015845537186,0.5818683505058289,0.3535258173942566,-0.02014673501253128,0.5804672241210938,0.35282355546951294,-0.020328011363744736,0.5663408041000366,0.3463447690010071,0.11106934398412704,0.5661356449127197,0.3492908179759979,-0.07452256232500076,0.5765559673309326,0.3856513500213623,0.03464997932314873,0.5753045678138733,0.3857437074184418,-0.01940130814909935,0.5049431920051575,0.39586740732192993,0.2405773550271988,0.5338418483734131,0.4263860583305359,-0.21666254103183746,0.4637761116027832,0.5095334649085999,0.26236090064048767,0.5218294858932495,0.5803003311157227,-0.27287566661834717,0.43149101734161377,0.5962750911712646,0.1889933943748474,0.5185768008232117,0.7322901487350464,-0.22645500302314758,0.43446972966194153,0.5910276770591736,0.19414781033992767,0.5174572467803955,0.7691632509231567,-0.2708559036254883,0.4347238838672638,0.5899563431739807,0.16260474920272827,0.5220357179641724,0.7757565975189209,-0.24124394357204437,0.43180549144744873,0.6045244336128235,0.1723148375749588,0.5241568088531494,0.7651593685150146,-0.21553471684455872,0.35689350962638855,0.5052441358566284,0.15331687033176422,0.3849157392978668,0.5305373072624207,-0.15352211892604828,0.43894851207733154,0.6217442750930786,0.34010884165763855,0.46948882937431335,0.6712400913238525,-0.05820097774267197,0.44545117020606995,0.7164324522018433,0.5652018785476685,0.4646790325641632,0.7677465081214905,0.23549982905387878,0.42014360427856445,0.7311142683029175,0.5875288248062134,0.4316088855266571,0.7633563280105591,0.26725560426712036,0.45643919706344604,0.7575755715370178,0.566865861415863,0.4803112745285034,0.816571831703186,0.2468290776014328
romanian deadlift_500021.jpg,0.5551955699920654,0.19209088385105133,0.03701658919453621,0.5447285771369934,0.17506907880306244,0.04773995652794838,0.5429976582527161,0.17435194551944733,0.04771563038229942,0.5410428643226624,0.1737729161977768,0.047646451741456985,0.5442475080490112,0.1763032227754593,0.00935420487076044,0.5423693060874939,0.17639362812042236,0.009298975579440594,0.5402542352676392,0.17665641009807587,0.009177913889288902,0.5284484028816223,0.18229365348815918,0.09456201642751694,0.5282200574874878,0.18640342354774475,-0.07926640659570694,0.5521891117095947,0.2085021287202835,0.05846969783306122,0.5511217713356018,0.21026365458965302,0.007940912619233131,0.4956298768520355,0.2729666531085968,0.21152463555335999,0.5231144428253174,0.29227766394615173,-0.22329749166965485,0.46760156750679016,0.4109199047088623,0.24940302968025208,0.5071057081222534,0.43901315331459045,-0.2654639184474945,0.44494935870170593,0.5486286878585815,0.20110538601875305,0.5080646872520447,0.592728316783905,-0.17261746525764465,0.4444446563720703,0.5713813304901123,0.20831012725830078,0.5013468265533447,0.625484824180603,-0.2036496102809906,0.44345852732658386,0.5752095580101013,0.17601387202739716,0.5022562146186829,0.6347852945327759,-0.1743217259645462,0.4443722665309906,0.5690332055091858,0.18348711729049683,0.5034201145172119,0.6200399994850159,-0.1608671098947525,0.3635570704936981,0.43452754616737366,0.15334251523017883,0.3704718351364136,0.4387713670730591,-0.15338240563869476,0.39851123094558716,0.6149914860725403,0.24224449694156647,0.4410306215286255,0.6610608696937561,-0.08522247523069382,0.3874148428440094,0.7234776020050049,0.3996448218822479,0.4112202525138855,0.8069397807121277,0.12565939128398895,0.3802054822444916,0.7372791767120361,0.41551873087882996,0.3896300196647644,0.8219239711761475,0.14845050871372223,0.3990674614906311,0.7461029291152954,0.39044731855392456,0.4482807517051697,0.8506855368614197,0.18062879145145416
romanian deadlift_500031.jpg,,,,,,,,,,,,,,,,,,,,,,,,,,,,,,,,,,,,,,,,,,,,,,,,,,,,,,,,,,,,,,,,,,,,,,,,,,,,,,,,,,,,,,,,,,,,,,,,,,,
romanian deadlift_500041.jpg,0.45582348108291626,0.03271967172622681,0.032639484852552414,0.4461171329021454,0.014705329202115536,0.047816839069128036,0.44375330209732056,0.014850826002657413,0.047802940011024475,0.44111645221710205,0.015103816986083984,0.04782872647047043,0.44756409525871277,0.01448312308639288,-0.0070881019346416,0.44624215364456177,0.014539866708219051,-0.0071152979508042336,0.44452565908432007,0.014688163064420223,-0.007395097520202398,0.4258047938346863,0.024478048086166382,0.11581236869096756,0.43122097849845886,0.02437538094818592,-0.13044622540473938,0.448883056640625,0.04998195543885231,0.06448991596698761,0.4510203003883362,0.05060258507728577,-0.0063929567113518715,0.39521658420562744,0.14131483435630798,0.26033100485801697,0.4406210780143738,0.12457576394081116,-0.29830706119537354,0.40681886672973633,0.31249508261680603,0.2814573347568512,0.4584258198738098,0.2956702709197998,-0.39296388626098633,0.43553513288497925,0.430332213640213,0.1935984045267105,0.4860118329524994,0.4439808428287506,-0.3857857584953308,0.45092421770095825,0.460328072309494,0.1976020634174347,0.4897642731666565,0.48515161871910095,-0.4332394003868103,0.44681617617607117,0.4666985273361206,0.16158777475357056,0.49246346950531006,0.487304151058197,-0.41626885533332825,0.4471200406551361,0.45155879855155945,0.17268449068069458,0.4896734356880188,0.476420521736145,-0.37846168875694275,0.3988676369190216,0.4621809720993042,0.1748345047235489,0.4424724280834198,0.46298977732658386,-0.17521683871746063,0.3947104215621948,0.6760456562042236,0.2439061552286148,0.44638189673423767,0.7169636487960815,-0.13055746257305145,0.3853676915168762,0.8817397952079773,0.37141740322113037,0.4321582019329071,0.9396371841430664,-0.022851891815662384,0.3704894781112671,0.9156144261360168,0.3759555220603943,0.4229225814342499,0.9408079981803894,-0.018203211948275566,0.43324244022369385,0.9201529026031494,0.29691872000694275,0.46564075350761414,0.9417452216148376,-0.14670634269714355
romanian deadlift_500051.jpg,0.455805242061615,0.03752460330724716,0.06794525682926178,0.4461142122745514,0.01770637370646,0.0822109505534172,0.4437524974346161,0.017721068114042282,0.08216426521539688,0.44111570715904236,0.017910880967974663,0.08213046193122864,0.44757190346717834,0.017446355894207954,0.02897779271006584,0.44628122448921204,0.017352702096104622,0.028937458992004395,0.44462233781814575,0.017348967492580414,0.028705745935440063,0.4258171617984772,0.026391413062810898,0.14172320067882538,0.431600421667099,0.025758622214198112,-0.09380951523780823,0.4488954544067383,0.05359708517789841,0.09622316807508469,0.4512074291706085,0.054841820150613785,0.02837163582444191,0.3942221403121948,0.1435186266899109,0.27051055431365967,0.4404197633266449,0.12265703082084656,-0.2703828513622284,0.40354055166244507,0.3129572868347168,0.27987736463546753,0.45757827162742615,0.29244500398635864,-0.35956907272338867,0.42493826150894165,0.4320363700389862,0.1808890700340271,0.48505666851997375,0.44541820883750916,-0.33899447321891785,0.43528440594673157,0.46496695280075073,0.18437787890434265,0.4897176921367645,0.48566895723342896,-0.3773028254508972,0.4453323781490326,0.4672445058822632,0.15140655636787415,0.49243274331092834,0.487929105758667,-0.36228495836257935,0.44548141956329346,0.4522162079811096,0.16072234511375427,0.4894806146621704,0.47696566581726074,-0.3305324614048004,0.39911070466041565,0.4622075855731964,0.167440265417099,0.44149062037467957,0.46134889125823975,-0.16763225197792053,0.3902934491634369,0.6742987632751465,0.24687066674232483,0.4446203410625458,0.7138979434967041,-0.15323103964328766,0.35701999068260193,0.7748935222625732,0.3736923038959503,0.43263375759124756,0.9351966977119446,-0.06828006356954575,0.34221261739730835,0.7877950072288513,0.3781700134277344,0.41983047127723694,0.9912623167037964,-0.06491076946258545,0.37791165709495544,0.792055070400238,0.32392168045043945,0.48123061656951904,0.9828267693519592,-0.17919199168682098
romanian deadlift_500061.jpg,0.45674142241477966,0.03745859116315842,0.07736312597990036,0.4469184875488281,0.01766948215663433,0.09083619713783264,0.44454118609428406,0.017679305747151375,0.09079980850219727,0.4419231712818146,0.017867615446448326,0.09076642990112305,0.4487364888191223,0.01742267608642578,0.03762424737215042,0.4476761817932129,0.01732945255935192,0.03758341446518898,0.446288138628006,0.01732761412858963,0.03736819699406624,0.42625007033348083,0.02650407701730728,0.14591823518276215,0.43351492285728455,0.025760171934962273,-0.08919787406921387,0.45006150007247925,0.053616009652614594,0.10382366180419922,0.4530582129955292,0.055006127804517746,0.036118458956480026,0.3925524055957794,0.14477688074111938,0.26946380734443665,0.4406908452510834,0.11978541314601898,-0.2648867666721344,0.39863836765289307,0.31269964575767517,0.274753212928772,0.4575783908367157,0.28661996126174927,-0.34723344445228577,0.4192623496055603,0.43198779225349426,0.17684105038642883,0.48437002301216125,0.4467026889324188,-0.30981704592704773,0.42928531765937805,0.46300846338272095,0.1804865151643753,0.4894446134567261,0.48679643869400024,-0.343563437461853,0.4359758496284485,0.4669227600097656,0.1489247828722,0.4923202097415924,0.489389032125473,-0.329312264919281,0.43712276220321655,0.4522155821323395,0.15724293887615204,0.489237517118454,0.4783415198326111,-0.3008299767971039,0.3993664085865021,0.4593592882156372,0.16052992641925812,0.44118019938468933,0.4537169635295868,-0.16068503260612488,0.3910207450389862,0.666830837726593,0.23175449669361115,0.4429681599140167,0.7035053372383118,-0.15160982310771942,0.34426775574684143,0.7369523048400879,0.35932472348213196,0.4338257908821106,0.9296314716339111,-0.05737276002764702,0.3293311893939972,0.745423436164856,0.36415067315101624,0.419951856136322,0.9851949214935303,-0.05650586262345314,0.3600659966468811,0.7496827244758606,0.3220615088939667,0.48701000213623047,0.9791322350502014,-0.15939831733703613
romanian deadlift_500071.jpg,0.45941412448883057,0.036133430898189545,0.045605409890413284,0.4498581886291504,0.01609969697892666,0.06178664043545723,0.44789549708366394,0.01599973253905773,0.06171976774930954,0.44564101099967957,0.016075365245342255,0.06169244274497032,0.45050349831581116,0.015805870294570923,0.009112210012972355,0.4490841031074524,0.015562823973596096,0.009096200577914715,0.44732534885406494,0.015414178371429443,0.008960593491792679,0.42874905467033386,0.024172702804207802,0.13401368260383606,0.43382617831230164,0.02344873547554016,-0.09488754719495773,0.4534752666950226,0.05261205509305,0.07887609302997589,0.45522579550743103,0.054140329360961914,0.011693465523421764,0.3926527798175812,0.14385467767715454,0.2652498781681061,0.44069358706474304,0.11742433905601501,-0.27119192481040955,0.39907899498939514,0.31260842084884644,0.2677445709705353,0.4575808346271515,0.28710246086120605,-0.3565753102302551,0.41440650820732117,0.4332173764705658,0.1635362058877945,0.48416784405708313,0.451914519071579,-0.32662567496299744,0.4212149679660797,0.46374914050102234,0.16509753465652466,0.4892674684524536,0.49073952436447144,-0.3668374717235565,0.43338778614997864,0.4669431447982788,0.13191770017147064,0.4922064542770386,0.49381276965141296,-0.3509855270385742,0.43484625220298767,0.4525018036365509,0.14323757588863373,0.48913171887397766,0.4833676517009735,-0.3179665505886078,0.40084701776504517,0.45607203245162964,0.1620251089334488,0.44081029295921326,0.44892600178718567,-0.1622157245874405,0.3932625651359558,0.6663282513618469,0.22138044238090515,0.4427987039089203,0.6984988451004028,-0.15006794035434723,0.35379165410995483,0.7536638975143433,0.3195832669734955,0.4355384111404419,0.9250401854515076,-0.06394661217927933,0.3398314416408539,0.7610860466957092,0.320599764585495,0.4205968976020813,0.9788997173309326,-0.06133813038468361,0.3703482449054718,0.7869309186935425,0.2503960132598877,0.4932900369167328,0.9768661260604858,-0.17459341883659363
romanian deadlift_500081.jpg,0.469167023897171,0.038235507905483246,0.052814971655607224,0.46044132113456726,0.018502358347177505,0.06620048731565475,0.45853063464164734,0.018214520066976547,0.06613699346780777,0.45643350481987,0.018039477989077568,0.06611406058073044,0.46152693033218384,0.018247680738568306,0.01593669503927231,0.4605279862880707,0.017879724502563477,0.015923254191875458,0.4592757225036621,0.017570510506629944,0.01575772650539875,0.440621554851532,0.024634813889861107,0.130447119474411,0.4452647268772125,0.02424231544137001,-0.09778415411710739,0.4630984663963318,0.054537978023290634,0.08084886521100998,0.4646895229816437,0.05550254136323929,0.01628047600388527,0.397038072347641,0.14036191999912262,0.2445203810930252,0.4441506266593933,0.11708927154541016,-0.2661379277706146,0.3852774202823639,0.30956295132637024,0.242252379655838,0.4579797387123108,0.2860907018184662,-0.3486320674419403,0.4107311964035034,0.42975538969039917,0.14672346413135529,0.4836648106575012,0.45264604687690735,-0.32261133193969727,0.4160287082195282,0.46049559116363525,0.1499389111995697,0.4887828528881073,0.4917519986629486,-0.36104345321655273,0.43072715401649475,0.4599429965019226,0.1190163716673851,0.491745263338089,0.4953826069831848,-0.3471660315990448,0.4322764277458191,0.4518003761768341,0.12809200584888458,0.48838382959365845,0.4848015606403351,-0.31483200192451477,0.4012399911880493,0.45593491196632385,0.1594051718711853,0.44081127643585205,0.4497523903846741,-0.159637913107872,0.39623451232910156,0.6623378992080688,0.225033700466156,0.4430343210697174,0.6935160756111145,-0.13547860085964203,0.3568646013736725,0.7932390570640564,0.3202289342880249,0.43565112352371216,0.9199120998382568,-0.06023842468857765,0.34395453333854675,0.8125932216644287,0.32123473286628723,0.43095162510871887,0.9746763706207275,-0.05688635632395744,0.37843412160873413,0.8250959515571594,0.25623035430908203,0.5048570036888123,0.9736306071281433,-0.1531338095664978
romanian deadlift_500091.jpg,0.4987258017063141,0.057472892105579376,0.040886301547288895,0.4936503767967224,0.036835506558418274,0.04968000203371048,0.4914283752441406,0.035357147455215454,0.049658987671136856,0.4889719784259796,0.03380625694990158,0.049671370536088943,0.4956458806991577,0.037512533366680145,0.00796407088637352,0.49502620100975037,0.03653068095445633,0.007977806963026524,0.49409908056259155,0.035410184413194656,0.00788698811084032,0.4756472408771515,0.03516951948404312,0.09574007242918015,0.48139825463294983,0.036617461591959,-0.09969238191843033,0.48910775780677795,0.07119408994913101,0.06429658830165863,0.49111634492874146,0.07203931361436844,0.010608612559735775,0.4234886169433594,0.1400795727968216,0.1906750649213791,0.4653351604938507,0.12112141400575638,-0.23463349044322968,0.3881256878376007,0.30918723344802856,0.1909991055727005,0.4648194909095764,0.29213622212409973,-0.2764321565628052,0.4112408757209778,0.42965108156204224,0.11957373470067978,0.4843987822532654,0.46082720160484314,-0.20961634814739227,0.4137367904186249,0.4593792259693146,0.11743427813053131,0.4887934625148773,0.4987427890300751,-0.23207911849021912,0.4254330098628998,0.46027836203575134,0.09489335119724274,0.4916858971118927,0.5024663209915161,-0.22874332964420319,0.4257672429084778,0.45188865065574646,0.10484635084867477,0.4883820712566376,0.4913555681705475,-0.20449747145175934,0.4045611321926117,0.4499785900115967,0.12278392165899277,0.4403654932975769,0.4474901556968689,-0.12303689867258072,0.405115008354187,0.6584535837173462,0.14890192449092865,0.4423757791519165,0.6714549660682678,-0.08708208054304123,0.3938414454460144,0.8390997052192688,0.22744570672512054,0.4348299205303192,0.8960539102554321,0.010058670304715633,0.38830164074897766,0.872240424156189,0.22760744392871857,0.42365360260009766,0.9328525066375732,0.018052833154797554,0.4124354124069214,0.8809159398078918,0.14271531999111176,0.4814700782299042,0.9443298578262329,-0.07952971756458282
romanian deadlift_500101.jpg,0.5472766160964966,0.1793607920408249,-0.007818449288606644,0.5478017330169678,0.15568120777606964,0.009965737350285053,0.5460193157196045,0.15329740941524506,0.009935705922544003,0.544073760509491,0.15082921087741852,0.010030868463218212,0.5486876368522644,0.15524554252624512,-0.040186695754528046,0.547551691532135,0.15271969139575958,-0.04020656645298004,0.5462620854377747,0.1503874659538269,-0.04027353972196579,0.5277804136276245,0.13996437191963196,0.08606978505849838,0.5311576128005981,0.1434929519891739,-0.1374557912349701,0.5353585481643677,0.18623493611812592,0.02762589417397976,0.5363736748695374,0.18545487523078918,-0.0378565676510334,0.4477851688861847,0.19601058959960938,0.21546036005020142,0.4906917214393616,0.19603894650936127,-0.2545390725135803,0.3962160646915436,0.34980300068855286,0.2081904262304306,0.4807312786579132,0.35845446586608887,-0.31536757946014404,0.41025403141975403,0.47313717007637024,0.1714630275964737,0.4847891926765442,0.5098836421966553,-0.25818562507629395,0.4058929979801178,0.5046220421791077,0.18774861097335815,0.48859554529190063,0.5475805997848511,-0.2862543761730194,0.4199986457824707,0.5109654068946838,0.15733148157596588,0.49124953150749207,0.5543286204338074,-0.2961105704307556,0.42198434472084045,0.5001944303512573,0.15701352059841156,0.48806285858154297,0.5394395589828491,-0.2620626389980316,0.4024491012096405,0.46301740407943726,0.14340417087078094,0.44039493799209595,0.47035717964172363,-0.14359119534492493,0.40672528743743896,0.693500280380249,0.18653948605060577,0.4423027038574219,0.6994125247001648,-0.19956277310848236,0.40093880891799927,0.9017800092697144,0.29990261793136597,0.43530142307281494,0.9379304051399231,-0.23219841718673706,0.38923075795173645,0.9385140538215637,0.30526602268218994,0.4214853346347809,0.9536333680152893,-0.24063794314861298,0.4334859549999237,0.9250658750534058,0.25622597336769104,0.49139168858528137,1.0034065246582031,-0.3553614020347595
romanian deadlift_500111.jpg,0.5586456060409546,0.30297714471817017,0.10788150876760483,0.5635644197463989,0.28068357706069946,0.11741891503334045,0.5621908903121948,0.2783605456352234,0.11734776198863983,0.5606339573860168,0.2758370041847229,0.11735673248767853,0.5654789209365845,0.27789339423179626,0.07808110862970352,0.5654029250144958,0.27388566732406616,0.07811103761196136,0.5651407837867737,0.2700205445289612,0.07803238183259964,0.5500332713127136,0.2579963803291321,0.14471250772476196,0.5557450652122498,0.2550513744354248,-0.030119620263576508,0.5476504564285278,0.30373096466064453,0.12432075291872025,0.5503314733505249,0.3008720576763153,0.07275566458702087,0.4417532980442047,0.2873356342315674,0.22452352941036224,0.5098751783370972,0.2814527153968811,-0.1578655242919922,0.3884924650192261,0.43071234226226807,0.22286558151245117,0.4938144087791443,0.4308268129825592,-0.20539440214633942,0.3984663784503937,0.5612710118293762,0.17410071194171906,0.4920612573623657,0.5918143391609192,-0.18219974637031555,0.3947259485721588,0.5961943864822388,0.18668724596500397,0.49295586347579956,0.6290640830993652,-0.20653943717479706,0.4063868522644043,0.6030438542366028,0.1643582284450531,0.4939252436161041,0.6348561644554138,-0.18921606242656708,0.40774187445640564,0.5912319421768188,0.1630113571882248,0.490771621465683,0.6183151602745056,-0.17217247188091278,0.39510488510131836,0.5310186147689819,0.14032238721847534,0.4402625262737274,0.5090786218643188,-0.1405220776796341,0.40577369928359985,0.720934271812439,0.19919708371162415,0.44299253821372986,0.7282329201698303,-0.17540523409843445,0.414865106344223,0.9195306301116943,0.30602309107780457,0.4352893531322479,0.9565848708152771,-0.1657230705022812,0.4044637382030487,0.9519680738449097,0.3090093433856964,0.4226827621459961,0.9755389094352722,-0.16976019740104675,0.43857088685035706,0.9408938884735107,0.27270248532295227,0.4947081506252289,1.0253181457519531,-0.26757100224494934
romanian deadlift_500121.jpg,0.5530403256416321,0.4184807538986206,0.060571543872356415,0.5668916702270508,0.3973090350627899,0.05474875867366791,0.5669394731521606,0.39520391821861267,0.054695114493370056,0.5667775869369507,0.3928377330303192,0.05466562509536743,0.5672866702079773,0.3940548300743103,0.024176890030503273,0.5676208138465881,0.3898468315601349,0.02417159453034401,0.5677969455718994,0.3852366507053375,0.024113476276397705,0.561787486076355,0.36559033393859863,0.070893295109272,0.5623458623886108,0.3595174551010132,-0.08503951132297516,0.544292688369751,0.41434016823768616,0.07051026821136475,0.5449294447898865,0.41148027777671814,0.030708985403180122,0.46381598711013794,0.3765205442905426,0.16667185723781586,0.5138697028160095,0.3607524037361145,-0.20573528110980988,0.4229499399662018,0.5480762124061584,0.18880678713321686,0.4916640818119049,0.5329704880714417,-0.2414509505033493,0.4420972466468811,0.6762912273406982,0.16503353416919708,0.4912729859352112,0.686813473701477,-0.21608273684978485,0.4308878779411316,0.7163676619529724,0.1796587109565735,0.48558327555656433,0.7300640344619751,-0.2479284405708313,0.4466557502746582,0.724446713924408,0.15634125471115112,0.48691219091415405,0.7379664182662964,-0.23039330542087555,0.4463089108467102,0.7076874375343323,0.1531631201505661,0.48584505915641785,0.7223127484321594,-0.2078872174024582,0.39480841159820557,0.6142043471336365,0.11787530034780502,0.4275328814983368,0.61368727684021,-0.11789289116859436,0.4114232361316681,0.8304796814918518,0.10999070852994919,0.446586012840271,0.8442376852035522,-0.1211150586605072,0.4303358495235443,1.0301474332809448,0.1869054138660431,0.43720611929893494,1.0665535926818848,-0.08108167350292206,0.4211503863334656,1.0570255517959595,0.1879379004240036,0.4224589169025421,1.0935261249542236,-0.08289040625095367,0.46858540177345276,1.078606367111206,0.10891856998205185,0.49411168694496155,1.1315314769744873,-0.17964062094688416
romanian deadlift_500131.jpg,0.5497066974639893,0.4639202058315277,-0.052330613136291504,0.5642164349555969,0.4428420960903168,-0.047487273812294006,0.5644859671592712,0.43998289108276367,-0.04758087545633316,0.564460039138794,0.4370611310005188,-0.04762494936585426,0.5648325681686401,0.43918758630752563,-0.08294852823019028,0.5653172731399536,0.43395093083381653,-0.08299284428358078,0.565218985080719,0.4288475513458252,-0.08303960412740707,0.5583931803703308,0.40745922923088074,-0.007147862110286951,0.557220458984375,0.4010390043258667,-0.1692895144224167,0.5393361449241638,0.4599466919898987,-0.028571980074048042,0.5387780666351318,0.4567045569419861,-0.0757303237915039,0.47238704562187195,0.4097073972225189,0.10265938192605972,0.5040873289108276,0.4061293601989746,-0.23349186778068542,0.43203893303871155,0.56436687707901,0.13238731026649475,0.4893295466899872,0.5699335932731628,-0.270187109708786,0.4427025616168976,0.7168458700180054,0.1299542635679245,0.48726603388786316,0.7291274070739746,-0.22810721397399902,0.43764007091522217,0.7508866786956787,0.15022842586040497,0.47893598675727844,0.7651554346084595,-0.2538050711154938,0.4519038200378418,0.7608779668807983,0.12236442416906357,0.48328492045402527,0.7748082280158997,-0.23269611597061157,0.4492034614086151,0.7435535788536072,0.11820784956216812,0.4819009602069855,0.7621577978134155,-0.2183152139186859,0.39384573698043823,0.6202834844589233,0.11795405298471451,0.41313838958740234,0.6283490061759949,-0.11787530034780502,0.41741421818733215,0.8025093078613281,0.14858856797218323,0.4572325646877289,0.7981063723564148,-0.23015770316123962,0.4277847707271576,0.9822909832000732,0.24251410365104675,0.4463515877723694,1.0479646921157837,-0.30497825145721436,0.4199640452861786,0.954982340335846,0.23656868934631348,0.42745256423950195,1.0798159837722778,-0.3137373924255371,0.4563121795654297,1.0072474479675293,0.23601865768432617,0.4965057969093323,1.1145224571228027,-0.38218262791633606
romanian deadlift_500141.jpg,0.551683783531189,0.44219619035720825,-0.0868062898516655,0.5633805394172668,0.42603132128715515,-0.0787149965763092,0.5632171630859375,0.4236193895339966,-0.07880248874425888,0.5628125071525574,0.4206024706363678,-0.07886362820863724,0.564459502696991,0.4223653972148895,-0.11721159517765045,0.5648604035377502,0.41768884658813477,-0.11724970489740372,0.5648341774940491,0.4125453531742096,-0.11734224110841751,0.5546489953994751,0.39067542552948,-0.03129693493247032,0.5557159781455994,0.3876127004623413,-0.20638303458690643,0.54002445936203,0.43883752822875977,-0.060840584337711334,0.5409542918205261,0.43522295355796814,-0.11223955452442169,0.4710448384284973,0.4008511006832123,0.08785288780927658,0.5061489939689636,0.39343494176864624,-0.28762227296829224,0.435838520526886,0.5689884424209595,0.12754759192466736,0.49025583267211914,0.5631780624389648,-0.3006824851036072,0.4416508972644806,0.713833212852478,0.1287139356136322,0.48625966906547546,0.7242087721824646,-0.23681841790676117,0.4401009678840637,0.7475296258926392,0.14824344217777252,0.47601640224456787,0.762630045413971,-0.2630939781665802,0.4502524435520172,0.7564411759376526,0.11457192152738571,0.4798888564109802,0.7679156064987183,-0.25118017196655273,0.4473877251148224,0.737040102481842,0.11489670723676682,0.48003295063972473,0.7553877234458923,-0.22771979868412018,0.3849792778491974,0.5937751531600952,0.12306515872478485,0.4033845365047455,0.5923116207122803,-0.12302553653717041,0.4224341809749603,0.7713271379470825,0.16421198844909668,0.453223317861557,0.7859021425247192,-0.18834981322288513,0.42731255292892456,0.9528282284736633,0.2950989007949829,0.44540929794311523,1.008237361907959,-0.14621756970882416,0.4185737669467926,0.9498712420463562,0.30475130677223206,0.4264342188835144,1.0369114875793457,-0.14374178647994995,0.45530226826667786,0.9729213118553162,0.2931460738182068,0.49969735741615295,1.0635459423065186,-0.19353845715522766
romanian deadlift_500151.jpg,0.5629589557647705,0.31824013590812683,-0.0017130417982116342,0.565568745136261,0.2998863458633423,0.01728963293135166,0.5645595192909241,0.2986378073692322,0.017107414081692696,0.5634162425994873,0.2969786524772644,0.016979532316327095,0.5655830502510071,0.30059313774108887,-0.02185884490609169,0.5645900368690491,0.30005598068237305,-0.021874837577342987,0.563383162021637,0.2993679344654083,-0.02199564129114151,0.5482733845710754,0.2974375784397125,0.08947592228651047,0.5493574738502502,0.3086093068122864,-0.08847235143184662,0.55070960521698,0.33861038088798523,0.030835475772619247,0.5499511361122131,0.33739739656448364,-0.019836971536278725,0.47485485672950745,0.3756122291088104,0.23033806681632996,0.5110556483268738,0.33875319361686707,-0.20996037125587463,0.44142386317253113,0.4644976258277893,0.2547248601913452,0.4919937252998352,0.518385648727417,-0.22758974134922028,0.44103318452835083,0.5754600763320923,0.20828156173229218,0.4847639501094818,0.713165819644928,-0.16276171803474426,0.44285064935684204,0.6137791275978088,0.22305512428283691,0.47661882638931274,0.7290711402893066,-0.18871670961380005,0.44824621081352234,0.6004592776298523,0.19550137221813202,0.4802778661251068,0.7220593094825745,-0.1754353791475296,0.4467121958732605,0.5998819470405579,0.19422370195388794,0.4791635572910309,0.698094367980957,-0.15458542108535767,0.36667507886886597,0.5084748268127441,0.1396816372871399,0.3956983685493469,0.5214152932167053,-0.13953258097171783,0.4203483760356903,0.7118196487426758,0.19149376451969147,0.43013086915016174,0.7429496645927429,-0.17746451497077942,0.41337427496910095,0.8929110169410706,0.30167442560195923,0.4405319094657898,1.00063157081604,-0.16229583323001862,0.40084517002105713,0.9183664917945862,0.3095330595970154,0.4212917685508728,1.0229381322860718,-0.16884413361549377,0.4457925856113434,0.9320881962776184,0.27961695194244385,0.5109193921089172,1.035372018814087,-0.2636262774467468
romanian deadlift_500161.jpg,0.5001754760742188,0.048002418130636215,-0.04936596378684044,0.4894636869430542,0.03399590030312538,-0.02918858453631401,0.48850205540657043,0.03401236981153488,-0.029242582619190216,0.48753049969673157,0.033929985016584396,-0.02925814874470234,0.48856285214424133,0.035448405891656876,-0.07140830159187317,0.4871475398540497,0.036392007023096085,-0.07145316898822784,0.4857216477394104,0.03722023591399193,-0.07158563286066055,0.47470611333847046,0.047073543071746826,0.07599883526563644,0.47436240315437317,0.04914619028568268,-0.09713517129421234,0.49953925609588623,0.07024849951267242,-0.00831552967429161,0.49828195571899414,0.07104817032814026,-0.06253716349601746,0.4648839235305786,0.15912552177906036,0.21760199964046478,0.49185147881507874,0.16673821210861206,-0.22402626276016235,0.43483343720436096,0.31191587448120117,0.2492341697216034,0.4917275309562683,0.3424503207206726,-0.2525230944156647,0.4403141140937805,0.44440820813179016,0.1874156892299652,0.48613420128822327,0.49059680104255676,-0.2153235375881195,0.4524097740650177,0.47404152154922485,0.20549210906028748,0.48110947012901306,0.5263712406158447,-0.24408330023288727,0.45168325304985046,0.48828473687171936,0.1736089587211609,0.48457440733909607,0.530261218547821,-0.23110933601856232,0.45328566431999207,0.4754255414009094,0.17704980075359344,0.4841460585594177,0.5184516310691833,-0.20765940845012665,0.37483975291252136,0.43194282054901123,0.14411957561969757,0.4038641154766083,0.43935611844062805,-0.14416833221912384,0.4034612774848938,0.6339917778968811,0.18718744814395905,0.4333580434322357,0.696311891078949,-0.17421899735927582,0.38704714179039,0.784458577632904,0.3497166931629181,0.42820870876312256,0.9390262961387634,-0.09788252413272858,0.3789249360561371,0.804484486579895,0.36348676681518555,0.41130080819129944,0.9395016431808472,-0.09369776397943497,0.4132481515407562,0.8227071762084961,0.3190571665763855,0.4613724648952484,0.9540696740150452,-0.19671669602394104
romanian deadlift_500171.jpg,0.4533049166202545,0.02485794946551323,-0.0690559446811676,0.4414163827896118,0.01988033950328827,-0.06455419212579727,0.4402804970741272,0.02089686319231987,-0.0645052120089531,0.4389756917953491,0.022225396707654,-0.06438308954238892,0.44144222140312195,0.02185995690524578,-0.09658484160900116,0.44041576981544495,0.023590773344039917,-0.09666924178600311,0.4392942786216736,0.025637464597821236,-0.09672333300113678,0.43034982681274414,0.03967377170920372,-0.027220318093895912,0.4337235987186432,0.043973010033369064,-0.1700747311115265,0.45341336727142334,0.03719545528292656,-0.0512210838496685,0.4543389678001404,0.0395425409078598,-0.09321919083595276,0.45747506618499756,0.14759689569473267,0.06802816689014435,0.4818587899208069,0.15755484998226166,-0.2547358572483063,0.4362015724182129,0.2916658818721771,0.0817490890622139,0.48614251613616943,0.3140338659286499,-0.3033001720905304,0.44692564010620117,0.4179900288581848,0.011572792194783688,0.48816731572151184,0.44939202070236206,-0.2841523587703705,0.44854915142059326,0.4498020112514496,0.015569412149488926,0.48590442538261414,0.48147881031036377,-0.32546138763427734,0.4504895508289337,0.4554726779460907,-0.02918911725282669,0.49060189723968506,0.4862048625946045,-0.31215527653694153,0.45170003175735474,0.44766947627067566,-0.010077779181301594,0.48891985416412354,0.4768189787864685,-0.28119322657585144,0.37910181283950806,0.4048113524913788,0.0998268872499466,0.4076140224933624,0.4184211790561676,-0.09985418617725372,0.3812357485294342,0.3429833948612213,0.18751324713230133,0.4128601849079132,0.33929646015167236,-0.0776316225528717,0.42117875814437866,0.09117303788661957,0.32130688428878784,0.43117254972457886,0.08684486895799637,0.08107523620128632,0.4490140974521637,0.11614347994327545,0.3290277123451233,0.4633180499076843,0.09391530603170395,0.0959680899977684,0.46205535531044006,0.03392275795340538,0.23888450860977173,0.4692770540714264,-0.01213502511382103,0.023738570511341095
romanian deadlift_500181.jpg,0.4537586271762848,0.02160891517996788,-0.034261636435985565,0.4441016614437103,0.01114350650459528,-0.05974002927541733,0.4427109658718109,0.012271474115550518,-0.05998348817229271,0.44110581278800964,0.013839082792401314,-0.05954520404338837,0.4445963203907013,0.012737581506371498,-0.07230618596076965,0.4434652328491211,0.014570285566151142,-0.07239685952663422,0.44191792607307434,0.019236283376812935,-0.07256229966878891,0.43126964569091797,0.03458145260810852,0.007622703909873962,0.43484237790107727,0.04008401185274124,-0.16577960550785065,0.45318591594696045,0.036401160061359406,-0.0458059124648571,0.45468002557754517,0.03943660110235214,-0.06104150786995888,0.4383851885795593,0.13836421072483063,0.10770566016435623,0.47599318623542786,0.15991738438606262,-0.24696286022663116,0.4353583753108978,0.2912352979183197,0.13371075689792633,0.47999855875968933,0.31403541564941406,-0.2860788404941559,0.4485625922679901,0.41880470514297485,0.05581844225525856,0.4880950152873993,0.4509372413158417,-0.21769753098487854,0.45861586928367615,0.44958382844924927,0.054388709366321564,0.4880051016807556,0.4839046895503998,-0.24339036643505096,0.46279382705688477,0.457060843706131,0.019050488248467445,0.4923520088195801,0.4877943992614746,-0.23205465078353882,0.4604237377643585,0.44751912355422974,0.03676661103963852,0.4908420145511627,0.4777824282646179,-0.21143336594104767,0.39883747696876526,0.4167434573173523,0.1024097204208374,0.42257943749427795,0.42480772733688354,-0.10261751711368561,0.36413899064064026,0.5452661514282227,0.09079543501138687,0.42957502603530884,0.5020544528961182,-0.09509921073913574,0.3323953449726105,0.468960702419281,0.3244270980358124,0.4188906252384186,0.6358357071876526,0.047258540987968445,0.32950279116630554,0.4521210491657257,0.3483121693134308,0.4151899218559265,0.680234968662262,0.06309361755847931,0.3127727210521698,0.45845821499824524,0.34598979353904724,0.4380166828632355,0.4419578015804291,-0.003817742457613349
romanian deadlift_500191.jpg,0.507476270198822,0.09721977263689041,0.02593320608139038,0.5012261867523193,0.07886887341737747,0.039478134363889694,0.49980443716049194,0.07806209474802017,0.039380718022584915,0.4983757734298706,0.07719742506742477,0.03944806009531021,0.5013455152511597,0.07868128269910812,-0.0008931764750741422,0.4999612867832184,0.07778776437044144,-0.0009476367849856615,0.4985518753528595,0.0772327408194542,-0.0010662437416613102,0.4810992479324341,0.0793575569987297,0.13304850459098816,0.4832810163497925,0.07999934256076813,-0.06233491748571396,0.49866876006126404,0.11029359698295593,0.06117740646004677,0.4980579912662506,0.11057738214731216,0.008839600719511509,0.44558361172676086,0.1685357391834259,0.29092836380004883,0.48228341341018677,0.16455839574337006,-0.20140908658504486,0.4264751076698303,0.32404741644859314,0.320963978767395,0.48238691687583923,0.33348673582077026,-0.2400417923927307,0.432395875453949,0.43540531396865845,0.21849671006202698,0.4855499565601349,0.47846853733062744,-0.15084214508533478,0.4343748092651367,0.4703594744205475,0.2143823653459549,0.4845806658267975,0.5163212418556213,-0.1722680628299713,0.44011470675468445,0.4718409776687622,0.1856871098279953,0.48856696486473083,0.5226805210113525,-0.1606535017490387,0.44005173444747925,0.45935994386672974,0.19987289607524872,0.487298846244812,0.5101837515830994,-0.14119882881641388,0.3966311514377594,0.4409794807434082,0.14635737240314484,0.42249494791030884,0.4414077401161194,-0.1465567797422409,0.37641826272010803,0.6218896508216858,0.10602297633886337,0.43160152435302734,0.6544237732887268,-0.16606982052326202,0.362388551235199,0.8567756414413452,0.24302662909030914,0.42301055788993835,0.926969587802887,-0.191172257065773,0.356661319732666,0.8759440779685974,0.24314351379871368,0.41648343205451965,0.9473506212234497,-0.20051707327365875,0.3753420412540436,0.9017243981361389,0.17659291625022888,0.4986167848110199,0.9505380392074585,-0.32062724232673645
romanian deadlift_500201.jpg,0.5513859391212463,0.24271589517593384,0.060267671942710876,0.5541190505027771,0.22447188198566437,0.07667123526334763,0.5526818633079529,0.2226848155260086,0.07657195627689362,0.5509259700775146,0.22066742181777954,0.07657121121883392,0.5545353293418884,0.2238471508026123,0.03433697670698166,0.5536137819290161,0.221758633852005,0.03433842211961746,0.5523896813392639,0.21963582932949066,0.03426823392510414,0.5338565707206726,0.20697163045406342,0.14462193846702576,0.5366764664649963,0.20847906172275543,-0.044296376407146454,0.5373564958572388,0.24792174994945526,0.09040772914886475,0.5373363494873047,0.2472052276134491,0.03519374877214432,0.46165931224823,0.24318715929985046,0.27525508403778076,0.5004827976226807,0.2483517974615097,-0.1831570565700531,0.4272470474243164,0.38108202815055847,0.30502960085868835,0.48999103903770447,0.40892279148101807,-0.22969332337379456,0.4323790967464447,0.46325013041496277,0.2698998749256134,0.4859029948711395,0.5610271692276001,-0.18099333345890045,0.42811670899391174,0.4827940762042999,0.2884058654308319,0.48386499285697937,0.5925549864768982,-0.20952250063419342,0.4357915222644806,0.4739304780960083,0.2576906979084015,0.48586729168891907,0.6026232838630676,-0.1899907886981964,0.43956664204597473,0.4652557373046875,0.254523366689682,0.4849958121776581,0.5878251194953918,-0.17050085961818695,0.37849676609039307,0.4737086892127991,0.14578652381896973,0.4116351306438446,0.47426193952560425,-0.1459168940782547,0.37963613867759705,0.6957599520683289,0.11834137886762619,0.43243029713630676,0.7063455581665039,-0.1683339774608612,0.37245064973831177,0.9130170941352844,0.16926784813404083,0.4254538118839264,0.9628105759620667,-0.21997001767158508,0.3653048872947693,0.9472784399986267,0.16729111969470978,0.41413575410842896,1.013648509979248,-0.2301458865404129,0.41150638461112976,0.9500260353088379,0.10052760690450668,0.4998970925807953,1.025302767753601,-0.330718457698822
romanian deadlift_500211.jpg,0.5606132745742798,0.3688986599445343,0.012583454139530659,0.5681374073028564,0.3503495156764984,0.030448108911514282,0.5675660371780396,0.34905654191970825,0.03030400350689888,0.5668312311172485,0.34751075506210327,0.030199281871318817,0.5684890747070312,0.3474976122379303,-0.013102532364428043,0.5680789947509766,0.34446918964385986,-0.01310275960713625,0.5674927830696106,0.34140121936798096,-0.013217270374298096,0.5569409728050232,0.3285450339317322,0.10447218269109726,0.5587651133537292,0.32487723231315613,-0.09176519513130188,0.5496057271957397,0.37197965383529663,0.04586551710963249,0.5506616234779358,0.367984801530838,-0.01173440832644701,0.47561007738113403,0.35234811902046204,0.2624761760234833,0.5126703977584839,0.3375053405761719,-0.22242553532123566,0.43830975890159607,0.5043399930000305,0.2998443841934204,0.49207231402397156,0.4884152412414551,-0.27147361636161804,0.44637030363082886,0.6416901350021362,0.22402159869670868,0.48663413524627686,0.6494001150131226,-0.24222394824028015,0.44890865683555603,0.6687431931495667,0.23090577125549316,0.484246164560318,0.6867360472679138,-0.27655506134033203,0.4526000916957855,0.688309371471405,0.2001909464597702,0.48646292090415955,0.6978117823600769,-0.2526780962944031,0.4584752023220062,0.6701319813728333,0.20843425393104553,0.48526906967163086,0.6850579380989075,-0.23134218156337738,0.37956273555755615,0.5497198104858398,0.1492447704076767,0.40469229221343994,0.5481980443000793,-0.1491728574037552,0.41978296637535095,0.7338231205940247,0.15829835832118988,0.44151222705841064,0.7335940003395081,-0.16655057668685913,0.3968281149864197,0.9279909133911133,0.28482529520988464,0.42618244886398315,0.96793532371521,-0.21258141100406647,0.37959375977516174,0.956638514995575,0.2923896610736847,0.4094214141368866,1.026268482208252,-0.21937702596187592,0.4310099184513092,0.9683717489242554,0.2458043247461319,0.49805116653442383,1.045776605606079,-0.28760427236557007
romanian deadlift_500221.jpg,0.5620861053466797,0.4456556439399719,-0.10404049605131149,0.5741029381752014,0.4270652234554291,-0.09570178389549255,0.5741646885871887,0.4248373806476593,-0.09580068290233612,0.5741104483604431,0.4222854971885681,-0.09587093442678452,0.574410080909729,0.4242365062236786,-0.13715209066867828,0.5745202898979187,0.42027565836906433,-0.13719585537910461,0.5743768215179443,0.41631850600242615,-0.13730721175670624,0.5672470331192017,0.3973892331123352,-0.04191827028989792,0.5678815841674805,0.3953970968723297,-0.22859492897987366,0.5514230132102966,0.44457241892814636,-0.07501018792390823,0.5518380999565125,0.44044023752212524,-0.12990479171276093,0.48745882511138916,0.4049427807331085,0.10582564771175385,0.5170506238937378,0.40067946910858154,-0.3322187066078186,0.4518650472164154,0.564232349395752,0.14046220481395721,0.4983702600002289,0.5623795390129089,-0.3710717558860779,0.4614909887313843,0.7156151533126831,0.1094653531908989,0.4895380735397339,0.7206323146820068,-0.3357146978378296,0.4610443413257599,0.7520914077758789,0.12855805456638336,0.48423975706100464,0.7655379176139832,-0.3792569041252136,0.46139973402023315,0.7582844495773315,0.0876765325665474,0.4867326319217682,0.773961067199707,-0.3500578999519348,0.4636710286140442,0.7423156499862671,0.09134744107723236,0.4854159653186798,0.7591006755828857,-0.3241254985332489,0.3806634247303009,0.5820411443710327,0.14853650331497192,0.39966151118278503,0.5869359970092773,-0.148368701338768,0.43190139532089233,0.7222927808761597,0.20072703063488007,0.4485895037651062,0.7565618753433228,-0.11614646017551422,0.3921670615673065,0.8813775777816772,0.3728931248188019,0.42733973264694214,0.9517669677734375,-0.005820996128022671,0.37642714381217957,0.9143094420433044,0.3881831467151642,0.4105423390865326,0.9842543005943298,0.0049037029966712,0.4016050100326538,0.9085054993629456,0.3709678053855896,0.4838113486766815,1.0130643844604492,-0.039323821663856506
romanian deadlift_500231.jpg,0.5679086446762085,0.38797658681869507,0.0712362751364708,0.576268196105957,0.3719945251941681,0.08305896073579788,0.5753160119056702,0.370180606842041,0.08293261379003525,0.5742341876029968,0.3681213855743408,0.08281259983778,0.5776142477989197,0.37155887484550476,0.04533293470740318,0.5775590538978577,0.369555801153183,0.045333098620176315,0.5773249268531799,0.36737489700317383,0.04525424540042877,0.5631567239761353,0.34991493821144104,0.12171728163957596,0.5666187405586243,0.34945937991142273,-0.04705580696463585,0.5548597574234009,0.3889733552932739,0.09063489735126495,0.556291937828064,0.38808223605155945,0.04099172726273537,0.4807870090007782,0.3618704378604889,0.22070498764514923,0.5233727693557739,0.36822348833084106,-0.18418680131435394,0.4421907961368561,0.5018491744995117,0.22301878035068512,0.5011230111122131,0.5243822932243347,-0.20702745020389557,0.45458778738975525,0.6427956819534302,0.1724601835012436,0.490755170583725,0.6679382920265198,-0.14134784042835236,0.4578385353088379,0.6768021583557129,0.18372704088687897,0.484782338142395,0.7015315890312195,-0.16994231939315796,0.4598383605480194,0.6838156580924988,0.15176254510879517,0.48843464255332947,0.7120847702026367,-0.15516012907028198,0.45886558294296265,0.6703392267227173,0.1563546508550644,0.4870818853378296,0.6977848410606384,-0.13403798639774323,0.35608550906181335,0.5536283850669861,0.1456836611032486,0.38891908526420593,0.5586980581283569,-0.1454567015171051,0.4423404335975647,0.6554391384124756,0.22006914019584656,0.4517867863178253,0.7506923079490662,-0.10546360909938812,0.39287900924682617,0.7563854455947876,0.3720211088657379,0.42821499705314636,0.9523997902870178,-0.034691307693719864,0.37723472714424133,0.7655639052391052,0.3843327760696411,0.41138598322868347,0.9943019151687622,-0.028138935565948486,0.4051169753074646,0.7986878156661987,0.37398120760917664,0.48776325583457947,1.0231757164001465,-0.08791060745716095
romanian deadlift_500241.jpg,0.5606728792190552,0.22586806118488312,0.06470255553722382,0.5643213391304016,0.2032434195280075,0.08155272156000137,0.5633466243743896,0.20156294107437134,0.08144152909517288,0.5622737407684326,0.19967761635780334,0.08134301006793976,0.5652017593383789,0.20333075523376465,0.03746623173356056,0.5649073719978333,0.20178695023059845,0.03740600124001503,0.5645492076873779,0.19992226362228394,0.03725266829133034,0.5538367629051208,0.19371990859508514,0.15157052874565125,0.5594388842582703,0.19373342394828796,-0.04595072194933891,0.5495638251304626,0.23597265779972076,0.09502731263637543,0.5497710108757019,0.2344934642314911,0.03763110935688019,0.47935405373573303,0.2663354277610779,0.28935712575912476,0.5181760191917419,0.2663128674030304,-0.19393132627010345,0.4413967430591583,0.4066571593284607,0.31401318311691284,0.5006031394004822,0.4232770800590515,-0.23138372600078583,0.44700491428375244,0.5307175517082214,0.2406112402677536,0.4906238913536072,0.5756487846374512,-0.17042209208011627,0.44434821605682373,0.5591406226158142,0.24734783172607422,0.48470407724380493,0.6027753949165344,-0.1996922343969345,0.44558775424957275,0.5614259839057922,0.2170092612504959,0.4884176552295685,0.6100033521652222,-0.17713434994220734,0.44646328687667847,0.5505996346473694,0.22328314185142517,0.48715320229530334,0.5987340211868286,-0.15874722599983215,0.3639659881591797,0.4806774854660034,0.14939060807228088,0.3888378441333771,0.4831535816192627,-0.14924339950084686,0.4188199043273926,0.6616938710212708,0.1846684366464615,0.4284191429615021,0.7290557622909546,-0.11258359998464584,0.39485064148902893,0.8502097129821777,0.2655200958251953,0.4219989478588104,0.9445511102676392,-0.06074227765202522,0.377408891916275,0.8843721151351929,0.2693463861942291,0.4043380618095398,0.9812166094779968,-0.058515045791864395,0.430425763130188,0.9194235801696777,0.21037906408309937,0.4891137480735779,1.0094008445739746,-0.12396787106990814
romanian deadlift_600001.jpg,0.5656288266181946,0.04950175806879997,-0.11847727000713348,0.5624021291732788,0.03646860271692276,-0.09647870808839798,0.5616530179977417,0.03643425181508064,-0.09654533118009567,0.5609151721000671,0.036187607795000076,-0.09655072540044785,0.5619195103645325,0.035885319113731384,-0.1437312513589859,0.5607814788818359,0.03588442876935005,-0.14380429685115814,0.5597326755523682,0.03591359034180641,-0.1439650058746338,0.5509859919548035,0.03368491679430008,0.00809403881430626,0.5518823266029358,0.03707818314433098,-0.20355375111103058,0.563853919506073,0.05833789333701134,-0.07699691504240036,0.5621405243873596,0.0587225966155529,-0.13804152607917786,0.525119960308075,0.13120533525943756,0.17794634401798248,0.5301637053489685,0.142180934548378,-0.3368372619152069,0.5169101357460022,0.30164259672164917,0.2327381819486618,0.49903300404548645,0.2923867404460907,-0.39329394698143005,0.524918794631958,0.4549684226512909,0.13884063065052032,0.50685715675354,0.4673066735267639,-0.34059634804725647,0.5230913758277893,0.49016883969306946,0.13903355598449707,0.5008769631385803,0.4991614818572998,-0.38706162571907043,0.5266532301902771,0.49380365014076233,0.09567137807607651,0.5080267190933228,0.5041331648826599,-0.3693859875202179,0.5303713083267212,0.48143717646598816,0.11524108797311783,0.5106543302536011,0.4939720928668976,-0.33264514803886414,0.43904879689216614,0.3963377773761749,0.16312140226364136,0.42087289690971375,0.4071044623851776,-0.16300810873508453,0.5321703553199768,0.5562958717346191,0.2365739941596985,0.5364190340042114,0.6060240268707275,-0.13322193920612335,0.5388925075531006,0.7791185975074768,0.40409719944000244,0.5148426294326782,0.8420988321304321,0.01214655302464962,0.5234609246253967,0.8034713864326477,0.4166148602962494,0.4954969584941864,0.8650847673416138,0.02687612920999527,0.5842265486717224,0.843943178653717,0.36416786909103394,0.5701377391815186,0.875012993812561,-0.051430199295282364
romanian deadlift_600011.jpg,0.6013560891151428,0.03847629576921463,-0.45040658116340637,0.599816620349884,0.023292897269129753,-0.41789087653160095,0.6002938151359558,0.023924652487039566,-0.4179287850856781,0.6007297039031982,0.02418813481926918,-0.4180523157119751,0.594337522983551,0.019776659086346626,-0.4503067135810852,0.5906957387924194,0.018070144578814507,-0.45041602849960327,0.5868019461631775,0.016299933195114136,-0.4504830539226532,0.5877929329872131,0.026786940172314644,-0.25829213857650757,0.569102942943573,0.019390515983104706,-0.40176835656166077,0.5973514318466187,0.055672258138656616,-0.3886687457561493,0.5896116495132446,0.05242534726858139,-0.43011054396629333,0.5809112191200256,0.1463097184896469,-0.04625141620635986,0.5369657874107361,0.13885952532291412,-0.4570498466491699,0.5447188019752502,0.304468035697937,0.03392866998910904,0.5061138272285461,0.3155558109283447,-0.4764705300331116,0.5395424962043762,0.45751142501831055,-0.012126499786973,0.518372118473053,0.47612521052360535,-0.42007026076316833,0.5413480997085571,0.49394574761390686,-0.016410134732723236,0.5119556784629822,0.5158421993255615,-0.4610857367515564,0.5429642200469971,0.4971880614757538,-0.05528544634580612,0.5197232365608215,0.515068531036377,-0.4571313261985779,0.5446673631668091,0.48285314440727234,-0.031338658183813095,0.5237268209457397,0.503193736076355,-0.41747578978538513,0.4844696819782257,0.37452489137649536,0.14046043157577515,0.4478481411933899,0.3891475796699524,-0.14060063660144806,0.553829550743103,0.5571146607398987,0.17030858993530273,0.5413274765014648,0.5814410448074341,-0.09694956988096237,0.5312744379043579,0.7483604550361633,0.38137057423591614,0.5257273316383362,0.7871695756912231,0.13938434422016144,0.5167260766029358,0.7836819887161255,0.39833909273147583,0.5111066102981567,0.8107970952987671,0.16224250197410583,0.57643061876297,0.8233054280281067,0.352597713470459,0.5743683576583862,0.8432468175888062,0.1120254173874855
romanian deadlift_600021.jpg,0.6531862616539001,0.32612353563308716,-0.3269176781177521,0.6625307202339172,0.3094694912433624,-0.31524959206581116,0.6629205346107483,0.3085952401161194,-0.31531256437301636,0.6632411479949951,0.3074725270271301,-0.3154483735561371,0.6597966551780701,0.3062859773635864,-0.3497179448604584,0.6579705476760864,0.3029841184616089,-0.34987151622772217,0.6557537913322449,0.29898279905319214,-0.34999021887779236,0.6491115689277649,0.29053568840026855,-0.23144854605197906,0.6381537914276123,0.27834373712539673,-0.38603588938713074,0.64139723777771,0.33333927392959595,-0.2876656949520111,0.6375495791435242,0.3291783034801483,-0.33324798941612244,0.6171597242355347,0.33362603187561035,-0.09070849418640137,0.5544391870498657,0.33882007002830505,-0.40982505679130554,0.5952968597412109,0.45836830139160156,0.004994983784854412,0.5231471061706543,0.4980054497718811,-0.4099231958389282,0.5797234773635864,0.574015200138092,-0.00930794794112444,0.5222650766372681,0.6330932378768921,-0.36708828806877136,0.5724338293075562,0.6060012578964233,-0.007252184674143791,0.5168406367301941,0.6701047420501709,-0.40660905838012695,0.5699015855789185,0.6037208437919617,-0.042274344712495804,0.5242220759391785,0.6672312617301941,-0.408014714717865,0.5696209669113159,0.5941001176834106,-0.023220591247081757,0.5278876423835754,0.6521746516227722,-0.36637842655181885,0.5202334523200989,0.48613637685775757,0.10127923637628555,0.466638445854187,0.4926183819770813,-0.10133760422468185,0.5679494738578796,0.6079241633415222,0.15258528292179108,0.5245850682258606,0.6185556054115295,-0.07444337010383606,0.5489479899406433,0.7678700089454651,0.31011709570884705,0.524652361869812,0.8118295669555664,0.11112722009420395,0.5313093662261963,0.7939127683639526,0.3248051106929779,0.5099921226501465,0.8219997882843018,0.12774081528186798,0.5843983292579651,0.8271431922912598,0.325288861989975,0.5709473490715027,0.8450385332107544,0.09091188758611679
romanian deadlift_600031.jpg,0.6484997272491455,0.4796883463859558,-0.22184881567955017,0.6591354608535767,0.4692286252975464,-0.21341656148433685,0.6589984893798828,0.46777015924453735,-0.21347418427467346,0.6587294936180115,0.4659569561481476,-0.21357879042625427,0.6584700345993042,0.467062771320343,-0.2510717511177063,0.6578528881072998,0.4642975330352783,-0.2511768937110901,0.6571484208106995,0.4613057076931,-0.25122183561325073,0.6492233872413635,0.43945083022117615,-0.1629490703344345,0.6473155617713928,0.4366909861564636,-0.33325132727622986,0.6348878145217896,0.4760969877243042,-0.1947435587644577,0.6340170502662659,0.4734340310096741,-0.24453657865524292,0.6044682264328003,0.4411967694759369,-0.05365316942334175,0.5579152703285217,0.4495045840740204,-0.38291773200035095,0.5720598101615906,0.5738505721092224,0.03229837119579315,0.5254230499267578,0.6058709621429443,-0.38364341855049133,0.573971152305603,0.668927013874054,0.030088987201452255,0.517890989780426,0.7376972436904907,-0.31179744005203247,0.5691878199577332,0.6991642713546753,0.030402490869164467,0.5127220749855042,0.7766047120094299,-0.34927308559417725,0.5677042603492737,0.697347104549408,-0.005474918521940708,0.5192484259605408,0.7759948968887329,-0.3894745707511902,0.5656164288520813,0.6899518966674805,0.014264276251196861,0.5219470858573914,0.7620201706886292,-0.32721737027168274,0.5071105360984802,0.5413980484008789,0.10363788157701492,0.46885427832603455,0.567042350769043,-0.10357096046209335,0.604053258895874,0.5978823304176331,0.12191618978977203,0.5800453424453735,0.6533234715461731,-0.15169672667980194,0.5677294135093689,0.7785040140151978,0.20151971280574799,0.5312878489494324,0.8095194697380066,0.06309102475643158,0.5462320446968079,0.7966893315315247,0.20810681581497192,0.5154595375061035,0.803695023059845,0.08708714693784714,0.5956518650054932,0.8293794393539429,0.2106674164533615,0.5616247653961182,0.8748528957366943,0.11715757846832275
romanian deadlift_600041.jpg,0.6617233157157898,0.18817287683486938,-0.3353841006755829,0.6618067026138306,0.1721268594264984,-0.3170361816883087,0.6615382432937622,0.17196986079216003,-0.3171200454235077,0.661306619644165,0.1715814173221588,-0.31728312373161316,0.6582111716270447,0.16847333312034607,-0.35534483194351196,0.6552503108978271,0.16551540791988373,-0.35539892315864563,0.652119517326355,0.16190442442893982,-0.3554479777812958,0.6465538740158081,0.16242091357707977,-0.21376651525497437,0.6336596012115479,0.1533662974834442,-0.3856815695762634,0.651345431804657,0.2026575356721878,-0.29207083582878113,0.6453058123588562,0.1997269243001938,-0.34200987219810486,0.6162636876106262,0.265406996011734,-0.06080807372927666,0.5659885406494141,0.251554012298584,-0.43029075860977173,0.5890517830848694,0.40526634454727173,0.032209888100624084,0.5299808382987976,0.42496272921562195,-0.4368075430393219,0.5793504118919373,0.5123609900474548,0.0027991344686597586,0.5261566042900085,0.5647403597831726,-0.40420201420783997,0.57398521900177,0.5397651791572571,-0.0015367318410426378,0.5178199410438538,0.6005637049674988,-0.4464947581291199,0.5739637613296509,0.5391758680343628,-0.035989925265312195,0.5272958874702454,0.6030793786048889,-0.44912827014923096,0.5723980665206909,0.5295349955558777,-0.013476300984621048,0.5318835973739624,0.5851929783821106,-0.4049510359764099,0.515730082988739,0.428072065114975,0.11028265208005905,0.47995221614837646,0.42856237292289734,-0.11028244346380234,0.5582910776138306,0.5987873077392578,0.1424439400434494,0.5447437763214111,0.6226414442062378,-0.09996737539768219,0.5476427674293518,0.7607273459434509,0.3557615876197815,0.5345808267593384,0.7919880151748657,0.11740755289793015,0.5334720015525818,0.7879016399383545,0.3744664192199707,0.5201170444488525,0.8109598159790039,0.13766686618328094,0.5863524675369263,0.8220044374465942,0.3194134831428528,0.5841617584228516,0.8381933569908142,0.07287928462028503
romanian deadlift_600051.jpg,,,,,,,,,,,,,,,,,,,,,,,,,,,,,,,,,,,,,,,,,,,,,,,,,,,,,,,,,,,,,,,,,,,,,,,,,,,,,,,,,,,,,,,,,,,,,,,,,,,
romanian deadlift_600061.jpg,0.6155967116355896,0.0351678729057312,-0.4162747263908386,0.6132936477661133,0.018463164567947388,-0.3890846073627472,0.6136451959609985,0.018403559923171997,-0.38910216093063354,0.6137996315956116,0.018259048461914062,-0.3891289532184601,0.6068609952926636,0.01691591739654541,-0.4295802414417267,0.6021581292152405,0.01532602310180664,-0.4296374022960663,0.5965785980224609,0.013352751731872559,-0.4297076165676117,0.5967906713485718,0.020555853843688965,-0.24217946827411652,0.575865626335144,0.01551321055740118,-0.4243485629558563,0.6102033257484436,0.05318862199783325,-0.3576965928077698,0.6027496457099915,0.0515056811273098,-0.4102371633052826,0.5757935643196106,0.1366870403289795,-0.05327481031417847,0.5277575254440308,0.13771021366119385,-0.4867640435695648,0.5699266791343689,0.30500856041908264,0.014061748050153255,0.5239788889884949,0.32585129141807556,-0.5359371900558472,0.5780057907104492,0.4341869056224823,-0.04337684437632561,0.5370864868164062,0.49036461114883423,-0.5299274921417236,0.5913280248641968,0.4815059304237366,-0.05769883468747139,0.5314021110534668,0.5290494561195374,-0.5822703242301941,0.5884774923324585,0.4816354215145111,-0.08887554705142975,0.5430558919906616,0.530092179775238,-0.5913794636726379,0.5829928517341614,0.46707481145858765,-0.061990126967430115,0.5441526174545288,0.5179985761642456,-0.5340331792831421,0.5450281500816345,0.4093128740787506,0.12590527534484863,0.5110760927200317,0.4150742292404175,-0.1261647343635559,0.5514925122261047,0.6000768542289734,0.25080588459968567,0.5185226202011108,0.6075897216796875,-0.005268004722893238,0.5048263072967529,0.7265979051589966,0.5006440281867981,0.4576156437397003,0.7591521143913269,0.2429438680410385,0.48632869124412537,0.7444559931755066,0.520034909248352,0.4357215166091919,0.7793741822242737,0.2616097927093506,0.5402193665504456,0.7882468104362488,0.44467252492904663,0.5012990832328796,0.824393630027771,0.13901787996292114
romanian deadlift_600071.jpg,0.6605727672576904,0.3392038345336914,-0.24435928463935852,0.6701053380966187,0.3219665288925171,-0.23212651908397675,0.6701793074607849,0.32106953859329224,-0.23210972547531128,0.6700173020362854,0.3198486566543579,-0.23205091059207916,0.6676599979400635,0.3185026943683624,-0.2810480296611786,0.6661454439163208,0.3151232898235321,-0.281229704618454,0.6644188761711121,0.311483234167099,-0.28142160177230835,0.6522901654243469,0.29630061984062195,-0.1572466492652893,0.6477130055427551,0.2901417016983032,-0.38060620427131653,0.6481663584709167,0.3444623053073883,-0.20902833342552185,0.644088864326477,0.3418234586715698,-0.2739793658256531,0.5942079424858093,0.32374513149261475,-0.0035682145971804857,0.5588709115982056,0.3354526460170746,-0.4565850794315338,0.5754135847091675,0.47242653369903564,0.08066919445991516,0.5279172658920288,0.5060334801673889,-0.4905022978782654,0.57916659116745,0.5883486270904541,0.08698780089616776,0.5314876437187195,0.6505517959594727,-0.4449661672115326,0.5846160650253296,0.625988245010376,0.1020587608218193,0.5222100019454956,0.702129065990448,-0.48747187852859497,0.5851187109947205,0.6264097690582275,0.07047335058450699,0.5313810110092163,0.6979837417602539,-0.4808598458766937,0.5804820656776428,0.6141357421875,0.07338153570890427,0.5361377596855164,0.6795616745948792,-0.44229593873023987,0.5483099818229675,0.5324162244796753,0.14338961243629456,0.5156016945838928,0.5586140155792236,-0.14368003606796265,0.5741161704063416,0.5080817341804504,0.33763712644577026,0.6187263131141663,0.5495728254318237,-0.056191571056842804,0.5472608804702759,0.6569883227348328,0.4461822807788849,0.5413473844528198,0.6814384460449219,0.11779774725437164,0.5291458368301392,0.6786209344863892,0.454059898853302,0.5031121373176575,0.6944752335548401,0.13690266013145447,0.5803549885749817,0.7069127559661865,0.4457300305366516,0.586797297000885,0.7335559129714966,0.13398347795009613
romanian deadlift_600081.jpg,0.6504697203636169,0.45813992619514465,-0.24963216483592987,0.6633666157722473,0.4422329068183899,-0.2433152198791504,0.6636995077133179,0.44038259983062744,-0.24328695237636566,0.6639191508293152,0.43845367431640625,-0.24322707951068878,0.6622308492660522,0.4388772249221802,-0.2859768867492676,0.6617481112480164,0.43472930788993835,-0.286150187253952,0.6611234545707703,0.4305252432823181,-0.28627344965934753,0.6521243453025818,0.4094644784927368,-0.1795094907283783,0.6496830582618713,0.40346845984458923,-0.37901660799980164,0.6383255124092102,0.4538135230541229,-0.2172580361366272,0.6351606845855713,0.4520702064037323,-0.2744636535644531,0.5973269939422607,0.41131922602653503,-0.032847899943590164,0.5645821690559387,0.4220932722091675,-0.4271106421947479,0.571485698223114,0.5565773248672485,0.05681883171200752,0.5312246084213257,0.5779590606689453,-0.4505712389945984,0.5788269639015198,0.6588813066482544,0.049539245665073395,0.5301117300987244,0.7247049808502197,-0.42615893483161926,0.5800473690032959,0.6899121999740601,0.05933847278356552,0.5220984816551208,0.7692170739173889,-0.46789345145225525,0.5792452692985535,0.6880139708518982,0.02679084613919258,0.5295511484146118,0.7615662217140198,-0.45744818449020386,0.5778557658195496,0.6768155694007874,0.036238618195056915,0.5337302684783936,0.7416425943374634,-0.4222693145275116,0.5337965488433838,0.5980104804039001,0.1338135153055191,0.515540599822998,0.6309344172477722,-0.1341545581817627,0.5559536218643188,0.5527227520942688,0.3471580445766449,0.581589937210083,0.6133966445922852,0.018195008859038353,0.5418006181716919,0.7235521674156189,0.4353708326816559,0.5302894711494446,0.7516108751296997,0.1515246033668518,0.5288125872612,0.7348672747612,0.44413843750953674,0.5017688870429993,0.7539214491844177,0.16663889586925507,0.571476399898529,0.8031473159790039,0.44608408212661743,0.5695808529853821,0.822117805480957,0.15265291929244995
romanian deadlift_700001.jpg,0.49941012263298035,0.3284818232059479,-0.8097807765007019,0.5059096813201904,0.31382256746292114,-0.8263829350471497,0.5110654830932617,0.31236255168914795,-0.8263677358627319,0.5170964002609253,0.3084544241428375,-0.826630175113678,0.4921300709247589,0.3135426342487335,-0.7977966070175171,0.4874359667301178,0.3107973039150238,-0.7978139519691467,0.4840446710586548,0.30816882848739624,-0.7978038191795349,0.5364887118339539,0.2855176627635956,-0.7737779021263123,0.4932749569416046,0.2868589758872986,-0.6374123692512512,0.5132301449775696,0.33144083619117737,-0.7771580815315247,0.4990215301513672,0.3321290612220764,-0.7380501627922058,0.6254166960716248,0.3305648863315582,-0.631274938583374,0.5080394148826599,0.30348071455955505,-0.43446430563926697,0.6679590940475464,0.4806995689868927,-0.6274862289428711,0.5044935345649719,0.5033955574035645,-0.29773345589637756,0.665756106376648,0.6621353626251221,-0.68112713098526,0.5031223893165588,0.7219383120536804,-0.2837262451648712,0.6768443584442139,0.7043130993843079,-0.7295368313789368,0.4892183542251587,0.6804717779159546,-0.2893456816673279,0.6603613495826721,0.7034795880317688,-0.7547847032546997,0.5011515021324158,0.7433933615684509,-0.3371211588382721,0.6561145782470703,0.6877603530883789,-0.6911513209342957,0.5090441703796387,0.7031316161155701,-0.302230566740036,0.5988653302192688,0.538898766040802,-0.03531799092888832,0.5265741944313049,0.47305843234062195,0.03555001690983772,0.6631520986557007,0.5604292154312134,-0.41689008474349976,0.5187283754348755,0.5771207809448242,-0.2927797734737396,0.6684314608573914,0.6877041459083557,-0.07330185920000076,0.5306763648986816,0.7560911178588867,0.017372222617268562,0.6548324823379517,0.7236316204071045,-0.046348270028829575,0.5368861556053162,0.7789464592933655,0.04357004910707474,0.6439622640609741,0.7998952865600586,-0.20881487429141998,0.49935686588287354,0.836551308631897,-0.11156944185495377
romanian deadlift_700011.jpg,0.6112070083618164,0.1534220427274704,-0.6405743360519409,0.6343165636062622,0.1440141201019287,-0.6172453761100769,0.6385185122489929,0.15496236085891724,-0.6173531413078308,0.6421305537223816,0.1564231514930725,-0.6175135970115662,0.6016288995742798,0.14068572223186493,-0.6145118474960327,0.6008838415145874,0.14034004509449005,-0.6145809292793274,0.5854586362838745,0.13708336651325226,-0.6147444248199463,0.6579641699790955,0.16508668661117554,-0.4476296603679657,0.6034109592437744,0.1370568722486496,-0.4557078182697296,0.6193508505821228,0.15994857251644135,-0.5712011456489563,0.602744460105896,0.15345734357833862,-0.5685441493988037,0.676734983921051,0.23661509156227112,-0.3234926164150238,0.5672890543937683,0.2088366597890854,-0.22765129804611206,0.6597795486450195,0.39856746792793274,-0.3234933614730835,0.5292388200759888,0.3197537660598755,-0.15550117194652557,0.6271907687187195,0.4488424062728882,-0.45491722226142883,0.509363055229187,0.4100989103317261,-0.28110355138778687,0.6647133231163025,0.4697720408439636,-0.5017271637916565,0.4997347593307495,0.4322828948497772,-0.3159828782081604,0.6526844501495361,0.4572831392288208,-0.5225647687911987,0.509791910648346,0.4309130012989044,-0.35833993554115295,0.6293560266494751,0.4482761323451996,-0.46490004658699036,0.5133146047592163,0.4235953092575073,-0.3007928431034088,0.6392701864242554,0.457103431224823,-0.02099345438182354,0.5751743912696838,0.42736104130744934,0.021049853414297104,0.6592061519622803,0.598463237285614,-0.25306132435798645,0.5404075384140015,0.5695658326148987,-0.2885596454143524,0.6569200754165649,0.7943918108940125,0.09332069754600525,0.5391162037849426,0.7666616439819336,0.007963938638567924,0.6493348479270935,0.8121460676193237,0.11815156787633896,0.5451202392578125,0.7952752113342285,0.029605859890580177,0.6380584239959717,0.8703081011772156,-0.0649164542555809,0.5012354254722595,0.8510807752609253,-0.16611818969249725
romanian deadlift_700021.jpg,0.6264755725860596,0.07675255089998245,0.17354226112365723,0.6321461796760559,0.0700831338763237,0.1416245847940445,0.6322919130325317,0.07008817791938782,0.14150303602218628,0.6359017491340637,0.06936409324407578,0.1414276659488678,0.6348505616188049,0.07370483875274658,0.14532940089702606,0.6390054225921631,0.07560685276985168,0.14535942673683167,0.6413050293922424,0.07727950066328049,0.14525140821933746,0.645206868648529,0.08259279280900955,0.03662293404340744,0.655217170715332,0.0834340900182724,0.052292488515377045,0.6244264841079712,0.0813930481672287,0.14529234170913696,0.6338555812835693,0.08513224124908447,0.14889998733997345,0.5909352898597717,0.1656314581632614,-0.02459736540913582,0.6753661036491394,0.18896086513996124,0.03130528703331947,0.5406936407089233,0.2920323610305786,-0.0464879535138607,0.6537668704986572,0.3068639039993286,-0.011661293916404247,0.5106934309005737,0.34692972898483276,-0.014508848078548908,0.6633828282356262,0.401355117559433,-0.05326545611023903,0.5022317171096802,0.35979950428009033,-0.042128078639507294,0.6684486865997314,0.425568163394928,-0.06665229052305222,0.5081733465194702,0.35347187519073486,-0.02820497192442417,0.6645771265029907,0.42064014077186584,-0.0644456073641777,0.5152528285980225,0.35208427906036377,-0.009746728464961052,0.656851589679718,0.40575799345970154,-0.05464360862970352,0.6129705905914307,0.40811648964881897,-0.01766599901020527,0.6482654809951782,0.41634777188301086,0.017158707603812218,0.5886133909225464,0.5892799496650696,-0.0322410985827446,0.6536707282066345,0.5742233991622925,0.06932221353054047,0.58160001039505,0.774513840675354,0.07393413037061691,0.6634953022003174,0.7421317100524902,0.27281564474105835,0.6007563471794128,0.7980613708496094,0.08309846371412277,0.6672870516777039,0.7556453347206116,0.2919316589832306,0.5218672156333923,0.8480944037437439,0.002739465096965432,0.6509311199188232,0.7926297783851624,0.22386527061462402
romanian deadlift_700031.jpg,0.6457446813583374,0.0067567043006420135,0.010598982684314251,0.6466435194015503,-0.0056798337027430534,-0.010816913098096848,0.6453750729560852,-0.006122324150055647,-0.010953191667795181,0.6447128653526306,-0.006656238809227943,-0.01100486982613802,0.65694260597229,-0.00289557664655149,-0.012142671272158623,0.658685564994812,-0.002140417229384184,-0.012205195613205433,0.6649525761604309,-0.01540763396769762,-0.012373224832117558,0.6406880021095276,-0.002117906231433153,-0.051610663533210754,0.6631165742874146,0.00521321315318346,-0.06045898422598839,0.64228755235672,0.017338257282972336,0.0048060636036098,0.6478192806243896,0.01903383806347847,0.0018482147715985775,0.5924291610717773,0.09798790514469147,-0.0830625593662262,0.681001603603363,0.11659295856952667,-0.007544106338173151,0.5474017262458801,0.2341272085905075,-0.06972156465053558,0.672393798828125,0.238626629114151,-0.01966208778321743,0.53263920545578,0.2993961274623871,-0.06897462904453278,0.6638573408126831,0.2659417390823364,-0.08399943262338638,0.5253554582595825,0.3197953999042511,-0.09611786901950836,0.6636220216751099,0.28377601504325867,-0.10282253473997116,0.5210027098655701,0.3296625018119812,-0.1003093421459198,0.6582003235816956,0.26516979932785034,-0.1112946942448616,0.5403560996055603,0.3015288710594177,-0.07214265316724777,0.6554675698280334,0.25682321190834045,-0.09114152938127518,0.6066080927848816,0.379117488861084,-0.026461491361260414,0.646148145198822,0.3883969187736511,0.02640583924949169,0.5838496685028076,0.567768931388855,-0.0501372292637825,0.6460259556770325,0.5756285786628723,0.0029445444233715534,0.5769656300544739,0.7672217488288879,0.1282060742378235,0.5780476331710815,0.761165201663971,0.16942891478538513,0.5767616629600525,0.8013113141059875,0.13835173845291138,0.6043815016746521,0.7859973311424255,0.17785769701004028,0.5222538709640503,0.8467903137207031,0.011896791867911816,0.5923131704330444,0.8317776918411255,0.035761669278144836
romanian deadlift_700041.jpg,0.5318045616149902,0.20126187801361084,-0.8643707633018494,0.535534679889679,0.18302509188652039,-0.8838872313499451,0.5410457849502563,0.18164309859275818,-0.883882462978363,0.546876072883606,0.18005655705928802,-0.8841099143028259,0.5235345363616943,0.1822291761636734,-0.8595846891403198,0.5202051401138306,0.18082724511623383,-0.8597111105918884,0.5174309015274048,0.17808285355567932,-0.859785795211792,0.56963711977005,0.16105221211910248,-0.8241177201271057,0.5218730568885803,0.15873338282108307,-0.7118820548057556,0.5478118658065796,0.21217913925647736,-0.8268219828605652,0.5359399318695068,0.2117210030555725,-0.7944912314414978,0.6604720950126648,0.22116334736347198,-0.652793824672699,0.5275371074676514,0.15901640057563782,-0.46121537685394287,0.6841408610343933,0.40593409538269043,-0.6314085721969604,0.53001868724823,0.30196356773376465,-0.1993219405412674,0.6821571588516235,0.5859500169754028,-0.7023693323135376,0.5390786528587341,0.4499608874320984,-0.07606377452611923,0.6909714341163635,0.621540904045105,-0.7477753758430481,0.5338624119758606,0.4724448025226593,-0.058038949966430664,0.6758553981781006,0.6296842098236084,-0.7751076221466064,0.5417347550392151,0.47874781489372253,-0.10506420582532883,0.6709418892860413,0.6133794784545898,-0.7133316397666931,0.5469618439674377,0.4729247987270355,-0.08849655836820602,0.6846961379051208,0.3433690667152405,-0.04154717177152634,0.6077829003334045,0.32962486147880554,0.04206698015332222,0.6619955897331238,0.5726622939109802,-0.24552808701992035,0.6154413223266602,0.5386925339698792,-0.2251770794391632,0.6804117560386658,0.8012654781341553,-0.009379596449434757,0.5609757900238037,0.7681592106819153,0.03312777727842331,0.6696590185165405,0.8229590654373169,0.002416342729702592,0.5714982748031616,0.7991652488708496,0.04992620646953583,0.655678391456604,0.8679524660110474,-0.18277804553508759,0.5361596941947937,0.8507327437400818,-0.1346147209405899
romanian deadlift_700051.jpg,0.5230950117111206,0.3227757215499878,-0.842504620552063,0.5288909077644348,0.30547788739204407,-0.8661354780197144,0.534913182258606,0.3029726445674896,-0.8661141991615295,0.5410415530204773,0.2999260723590851,-0.8663245439529419,0.5140215158462524,0.3054516613483429,-0.8419358730316162,0.5097981095314026,0.30310454964637756,-0.8419967889785767,0.5058304667472839,0.2999733090400696,-0.842025101184845,0.5608219504356384,0.27668607234954834,-0.8285184502601624,0.5079658031463623,0.268261581659317,-0.7173923850059509,0.5396044850349426,0.3239319622516632,-0.8126611709594727,0.5247423648834229,0.3261275589466095,-0.7803317308425903,0.6649381518363953,0.30918073654174805,-0.6515510082244873,0.5137889981269836,0.2560998797416687,-0.49837586283683777,0.6928806304931641,0.4735480546951294,-0.6234397888183594,0.5204282999038696,0.3883157968521118,-0.26261550188064575,0.6966288089752197,0.6409685015678406,-0.6515010595321655,0.5278018116950989,0.56441330909729,-0.20671316981315613,0.7030726075172424,0.6919564008712769,-0.6902874112129211,0.5186455249786377,0.5898928642272949,-0.2027764469385147,0.6882947683334351,0.6953602433204651,-0.7085062265396118,0.5294855237007141,0.5976211428642273,-0.24209651350975037,0.6851614713668823,0.6755854487419128,-0.6583201289176941,0.5347225069999695,0.5878775715827942,-0.2184150665998459,0.6913850903511047,0.353982537984848,-0.037993259727954865,0.5977715849876404,0.33306097984313965,0.03855878487229347,0.6663389801979065,0.571239709854126,-0.26096612215042114,0.6093232035636902,0.5347757339477539,-0.2241971343755722,0.6740522980690002,0.7787076234817505,-0.054576657712459564,0.5607763528823853,0.7754209041595459,-0.004240846261382103,0.676508903503418,0.8014615178108215,-0.04405628889799118,0.5709123015403748,0.8093839287757874,0.010048341937363148,0.6585677266120911,0.848530650138855,-0.21923798322677612,0.5197017788887024,0.8581884503364563,-0.1672167330980301
romanian deadlift_700061.jpg,0.636824905872345,0.011453763581812382,-0.11427419632673264,0.6311208605766296,-0.004441168159246445,-0.13959132134914398,0.6278941035270691,-0.004679873585700989,-0.13964594900608063,0.6246740818023682,-0.004778650589287281,-0.1396900862455368,0.6414667367935181,-0.003843682585284114,-0.13192148506641388,0.6447593569755554,-0.0036135215777903795,-0.13194407522678375,0.6481481194496155,-0.003229218302294612,-0.132118359208107,0.6175537705421448,0.0074233440682291985,-0.19783082604408264,0.6527466177940369,0.010653258301317692,-0.1641872227191925,0.6320778131484985,0.02768203429877758,-0.12327994406223297,0.6406797170639038,0.02780921943485737,-0.11406072974205017,0.5962180495262146,0.10264786332845688,-0.20055440068244934,0.6947891116142273,0.11005017906427383,-0.10143136233091354,0.5504778027534485,0.22830621898174286,-0.2085215151309967,0.693612813949585,0.25614485144615173,-0.045694418251514435,0.5362476706504822,0.3718712329864502,-0.18212075531482697,0.6983249187469482,0.3806503415107727,0.0016953059239313006,0.5283044576644897,0.41310879588127136,-0.20207342505455017,0.7075348496437073,0.4150497019290924,0.006272921804338694,0.5313330292701721,0.4151288866996765,-0.19511573016643524,0.6983867287635803,0.4128189980983734,-0.00955230463296175,0.536410391330719,0.4046436846256256,-0.179411843419075,0.6898952722549438,0.4013873338699341,-0.0026717085856944323,0.6493486166000366,0.35399407148361206,-0.0264247115701437,0.6736887097358704,0.35023972392082214,0.02631625346839428,0.6131336092948914,0.569494366645813,-0.102634496986866,0.6863443851470947,0.5743398070335388,-0.041394736617803574,0.5903550386428833,0.7770227193832397,0.009440549649298191,0.6843775510787964,0.8148093223571777,0.05360991880297661,0.6145325303077698,0.8145197629928589,0.011987674981355667,0.6713677048683167,0.8466053605079651,0.05866535007953644,0.5394430160522461,0.8471269607543945,-0.11136338114738464,0.6702921390533447,0.861328661441803,-0.07971931993961334
romanian deadlift_700321.jpg,0.5372835993766785,0.05777164176106453,-0.47747376561164856,0.5443182587623596,0.037671517580747604,-0.4510714113712311,0.5478782057762146,0.03749978169798851,-0.4510023891925812,0.5520695447921753,0.03724750503897667,-0.4508671760559082,0.5305845737457275,0.03908460959792137,-0.44794246554374695,0.525534451007843,0.039714325219392776,-0.44795629382133484,0.5208944082260132,0.04023006185889244,-0.44791004061698914,0.5602249503135681,0.046752676367759705,-0.3136277198791504,0.5152839422225952,0.050773248076438904,-0.3237804174423218,0.5470536351203918,0.0774906575679779,-0.41565147042274475,0.529310405254364,0.077354297041893,-0.4129207730293274,0.5996074676513672,0.14562034606933594,-0.23314924538135529,0.4731465280056,0.12319476157426834,-0.21854935586452484,0.5932860970497131,0.25304844975471497,-0.16602587699890137,0.4611729681491852,0.30526265501976013,-0.13244952261447906,0.6017386317253113,0.42446088790893555,-0.22747300565242767,0.455812007188797,0.4230938255786896,-0.15189416706562042,0.6101027727127075,0.48483166098594666,-0.24987658858299255,0.4515022933483124,0.4908682405948639,-0.09212283790111542,0.59805828332901,0.4804403483867645,-0.26198747754096985,0.45633262395858765,0.4895855784416199,-0.2058168202638626,0.5902916193008423,0.4803646504878998,-0.23101677000522614,0.4599161148071289,0.4755735695362091,-0.11527812480926514,0.5840384364128113,0.4611949622631073,-0.012238133698701859,0.5050901174545288,0.46108174324035645,0.012070939876139164,0.5766975283622742,0.6759737133979797,0.023851923644542694,0.5097909569740295,0.6669021844863892,0.033915042877197266,0.5869611501693726,0.8786799907684326,0.20910915732383728,0.5045837163925171,0.8834923505783081,0.21435467898845673,0.6023629307746887,0.9029318690299988,0.21432064473628998,0.5074713826179504,0.9037088751792908,0.22189703583717346,0.5423383712768555,0.9368983507156372,-0.0645320862531662,0.4970119893550873,0.945638120174408,0.047122593969106674
romanian deadlift_700331.jpg,0.526016891002655,0.08320705592632294,-0.5714505314826965,0.5335803627967834,0.06037556380033493,-0.5528318881988525,0.5383034348487854,0.059805404394865036,-0.5527502298355103,0.5431179404258728,0.05934062600135803,-0.5526405572891235,0.518561601638794,0.06176536902785301,-0.5512316226959229,0.5129750967025757,0.06203056871891022,-0.5513120293617249,0.5069664120674133,0.06223205849528313,-0.551299512386322,0.5517576336860657,0.06751833111047745,-0.3969630002975464,0.5021024942398071,0.07138515263795853,-0.3896741569042206,0.535136342048645,0.10242820531129837,-0.5137676000595093,0.5174895524978638,0.10247209668159485,-0.5131875276565552,0.6010829210281372,0.1474801003932953,-0.28749701380729675,0.4548760950565338,0.17909005284309387,-0.2664017081260681,0.6049880981445312,0.31196948885917664,-0.1920987069606781,0.44488725066185,0.3640221059322357,-0.19498582184314728,0.6170740127563477,0.499393492937088,-0.2845204770565033,0.4369088411331177,0.5050118565559387,-0.28216224908828735,0.6279727816581726,0.5456216931343079,-0.3190709352493286,0.43224918842315674,0.5498454570770264,-0.3080463707447052,0.6185193657875061,0.5443952083587646,-0.3624345362186432,0.4370250999927521,0.5505707859992981,-0.36482134461402893,0.6100375056266785,0.5307115316390991,-0.3022676408290863,0.4417855441570282,0.5372633337974548,-0.29841792583465576,0.5758935809135437,0.480446994304657,-0.0037176902405917645,0.4972594082355499,0.4797535240650177,0.0035523499827831984,0.5679975152015686,0.68314528465271,0.04829118028283119,0.49765312671661377,0.6745145916938782,0.03716922178864479,0.5752158761024475,0.8777129054069519,0.25172024965286255,0.47879064083099365,0.8905807733535767,0.24062317609786987,0.5760400295257568,0.9003336429595947,0.2620438039302826,0.4846747815608978,0.9087429642677307,0.251588374376297,0.5525715351104736,0.9597416520118713,0.08662855625152588,0.4724169671535492,0.9681459069252014,0.08392371237277985
romanian deadlift_700341.jpg,0.5227063894271851,0.09233972430229187,-0.6397062540054321,0.5303763151168823,0.07001972943544388,-0.6271553039550781,0.5353932976722717,0.06920325756072998,-0.6271085739135742,0.5404874682426453,0.06713004410266876,-0.6270873546600342,0.5163424611091614,0.07226690649986267,-0.6235750317573547,0.5113750100135803,0.07186197489500046,-0.6237027049064636,0.5062004327774048,0.06779412180185318,-0.6237309575080872,0.5489667057991028,0.08289902657270432,-0.4801081418991089,0.5030019283294678,0.0865110382437706,-0.4689873456954956,0.5309401154518127,0.12472707778215408,-0.5810726284980774,0.5153490304946899,0.12488865107297897,-0.5781565308570862,0.6003653407096863,0.20798572897911072,-0.3697820007801056,0.45316603779792786,0.22255484759807587,-0.32237735390663147,0.6137382388114929,0.3900626301765442,-0.2869901955127716,0.4416428804397583,0.39525306224823,-0.2292664349079132,0.6204491853713989,0.548734724521637,-0.3626963496208191,0.43430641293525696,0.5469679236412048,-0.32256457209587097,0.6294103264808655,0.5840091705322266,-0.4050912857055664,0.430046409368515,0.5810214877128601,-0.352323055267334,0.6178964972496033,0.5868683457374573,-0.440241277217865,0.43871212005615234,0.5836807489395142,-0.40328720211982727,0.6112036108970642,0.5738973617553711,-0.37723734974861145,0.44268128275871277,0.5726562738418579,-0.3446684181690216,0.5722891092300415,0.5151869654655457,-0.00894563551992178,0.4898596704006195,0.511914849281311,0.008869005367159843,0.5703226327896118,0.7090355157852173,0.09894638508558273,0.4944327771663666,0.7016049027442932,0.10910309106111526,0.5764411091804504,0.8854964375495911,0.34225597977638245,0.4823302924633026,0.8947318196296692,0.34290698170661926,0.5736076235771179,0.9028049111366272,0.358668714761734,0.48877906799316406,0.9112510681152344,0.3594614267349243,0.5581781268119812,0.9637041091918945,0.2248470038175583,0.47002163529396057,0.9616113305091858,0.20391863584518433
romanian deadlift_700351.jpg,0.5206774473190308,0.18825462460517883,-0.7669342756271362,0.529553234577179,0.16469073295593262,-0.7604925632476807,0.5353248715400696,0.1631743162870407,-0.760309636592865,0.5407001376152039,0.16152212023735046,-0.7602146863937378,0.5141800045967102,0.16399921476840973,-0.7573720216751099,0.5096365809440613,0.16171573102474213,-0.7575189471244812,0.5051651000976562,0.15899746119976044,-0.757414698600769,0.5495439171791077,0.15963253378868103,-0.6197590231895447,0.4997393786907196,0.15829256176948547,-0.6091070771217346,0.5305642485618591,0.20399881899356842,-0.7075226306915283,0.5130608081817627,0.2047053724527359,-0.7044088840484619,0.5981947183609009,0.26385733485221863,-0.4555065929889679,0.4556428790092468,0.2727667987346649,-0.4278169572353363,0.6151602268218994,0.421088844537735,-0.35453417897224426,0.44589677453041077,0.4344477355480194,-0.32003363966941833,0.6191949844360352,0.5808899402618408,-0.40238234400749207,0.43794184923171997,0.5903171896934509,-0.3918825387954712,0.6279164552688599,0.6190742254257202,-0.4351913630962372,0.4352417588233948,0.6282991170883179,-0.4211261570453644,0.6162045001983643,0.6189793348312378,-0.47812420129776,0.443289577960968,0.6315221786499023,-0.4698006808757782,0.6101616024971008,0.6056082248687744,-0.41960304975509644,0.4462650716304779,0.6194981336593628,-0.41266053915023804,0.5704994797706604,0.49437612295150757,-0.01168084517121315,0.492540568113327,0.48905861377716064,0.011576329357922077,0.573990523815155,0.6963986158370972,0.01093821506947279,0.48445644974708557,0.6947311162948608,0.042096782475709915,0.576902449131012,0.8898624777793884,0.1361321657896042,0.47721394896507263,0.8975578546524048,0.1673748642206192,0.5713598728179932,0.9126757979393005,0.13881723582744598,0.48399341106414795,0.9229351282119751,0.16512185335159302,0.5674642324447632,0.9710083603858948,-0.01593029499053955,0.4671006500720978,0.9738560318946838,0.003831275040283799
romanian deadlift_700361.jpg,0.5246020555496216,0.26473239064216614,-0.7970479726791382,0.5320159792900085,0.2430395931005478,-0.7929595112800598,0.5368067622184753,0.2413298338651657,-0.7927908301353455,0.5415369272232056,0.23920291662216187,-0.7928054928779602,0.5188621878623962,0.24246914684772491,-0.7936549782752991,0.5145072340965271,0.24046841263771057,-0.7937911748886108,0.5100615620613098,0.23825690150260925,-0.7936937212944031,0.5481476187705994,0.23206937313079834,-0.6619156002998352,0.5011049509048462,0.23243087530136108,-0.6687012314796448,0.5320242643356323,0.2780182957649231,-0.7396451234817505,0.5157968401908875,0.2784782946109772,-0.7417827844619751,0.5954254865646362,0.3195336163043976,-0.48677757382392883,0.4560594856739044,0.3297882676124573,-0.4797477722167969,0.6146926283836365,0.4681911766529083,-0.3988036513328552,0.44872480630874634,0.48303261399269104,-0.3911382257938385,0.6183815002441406,0.6215275526046753,-0.435345858335495,0.44343575835227966,0.6295273900032043,-0.4437556564807892,0.6258372068405151,0.6595848202705383,-0.4628441035747528,0.4402807950973511,0.6695213913917542,-0.47021159529685974,0.615742564201355,0.6615661382675171,-0.5031399130821228,0.447917103767395,0.6683420538902283,-0.5125572681427002,0.6094721555709839,0.6498286128044128,-0.45170679688453674,0.45177990198135376,0.6554747819900513,-0.4619884192943573,0.5671609044075012,0.48170483112335205,-0.00880463421344757,0.48883765935897827,0.47673696279525757,0.00868235994130373,0.5764390826225281,0.6836699843406677,-0.024225465953350067,0.4826763868331909,0.6822245121002197,0.01714259944856167,0.5761077404022217,0.8929308652877808,0.0855826810002327,0.4742358922958374,0.8996984958648682,0.09195873141288757,0.5669736862182617,0.9185919165611267,0.08755860477685928,0.47985365986824036,0.9309812784194946,0.08966517448425293,0.5707178711891174,0.9693991541862488,-0.05818427354097366,0.46580687165260315,0.9768373370170593,-0.06922943890094757
romanian deadlift_800031.jpg,0.45373424887657166,0.1421385258436203,-0.10884764790534973,0.4620696008205414,0.12400142103433609,-0.13814617693424225,0.46403199434280396,0.12376543879508972,-0.1381760686635971,0.46612706780433655,0.12355648726224899,-0.13821451365947723,0.4608607888221741,0.12427059561014175,-0.08909208327531815,0.46181362867355347,0.12439277768135071,-0.089043527841568,0.46288028359413147,0.12455026060342789,-0.08904071152210236,0.4825250208377838,0.13491293787956238,-0.20837260782718658,0.4767169952392578,0.13321910798549652,0.009638539515435696,0.45834463834762573,0.16001544892787933,-0.1307353675365448,0.4564603865146637,0.16058842837810516,-0.06754946708679199,0.49145248532295227,0.24324588477611542,-0.3588401973247528,0.47496235370635986,0.2426745742559433,0.16541218757629395,0.4812065362930298,0.36671948432922363,-0.3836856186389923,0.45622366666793823,0.36881667375564575,0.21298867464065552,0.4568201005458832,0.5009380578994751,-0.3795579969882965,0.4592457413673401,0.4774204194545746,0.11002187430858612,0.453829824924469,0.533903956413269,-0.41251376271247864,0.4569789171218872,0.5101255774497986,0.11254560947418213,0.44896194338798523,0.5314342379570007,-0.42630594968795776,0.455844908952713,0.5101346969604492,0.05870769917964935,0.4504537582397461,0.5218027234077454,-0.4166640341281891,0.4561091959476471,0.5025824904441833,0.08377610892057419,0.49396640062332153,0.47850969433784485,-0.1460839956998825,0.4840696156024933,0.4730636179447174,0.14608152210712433,0.4898001253604889,0.6794261932373047,-0.1442689299583435,0.47876980900764465,0.6698812246322632,0.1780371516942978,0.4938580393791199,0.8958866596221924,-0.09268924593925476,0.4853745996952057,0.8814245462417603,0.2440122663974762,0.5093964338302612,0.9316773414611816,-0.0941607877612114,0.4895506203174591,0.9082542657852173,0.24468259513378143,0.4205962121486664,0.9517670273780823,-0.22680404782295227,0.43497881293296814,0.9431513547897339,0.16890187561511993
romanian deadlift_800041.jpg,0.4275674521923065,0.1281198114156723,-0.14817927777767181,0.43451908230781555,0.10952655971050262,-0.17900435626506805,0.4364636540412903,0.10912799090147018,-0.1789960265159607,0.438520222902298,0.10862774401903152,-0.1790076196193695,0.43369442224502563,0.1096046045422554,-0.1296079009771347,0.43488427996635437,0.10939884185791016,-0.12958742678165436,0.4362097382545471,0.10902784019708633,-0.12962062656879425,0.4584933817386627,0.11619409918785095,-0.2516990303993225,0.45518234372138977,0.11475545167922974,-0.033819086849689484,0.4347076416015625,0.14620058238506317,-0.17077018320560455,0.43294084072113037,0.1464458554983139,-0.10741095244884491,0.4771781265735626,0.22191253304481506,-0.3694714605808258,0.4795633554458618,0.2217201441526413,0.12908652424812317,0.47356075048446655,0.3611672818660736,-0.4257488548755646,0.4694560170173645,0.35892748832702637,0.18638429045677185,0.4527314305305481,0.5020799040794373,-0.3978120982646942,0.4622332751750946,0.4835188090801239,0.1057223528623581,0.45191314816474915,0.5342287421226501,-0.44767555594444275,0.4607194662094116,0.5114424824714661,0.11062955856323242,0.44957631826400757,0.5338441133499146,-0.43450942635536194,0.45847442746162415,0.5116520524024963,0.05880311504006386,0.4504631459712982,0.5232869386672974,-0.39707058668136597,0.458810418844223,0.5048397183418274,0.08141935616731644,0.4867697060108185,0.48880505561828613,-0.15231187641620636,0.4805207848548889,0.48416176438331604,0.15230490267276764,0.4860679507255554,0.6819121837615967,-0.11499665677547455,0.481405109167099,0.672054648399353,0.19428743422031403,0.4848942160606384,0.8925498127937317,-0.026558687910437584,0.48825979232788086,0.8721034526824951,0.28353041410446167,0.4980567693710327,0.9321935772895813,-0.02516317553818226,0.49499082565307617,0.9102082848548889,0.2868334949016571,0.4205666780471802,0.9485804438591003,-0.15982885658740997,0.43235060572624207,0.9392925500869751,0.20238664746284485
romanian deadlift_800051.jpg,0.3891540765762329,0.15965069830417633,-0.2101496309041977,0.39457863569259644,0.13878032565116882,-0.2399124801158905,0.3964424729347229,0.13803385198116302,-0.23993057012557983,0.398363322019577,0.1374693065881729,-0.23994623124599457,0.39347702264785767,0.13906754553318024,-0.19054795801639557,0.3945036828517914,0.13856272399425507,-0.19055067002773285,0.3955729305744171,0.13814474642276764,-0.19064398109912872,0.4164330065250397,0.14507432281970978,-0.31150877475738525,0.41275814175605774,0.1436113864183426,-0.09540043026208878,0.39881661534309387,0.1777506321668625,-0.23330016434192657,0.3973325490951538,0.17792269587516785,-0.16998988389968872,0.457855224609375,0.24072572588920593,-0.42117470502853394,0.4649457633495331,0.2409331202507019,0.06341229379177094,0.47766491770744324,0.37963512539863586,-0.4719793498516083,0.46967199444770813,0.3602297902107239,0.12655673921108246,0.4651026129722595,0.524109423160553,-0.43450021743774414,0.46783503890037537,0.49509739875793457,0.04967601224780083,0.4629436731338501,0.5606266260147095,-0.48825597763061523,0.46916013956069946,0.5229413509368896,0.05457260087132454,0.458548903465271,0.5637955665588379,-0.4714677035808563,0.45913994312286377,0.5225771069526672,0.005009459797292948,0.4607394337654114,0.5523967742919922,-0.4265778362751007,0.4620087444782257,0.5166525840759277,0.02650047093629837,0.5118208527565002,0.5088762044906616,-0.15618495643138885,0.49066653847694397,0.5038536190986633,0.15620890259742737,0.5017569065093994,0.6795046329498291,-0.09413579851388931,0.4911127984523773,0.6680201292037964,0.3662528991699219,0.4875195622444153,0.8903493881225586,-0.0077995071187615395,0.4914599657058716,0.8665149211883545,0.6045274138450623,0.4957077205181122,0.9302155375480652,-0.005211504176259041,0.5326031446456909,0.8632716536521912,0.6263101696968079,0.4212735891342163,0.9482990503311157,-0.1324421465396881,0.4569237530231476,0.8684208989143372,0.5858997106552124
romanian deadlift_800061.jpg,0.3640863597393036,0.3462582528591156,-0.2453051656484604,0.35971659421920776,0.32711347937583923,-0.2739375829696655,0.3608172833919525,0.3254641890525818,-0.2739270031452179,0.3620065152645111,0.32375338673591614,-0.273847758769989,0.35992905497550964,0.32625430822372437,-0.22639672458171844,0.36097562313079834,0.3243269920349121,-0.22634369134902954,0.36196374893188477,0.32236436009407043,-0.22640004754066467,0.3804762065410614,0.3094828426837921,-0.3464469909667969,0.3782463073730469,0.30838799476623535,-0.14452895522117615,0.3809939920902252,0.35309702157974243,-0.2712872326374054,0.3807680010795593,0.35312002897262573,-0.2101609706878662,0.4434811770915985,0.3648439049720764,-0.45265430212020874,0.45192086696624756,0.3414615988731384,0.0026316181756556034,0.46913567185401917,0.5106945037841797,-0.5247964262962341,0.5127988457679749,0.45393750071525574,0.07149489969015121,0.4859377145767212,0.6519372463226318,-0.5161365270614624,0.5160475969314575,0.6021557450294495,0.014607776887714863,0.48928818106651306,0.6821544766426086,-0.5633251070976257,0.5172823667526245,0.6376924514770508,0.02897261641919613,0.48026758432388306,0.6842621564865112,-0.547002911567688,0.5050612092018127,0.6444799900054932,-0.017246296629309654,0.4800727963447571,0.6747186183929443,-0.507496178150177,0.5080824494361877,0.6323486566543579,-0.00578601099550724,0.519209086894989,0.577304482460022,-0.1513725370168686,0.49745672941207886,0.564359188079834,0.15121613442897797,0.5053198933601379,0.7146978378295898,-0.18984811007976532,0.4827903211116791,0.6970983743667603,0.3138068616390228,0.4809393882751465,0.8984363079071045,-0.13667774200439453,0.47552400827407837,0.8578513860702515,0.5163586139678955,0.49421456456184387,0.9393419027328491,-0.13585233688354492,0.49264225363731384,0.8646430373191833,0.5324538350105286,0.4134679436683655,0.9467512369155884,-0.23833908140659332,0.41728970408439636,0.87502121925354,0.5007773041725159
romanian deadlift_800071.jpg,0.36276471614837646,0.4385506510734558,-0.3033154606819153,0.3573960065841675,0.4201003909111023,-0.3277836740016937,0.3586169481277466,0.4184923470020294,-0.3277874290943146,0.3599771559238434,0.4167667031288147,-0.3277653455734253,0.3566547632217407,0.4173367917537689,-0.286382257938385,0.3574002683162689,0.4143429100513458,-0.28630468249320984,0.3582112491130829,0.4114284813404083,-0.28636133670806885,0.3736189901828766,0.39701220393180847,-0.40530937910079956,0.36983636021614075,0.3939147889614105,-0.2051510363817215,0.3770233392715454,0.44242778420448303,-0.3164750039577484,0.3757842779159546,0.44073283672332764,-0.26783040165901184,0.4417600929737091,0.43186551332473755,-0.4866380989551544,0.4362662136554718,0.40106481313705444,-0.06013685092329979,0.4610951840877533,0.569256067276001,-0.5529000163078308,0.5146402716636658,0.5007245540618896,0.00648339930921793,0.4728834927082062,0.7198572158813477,-0.52995765209198,0.5157634019851685,0.6457887887954712,-0.04612799361348152,0.4726543724536896,0.7599230408668518,-0.5758296847343445,0.5162082314491272,0.6793054938316345,-0.03363389894366264,0.46866321563720703,0.7641424536705017,-0.5620838403701782,0.5012091994285583,0.6830084919929504,-0.07689116895198822,0.4691208302974701,0.7506037950515747,-0.523068904876709,0.508062481880188,0.6771959662437439,-0.06524669378995895,0.5252577066421509,0.5942684412002563,-0.13576775789260864,0.504420280456543,0.5687647461891174,0.13555030524730682,0.5079613327980042,0.7127422094345093,-0.18312057852745056,0.487259179353714,0.6912498474121094,0.22861501574516296,0.4848475754261017,0.9067375063896179,-0.09107708930969238,0.46847739815711975,0.8632938861846924,0.42816630005836487,0.4961719214916229,0.9466812014579773,-0.08751499652862549,0.4812142252922058,0.8873339295387268,0.4431804418563843,0.42867162823677063,0.9485244154930115,-0.1890910267829895,0.42070722579956055,0.9125434756278992,0.3923899829387665
romanian deadlift_800081.jpg,0.35800713300704956,0.3166336715221405,-0.25436994433403015,0.35922062397003174,0.29746586084365845,-0.2858060300350189,0.36049237847328186,0.2963029444217682,-0.28582149744033813,0.36186477541923523,0.29499489068984985,-0.28583914041519165,0.3601509630680084,0.29632568359375,-0.2347397357225418,0.3618296980857849,0.29455068707466125,-0.2347206473350525,0.3635096848011017,0.2925788462162018,-0.23488639295101166,0.38040751218795776,0.28712746500968933,-0.37264686822891235,0.38074493408203125,0.28493231534957886,-0.138775035738945,0.37103936076164246,0.32668811082839966,-0.2796863913536072,0.37140125036239624,0.3260716199874878,-0.21363405883312225,0.4356305003166199,0.357060968875885,-0.46635088324546814,0.4423903822898865,0.34055623412132263,0.03919683024287224,0.4538358449935913,0.5037881135940552,-0.5220166444778442,0.5073874592781067,0.4677804410457611,0.09921742975711823,0.46512371301651,0.6443930268287659,-0.49278512597084045,0.4961833655834198,0.605510950088501,0.025814665481448174,0.4669288992881775,0.6815518140792847,-0.546369194984436,0.5038667917251587,0.6390752792358398,0.03851798549294472,0.4634500741958618,0.6840738654136658,-0.5343605279922485,0.49329644441604614,0.6412495374679565,-0.009075084701180458,0.4636884927749634,0.6715635657310486,-0.48667317628860474,0.4940944015979767,0.6316028833389282,0.004447483457624912,0.5277549028396606,0.5600542426109314,-0.15222640335559845,0.5141773223876953,0.544474720954895,0.15218199789524078,0.5046364665031433,0.7105054259300232,-0.17128212749958038,0.48999565839767456,0.6683318614959717,0.46233102679252625,0.48522013425827026,0.9088675379753113,-0.12425777316093445,0.474474161863327,0.7806776165962219,0.7487151026725769,0.4971086382865906,0.9458103775978088,-0.12616077065467834,0.4859883189201355,0.8091952800750732,0.7738572955131531,0.4215039312839508,0.9475523233413696,-0.25178372859954834,0.4315708875656128,0.7851223349571228,0.7592657804489136
romanian deadlift_800091.jpg,0.3764902353286743,0.13795240223407745,-0.15820418298244476,0.36837348341941833,0.11916636675596237,-0.18505769968032837,0.36994504928588867,0.11860072612762451,-0.1850953847169876,0.37259772419929504,0.11773630976676941,-0.1851387619972229,0.37890899181365967,0.11844885349273682,-0.13662275671958923,0.38508573174476624,0.11755663901567459,-0.1365327686071396,0.3912167549133301,0.11636614054441452,-0.13653148710727692,0.4145743250846863,0.12160900980234146,-0.2453622668981552,0.4254618287086487,0.12083469331264496,-0.03000091202557087,0.39734166860580444,0.15570589900016785,-0.17750613391399384,0.38922029733657837,0.1555931270122528,-0.11471900343894958,0.46237820386886597,0.23817132413387299,-0.3641536831855774,0.4635504186153412,0.23924341797828674,0.13794396817684174,0.4654296338558197,0.38390693068504333,-0.4199497401714325,0.48274853825569153,0.3828531503677368,0.18688510358333588,0.4551732838153839,0.507095217704773,-0.37757909297943115,0.46491917967796326,0.49011659622192383,0.08700727671384811,0.4547150433063507,0.5399393439292908,-0.4365711808204651,0.4629821479320526,0.5222296118736267,0.08976074308156967,0.4485376477241516,0.5386077761650085,-0.42089414596557617,0.4573911428451538,0.5232957601547241,0.037779781967401505,0.449389785528183,0.5283515453338623,-0.37070274353027344,0.4579567611217499,0.5132831335067749,0.062250006943941116,0.5050269365310669,0.4996716380119324,-0.15152475237846375,0.5047100186347961,0.4978025555610657,0.1516454964876175,0.49285656213760376,0.708732008934021,-0.14320065081119537,0.4882979691028595,0.668152391910553,0.33257150650024414,0.48726797103881836,0.9070793986320496,-0.072220079600811,0.4799345135688782,0.8466953039169312,0.37679967284202576,0.5013744235038757,0.9408621788024902,-0.07273252308368683,0.4896923005580902,0.8827094435691833,0.37918582558631897,0.4232955276966095,0.950197696685791,-0.20592497289180756,0.4286201596260071,0.8856477737426758,0.28346824645996094
romanian deadlift_800101.jpg,0.4127149283885956,0.12201710045337677,-0.14900925755500793,0.4208269417285919,0.10405389219522476,-0.1753109246492386,0.4232424795627594,0.1033124104142189,-0.17535434663295746,0.4260178804397583,0.10245520621538162,-0.17540580034255981,0.42369577288627625,0.10375551879405975,-0.12816393375396729,0.4268522262573242,0.10297403484582901,-0.12806838750839233,0.4300347566604614,0.10199824720621109,-0.12807975709438324,0.45339903235435486,0.10842835903167725,-0.2346089631319046,0.45461001992225647,0.10847342759370804,-0.025780223309993744,0.42402184009552,0.13991525769233704,-0.16825512051582336,0.42075955867767334,0.13999520242214203,-0.10714927315711975,0.4717945158481598,0.2276182770729065,-0.342022567987442,0.47676435112953186,0.22990040481090546,0.13257095217704773,0.4714078903198242,0.3712787926197052,-0.385200560092926,0.47933927178382874,0.3766805827617645,0.17107190191745758,0.4559589624404907,0.4992433786392212,-0.3495681881904602,0.46049797534942627,0.48660731315612793,0.07540427893400192,0.45642319321632385,0.5318265557289124,-0.40496161580085754,0.45607122778892517,0.5180566310882568,0.07721460610628128,0.45074892044067383,0.5316736698150635,-0.3933829069137573,0.4519689679145813,0.5202912092208862,0.026709679514169693,0.4513433575630188,0.5218544006347656,-0.34460514783859253,0.4537414312362671,0.5107025504112244,0.05130662024021149,0.5024684071540833,0.4835893511772156,-0.1473478227853775,0.503014862537384,0.4845017194747925,0.14751383662223816,0.4899229407310486,0.7060211300849915,-0.14087273180484772,0.48833268880844116,0.668143630027771,0.2875713109970093,0.4863535463809967,0.9036122560501099,-0.07720601558685303,0.4840511679649353,0.8558277487754822,0.3266744017601013,0.5015368461608887,0.9380545616149902,-0.07869400084018707,0.4939524829387665,0.8952169418334961,0.3298054337501526,0.42341896891593933,0.9485445618629456,-0.2140313684940338,0.43111452460289,0.9025927186012268,0.23222535848617554
romanian deadlift_800231.jpg,0.41889721155166626,0.12059242278337479,-0.15897560119628906,0.4280906617641449,0.10319804400205612,-0.18348227441310883,0.4301607012748718,0.1026872918009758,-0.18351402878761292,0.4325789511203766,0.10202831774950027,-0.18357262015342712,0.4296335279941559,0.10257727652788162,-0.13754695653915405,0.4317866861820221,0.10180988162755966,-0.13744650781154633,0.43393033742904663,0.10085855424404144,-0.1374616175889969,0.4573093354701996,0.10757725685834885,-0.236930713057518,0.4547058641910553,0.10640144348144531,-0.034364331513643265,0.4268328547477722,0.13975538313388824,-0.17624153196811676,0.42600658535957336,0.13955967128276825,-0.11692705005407333,0.4752124547958374,0.22367450594902039,-0.3447223901748657,0.4777827262878418,0.22668708860874176,0.1260923594236374,0.472077339887619,0.3716370463371277,-0.39233633875846863,0.4750311076641083,0.37691837549209595,0.16671247780323029,0.4567168653011322,0.501946747303009,-0.36883825063705444,0.457674115896225,0.4913967549800873,0.07481145858764648,0.45808345079421997,0.5354795455932617,-0.4253789484500885,0.4535989463329315,0.5237908959388733,0.0777047723531723,0.45206496119499207,0.5367215275764465,-0.41436880826950073,0.44954875111579895,0.5265581607818604,0.027153830975294113,0.45218905806541443,0.527525007724762,-0.3639410436153412,0.4518953263759613,0.5174403786659241,0.051033761352300644,0.5043335556983948,0.48127615451812744,-0.14509673416614532,0.5031560063362122,0.4820806384086609,0.145294651389122,0.4912136495113373,0.7032862305641174,-0.11708464473485947,0.4889354407787323,0.670782744884491,0.24399134516716003,0.48644915223121643,0.9019363522529602,-0.03942221775650978,0.4865027964115143,0.8643208146095276,0.327708899974823,0.5028303861618042,0.9373754858970642,-0.040307819843292236,0.49682947993278503,0.896818220615387,0.3328302502632141,0.42472586035728455,0.9479110836982727,-0.16825789213180542,0.4330257773399353,0.9070999026298523,0.23747354745864868
romanian deadlift_800241.jpg,0.41957613825798035,0.12629541754722595,-0.1431470364332199,0.42687055468559265,0.1085057184100151,-0.16974245011806488,0.4288925230503082,0.108012855052948,-0.1697830855846405,0.4311293959617615,0.1074601486325264,-0.16983121633529663,0.4269575774669647,0.10789188742637634,-0.1217561811208725,0.4285447299480438,0.10706459730863571,-0.12168429791927338,0.43027445673942566,0.1060662493109703,-0.12172652035951614,0.4538866877555847,0.11290682852268219,-0.23219060897827148,0.45398253202438354,0.11125572770833969,-0.02098202146589756,0.42796748876571655,0.14455300569534302,-0.16375227272510529,0.4260637164115906,0.1440807580947876,-0.10190733522176743,0.4704800248146057,0.22503861784934998,-0.3472404479980469,0.47714054584503174,0.2258155643939972,0.14296336472034454,0.46702077984809875,0.3780621886253357,-0.3968762457370758,0.4756709933280945,0.3750608563423157,0.18697740137577057,0.45638608932495117,0.5043821930885315,-0.3722636103630066,0.4607730209827423,0.4911629557609558,0.0959431603550911,0.4577277600765228,0.5376355648040771,-0.430427610874176,0.4575079679489136,0.5229337215423584,0.09988828003406525,0.45202451944351196,0.5379593372344971,-0.4189613163471222,0.45418208837509155,0.5270732641220093,0.04844421520829201,0.4519740045070648,0.5291405320167542,-0.3669816553592682,0.4553297758102417,0.5169658660888672,0.07184845954179764,0.5043662190437317,0.4846130311489105,-0.1479647308588028,0.5032164454460144,0.48359793424606323,0.14811305701732635,0.4935784935951233,0.7006484866142273,-0.11945199221372604,0.4894254803657532,0.6710237860679626,0.23649682104587555,0.4866696894168854,0.9019849300384521,-0.05551789700984955,0.4883382022380829,0.8635952472686768,0.3461737334728241,0.5033919215202332,0.9391578435897827,-0.05685798451304436,0.49902382493019104,0.8943762183189392,0.35276827216148376,0.4222582280635834,0.9472969174385071,-0.18355605006217957,0.43357783555984497,0.9066711664199829,0.26479893922805786
romanian deadlift_800251.jpg,0.40812376141548157,0.14094913005828857,-0.1952163279056549,0.4159141182899475,0.12286349385976791,-0.21844275295734406,0.4187498390674591,0.12207143753767014,-0.2184932976961136,0.42170488834381104,0.12120633572340012,-0.21854470670223236,0.4124008119106293,0.1234307810664177,-0.17522794008255005,0.4126201868057251,0.12304113060235977,-0.17516697943210602,0.4129781723022461,0.1224437803030014,-0.17521147429943085,0.44182100892066956,0.12729936838150024,-0.25005632638931274,0.43157845735549927,0.12662242352962494,-0.0612778477370739,0.41770848631858826,0.15980705618858337,-0.20872066915035248,0.4129599630832672,0.15969155728816986,-0.15309208631515503,0.46280771493911743,0.23458951711654663,-0.3547973036766052,0.46859434247016907,0.2359606921672821,0.1269761472940445,0.4649415612220764,0.384830504655838,-0.4028976559638977,0.47246482968330383,0.3810213804244995,0.18400762975215912,0.4575437009334564,0.5107113122940063,-0.38180845975875854,0.46265095472335815,0.49472928047180176,0.0824560672044754,0.45844516158103943,0.5439927577972412,-0.4365309178829193,0.45966804027557373,0.5284996032714844,0.08555574715137482,0.4541212320327759,0.5443670153617859,-0.4266035258769989,0.4573533833026886,0.5313917994499207,0.036067504435777664,0.4547577202320099,0.5360174179077148,-0.37739697098731995,0.4588818848133087,0.5222800970077515,0.05901689827442169,0.5079872608184814,0.4868418872356415,-0.14628276228904724,0.5029205679893494,0.4850755035877228,0.14638195931911469,0.49700239300727844,0.7000890970230103,-0.15356023609638214,0.48980721831321716,0.6665852069854736,0.23326469957828522,0.48868879675865173,0.9021726250648499,-0.08880941569805145,0.49725863337516785,0.8508967161178589,0.34838196635246277,0.5029678344726562,0.9388303756713867,-0.09071929007768631,0.5081046223640442,0.8796918392181396,0.3583984076976776,0.42442867159843445,0.9470070004463196,-0.21983884274959564,0.45241886377334595,0.8924727439880371,0.27999675273895264
romanian deadlift_800261.jpg,0.38800248503685,0.1668141782283783,-0.159352108836174,0.3940873444080353,0.1482025533914566,-0.18450337648391724,0.3961106836795807,0.14727400243282318,-0.18455983698368073,0.39808323979377747,0.14648723602294922,-0.1846117079257965,0.3928971588611603,0.14937685430049896,-0.13730332255363464,0.3940471112728119,0.14892473816871643,-0.13726861774921417,0.39512625336647034,0.1483757495880127,-0.13740311563014984,0.4161475896835327,0.1520157754421234,-0.24531038105487823,0.4118073582649231,0.15238946676254272,-0.038688112050294876,0.39719390869140625,0.1828579306602478,-0.17999809980392456,0.3952018618583679,0.1823757439851761,-0.11943100392818451,0.45212069153785706,0.25110700726509094,-0.3596571385860443,0.46213284134864807,0.2512715756893158,0.13359470665454865,0.46330147981643677,0.3967345356941223,-0.4038577973842621,0.4747709333896637,0.39003241062164307,0.1842285841703415,0.46042749285697937,0.5285199880599976,-0.38562867045402527,0.4649665057659149,0.5079436898231506,0.09074070304632187,0.4607550799846649,0.5604152083396912,-0.4393724203109741,0.461632639169693,0.5377280116081238,0.09610860049724579,0.4570363759994507,0.5612457394599915,-0.4307507276535034,0.45936456322669983,0.5454725623130798,0.0472811795771122,0.4577118158340454,0.5525259375572205,-0.3809136748313904,0.4608794152736664,0.5337533950805664,0.06763403117656708,0.5152842402458191,0.4879857897758484,-0.14996080100536346,0.5131468176841736,0.4852960705757141,0.15001192688941956,0.49763578176498413,0.6984953284263611,-0.16447144746780396,0.4957329034805298,0.6653281450271606,0.30348870158195496,0.4887849688529968,0.9019086360931396,-0.11307713389396667,0.5021792054176331,0.8132176995277405,0.49641963839530945,0.5006853938102722,0.9382117986679077,-0.11547083407640457,0.5129666924476624,0.8403332233428955,0.5123056173324585,0.42330896854400635,0.9451906681060791,-0.24077454209327698,0.45686498284339905,0.8468713760375977,0.4647693336009979
romanian deadlift_800271.jpg,0.37271249294281006,0.23228691518306732,-0.19108551740646362,0.3745322525501251,0.21277457475662231,-0.22596153616905212,0.3761213719844818,0.21155376732349396,-0.22598600387573242,0.3778338134288788,0.21026401221752167,-0.2260228991508484,0.37447813153266907,0.213368758559227,-0.17348940670490265,0.3758557140827179,0.21247844398021698,-0.17358610033988953,0.3773237466812134,0.21131093800067902,-0.17399922013282776,0.39635029435157776,0.21088756620883942,-0.3041892945766449,0.39440295100212097,0.2098822444677353,-0.09110449999570847,0.3833845257759094,0.24655604362487793,-0.2229534089565277,0.3824349343776703,0.24717651307582855,-0.1569395214319229,0.44206300377845764,0.3004871904850006,-0.41041216254234314,0.45116451382637024,0.28832870721817017,0.09642687439918518,0.45931342244148254,0.4488956928253174,-0.454713374376297,0.47562170028686523,0.4324590563774109,0.15661215782165527,0.46316972374916077,0.5824308395385742,-0.41662728786468506,0.4663364589214325,0.5546786785125732,0.06747765094041824,0.46380284428596497,0.6146642565727234,-0.4706224203109741,0.4620203375816345,0.5877251625061035,0.06884410977363586,0.46002981066703796,0.6162213683128357,-0.45939674973487854,0.46394506096839905,0.5955846905708313,0.0204168614000082,0.46049901843070984,0.6052789092063904,-0.4107080399990082,0.4641900360584259,0.5842832326889038,0.043887313455343246,0.5287346243858337,0.5154269933700562,-0.14656604826450348,0.5216187238693237,0.505092978477478,0.14660747349262238,0.5045965909957886,0.6977119445800781,-0.12032769620418549,0.49928751587867737,0.6653686761856079,0.3973797559738159,0.4883480668067932,0.903991162776947,-0.09259454905986786,0.4876406788825989,0.795154333114624,0.6761881709098816,0.5006182789802551,0.9396474957466125,-0.10116986185312271,0.49540817737579346,0.8252242803573608,0.7017593383789062,0.4248817563056946,0.9450860619544983,-0.19651474058628082,0.42912283539772034,0.8151178359985352,0.676565945148468
romanian deadlift_800281.jpg,0.3578172028064728,0.29810336232185364,-0.19650475680828094,0.3591591417789459,0.27908220887184143,-0.22488346695899963,0.36088287830352783,0.2777194082736969,-0.22489026188850403,0.3626667261123657,0.27626705169677734,-0.22490361332893372,0.35888373851776123,0.279465913772583,-0.17779897153377533,0.36026856303215027,0.2783512771129608,-0.1778113692998886,0.3616733253002167,0.2769657075405121,-0.17802603542804718,0.38165247440338135,0.27279868721961975,-0.30086246132850647,0.3803347051143646,0.2701340317726135,-0.0922016054391861,0.3710203766822815,0.30896425247192383,-0.22280682623386383,0.3702046573162079,0.30978578329086304,-0.16184529662132263,0.4343990683555603,0.34450802206993103,-0.40477532148361206,0.4478101134300232,0.3312613368034363,0.08302871882915497,0.45729953050613403,0.4901059567928314,-0.4430360496044159,0.47768446803092957,0.45917630195617676,0.12414652854204178,0.4643281400203705,0.6156231164932251,-0.37751305103302,0.476388543844223,0.5859639644622803,0.058851227164268494,0.46557578444480896,0.6503334045410156,-0.42674165964126587,0.4749314486980438,0.6210707426071167,0.0662340298295021,0.46157220005989075,0.6527301669120789,-0.4152151346206665,0.4721646010875702,0.6263647675514221,0.011567298322916031,0.46203386783599854,0.6406605839729309,-0.37160128355026245,0.4751344323158264,0.6162353754043579,0.04240943118929863,0.536712110042572,0.5401046872138977,-0.14477486908435822,0.5292602181434631,0.5258314609527588,0.14484430849552155,0.5056684613227844,0.7023004293441772,-0.047001782804727554,0.4991369843482971,0.6654239892959595,0.41703861951828003,0.48914989829063416,0.9052281975746155,0.055838558822870255,0.48682963848114014,0.7960602641105652,0.7103399634361267,0.5012281537055969,0.9393032789230347,0.05989519879221916,0.4955292046070099,0.8257693648338318,0.7375804781913757,0.42610493302345276,0.944650411605835,-0.03978108987212181,0.43027862906455994,0.8141893148422241,0.7151048183441162
romanian deadlift_800291.jpg,0.3506065309047699,0.35846590995788574,-0.17172889411449432,0.3498659133911133,0.33991923928260803,-0.19571681320667267,0.3513552248477936,0.33861324191093445,-0.1957218050956726,0.35301440954208374,0.3369259834289551,-0.19572849571704865,0.35007041692733765,0.33942291140556335,-0.15208816528320312,0.3515377342700958,0.3378581404685974,-0.1520659625530243,0.35304775834083557,0.33592188358306885,-0.1522238701581955,0.3725687265396118,0.3287312388420105,-0.2721046805381775,0.37096479535102844,0.3267778754234314,-0.0776638463139534,0.3628573417663574,0.36843571066856384,-0.19837528467178345,0.3628731966018677,0.3684310019016266,-0.14166375994682312,0.43028518557548523,0.38059332966804504,-0.3926538825035095,0.4413749873638153,0.3718187212944031,0.0779421329498291,0.4562560021877289,0.5270336866378784,-0.4331831634044647,0.48160120844841003,0.49188393354415894,0.11026052385568619,0.4651657044887543,0.6571488976478577,-0.3586362302303314,0.48577243089675903,0.6295998692512512,0.04775617644190788,0.46963080763816833,0.6909456253051758,-0.40627366304397583,0.48445799946784973,0.6624696850776672,0.06094717979431152,0.46911606192588806,0.6901499629020691,-0.3924430310726166,0.48467153310775757,0.6667065620422363,0.007603233680129051,0.4695030450820923,0.6790288686752319,-0.3523569405078888,0.4852549433708191,0.6567027568817139,0.032680757343769073,0.5480433702468872,0.5510417819023132,-0.1437389850616455,0.5323196649551392,0.5430499315261841,0.14376434683799744,0.5058892965316772,0.7092379927635193,-0.05713538080453873,0.49848881363868713,0.6809976696968079,0.35465365648269653,0.4895308315753937,0.9046960473060608,0.06717405468225479,0.48069435358047485,0.8106889724731445,0.5698242783546448,0.5014253258705139,0.936511218547821,0.07419805973768234,0.49191540479660034,0.8383488059043884,0.5872052311897278,0.427092045545578,0.944582462310791,-0.01835900917649269,0.4184114336967468,0.84047532081604,0.5423727631568909
romanian deadlift_800301.jpg,0.34944549202919006,0.4036005735397339,-0.12966889142990112,0.3465569317340851,0.3860113322734833,-0.15198922157287598,0.34768450260162354,0.38440585136413574,-0.15201300382614136,0.3489852249622345,0.38241395354270935,-0.15205834805965424,0.3469333052635193,0.3859374225139618,-0.10979079455137253,0.348236083984375,0.38442981243133545,-0.10978055000305176,0.34954604506492615,0.38254067301750183,-0.10994744300842285,0.3668947219848633,0.3705402910709381,-0.22589577734470367,0.36557692289352417,0.37032148241996765,-0.039441559463739395,0.36186692118644714,0.41087621450424194,-0.1555161476135254,0.36207205057144165,0.41081702709198,-0.10083415359258652,0.42567935585975647,0.40961936116218567,-0.34748929738998413,0.43769434094429016,0.40273523330688477,0.10190673917531967,0.4544810354709625,0.5524248480796814,-0.3905838131904602,0.4813987612724304,0.5254747867584229,0.1253349334001541,0.4658873975276947,0.69218510389328,-0.3343796133995056,0.4850097894668579,0.663059651851654,0.06488262861967087,0.4725728929042816,0.7253310084342957,-0.38019227981567383,0.48335981369018555,0.695547342300415,0.07844246178865433,0.4722959101200104,0.728609561920166,-0.3630121350288391,0.48218008875846863,0.7029634118080139,0.03693588823080063,0.4727347791194916,0.7165417075157166,-0.32686978578567505,0.4873512089252472,0.687176525592804,0.04681940749287605,0.5506855249404907,0.5515857934951782,-0.1429763287305832,0.5408962368965149,0.5471534132957458,0.14299249649047852,0.5059733390808105,0.7111177444458008,-0.06668086349964142,0.4999842047691345,0.6887668371200562,0.2510950267314911,0.4874154031276703,0.9035875797271729,0.07695429772138596,0.47383037209510803,0.8504019975662231,0.4606689214706421,0.49993717670440674,0.9363064169883728,0.08819030970335007,0.48360028862953186,0.8806644678115845,0.47960326075553894,0.42004531621932983,0.9394637942314148,0.01575019210577011,0.41166990995407104,0.8863244652748108,0.43869513273239136
romanian deadlift_800311.jpg,0.3490358293056488,0.42911070585250854,-0.15351668000221252,0.3462678790092468,0.4118770956993103,-0.17604756355285645,0.3473854959011078,0.40958213806152344,-0.17607131600379944,0.34872111678123474,0.40692731738090515,-0.17612594366073608,0.3462880551815033,0.41175711154937744,-0.13403473794460297,0.34728628396987915,0.4096311926841736,-0.13402383029460907,0.3483758866786957,0.40721431374549866,-0.13415735960006714,0.36481887102127075,0.39437738060951233,-0.24457383155822754,0.3634130358695984,0.39408165216445923,-0.05835253372788429,0.3613796830177307,0.43470871448516846,-0.17694590985774994,0.3614082634449005,0.4348336458206177,-0.12243996560573578,0.4259122610092163,0.43235981464385986,-0.35337600111961365,0.43050339818000793,0.4259921908378601,0.09348881244659424,0.45365020632743835,0.5804310441017151,-0.3953995406627655,0.4694546163082123,0.5566352605819702,0.11716727167367935,0.46637076139450073,0.7180757522583008,-0.352477103471756,0.48442527651786804,0.687143087387085,0.05754992738366127,0.4734829366207123,0.7518129348754883,-0.4016410708427429,0.4832257032394409,0.7236661314964294,0.06792601197957993,0.47271090745925903,0.7563214898109436,-0.38577505946159363,0.48276033997535706,0.7237779498100281,0.02500169165432453,0.47360584139823914,0.7426407933235168,-0.34547898173332214,0.4863937199115753,0.7116146683692932,0.038141775876283646,0.5547608137130737,0.5504558086395264,-0.13783666491508484,0.5422654747962952,0.5503078699111938,0.13794079422950745,0.5060597658157349,0.7166543006896973,-0.057726096361875534,0.5041730999946594,0.69669109582901,0.19301505386829376,0.4835265874862671,0.9033607244491577,0.09745074808597565,0.4747801423072815,0.863059401512146,0.37403151392936707,0.49331167340278625,0.9372839331626892,0.10999944061040878,0.5018884539604187,0.8841676712036133,0.38977324962615967,0.4249080717563629,0.9464659690856934,0.034023210406303406,0.44925689697265625,0.89918053150177,0.33448952436447144
romanian deadlift_800321.jpg,0.3516867458820343,0.43568551540374756,-0.1328664869070053,0.34768885374069214,0.41832512617111206,-0.15699633955955505,0.3484308123588562,0.4162217378616333,-0.15703806281089783,0.34928905963897705,0.41385000944137573,-0.1571076363325119,0.3477727770805359,0.418136328458786,-0.1154327243566513,0.3485349118709564,0.41592881083488464,-0.11542383581399918,0.34936004877090454,0.4132837653160095,-0.11554856598377228,0.3640330731868744,0.40218761563301086,-0.22831055521965027,0.36423787474632263,0.39994972944259644,-0.044446129351854324,0.36355990171432495,0.4391215741634369,-0.15621361136436462,0.36350610852241516,0.4397905170917511,-0.10227885097265244,0.42137783765792847,0.44622454047203064,-0.34102490544319153,0.4315906763076782,0.4271826148033142,0.1063791885972023,0.4541553854942322,0.5888615250587463,-0.3716956079006195,0.4695297181606293,0.5548404455184937,0.13480590283870697,0.46686819195747375,0.7279807925224304,-0.3015516698360443,0.4887264370918274,0.683832049369812,0.07717368006706238,0.4734516739845276,0.7594190835952759,-0.3493698537349701,0.4900336265563965,0.7054985761642456,0.08667605370283127,0.47197848558425903,0.7643938064575195,-0.3288990557193756,0.48949334025382996,0.7091345191001892,0.04699646681547165,0.4721682667732239,0.7533724308013916,-0.2915821969509125,0.4902772903442383,0.6989375948905945,0.05908188968896866,0.5554221868515015,0.5502111911773682,-0.13742664456367493,0.554047167301178,0.5447655320167542,0.13756349682807922,0.5046516060829163,0.7152633666992188,-0.04317406192421913,0.5057549476623535,0.6949453353881836,0.22739523649215698,0.4842590391635895,0.8951440453529358,0.13972744345664978,0.5029594898223877,0.8485288023948669,0.43142589926719666,0.4953387379646301,0.9210114479064941,0.15643590688705444,0.5162490606307983,0.8626515865325928,0.4498118758201599,0.43180903792381287,0.9445353150367737,0.09361659735441208,0.4688623249530792,0.8891124129295349,0.4016774296760559
romanian deadlift_800331.jpg,0.5519931316375732,0.4092139005661011,0.22932069003582,0.5491870641708374,0.41606709361076355,0.21451197564601898,0.5462551712989807,0.42005598545074463,0.21437165141105652,0.5434086322784424,0.4239899218082428,0.21422868967056274,0.5568285584449768,0.40590566396713257,0.21340420842170715,0.5590049028396606,0.4027983844280243,0.21353012323379517,0.5612266659736633,0.3995526134967804,0.21334810554981232,0.5377026200294495,0.4366510212421417,0.14569319784641266,0.5638500452041626,0.4000711143016815,0.14306354522705078,0.54634028673172,0.41755688190460205,0.20956633985042572,0.5540782809257507,0.407736212015152,0.2078222930431366,0.526057243347168,0.46755659580230713,0.08036976307630539,0.5700302720069885,0.3903418779373169,0.1256982684135437,0.5221301317214966,0.55107182264328,0.10359326004981995,0.5722774267196655,0.3384784162044525,0.07035806775093079,0.5139946341514587,0.544268786907196,0.1346399486064911,0.542711615562439,0.2719216048717499,-0.037238676100969315,0.5071943998336792,0.5562732815742493,0.1277405470609665,0.5348066687583923,0.2569941282272339,-0.05221380665898323,0.5036165714263916,0.5467503666877747,0.12952619791030884,0.5297472476959229,0.257164865732193,-0.040969595313072205,0.5074573159217834,0.5437246561050415,0.13870514929294586,0.5289446115493774,0.26056715846061707,-0.034957755357027054,0.5678252577781677,0.5021085739135742,-0.027446631342172623,0.585792601108551,0.44712767004966736,0.02669462561607361,0.5264704823493958,0.5074195265769958,0.10902149230241776,0.5411412715911865,0.3407180607318878,0.19698747992515564,0.5045914053916931,0.4514247179031372,0.41173964738845825,0.5027629137039185,0.23904137313365936,0.41003701090812683,0.499503493309021,0.43925175070762634,0.45164793729782104,0.5067667961120605,0.2278541624546051,0.43565264344215393,0.5016663670539856,0.45395180583000183,0.49412262439727783,0.48376768827438354,0.20448072254657745,0.4122749865055084
romanian deadlift_800341.jpg,,,,,,,,,,,,,,,,,,,,,,,,,,,,,,,,,,,,,,,,,,,,,,,,,,,,,,,,,,,,,,,,,,,,,,,,,,,,,,,,,,,,,,,,,,,,,,,,,,,
romanian deadlift_800351.jpg,,,,,,,,,,,,,,,,,,,,,,,,,,,,,,,,,,,,,,,,,,,,,,,,,,,,,,,,,,,,,,,,,,,,,,,,,,,,,,,,,,,,,,,,,,,,,,,,,,,
romanian deadlift_800361.jpg,0.6023254990577698,0.5098916888237,-0.6219062209129333,0.5594378709793091,0.5670356154441833,-0.617581307888031,0.5474599599838257,0.5651631951332092,-0.6182450652122498,0.5346575975418091,0.5633499026298523,-0.6196885704994202,0.5862144231796265,0.5799416899681091,-0.573154866695404,0.5951625108718872,0.5873640179634094,-0.5725125670433044,0.5991086959838867,0.5935335755348206,-0.5730059742927551,0.5098536014556885,0.5513209700584412,-0.31040748953819275,0.5966473817825317,0.5858587622642517,-0.08005679398775101,0.587278425693512,0.4398428499698639,-0.4879472851753235,0.6217904686927795,0.4513096213340759,-0.42612698674201965,0.4469453692436218,0.2801278233528137,-0.3077782690525055,0.7457212805747986,0.34611624479293823,0.23290976881980896,0.3118246793746948,-0.08734482526779175,-0.8474779725074768,0.8212572932243347,0.33151739835739136,0.12324986606836319,0.41191160678863525,0.1101536750793457,-1.1507817506790161,0.6880530118942261,0.4882088005542755,-0.2768305540084839,0.4219036102294922,0.13553792238235474,-1.2493313550949097,0.6759828925132751,0.5574412941932678,-0.3355553448200226,0.4361657500267029,0.18941514194011688,-1.161409616470337,0.6583188772201538,0.5335251688957214,-0.30735960602760315,0.48812758922576904,0.30747824907302856,-1.1184089183807373,0.6387064456939697,0.4925990700721741,-0.2870044410228729,0.6039987206459045,-0.6588919162750244,-0.23460792005062103,0.876582682132721,-0.5769104957580566,0.2365364134311676,0.7024414539337158,-1.457484483718872,-0.4559560716152191,0.9388478398323059,-1.3867993354797363,0.2120402306318283,0.8292019367218018,-2.261871814727783,-0.06811720877885818,1.0366034507751465,-2.170428514480591,0.42140573263168335,0.8320199251174927,-2.36213755607605,-0.05751030519604683,1.0536892414093018,-2.260866403579712,0.42718562483787537,0.8846231698989868,-2.4605207443237305,-0.6727709174156189,1.0577408075332642,-2.366210460662842,-0.2300512194633484
romanian deadlift_800371.jpg,0.5898458957672119,0.4974711537361145,-0.3382597863674164,0.5556277632713318,0.5466057062149048,-0.29517868161201477,0.5422791838645935,0.5440186262130737,-0.29552751779556274,0.5286052227020264,0.541042685508728,-0.29654258489608765,0.5913803577423096,0.5557055473327637,-0.2896280884742737,0.6020089983940125,0.5565873384475708,-0.2895706295967102,0.6132515072822571,0.5588216781616211,-0.2904733121395111,0.5098410844802856,0.5216951966285706,0.002192756626754999,0.6335501074790955,0.5349032282829285,0.043785210698843,0.5712464451789856,0.42616766691207886,-0.22834309935569763,0.6161831617355347,0.43486541509628296,-0.21917982399463654,0.4548625349998474,0.2902607023715973,-0.036531902849674225,0.7548472881317139,0.3217584490776062,0.1630723923444748,0.3345547914505005,0.23460833728313446,-0.10676922649145126,0.8651055693626404,0.32717281579971313,-0.018126660957932472,0.4119114577770233,0.2826058566570282,0.15414491295814514,0.7360437512397766,0.38687869906425476,-0.1947830766439438,0.4174446165561676,0.26398396492004395,0.15387894213199615,0.7308525443077087,0.40256935358047485,-0.231756791472435,0.43560320138931274,0.2826088070869446,0.18114729225635529,0.6992572546005249,0.39062920212745667,-0.18244178593158722,0.46299582719802856,0.3074369728565216,0.1647920161485672,0.6867905259132385,0.3714209198951721,-0.1919102668762207,0.5625849962234497,-0.5742683410644531,-0.13642621040344238,0.8323608636856079,-0.5229696035385132,0.13711591064929962,0.6103334426879883,-1.3300482034683228,-0.24425162374973297,0.8376019597053528,-1.290449619293213,-0.002391712972894311,0.6492533087730408,-2.085120916366577,0.173516646027565,0.859254002571106,-2.022852897644043,0.17900681495666504,0.6473247408866882,-2.176229238510132,0.17964905500411987,0.8686877489089966,-2.1002981662750244,0.18492068350315094,0.672896146774292,-2.2860047817230225,-0.3774593472480774,0.846275269985199,-2.233030080795288,-0.46167105436325073
romanian deadlift_800381.jpg,0.5496813058853149,0.40343454480171204,-0.295306533575058,0.521075963973999,0.4455189108848572,-0.2777166962623596,0.5065094828605652,0.4439043402671814,-0.27848801016807556,0.49216145277023315,0.44165879487991333,-0.2798818051815033,0.5599797368049622,0.4480013847351074,-0.2476619929075241,0.596807062625885,0.5016673803329468,-0.24774114787578583,0.6078215837478638,0.49980705976486206,-0.2489907294511795,0.47141310572624207,0.4079362750053406,-0.05234796181321144,0.6081964373588562,0.42055752873420715,0.0975397378206253,0.5239623188972473,0.3526928722858429,-0.20455171167850494,0.5760625004768372,0.35664093494415283,-0.16376164555549622,0.3861536979675293,0.2529703676700592,-0.13904671370983124,0.703835129737854,0.259369820356369,0.23198221623897552,0.3362791836261749,0.30183011293411255,-0.4025828540325165,0.7936856150627136,0.1609487682580948,0.1503337174654007,0.4720647633075714,0.4789784848690033,-0.12140832841396332,0.7548408508300781,0.27943822741508484,-0.04081461578607559,0.4925953447818756,0.5021448731422424,-0.11797820776700974,0.7750841379165649,0.31295883655548096,-0.06190292537212372,0.49873435497283936,0.5033258199691772,-0.043108079582452774,0.7554839849472046,0.3102979063987732,-0.05143391340970993,0.5005529522895813,0.47724610567092896,-0.08779727667570114,0.7349308729171753,0.28853654861450195,-0.04956391081213951,0.4955054819583893,-0.5873909592628479,-0.15546561777591705,0.7398715615272522,-0.5565000772476196,0.15568774938583374,0.5486985445022583,-1.3600246906280518,-0.19458915293216705,0.7689428925514221,-1.3086578845977783,0.0629502460360527,0.595974862575531,-2.089477062225342,0.23088082671165466,0.7684107422828674,-2.041433095932007,0.2640863358974457,0.5961960554122925,-2.175077199935913,0.24556225538253784,0.7651024460792542,-2.120781183242798,0.2719048261642456,0.6210451722145081,-2.2867116928100586,-0.23463432490825653,0.7686074376106262,-2.248040199279785,-0.26098355650901794
romanian deadlift_800461.jpg,0.45632001757621765,0.4235825836658478,-0.3241993188858032,0.4380992352962494,0.4679448902606964,-0.32360365986824036,0.4236201047897339,0.46297675371170044,-0.3243096172809601,0.40944138169288635,0.4564288556575775,-0.32522061467170715,0.475189208984375,0.4777410626411438,-0.28134429454803467,0.49129873514175415,0.5044792890548706,-0.28153088688850403,0.5038543343544006,0.5019004344940186,-0.2825450599193573,0.3821314871311188,0.4411936402320862,-0.10325009375810623,0.5095139741897583,0.4463077485561371,0.04937808960676193,0.4235035479068756,0.36424267292022705,-0.25700223445892334,0.47419705986976624,0.37357380986213684,-0.19990704953670502,0.28164026141166687,0.24213895201683044,-0.14462712407112122,0.5963301062583923,0.209907665848732,0.221575066447258,0.26940450072288513,0.17453786730766296,-0.44107142090797424,0.7466405034065247,0.06920187920331955,0.20053821802139282,0.4268657863140106,0.3680805563926697,-0.3406352400779724,0.7205827832221985,-0.04914821684360504,-0.01773720234632492,0.4605930745601654,0.4116068482398987,-0.3952530324459076,0.7514997124671936,-0.05967485532164574,-0.04393806681036949,0.4956261217594147,0.5233645439147949,-0.31633204221725464,0.7521466016769409,-0.028061578050255775,-0.08281011879444122,0.44352737069129944,0.42903396487236023,-0.31333446502685547,0.7264958620071411,-0.02554158866405487,-0.046471890062093735,0.4036869704723358,-0.6143969893455505,-0.13986580073833466,0.6404515504837036,-0.6047230958938599,0.14082211256027222,0.45938724279403687,-1.3747296333312988,-0.18663784861564636,0.6711997985839844,-1.3213690519332886,0.08912980556488037,0.5224680304527283,-2.1045546531677246,0.3498058021068573,0.6951337456703186,-2.0616695880889893,0.3699856102466583,0.5314444899559021,-2.1936497688293457,0.3778094947338104,0.7003018856048584,-2.1445178985595703,0.3918790817260742,0.5466834902763367,-2.2933342456817627,-0.11798746883869171,0.6931677460670471,-2.2582356929779053,-0.16786937415599823
romanian deadlift_800471.jpg,0.48648926615715027,0.39165735244750977,-0.37884169816970825,0.46490713953971863,0.44578754901885986,-0.37962663173675537,0.4512648582458496,0.44383418560028076,-0.3803165853023529,0.43766066431999207,0.44106343388557434,-0.3814043700695038,0.5006560683250427,0.45028337836265564,-0.34634771943092346,0.5158035755157471,0.4575488269329071,-0.34630879759788513,0.526789665222168,0.45782560110092163,-0.3471545875072479,0.412559449672699,0.41266700625419617,-0.19290691614151,0.5211228132247925,0.4193553924560547,-0.0988910123705864,0.4627383053302765,0.33261650800704956,-0.30001989006996155,0.5107718706130981,0.337516725063324,-0.243711456656456,0.3277740478515625,0.16959863901138306,-0.19490556418895721,0.6253361105918884,0.1624045968055725,0.08123648911714554,0.27697521448135376,-0.11932353675365448,-0.2455335557460785,0.8040978908538818,-0.193948432803154,0.18228057026863098,0.35518157482147217,-0.21051546931266785,-0.2484041154384613,0.8666946291923523,-0.38753336668014526,-0.049305275082588196,0.34633731842041016,-0.24735966324806213,-0.3118344843387604,0.9017055630683899,-0.44243714213371277,-0.07740206271409988,0.377736896276474,-0.20145143568515778,-0.30835437774658203,0.8896602988243103,-0.4150177836418152,-0.1320677399635315,0.37663158774375916,-0.20011970400810242,-0.2536167502403259,0.8670843839645386,-0.39707595109939575,-0.0930119976401329,0.4583962559700012,-0.6694781184196472,-0.12270370870828629,0.709018349647522,-0.6643290519714355,0.12349013239145279,0.506698489189148,-1.4052517414093018,-0.10810568183660507,0.7273383736610413,-1.3904844522476196,0.09925902634859085,0.5398141145706177,-2.126370668411255,0.5237135887145996,0.7342872023582458,-2.084641933441162,0.5419484972953796,0.5509164333343506,-2.2180745601654053,0.5633055567741394,0.7448071837425232,-2.165113925933838,0.5737224221229553,0.5336467027664185,-2.317896604537964,0.08398502320051193,0.7107861638069153,-2.2647862434387207,-0.0018895923858508468
romanian deadlift_800481.jpg,0.49953699111938477,0.37010687589645386,-0.3981552720069885,0.4777877628803253,0.42568495869636536,-0.39569827914237976,0.4643608033657074,0.4250892102718353,-0.3963983356952667,0.4508083462715149,0.4239388704299927,-0.39751237630844116,0.512577474117279,0.426910400390625,-0.36987367272377014,0.5275790691375732,0.4286207854747772,-0.36984509229660034,0.5361453294754028,0.4289496839046478,-0.37064677476882935,0.42148762941360474,0.39318808913230896,-0.19918441772460938,0.5394013524055481,0.3945963978767395,-0.12704482674598694,0.4769167900085449,0.312825083732605,-0.3160819709300995,0.5252715945243835,0.31425124406814575,-0.2605110704898834,0.34689095616340637,0.12866580486297607,-0.2037043571472168,0.6412997841835022,0.14818182587623596,0.00745506351813674,0.28016048669815063,-0.20837688446044922,-0.18521948158740997,0.809938371181488,-0.20729917287826538,-0.06529758125543594,0.3238943815231323,-0.39368680119514465,-0.23780012130737305,0.8480074405670166,-0.3999154269695282,-0.4987170398235321,0.30968886613845825,-0.4609299898147583,-0.31090104579925537,0.8779725432395935,-0.4558427631855011,-0.5662187933921814,0.3388153314590454,-0.4189969003200531,-0.330911785364151,0.859910786151886,-0.429982453584671,-0.6428788900375366,0.3476395606994629,-0.39682215452194214,-0.25459033250808716,0.836594820022583,-0.4097698926925659,-0.5503321290016174,0.4716920554637909,-0.6868059039115906,-0.08320817351341248,0.7178495526313782,-0.6756271719932556,0.08368750661611557,0.48707687854766846,-1.4063622951507568,-0.07106342911720276,0.7013318538665771,-1.4005714654922485,0.07236233353614807,0.4987668991088867,-2.1209099292755127,0.5147536993026733,0.6932904124259949,-2.090001344680786,0.4909761846065521,0.5086929798126221,-2.2076988220214844,0.5506357550621033,0.7057902216911316,-2.1721158027648926,0.5132284760475159,0.48658743500709534,-2.307873249053955,0.08195662498474121,0.6587084531784058,-2.264169931411743,-0.0692049115896225
romanian deadlift_800491.jpg,0.4498165547847748,0.4435611367225647,-0.4011926054954529,0.4442322552204132,0.5253182649612427,-0.38403216004371643,0.43398401141166687,0.5233517289161682,-0.38443371653556824,0.3925388753414154,0.49778324365615845,-0.38532546162605286,0.4845685660839081,0.528205931186676,-0.35721471905708313,0.49270808696746826,0.5224354863166809,-0.3568546175956726,0.49961772561073303,0.5185713171958923,-0.3575493395328522,0.3605141341686249,0.46708568930625916,-0.1483502835035324,0.5085539221763611,0.5176323652267456,-0.023445341736078262,0.45733001828193665,0.45507240295410156,-0.30524909496307373,0.49645715951919556,0.4559379518032074,-0.26016080379486084,0.24108876287937164,0.26036566495895386,-0.12112179398536682,0.5842379331588745,0.2594349682331085,0.020222652703523636,0.20541377365589142,0.14983661472797394,-0.3397769629955292,0.7370487451553345,-0.0397864431142807,-0.21869699656963348,0.4343321919441223,0.5396713614463806,-0.3082282841205597,0.7148616909980774,0.2202320247888565,-0.8539196848869324,0.42289096117019653,0.6074662804603577,-0.3530479669570923,0.7366775274276733,0.28315168619155884,-0.971268892288208,0.4274783134460449,0.6066094040870667,-0.2794921100139618,0.7063642144203186,0.3109143078327179,-0.9284216165542603,0.41706421971321106,0.5467318296432495,-0.2830776274204254,0.6820709109306335,0.2798462212085724,-0.8630672097206116,0.34047478437423706,-0.48965099453926086,-0.06081007421016693,0.5931568741798401,-0.45970121026039124,0.062207575887441635,0.37425050139427185,-1.189766526222229,-0.06262560933828354,0.5920669436454773,-1.1696521043777466,0.030319303274154663,0.3944588899612427,-1.8487786054611206,0.40507572889328003,0.5914230942726135,-1.8275271654129028,0.3034159243106842,0.3908630311489105,-1.9351098537445068,0.4264526069164276,0.5909073352813721,-1.9027907848358154,0.3151198923587799,0.42558661103248596,-2.02274751663208,-0.08153438568115234,0.5829780697822571,-2.0224196910858154,-0.2836419641971588
romanian deadlift_800501.jpg,0.4537571966648102,0.4060777425765991,-0.299015611410141,0.4427364766597748,0.4590323269367218,-0.2817552387714386,0.4319612383842468,0.4587942659854889,-0.2821836769580841,0.4097256362438202,0.45178303122520447,-0.2827807366847992,0.4773806035518646,0.4585442543029785,-0.2637680172920227,0.48829278349876404,0.455902099609375,-0.2637677788734436,0.4987989664077759,0.4548598527908325,-0.26456186175346375,0.3886256515979767,0.4259008765220642,-0.10018960386514664,0.5164501070976257,0.436407208442688,-0.006447817198932171,0.444582998752594,0.38363727927207947,-0.22119149565696716,0.4858561158180237,0.38243573904037476,-0.19504374265670776,0.2640189528465271,0.26165932416915894,-0.14940577745437622,0.6100624203681946,0.24698784947395325,0.08515473455190659,0.2754489779472351,0.4104998707771301,-0.3800543248653412,0.7100954055786133,-0.008545578457415104,-0.0781688317656517,0.4772380292415619,0.6807698011398315,-0.39542821049690247,0.7198861241340637,0.2967160642147064,-0.3618350327014923,0.48863476514816284,0.7587923407554626,-0.4222370982170105,0.7388560175895691,0.34561899304389954,-0.4274933934211731,0.47958073019981384,0.757591187953949,-0.36916404962539673,0.7077358961105347,0.3706241250038147,-0.48838087916374207,0.47083809971809387,0.7129741311073303,-0.371093213558197,0.6895246505737305,0.35257747769355774,-0.4016033411026001,0.39520445466041565,-0.5118710398674011,-0.0818532183766365,0.623228132724762,-0.4876171052455902,0.08281884342432022,0.4280279874801636,-1.1794286966323853,-0.12313010543584824,0.6315730810165405,-1.1470838785171509,0.05773337930440903,0.45315903425216675,-1.800328016281128,0.36481156945228577,0.6212461590766907,-1.7624404430389404,0.3063546419143677,0.4595275819301605,-1.8792723417282104,0.39506110548973083,0.6213386654853821,-1.836356282234192,0.3196890950202942,0.46262985467910767,-1.9662885665893555,-0.15193089842796326,0.6045253872871399,-1.9338699579238892,-0.19849923253059387
romanian deadlift_800511.jpg,0.46835407614707947,0.4114570915699005,-0.2616971731185913,0.45074403285980225,0.46286535263061523,-0.2566061317920685,0.4373522400856018,0.462716281414032,-0.257106214761734,0.4186023771762848,0.4581168293952942,-0.25800254940986633,0.48819008469581604,0.46286946535110474,-0.24241890013217926,0.49975982308387756,0.4620603322982788,-0.2424052506685257,0.5099561214447021,0.4618348479270935,-0.24331562221050262,0.4184979200363159,0.4334554970264435,-0.10856994986534119,0.5249054431915283,0.4422758221626282,-0.010997200384736061,0.45545312762260437,0.3796825706958771,-0.19543839991092682,0.498346209526062,0.38141313195228577,-0.17698346078395844,0.32106703519821167,0.271440327167511,-0.16659682989120483,0.6256340742111206,0.25663354992866516,0.10733483731746674,0.30770865082740784,0.2673456072807312,-0.3189452886581421,0.72505122423172,0.009107159450650215,0.07642950862646103,0.4822441637516022,0.5763995051383972,-0.15209384262561798,0.7665494680404663,-0.053127992898225784,-0.14998051524162292,0.4864982068538666,0.6615696549415588,-0.1961595118045807,0.8057693839073181,-0.10548333078622818,-0.17241980135440826,0.49370434880256653,0.6586664915084839,-0.11891747266054153,0.7832165956497192,-0.085911825299263,-0.261130154132843,0.4894120395183563,0.6397743225097656,-0.12472332268953323,0.761105477809906,-0.06442271173000336,-0.19841045141220093,0.41860467195510864,-0.47209009528160095,-0.09432414919137955,0.6505903005599976,-0.45037227869033813,0.09547372907400131,0.4492645263671875,-1.141342282295227,-0.13588352501392365,0.6533488631248474,-1.10585355758667,0.0683099776506424,0.45674484968185425,-1.772603988647461,0.33135926723480225,0.6205228567123413,-1.7254490852355957,0.34832367300987244,0.4589196741580963,-1.8534177541732788,0.35667386651039124,0.6174812912940979,-1.7971521615982056,0.3672989308834076,0.4635516405105591,-1.9414424896240234,-0.12625068426132202,0.6036245226860046,-1.9024754762649536,-0.11163336783647537
romanian deadlift_800521.jpg,,,,,,,,,,,,,,,,,,,,,,,,,,,,,,,,,,,,,,,,,,,,,,,,,,,,,,,,,,,,,,,,,,,,,,,,,,,,,,,,,,,,,,,,,,,,,,,,,,,
romanian deadlift_800531.jpg,0.3552086651325226,0.3253670334815979,-0.10766682773828506,0.35494762659072876,0.30863314867019653,-0.1342322677373886,0.35646551847457886,0.3073769807815552,-0.13433252274990082,0.3581734895706177,0.3059237003326416,-0.1344110667705536,0.3547525107860565,0.30825310945510864,-0.08955393731594086,0.35607588291168213,0.306753545999527,-0.08956160396337509,0.3575330972671509,0.3050004839897156,-0.08970999717712402,0.37656867504119873,0.2999366223812103,-0.20312510430812836,0.3756066560745239,0.2989325523376465,-0.005216611083596945,0.36621177196502686,0.33525460958480835,-0.13035322725772858,0.3653452694416046,0.33445340394973755,-0.0722537562251091,0.42695483565330505,0.36309173703193665,-0.3189004063606262,0.430732786655426,0.35871151089668274,0.14605048298835754,0.45607879757881165,0.5011066198348999,-0.3492858111858368,0.4620502293109894,0.4837280213832855,0.17137673497200012,0.4718970060348511,0.6324884295463562,-0.2803635001182556,0.4764431416988373,0.6216332316398621,0.09192697703838348,0.47686752676963806,0.6643266677856445,-0.32515373826026917,0.4782182574272156,0.6543644070625305,0.09957586973905563,0.47378110885620117,0.6662219166755676,-0.3072045147418976,0.47870129346847534,0.6577927470207214,0.05646156519651413,0.4743846356868744,0.6547589302062988,-0.27156326174736023,0.47838348150253296,0.6467188000679016,0.07120807468891144,0.5550744533538818,0.5122276544570923,-0.1413707733154297,0.5449010133743286,0.5110548734664917,0.1415948122739792,0.5090716481208801,0.6955530643463135,-0.06595894694328308,0.5029306411743164,0.6817934513092041,0.1792832762002945,0.5006693005561829,0.8653231859207153,0.08224716782569885,0.5006314516067505,0.8331515192985535,0.3558695912361145,0.5061832070350647,0.8833738565444946,0.09425543993711472,0.5098698139190674,0.8546152114868164,0.37042003870010376,0.4446721076965332,0.8954019546508789,0.019326722249388695,0.46121054887771606,0.8747192621231079,0.31978893280029297
romanian deadlift_800541.jpg,0.35395902395248413,0.35641929507255554,-0.07816076278686523,0.3532925546169281,0.33882614970207214,-0.10438207536935806,0.35470959544181824,0.3375450372695923,-0.10446467995643616,0.356317937374115,0.33596909046173096,-0.10454121977090836,0.353419691324234,0.33810070157051086,-0.059566471725702286,0.3548794388771057,0.33635056018829346,-0.05956203117966652,0.3565142750740051,0.33425962924957275,-0.05970057100057602,0.37452974915504456,0.3293355703353882,-0.17920097708702087,0.37406453490257263,0.3275752663612366,0.019533565267920494,0.365608811378479,0.3667319416999817,-0.10322864353656769,0.3652131259441376,0.36666059494018555,-0.04492541030049324,0.42468130588531494,0.3840978443622589,-0.3038226068019867,0.4307863116264343,0.37701183557510376,0.17088058590888977,0.45599162578582764,0.527338981628418,-0.33541765809059143,0.4670642614364624,0.503188967704773,0.19703470170497894,0.4716991186141968,0.6567695736885071,-0.2640778124332428,0.4780382513999939,0.6400801539421082,0.11729123443365097,0.47682252526283264,0.68771892786026,-0.3088454008102417,0.4819917678833008,0.6622024774551392,0.1301961988210678,0.47367754578590393,0.6899730563163757,-0.2888246476650238,0.47902676463127136,0.6744711399078369,0.0867931991815567,0.47414544224739075,0.6782341599464417,-0.25455522537231445,0.48032405972480774,0.6634203195571899,0.09699190407991409,0.5585027933120728,0.5210740566253662,-0.14234250783920288,0.5512069463729858,0.5149739384651184,0.14254172146320343,0.5089197754859924,0.6962339878082275,-0.06474975496530533,0.5041972398757935,0.6806227564811707,0.20619241893291473,0.4970249831676483,0.868829607963562,0.08265164494514465,0.49363434314727783,0.8365526795387268,0.36498963832855225,0.5057793259620667,0.8867954015731812,0.09469164162874222,0.5025646686553955,0.8619431257247925,0.3780364692211151,0.4391530156135559,0.8950590491294861,0.027846049517393112,0.4448803961277008,0.8752108812332153,0.33261242508888245
romanian deadlift_800551.jpg,0.3530787527561188,0.3925521969795227,-0.04499145597219467,0.35064414143562317,0.3751877546310425,-0.06993890553712845,0.3517007827758789,0.37352705001831055,-0.06998826563358307,0.35289865732192993,0.37158504128456116,-0.07004676759243011,0.3506085276603699,0.3751380443572998,-0.025235451757907867,0.35161319375038147,0.3734673857688904,-0.025238163769245148,0.3527565002441406,0.37136873602867126,-0.0253822710365057,0.3686573803424835,0.3626308739185333,-0.14778636395931244,0.3685491681098938,0.3613683581352234,0.0499531552195549,0.36449819803237915,0.39903396368026733,-0.07152683287858963,0.36424368619918823,0.3999801576137543,-0.013552919030189514,0.42089828848838806,0.40971556305885315,-0.2840546667575836,0.43131765723228455,0.3989650309085846,0.20059993863105774,0.4558090567588806,0.5473718643188477,-0.3228555917739868,0.46679389476776123,0.5280190110206604,0.22688241302967072,0.47129976749420166,0.6895656585693359,-0.2664940059185028,0.4772581160068512,0.6696789264678955,0.16016367077827454,0.47551122307777405,0.7188684344291687,-0.3119153082370758,0.48192059993743896,0.6867600083351135,0.1778261959552765,0.4723721444606781,0.7223957777023315,-0.2893848717212677,0.4789375364780426,0.6970298290252686,0.13456988334655762,0.4727279543876648,0.711783766746521,-0.256084144115448,0.48039498925209045,0.6851741671562195,0.14049072563648224,0.5583522319793701,0.5310600399971008,-0.14895309507846832,0.554555356502533,0.5217023491859436,0.14902395009994507,0.5080448389053345,0.7057307362556458,-0.07216344028711319,0.5083091855049133,0.6872246861457825,0.20988838374614716,0.4882359802722931,0.8919306993484497,0.03809112310409546,0.48162832856178284,0.8674400448799133,0.35651716589927673,0.5004007816314697,0.9278510808944702,0.046854451298713684,0.4854113459587097,0.8975275754928589,0.36802756786346436,0.43497785925865173,0.9293128252029419,-0.025893617421388626,0.4156908690929413,0.8964225649833679,0.3186814486980438
romanian deadlift_800561.jpg,0.3531138598918915,0.4122490882873535,-0.054519057273864746,0.34990641474723816,0.3949243426322937,-0.07978474348783493,0.3507372736930847,0.3932693600654602,-0.07983440905809402,0.35167109966278076,0.39129188656806946,-0.079876609146595,0.35016101598739624,0.3940356373786926,-0.035387925803661346,0.35119199752807617,0.39181530475616455,-0.03540356829762459,0.3523528277873993,0.3891363739967346,-0.03555793687701225,0.3668918013572693,0.38138848543167114,-0.1565510332584381,0.3670993149280548,0.3794763386249542,0.04012485221028328,0.36452147364616394,0.4182983338832855,-0.08031315356492996,0.3643534481525421,0.4182901084423065,-0.0226978100836277,0.420925110578537,0.4234134554862976,-0.28972864151000977,0.43147552013397217,0.4144035279750824,0.1919860988855362,0.45538774132728577,0.5608782768249512,-0.3290247619152069,0.4680984914302826,0.5413731932640076,0.22307679057121277,0.4694529175758362,0.7016989588737488,-0.2671717405319214,0.47903987765312195,0.6827061772346497,0.16131772100925446,0.472475528717041,0.733988881111145,-0.3123385012149811,0.4817632734775543,0.7088508009910583,0.17769213020801544,0.4693889021873474,0.7390158176422119,-0.2921317517757416,0.48008111119270325,0.710315465927124,0.13493648171424866,0.46933773159980774,0.7287669777870178,-0.2580513656139374,0.48102155327796936,0.6970080137252808,0.14175572991371155,0.5606557130813599,0.533379852771759,-0.1506173014640808,0.5550375580787659,0.5290368795394897,0.15066306293010712,0.5080193281173706,0.7063964605331421,-0.0741012766957283,0.5074245929718018,0.6894423365592957,0.20575100183486938,0.4881182312965393,0.8929939866065979,0.047658562660217285,0.4845989942550659,0.8596456050872803,0.3497874140739441,0.5007193684577942,0.9194731116294861,0.0576985739171505,0.49106085300445557,0.8862597346305847,0.36288318037986755,0.4358411133289337,0.9310055375099182,-0.014786915853619576,0.42940303683280945,0.8962517380714417,0.3175234794616699
romanian deadlift_800571.jpg,0.35312363505363464,0.42295166850090027,-0.07854440063238144,0.34938207268714905,0.4052343964576721,-0.1046934574842453,0.3501907289028168,0.40338051319122314,-0.10471437871456146,0.35112953186035156,0.40117427706718445,-0.10468821227550507,0.3497026860713959,0.40451323986053467,-0.05961477383971214,0.3507387340068817,0.4022361636161804,-0.059665247797966,0.35189491510391235,0.399495005607605,-0.05981918424367905,0.36653709411621094,0.3896932005882263,-0.18209807574748993,0.3665470778942108,0.3882056772708893,0.016672395169734955,0.3645887076854706,0.4285493493080139,-0.10358329117298126,0.36448773741722107,0.4284716844558716,-0.04538479074835777,0.4208942949771881,0.4302706718444824,-0.30782780051231384,0.4298260807991028,0.42042267322540283,0.17722861468791962,0.45486414432525635,0.5678007006645203,-0.354000985622406,0.46776536107063293,0.5474472641944885,0.21226266026496887,0.467512309551239,0.7053521275520325,-0.2927054762840271,0.47899261116981506,0.6894757747650146,0.1423446536064148,0.4694252610206604,0.7386847734451294,-0.3404403328895569,0.48010820150375366,0.7150768637657166,0.15765604376792908,0.4647136926651001,0.7442275881767273,-0.31732186675071716,0.47968849539756775,0.720151424407959,0.12094814330339432,0.4650912284851074,0.7320532202720642,-0.28150317072868347,0.4810221791267395,0.7096527218818665,0.12349823117256165,0.5617414712905884,0.533859133720398,-0.15137358009815216,0.5545026063919067,0.531361997127533,0.15148800611495972,0.5078633427619934,0.7055362462997437,-0.08051566779613495,0.5085733532905579,0.6888903975486755,0.21463511884212494,0.48638784885406494,0.8943555951118469,0.046349748969078064,0.5361908674240112,0.7977524399757385,0.42166680097579956,0.5007904171943665,0.9220235347747803,0.05586883798241615,0.5456228852272034,0.8058543801307678,0.44161972403526306,0.4395362436771393,0.932446300983429,-0.026517348363995552,0.520675539970398,0.8422245383262634,0.4029269218444824
romanian deadlift_800581.jpg,0.34987956285476685,0.4104246497154236,-0.11034615337848663,0.3474869728088379,0.39320823550224304,-0.13743533194065094,0.348446249961853,0.3917657732963562,-0.1374967247247696,0.3495126962661743,0.39011725783348083,-0.13752871751785278,0.34777212142944336,0.39236149191856384,-0.09156272560358047,0.34890979528427124,0.39045441150665283,-0.0915985181927681,0.3501133620738983,0.38834673166275024,-0.09172620624303818,0.3651977777481079,0.38202980160713196,-0.21484827995300293,0.3650183379650116,0.37992173433303833,-0.011868502013385296,0.3615511357784271,0.41823333501815796,-0.13557885587215424,0.3619280755519867,0.41776445508003235,-0.0759996697306633,0.4199982285499573,0.428872287273407,-0.3266970217227936,0.4287010729312897,0.4201400876045227,0.14121867716312408,0.45435020327568054,0.565458357334137,-0.3650158941745758,0.46434828639030457,0.5503262281417847,0.18205717206001282,0.4660038352012634,0.7052509188652039,-0.3043676018714905,0.4784705340862274,0.6947234869003296,0.13952411711215973,0.4682720899581909,0.7402732968330383,-0.35201406478881836,0.47815850377082825,0.7081530690193176,0.15371635556221008,0.4630238711833954,0.7449475526809692,-0.3277621269226074,0.47793033719062805,0.712119460105896,0.11866149306297302,0.4634955823421478,0.732969343662262,-0.29302212595939636,0.4809894561767578,0.7148936986923218,0.12119151651859283,0.5638641119003296,0.53179532289505,-0.1498975306749344,0.5540057420730591,0.5291505455970764,0.15009266138076782,0.508342981338501,0.7051781415939331,-0.08031981438398361,0.5047641396522522,0.6815437078475952,0.21146531403064728,0.48668068647384644,0.890839159488678,0.052695464342832565,0.5286370515823364,0.7860864400863647,0.4094596207141876,0.5020073652267456,0.9183726906776428,0.06287720799446106,0.5388447642326355,0.7964489459991455,0.4291326403617859,0.441977322101593,0.9287167191505432,-0.01632857322692871,0.5060449242591858,0.8293091654777527,0.39740580320358276
romanian deadlift_800591.jpg,0.34873294830322266,0.3975979685783386,-0.12735146284103394,0.347683846950531,0.3799575865268707,-0.15426605939865112,0.34875982999801636,0.3788009285926819,-0.1543584167957306,0.34993937611579895,0.3773939907550812,-0.1544082909822464,0.34784138202667236,0.3796807527542114,-0.1080879420042038,0.3490253984928131,0.37884020805358887,-0.10812296718358994,0.3503417372703552,0.3778899312019348,-0.10826288908720016,0.3658737242221832,0.3775063753128052,-0.22906829416751862,0.36562874913215637,0.3761230409145355,-0.023800021037459373,0.3604690432548523,0.4122406542301178,-0.1514868140220642,0.36031055450439453,0.41031205654144287,-0.091339610517025,0.42004579305648804,0.418484628200531,-0.33582866191864014,0.4252873957157135,0.41108444333076477,0.13058699667453766,0.45429930090904236,0.5554310083389282,-0.37223365902900696,0.4590837061405182,0.5386654138565063,0.17898930609226227,0.4652386009693146,0.6933223009109497,-0.32004594802856445,0.47816234827041626,0.6841781139373779,0.13511642813682556,0.4684198498725891,0.7265571355819702,-0.3666147291660309,0.47734037041664124,0.7024206519126892,0.14921781420707703,0.46292591094970703,0.7306205034255981,-0.34259137511253357,0.4761574864387512,0.7086661458015442,0.10836520791053772,0.46341294050216675,0.7188624143600464,-0.3084356486797333,0.47768673300743103,0.7061920762062073,0.11606265604496002,0.5636717081069946,0.530575156211853,-0.14953827857971191,0.5456958413124084,0.5287026166915894,0.14972420036792755,0.5094931721687317,0.7038813233375549,-0.1172923594713211,0.49866291880607605,0.680853009223938,0.22868457436561584,0.4879198968410492,0.8889888525009155,-0.013737828470766544,0.5471654534339905,0.7588661909103394,0.4558575749397278,0.5016874670982361,0.9155356287956238,-0.005453439429402351,0.5578714609146118,0.765321671962738,0.4780369997024536,0.4423570930957794,0.9256904721260071,-0.08512105792760849,0.5353368520736694,0.8011189699172974,0.4527481496334076
romanian deadlift_800601.jpg,0.3490212857723236,0.3283386826515198,-0.13663390278816223,0.3487439453601837,0.3101364076137543,-0.16337384283542633,0.35046279430389404,0.309085875749588,-0.16345971822738647,0.3524167239665985,0.3078065514564514,-0.16350984573364258,0.34833475947380066,0.31007227301597595,-0.11739125847816467,0.3495899736881256,0.3091224133968353,-0.11742854118347168,0.3509593904018402,0.30779045820236206,-0.11755116283893585,0.3694685697555542,0.30772697925567627,-0.23302693665027618,0.36745551228523254,0.3064551055431366,-0.02806050516664982,0.36073970794677734,0.34095680713653564,-0.15917184948921204,0.36024209856987,0.34083274006843567,-0.09901221841573715,0.42115476727485657,0.3748859465122223,-0.3338279724121094,0.42201411724090576,0.37173643708229065,0.12252622097730637,0.45337361097335815,0.5205134749412537,-0.3683881461620331,0.4556006193161011,0.49458998441696167,0.16375450789928436,0.4651418626308441,0.6528415083885193,-0.32030734419822693,0.47044605016708374,0.6368238925933838,0.1109916940331459,0.4687846601009369,0.6853131055831909,-0.368684321641922,0.4716116189956665,0.6733185648918152,0.12365632504224777,0.4635653793811798,0.69072026014328,-0.34531286358833313,0.47094660997390747,0.6777807474136353,0.08103274554014206,0.46380293369293213,0.679780900478363,-0.30985572934150696,0.4735337793827057,0.6621584296226501,0.09168561547994614,0.5587913990020752,0.5156047940254211,-0.14764294028282166,0.5401691198348999,0.5134425759315491,0.14784742891788483,0.5095845460891724,0.6980310082435608,-0.10217344760894775,0.4939771890640259,0.6691985130310059,0.24927183985710144,0.5047887563705444,0.8735046982765198,0.020433375611901283,0.534501850605011,0.7816392779350281,0.4806413948535919,0.503564715385437,0.8795977830886841,0.030087297782301903,0.5454326868057251,0.7948505878448486,0.5011546611785889,0.45268717408180237,0.9255762696266174,-0.05179567262530327,0.5108296275138855,0.8229597210884094,0.46359604597091675
romanian deadlift_800611.jpg,0.3595709204673767,0.24022041261196136,-0.1186344176530838,0.365655779838562,0.22419373691082,-0.14722949266433716,0.3681899905204773,0.2236255705356598,-0.1474214643239975,0.37076717615127563,0.2230801284313202,-0.14750362932682037,0.3639536201953888,0.22468094527721405,-0.10140376538038254,0.3650772273540497,0.22439630329608917,-0.1014251708984375,0.3662341237068176,0.223794087767601,-0.10141599178314209,0.386831134557724,0.22702448070049286,-0.21955451369285583,0.3824297785758972,0.22575643658638,-0.012226449325680733,0.3694256544113159,0.2547095715999603,-0.14306212961673737,0.36716005206108093,0.25504475831985474,-0.08228929340839386,0.42579028010368347,0.3173092305660248,-0.3149494528770447,0.42267856001853943,0.31693896651268005,0.13267453014850616,0.4533877372741699,0.4662753939628601,-0.3465447425842285,0.45510974526405334,0.4483109712600708,0.1698482781648636,0.46494191884994507,0.5928868055343628,-0.313316285610199,0.4690497815608978,0.5752442479133606,0.10707397758960724,0.4682420492172241,0.6225157380104065,-0.35832661390304565,0.47127288579940796,0.6066086292266846,0.11961490660905838,0.4633908271789551,0.6256852149963379,-0.33559519052505493,0.4701107442378998,0.6136992573738098,0.07398851215839386,0.4635947346687317,0.6153056621551514,-0.3018498420715332,0.4730011820793152,0.5990631580352783,0.08663953840732574,0.5494527816772461,0.4978097677230835,-0.14640440046787262,0.5377098321914673,0.4906037747859955,0.14670343697071075,0.5095646977424622,0.6949300169944763,-0.09884706884622574,0.495250403881073,0.6610903143882751,0.28280994296073914,0.50301593542099,0.859494686126709,0.021237527951598167,0.4992862641811371,0.7897864580154419,0.505206286907196,0.5033807754516602,0.8784931898117065,0.02984979748725891,0.5068429708480835,0.8064489364624023,0.5228067636489868,0.45206233859062195,0.9262297749519348,-0.06879349797964096,0.4709087908267975,0.8240538835525513,0.4641006588935852
romanian deadlift_800621.jpg,0.37848275899887085,0.18148954212665558,-0.10444332659244537,0.3858341574668884,0.1643744707107544,-0.12690402567386627,0.3882865309715271,0.16422012448310852,-0.1270480453968048,0.3908606171607971,0.1637474000453949,-0.1271234154701233,0.38356101512908936,0.16429641842842102,-0.08285919576883316,0.384256511926651,0.1641862541437149,-0.08286869525909424,0.38497933745384216,0.16373920440673828,-0.08285820484161377,0.4070163071155548,0.16788682341575623,-0.17778927087783813,0.40037038922309875,0.1667846143245697,0.018730485811829567,0.3863631784915924,0.199136883020401,-0.12168324738740921,0.3831263780593872,0.1982278972864151,-0.06375645101070404,0.4378538131713867,0.2771187722682953,-0.2879161238670349,0.43018829822540283,0.2790004312992096,0.17160256206989288,0.4545780122280121,0.41751861572265625,-0.33213087916374207,0.4552319645881653,0.4167977273464203,0.21338416635990143,0.4645812213420868,0.5390166640281677,-0.3100478947162628,0.4649777412414551,0.5300509333610535,0.1403701901435852,0.4682130813598633,0.5654736161231995,-0.3590114414691925,0.4661042392253876,0.5613954663276672,0.15584510564804077,0.46293291449546814,0.5703893899917603,-0.3374854028224945,0.4645894765853882,0.5644884705543518,0.10983983427286148,0.4627543091773987,0.56374591588974,-0.3000740706920624,0.46591371297836304,0.5560406446456909,0.11990372836589813,0.5389998555183411,0.4827342927455902,-0.15217755734920502,0.5306707620620728,0.48112791776657104,0.15261822938919067,0.5049034357070923,0.6926671862602234,-0.12698660790920258,0.491583913564682,0.6649905443191528,0.16985422372817993,0.4967392086982727,0.887381911277771,-0.04931435361504555,0.4859008193016052,0.8609329462051392,0.3217180669307709,0.5034874081611633,0.9292376041412354,-0.045068446546792984,0.4941670596599579,0.8868530988693237,0.3327670991420746,0.43494120240211487,0.9429687261581421,-0.14913450181484222,0.4385947287082672,0.909824788570404,0.2543386220932007
romanian deadlift_800631.jpg,0.4033276438713074,0.13810200989246368,-0.1283978372812271,0.41082465648651123,0.11957705765962601,-0.14593282341957092,0.413869172334671,0.11917392164468765,-0.14604566991329193,0.4169345200061798,0.11888837814331055,-0.14612168073654175,0.4068445861339569,0.12006742507219315,-0.10367646813392639,0.4069424867630005,0.11987906694412231,-0.10362211614847183,0.40714359283447266,0.1195356547832489,-0.10358699411153793,0.4331325590610504,0.12465470284223557,-0.18197645246982574,0.4239361882209778,0.12413917481899261,0.016199318692088127,0.41212841868400574,0.15614566206932068,-0.13840490579605103,0.4069410562515259,0.1549360454082489,-0.08351433277130127,0.45058679580688477,0.2342042773962021,-0.2946285307407379,0.449679434299469,0.23372596502304077,0.17450052499771118,0.45935553312301636,0.3782574236392975,-0.3393119275569916,0.46344390511512756,0.369137704372406,0.21938878297805786,0.4597470462322235,0.5073242783546448,-0.3236987292766571,0.46605876088142395,0.4838075339794159,0.13820067048072815,0.46309342980384827,0.538421630859375,-0.3774470090866089,0.4674929678440094,0.5228146314620972,0.15181443095207214,0.4578138291835785,0.5424441695213318,-0.3552197813987732,0.465767502784729,0.5269384384155273,0.1044134721159935,0.4580453336238861,0.533329963684082,-0.3137459456920624,0.466595858335495,0.5174239873886108,0.11678332835435867,0.5243296027183533,0.47517886757850647,-0.15182781219482422,0.5251778364181519,0.4688897728919983,0.15223608911037445,0.5007060170173645,0.6837925910949707,-0.12337475270032883,0.4926886260509491,0.6610680222511292,0.1868768334388733,0.4909150004386902,0.8949911594390869,-0.054377488791942596,0.49077409505844116,0.8635796308517456,0.33203765749931335,0.5023171305656433,0.9315924048423767,-0.052052080631256104,0.500347912311554,0.8928655982017517,0.340610533952713,0.42737457156181335,0.9466360211372375,-0.1614685207605362,0.43006613850593567,0.9130499362945557,0.2572105824947357
romanian deadlift_800641.jpg,0.41879692673683167,0.12403741478919983,-0.09188177436590195,0.428212970495224,0.1040230318903923,-0.11643938720226288,0.43062928318977356,0.10310017317533493,-0.1165330782532692,0.4331039786338806,0.10222018510103226,-0.11660214513540268,0.4260370433330536,0.10442448407411575,-0.06796301901340485,0.4268798828125,0.10379216074943542,-0.067875936627388,0.4278799295425415,0.10309646278619766,-0.06787265092134476,0.44993260502815247,0.10713618248701096,-0.17637164890766144,0.4442563056945801,0.10806011408567429,0.037548769265413284,0.42759326100349426,0.1408633440732956,-0.1127166599035263,0.42417657375335693,0.14109377562999725,-0.050041314214468,0.4638589322566986,0.21957483887672424,-0.2954185903072357,0.4644909203052521,0.2216285765171051,0.18865042924880981,0.4681411385536194,0.3652808666229248,-0.34891095757484436,0.46879732608795166,0.35815146565437317,0.23420880734920502,0.4556725323200226,0.49129387736320496,-0.3265417814254761,0.46582794189453125,0.4730915427207947,0.1398494392633438,0.4576897621154785,0.5227568745613098,-0.38165971636772156,0.46288731694221497,0.5097699761390686,0.1523132622241974,0.45234355330467224,0.5244970321655273,-0.35751691460609436,0.46010106801986694,0.514619767665863,0.10174635797739029,0.45268121361732483,0.5143811702728271,-0.3162509799003601,0.4607580602169037,0.5037053227424622,0.11645031720399857,0.5139973163604736,0.4649597704410553,-0.15137486159801483,0.5200965404510498,0.4581492841243744,0.15175272524356842,0.4943818747997284,0.6764624714851379,-0.14255642890930176,0.49211639165878296,0.6526109576225281,0.18497703969478607,0.4889621436595917,0.8982170224189758,-0.08539893478155136,0.49789270758628845,0.86598140001297,0.27426081895828247,0.5024853944778442,0.9344109296798706,-0.08465869724750519,0.5112776160240173,0.8975525498390198,0.2781831920146942,0.4252866208553314,0.9457823038101196,-0.19068333506584167,0.4425945580005646,0.9024836421012878,0.19201798737049103
romanian deadlift_800651.jpg,0.4338058531284332,0.12082505971193314,-0.10089467465877533,0.44089275598526,0.10214409232139587,-0.12859342992305756,0.4429130256175995,0.10174808651208878,-0.12867727875709534,0.4450826048851013,0.10124924033880234,-0.1287364363670349,0.43992429971694946,0.10185253620147705,-0.07639914005994797,0.44109344482421875,0.10132481157779694,-0.07626397907733917,0.4424029588699341,0.10063400119543076,-0.07621287554502487,0.46245068311691284,0.1060350313782692,-0.19194118678569794,0.4589991867542267,0.10478972643613815,0.026543378829956055,0.44134530425071716,0.13846056163311005,-0.12244781851768494,0.43973198533058167,0.13880528509616852,-0.05389214679598808,0.47452300786972046,0.21926473081111908,-0.30998343229293823,0.4792647957801819,0.2207302302122116,0.17978279292583466,0.46949926018714905,0.3702387511730194,-0.3666461110115051,0.4748695492744446,0.35109642148017883,0.2267693728208542,0.45050856471061707,0.49213165044784546,-0.3325307071208954,0.46507027745246887,0.4687325656414032,0.12839052081108093,0.4501304626464844,0.5219493508338928,-0.38767677545547485,0.4597160518169403,0.5042181015014648,0.13751862943172455,0.44541436433792114,0.523750364780426,-0.3650103807449341,0.4564601480960846,0.5093610286712646,0.08050917088985443,0.44674938917160034,0.5137269496917725,-0.32249143719673157,0.45828044414520264,0.5003600120544434,0.10202246159315109,0.5076809525489807,0.46986550092697144,-0.1510891318321228,0.5145307183265686,0.46254459023475647,0.151454359292984,0.49068424105644226,0.6785486936569214,-0.15071138739585876,0.4892210066318512,0.6539720892906189,0.1998734027147293,0.48791199922561646,0.90016108751297,-0.09901001304388046,0.49915018677711487,0.8632140159606934,0.3089294731616974,0.5026305913925171,0.933400571346283,-0.09979819506406784,0.5116676092147827,0.8955724239349365,0.3143821060657501,0.4208355247974396,0.9483955502510071,-0.21438100934028625,0.4481572210788727,0.895874559879303,0.23207588493824005
romanian deadlift_800661.jpg,0.43970730900764465,0.11985934525728226,-0.13068422675132751,0.4471242129802704,0.1008366048336029,-0.16006295382976532,0.4491889178752899,0.10044504702091217,-0.16013221442699432,0.45144349336624146,0.09988979995250702,-0.16019444167613983,0.44552427530288696,0.10088730603456497,-0.10929686576128006,0.4464319050312042,0.1004917249083519,-0.10922611504793167,0.4475162923336029,0.0998482033610344,-0.1092434823513031,0.46925127506256104,0.10606496781110764,-0.2253616750240326,0.465250164270401,0.10377943515777588,-0.0034241112880408764,0.44738638401031494,0.1374429613351822,-0.15166833996772766,0.4442470371723175,0.13906578719615936,-0.08596017956733704,0.48078474402427673,0.2144099771976471,-0.3453241288661957,0.4844733774662018,0.2170693576335907,0.1693733036518097,0.47287556529045105,0.3681328594684601,-0.3943934142589569,0.478506475687027,0.356425404548645,0.21927759051322937,0.4506572186946869,0.4923722445964813,-0.35271114110946655,0.4635656476020813,0.4759358763694763,0.11612434685230255,0.45037779211997986,0.5239296555519104,-0.40887191891670227,0.4583621025085449,0.5074595212936401,0.1222243532538414,0.44459789991378784,0.5235254168510437,-0.38957124948501587,0.45270293951034546,0.5097672939300537,0.06474634259939194,0.44598016142845154,0.5139116644859314,-0.34374678134918213,0.45535707473754883,0.5018172860145569,0.0890979990363121,0.501595675945282,0.47390928864479065,-0.15091487765312195,0.5047336220741272,0.46831321716308594,0.151298388838768,0.4883817434310913,0.6790138483047485,-0.13932842016220093,0.48762279748916626,0.6564963459968567,0.19834041595458984,0.4867192208766937,0.8996927738189697,-0.08188096433877945,0.49324172735214233,0.8656238317489624,0.3014334440231323,0.5024611949920654,0.9382504820823669,-0.08514438569545746,0.5055060386657715,0.9058191180229187,0.30574384331703186,0.4183655381202698,0.9471824765205383,-0.1505911946296692,0.43574005365371704,0.9092636108398438,0.21003994345664978
romanian deadlift_800671.jpg,0.44017770886421204,0.12292846292257309,-0.13594859838485718,0.44634419679641724,0.10515351593494415,-0.16517996788024902,0.4486467242240906,0.10447243601083755,-0.16522781550884247,0.4510994851589203,0.10355482250452042,-0.1652769148349762,0.44488435983657837,0.10511226952075958,-0.11680786311626434,0.4459640681743622,0.10450621694326401,-0.11677033454179764,0.44722384214401245,0.10358946770429611,-0.11681424081325531,0.4703923165798187,0.10795741528272629,-0.22992824018001556,0.4650861918926239,0.1069483757019043,-0.01727108284831047,0.44784432649612427,0.1406571865081787,-0.15616950392723083,0.44528496265411377,0.14162427186965942,-0.09387118369340897,0.48431092500686646,0.21503585577011108,-0.3495815694332123,0.48662737011909485,0.21755927801132202,0.15763071179389954,0.4743465483188629,0.364260196685791,-0.3884415924549103,0.4793015122413635,0.35727232694625854,0.21879693865776062,0.4520389139652252,0.4888564944267273,-0.3435990512371063,0.46235978603363037,0.46824967861175537,0.11700058728456497,0.45183849334716797,0.5192769765853882,-0.3959289491176605,0.4583715498447418,0.4964806139469147,0.12400441616773605,0.44614946842193604,0.517845094203949,-0.3801652789115906,0.45343300700187683,0.5006135106086731,0.07033640891313553,0.4473330080509186,0.5093496441841125,-0.3358398973941803,0.4542848765850067,0.4918099641799927,0.09139462560415268,0.49508678913116455,0.4782536029815674,-0.1507146954536438,0.49499908089637756,0.4731525480747223,0.15107224881649017,0.4899757504463196,0.6801866888999939,-0.12913858890533447,0.4880385100841522,0.6595500707626343,0.2017020285129547,0.48647016286849976,0.9007129073143005,-0.05594391003251076,0.49228090047836304,0.868192732334137,0.31350424885749817,0.5026297569274902,0.9368902444839478,-0.05601579695940018,0.5046534538269043,0.9010320901870728,0.3185834586620331,0.4211694896221161,0.9497126340866089,-0.1729433387517929,0.43053117394447327,0.9130038022994995,0.2293504923582077
romanian deadlift_800681.jpg,0.43556395173072815,0.1257966309785843,-0.14602750539779663,0.441203773021698,0.10633911192417145,-0.1753992885351181,0.44338923692703247,0.10556364804506302,-0.17544150352478027,0.44571802020072937,0.10469737648963928,-0.17548157274723053,0.4393257796764374,0.10688941925764084,-0.12697072327136993,0.44003134965896606,0.10657556354999542,-0.12692603468894958,0.44083938002586365,0.10605092346668243,-0.12696537375450134,0.4659230411052704,0.10996375977993011,-0.240085169672966,0.460041344165802,0.10994785279035568,-0.025948185473680496,0.4434918463230133,0.14425444602966309,-0.16571825742721558,0.44052988290786743,0.1455274075269699,-0.10337015241384506,0.4810850918292999,0.21654556691646576,-0.3554306924343109,0.4858274459838867,0.21768012642860413,0.14877499639987946,0.47300684452056885,0.36324962973594666,-0.4048910140991211,0.47951164841651917,0.3576110005378723,0.21507057547569275,0.45181557536125183,0.4942536950111389,-0.36632606387138367,0.4627922773361206,0.47278302907943726,0.10931246727705002,0.4513497054576874,0.5241796970367432,-0.41838085651397705,0.45936867594718933,0.5021596550941467,0.11208648234605789,0.44650667905807495,0.5235679149627686,-0.4065524637699127,0.4550451636314392,0.5052280426025391,0.060345496982336044,0.4477207362651825,0.5146478414535522,-0.36002272367477417,0.4559623897075653,0.49867507815361023,0.0843353345990181,0.4913117289543152,0.48027148842811584,-0.15062275528907776,0.488230437040329,0.47576311230659485,0.15102259814739227,0.49099311232566833,0.6774420142173767,-0.14351043105125427,0.4879201650619507,0.6605615615844727,0.2257867306470871,0.4867918789386749,0.8996431827545166,-0.10018062591552734,0.4934140741825104,0.8639793395996094,0.3185338079929352,0.5029368996620178,0.9372451901435852,-0.10418049991130829,0.5056259036064148,0.8926244378089905,0.3314920663833618,0.4193992018699646,0.9476810693740845,-0.24313180148601532,0.4376162886619568,0.9094318747520447,0.25481662154197693
romanian deadlift_800691.jpg,0.42611733078956604,0.1347651332616806,-0.14305560290813446,0.4313865602016449,0.11550629884004593,-0.1670861840248108,0.43359944224357605,0.11484328657388687,-0.1671465039253235,0.43591928482055664,0.114130400121212,-0.16719286143779755,0.42974090576171875,0.1157599687576294,-0.12104577571153641,0.43060189485549927,0.11527781188488007,-0.12103990465402603,0.4315672814846039,0.11456669867038727,-0.12106706202030182,0.45497623085975647,0.11806560307741165,-0.23008330166339874,0.44948387145996094,0.11719807237386703,-0.020739134401082993,0.4350842833518982,0.1518150269985199,-0.16109926998615265,0.4324418902397156,0.15233749151229858,-0.10276102274656296,0.4750811457633972,0.2220643311738968,-0.34738531708717346,0.481556236743927,0.22020892798900604,0.15544939041137695,0.47191062569618225,0.3675602078437805,-0.3929704427719116,0.48167428374290466,0.3637544512748718,0.21439476311206818,0.45232686400413513,0.4971218407154083,-0.34610891342163086,0.4654388129711151,0.47695961594581604,0.11121539026498795,0.45188167691230774,0.5292383432388306,-0.3891643285751343,0.45954036712646484,0.507463812828064,0.1159670501947403,0.44759953022003174,0.5297551155090332,-0.38929301500320435,0.4561028778553009,0.5105688571929932,0.0655500516295433,0.4486800730228424,0.5196974873542786,-0.34126588702201843,0.45627960562705994,0.5010628700256348,0.08698035776615143,0.4983904957771301,0.48136985301971436,-0.15088105201721191,0.49376142024993896,0.4777905344963074,0.15118393301963806,0.4916315972805023,0.6766148805618286,-0.15398046374320984,0.48950424790382385,0.6601186394691467,0.3052986264228821,0.48680293560028076,0.8991333246231079,-0.13928727805614471,0.5014732480049133,0.8011878728866577,0.49799731373786926,0.5021183490753174,0.9367554783821106,-0.14559324085712433,0.5133445262908936,0.8263417482376099,0.5142042636871338,0.419735312461853,0.946852445602417,-0.27357760071754456,0.4600827097892761,0.8388612270355225,0.4765491187572479
romanian deadlift_800701.jpg,0.412447988986969,0.14637333154678345,-0.1649511605501175,0.41707462072372437,0.12720751762390137,-0.1918010413646698,0.41861197352409363,0.12652647495269775,-0.1918615847826004,0.42026469111442566,0.12581272423267365,-0.19191418588161469,0.41739100217819214,0.12741047143936157,-0.14338599145412445,0.41896024346351624,0.12683498859405518,-0.14335384964942932,0.4206696152687073,0.12604019045829773,-0.1434430032968521,0.4396984875202179,0.13039010763168335,-0.25468161702156067,0.43839094042778015,0.12896975874900818,-0.039705920964479446,0.4203048348426819,0.16272184252738953,-0.1846362203359604,0.4194788634777069,0.16323572397232056,-0.12243051826953888,0.47091808915138245,0.23332908749580383,-0.3723112642765045,0.48080453276634216,0.23171493411064148,0.13769730925559998,0.47088760137557983,0.37862175703048706,-0.4239179790019989,0.48059526085853577,0.3719489574432373,0.1868608295917511,0.4527244567871094,0.5094299912452698,-0.3795321583747864,0.46437662839889526,0.48895150423049927,0.0814821869134903,0.4525333046913147,0.5423151850700378,-0.4306555688381195,0.46025410294532776,0.5192863941192627,0.08788584172725677,0.44778019189834595,0.543127715587616,-0.41914063692092896,0.45679140090942383,0.5214822888374329,0.039663832634687424,0.4491657316684723,0.5327126979827881,-0.3723065257072449,0.4570460319519043,0.512540876865387,0.058460429310798645,0.5007646679878235,0.4897446930408478,-0.15134645998477936,0.4991234838962555,0.48442843556404114,0.15157002210617065,0.49383607506752014,0.6768337488174438,-0.14474600553512573,0.49109742045402527,0.6598821878433228,0.3552441895008087,0.4868931770324707,0.8989949822425842,-0.11628999561071396,0.5064141750335693,0.747151255607605,0.5969679951667786,0.501155436038971,0.9362656474113464,-0.12137662619352341,0.5172962546348572,0.7679643630981445,0.6185432076454163,0.42071643471717834,0.9454229474067688,-0.25043997168540955,0.4698043465614319,0.7715514302253723,0.5998557209968567
romanian deadlift_800711.jpg,0.38988345861434937,0.18107789754867554,-0.24946030974388123,0.3945299983024597,0.16312173008918762,-0.2748675048351288,0.39651355147361755,0.16269707679748535,-0.27488988637924194,0.3986814618110657,0.1621813178062439,-0.2749282419681549,0.3933453857898712,0.16240176558494568,-0.22667135298252106,0.3943086564540863,0.1614367663860321,-0.2266516387462616,0.3953394293785095,0.16024206578731537,-0.22676366567611694,0.418262779712677,0.16640210151672363,-0.3233403265476227,0.41489309072494507,0.1618872582912445,-0.10879222303628922,0.4002894461154938,0.19853876531124115,-0.2638132572174072,0.3982919752597809,0.19773954153060913,-0.2013390064239502,0.46068209409713745,0.2590479850769043,-0.41150030493736267,0.47177764773368835,0.25355064868927,0.06720180809497833,0.4684351980686188,0.3982665538787842,-0.4580138325691223,0.4822767674922943,0.3885347247123718,0.11472970992326736,0.45573750138282776,0.5339258313179016,-0.4174579083919525,0.46721091866493225,0.5141516327857971,0.00903782807290554,0.4548865258693695,0.568491518497467,-0.4680115580558777,0.46386951208114624,0.5500078201293945,0.012589036487042904,0.4526693522930145,0.569221019744873,-0.45706939697265625,0.46276843547821045,0.5586196780204773,-0.03613476827740669,0.4542010426521301,0.5583359003067017,-0.4108227491378784,0.46329838037490845,0.5442913770675659,-0.014106704853475094,0.5121523141860962,0.5091482996940613,-0.14679791033267975,0.5017669796943665,0.5007361173629761,0.1469658464193344,0.5017722249031067,0.6775456070899963,-0.14069527387619019,0.491522878408432,0.6462283730506897,0.4435940682888031,0.48730364441871643,0.8988593220710754,-0.1220371201634407,0.5099303126335144,0.6739928126335144,0.7899867296218872,0.5009820461273193,0.9354556798934937,-0.12747536599636078,0.5202754139900208,0.6878051161766052,0.8240469694137573,0.42122265696525574,0.944826602935791,-0.2526341378688812,0.4758082926273346,0.6869850754737854,0.8427929282188416
romanian deadlift_800721.jpg,0.37143176794052124,0.24600359797477722,-0.23635797202587128,0.3729569613933563,0.2275974303483963,-0.2666434645652771,0.37448790669441223,0.2266330122947693,-0.2666359543800354,0.3762105405330658,0.22549518942832947,-0.26665958762168884,0.3735412657260895,0.22655650973320007,-0.21625661849975586,0.3752208650112152,0.22488412261009216,-0.2162461280822754,0.3769359588623047,0.22297397255897522,-0.21636155247688293,0.3955661356449127,0.22311003506183624,-0.34561455249786377,0.39526522159576416,0.21902841329574585,-0.11995205283164978,0.3836047947406769,0.25974762439727783,-0.2618686854839325,0.3837258219718933,0.2591950595378876,-0.1962902843952179,0.44657859206199646,0.30129265785217285,-0.43712636828422546,0.46738186478614807,0.2982048988342285,0.03924199566245079,0.46371573209762573,0.44436222314834595,-0.4883103668689728,0.4867064654827118,0.4349275231361389,0.09653452783823013,0.4583297371864319,0.5804405808448792,-0.45555680990219116,0.47514477372169495,0.5588244199752808,0.01865125633776188,0.45885318517684937,0.6164409518241882,-0.5062748193740845,0.4736820161342621,0.595430314540863,0.025963757187128067,0.4581499397754669,0.6186597347259521,-0.49560546875,0.46989330649375916,0.5993528962135315,-0.020000021904706955,0.4591735005378723,0.6071012020111084,-0.4499709904193878,0.47048985958099365,0.5854646563529968,-0.003051899140700698,0.5180240869522095,0.5321991443634033,-0.1465873420238495,0.5027305483818054,0.5198601484298706,0.14674244821071625,0.5091239809989929,0.6855027675628662,-0.14157813787460327,0.4923436939716339,0.6422562003135681,0.5136420130729675,0.4873903691768646,0.9021559953689575,-0.11932499706745148,0.5041002631187439,0.7023055553436279,0.8804084658622742,0.4996148943901062,0.9372459650039673,-0.12293790280818939,0.5143612027168274,0.7215821743011475,0.9154139161109924,0.4216580390930176,0.9441801309585571,-0.2545895576477051,0.4615490734577179,0.7151097655296326,0.9178114533424377
romanian deadlift_800731.jpg,0.35900914669036865,0.32103797793388367,-0.219487264752388,0.35840314626693726,0.3006950616836548,-0.2485111504793167,0.3597872853279114,0.29921820759773254,-0.2485215663909912,0.36130958795547485,0.29767003655433655,-0.24852873384952545,0.3583778440952301,0.30055126547813416,-0.19953681528568268,0.35965433716773987,0.2989771366119385,-0.19951653480529785,0.36102110147476196,0.2972293198108673,-0.19965516030788422,0.38146084547042847,0.2903699576854706,-0.331020325422287,0.3801746964454651,0.2883042097091675,-0.1115557998418808,0.37109747529029846,0.33006179332733154,-0.24660544097423553,0.37107497453689575,0.33082225918769836,-0.18266358971595764,0.43990644812583923,0.3506847321987152,-0.41918593645095825,0.4583130180835724,0.3456769287586212,0.026122987270355225,0.4625110924243927,0.5022153854370117,-0.48322731256484985,0.4954809546470642,0.4757518768310547,0.07770688086748123,0.4668879806995392,0.6417251825332642,-0.4625421166419983,0.48669007420539856,0.6070191264152527,0.022271914407610893,0.4673434793949127,0.6771420836448669,-0.5101951360702515,0.4892275631427765,0.6424715518951416,0.03396033123135567,0.46657678484916687,0.6789605617523193,-0.4989606738090515,0.4828878343105316,0.6484584808349609,-0.009165261872112751,0.4680480360984802,0.668448805809021,-0.45620912313461304,0.4826989769935608,0.6416448354721069,0.0027193741407245398,0.522720456123352,0.5593939423561096,-0.13581177592277527,0.5038856267929077,0.5444381237030029,0.13593171536922455,0.5110591053962708,0.6978185176849365,-0.3087559938430786,0.48864713311195374,0.6543368101119995,0.4638967216014862,0.487074077129364,0.9098842144012451,-0.317264199256897,0.48296722769737244,0.7292546033859253,0.8200411200523376,0.4989696145057678,0.9448131918907166,-0.3240792155265808,0.4920164942741394,0.7435416579246521,0.8507815003395081,0.42172619700431824,0.9479171633720398,-0.47137758135795593,0.43524762988090515,0.7490995526313782,0.8228618502616882
romanian deadlift_800741.jpg,0.35689783096313477,0.3714085817337036,-0.28742069005966187,0.35586312413215637,0.3530985713005066,-0.3142494559288025,0.3572809398174286,0.35142457485198975,-0.314261794090271,0.35882192850112915,0.3495579957962036,-0.31429529190063477,0.3548659384250641,0.3528614342212677,-0.2699110209941864,0.35554930567741394,0.3511691391468048,-0.2698853611946106,0.356204092502594,0.34930360317230225,-0.2699814438819885,0.3778674304485321,0.33752480149269104,-0.38465359807014465,0.37362632155418396,0.33657047152519226,-0.18686220049858093,0.36911922693252563,0.37815728783607483,-0.3089621663093567,0.36748993396759033,0.37888383865356445,-0.25130319595336914,0.4355817437171936,0.39219287037849426,-0.44797107577323914,0.4408115744590759,0.37416428327560425,-0.05045207589864731,0.4610039293766022,0.5441305637359619,-0.49669215083122253,0.5028479099273682,0.48777931928634644,-0.000831017445307225,0.47021397948265076,0.6818026900291443,-0.46024712920188904,0.5055859684944153,0.623198390007019,-0.03239396959543228,0.47183123230934143,0.7176576256752014,-0.504636824131012,0.5061055421829224,0.6568820476531982,-0.01926346682012081,0.46927863359451294,0.7196950912475586,-0.49711403250694275,0.49250614643096924,0.6597627997398376,-0.05752352252602577,0.47053247690200806,0.7082427740097046,-0.4551577568054199,0.5025054216384888,0.653502881526947,-0.04918380826711655,0.5225523114204407,0.5790249109268188,-0.12394572794437408,0.5009524822235107,0.5465962886810303,0.12400558590888977,0.5104750990867615,0.7052149176597595,-0.30794742703437805,0.49448123574256897,0.6652456521987915,0.38919633626937866,0.4852086007595062,0.9096122980117798,-0.2785947918891907,0.48387041687965393,0.7829205989837646,0.6937621235847473,0.49826306104660034,0.9436795711517334,-0.28204745054244995,0.49337589740753174,0.8080167174339294,0.7171654105186462,0.4255833923816681,0.9481528401374817,-0.41661331057548523,0.43484896421432495,0.8155246376991272,0.7206581830978394
romanian deadlift_800751.jpg,0.3531407415866852,0.41445955634117126,-0.2845991253852844,0.35079658031463623,0.3981856405735016,-0.3096579909324646,0.35189691185951233,0.3965206444263458,-0.30966708064079285,0.35306066274642944,0.3946262300014496,-0.3096894919872284,0.3504127860069275,0.39772525429725647,-0.2661131024360657,0.35124561190605164,0.39590156078338623,-0.2660554349422455,0.3520382344722748,0.3938907980918884,-0.2661702334880829,0.37023597955703735,0.3807484805583954,-0.38386186957359314,0.3677547872066498,0.3795619606971741,-0.18997885286808014,0.36469539999961853,0.4191267788410187,-0.30810031294822693,0.36448267102241516,0.4195462167263031,-0.25136813521385193,0.4314720928668976,0.4279717803001404,-0.46749189496040344,0.4392562210559845,0.4033108651638031,-0.036976832896471024,0.45883122086524963,0.5833378434181213,-0.5205550193786621,0.5021600723266602,0.5282714366912842,0.013424552045762539,0.4700623154640198,0.7177902460098267,-0.48798999190330505,0.5014074444770813,0.6744959950447083,-0.02016761526465416,0.4743250906467438,0.7511743307113647,-0.5371671915054321,0.49722227454185486,0.7041199207305908,-0.004756442271173,0.4713269770145416,0.7554478049278259,-0.5274086594581604,0.487495481967926,0.7152579426765442,-0.04472668096423149,0.47147709131240845,0.7444185018539429,-0.483256071805954,0.49384650588035583,0.7021067142486572,-0.03812640532851219,0.5224683880805969,0.5987599492073059,-0.128398135304451,0.5146430730819702,0.5810431838035583,0.12848728895187378,0.5098857283592224,0.7148779034614563,-0.11742236465215683,0.4989264905452728,0.6813296675682068,0.3782721757888794,0.48527422547340393,0.9131052494049072,-0.0012533628614619374,0.47886383533477783,0.8403205871582031,0.6598073840141296,0.497403085231781,0.944269061088562,0.00454994011670351,0.48987877368927,0.8707498908042908,0.6831643581390381,0.4316234886646271,0.9486620426177979,-0.09545733779668808,0.41789451241493225,0.8688211441040039,0.6569913029670715
romanian deadlift_800761.jpg,0.3555383086204529,0.43723347783088684,-0.26689669489860535,0.3516194224357605,0.4207240641117096,-0.29075342416763306,0.35234108567237854,0.41875869035720825,-0.29073649644851685,0.3531099259853363,0.4166467785835266,-0.29075706005096436,0.3518081605434418,0.42101627588272095,-0.2484898418188095,0.35267335176467896,0.41920068860054016,-0.24844755232334137,0.35349133610725403,0.4170835614204407,-0.24858951568603516,0.36853548884391785,0.40348103642463684,-0.3597140908241272,0.36795559525489807,0.402129590511322,-0.17202825844287872,0.36796092987060547,0.4411531984806061,-0.2887640595436096,0.36776968836784363,0.4417928457260132,-0.23384138941764832,0.43327707052230835,0.4399041533470154,-0.4454812705516815,0.43988296389579773,0.4214981198310852,-0.02179640717804432,0.4588731527328491,0.5955522060394287,-0.49690836668014526,0.4972028136253357,0.5541353225708008,0.018058480694890022,0.47015058994293213,0.7351264357566833,-0.4676576256752014,0.5001991987228394,0.7016013860702515,-0.02455315552651882,0.47479549050331116,0.7685139775276184,-0.519355058670044,0.49246421456336975,0.741766095161438,-0.012596722692251205,0.4725228250026703,0.7727608680725098,-0.5100089907646179,0.4848795533180237,0.7485741376876831,-0.053384944796562195,0.4726775884628296,0.7601709365844727,-0.46330076456069946,0.49124830961227417,0.7340384721755981,-0.043235812336206436,0.5262017846107483,0.5918434262275696,-0.12925750017166138,0.5219172239303589,0.5850543975830078,0.1292370855808258,0.5094345808029175,0.7155161499977112,-0.12818266451358795,0.5004054307937622,0.6954852342605591,0.2982953190803528,0.48513078689575195,0.9152389764785767,-0.028305761516094208,0.481920063495636,0.8605300784111023,0.5125036239624023,0.49701929092407227,0.9481197595596313,-0.023924535140395164,0.49135446548461914,0.8898711204528809,0.5299548506736755,0.43441951274871826,0.9487471580505371,-0.12188966572284698,0.42523834109306335,0.8920197486877441,0.48404887318611145
romanian deadlift_800891.jpg,,,,,,,,,,,,,,,,,,,,,,,,,,,,,,,,,,,,,,,,,,,,,,,,,,,,,,,,,,,,,,,,,,,,,,,,,,,,,,,,,,,,,,,,,,,,,,,,,,,
romanian deadlift_800901.jpg,,,,,,,,,,,,,,,,,,,,,,,,,,,,,,,,,,,,,,,,,,,,,,,,,,,,,,,,,,,,,,,,,,,,,,,,,,,,,,,,,,,,,,,,,,,,,,,,,,,
romanian deadlift_800911.jpg,,,,,,,,,,,,,,,,,,,,,,,,,,,,,,,,,,,,,,,,,,,,,,,,,,,,,,,,,,,,,,,,,,,,,,,,,,,,,,,,,,,,,,,,,,,,,,,,,,,
romanian deadlift_800921.jpg,0.49669545888900757,0.35596051812171936,-0.17957918345928192,0.5061880350112915,0.35668420791625977,-0.19325880706310272,0.5091615915298462,0.35765498876571655,-0.19313128292560577,0.512132465839386,0.3584069013595581,-0.1929273009300232,0.5022929906845093,0.3527884781360626,-0.2232600599527359,0.5027336478233337,0.35124069452285767,-0.22327466309070587,0.503187894821167,0.34979531168937683,-0.22345906496047974,0.5336357355117798,0.3543407917022705,-0.18468736112117767,0.5212531089782715,0.341389536857605,-0.32725900411605835,0.5081824064254761,0.3525426983833313,-0.1667741984128952,0.5015745759010315,0.35023748874664307,-0.20795990526676178,0.545537531375885,0.3432307839393616,-0.11448364704847336,0.5658083558082581,0.3120402991771698,-0.26666441559791565,0.5347089767456055,0.3434064984321594,-0.0523323230445385,0.5925263166427612,0.3291541039943695,-0.25648608803749084,0.5441097021102905,0.45003265142440796,-0.08464952558279037,0.5945022702217102,0.45417457818984985,-0.19478461146354675,0.5558728575706482,0.48176848888397217,-0.086579330265522,0.591724157333374,0.48083293437957764,-0.20026016235351562,0.5519567728042603,0.4893081784248352,-0.0884479284286499,0.6025137305259705,0.49310174584388733,-0.19842234253883362,0.5479850172996521,0.47810983657836914,-0.08650395274162292,0.6036163568496704,0.4859808087348938,-0.19221624732017517,0.5356711149215698,0.11100475490093231,0.0615423209965229,0.5454374551773071,0.08617085963487625,-0.06123730167746544,0.562177300453186,0.14663895964622498,0.07377128303050995,0.6100292205810547,0.17265109717845917,-0.09767500311136246,0.5751013159751892,0.3708716630935669,0.13460949063301086,0.5986322164535522,0.3366200923919678,-0.04138799011707306,0.5699530243873596,0.3929937481880188,0.13934384286403656,0.5930920243263245,0.34899184107780457,-0.03544670715928078,0.6016677021980286,0.4456990659236908,0.10245955735445023,0.618313193321228,0.39629271626472473,-0.08935680240392685
romanian deadlift_800931.jpg,0.5405596494674683,0.4036024808883667,-0.13707467913627625,0.5423083901405334,0.41136348247528076,-0.14108742773532867,0.5435788035392761,0.4114159941673279,-0.14098456501960754,0.544883668422699,0.4113524854183197,-0.14076419174671173,0.5428060293197632,0.4110327363014221,-0.17359639704227448,0.5445539355278015,0.41106176376342773,-0.17364342510700226,0.5463187098503113,0.4111258089542389,-0.17373259365558624,0.5620186924934387,0.4063575267791748,-0.10721160471439362,0.5637100338935852,0.4047829210758209,-0.26004913449287415,0.5500463843345642,0.393049955368042,-0.11675546318292618,0.5497855544090271,0.39430245757102966,-0.16060853004455566,0.5767141580581665,0.36620450019836426,-0.018854081630706787,0.6088818311691284,0.3553977310657501,-0.25017106533050537,0.5355260968208313,0.3387761116027832,0.06063069403171539,0.6163886189460754,0.32926082611083984,-0.23448361456394196,0.5142285823822021,0.393438458442688,-0.005655733402818441,0.6353145837783813,0.3911517560482025,-0.14468233287334442,0.509197473526001,0.41285502910614014,-0.010894408449530602,0.6399819850921631,0.40511810779571533,-0.1525309532880783,0.5064725875854492,0.41962623596191406,-0.0380069799721241,0.6484848260879517,0.41232824325561523,-0.16842179000377655,0.5079326033592224,0.4122597277164459,-0.020197607576847076,0.6469695568084717,0.4058656096458435,-0.14920063316822052,0.5700174570083618,0.11429786682128906,0.08423374593257904,0.5725767016410828,0.09529254585504532,-0.08414538204669952,0.5840778946876526,0.2279466837644577,0.10281944274902344,0.5897656679153442,0.23473107814788818,-0.0812189057469368,0.5797036290168762,0.46427276730537415,0.19838285446166992,0.5888975858688354,0.42147111892700195,0.03703437000513077,0.5728967189788818,0.4777718782424927,0.2046104371547699,0.5791985988616943,0.42897745966911316,0.048569101840257645,0.5997730493545532,0.57951819896698,0.1301575005054474,0.6159133911132812,0.5083418488502502,-0.013348868116736412
romanian deadlift_800941.jpg,0.535460889339447,0.40424102544784546,-0.015490014106035233,0.5399996042251587,0.41677385568618774,-0.0014961885754019022,0.5403223633766174,0.41729485988616943,-0.0014352878788486123,0.5407626628875732,0.4176456034183502,-0.0014057728694751859,0.5433603525161743,0.41528037190437317,-0.030834991484880447,0.5462585687637329,0.4147017300128937,-0.030777590349316597,0.5491403937339783,0.41419079899787903,-0.030854230746626854,0.5579025745391846,0.4093123972415924,0.07165787369012833,0.5680431127548218,0.40306705236434937,-0.06308916211128235,0.5423213839530945,0.3911333680152893,0.014888267032802105,0.5454682111740112,0.3902326822280884,-0.024304447695612907,0.5699110627174377,0.362423837184906,0.11655091494321823,0.6087799072265625,0.35188809037208557,-0.041427720338106155,0.5242100954055786,0.4128744304180145,0.12645922601222992,0.6340609788894653,0.3694237470626831,-0.03786734491586685,0.5208216309547424,0.5628843307495117,0.06079978868365288,0.6520408987998962,0.4296523630619049,0.029335355386137962,0.5235433578491211,0.6064910888671875,0.052226126194000244,0.6538047194480896,0.4364297091960907,0.04391013830900192,0.5199822783470154,0.6151785254478455,0.06487986445426941,0.6628976464271545,0.42456960678100586,0.03452514857053757,0.5190541744232178,0.5999904870986938,0.06047309562563896,0.6622476577758789,0.41925129294395447,0.028362203389406204,0.5616891980171204,0.11910080164670944,0.0641125962138176,0.5748650431632996,0.12886567413806915,-0.06463740020990372,0.5562366843223572,0.2402477264404297,0.03948302939534187,0.5922994017601013,0.30054908990859985,-0.029132680967450142,0.5814696550369263,0.5118914842605591,0.07229015231132507,0.6041356325149536,0.4531910717487335,0.012186662293970585,0.5830829739570618,0.5390964150428772,0.07466840744018555,0.6031895279884338,0.4579157531261444,-0.0007697256514802575,0.6017305254936218,0.6175490021705627,0.012812654487788677,0.620284914970398,0.525818407535553,-0.10121402144432068
romanian deadlift_800951.jpg,0.5370040535926819,0.3355094790458679,-0.17719189822673798,0.5387967228889465,0.35117095708847046,-0.1802603304386139,0.5388216376304626,0.35236528515815735,-0.18017853796482086,0.5389305353164673,0.3533784747123718,-0.1801188439130783,0.5428825616836548,0.3501248359680176,-0.19532203674316406,0.5454291105270386,0.35085034370422363,-0.19519349932670593,0.5479649305343628,0.35165733098983765,-0.19518761336803436,0.5543250441551208,0.3605872690677643,-0.14172284305095673,0.5651816129684448,0.357343852519989,-0.10910117626190186,0.5433882474899292,0.3275706470012665,-0.155878484249115,0.5458766222000122,0.327832967042923,-0.17433863878250122,0.5614085793495178,0.32934269309043884,-0.07980699837207794,0.6087115406990051,0.31959718465805054,-0.15110276639461517,0.5018519163131714,0.27121731638908386,-0.02636398933827877,0.6273015141487122,0.24831363558769226,-0.14521078765392303,0.4576616883277893,0.25458040833473206,-0.01739637926220894,0.6374578475952148,0.1967206746339798,-0.10775972157716751,0.4454841911792755,0.26454615592956543,-0.007195741403847933,0.6411924958229065,0.18859677016735077,-0.11299160867929459,0.44492456316947937,0.26595544815063477,-0.0492967925965786,0.6463984251022339,0.18921703100204468,-0.14048950374126434,0.4491133391857147,0.2594282925128937,-0.0350051112473011,0.647331178188324,0.19112206995487213,-0.12303049117326736,0.559900164604187,0.15911808609962463,0.043774399906396866,0.5778295993804932,0.14395122230052948,-0.04405627399682999,0.5645760893821716,0.22585558891296387,0.024156300351023674,0.6058114171028137,0.2554129660129547,-0.051065824925899506,0.581322968006134,0.4620741903781891,0.08571354299783707,0.6060676574707031,0.4163305163383484,0.008009041659533978,0.58213871717453,0.4882984459400177,0.09235604107379913,0.6033856868743896,0.42358678579330444,0.013234834186732769,0.5939761400222778,0.5542243123054504,0.04957927018404007,0.6190745830535889,0.49682915210723877,-0.023306604474782944
romanian deadlift_800961.jpg,,,,,,,,,,,,,,,,,,,,,,,,,,,,,,,,,,,,,,,,,,,,,,,,,,,,,,,,,,,,,,,,,,,,,,,,,,,,,,,,,,,,,,,,,,,,,,,,,,,
romanian deadlift_800971.jpg,0.5908488035202026,0.120146743953228,0.1710817664861679,0.5967074632644653,0.1075817197561264,0.19003888964653015,0.6006525158882141,0.1064455434679985,0.19011497497558594,0.6046306490898132,0.10540466010570526,0.1900303214788437,0.5866705179214478,0.11045807600021362,0.19338276982307434,0.5831536054611206,0.11112245172262192,0.1933608055114746,0.5796959400177002,0.11178822815418243,0.1932927519083023,0.6119788885116577,0.10729950666427612,0.27468937635421753,0.57794588804245,0.11590047180652618,0.28786107897758484,0.5984948873519897,0.12878097593784332,0.20283330976963043,0.5859255194664001,0.13158661127090454,0.2065276801586151,0.6324291229248047,0.13595494627952576,0.2630865275859833,0.5705215334892273,0.16821061074733734,0.31673091650009155,0.6595235466957092,0.10790792107582092,0.3047771751880646,0.5146346092224121,0.22128091752529144,0.3368584215641022,0.6701071262359619,0.02452450804412365,0.38112255930900574,0.4701465964317322,0.21911409497261047,0.3288556635379791,0.6730650663375854,0.0026615560054779053,0.3882916271686554,0.45773500204086304,0.22185707092285156,0.33083346486091614,0.6714643836021423,-0.003310859203338623,0.3836812973022461,0.45682376623153687,0.2126970887184143,0.3077041208744049,0.6693006753921509,0.0062541663646698,0.37822145223617554,0.4616888463497162,0.21402570605278015,0.31792953610420227,0.6150242686271667,0.3086884021759033,-0.03427343815565109,0.5994530320167542,0.3236056864261627,0.03420328348875046,0.5519345998764038,0.43098360300064087,-0.1215021163225174,0.6306331157684326,0.47601497173309326,-0.09484069794416428,0.5089709758758545,0.5236002206802368,-0.09796924144029617,0.642681896686554,0.6656020879745483,-0.15702711045742035,0.5061965584754944,0.5457830429077148,-0.09626545011997223,0.6483955979347229,0.7023331522941589,-0.16617010533809662,0.47775042057037354,0.5357925891876221,-0.15772216022014618,0.6254904866218567,0.7019537687301636,-0.25846847891807556
romanian deadlift_800981.jpg,,,,,,,,,,,,,,,,,,,,,,,,,,,,,,,,,,,,,,,,,,,,,,,,,,,,,,,,,,,,,,,,,,,,,,,,,,,,,,,,,,,,,,,,,,,,,,,,,,,
romanian deadlift_800991.jpg,,,,,,,,,,,,,,,,,,,,,,,,,,,,,,,,,,,,,,,,,,,,,,,,,,,,,,,,,,,,,,,,,,,,,,,,,,,,,,,,,,,,,,,,,,,,,,,,,,,
romanian deadlift_801001.jpg,,,,,,,,,,,,,,,,,,,,,,,,,,,,,,,,,,,,,,,,,,,,,,,,,,,,,,,,,,,,,,,,,,,,,,,,,,,,,,,,,,,,,,,,,,,,,,,,,,,
romanian deadlift_801011.jpg,,,,,,,,,,,,,,,,,,,,,,,,,,,,,,,,,,,,,,,,,,,,,,,,,,,,,,,,,,,,,,,,,,,,,,,,,,,,,,,,,,,,,,,,,,,,,,,,,,,
romanian deadlift_801021.jpg,0.5277485847473145,0.3836168646812439,-0.3334706127643585,0.5288398861885071,0.40574347972869873,-0.3437976837158203,0.528137743473053,0.4079396426677704,-0.3438222110271454,0.5275089740753174,0.41002923250198364,-0.34379318356513977,0.5351991057395935,0.4012290835380554,-0.3668358623981476,0.5389946699142456,0.4005591571331024,-0.36695802211761475,0.5427235960960388,0.3999374508857727,-0.36707058548927307,0.5437602996826172,0.41492414474487305,-0.31152305006980896,0.5659821629524231,0.3997284770011902,-0.41743671894073486,0.5345155000686646,0.37097930908203125,-0.3105212450027466,0.5409854054450989,0.3674122393131256,-0.340702623128891,0.5549174547195435,0.3725466728210449,-0.21955309808254242,0.6124778985977173,0.3169533610343933,-0.3872576355934143,0.5103458762168884,0.21897387504577637,-0.1815015971660614,0.5729917883872986,0.14390084147453308,-0.3861613869667053,0.45596563816070557,0.10819864273071289,-0.22277702391147614,0.5040850043296814,0.02606126293540001,-0.3552071154117584,0.4388626515865326,0.09512635320425034,-0.22720085084438324,0.4957023859024048,-0.0015171432169154286,-0.38696950674057007,0.4439346492290497,0.09508315473794937,-0.26291024684906006,0.4812372922897339,0.013411685824394226,-0.3965543508529663,0.45164671540260315,0.09381317347288132,-0.23672419786453247,0.4823468327522278,0.023416975513100624,-0.3594651520252228,0.5670584440231323,0.1282290369272232,0.06693779677152634,0.6058793663978577,0.0801582932472229,-0.06695806980133057,0.5377118587493896,0.3828706443309784,0.022909678518772125,0.655314028263092,0.30522119998931885,-0.06629977375268936,0.5369418859481812,0.525920033454895,0.020388631150126457,0.5761026740074158,0.49619442224502563,-0.06904958188533783,0.5288195610046387,0.5190961956977844,0.01900206133723259,0.5586220622062683,0.495191752910614,-0.06709150969982147,0.5532089471817017,0.6288697719573975,-0.06791508942842484,0.5705680251121521,0.6098147630691528,-0.13759753108024597
romanian deadlift_801031.jpg,,,,,,,,,,,,,,,,,,,,,,,,,,,,,,,,,,,,,,,,,,,,,,,,,,,,,,,,,,,,,,,,,,,,,,,,,,,,,,,,,,,,,,,,,,,,,,,,,,,
romanian deadlift_801041.jpg,0.5245142579078674,0.39497071504592896,0.13227452337741852,0.5292485356330872,0.4139244854450226,0.15453416109085083,0.5275163650512695,0.41534942388534546,0.1545289009809494,0.5258113145828247,0.4165707528591156,0.15453548729419708,0.5376995801925659,0.41036638617515564,0.1303533911705017,0.5421565175056458,0.409074604511261,0.1304907202720642,0.5465699434280396,0.407919704914093,0.130352184176445,0.5404653549194336,0.4081020653247833,0.2364581674337387,0.5680751204490662,0.394145131111145,0.12642239034175873,0.526054859161377,0.3769538998603821,0.1625264286994934,0.536679208278656,0.3730837404727936,0.13028709590435028,0.535628616809845,0.3297624886035919,0.2523055374622345,0.6114245057106018,0.30735042691230774,0.1176631823182106,0.47511667013168335,0.27689307928085327,0.2656359076499939,0.6138038039207458,0.22891871631145477,0.13931603729724884,0.49178749322891235,0.3781313896179199,0.2500947415828705,0.6108116507530212,0.30629655718803406,0.1836411952972412,0.5003883838653564,0.40882113575935364,0.2555639445781708,0.6099523901939392,0.3238812983036041,0.20238828659057617,0.5033348202705383,0.4226039946079254,0.27331942319869995,0.626769483089447,0.33938077092170715,0.18259316682815552,0.502142608165741,0.41091570258140564,0.25690874457359314,0.6264603137969971,0.3310641050338745,0.1794244945049286,0.5380374193191528,0.08514275401830673,0.03955870494246483,0.5729039907455444,0.08419844508171082,-0.0396338552236557,0.5633822083473206,0.34965360164642334,-0.00591568648815155,0.6181249022483826,0.32198214530944824,-0.024633215740323067,0.5761867165565491,0.5866191983222961,-0.07703948020935059,0.6095207929611206,0.499420702457428,-0.1900206059217453,0.5700100064277649,0.587804913520813,-0.08434699475765228,0.6038859486579895,0.48449498414993286,-0.20052719116210938,0.5997685790061951,0.7191685438156128,-0.12989285588264465,0.6102429628372192,0.6223620772361755,-0.2612582743167877
romanian deadlift_801051.jpg,,,,,,,,,,,,,,,,,,,,,,,,,,,,,,,,,,,,,,,,,,,,,,,,,,,,,,,,,,,,,,,,,,,,,,,,,,,,,,,,,,,,,,,,,,,,,,,,,,,
romanian deadlift_801061.jpg,,,,,,,,,,,,,,,,,,,,,,,,,,,,,,,,,,,,,,,,,,,,,,,,,,,,,,,,,,,,,,,,,,,,,,,,,,,,,,,,,,,,,,,,,,,,,,,,,,,
romanian deadlift_801071.jpg,,,,,,,,,,,,,,,,,,,,,,,,,,,,,,,,,,,,,,,,,,,,,,,,,,,,,,,,,,,,,,,,,,,,,,,,,,,,,,,,,,,,,,,,,,,,,,,,,,,
romanian deadlift_801081.jpg,,,,,,,,,,,,,,,,,,,,,,,,,,,,,,,,,,,,,,,,,,,,,,,,,,,,,,,,,,,,,,,,,,,,,,,,,,,,,,,,,,,,,,,,,,,,,,,,,,,
romanian deadlift_801091.jpg,,,,,,,,,,,,,,,,,,,,,,,,,,,,,,,,,,,,,,,,,,,,,,,,,,,,,,,,,,,,,,,,,,,,,,,,,,,,,,,,,,,,,,,,,,,,,,,,,,,
romanian deadlift_801101.jpg,,,,,,,,,,,,,,,,,,,,,,,,,,,,,,,,,,,,,,,,,,,,,,,,,,,,,,,,,,,,,,,,,,,,,,,,,,,,,,,,,,,,,,,,,,,,,,,,,,,
romanian deadlift_801111.jpg,,,,,,,,,,,,,,,,,,,,,,,,,,,,,,,,,,,,,,,,,,,,,,,,,,,,,,,,,,,,,,,,,,,,,,,,,,,,,,,,,,,,,,,,,,,,,,,,,,,
romanian deadlift_801121.jpg,,,,,,,,,,,,,,,,,,,,,,,,,,,,,,,,,,,,,,,,,,,,,,,,,,,,,,,,,,,,,,,,,,,,,,,,,,,,,,,,,,,,,,,,,,,,,,,,,,,
romanian deadlift_801131.jpg,,,,,,,,,,,,,,,,,,,,,,,,,,,,,,,,,,,,,,,,,,,,,,,,,,,,,,,,,,,,,,,,,,,,,,,,,,,,,,,,,,,,,,,,,,,,,,,,,,,
romanian deadlift_801141.jpg,,,,,,,,,,,,,,,,,,,,,,,,,,,,,,,,,,,,,,,,,,,,,,,,,,,,,,,,,,,,,,,,,,,,,,,,,,,,,,,,,,,,,,,,,,,,,,,,,,,
romanian deadlift_801151.jpg,0.526435136795044,0.4935392141342163,0.42947274446487427,0.5232921838760376,0.49916160106658936,0.46766212582588196,0.5219578742980957,0.49941742420196533,0.46764692664146423,0.5328554511070251,0.5040942430496216,0.46756231784820557,0.5284698605537415,0.49764329195022583,0.4630260467529297,0.5304273366928101,0.4969273507595062,0.4628777503967285,0.532289981842041,0.49620404839515686,0.46258974075317383,0.5352638959884644,0.499215692281723,0.537676990032196,0.5512658953666687,0.498890221118927,0.5157553553581238,0.5390422344207764,0.4864547848701477,0.44295331835746765,0.5415670871734619,0.4830979108810425,0.43591445684432983,0.5168185234069824,0.46882277727127075,0.4044458270072937,0.5739492774009705,0.4386358857154846,0.41091233491897583,0.5191237926483154,0.5861064195632935,0.31122854351997375,0.5945846438407898,0.4758758246898651,0.22685696184635162,0.5277976393699646,0.6832454800605774,0.37294358015060425,0.5654716491699219,0.5608571767807007,0.14294631779193878,0.5318081974983215,0.7071540951728821,0.3604167103767395,0.5560643076896667,0.5797858238220215,0.1278047263622284,0.5356897711753845,0.7005373239517212,0.38902905583381653,0.5556246042251587,0.5763911008834839,0.1503300815820694,0.534989058971405,0.6879945397377014,0.38154318928718567,0.5560272336006165,0.5686240196228027,0.14753296971321106,0.5159575343132019,0.3145270347595215,-0.012164291925728321,0.5546351075172424,0.30723825097084045,0.011820145882666111,0.5396193861961365,0.35773852467536926,-0.30340975522994995,0.5521308779716492,0.33756184577941895,-0.2592506408691406,0.5433306097984314,0.1634407937526703,-0.4979635775089264,0.5468226075172424,0.15427736937999725,-0.4797845780849457,0.5430788397789001,0.12998613715171814,-0.5196123123168945,0.5526164770126343,0.12930303812026978,-0.5003102421760559,0.5492168068885803,0.08589231967926025,-0.6287869215011597,0.5505157709121704,0.07618124783039093,-0.6207267642021179
romanian deadlift_801161.jpg,0.5265254378318787,0.47998130321502686,0.187540203332901,0.5232983231544495,0.4838082492351532,0.19017884135246277,0.522153913974762,0.4838424324989319,0.19010110199451447,0.5276790261268616,0.4841548800468445,0.1899556815624237,0.5273614525794983,0.48613712191581726,0.18513628840446472,0.5287370085716248,0.48777899146080017,0.18516197800636292,0.5299581289291382,0.48930901288986206,0.18480709195137024,0.5330566167831421,0.4895961880683899,0.1930757611989975,0.5409491658210754,0.49562937021255493,0.17040100693702698,0.5380800366401672,0.47769901156425476,0.18905441462993622,0.5398250818252563,0.4800226092338562,0.18107813596725464,0.5421183705329895,0.4742969572544098,0.12377485632896423,0.577311098575592,0.47516173124313354,0.15341618657112122,0.5429983735084534,0.5626604557037354,0.08170606940984726,0.6024710536003113,0.526824414730072,0.11372823268175125,0.531048059463501,0.6774993538856506,0.009864686988294125,0.5846633315086365,0.68777996301651,0.12766104936599731,0.5339612364768982,0.7050387263298035,-0.019095404073596,0.5738289952278137,0.7288157939910889,0.12457253783941269,0.5357314944267273,0.700528085231781,0.005313466303050518,0.5807428956031799,0.7293470501899719,0.13402986526489258,0.5362441539764404,0.6880215406417847,0.014573014341294765,0.5806035399436951,0.7162712812423706,0.13064058125019073,0.5456159114837646,0.2985742688179016,-0.010012210346758366,0.575219452381134,0.30440405011177063,0.009729472920298576,0.5361721515655518,0.23516659438610077,0.03935028985142708,0.5517128109931946,0.23442427814006805,-0.2420518547296524,0.5302345156669617,0.2512456774711609,0.1515360027551651,0.5330678224563599,0.1163221150636673,-0.5120148062705994,0.533461332321167,0.2565368413925171,0.16678665578365326,0.5363006591796875,0.09209276735782623,-0.535892128944397,0.5330522656440735,0.25186529755592346,0.1658042073249817,0.5355402231216431,0.08847326785326004,-0.6282261610031128
romanian deadlift_801171.jpg,,,,,,,,,,,,,,,,,,,,,,,,,,,,,,,,,,,,,,,,,,,,,,,,,,,,,,,,,,,,,,,,,,,,,,,,,,,,,,,,,,,,,,,,,,,,,,,,,,,
romanian deadlift_801181.jpg,0.3984425365924835,0.1933121383190155,-0.13504742085933685,0.39831262826919556,0.17346400022506714,-0.1592770665884018,0.40039336681365967,0.17137618362903595,-0.15939682722091675,0.4027792811393738,0.16900795698165894,-0.159492626786232,0.3969125747680664,0.17456580698490143,-0.11682228744029999,0.3978666663169861,0.17335128784179688,-0.11682278662919998,0.3989759087562561,0.17180100083351135,-0.11693956702947617,0.4230143427848816,0.1602574735879898,-0.21958155930042267,0.4180794358253479,0.16102191805839539,-0.02974363975226879,0.4142415225505829,0.20274563133716583,-0.15492448210716248,0.41222184896469116,0.20428332686424255,-0.09949559718370438,0.4949303865432739,0.1940193772315979,-0.3246762454509735,0.4794536828994751,0.2232283651828766,0.10455887764692307,0.5283392667770386,0.3322876989841461,-0.3762983977794647,0.5213472843170166,0.35287344455718994,0.13312065601348877,0.5495654940605164,0.4815903604030609,-0.3189035952091217,0.5484014749526978,0.49035897850990295,0.05943254753947258,0.5518807172775269,0.512814462184906,-0.3626485764980316,0.5472828149795532,0.5142094492912292,0.05824451893568039,0.5418446660041809,0.5149114727973938,-0.34379735589027405,0.5506710410118103,0.5168362259864807,0.018605317920446396,0.5433799028396606,0.505827784538269,-0.3107556700706482,0.5541467666625977,0.5084729194641113,0.038507211953401566,0.6537595987319946,0.30364301800727844,-0.13426098227500916,0.636742353439331,0.32431456446647644,0.1343933492898941,0.5958518981933594,0.48250699043273926,-0.10166338831186295,0.5914440155029297,0.45359259843826294,0.23446187376976013,0.6787598133087158,0.6053420305252075,0.11115653812885284,0.6733982563018799,0.5686701536178589,0.39290714263916016,0.7018319368362427,0.6087558269500732,0.13428311049938202,0.6947435736656189,0.5740330219268799,0.40707218647003174,0.6616671681404114,0.6808503866195679,0.13317717611789703,0.6610592007637024,0.6408340930938721,0.3897938132286072
romanian deadlift_801191.jpg,0.39808523654937744,0.20765900611877441,-0.10105465352535248,0.3976764678955078,0.18599039316177368,-0.1288934350013733,0.3996657133102417,0.183574378490448,-0.12898369133472443,0.40187200903892517,0.18099746108055115,-0.1290503442287445,0.39622989296913147,0.18715542554855347,-0.08496477454900742,0.39707887172698975,0.18565157055854797,-0.08491200953722,0.3980644643306732,0.18383924663066864,-0.08499428629875183,0.4212196469306946,0.17049704492092133,-0.20057865977287292,0.4168248176574707,0.17316143214702606,-0.005420343019068241,0.41353172063827515,0.2144777923822403,-0.1253494918346405,0.4112562835216522,0.21646033227443695,-0.06866145879030228,0.4913010895252228,0.2064865529537201,-0.3117026388645172,0.4801270663738251,0.22499075531959534,0.12946484982967377,0.5292068719863892,0.3473720848560333,-0.34661418199539185,0.5226021409034729,0.35925382375717163,0.16176562011241913,0.5495902895927429,0.49216902256011963,-0.2698522210121155,0.547899603843689,0.48995357751846313,0.09566701948642731,0.5544996857643127,0.5181634426116943,-0.306041419506073,0.5446249842643738,0.5160943269729614,0.09802618622779846,0.5459698438644409,0.5219953656196594,-0.29138240218162537,0.5475203394889832,0.520852267742157,0.05758753791451454,0.5467421412467957,0.5141955614089966,-0.2624601125717163,0.5514748692512512,0.5127459764480591,0.07485843449831009,0.6569164395332336,0.3117971122264862,-0.1334867775440216,0.6455150842666626,0.32480141520500183,0.1335892379283905,0.5806437730789185,0.48098018765449524,-0.14562302827835083,0.5698825120925903,0.44575661420822144,0.23554593324661255,0.6864506006240845,0.48460084199905396,0.10677032917737961,0.6734169721603394,0.4832233488559723,0.3258301913738251,0.7078770995140076,0.46391797065734863,0.1342780888080597,0.6947676539421082,0.4732544720172882,0.334408700466156,0.6933355927467346,0.533229649066925,0.1917055994272232,0.6724560260772705,0.5391556024551392,0.3489995002746582
romanian deadlift_801201.jpg,0.40199536085128784,0.09318912029266357,-0.08506179600954056,0.40289506316185,0.07326933741569519,-0.11063960939645767,0.4049288332462311,0.07201430201530457,-0.11075714230537415,0.40715619921684265,0.07052377611398697,-0.11082787811756134,0.4014572203159332,0.07440947741270065,-0.06513293832540512,0.4023776054382324,0.07409651577472687,-0.06513109803199768,0.40338650345802307,0.07364711910486221,-0.06521076709032059,0.4273437559604645,0.06860057264566422,-0.17729778587818146,0.42337799072265625,0.07005510479211807,0.026424391195178032,0.41440314054489136,0.10628600418567657,-0.1085071787238121,0.4126476049423218,0.10803024470806122,-0.04895804822444916,0.49141594767570496,0.13782301545143127,-0.2945939004421234,0.485065758228302,0.15414032340049744,0.15651100873947144,0.5287462472915649,0.2722700536251068,-0.3324205279350281,0.5312151312828064,0.28326350450515747,0.18007272481918335,0.5535158514976501,0.4041840136051178,-0.2487952560186386,0.5628377795219421,0.40107569098472595,0.0972243919968605,0.5605798363685608,0.43303778767585754,-0.289518266916275,0.5683553218841553,0.4243331849575043,0.09917385131120682,0.5555957555770874,0.435752272605896,-0.2735539674758911,0.5689080953598022,0.42305636405944824,0.06053227186203003,0.551522433757782,0.4250340461730957,-0.24087557196617126,0.5682218074798584,0.414503276348114,0.07713532447814941,0.6526540517807007,0.29459428787231445,-0.14271453022956848,0.639109194278717,0.30590036511421204,0.14303059875965118,0.5899001359939575,0.47432345151901245,-0.12999796867370605,0.5605316758155823,0.4463239312171936,0.18803836405277252,0.6207324266433716,0.6221818327903748,0.026706064119935036,0.602703332901001,0.6155993342399597,0.3292284607887268,0.6440473794937134,0.6427683234214783,0.03935965523123741,0.631679892539978,0.6204602122306824,0.338522344827652,0.5997190475463867,0.6775025129318237,-0.01600608602166176,0.587416410446167,0.6629881262779236,0.29510578513145447
romanian deadlift_801211.jpg,,,,,,,,,,,,,,,,,,,,,,,,,,,,,,,,,,,,,,,,,,,,,,,,,,,,,,,,,,,,,,,,,,,,,,,,,,,,,,,,,,,,,,,,,,,,,,,,,,,
romanian deadlift_801221.jpg,0.5607467293739319,0.0918283462524414,-0.20081444084644318,0.5692278146743774,0.07700824737548828,-0.17770928144454956,0.5727266669273376,0.07880860567092896,-0.17778249084949493,0.5762940645217896,0.08063209056854248,-0.17787328362464905,0.5583298206329346,0.07332000136375427,-0.18392030894756317,0.5541414022445679,0.07271835207939148,-0.1839960664510727,0.5501147508621216,0.07235133647918701,-0.18411436676979065,0.5778881907463074,0.09157419204711914,-0.04999858886003494,0.5407690405845642,0.08180257678031921,-0.08126512169837952,0.5643672347068787,0.11202655732631683,-0.15102529525756836,0.5499330163002014,0.10877631604671478,-0.1604299694299698,0.5906009674072266,0.17987726628780365,0.0013279225677251816,0.4947237968444824,0.17003335058689117,-0.0013095884351059794,0.5802308917045593,0.29468846321105957,0.034323904663324356,0.4808063805103302,0.27577686309814453,-0.0014523265417665243,0.5688378810882568,0.3817910850048065,-0.06185806915163994,0.5089212656021118,0.35966765880584717,-0.10404658317565918,0.5716511607170105,0.41323673725128174,-0.09151729196310043,0.5115692615509033,0.3856993317604065,-0.13362951576709747,0.5686498284339905,0.4099844694137573,-0.1142081767320633,0.5169422626495361,0.3813779950141907,-0.15768899023532867,0.5666453242301941,0.39630475640296936,-0.07389004528522491,0.5184863805770874,0.37224408984184265,-0.11512446403503418,0.5777215957641602,0.37420856952667236,-0.03153844177722931,0.5295414924621582,0.3888721764087677,0.03179243579506874,0.572717010974884,0.5498107671737671,-0.26557546854019165,0.5528998970985413,0.5337923169136047,0.023029081523418427,0.5555563569068909,0.7705638408660889,-0.3197113573551178,0.557323694229126,0.6763789653778076,0.13803991675376892,0.5602213740348816,0.8019009828567505,-0.33364251255989075,0.5621505379676819,0.7029145956039429,0.1433485448360443,0.5148770213127136,0.8101915717124939,-0.5042075514793396,0.5298577547073364,0.7084742784500122,0.027420539408922195
romanian deadlift_801231.jpg,0.37069204449653625,0.42583829164505005,-0.3765696585178375,0.364326149225235,0.4017677307128906,-0.4029267132282257,0.3652140200138092,0.3995993435382843,-0.4029666483402252,0.3663562536239624,0.39743101596832275,-0.4030890464782715,0.3643057942390442,0.4011285901069641,-0.36384162306785583,0.36505255103111267,0.39850085973739624,-0.3636772334575653,0.3660062551498413,0.3956277072429657,-0.36377760767936707,0.3811546862125397,0.380474716424942,-0.4778565466403961,0.3800552189350128,0.37840980291366577,-0.3041321337223053,0.38285377621650696,0.42810142040252686,-0.39788052439689636,0.3824264407157898,0.4278198182582855,-0.34710800647735596,0.4510437548160553,0.42457935214042664,-0.5025044679641724,0.4509750306606293,0.3937439024448395,-0.16746221482753754,0.4695703685283661,0.5724260807037354,-0.5145204067230225,0.5117762088775635,0.5077117681503296,-0.15509890019893646,0.47607043385505676,0.7155930399894714,-0.3962060213088989,0.5043951869010925,0.6584182381629944,-0.16500017046928406,0.47469377517700195,0.7528887391090393,-0.41741275787353516,0.5006570219993591,0.6864385008811951,-0.15144680440425873,0.47482287883758545,0.7562894225120544,-0.40877565741539,0.49546200037002563,0.6775128841400146,-0.18041323125362396,0.47695785760879517,0.7415333390235901,-0.3906196355819702,0.4958305060863495,0.6859074234962463,-0.17833799123764038,0.5124432444572449,0.535440981388092,-0.11325284093618393,0.5063251852989197,0.502115786075592,0.11270668357610703,0.5174334049224854,0.6927928924560547,-0.08716227114200592,0.5028736591339111,0.6776661276817322,0.2579198479652405,0.49990054965019226,0.8724546432495117,0.02762111835181713,0.5035901665687561,0.8360941410064697,0.4994141757488251,0.5203935503959656,0.9253506064414978,0.033241648226976395,0.5166608095169067,0.8605165481567383,0.5193809866905212,0.4625028967857361,0.9514868259429932,-0.05582183972001076,0.45720580220222473,0.8774755597114563,0.46737369894981384
romanian deadlift_801241.jpg,0.3616943359375,0.42506277561187744,-0.3487364649772644,0.3565233647823334,0.4015667736530304,-0.3719969093799591,0.3576543927192688,0.39953383803367615,-0.3720298409461975,0.3589874804019928,0.3974606692790985,-0.37205734848976135,0.35595703125,0.4004923105239868,-0.3314824402332306,0.3566180169582367,0.39792606234550476,-0.33137449622154236,0.35746878385543823,0.3953721821308136,-0.3314569592475891,0.37323012948036194,0.3829350769519806,-0.43624287843704224,0.3712908625602722,0.37998732924461365,-0.2545520067214966,0.37468448281288147,0.4303741455078125,-0.3674621284008026,0.37438350915908813,0.4308604300022125,-0.31460970640182495,0.44981512427330017,0.4388355314731598,-0.48738154768943787,0.43774059414863586,0.40041419863700867,-0.11360413581132889,0.46164464950561523,0.5731210708618164,-0.5355340838432312,0.5041483044624329,0.5020375847816467,-0.08373728394508362,0.4673819839954376,0.7143603563308716,-0.49444934725761414,0.49599558115005493,0.6502947807312012,-0.09844577312469482,0.4681534171104431,0.7503262758255005,-0.5345888137817383,0.4905032515525818,0.681343674659729,-0.07851888239383698,0.4659110903739929,0.7542176842689514,-0.527183473110199,0.47882747650146484,0.6987831592559814,-0.11866752058267593,0.4673541784286499,0.7414247989654541,-0.49024417996406555,0.4821116626262665,0.6785216927528381,-0.11692321300506592,0.517628014087677,0.5816301703453064,-0.12564682960510254,0.49496716260910034,0.5377990007400513,0.1253482848405838,0.5078678727149963,0.7086756229400635,-0.14971807599067688,0.4782555401325226,0.6854943037033081,0.3272612690925598,0.4902767837047577,0.9028661251068115,-0.08361008018255234,0.4850791394710541,0.8344335556030273,0.5950996279716492,0.5038385391235352,0.9356274008750916,-0.08319461345672607,0.5011223554611206,0.8595834374427795,0.6163113117218018,0.4419219195842743,0.951280951499939,-0.1993105709552765,0.42993780970573425,0.87958824634552,0.568527102470398
romanian deadlift_801251.jpg,0.34795886278152466,0.35462486743927,-0.30303606390953064,0.3488409221172333,0.3357628881931305,-0.3010419011116028,0.3504444658756256,0.3344371020793915,-0.30108627676963806,0.35212910175323486,0.3330928087234497,-0.3011486828327179,0.34821224212646484,0.33568230271339417,-0.2805703282356262,0.3493480682373047,0.3341684341430664,-0.28035134077072144,0.350513756275177,0.33249542117118835,-0.28042250871658325,0.3727666437625885,0.3280338644981384,-0.3622046709060669,0.3699982464313507,0.3247174620628357,-0.21212057769298553,0.36140176653862,0.36562687158584595,-0.2923299968242645,0.3597453832626343,0.3650757372379303,-0.29257744550704956,0.4316689074039459,0.3936091959476471,-0.45128434896469116,0.4429765045642853,0.371174156665802,-0.022458868101239204,0.4497827887535095,0.5402927994728088,-0.4888594448566437,0.5062658786773682,0.48897072672843933,0.0489809475839138,0.46041128039360046,0.6751246452331543,-0.4426785111427307,0.499721497297287,0.6229081749916077,0.013243226334452629,0.46428000926971436,0.7100918889045715,-0.49268993735313416,0.4960920214653015,0.6526377201080322,0.023222221061587334,0.4630109965801239,0.7124615907669067,-0.48318105936050415,0.48721015453338623,0.6616394519805908,-0.017379622906446457,0.4635458290576935,0.7027326226234436,-0.43815404176712036,0.48953670263290405,0.6502624154090881,-0.005690569989383221,0.524909496307373,0.5828431844711304,-0.13362306356430054,0.496836394071579,0.561933159828186,0.1334073841571808,0.5025063157081604,0.7258545160293579,0.03278247267007828,0.48229414224624634,0.700080931186676,0.4341805577278137,0.4844962954521179,0.9099802374839783,0.21563677489757538,0.4713984429836273,0.8324300050735474,0.7631191611289978,0.5008998513221741,0.9422857761383057,0.22864410281181335,0.4841024577617645,0.860676646232605,0.7934110164642334,0.42245566844940186,0.9502039551734924,0.1333955079317093,0.41124245524406433,0.8618386387825012,0.7616206407546997
romanian deadlift_801261.jpg,0.3597176969051361,0.28874531388282776,-0.21175575256347656,0.3616752028465271,0.27067652344703674,-0.24236591160297394,0.3631148636341095,0.2702780067920685,-0.24238578975200653,0.36476612091064453,0.2698511779308319,-0.24239268898963928,0.3619641661643982,0.2693830132484436,-0.19160600006580353,0.3634081184864044,0.2680860161781311,-0.1915648877620697,0.36493346095085144,0.2667107880115509,-0.19171640276908875,0.38393446803092957,0.268786758184433,-0.30567604303359985,0.38298192620277405,0.264114111661911,-0.10122457891702652,0.37042200565338135,0.30176842212677,-0.2407403439283371,0.3700787425041199,0.30059200525283813,-0.1753501147031784,0.4283316731452942,0.34154006838798523,-0.4143688380718231,0.4408377408981323,0.32550302147865295,0.08232002705335617,0.4549098014831543,0.48668038845062256,-0.4540729522705078,0.49766889214515686,0.4530363380908966,0.12311556190252304,0.4641121029853821,0.6105667352676392,-0.39027678966522217,0.48353034257888794,0.5895381569862366,0.040590304881334305,0.46672049164772034,0.6465328335762024,-0.44363272190093994,0.47664356231689453,0.6210646033287048,0.04682929813861847,0.4621048867702484,0.6490544080734253,-0.43144533038139343,0.47571250796318054,0.6269758343696594,0.0004995552008040249,0.46283093094825745,0.638556718826294,-0.3838709592819214,0.47870174050331116,0.6151870489120483,0.018658364191651344,0.5311675071716309,0.5359683632850647,-0.15175001323223114,0.524605929851532,0.5205215811729431,0.15176863968372345,0.5012214779853821,0.7070159316062927,-0.09437523037195206,0.4952200949192047,0.6511017084121704,0.4299672842025757,0.4865819215774536,0.9094553589820862,-0.033730845898389816,0.49073657393455505,0.7801186442375183,0.6986860632896423,0.4988080561161041,0.9450368881225586,-0.03426002338528633,0.5011208057403564,0.8060959577560425,0.7230289578437805,0.42082345485687256,0.948697566986084,-0.1503152847290039,0.4418118894100189,0.7736383080482483,0.7062638998031616
romanian deadlift_801271.jpg,0.37342536449432373,0.20573560893535614,-0.12513302266597748,0.37779301404953003,0.18785327672958374,-0.15397873520851135,0.3795837461948395,0.18683548271656036,-0.1540604531764984,0.381522536277771,0.18554897606372833,-0.1541113555431366,0.3774678111076355,0.187831312417984,-0.10163523256778717,0.37885016202926636,0.18691861629486084,-0.10159645229578018,0.38029593229293823,0.1857183873653412,-0.10168567299842834,0.4003962576389313,0.18603681027889252,-0.24059882760047913,0.3985549509525299,0.18651124835014343,0.00214087194763124,0.3831234574317932,0.22172029316425323,-0.1509527713060379,0.3823699355125427,0.2216203659772873,-0.08321021497249603,0.43859654664993286,0.29066795110702515,-0.34801748394966125,0.4444481432437897,0.29111722111701965,0.1692606657743454,0.45762234926223755,0.44596102833747864,-0.3998909294605255,0.48061123490333557,0.427979052066803,0.20692048966884613,0.45966750383377075,0.6096321940422058,-0.3573714792728424,0.4718148410320282,0.5500026941299438,0.10079517215490341,0.4595159590244293,0.6434980630874634,-0.4154455065727234,0.46698200702667236,0.5783864259719849,0.10626733303070068,0.45464640855789185,0.6387152075767517,-0.39839330315589905,0.4672674536705017,0.5815832018852234,0.05486498400568962,0.45463424921035767,0.6214425563812256,-0.34971562027931213,0.4669656455516815,0.5712775588035583,0.07640448212623596,0.5279412269592285,0.5106534361839294,-0.1554870754480362,0.5240556001663208,0.49948641657829285,0.1556227207183838,0.5012192726135254,0.6955967545509338,-0.10644767433404922,0.4948176145553589,0.6629010438919067,0.2820305824279785,0.48459330201148987,0.9080207943916321,-0.011668611317873001,0.4937005639076233,0.8448811173439026,0.46733006834983826,0.49907296895980835,0.9393728375434875,-0.00850724894553423,0.5048654079437256,0.8755191564559937,0.47195932269096375,0.42102381587028503,0.9516575336456299,-0.11392386257648468,0.43932920694351196,0.8743258714675903,0.43534988164901733
romanian deadlift_801281.jpg,0.3953183889389038,0.14730796217918396,-0.11508969962596893,0.40054574608802795,0.12917467951774597,-0.14145337045192719,0.4026756286621094,0.1287892609834671,-0.141549751162529,0.4049636721611023,0.12831376492977142,-0.14161859452724457,0.39853015542030334,0.1285426765680313,-0.09242042154073715,0.39910024404525757,0.1278124898672104,-0.09236568957567215,0.3997843861579895,0.12690798938274384,-0.09241904318332672,0.4219933748245239,0.13339874148368835,-0.21259669959545135,0.41592472791671753,0.13221950829029083,0.008623603731393814,0.40445414185523987,0.16505371034145355,-0.13788843154907227,0.4011899530887604,0.1639162302017212,-0.0744505450129509,0.4473934471607208,0.24111104011535645,-0.32834577560424805,0.4496435523033142,0.2433987706899643,0.16691066324710846,0.4635719358921051,0.39198043942451477,-0.38399267196655273,0.48030784726142883,0.3884933888912201,0.2090384066104889,0.4562711715698242,0.5374471545219421,-0.35433876514434814,0.47258779406547546,0.5089685916900635,0.11428488045930862,0.4570886790752411,0.569813072681427,-0.41161805391311646,0.4675543010234833,0.5473368167877197,0.1210489347577095,0.4510761499404907,0.5705528259277344,-0.39249926805496216,0.46587222814559937,0.5548727512359619,0.06969904899597168,0.4514341354370117,0.5588259100914001,-0.34561458230018616,0.46656179428100586,0.545681357383728,0.09027257561683655,0.514945387840271,0.504874050617218,-0.14966286718845367,0.5175948739051819,0.4921393096446991,0.149797722697258,0.4957408607006073,0.6853258013725281,-0.11657753586769104,0.4900713264942169,0.6539484858512878,0.2559697926044464,0.4858626425266266,0.9035451412200928,-0.0454554557800293,0.48774078488349915,0.8386425375938416,0.39799901843070984,0.5005251169204712,0.9360489845275879,-0.04764411598443985,0.49889448285102844,0.8705548048019409,0.40381938219070435,0.4213656187057495,0.9488425254821777,-0.19019509851932526,0.4324330985546112,0.8715445399284363,0.3392958343029022
romanian deadlift_801291.jpg,0.40967312455177307,0.128221794962883,-0.1384219080209732,0.41388997435569763,0.10962360352277756,-0.1642666906118393,0.41609054803848267,0.10933243483304977,-0.16434483230113983,0.4184291958808899,0.10886844992637634,-0.16442027688026428,0.4098599851131439,0.10888691246509552,-0.11658145487308502,0.4082958996295929,0.10816337913274765,-0.11650027334690094,0.40572595596313477,0.10724211484193802,-0.11653180420398712,0.43081626296043396,0.11450190842151642,-0.21744121611118317,0.4291679263114929,0.11318447440862656,-0.012447189539670944,0.4181462228298187,0.14462392032146454,-0.15784835815429688,0.4140598475933075,0.14356401562690735,-0.09608883410692215,0.4592083692550659,0.226081982254982,-0.3372667133808136,0.4594641327857971,0.22408540546894073,0.14779184758663177,0.4678918719291687,0.37070196866989136,-0.39083924889564514,0.480825811624527,0.3746125400066376,0.19301925599575043,0.45404770970344543,0.5026811361312866,-0.361449271440506,0.464134156703949,0.49199724197387695,0.09326528012752533,0.4540366530418396,0.5349209904670715,-0.4199395477771759,0.46214520931243896,0.525216817855835,0.0976400077342987,0.44838428497314453,0.5341417789459229,-0.4030861258506775,0.4562314450740814,0.5306829810142517,0.04511023312807083,0.4488492012023926,0.5238643288612366,-0.35407960414886475,0.45785248279571533,0.5184797644615173,0.06862180680036545,0.5061013102531433,0.500371515750885,-0.1482776552438736,0.5097187757492065,0.48975127935409546,0.14848247170448303,0.49121585488319397,0.6894991397857666,-0.12035994976758957,0.4893595278263092,0.6601216793060303,0.2519822418689728,0.48537662625312805,0.9011939167976379,-0.051689717918634415,0.48895615339279175,0.8610789775848389,0.34914273023605347,0.5012216567993164,0.9383338093757629,-0.05239032581448555,0.5013083219528198,0.8908271789550781,0.35426047444343567,0.4224671423435211,0.9473670125007629,-0.1787395179271698,0.4386363923549652,0.8962283730506897,0.26374679803848267
romanian deadlift_801301.jpg,0.4175548851490021,0.12018931657075882,-0.14459063112735748,0.42526036500930786,0.10276824980974197,-0.16963300108909607,0.427245169878006,0.1026918962597847,-0.16970139741897583,0.42945054173469543,0.10241496562957764,-0.16977578401565552,0.4240495264530182,0.10132519155740738,-0.12290844321250916,0.4245879352092743,0.10047890245914459,-0.1228116825222969,0.42484769225120544,0.09947896748781204,-0.1228276863694191,0.44866955280303955,0.10824115574359894,-0.22066499292850494,0.44776973128318787,0.10665424168109894,-0.018793314695358276,0.42336565256118774,0.1386355757713318,-0.1627764254808426,0.42393311858177185,0.1376958191394806,-0.1022612676024437,0.46667996048927307,0.22492040693759918,-0.33401718735694885,0.47098684310913086,0.2239258885383606,0.13885922729969025,0.46753644943237305,0.3695376217365265,-0.3850792944431305,0.4773593246936798,0.3723066449165344,0.1818283051252365,0.45257407426834106,0.49764442443847656,-0.35681861639022827,0.4603338837623596,0.49075618386268616,0.08735039830207825,0.4531918466091156,0.5300105214118958,-0.41355493664741516,0.45520496368408203,0.520193338394165,0.09182567149400711,0.4475768506526947,0.528444230556488,-0.3986697793006897,0.45084813237190247,0.5238929390907288,0.04020950570702553,0.4483180344104767,0.5186219811439514,-0.35046717524528503,0.4532964527606964,0.5148795247077942,0.06324465572834015,0.5005086064338684,0.49653977155685425,-0.14704583585262299,0.5029044151306152,0.4865323305130005,0.14728306233882904,0.48843029141426086,0.6881614327430725,-0.12811854481697083,0.489177405834198,0.6637170314788818,0.22763633728027344,0.4844255745410919,0.9020105004310608,-0.0670752227306366,0.48930639028549194,0.864561915397644,0.3213970959186554,0.4996061623096466,0.9405626654624939,-0.06858933717012405,0.500686526298523,0.8983172178268433,0.3254055678844452,0.41955462098121643,0.9446491599082947,-0.196620374917984,0.435028612613678,0.9042119383811951,0.23036213219165802
romanian deadlift_801311.jpg,0.4283909797668457,0.11833248287439346,-0.1492869257926941,0.43669626116752625,0.10224541276693344,-0.1754074990749359,0.4385750889778137,0.10199810564517975,-0.1754639595746994,0.44060561060905457,0.101593516767025,-0.17552872002124786,0.43637529015541077,0.10169318318367004,-0.12812620401382446,0.4376465976238251,0.10116813331842422,-0.12804028391838074,0.43894341588020325,0.10050967335700989,-0.12805689871311188,0.46057698130607605,0.10725990682840347,-0.2283703237771988,0.4598539173603058,0.10644428431987762,-0.024491550400853157,0.4350636303424835,0.13706830143928528,-0.1680554896593094,0.43593209981918335,0.13720643520355225,-0.10688547044992447,0.470034122467041,0.22335675358772278,-0.3442656695842743,0.4795381724834442,0.2240670770406723,0.1365634948015213,0.4694662094116211,0.37063872814178467,-0.3875630795955658,0.47821852564811707,0.37136322259902954,0.1797858327627182,0.4522109627723694,0.4993075132369995,-0.3470707833766937,0.4624333679676056,0.48888179659843445,0.08150222897529602,0.4529425799846649,0.5309356451034546,-0.4024127721786499,0.45784127712249756,0.5198197364807129,0.0841749906539917,0.4477519392967224,0.5306906700134277,-0.38908785581588745,0.4541253447532654,0.5229915380477905,0.032325055450201035,0.44835689663887024,0.5207436680793762,-0.3410695195198059,0.4554744362831116,0.5130934119224548,0.05703848600387573,0.5026885867118835,0.48999568819999695,-0.14699313044548035,0.5023319125175476,0.48424720764160156,0.14719417691230774,0.4885772168636322,0.687049150466919,-0.12244176119565964,0.4888855516910553,0.6681022047996521,0.22454552352428436,0.48552942276000977,0.8983963131904602,-0.04848968982696533,0.491190105676651,0.8624646663665771,0.3307223618030548,0.5008140802383423,0.9365764856338501,-0.04880119860172272,0.5026209950447083,0.8999624252319336,0.3355028033256531,0.4187752604484558,0.9443130493164062,-0.17920123040676117,0.43067389726638794,0.90948486328125,0.2389822006225586
romanian deadlift_801321.jpg,0.43485406041145325,0.11925201117992401,-0.1511586308479309,0.4424549639225006,0.1010558158159256,-0.1782333105802536,0.4445112943649292,0.10089188814163208,-0.1782872974872589,0.4466603994369507,0.10058082640171051,-0.17834621667861938,0.4415671229362488,0.10090819746255875,-0.13043555617332458,0.44283077120780945,0.10068138688802719,-0.130369171500206,0.44416433572769165,0.10018393397331238,-0.13038943707942963,0.4664615988731384,0.10752803832292557,-0.2354786992073059,0.46448373794555664,0.10612720996141434,-0.027386033907532692,0.44182923436164856,0.13938549160957336,-0.1704806685447693,0.4411638081073761,0.13998351991176605,-0.10873337090015411,0.47116944193840027,0.22120103240013123,-0.3506060838699341,0.4832531809806824,0.22256766259670258,0.13640250265598297,0.47136735916137695,0.3717220425605774,-0.39096295833587646,0.4791231155395508,0.36923569440841675,0.18224096298217773,0.4519910216331482,0.4996925890445709,-0.34740152955055237,0.46415504813194275,0.4860205352306366,0.08596456050872803,0.45193830132484436,0.5304780602455139,-0.4020354449748993,0.4606725871562958,0.51474928855896,0.08975710719823837,0.446983277797699,0.5302277207374573,-0.3883855938911438,0.4555262327194214,0.5186174511909485,0.03760219365358353,0.44794169068336487,0.5204208493232727,-0.3410610556602478,0.4579472839832306,0.5101438164710999,0.06146009638905525,0.502152681350708,0.48940911889076233,-0.14760851860046387,0.5000355243682861,0.4823390543460846,0.14775092899799347,0.48915544152259827,0.6856245994567871,-0.1262339949607849,0.48840615153312683,0.6681889891624451,0.21897943317890167,0.4859369993209839,0.9008188843727112,-0.05677445977926254,0.49115973711013794,0.8646076917648315,0.3243334889411926,0.5017330050468445,0.940276563167572,-0.05754683166742325,0.5028704404830933,0.9027296900749207,0.3287801444530487,0.4209049344062805,0.9468278884887695,-0.18877394497394562,0.42598429322242737,0.9135985374450684,0.23266272246837616
romanian deadlift_801331.jpg,0.35895103216171265,0.3790774941444397,-0.26860225200653076,0.3573504388332367,0.3603725731372833,-0.2970546782016754,0.3584645688533783,0.3587324917316437,-0.2970455586910248,0.35961437225341797,0.35687366127967834,-0.2970150411128998,0.35762864351272583,0.3592289090156555,-0.2511815130710602,0.35897234082221985,0.3568982779979706,-0.25114449858665466,0.36032482981681824,0.35424908995628357,-0.25122812390327454,0.37701931595802307,0.3460838198661804,-0.3807494044303894,0.3769184648990631,0.34232622385025024,-0.17761340737342834,0.3713824450969696,0.3876188397407532,-0.2955184578895569,0.371959388256073,0.3866431415081024,-0.2360922247171402,0.43507444858551025,0.4068091809749603,-0.4645724594593048,0.4509564936161041,0.37417012453079224,-0.03166615590453148,0.4566357731819153,0.5545903444290161,-0.5143241882324219,0.5011793971061707,0.48973095417022705,0.036100123077631,0.4581455588340759,0.688380241394043,-0.48576048016548157,0.497616708278656,0.6279938817024231,-0.004719999153167009,0.45860975980758667,0.7237548828125,-0.5363824367523193,0.49777737259864807,0.6579714417457581,0.010370603762567043,0.45392459630966187,0.7273584008216858,-0.5233875513076782,0.48728829622268677,0.6667614579200745,-0.03547709435224533,0.45461305975914,0.7165015339851379,-0.48006877303123474,0.49002161622047424,0.6560318470001221,-0.02417605370283127,0.5153635144233704,0.5746871829032898,-0.14285962283611298,0.5132204294204712,0.5606465339660645,0.14288589358329773,0.49317359924316406,0.7162080407142639,-0.03678562864661217,0.4894051253795624,0.673929750919342,0.41799989342689514,0.48481136560440063,0.9066124558448792,0.0997406616806984,0.4771633744239807,0.8448128700256348,0.7226890325546265,0.498764306306839,0.9385701417922974,0.10841935127973557,0.48705995082855225,0.8710616827011108,0.750756025314331,0.4228101968765259,0.9479283094406128,0.015611027367413044,0.4199504554271698,0.873437762260437,0.7255228757858276
romanian deadlift_801341.jpg,0.3509449362754822,0.3227684497833252,-0.2496330738067627,0.3514818847179413,0.3045139014720917,-0.2766343653202057,0.3528617322444916,0.3030092120170593,-0.2766474485397339,0.35436689853668213,0.30136579275131226,-0.2766859829425812,0.35226717591285706,0.3037000298500061,-0.23143693804740906,0.3540287911891937,0.3016592264175415,-0.23141531646251678,0.35586288571357727,0.29935982823371887,-0.23155637085437775,0.37317246198654175,0.29764994978904724,-0.3529815375804901,0.37484949827194214,0.2937897741794586,-0.153006449341774,0.3644672632217407,0.33298254013061523,-0.2747132480144501,0.3648408353328705,0.3331344425678253,-0.21626393496990204,0.43274399638175964,0.37166863679885864,-0.4497838318347931,0.4444282650947571,0.35021260380744934,0.0078817717730999,0.4531116187572479,0.5202009081840515,-0.4899730384349823,0.49898508191108704,0.4704999625682831,0.06566808372735977,0.4610655605792999,0.6459981799125671,-0.4333716034889221,0.5065511465072632,0.5972246527671814,0.009963607415556908,0.4617060422897339,0.6835073828697205,-0.48199236392974854,0.5092726945877075,0.6271684169769287,0.01607923023402691,0.45708581805229187,0.6861597895622253,-0.47110864520072937,0.5033631920814514,0.6335625648498535,-0.03017989546060562,0.45739033818244934,0.6736817359924316,-0.42722317576408386,0.5046956539154053,0.6225374341011047,-0.01032155379652977,0.5335952639579773,0.5536141991615295,-0.1401468813419342,0.5221261382102966,0.53428053855896,0.1401788294315338,0.49365559220314026,0.7096585035324097,-0.06977098435163498,0.48921120166778564,0.668341875076294,0.3842487633228302,0.4862099587917328,0.9046486616134644,0.031014297157526016,0.4706043303012848,0.8177897334098816,0.6414176821708679,0.4970930218696594,0.9375644326210022,0.03499710187315941,0.4798334240913391,0.8473596572875977,0.664529025554657,0.42609846591949463,0.945563018321991,-0.06667005270719528,0.4242892861366272,0.8346607685089111,0.6430127620697021
romanian deadlift_801351.jpg,0.36539968848228455,0.26844727993011475,-0.11338946223258972,0.3678782284259796,0.2504580616950989,-0.14082308113574982,0.36904847621917725,0.24949580430984497,-0.14086054265499115,0.37022390961647034,0.2483961135149002,-0.14088557660579681,0.3684408366680145,0.24934853613376617,-0.09153006225824356,0.3699471354484558,0.2477632462978363,-0.09150544553995132,0.3715025782585144,0.24600830674171448,-0.0916554182767868,0.3880961239337921,0.24725241959095,-0.21957728266716003,0.3891158998012543,0.2438860535621643,-0.0015918656717985868,0.3751567602157593,0.2816489040851593,-0.13934066891670227,0.3752622902393341,0.28155162930488586,-0.07578668743371964,0.42948558926582336,0.3327942490577698,-0.3724536597728729,0.4481086730957031,0.31775209307670593,0.17228585481643677,0.4538789391517639,0.4779685139656067,-0.46585899591445923,0.4912131726741791,0.4456409811973572,0.21663257479667664,0.4618177115917206,0.6040772795677185,-0.37553671002388,0.48583677411079407,0.5758934617042542,0.13177546858787537,0.4626270532608032,0.6396787166595459,-0.43938684463500977,0.48190170526504517,0.6067530512809753,0.14439217746257782,0.4582488238811493,0.6416390538215637,-0.4136534631252289,0.48072755336761475,0.6142862439155579,0.09364339709281921,0.4589692950248718,0.6298322677612305,-0.36466893553733826,0.4844115376472473,0.6019735932350159,0.10840079188346863,0.5311778783798218,0.5337056517601013,-0.15548183023929596,0.5371197462081909,0.5200763940811157,0.15543995797634125,0.49571675062179565,0.7083963751792908,-0.08743885904550552,0.49574118852615356,0.6791636347770691,0.26224371790885925,0.4856331944465637,0.915513277053833,0.008963211439549923,0.47906190156936646,0.8646756410598755,0.38379135727882385,0.49878808856010437,0.9521656632423401,0.012733148410916328,0.4896642863750458,0.8983114361763,0.3933091461658478,0.42500802874565125,0.9475648403167725,-0.08508151024580002,0.428016722202301,0.9035419821739197,0.34202274680137634
romanian deadlift_801361.jpg,0.3785107731819153,0.1875816285610199,-0.1197720319032669,0.38259565830230713,0.16838330030441284,-0.14772626757621765,0.38421007990837097,0.1674654334783554,-0.14778193831443787,0.38590118288993835,0.16643135249614716,-0.14781279861927032,0.3818696141242981,0.16851405799388885,-0.09754206985235214,0.3829120695590973,0.16777712106704712,-0.09751471132040024,0.38404184579849243,0.16694749891757965,-0.09760570526123047,0.4033642113208771,0.1697297841310501,-0.21671488881111145,0.4010433554649353,0.17021767795085907,0.004676829092204571,0.388330340385437,0.2039305567741394,-0.1429177075624466,0.386605441570282,0.20435871183872223,-0.07824575155973434,0.439592182636261,0.27099892497062683,-0.34679117798805237,0.44687145948410034,0.2712556719779968,0.1697140634059906,0.4566437304019928,0.41503021121025085,-0.43214571475982666,0.4764390289783478,0.40804213285446167,0.2068958580493927,0.46084922552108765,0.5428822636604309,-0.3597293794155121,0.47318777441978455,0.5233219861984253,0.1079239621758461,0.4624499976634979,0.5765412449836731,-0.4217287302017212,0.4705730974674225,0.5610652565956116,0.11420472711324692,0.45784807205200195,0.5781058669090271,-0.40022432804107666,0.47122424840927124,0.5666006803512573,0.06482540816068649,0.45772647857666016,0.5666590929031372,-0.35102176666259766,0.4716576635837555,0.5511998534202576,0.08451709896326065,0.5281468629837036,0.50600266456604,-0.1554844081401825,0.5245018601417542,0.5036790370941162,0.15556161105632782,0.4950833320617676,0.7042670845985413,-0.12785856425762177,0.49110814929008484,0.6744033694267273,0.2220413237810135,0.4860772490501404,0.9105658531188965,-0.06558352708816528,0.481974333524704,0.8665100336074829,0.337615966796875,0.49972599744796753,0.9459347128868103,-0.06589476019144058,0.49257415533065796,0.8989280462265015,0.3442228436470032,0.42458170652389526,0.9521703720092773,-0.180956169962883,0.4283219277858734,0.914398729801178,0.26773303747177124
romanian deadlift_801371.jpg,0.392282634973526,0.14125052094459534,-0.13096588850021362,0.39899376034736633,0.12233933061361313,-0.1571367233991623,0.4011702537536621,0.12203241139650345,-0.15720923244953156,0.4035834074020386,0.12142904102802277,-0.15727554261684418,0.3973905146121979,0.1214141845703125,-0.10911717265844345,0.3983515501022339,0.12069742381572723,-0.10906307399272919,0.3995002508163452,0.11977999657392502,-0.10910650342702866,0.4226337671279907,0.12607982754707336,-0.21903617680072784,0.41848284006118774,0.12572792172431946,-0.006711968220770359,0.3997810482978821,0.15814189612865448,-0.15150566399097443,0.3979322016239166,0.1565055102109909,-0.08936657756567001,0.4439407289028168,0.23693111538887024,-0.3382154405117035,0.4529486298561096,0.23510755598545074,0.1554790884256363,0.45933595299720764,0.38300928473472595,-0.4055178463459015,0.4777045249938965,0.38049909472465515,0.1962159126996994,0.45917120575904846,0.5137209296226501,-0.3525266945362091,0.4711852967739105,0.4979268014431,0.09767484664916992,0.4610898792743683,0.5476722121238708,-0.41287925839424133,0.46707990765571594,0.5315808057785034,0.10299539566040039,0.4559253752231598,0.546196460723877,-0.3925324082374573,0.46531686186790466,0.5341718196868896,0.05208691209554672,0.4557853043079376,0.5359317064285278,-0.3441040813922882,0.4661427438259125,0.5245031714439392,0.0737050250172615,0.5143101215362549,0.4857342541217804,-0.15200893580913544,0.5168527364730835,0.48423653841018677,0.1521381437778473,0.4946257174015045,0.7011958956718445,-0.12529507279396057,0.4915556013584137,0.6734471917152405,0.22263357043266296,0.4863050878047943,0.9088841676712036,-0.057079728692770004,0.4826117157936096,0.8686782121658325,0.33765050768852234,0.5004028081893921,0.9446163773536682,-0.05628112331032753,0.4935036897659302,0.9030657410621643,0.3436388671398163,0.42479151487350464,0.9496466517448425,-0.17049433290958405,0.432714581489563,0.9059731364250183,0.2563479542732239
romanian deadlift_801381.jpg,0.4152783155441284,0.1258239448070526,-0.1287507265806198,0.4231064021587372,0.10818860679864883,-0.15511083602905273,0.4252261221408844,0.10765700787305832,-0.1551835685968399,0.42748406529426575,0.10701561719179153,-0.1552441269159317,0.42177191376686096,0.10807161033153534,-0.10668689757585526,0.4228549897670746,0.10752610117197037,-0.10661541670560837,0.4241170287132263,0.10676795244216919,-0.10664248466491699,0.4464976489543915,0.11177220940589905,-0.2177056223154068,0.4433915913105011,0.11126922816038132,-0.003563055070117116,0.42285045981407166,0.14328309893608093,-0.1498798280954361,0.42081812024116516,0.1430683732032776,-0.0871647447347641,0.45681291818618774,0.2234615683555603,-0.32904428243637085,0.4642620086669922,0.22753892838954926,0.1521988958120346,0.459540456533432,0.36950042843818665,-0.3818739652633667,0.4732791483402252,0.3738979399204254,0.19323502480983734,0.4581184387207031,0.4937323331832886,-0.3405960500240326,0.466103732585907,0.48388341069221497,0.09370817989110947,0.45978277921676636,0.5264996290206909,-0.3970491290092468,0.4613424241542816,0.5134493708610535,0.09858811646699905,0.4543357491493225,0.524017870426178,-0.3803468346595764,0.4583916962146759,0.5158652663230896,0.048109207302331924,0.45399191975593567,0.5139962434768677,-0.3330266773700714,0.45966464281082153,0.5079385638237,0.0700102224946022,0.5065948367118835,0.47799158096313477,-0.14972153306007385,0.5102161169052124,0.4750674366950989,0.14985379576683044,0.4905208945274353,0.6966089606285095,-0.14931173622608185,0.49017855525016785,0.6688812971115112,0.23361404240131378,0.4863472878932953,0.908585786819458,-0.10871240496635437,0.4829857647418976,0.8619400262832642,0.35619232058525085,0.5008431077003479,0.9424024224281311,-0.1120624840259552,0.4939068853855133,0.8946473598480225,0.36244961619377136,0.42466479539871216,0.9490340352058411,-0.2398732602596283,0.433704674243927,0.897830605506897,0.27735480666160583
romanian deadlift_801391.jpg,0.4276496171951294,0.22826585173606873,-0.011451727710664272,0.429027259349823,0.21389929950237274,-0.039168987423181534,0.42930158972740173,0.21419112384319305,-0.03922249749302864,0.4295617640018463,0.21471405029296875,-0.03922763839364052,0.4310556948184967,0.21108844876289368,-0.004870031960308552,0.4327501356601715,0.2093403935432434,-0.0048586525954306126,0.43440738320350647,0.20770132541656494,-0.004957656376063824,0.4425916373729706,0.21592476963996887,-0.12948112189769745,0.4487907588481903,0.2053920477628708,0.02437495067715645,0.432294636964798,0.23859399557113647,-0.03955372795462608,0.43506962060928345,0.2364090383052826,0.005012939218431711,0.4523550570011139,0.31173309683799744,-0.24948443472385406,0.5181996822357178,0.26664093136787415,0.13948945701122284,0.46049416065216064,0.4561757445335388,-0.28022661805152893,0.5447713136672974,0.4118420481681824,0.1774030178785324,0.4642970860004425,0.5831308960914612,-0.1627342700958252,0.5427124500274658,0.5028200745582581,0.12419770658016205,0.46216851472854614,0.6185888051986694,-0.18031542003154755,0.5454607605934143,0.5450407266616821,0.14595870673656464,0.4615837335586548,0.6208328008651733,-0.16079644858837128,0.537022054195404,0.5509711503982544,0.1154632568359375,0.46455419063568115,0.6083453893661499,-0.15049174427986145,0.5368610620498657,0.5437781810760498,0.1105053573846817,0.5300711393356323,0.5210932493209839,-0.1331363469362259,0.579289972782135,0.49935227632522583,0.13263335824012756,0.5010390877723694,0.698370635509491,0.004931618459522724,0.5511763095855713,0.6550626754760742,0.45974352955818176,0.49437734484672546,0.8827095031738281,-0.08204755932092667,0.5601332783699036,0.7627241611480713,0.578571617603302,0.5047904253005981,0.9127528071403503,-0.10375216603279114,0.572179913520813,0.7879968285560608,0.5936400294303894,0.4465889036655426,0.8920808434486389,-0.1159220039844513,0.5204327702522278,0.7796552181243896,0.621249258518219
romanian deadlift_801401.jpg,0.4219155013561249,0.33994629979133606,0.32706788182258606,0.4259476065635681,0.3240709900856018,0.303914338350296,0.4284106194972992,0.3239089846611023,0.30389663577079773,0.4273405969142914,0.3238728940486908,0.30390655994415283,0.42529985308647156,0.3204317092895508,0.3319381773471832,0.4265475869178772,0.3176131248474121,0.3319183886051178,0.4278770387172699,0.31488037109375,0.3318043649196625,0.4356671869754791,0.31815826892852783,0.18374106287956238,0.4436705410480499,0.3065704107284546,0.3091875910758972,0.42816099524497986,0.34693795442581177,0.2850207984447479,0.4299992024898529,0.34388434886932373,0.32169777154922485,0.44488170742988586,0.38352692127227783,0.004882579203695059,0.5126379728317261,0.33086544275283813,0.3418661057949066,0.4516960084438324,0.5286809206008911,-0.0630265548825264,0.5629132390022278,0.45669618248939514,0.36507415771484375,0.46352875232696533,0.6551076173782349,0.03302164003252983,0.5648834705352783,0.5544023513793945,0.367743581533432,0.46248358488082886,0.6904481053352356,0.02021173946559429,0.5687525868415833,0.5942659974098206,0.40124398469924927,0.4628463387489319,0.6912398338317871,0.047856900840997696,0.5603240132331848,0.5934783220291138,0.3744139075279236,0.46530380845069885,0.6783109903335571,0.047641221433877945,0.5565979480743408,0.5956782102584839,0.3568730354309082,0.541388750076294,0.5394906401634216,-0.11530927568674088,0.5910738706588745,0.518446683883667,0.11456413567066193,0.5103675723075867,0.7009653449058533,0.0764663964509964,0.5477269887924194,0.6680691242218018,0.2891668379306793,0.4975682199001312,0.8281972408294678,-0.10345999151468277,0.5656910538673401,0.7395310997962952,0.10607341676950455,0.5073724389076233,0.8490074276924133,-0.12376164644956589,0.5721032619476318,0.7552793025970459,0.09216190874576569,0.4560667872428894,0.880456268787384,-0.13483111560344696,0.5317257046699524,0.7583013772964478,0.08635803312063217
romanian deadlift_801411.jpg,0.4196434020996094,0.3990457355976105,0.39013656973838806,0.42495793104171753,0.38278496265411377,0.36552104353904724,0.4242895543575287,0.382283091545105,0.3655410706996918,0.42148399353027344,0.3819085955619812,0.36549699306488037,0.4225313365459442,0.38023775815963745,0.3914181590080261,0.4235629737377167,0.37769097089767456,0.3914356231689453,0.42475593090057373,0.3750256896018982,0.3913697302341461,0.4257164001464844,0.37812474370002747,0.23153778910636902,0.4423706829547882,0.3662061393260956,0.34829989075660706,0.42607250809669495,0.4051285684108734,0.34326714277267456,0.42814314365386963,0.4022160768508911,0.3773196339607239,0.4345186948776245,0.43050363659858704,0.03701429441571236,0.504781186580658,0.3763611614704132,0.36591464281082153,0.4493189752101898,0.5755730867385864,-0.03773372992873192,0.5640476942062378,0.4867449104785919,0.37889519333839417,0.46344226598739624,0.7074071168899536,0.04805087670683861,0.5567804574966431,0.606430172920227,0.3641681969165802,0.4628790020942688,0.7399555444717407,0.022242309525609016,0.5611932873725891,0.6454949378967285,0.3883192241191864,0.4641171097755432,0.7422724366188049,0.05875684693455696,0.5421903133392334,0.6411118507385254,0.360979288816452,0.46593576669692993,0.7303836345672607,0.0640135258436203,0.5492879748344421,0.6475313305854797,0.3521905839443207,0.5415293574333191,0.5657081007957458,-0.11255539953708649,0.5963250994682312,0.5423469543457031,0.11180772632360458,0.5101006031036377,0.7180876135826111,0.12356480211019516,0.5520025491714478,0.6852937340736389,0.35028931498527527,0.4977245628833771,0.84782874584198,0.06382880359888077,0.5537358522415161,0.7398203611373901,0.2918555438518524,0.5040233731269836,0.8760251402854919,0.059725262224674225,0.5692748427391052,0.7744305729866028,0.2977677285671234,0.46198102831840515,0.8930419087409973,0.04769028350710869,0.5304183959960938,0.7867887020111084,0.28829097747802734
romanian deadlift_801421.jpg,0.4227248430252075,0.3310311734676361,0.4589645266532898,0.42312532663345337,0.3146587312221527,0.42778873443603516,0.422651082277298,0.3146900534629822,0.4278416037559509,0.42098310589790344,0.31485849618911743,0.4278393089771271,0.4241042137145996,0.3123321235179901,0.4589272737503052,0.42576566338539124,0.31061604619026184,0.458907812833786,0.42756956815719604,0.3088672161102295,0.4588133990764618,0.4257682263851166,0.31514742970466614,0.2781497836112976,0.4420681595802307,0.30501171946525574,0.41452252864837646,0.42918121814727783,0.34359773993492126,0.4075179696083069,0.4328487515449524,0.3408927023410797,0.4470488727092743,0.4375625252723694,0.3963901400566101,0.06520775705575943,0.5096089839935303,0.35019832849502563,0.4522964656352997,0.45180028676986694,0.5409242510795593,0.006189750041812658,0.5490652918815613,0.4845646321773529,0.4515703320503235,0.46574509143829346,0.6710155606269836,0.11028580367565155,0.5452988147735596,0.6034137010574341,0.3872397243976593,0.46696218848228455,0.702713668346405,0.0776573196053505,0.5432355403900146,0.6356489658355713,0.393297016620636,0.46753108501434326,0.7039252519607544,0.10559907555580139,0.5333115458488464,0.638492226600647,0.3687288165092468,0.4685984253883362,0.6925413012504578,0.12347571551799774,0.532799482345581,0.6335775852203369,0.3740144670009613,0.5515162348747253,0.5494963526725769,-0.11395303905010223,0.6022976636886597,0.5299850106239319,0.11325790733098984,0.5093965530395508,0.7136327028274536,0.02885623835027218,0.5774967670440674,0.6822518110275269,0.32580795884132385,0.4976581037044525,0.8576756119728088,0.00325581943616271,0.5559726357460022,0.7442490458488464,0.3302169144153595,0.5037609338760376,0.901775598526001,-0.0012137126177549362,0.5689257979393005,0.7713369727134705,0.3360782861709595,0.44960540533065796,0.8822599053382874,-0.05490380525588989,0.536483645439148,0.7895806431770325,0.34190860390663147
romanian deadlift_801431.jpg,0.46459490060806274,0.13722087442874908,0.34962740540504456,0.46587055921554565,0.12464816123247147,0.3125942051410675,0.462667316198349,0.12919330596923828,0.3125585615634918,0.4605102241039276,0.13174818456172943,0.31256070733070374,0.4738255739212036,0.11736412346363068,0.3346308171749115,0.47644418478012085,0.11709941923618317,0.3346427083015442,0.47870880365371704,0.11741321533918381,0.3345406651496887,0.4641846716403961,0.14544488489627838,0.15436643362045288,0.4820164740085602,0.13718962669372559,0.2559668719768524,0.46250268816947937,0.16611692309379578,0.2969588041305542,0.4724874198436737,0.15818235278129578,0.3254888951778412,0.4522833824157715,0.2873448133468628,-0.000649959547445178,0.5299150943756104,0.2599658668041229,0.2962628901004791,0.4561220109462738,0.43829837441444397,-0.04257149249315262,0.5411475896835327,0.43192049860954285,0.32010963559150696,0.4641793966293335,0.5723162889480591,-0.004621518310159445,0.5392941832542419,0.5793341398239136,0.2738327383995056,0.4641309082508087,0.6033451557159424,-0.040163446217775345,0.5363750457763672,0.5991396307945251,0.28054431080818176,0.46377986669540405,0.6043269634246826,-0.014571730978786945,0.529771089553833,0.6009867191314697,0.2539922595024109,0.4658109247684479,0.5952301621437073,0.005351127125322819,0.5272759795188904,0.5820538401603699,0.261762797832489,0.547098696231842,0.5097531676292419,-0.11231112480163574,0.5864917039871216,0.4910036325454712,0.11233101040124893,0.5100640654563904,0.7037152051925659,-0.05709003284573555,0.5543859601020813,0.6790128350257874,0.21891020238399506,0.4959736168384552,0.8745051026344299,0.03709089756011963,0.5454975962638855,0.8047516942024231,0.36129236221313477,0.49840110540390015,0.9165374636650085,0.04844016954302788,0.5581820011138916,0.8232005834579468,0.38096752762794495,0.4488462209701538,0.8863988518714905,-0.01650092378258705,0.5201760530471802,0.828252911567688,0.34250885248184204
romanian deadlift_801441.jpg,0.5139467716217041,0.12033028155565262,0.31587159633636475,0.508357584476471,0.10751782357692719,0.2149192988872528,0.5055755376815796,0.10980106145143509,0.21515563130378723,0.502744197845459,0.11185680329799652,0.21460114419460297,0.5167511701583862,0.10209588706493378,0.14488379657268524,0.519589364528656,0.10088714957237244,0.14478175342082977,0.5221778750419617,0.0996619313955307,0.14463813602924347,0.5010238885879517,0.12191261351108551,0.05516931787133217,0.5200642347335815,0.11372728645801544,0.006666378118097782,0.5088227987289429,0.1428612470626831,0.19672848284244537,0.5193884372711182,0.13819441199302673,0.12861812114715576,0.48314523696899414,0.2553839087486267,-0.0071564605459570885,0.5387316942214966,0.2378924936056137,-0.02439836785197258,0.4758520722389221,0.3967342674732208,-0.009231152012944221,0.516650915145874,0.3938625752925873,-0.019402431324124336,0.4645468592643738,0.5106868147850037,-0.004584365524351597,0.5006234645843506,0.5141863822937012,-0.039466921240091324,0.4669796824455261,0.5351359248161316,-0.026348471641540527,0.4951417148113251,0.5310313105583191,-0.049625296145677567,0.4654697775840759,0.5347480177879333,-0.02339140698313713,0.4816400408744812,0.5292229056358337,-0.06928718090057373,0.4658083915710449,0.5295547246932983,-0.005320104770362377,0.49003973603248596,0.5183694958686829,-0.04746021330356598,0.552935004234314,0.4798640310764313,-0.012859225273132324,0.5857879519462585,0.4632234275341034,0.01299712248146534,0.5057872533798218,0.6775115728378296,-0.0013310109497979283,0.5513471961021423,0.6477962732315063,0.10345624387264252,0.49153122305870056,0.8783450722694397,0.0748993456363678,0.5467222929000854,0.7621051073074341,0.3085898458957672,0.47730356454849243,0.9086111187934875,0.08151039481163025,0.5525104999542236,0.7765517234802246,0.32981327176094055,0.45298340916633606,0.8942029476165771,0.011925327591598034,0.5382567048072815,0.7965686321258545,0.2975315749645233
romanian deadlift_801451.jpg,0.4980444610118866,0.12244036793708801,0.2134963870048523,0.4978133738040924,0.10863664746284485,0.16256237030029297,0.49621790647506714,0.11038953810930252,0.16260650753974915,0.49453306198120117,0.11211372911930084,0.16247190535068512,0.5043975114822388,0.10431046038866043,0.1447070688009262,0.5075765252113342,0.10301627963781357,0.14463335275650024,0.510581374168396,0.10175798088312149,0.14450614154338837,0.5006524324417114,0.12217052280902863,-0.0431198813021183,0.5219112038612366,0.11067983508110046,0.08278118818998337,0.49922609329223633,0.14296764135360718,0.15337905287742615,0.5066640377044678,0.13864099979400635,0.13160575926303864,0.4879579544067383,0.2507580816745758,-0.1543063372373581,0.5555766224861145,0.2218654453754425,0.1285461038351059,0.47669097781181335,0.40080389380455017,-0.16806353628635406,0.5681703686714172,0.3774172067642212,0.14151737093925476,0.4555814564228058,0.5184308886528015,-0.021787703037261963,0.5395668148994446,0.48472556471824646,0.17352056503295898,0.4549860656261444,0.5526360273361206,-0.0645950511097908,0.5370649099349976,0.5045945644378662,0.1890658587217331,0.4519117474555969,0.552081823348999,-0.07188444584608078,0.5307289958000183,0.5044305920600891,0.15297432243824005,0.4541741907596588,0.5404981374740601,-0.020650336518883705,0.5294467806816101,0.4973958432674408,0.16033205389976501,0.5320214033126831,0.4917246401309967,-0.06372245401144028,0.5818535685539246,0.4755823314189911,0.06334102898836136,0.5027779340744019,0.6854735612869263,-0.06453457474708557,0.5464107990264893,0.6563943028450012,0.19126516580581665,0.49465644359588623,0.8881580829620361,0.058301690965890884,0.5514367818832397,0.8111668229103088,0.36688175797462463,0.4835161566734314,0.9432633519172668,0.059623416513204575,0.5616499781608582,0.8324723243713379,0.3816808760166168,0.453452467918396,0.9084497094154358,-0.02146570198237896,0.5263256430625916,0.820076048374176,0.33638277649879456
romanian deadlift_801461.jpg,0.47567376494407654,0.15231479704380035,0.04767860472202301,0.4758281707763672,0.13566984236240387,0.003052969230338931,0.47501906752586365,0.13691554963588715,0.002970817731693387,0.47462257742881775,0.13822811841964722,0.0029223926831036806,0.4797561764717102,0.13130396604537964,0.04351464658975601,0.4817115366458893,0.1295621395111084,0.04354332759976387,0.48359203338623047,0.12806665897369385,0.043430183082818985,0.4826083183288574,0.1443680226802826,-0.140886589884758,0.4929102957248688,0.13427653908729553,0.050009455531835556,0.47648289799690247,0.17173229157924652,0.0012292355531826615,0.48123595118522644,0.1677723079919815,0.053195223212242126,0.47918596863746643,0.2608080804347992,-0.2854936420917511,0.5514076948165894,0.2289091944694519,0.149662047624588,0.47412070631980896,0.4154321849346161,-0.31352031230926514,0.5777533054351807,0.379050076007843,0.1908627152442932,0.4564059376716614,0.5427126288414001,-0.1633724570274353,0.5462687015533447,0.48815488815307617,0.2463538944721222,0.455903559923172,0.5769205093383789,-0.19253583252429962,0.5387319326400757,0.5186813473701477,0.2724134027957916,0.4534946084022522,0.5770736932754517,-0.17483197152614594,0.5319478511810303,0.5205729603767395,0.23409166932106018,0.45558375120162964,0.5658557415008545,-0.15148015320301056,0.5327864289283752,0.5119214057922363,0.2304522842168808,0.5300807952880859,0.5080216526985168,-0.11324384808540344,0.5785358548164368,0.49093377590179443,0.11299966275691986,0.5028476119041443,0.7062996625900269,-0.05809798464179039,0.5478688478469849,0.6789344549179077,0.3079461455345154,0.49639633297920227,0.9138426184654236,0.03281629458069801,0.5542219281196594,0.8414394855499268,0.4862375557422638,0.5011599063873291,0.9513775110244751,0.03554076701402664,0.5756552219390869,0.8692461848258972,0.5024969577789307,0.44937416911125183,0.9291777610778809,-0.036625612527132034,0.5200346112251282,0.8415567874908447,0.4736762046813965
romanian deadlift_801471.jpg,0.4231347143650055,0.293766051530838,0.036137647926807404,0.4175187051296234,0.27557098865509033,0.004623426124453545,0.41668424010276794,0.2762380540370941,0.004594998434185982,0.41565439105033875,0.2770449221134186,0.004522878210991621,0.42163801193237305,0.27038195729255676,0.040189433842897415,0.4237573742866516,0.2674614489078522,0.04021940007805824,0.42560672760009766,0.26483505964279175,0.04001880809664726,0.4272683560848236,0.2739250957965851,-0.10475236922502518,0.44206973910331726,0.2559284567832947,0.054289501160383224,0.4309089779853821,0.3058730959892273,0.0019985337276011705,0.4345373511314392,0.3016588091850281,0.04801919311285019,0.4513658881187439,0.3545442521572113,-0.22695375978946686,0.5494040846824646,0.29927799105644226,0.14010903239250183,0.46214759349823,0.5147616267204285,-0.2623929977416992,0.5777864456176758,0.4328227937221527,0.20360389351844788,0.4600249230861664,0.6480680704116821,-0.1518017202615738,0.5670264363288879,0.5530480146408081,0.2684568762779236,0.45661047101020813,0.685852587223053,-0.1810169816017151,0.5687565207481384,0.578980565071106,0.30729326605796814,0.45808202028274536,0.6880328059196472,-0.1632174551486969,0.5588246583938599,0.5835444927215576,0.2809380888938904,0.46185627579689026,0.6774114370346069,-0.1404050886631012,0.558692991733551,0.5745456218719482,0.2591613233089447,0.538062334060669,0.548288881778717,-0.11326661705970764,0.5924615263938904,0.5257953405380249,0.11301466822624207,0.5108712911605835,0.7331815361976624,0.03556041419506073,0.5484772324562073,0.692560613155365,0.3971439301967621,0.4976765811443329,0.9250121116638184,0.03538738191127777,0.5757117867469788,0.8366695046424866,0.5456739068031311,0.5030667185783386,0.9571820497512817,0.03558000549674034,0.5863479375839233,0.8578947186470032,0.5618035793304443,0.4518056809902191,0.9405242800712585,-0.003940537106245756,0.5388888120651245,0.8404547572135925,0.571894645690918
romanian deadlift_801481.jpg,0.4179931879043579,0.43519192934036255,0.3584938049316406,0.41037777066230774,0.4184136986732483,0.3368776738643646,0.40917980670928955,0.41794678568840027,0.3368842899799347,0.40785297751426697,0.41738611459732056,0.33681896328926086,0.4147610366344452,0.4143621325492859,0.36234965920448303,0.4166833460330963,0.41105079650878906,0.3624630570411682,0.4184620976448059,0.4075049161911011,0.36233633756637573,0.41494452953338623,0.4065723717212677,0.21278563141822815,0.43026435375213623,0.39206093549728394,0.32867714762687683,0.4236895740032196,0.4386739432811737,0.31513941287994385,0.42962226271629333,0.43507659435272217,0.3492227792739868,0.43768370151519775,0.4554539918899536,0.06819446384906769,0.5398902893066406,0.39051300287246704,0.3032591640949249,0.4501294493675232,0.618562638759613,0.01150667667388916,0.6065672636032104,0.5178934931755066,0.31760072708129883,0.4601510465145111,0.7696027159690857,0.12199096381664276,0.5966166853904724,0.6376433968544006,0.3421359956264496,0.457356721162796,0.8075409531593323,0.11143991351127625,0.6087841391563416,0.6671962141990662,0.3651464283466339,0.46017178893089294,0.8098706603050232,0.1405734270811081,0.5827520489692688,0.6704187989234924,0.34737899899482727,0.4636535048484802,0.7950573563575745,0.13562099635601044,0.5823285579681396,0.6606872081756592,0.3337622284889221,0.5398538708686829,0.6052300333976746,-0.06980939954519272,0.6070278286933899,0.5917079448699951,0.069053515791893,0.5082409381866455,0.7599593997001648,0.21857456862926483,0.5878093242645264,0.7533541321754456,0.2829456329345703,0.4976658225059509,0.8611215949058533,0.3132464289665222,0.5666339993476868,0.8167429566383362,0.44466355443000793,0.5045465230941772,0.8791056871414185,0.32723161578178406,0.582364022731781,0.8222536444664001,0.48896679282188416,0.4754182696342468,0.8644037246704102,0.3458755612373352,0.545208215713501,0.8018343448638916,0.4700947701931
romanian deadlift_801491.jpg,0.4079511761665344,0.35474714636802673,0.39936214685440063,0.40382733941078186,0.33559346199035645,0.37247079610824585,0.4030884802341461,0.33595508337020874,0.3724755644798279,0.4022693932056427,0.336191862821579,0.3723677396774292,0.4085598289966583,0.33080148696899414,0.39840829372406006,0.4112972319126129,0.3276967406272888,0.3984147012233734,0.41410866379737854,0.3245365023612976,0.39827385544776917,0.4120267927646637,0.3342638313770294,0.23338045179843903,0.4278980493545532,0.3197994828224182,0.34806835651397705,0.41496485471725464,0.3686344027519226,0.3519074320793152,0.4206460416316986,0.36420249938964844,0.38535401225090027,0.4275958836078644,0.41848230361938477,0.05300378426909447,0.5276902318000793,0.35596606135368347,0.3513413667678833,0.4444912374019623,0.5805465579032898,-0.006237921305000782,0.5878400206565857,0.49357935786247253,0.387093722820282,0.4594992995262146,0.7288757562637329,0.1119019165635109,0.5826014280319214,0.6170622110366821,0.4483589231967926,0.4579540491104126,0.7650710940361023,0.09563763439655304,0.5853050351142883,0.6418406367301941,0.47911059856414795,0.4602383077144623,0.7673072814941406,0.12489235401153564,0.5716516375541687,0.6518976092338562,0.46150317788124084,0.46342670917510986,0.7535650730133057,0.12555275857448578,0.5712481141090393,0.6430284976959229,0.44067034125328064,0.5431400537490845,0.5813043713569641,-0.08379186689853668,0.605550229549408,0.5586506128311157,0.08322020620107651,0.5110745429992676,0.7457927465438843,0.13189101219177246,0.596575915813446,0.7262940406799316,0.28549662232398987,0.5270318388938904,0.8300967812538147,0.13714295625686646,0.570122480392456,0.793235719203949,0.3033001720905304,0.540928065776825,0.8405030965805054,0.14042185246944427,0.5760800838470459,0.7987539768218994,0.30969417095184326,0.5103886723518372,0.8555755615234375,0.13819365203380585,0.5402131676673889,0.8082167506217957,0.3345733880996704
romanian deadlift_801501.jpg,0.4378597140312195,0.13642628490924835,0.28691771626472473,0.43508464097976685,0.12498831003904343,0.24186399579048157,0.4316445291042328,0.12804117798805237,0.24178136885166168,0.4288284182548523,0.13054758310317993,0.24175867438316345,0.4452156126499176,0.11835655570030212,0.2715705931186676,0.45036765933036804,0.11564157158136368,0.27162179350852966,0.45398059487342834,0.1142927035689354,0.27147865295410156,0.43372902274131775,0.13513877987861633,0.11309703439474106,0.46373623609542847,0.11799029260873795,0.25719577074050903,0.43990299105644226,0.15524159371852875,0.23077577352523804,0.45026734471321106,0.14840036630630493,0.26926448941230774,0.4311126172542572,0.26726052165031433,-0.013013358227908611,0.5398848652839661,0.22112876176834106,0.25922220945358276,0.4471713900566101,0.43569400906562805,-0.07114758342504501,0.580079197883606,0.4003921449184418,0.2556637227535248,0.45366036891937256,0.5922009348869324,0.011530360206961632,0.5702082514762878,0.5389863848686218,0.22495339810848236,0.4544001817703247,0.6295843124389648,-0.012240308336913586,0.5722456574440002,0.5685173869132996,0.22619518637657166,0.454574316740036,0.631415069103241,0.030550161376595497,0.5601789951324463,0.5712694525718689,0.19541920721530914,0.4562120735645294,0.6205335259437561,0.025572577491402626,0.5598095059394836,0.5608215928077698,0.20913681387901306,0.542449951171875,0.5291913151741028,-0.08931000530719757,0.603420078754425,0.5095582604408264,0.08892174810171127,0.5108413100242615,0.7400195002555847,-0.06948496401309967,0.5791637897491455,0.7181915044784546,0.12502285838127136,0.5181891918182373,0.8504806756973267,-0.010630866512656212,0.5653036236763,0.8269273638725281,0.22455166280269623,0.5308240652084351,0.8710838556289673,-0.005482738837599754,0.5732473731040955,0.8331732749938965,0.23483778536319733,0.4918845593929291,0.8702458739280701,-0.040967151522636414,0.5344874262809753,0.8493269085884094,0.22727330029010773
romanian deadlift_801511.jpg,0.481270432472229,0.10309873521327972,0.23670020699501038,0.47623759508132935,0.09034930169582367,0.1985277533531189,0.4732118844985962,0.09223806858062744,0.1984785944223404,0.46993300318717957,0.0940094068646431,0.19844044744968414,0.48685014247894287,0.08493823558092117,0.24013683199882507,0.49120888113975525,0.08331289142370224,0.24027767777442932,0.49561813473701477,0.08153188973665237,0.2401324361562729,0.47776955366134644,0.10314182937145233,0.03721994161605835,0.5080311894416809,0.0887952595949173,0.11000648140907288,0.4846697449684143,0.12385529279708862,0.18808291852474213,0.4942823350429535,0.11964484304189682,0.24734659492969513,0.46606114506721497,0.2453327775001526,-0.03724182769656181,0.5674482583999634,0.2006549835205078,0.11963890492916107,0.4617389738559723,0.40909796953201294,-0.111726775765419,0.581552267074585,0.383197158575058,0.2103765606880188,0.4433140158653259,0.555239200592041,-0.02877134270966053,0.563107430934906,0.4770515561103821,0.29712721705436707,0.4402066171169281,0.5990052223205566,-0.05388808250427246,0.5603144764900208,0.49549296498298645,0.3147343099117279,0.4375001788139343,0.6002487540245056,-0.01165040209889412,0.5494357347488403,0.4924218952655792,0.2892073094844818,0.4417514503002167,0.5858513116836548,-0.016817599534988403,0.5448355078697205,0.48702308535575867,0.28861409425735474,0.5249118804931641,0.5217849016189575,-0.06612809747457504,0.584963858127594,0.5056590437889099,0.06608579307794571,0.5035015940666199,0.7366670370101929,-0.017578117549419403,0.5608888864517212,0.7128715515136719,0.16318008303642273,0.5115077495574951,0.9037948846817017,0.08029290288686752,0.5638797283172607,0.8658332824707031,0.2721252739429474,0.521872878074646,0.9437337517738342,0.09150047600269318,0.5716487765312195,0.8840914964675903,0.2821141481399536,0.48230621218681335,0.9245349168777466,0.05606137588620186,0.5343579649925232,0.8831072449684143,0.24870839715003967
romanian deadlift_801521.jpg,0.46495023369789124,0.05879734456539154,-0.20145271718502045,0.46536779403686523,0.04870092496275902,-0.19595719873905182,0.46698132157325745,0.04951777309179306,-0.19605125486850739,0.4690781831741333,0.050392162054777145,-0.19607990980148315,0.470247745513916,0.047772280871868134,-0.1800350397825241,0.4840097427368164,0.04808472469449043,-0.18007859587669373,0.4791192412376404,0.048395708203315735,-0.18030354380607605,0.4767411947250366,0.06475917249917984,-0.12271461635828018,0.46524307131767273,0.06172133982181549,-0.05556028336286545,0.4691765606403351,0.07998321205377579,-0.17168140411376953,0.4746686518192291,0.07894549518823624,-0.15119236707687378,0.5053070187568665,0.15251770615577698,-0.12000264972448349,0.4270175099372864,0.17186211049556732,0.09139838069677353,0.527677059173584,0.28200265765190125,-0.20733727514743805,0.4223608374595642,0.2705264985561371,0.11373668164014816,0.5116845369338989,0.3555077016353607,-0.41271886229515076,0.4213246703147888,0.3820140063762665,-0.03230956569314003,0.5259186625480652,0.38712459802627563,-0.4681119918823242,0.4147903621196747,0.40971019864082336,-0.04845808818936348,0.5162637829780579,0.3791990578174591,-0.4866434335708618,0.4161505401134491,0.4035278260707855,-0.0925205647945404,0.5115888118743896,0.37168243527412415,-0.42344918847084045,0.42343994975090027,0.39745381474494934,-0.05248869210481644,0.529852032661438,0.40798527002334595,-0.06669925898313522,0.48540443181991577,0.4209437072277069,0.06738339364528656,0.5129811763763428,0.5757142901420593,-0.4253990054130554,0.4825455844402313,0.578691840171814,0.14525915682315826,0.5204110741615295,0.8632863163948059,-0.5604721307754517,0.4812997877597809,0.8040918111801147,0.245712548494339,0.5318765044212341,0.9011752605438232,-0.5837514400482178,0.4918704628944397,0.8368381857872009,0.2457685023546219,0.476940780878067,0.920514702796936,-0.7961002588272095,0.4133710265159607,0.8656901121139526,0.13065555691719055
romanian deadlift_801531.jpg,0.38287070393562317,0.14645761251449585,-0.673758327960968,0.378050297498703,0.12758216261863708,-0.7082064151763916,0.3826764225959778,0.12537316977977753,-0.708179771900177,0.38729122281074524,0.12299161404371262,-0.7083466053009033,0.3698301911354065,0.12716476619243622,-0.6568769812583923,0.3686726689338684,0.1255323588848114,-0.6569316983222961,0.3656790554523468,0.12400972843170166,-0.6570968627929688,0.4096550941467285,0.09700291603803635,-0.7384055852890015,0.3787758946418762,0.10288587957620621,-0.5033950209617615,0.40889695286750793,0.14976297318935394,-0.6717768907546997,0.40008804202079773,0.15178900957107544,-0.6035021543502808,0.5241954326629639,0.13175879418849945,-0.6952484846115112,0.409335732460022,0.11727610975503922,-0.2584417462348938,0.5402041077613831,0.32744187116622925,-0.7100781202316284,0.4227915108203888,0.2865952253341675,-0.09746307879686356,0.5457122325897217,0.4963687062263489,-0.7472159266471863,0.43521276116371155,0.4428420066833496,-0.1603497713804245,0.5560969114303589,0.5389676094055176,-0.8200452923774719,0.4295320510864258,0.47929051518440247,-0.16427497565746307,0.5458612442016602,0.5368382334709167,-0.8398754596710205,0.4337931275367737,0.48125043511390686,-0.2324649691581726,0.5410414338111877,0.5217223167419434,-0.7530441880226135,0.439870148897171,0.4714514911174774,-0.18834279477596283,0.5780193209648132,0.3782043755054474,-0.12212676554918289,0.5058190226554871,0.35766109824180603,0.12248833477497101,0.5523574352264404,0.5854677557945251,-0.35525912046432495,0.4779844582080841,0.5598894953727722,0.15314778685569763,0.5335226655006409,0.8623175024986267,-0.287104070186615,0.4790167808532715,0.779805064201355,0.3766788840293884,0.5469087958335876,0.9022949934005737,-0.2913694977760315,0.4989067316055298,0.8327845931053162,0.3935993015766144,0.47421979904174805,0.9334242343902588,-0.48676711320877075,0.40798962116241455,0.8615254163742065,0.26917564868927
romanian deadlift_801541.jpg,0.33671829104423523,0.16561982035636902,-0.5262247920036316,0.3138885796070099,0.1400652825832367,-0.5651409029960632,0.3152114152908325,0.14878062903881073,-0.5650983452796936,0.3162403106689453,0.15206794440746307,-0.5651595592498779,0.3123634457588196,0.14511585235595703,-0.5145843625068665,0.3120696246623993,0.14349202811717987,-0.514646589756012,0.3121786117553711,0.14178568124771118,-0.51480633020401,0.32641544938087463,0.12788666784763336,-0.649799108505249,0.322847455739975,0.13489967584609985,-0.4195351004600525,0.36577749252319336,0.18133069574832916,-0.5467272400856018,0.3609582781791687,0.17894060909748077,-0.47959184646606445,0.5008913278579712,0.10919909924268723,-0.6732257604598999,0.38857558369636536,0.13581521809101105,-0.233785018324852,0.5271371006965637,0.3514050543308258,-0.682055652141571,0.4258200526237488,0.328031450510025,-0.13659995794296265,0.5440458059310913,0.5372354388237,-0.6536540985107422,0.44366294145584106,0.47510790824890137,-0.137244313955307,0.5564821362495422,0.575106143951416,-0.703495979309082,0.44322067499160767,0.49854862689971924,-0.12501713633537292,0.5407435297966003,0.5728127956390381,-0.710823655128479,0.4456576108932495,0.49694323539733887,-0.17385025322437286,0.536306619644165,0.5631105899810791,-0.6549035906791687,0.44768384099006653,0.4953816831111908,-0.15766941010951996,0.565808117389679,0.3808329999446869,-0.14658218622207642,0.4995293617248535,0.3666670024394989,0.14643733203411102,0.5544611811637878,0.5958842635154724,-0.18968762457370758,0.4917251765727997,0.5757033228874207,0.40747272968292236,0.5372765064239502,0.8646666407585144,-0.1264367401599884,0.5027675032615662,0.7634502649307251,0.769557774066925,0.5520703792572021,0.9029077887535095,-0.12849976122379303,0.5191071629524231,0.8000737428665161,0.7992632985115051,0.473886102437973,0.9358963966369629,-0.28402644395828247,0.4401639401912689,0.8529356122016907,0.7288237810134888
romanian deadlift_801551.jpg,0.37405773997306824,-0.12631350755691528,-0.6658134460449219,0.3686119616031647,-0.14484089612960815,-0.6803773641586304,0.3854184150695801,-0.1442927122116089,-0.6805437207221985,0.39815637469291687,-0.14385192096233368,-0.6807737946510315,0.3371887505054474,-0.14452822506427765,-0.6349998712539673,0.353685200214386,-0.14392682909965515,-0.6350427269935608,0.36344942450523376,-0.14327366650104523,-0.6353089213371277,0.4290027916431427,-0.1290488839149475,-0.6481873989105225,0.3694947361946106,-0.12864048779010773,-0.443827360868454,0.38835054636001587,-0.09818915277719498,-0.6474859714508057,0.39618179202079773,-0.09726223349571228,-0.588002622127533,0.5189304351806641,0.00305150612257421,-0.656592071056366,0.4177263379096985,0.014994661323726177,-0.1657719910144806,0.5396186709403992,0.22035740315914154,-0.6767362356185913,0.4326929748058319,0.19684064388275146,-0.023874323815107346,0.5345258116722107,0.39793676137924194,-0.7022920846939087,0.4277721345424652,0.3602100908756256,-0.11885667592287064,0.5379458665847778,0.4440062940120697,-0.7724514603614807,0.4200310707092285,0.40215903520584106,-0.12775887548923492,0.5257893800735474,0.4452265501022339,-0.8036862015724182,0.4228161871433258,0.40460285544395447,-0.20403771102428436,0.5215481519699097,0.42916542291641235,-0.7128561735153198,0.42626532912254333,0.386502206325531,-0.1523096114397049,0.5710861682891846,0.31402114033699036,-0.15316934883594513,0.5037513971328735,0.319315642118454,0.15338663756847382,0.5491231083869934,0.5544917583465576,-0.39992228150367737,0.49629706144332886,0.5269590616226196,0.15482835471630096,0.5347892642021179,0.8575683832168579,-0.32849156856536865,0.4882373809814453,0.7760054469108582,0.4310864210128784,0.5492211580276489,0.9008631110191345,-0.33612343668937683,0.5114638805389404,0.8043439984321594,0.439448744058609,0.4802507162094116,0.9313450455665588,-0.5771620869636536,0.4101290702819824,0.8660169839859009,0.24084220826625824
romanian deadlift_801561.jpg,0.48922646045684814,0.1428898274898529,-0.43184852600097656,0.49974244832992554,0.1289781928062439,-0.3359537124633789,0.5049702525138855,0.12876249849796295,-0.3358542323112488,0.509795606136322,0.12880536913871765,-0.33594024181365967,0.487282931804657,0.13152047991752625,-0.41383281350135803,0.4855366349220276,0.1327100396156311,-0.4142140746116638,0.48332536220550537,0.13385596871376038,-0.41435036063194275,0.5216993093490601,0.15068833529949188,-0.18123659491539001,0.48067381978034973,0.14344918727874756,-0.09009073674678802,0.49282801151275635,0.1575394719839096,-0.29186883568763733,0.48157578706741333,0.15909028053283691,-0.3508453369140625,0.5271287560462952,0.13573187589645386,-0.2431122213602066,0.4310915172100067,0.19918006658554077,0.05345139279961586,0.5230746865272522,0.11338730901479721,-0.37909385561943054,0.4251946210861206,0.14673489332199097,0.1492985635995865,0.48695167899131775,0.00502189202234149,-0.4773687422275543,0.41125065088272095,0.10798647254705429,0.1241774633526802,0.48212775588035583,-0.024442482739686966,-0.535991370677948,0.4092726409435272,0.09750039875507355,0.11770852655172348,0.4809955358505249,-0.030585942789912224,-0.5570592284202576,0.4140036404132843,0.056478314101696014,0.10208259522914886,0.4825810194015503,-0.019439633935689926,-0.47173431515693665,0.4169621765613556,0.0619640126824379,0.11377160996198654,0.567999005317688,0.4154573976993561,-0.1472860425710678,0.5080673694610596,0.4421161711215973,0.14698514342308044,0.543626070022583,0.5949932932853699,-0.39450034499168396,0.4991222321987152,0.59510737657547,0.19945815205574036,0.5336229801177979,0.8628746271133423,-0.5146883726119995,0.4881995916366577,0.7928834557533264,0.37152326107025146,0.5510734915733337,0.9078953862190247,-0.5329126715660095,0.4986995458602905,0.8128185868263245,0.3755231201648712,0.4786212146282196,0.9361953735351562,-0.7090094089508057,0.4251822531223297,0.8770434260368347,0.2805580496788025
romanian deadlift_801571.jpg,0.5253241062164307,0.1647414118051529,-0.3728752136230469,0.5382043719291687,0.15607713162899017,-0.3704053461551666,0.5414102077484131,0.15706516802310944,-0.37041136622428894,0.544584333896637,0.1582491397857666,-0.3704816699028015,0.5296874046325684,0.15482045710086823,-0.36035287380218506,0.5265294313430786,0.15459711849689484,-0.36048343777656555,0.5234441757202148,0.15439365804195404,-0.36065924167633057,0.5452691316604614,0.16827481985092163,-0.29137662053108215,0.516298234462738,0.16087637841701508,-0.232407346367836,0.5215407013893127,0.1780872792005539,-0.3361193537712097,0.5106222033500671,0.17511051893234253,-0.32131528854370117,0.5239902138710022,0.15103918313980103,-0.3089381754398346,0.4540209174156189,0.20285727083683014,-0.04088465869426727,0.5206220149993896,0.12442241609096527,-0.5373849868774414,0.4358663260936737,0.15891601145267487,0.14003886282444,0.504327118396759,0.04617203772068024,-0.7836151719093323,0.42202773690223694,0.14793047308921814,0.19770929217338562,0.5060787796974182,0.028652003034949303,-0.8560332655906677,0.41626888513565063,0.1506362408399582,0.2148512899875641,0.5014600157737732,0.02396523393690586,-0.8556005954742432,0.41476425528526306,0.1473948359489441,0.17811721563339233,0.5020541548728943,0.031123099848628044,-0.7920556664466858,0.42404991388320923,0.09946697950363159,0.1852734237909317,0.5453189611434937,0.4316883385181427,-0.13792555034160614,0.505405068397522,0.45175933837890625,0.1378050595521927,0.529468297958374,0.6115275621414185,-0.31310394406318665,0.49245935678482056,0.6027220487594604,0.30685433745384216,0.538640022277832,0.864674985408783,-0.36555835604667664,0.4870937764644623,0.8028941750526428,0.5142079591751099,0.5557410717010498,0.9118232727050781,-0.3763144314289093,0.5006343722343445,0.8259811401367188,0.5292189121246338,0.48136869072914124,0.9423959255218506,-0.5541147589683533,0.42193081974983215,0.8737401366233826,0.4460177719593048
romanian deadlift_801631.jpg,,,,,,,,,,,,,,,,,,,,,,,,,,,,,,,,,,,,,,,,,,,,,,,,,,,,,,,,,,,,,,,,,,,,,,,,,,,,,,,,,,,,,,,,,,,,,,,,,,,
romanian deadlift_801641.jpg,,,,,,,,,,,,,,,,,,,,,,,,,,,,,,,,,,,,,,,,,,,,,,,,,,,,,,,,,,,,,,,,,,,,,,,,,,,,,,,,,,,,,,,,,,,,,,,,,,,
romanian deadlift_801651.jpg,,,,,,,,,,,,,,,,,,,,,,,,,,,,,,,,,,,,,,,,,,,,,,,,,,,,,,,,,,,,,,,,,,,,,,,,,,,,,,,,,,,,,,,,,,,,,,,,,,,
romanian deadlift_801661.jpg,,,,,,,,,,,,,,,,,,,,,,,,,,,,,,,,,,,,,,,,,,,,,,,,,,,,,,,,,,,,,,,,,,,,,,,,,,,,,,,,,,,,,,,,,,,,,,,,,,,
romanian deadlift_801671.jpg,,,,,,,,,,,,,,,,,,,,,,,,,,,,,,,,,,,,,,,,,,,,,,,,,,,,,,,,,,,,,,,,,,,,,,,,,,,,,,,,,,,,,,,,,,,,,,,,,,,
romanian deadlift_801681.jpg,,,,,,,,,,,,,,,,,,,,,,,,,,,,,,,,,,,,,,,,,,,,,,,,,,,,,,,,,,,,,,,,,,,,,,,,,,,,,,,,,,,,,,,,,,,,,,,,,,,
romanian deadlift_801691.jpg,,,,,,,,,,,,,,,,,,,,,,,,,,,,,,,,,,,,,,,,,,,,,,,,,,,,,,,,,,,,,,,,,,,,,,,,,,,,,,,,,,,,,,,,,,,,,,,,,,,
romanian deadlift_801701.jpg,,,,,,,,,,,,,,,,,,,,,,,,,,,,,,,,,,,,,,,,,,,,,,,,,,,,,,,,,,,,,,,,,,,,,,,,,,,,,,,,,,,,,,,,,,,,,,,,,,,
romanian deadlift_801711.jpg,,,,,,,,,,,,,,,,,,,,,,,,,,,,,,,,,,,,,,,,,,,,,,,,,,,,,,,,,,,,,,,,,,,,,,,,,,,,,,,,,,,,,,,,,,,,,,,,,,,
romanian deadlift_801721.jpg,,,,,,,,,,,,,,,,,,,,,,,,,,,,,,,,,,,,,,,,,,,,,,,,,,,,,,,,,,,,,,,,,,,,,,,,,,,,,,,,,,,,,,,,,,,,,,,,,,,
romanian deadlift_801731.jpg,,,,,,,,,,,,,,,,,,,,,,,,,,,,,,,,,,,,,,,,,,,,,,,,,,,,,,,,,,,,,,,,,,,,,,,,,,,,,,,,,,,,,,,,,,,,,,,,,,,
romanian deadlift_801741.jpg,,,,,,,,,,,,,,,,,,,,,,,,,,,,,,,,,,,,,,,,,,,,,,,,,,,,,,,,,,,,,,,,,,,,,,,,,,,,,,,,,,,,,,,,,,,,,,,,,,,
romanian deadlift_801751.jpg,0.781866729259491,0.14383842051029205,0.2377411276102066,0.7878023386001587,0.1531662493944168,0.25206804275512695,0.7902839183807373,0.15606051683425903,0.25162261724472046,0.7926217913627625,0.1591799259185791,0.25114351511001587,0.7819945216178894,0.14021198451519012,0.22483299672603607,0.780194878578186,0.13211852312088013,0.22477956116199493,0.7904051542282104,0.09332486987113953,0.22423793375492096,0.7852860689163208,0.13343554735183716,0.32241493463516235,0.7705224752426147,0.09091117978096008,0.20874439179897308,0.7678874135017395,0.1543217897415161,0.2659893333911896,0.7546252012252808,0.13154280185699463,0.23214928805828094,0.7268003225326538,0.16470298171043396,0.35708823800086975,0.6850418448448181,0.04345688223838806,-0.02471708133816719,0.7054896950721741,0.3802269697189331,0.3683561682701111,0.6333375573158264,0.39621132612228394,-0.098638616502285,0.7724829912185669,0.5373981595039368,0.213435560464859,0.7137280106544495,0.7190845012664795,-0.037684280425310135,0.783869743347168,0.5774276256561279,0.17506490647792816,0.7126482725143433,0.8131115436553955,-0.07311441004276276,0.7959827780723572,0.5755253434181213,0.1427614390850067,0.7236751317977905,0.8346046209335327,-0.06342955678701401,0.7873731255531311,0.5554709434509277,0.19337168335914612,0.7149198055267334,0.807594358921051,-0.03239517658948898,0.40158072113990784,0.2920631766319275,0.13674937188625336,0.38553521037101746,0.21095292270183563,-0.13729606568813324,0.5761383771896362,0.6568697690963745,0.12283506989479065,0.540801465511322,0.5725626945495605,-0.23934349417686462,0.3928091824054718,0.6133835315704346,0.0926535427570343,0.46665316820144653,0.7245991230010986,0.05045866593718529,0.3661934733390808,0.5701568126678467,0.09460895508527756,0.44929730892181396,0.6996680498123169,0.10317658632993698,0.34034234285354614,0.6790369749069214,0.03370758146047592,0.4649750292301178,0.8885447382926941,0.15304160118103027
romanian deadlift_801761.jpg,,,,,,,,,,,,,,,,,,,,,,,,,,,,,,,,,,,,,,,,,,,,,,,,,,,,,,,,,,,,,,,,,,,,,,,,,,,,,,,,,,,,,,,,,,,,,,,,,,,
romanian deadlift_801771.jpg,,,,,,,,,,,,,,,,,,,,,,,,,,,,,,,,,,,,,,,,,,,,,,,,,,,,,,,,,,,,,,,,,,,,,,,,,,,,,,,,,,,,,,,,,,,,,,,,,,,
romanian deadlift_801781.jpg,,,,,,,,,,,,,,,,,,,,,,,,,,,,,,,,,,,,,,,,,,,,,,,,,,,,,,,,,,,,,,,,,,,,,,,,,,,,,,,,,,,,,,,,,,,,,,,,,,,
romanian deadlift_801791.jpg,,,,,,,,,,,,,,,,,,,,,,,,,,,,,,,,,,,,,,,,,,,,,,,,,,,,,,,,,,,,,,,,,,,,,,,,,,,,,,,,,,,,,,,,,,,,,,,,,,,
romanian deadlift_801801.jpg,,,,,,,,,,,,,,,,,,,,,,,,,,,,,,,,,,,,,,,,,,,,,,,,,,,,,,,,,,,,,,,,,,,,,,,,,,,,,,,,,,,,,,,,,,,,,,,,,,,
romanian deadlift_801811.jpg,,,,,,,,,,,,,,,,,,,,,,,,,,,,,,,,,,,,,,,,,,,,,,,,,,,,,,,,,,,,,,,,,,,,,,,,,,,,,,,,,,,,,,,,,,,,,,,,,,,
romanian deadlift_801821.jpg,0.9109976291656494,0.12077101320028305,-0.7104018926620483,0.9249123930931091,0.08692479133605957,-0.6956411004066467,0.926810622215271,0.08251205086708069,-0.695902943611145,0.9270787835121155,0.08060434460639954,-0.6963754296302795,0.9182878136634827,0.07781544327735901,-0.7292227149009705,0.9133642911911011,0.06698217988014221,-0.7293480634689331,0.9089895486831665,0.06185707449913025,-0.7294253706932068,0.9021310806274414,0.060890257358551025,-0.5621334314346313,0.8614571690559387,0.04177790880203247,-0.7072072625160217,0.8877823352813721,0.13453157246112823,-0.6499133706092834,0.875979483127594,0.125520259141922,-0.6923105120658875,0.8418115973472595,0.17999427020549774,-0.3709106147289276,0.7164952754974365,0.09466150403022766,-0.6906136870384216,0.7861394286155701,0.40818342566490173,-0.2563004195690155,0.641185998916626,0.3684079349040985,-0.6653860211372375,0.766510546207428,0.6220506429672241,-0.2856239080429077,0.611535906791687,0.6227566599845886,-0.6466707587242126,0.7724829912185669,0.6767444610595703,-0.3121044933795929,0.5920440554618835,0.694074273109436,-0.7142971158027649,0.7706634998321533,0.6786067485809326,-0.37486615777015686,0.6325106024742126,0.687125563621521,-0.7290782332420349,0.7647892236709595,0.6614616513252258,-0.31113842129707336,0.6575286984443665,0.6754581332206726,-0.6537747979164124,0.6478123068809509,0.34309688210487366,0.10525652766227722,0.5624523162841797,0.3079128861427307,-0.10532112419605255,0.6930848956108093,0.6176351308822632,-0.03674357756972313,0.5999706387519836,0.6078813076019287,-0.1915503591299057,0.6665862798690796,0.8127314448356628,0.2601127624511719,0.5086679458618164,0.7369431257247925,0.20799361169338226,0.6483250260353088,0.8233866095542908,0.2890189588069916,0.4869016408920288,0.730674684047699,0.25078079104423523,0.6911965012550354,0.9403544664382935,0.21999774873256683,0.5039829015731812,0.8609824180603027,0.19540974497795105
romanian deadlift_801831.jpg,0.879790186882019,0.11962441354990005,-0.8356815576553345,0.9103394746780396,0.08558129519224167,-0.8276849389076233,0.9107055068016052,0.0823965072631836,-0.8279674053192139,0.9105713367462158,0.08063223958015442,-0.8284571766853333,0.8796316981315613,0.0773582011461258,-0.8597806692123413,0.871254026889801,0.06708873808383942,-0.8599633574485779,0.8629267811775208,0.06184816360473633,-0.8600754141807556,0.892510712146759,0.06950646638870239,-0.6864273548126221,0.8328839540481567,0.04177971929311752,-0.824780285358429,0.8702824711799622,0.13613003492355347,-0.7670305371284485,0.8469732999801636,0.12484397739171982,-0.8077309131622314,0.8412453532218933,0.17919188737869263,-0.4604761302471161,0.7079746723175049,0.0946659967303276,-0.762962281703949,0.7988796234130859,0.400365948677063,-0.3141830861568451,0.6340771913528442,0.385513037443161,-0.7136178612709045,0.7664753198623657,0.6220315098762512,-0.33892348408699036,0.6272491812705994,0.6323143243789673,-0.7261448502540588,0.772610604763031,0.6766467094421387,-0.36772921681404114,0.5970092415809631,0.6944472193717957,-0.8075106739997864,0.7713519334793091,0.6781189441680908,-0.43570491671562195,0.6489850878715515,0.6962083578109741,-0.8265166878700256,0.7646999955177307,0.6600930690765381,-0.36516091227531433,0.6600026488304138,0.6771460771560669,-0.736846387386322,0.6417815685272217,0.34306851029396057,0.10370426625013351,0.5455054640769958,0.3110727369785309,-0.1036560907959938,0.6818178296089172,0.6176703572273254,0.06342186033725739,0.582971453666687,0.6070310473442078,-0.1041913703083992,0.6404929757118225,0.8270500898361206,0.41755765676498413,0.5178406834602356,0.7682173252105713,0.29536476731300354,0.6180657744407654,0.8404497504234314,0.451082706451416,0.4985623359680176,0.7768040299415588,0.3363224267959595,0.6693717837333679,0.9553477168083191,0.3701005280017853,0.5377691984176636,0.8883209228515625,0.258335143327713
romanian deadlift_801841.jpg,0.7768149971961975,0.15220952033996582,-0.758569061756134,0.7964645624160767,0.12722988426685333,-0.8045559525489807,0.8021544218063354,0.12901932001113892,-0.8047024607658386,0.8078304529190063,0.1308940201997757,-0.8051407337188721,0.7791453003883362,0.1183653324842453,-0.8075351119041443,0.7724921107292175,0.11191729456186295,-0.807902455329895,0.76587975025177,0.10582222044467926,-0.8084089756011963,0.8061586022377014,0.11199004203081131,-0.6362091302871704,0.7497848868370056,0.07637987285852432,-0.7980614900588989,0.7732939124107361,0.16136527061462402,-0.700070321559906,0.7534099221229553,0.14753682911396027,-0.7276429533958435,0.782145082950592,0.12137871980667114,-0.4182107746601105,0.6546515822410583,0.09467007219791412,-0.6743155121803284,0.7743815779685974,0.31092366576194763,-0.23739315569400787,0.6003720760345459,0.341540664434433,-0.6073853969573975,0.7795943021774292,0.4833318591117859,-0.2586405873298645,0.6263843178749084,0.5351231694221497,-0.5553359389305115,0.7879934906959534,0.5238556265830994,-0.2683350443840027,0.597284734249115,0.5713325142860413,-0.603449285030365,0.7901047468185425,0.533464789390564,-0.32876530289649963,0.6410601139068604,0.5874195098876953,-0.6216548085212708,0.7777349948883057,0.5202351212501526,-0.2822534143924713,0.6438947319984436,0.5671029686927795,-0.5618454813957214,0.6043227910995483,0.29724031686782837,0.09841247648000717,0.5236126780509949,0.3041536808013916,-0.09821431338787079,0.6645651459693909,0.5577860474586487,0.034623973071575165,0.5669765472412109,0.6002558469772339,-0.08958879113197327,0.644490659236908,0.7602009177207947,0.23124030232429504,0.5279119610786438,0.7855316400527954,0.15497048199176788,0.6217013001441956,0.7826123833656311,0.24445953965187073,0.5109454989433289,0.8053056597709656,0.17435984313488007,0.693827211856842,0.8524619340896606,0.17214936017990112,0.5655103325843811,0.8878567218780518,0.0907110944390297
romanian deadlift_801851.jpg,0.8269338011741638,0.35640662908554077,-0.31422728300094604,0.8425031900405884,0.3626101315021515,-0.3176077902317047,0.8443859815597534,0.36371129751205444,-0.3176425099372864,0.8459180593490601,0.36452585458755493,-0.31779035925865173,0.8311002850532532,0.3486558794975281,-0.3127451539039612,0.8235062956809998,0.348649799823761,-0.31291094422340393,0.8128475546836853,0.3475339412689209,-0.31312862038612366,0.8378433585166931,0.3650956451892853,-0.2794766128063202,0.8128347396850586,0.35050660371780396,-0.2569296061992645,0.8145595192909241,0.35893478989601135,-0.29513344168663025,0.7865388989448547,0.34553104639053345,-0.289297491312027,0.795434296131134,0.3814067542552948,-0.2529694139957428,0.7431144714355469,0.3285076916217804,-0.13192719221115112,0.7515296936035156,0.44965651631355286,-0.21403434872627258,0.6386138796806335,0.3454543650150299,-0.11652752012014389,0.7506930232048035,0.4621257483959198,-0.2420308142900467,0.633642315864563,0.36752739548683167,-0.14713890850543976,0.7493112087249756,0.4644957184791565,-0.25501078367233276,0.6225040555000305,0.3712765872478485,-0.15125717222690582,0.7587223052978516,0.45862582325935364,-0.25058993697166443,0.6405010223388672,0.3606930673122406,-0.17298762500286102,0.7566147446632385,0.45832663774490356,-0.24144020676612854,0.6423909068107605,0.35959476232528687,-0.15706948935985565,0.6098606586456299,0.5043989419937134,-0.043120432645082474,0.6006163358688354,0.48801887035369873,0.04327290132641792,0.642254650592804,0.6994339823722839,-0.14147743582725525,0.58885657787323,0.6634423136711121,0.031574420630931854,0.6474555134773254,0.9150563478469849,-0.11595156788825989,0.6333461403846741,0.9188264012336731,0.07577720284461975,0.6556898355484009,0.9367169737815857,-0.11177472770214081,0.641071081161499,0.9242559671401978,0.07962643355131149,0.6450900435447693,1.0255659818649292,-0.20113538205623627,0.5997552871704102,1.0072121620178223,0.007446547970175743
romanian deadlift_801861.jpg,0.8384634852409363,0.3246377408504486,0.263896644115448,0.8504941463470459,0.3260561525821686,0.305230051279068,0.8519551753997803,0.33142566680908203,0.3049977123737335,0.8532151579856873,0.33680492639541626,0.3046964108943939,0.8439061641693115,0.309819757938385,0.291200190782547,0.8397034406661987,0.3037709891796112,0.29119935631752014,0.8339782953262329,0.29780900478363037,0.2909737825393677,0.8433696627616882,0.3396649956703186,0.4445613622665405,0.8133510947227478,0.28881868720054626,0.3803132474422455,0.8257113099098206,0.33766990900039673,0.31046441197395325,0.8087691068649292,0.316162645816803,0.2905957102775574,0.7964045405387878,0.3937600553035736,0.4118499159812927,0.7463382482528687,0.27029985189437866,0.3423137664794922,0.743311882019043,0.48610779643058777,0.3213181495666504,0.6417793035507202,0.31947171688079834,0.2096419334411621,0.7433056235313416,0.4688134491443634,0.16407395899295807,0.6689741015434265,0.35713058710098267,0.05457334592938423,0.7404860258102417,0.4689033627510071,0.12893415987491608,0.6709039807319641,0.3739106357097626,0.026623524725437164,0.7493074536323547,0.45894670486450195,0.15018205344676971,0.6800401210784912,0.3607650399208069,0.02192733809351921,0.7484291791915894,0.45595741271972656,0.1672847419977188,0.676555871963501,0.3571926951408386,0.05104515701532364,0.6245660185813904,0.4939286410808563,0.016740160062909126,0.6069133877754211,0.43679454922676086,-0.01686299778521061,0.6485068798065186,0.6774394512176514,-0.17268824577331543,0.5946119427680969,0.6560107469558716,-0.06585409492254257,0.6684847474098206,0.920341432094574,-0.17364878952503204,0.615196943283081,0.9143419861793518,-0.15410469472408295,0.6640365123748779,0.9573261737823486,-0.17388159036636353,0.6269600987434387,0.9432163834571838,-0.1549588143825531,0.6556299924850464,1.0526254177093506,-0.2787051498889923,0.6027028560638428,1.04265296459198,-0.26456257700920105
romanian deadlift_801871.jpg,0.48988884687423706,0.4878169298171997,-0.3131920099258423,0.4941467344760895,0.49393555521965027,-0.26598045229911804,0.4949905276298523,0.4974857270717621,-0.2669083774089813,0.4956326186656952,0.5011857151985168,-0.2682076096534729,0.4932243227958679,0.4845685660839081,-0.31368115544319153,0.49313265085220337,0.48129987716674805,-0.3136845529079437,0.493015319108963,0.4779849946498871,-0.31370532512664795,0.5034268498420715,0.5061900019645691,-0.2710527777671814,0.49818146228790283,0.4710666239261627,-0.1437673419713974,0.4923648536205292,0.4928831458091736,-0.19906648993492126,0.4912131726741791,0.482009619474411,-0.2805720269680023,0.5145291090011597,0.5188788771629333,-0.21795420348644257,0.506849467754364,0.4123249351978302,-0.24472549557685852,0.5276488065719604,0.5338252782821655,-0.21717937290668488,0.47828415036201477,0.27847129106521606,-0.2614211142063141,0.5332452058792114,0.48117175698280334,-0.2798672616481781,0.515079140663147,0.15396854281425476,-0.23024091124534607,0.5251690149307251,0.47262394428253174,-0.3018820881843567,0.5058866143226624,0.11886019259691238,-0.21213936805725098,0.5395129323005676,0.4532550871372223,-0.3137325644493103,0.5097182989120483,0.12435667961835861,-0.14364032447338104,0.5453608632087708,0.4585655927658081,-0.2884202003479004,0.5122000575065613,0.13974729180335999,-0.22476528584957123,0.515088677406311,0.5076295137405396,0.018100161105394363,0.5083305835723877,0.4797826111316681,-0.01795181632041931,0.48089978098869324,0.6152365207672119,-0.08526520431041718,0.48250895738601685,0.6549984812736511,-0.08521740883588791,0.43543675541877747,0.7830337285995483,-0.006667764391750097,0.4511626064777374,0.81199711561203,-0.10114273428916931,0.4273926615715027,0.80901700258255,-0.0038809136021882296,0.44585636258125305,0.8686179518699646,-0.10508944094181061,0.41191259026527405,0.8210418820381165,-0.1071556806564331,0.44298264384269714,0.8337135314941406,-0.214382603764534
romanian deadlift_801881.jpg,,,,,,,,,,,,,,,,,,,,,,,,,,,,,,,,,,,,,,,,,,,,,,,,,,,,,,,,,,,,,,,,,,,,,,,,,,,,,,,,,,,,,,,,,,,,,,,,,,,
romanian deadlift_801891.jpg,0.40301674604415894,0.29166194796562195,-0.10416923463344574,0.4030652642250061,0.2760791480541229,-0.1269429624080658,0.4043768346309662,0.27495601773262024,-0.12703444063663483,0.405792772769928,0.2737113833427429,-0.1271182894706726,0.4026942849159241,0.2760612964630127,-0.08651163429021835,0.4037061929702759,0.27490031719207764,-0.08648523688316345,0.4048038125038147,0.27358460426330566,-0.08657640963792801,0.4225962460041046,0.2681991457939148,-0.18444590270519257,0.42113256454467773,0.26814982295036316,-0.005678893532603979,0.41285452246665955,0.30082187056541443,-0.12335043400526047,0.41196051239967346,0.30102619528770447,-0.07099997997283936,0.4738287329673767,0.33015966415405273,-0.2896248996257782,0.4721933603286743,0.33016711473464966,0.12955635786056519,0.5031132698059082,0.4600260555744171,-0.32334405183792114,0.5078851580619812,0.4403301179409027,0.15701676905155182,0.5139022469520569,0.5641723275184631,-0.26150184869766235,0.5143998861312866,0.5601537227630615,0.08915071934461594,0.5199957489967346,0.5881377458572388,-0.3022913336753845,0.5157147645950317,0.5829353332519531,0.0920863151550293,0.5125002861022949,0.5890635251998901,-0.28764545917510986,0.5137455463409424,0.5816986560821533,0.05654073506593704,0.510775089263916,0.582708477973938,-0.2543756663799286,0.513928234577179,0.577520489692688,0.07087337225675583,0.5903047323226929,0.4673897922039032,-0.13276565074920654,0.5767030715942383,0.47434231638908386,0.13295195996761322,0.5319709777832031,0.5927528738975525,-0.07518157362937927,0.5096463561058044,0.5877832174301147,0.20025484263896942,0.5502710342407227,0.748537003993988,0.053549669682979584,0.5426785945892334,0.7130030989646912,0.37920907139778137,0.5632482171058655,0.7699527144432068,0.06441041827201843,0.5578664541244507,0.7281596064567566,0.39538007974624634,0.5035496950149536,0.7917093634605408,0.013396801427006721,0.5067253112792969,0.7625350952148438,0.37210094928741455
romanian deadlift_801901.jpg,0.39892134070396423,0.3819817304611206,-0.08162533491849899,0.39689645171165466,0.36381226778030396,-0.10340700298547745,0.3979858160018921,0.36163610219955444,-0.10343582183122635,0.39925649762153625,0.3591862618923187,-0.10348360985517502,0.3969144821166992,0.364133358001709,-0.06431207060813904,0.3979576826095581,0.36224618554115295,-0.06431783735752106,0.39912164211273193,0.36001479625701904,-0.0644402727484703,0.4149631857872009,0.3493354916572571,-0.16768209636211395,0.4138944745063782,0.3493450880050659,0.004812214057892561,0.4101543724536896,0.38832008838653564,-0.10385619103908539,0.40961769223213196,0.38939276337623596,-0.053318917751312256,0.469718873500824,0.3886815011501312,-0.27978864312171936,0.47222909331321716,0.3807604908943176,0.1365552842617035,0.5031121373176575,0.5106559991836548,-0.3060360252857208,0.5092378854751587,0.49452531337738037,0.15705139935016632,0.5199859738349915,0.6306301355361938,-0.23525115847587585,0.5231006741523743,0.6215744614601135,0.08913876116275787,0.5284024477005005,0.6543005108833313,-0.27118411660194397,0.5219289660453796,0.6575751304626465,0.09409079700708389,0.521979808807373,0.6567988395690918,-0.25714194774627686,0.5234615206718445,0.662582516670227,0.05851076915860176,0.5198737978935242,0.6474981307983398,-0.2283366620540619,0.524114191532135,0.6446243524551392,0.07093260437250137,0.594392716884613,0.4884669780731201,-0.1327390968799591,0.5867780447006226,0.4910871684551239,0.1329067498445511,0.5378172397613525,0.6385015845298767,-0.08573497086763382,0.5356333255767822,0.6393542289733887,0.1580621749162674,0.5515234470367432,0.8033192157745361,0.038265373557806015,0.5449732542037964,0.785233199596405,0.28564226627349854,0.5625016093254089,0.8351831436157227,0.04907093197107315,0.558605968952179,0.8069315552711487,0.29579439759254456,0.5014452338218689,0.8443021178245544,0.002804909599944949,0.5051295161247253,0.8351069092750549,0.2616022229194641
romanian deadlift_801911.jpg,0.39511439204216003,0.41643184423446655,-0.1118301972746849,0.39255470037460327,0.3984191417694092,-0.1327056884765625,0.3937399983406067,0.3961503207683563,-0.13272668421268463,0.39511293172836304,0.393515944480896,-0.13277210295200348,0.3919982314109802,0.3988474905490875,-0.09426569938659668,0.3927426040172577,0.39700043201446533,-0.09426829218864441,0.3936042785644531,0.3947906792163849,-0.09437347203493118,0.4107564091682434,0.38165897130966187,-0.1954367309808731,0.4087698757648468,0.3824522793292999,-0.02490471675992012,0.4078803062438965,0.42163801193237305,-0.13360896706581116,0.4068097174167633,0.4228418171405792,-0.08383640646934509,0.4683482050895691,0.410841166973114,-0.30518510937690735,0.47008541226387024,0.4085274636745453,0.11046751588582993,0.5029135942459106,0.5379523634910583,-0.32962363958358765,0.5075556039810181,0.5267557501792908,0.13213978707790375,0.5247310400009155,0.6643068790435791,-0.24895189702510834,0.5247591733932495,0.647440493106842,0.06116928160190582,0.5348613262176514,0.6908533573150635,-0.2845081686973572,0.5229184031486511,0.6880879998207092,0.06557503342628479,0.5271164774894714,0.6922221779823303,-0.27350133657455444,0.5263883471488953,0.6920244097709656,0.028964288532733917,0.5238939523696899,0.6833677291870117,-0.2429022490978241,0.5290112495422363,0.6783517003059387,0.04284486547112465,0.6006036996841431,0.49408090114593506,-0.12977521121501923,0.5886083245277405,0.4975101351737976,0.12991027534008026,0.5466411113739014,0.6402365565299988,-0.09482046216726303,0.5325500965118408,0.624118447303772,0.17251810431480408,0.5514026284217834,0.7843750715255737,0.07780031114816666,0.5439866185188293,0.7572264075279236,0.31811490654945374,0.5643655061721802,0.812496542930603,0.09474587440490723,0.5565707087516785,0.7757672071456909,0.3301989734172821,0.5015110373497009,0.8269657492637634,0.06640717387199402,0.5035455822944641,0.8072264194488525,0.30540981888771057
romanian deadlift_801921.jpg,0.39121776819229126,0.3986048102378845,-0.16765841841697693,0.39150020480155945,0.38053685426712036,-0.1921227127313614,0.3931368291378021,0.3770974576473236,-0.1922094076871872,0.39500725269317627,0.37425291538238525,-0.19229505956172943,0.39085233211517334,0.379034161567688,-0.14911966025829315,0.3919263780117035,0.37404364347457886,-0.14911237359046936,0.39316174387931824,0.36974969506263733,-0.14922398328781128,0.41226625442504883,0.3507431149482727,-0.2503083050251007,0.4099094569683075,0.3531028628349304,-0.05885440483689308,0.40323972702026367,0.3861178159713745,-0.18648958206176758,0.40209314227104187,0.38831570744514465,-0.13031701743602753,0.46955451369285583,0.3972514569759369,-0.3433939516544342,0.4650525152683258,0.3816719949245453,0.08609922975301743,0.5050210952758789,0.5126269459724426,-0.3901815414428711,0.5047915577888489,0.49794113636016846,0.11256004869937897,0.525702178478241,0.6263003349304199,-0.3534494936466217,0.5243107080459595,0.6171616315841675,0.032617952674627304,0.5359609127044678,0.6512770056724548,-0.40527963638305664,0.5266477465629578,0.6485714912414551,0.036897674202919006,0.527833104133606,0.6526973247528076,-0.3877212107181549,0.52558434009552,0.6496161818504333,-0.005660726223140955,0.525685727596283,0.6447799801826477,-0.34636929631233215,0.5271481871604919,0.6400725841522217,0.012032476253807545,0.6040893197059631,0.4856589734554291,-0.1343715488910675,0.5877732634544373,0.49546441435813904,0.13454404473304749,0.5482733845710754,0.6283657550811768,-0.12789638340473175,0.5307227969169617,0.618115246295929,0.23597373068332672,0.5857837200164795,0.7771847248077393,0.0030732378363609314,0.5661128163337708,0.7532991766929626,0.4049140512943268,0.6060269474983215,0.802579939365387,0.012877997010946274,0.580767035484314,0.7697679996490479,0.41837814450263977,0.5403759479522705,0.8213509321212769,-0.06179264560341835,0.5370426774024963,0.8058497309684753,0.37639644742012024
romanian deadlift_801931.jpg,0.4167780876159668,0.1940263956785202,-0.151744544506073,0.42461344599723816,0.17899170517921448,-0.16958902776241302,0.42767828702926636,0.178058922290802,-0.16970889270305634,0.43075212836265564,0.17690962553024292,-0.16980113089084625,0.4209918975830078,0.17873090505599976,-0.13309022784233093,0.4213586449623108,0.17782732844352722,-0.13308794796466827,0.42176997661590576,0.1766558289527893,-0.13314640522003174,0.44528281688690186,0.17817924916744232,-0.22884702682495117,0.43743452429771423,0.17827299237251282,-0.04240385815501213,0.42662617564201355,0.2065092772245407,-0.16354553401470184,0.42257601022720337,0.2067088633775711,-0.11534753441810608,0.48626452684402466,0.26548418402671814,-0.29197025299072266,0.47567564249038696,0.2764538526535034,0.0946105346083641,0.5101689696311951,0.38568559288978577,-0.33934730291366577,0.5025917887687683,0.39780285954475403,0.11760243773460388,0.521545946598053,0.4958599805831909,-0.3120461106300354,0.5124101638793945,0.4935910105705261,0.03803514689207077,0.5226564407348633,0.5200738906860352,-0.36004751920700073,0.5146046876907349,0.5083996057510376,0.040975168347358704,0.5156821608543396,0.519537091255188,-0.34406614303588867,0.510825514793396,0.5073768496513367,0.0011360266944393516,0.515239953994751,0.5145008563995361,-0.3057389259338379,0.5109607577323914,0.5031141638755798,0.018767526373267174,0.6001121401786804,0.4360123872756958,-0.13388442993164062,0.5867767930030823,0.42631950974464417,0.13421696424484253,0.5545027256011963,0.5729649066925049,-0.1658610701560974,0.5282024145126343,0.5842403173446655,0.13670779764652252,0.5823110938072205,0.7478930354118347,-0.06649984419345856,0.5651360750198364,0.7264156937599182,0.26489678025245667,0.6007948517799377,0.7733901143074036,-0.0589887909591198,0.578959047794342,0.7401662468910217,0.2733272314071655,0.5379288792610168,0.7874416708946228,-0.13079315423965454,0.541216254234314,0.7746098041534424,0.21997341513633728
romanian deadlift_801941.jpg,0.4601665735244751,0.11993443220853806,-0.23776647448539734,0.467308908700943,0.10435072332620621,-0.2356756627559662,0.47014957666397095,0.10319037735462189,-0.2357141673564911,0.47329890727996826,0.1018572673201561,-0.23571589589118958,0.463687539100647,0.10506749898195267,-0.21014966070652008,0.4637162983417511,0.1046377569437027,-0.21016855537891388,0.46385911107063293,0.10400114953517914,-0.21015474200248718,0.49070826172828674,0.10253645479679108,-0.21700993180274963,0.47900062799453735,0.10453493148088455,-0.08126596361398697,0.46926000714302063,0.1336476057767868,-0.22252726554870605,0.4639454483985901,0.13231848180294037,-0.18894299864768982,0.518604040145874,0.2069043666124344,-0.2579858899116516,0.49679726362228394,0.22082655131816864,0.0813303142786026,0.5220686793327332,0.3289596438407898,-0.29929211735725403,0.5129677653312683,0.33022862672805786,0.12425468116998672,0.5213571190834045,0.4230736196041107,-0.3168717622756958,0.5158003568649292,0.42105555534362793,0.03857419267296791,0.5227436423301697,0.4333650767803192,-0.3599913418292999,0.5146987438201904,0.43907874822616577,0.07088163495063782,0.5157662034034729,0.44284787774086,-0.3421669006347656,0.5113378167152405,0.44664570689201355,0.027920188382267952,0.5154417157173157,0.4407626986503601,-0.31059613823890686,0.5120440125465393,0.44502419233322144,0.029133180156350136,0.6049309372901917,0.37305569648742676,-0.12059975415468216,0.5968725085258484,0.36857885122299194,0.1205115094780922,0.52018803358078,0.4700600802898407,-0.15753456950187683,0.5385217666625977,0.47097745537757874,0.15322235226631165,0.5421577095985413,0.5967200398445129,-0.09058813005685806,0.558434247970581,0.6104735136032104,0.21549034118652344,0.56089848279953,0.6177863478660583,-0.08614427596330643,0.5663691759109497,0.629533588886261,0.2167293280363083,0.49478352069854736,0.6143642663955688,-0.13696616888046265,0.5279538631439209,0.6470135450363159,0.17143134772777557
romanian deadlift_801951.jpg,0.4799097776412964,0.10273908823728561,-0.11707203090190887,0.48593348264694214,0.08409564197063446,-0.12839467823505402,0.4884639084339142,0.083328977227211,-0.12841179966926575,0.49127817153930664,0.08227855712175369,-0.1283949762582779,0.48331230878829956,0.08398295193910599,-0.09598100185394287,0.48385652899742126,0.08329686522483826,-0.095979243516922,0.4845844805240631,0.0822983831167221,-0.09593329578638077,0.5094738602638245,0.0813317745923996,-0.15027107298374176,0.5027970671653748,0.08133058249950409,-0.0006352934869937599,0.48919641971588135,0.11764337867498398,-0.12309715896844864,0.4853518307209015,0.11708097159862518,-0.08088012039661407,0.5326054692268372,0.17975552380084991,-0.23552058637142181,0.5241965651512146,0.18051984906196594,0.12176145613193512,0.5421568751335144,0.29550454020500183,-0.2757127583026886,0.5202038884162903,0.300295889377594,0.15677234530448914,0.5214163661003113,0.408357709646225,-0.2652711868286133,0.515601634979248,0.40488356351852417,0.10143451392650604,0.5225619673728943,0.4271601736545563,-0.3052003085613251,0.5121029019355774,0.42186644673347473,0.11571865528821945,0.5141258835792542,0.4330795407295227,-0.2873901426792145,0.5088847875595093,0.42384669184684753,0.07630837708711624,0.5153661370277405,0.4238262176513672,-0.2583266496658325,0.509550154209137,0.42184048891067505,0.0852038636803627,0.6147066950798035,0.3636493384838104,-0.12087954580783844,0.608248770236969,0.3557719886302948,0.12092719227075577,0.5028389692306519,0.46407511830329895,-0.15576012432575226,0.5347891449928284,0.45473212003707886,0.16491031646728516,0.5340308547019958,0.5914610028266907,-0.04905475303530693,0.5458182096481323,0.5839154720306396,0.23349373042583466,0.5533164739608765,0.6098781228065491,-0.03800537809729576,0.555337131023407,0.5998522639274597,0.23686207830905914,0.49210232496261597,0.6127352118492126,-0.0765637531876564,0.5135121941566467,0.619970440864563,0.210204616189003
romanian deadlift_801961.jpg,,,,,,,,,,,,,,,,,,,,,,,,,,,,,,,,,,,,,,,,,,,,,,,,,,,,,,,,,,,,,,,,,,,,,,,,,,,,,,,,,,,,,,,,,,,,,,,,,,,
romanian deadlift_801971.jpg,,,,,,,,,,,,,,,,,,,,,,,,,,,,,,,,,,,,,,,,,,,,,,,,,,,,,,,,,,,,,,,,,,,,,,,,,,,,,,,,,,,,,,,,,,,,,,,,,,,
romanian deadlift_801981.jpg,,,,,,,,,,,,,,,,,,,,,,,,,,,,,,,,,,,,,,,,,,,,,,,,,,,,,,,,,,,,,,,,,,,,,,,,,,,,,,,,,,,,,,,,,,,,,,,,,,,
romanian deadlift_801991.jpg,,,,,,,,,,,,,,,,,,,,,,,,,,,,,,,,,,,,,,,,,,,,,,,,,,,,,,,,,,,,,,,,,,,,,,,,,,,,,,,,,,,,,,,,,,,,,,,,,,,
romanian deadlift_802001.jpg,,,,,,,,,,,,,,,,,,,,,,,,,,,,,,,,,,,,,,,,,,,,,,,,,,,,,,,,,,,,,,,,,,,,,,,,,,,,,,,,,,,,,,,,,,,,,,,,,,,
romanian deadlift_802011.jpg,,,,,,,,,,,,,,,,,,,,,,,,,,,,,,,,,,,,,,,,,,,,,,,,,,,,,,,,,,,,,,,,,,,,,,,,,,,,,,,,,,,,,,,,,,,,,,,,,,,
romanian deadlift_802021.jpg,,,,,,,,,,,,,,,,,,,,,,,,,,,,,,,,,,,,,,,,,,,,,,,,,,,,,,,,,,,,,,,,,,,,,,,,,,,,,,,,,,,,,,,,,,,,,,,,,,,
romanian deadlift_802031.jpg,,,,,,,,,,,,,,,,,,,,,,,,,,,,,,,,,,,,,,,,,,,,,,,,,,,,,,,,,,,,,,,,,,,,,,,,,,,,,,,,,,,,,,,,,,,,,,,,,,,
romanian deadlift_802041.jpg,0.7203841805458069,0.13450367748737335,-1.1390866041183472,0.6925452351570129,0.1004425659775734,-1.205113172531128,0.6904000043869019,0.08239156007766724,-1.204878330230713,0.6884413957595825,0.06435897946357727,-1.205384373664856,0.6895431876182556,0.15297839045524597,-1.189211368560791,0.685455322265625,0.16608110070228577,-1.1897566318511963,0.68155837059021,0.17936661839485168,-1.1903561353683472,0.6497192978858948,0.010622255504131317,-1.237998127937317,0.6451097130775452,0.1872972846031189,-1.1625441312789917,0.7192780375480652,0.09680195152759552,-1.1168549060821533,0.7176660299301147,0.14235368371009827,-1.0964654684066772,0.6317591071128845,-0.1662040650844574,-1.0158621072769165,0.5749013423919678,0.3120298385620117,-0.9924061894416809,0.7488258481025696,-0.2462061196565628,-0.7231165170669556,0.5670198798179626,0.6029071807861328,-0.8998876214027405,0.9169174432754517,-0.028233997523784637,-0.49920493364334106,0.6268027424812317,0.7365188598632812,-0.9247957468032837,0.9099544882774353,0.017253458499908447,-0.45524218678474426,0.6242729425430298,0.8231018781661987,-0.9536080956459045,0.8847172856330872,0.07827527821063995,-0.45415452122688293,0.6267674565315247,0.780351996421814,-0.9750544428825378,0.9183525443077087,0.04667608439922333,-0.48828038573265076,0.6384515762329102,0.7369029521942139,-0.936286211013794,0.7556293606758118,-0.05054793506860733,-0.05310419946908951,0.7175684571266174,0.20009967684745789,0.05353628844022751,0.7845613956451416,0.28099870681762695,0.3991309702396393,0.7291936278343201,0.5665614604949951,0.42907223105430603,0.7640859484672546,0.570422887802124,1.0360153913497925,0.7790862321853638,0.9126034379005432,0.8720085620880127,0.7474836111068726,0.6129695177078247,1.1073157787322998,0.7417299747467041,0.9651544094085693,0.9224660992622375,0.7862048745155334,0.6817195415496826,1.0374635457992554,0.7667836546897888,0.9775038957595825,0.8254462480545044
romanian deadlift_802291.jpg,,,,,,,,,,,,,,,,,,,,,,,,,,,,,,,,,,,,,,,,,,,,,,,,,,,,,,,,,,,,,,,,,,,,,,,,,,,,,,,,,,,,,,,,,,,,,,,,,,,
romanian deadlift_802301.jpg,,,,,,,,,,,,,,,,,,,,,,,,,,,,,,,,,,,,,,,,,,,,,,,,,,,,,,,,,,,,,,,,,,,,,,,,,,,,,,,,,,,,,,,,,,,,,,,,,,,
romanian deadlift_802311.jpg,,,,,,,,,,,,,,,,,,,,,,,,,,,,,,,,,,,,,,,,,,,,,,,,,,,,,,,,,,,,,,,,,,,,,,,,,,,,,,,,,,,,,,,,,,,,,,,,,,,
romanian deadlift_802321.jpg,,,,,,,,,,,,,,,,,,,,,,,,,,,,,,,,,,,,,,,,,,,,,,,,,,,,,,,,,,,,,,,,,,,,,,,,,,,,,,,,,,,,,,,,,,,,,,,,,,,
romanian deadlift_802331.jpg,,,,,,,,,,,,,,,,,,,,,,,,,,,,,,,,,,,,,,,,,,,,,,,,,,,,,,,,,,,,,,,,,,,,,,,,,,,,,,,,,,,,,,,,,,,,,,,,,,,
romanian deadlift_802341.jpg,,,,,,,,,,,,,,,,,,,,,,,,,,,,,,,,,,,,,,,,,,,,,,,,,,,,,,,,,,,,,,,,,,,,,,,,,,,,,,,,,,,,,,,,,,,,,,,,,,,
romanian deadlift_802351.jpg,,,,,,,,,,,,,,,,,,,,,,,,,,,,,,,,,,,,,,,,,,,,,,,,,,,,,,,,,,,,,,,,,,,,,,,,,,,,,,,,,,,,,,,,,,,,,,,,,,,
romanian deadlift_802361.jpg,,,,,,,,,,,,,,,,,,,,,,,,,,,,,,,,,,,,,,,,,,,,,,,,,,,,,,,,,,,,,,,,,,,,,,,,,,,,,,,,,,,,,,,,,,,,,,,,,,,
romanian deadlift_802371.jpg,0.5353885293006897,0.08406564593315125,0.21031233668327332,0.5432893633842468,0.07607501745223999,0.210794135928154,0.5463383197784424,0.07656630873680115,0.2107471376657486,0.5492058396339417,0.07711565494537354,0.21066513657569885,0.5343372225761414,0.07331040501594543,0.23632079362869263,0.5324750542640686,0.07228529453277588,0.23639051616191864,0.5306832790374756,0.07145240902900696,0.23628927767276764,0.558226466178894,0.0837458074092865,0.22853027284145355,0.5465554594993591,0.08429142832756042,0.34311917424201965,0.5451772212982178,0.10742657631635666,0.21862736344337463,0.5359069108963013,0.10705462843179703,0.2512172758579254,0.5927595496177673,0.14287137985229492,0.11959705501794815,0.5470083355903625,0.16854073107242584,0.4175449013710022,0.5724223256111145,0.22007988393306732,0.02723432518541813,0.539425790309906,0.2578592300415039,0.4862271249294281,0.5385321974754333,0.17553062736988068,0.025437798351049423,0.5246546268463135,0.2996000051498413,0.467528760433197,0.5313922166824341,0.1656678467988968,0.012173936702311039,0.5187448859214783,0.3151756525039673,0.47043168544769287,0.5366992950439453,0.15979504585266113,0.02277229353785515,0.5184623599052429,0.31077247858047485,0.44716402888298035,0.539031445980072,0.165127232670784,0.031858380883932114,0.520423948764801,0.3042622208595276,0.45579588413238525,0.5659577250480652,0.3617600202560425,-0.11761154234409332,0.5439779758453369,0.37994247674942017,0.11742008477449417,0.5556122660636902,0.5447778105735779,-0.210940420627594,0.5435311794281006,0.537230372428894,0.0350794792175293,0.5409413576126099,0.7885472774505615,-0.3170090913772583,0.5349777936935425,0.7714888453483582,-0.02827734872698784,0.5518327355384827,0.8291057348251343,-0.3328714668750763,0.5471246242523193,0.797345757484436,-0.041909728199243546,0.4639248251914978,0.825370728969574,-0.46644413471221924,0.45853644609451294,0.8122373819351196,-0.13260599970817566
romanian deadlift_802381.jpg,,,,,,,,,,,,,,,,,,,,,,,,,,,,,,,,,,,,,,,,,,,,,,,,,,,,,,,,,,,,,,,,,,,,,,,,,,,,,,,,,,,,,,,,,,,,,,,,,,,
romanian deadlift_802391.jpg,0.3790074288845062,0.22182437777519226,-0.046873416751623154,0.3670594096183777,0.20229066908359528,-0.07315201312303543,0.3681468069553375,0.19688241183757782,-0.07316642254590988,0.3692784905433655,0.19080346822738647,-0.07313834130764008,0.3651728332042694,0.20749717950820923,-0.03173091635107994,0.3648989498615265,0.20646081864833832,-0.03179071098566055,0.3644440770149231,0.20493251085281372,-0.03187190368771553,0.3819408118724823,0.16015736758708954,-0.14851024746894836,0.3754638135433197,0.1705009639263153,0.03623787313699722,0.39704787731170654,0.21290934085845947,-0.07175351679325104,0.3949529528617859,0.21916332840919495,-0.017896762117743492,0.4617663025856018,0.15968842804431915,-0.2626514732837677,0.4465849697589874,0.2028568834066391,0.1669728308916092,0.5085590481758118,0.3168283700942993,-0.2952713668346405,0.49743911623954773,0.34680408239364624,0.23536263406276703,0.5285751819610596,0.47407299280166626,-0.21786969900131226,0.5213297009468079,0.5009599924087524,0.1859155297279358,0.5426812767982483,0.5127145648002625,-0.24815718829631805,0.5303131341934204,0.5391871929168701,0.19961102306842804,0.5349306464195251,0.523007869720459,-0.22986462712287903,0.5264517664909363,0.5408222675323486,0.15697112679481506,0.5320721864700317,0.5114833116531372,-0.20779350399971008,0.5262314677238464,0.5288775563240051,0.16573184728622437,0.6371557116508484,0.2680671215057373,-0.12852691113948822,0.6178317666053772,0.2860582768917084,0.12877486646175385,0.5713769793510437,0.5063989162445068,-0.1470424234867096,0.5580551028251648,0.49916842579841614,0.10977844893932343,0.5455884337425232,0.7483964562416077,-0.08142533153295517,0.546291172504425,0.7298986911773682,0.1601312905550003,0.5555843114852905,0.8057364821434021,-0.07542015612125397,0.5633423328399658,0.7682475447654724,0.1618734896183014,0.4655988812446594,0.8200940489768982,-0.14417733252048492,0.48901456594467163,0.7862590551376343,0.10808771103620529
romanian deadlift_802401.jpg,0.3797834515571594,0.17094120383262634,-0.03161925822496414,0.36801669001579285,0.1503552943468094,-0.05816592648625374,0.3692278563976288,0.14549675583839417,-0.05818420276045799,0.3705131411552429,0.14002399146556854,-0.05817003920674324,0.36619800329208374,0.15409024059772491,-0.01348954625427723,0.36607256531715393,0.1523360013961792,-0.013533837161958218,0.3658050298690796,0.1497834026813507,-0.013593584299087524,0.3834143877029419,0.11348460614681244,-0.13356904685497284,0.3770432770252228,0.11929930746555328,0.06569813191890717,0.39775407314300537,0.16430532932281494,-0.056318800896406174,0.39582231640815735,0.1696869283914566,0.0017381611978635192,0.46304410696029663,0.12367060035467148,-0.259597510099411,0.446752667427063,0.15681685507297516,0.2080400586128235,0.5087263584136963,0.28813689947128296,-0.2990761697292328,0.5005568265914917,0.30543094873428345,0.281357079744339,0.5308226346969604,0.4405096173286438,-0.23327001929283142,0.5212011933326721,0.45901110768318176,0.21096746623516083,0.5429666042327881,0.4808224141597748,-0.2716134190559387,0.5260710716247559,0.49421119689941406,0.22393840551376343,0.5353080630302429,0.48811137676239014,-0.249470055103302,0.5242230892181396,0.49691203236579895,0.1773938685655594,0.5324834585189819,0.47733649611473083,-0.22185589373111725,0.5252243876457214,0.4859544634819031,0.18880192935466766,0.6340067386627197,0.2679956257343292,-0.14005978405475616,0.6082456111907959,0.2815629541873932,0.14024709165096283,0.5706654191017151,0.5116578340530396,-0.1511385440826416,0.5526644587516785,0.49302855134010315,0.12083964049816132,0.5457035303115845,0.7575687170028687,-0.08411075174808502,0.571578323841095,0.6914269924163818,0.19780898094177246,0.5836532115936279,0.797959566116333,-0.07763804495334625,0.591060996055603,0.7220948338508606,0.20364214479923248,0.4660739004611969,0.8201408982276917,-0.14658498764038086,0.523465096950531,0.7545089721679688,0.15149955451488495
romanian deadlift_802411.jpg,,,,,,,,,,,,,,,,,,,,,,,,,,,,,,,,,,,,,,,,,,,,,,,,,,,,,,,,,,,,,,,,,,,,,,,,,,,,,,,,,,,,,,,,,,,,,,,,,,,
romanian deadlift_802421.jpg,0.5483119487762451,0.14507143199443817,0.001593157066963613,0.5516823530197144,0.11527934670448303,0.012950758449733257,0.5535337328910828,0.11557169258594513,0.012872958555817604,0.5551438927650452,0.11609721928834915,0.012762506492435932,0.5441785454750061,0.11752995103597641,0.024622023105621338,0.5414421558380127,0.1188039779663086,0.024665270000696182,0.5376018285751343,0.12040115892887115,0.024668574333190918,0.5569246411323547,0.12489182502031326,0.07729857414960861,0.5337378978729248,0.1277013123035431,0.13049888610839844,0.5553075671195984,0.15793271362781525,0.026044966652989388,0.5419931411743164,0.15871521830558777,0.04103424772620201,0.5798507332801819,0.1836235225200653,0.004731709137558937,0.531484067440033,0.22218182682991028,0.23223508894443512,0.5703600645065308,0.14159177243709564,-0.07616908103227615,0.5172663331031799,0.30358487367630005,0.2873843014240265,0.5491676926612854,0.07956022024154663,-0.10838282108306885,0.5059525370597839,0.31777966022491455,0.21303261816501617,0.5482843518257141,0.06579852104187012,-0.1376989334821701,0.5024030804634094,0.32320788502693176,0.211665078997612,0.5460744500160217,0.05867186188697815,-0.12831701338291168,0.5019997358322144,0.30966272950172424,0.17902731895446777,0.5466148853302002,0.06508633494377136,-0.1071835458278656,0.4837862551212311,0.31381210684776306,0.19762073457241058,0.5555111765861511,0.3855128288269043,-0.08710657805204391,0.5336476564407349,0.3821452260017395,0.0871688574552536,0.5559837818145752,0.5360257625579834,-0.22229118645191193,0.5433741807937622,0.39932331442832947,0.12708692252635956,0.5542606711387634,0.7466538548469543,-0.312166303396225,0.528067946434021,0.3723840117454529,0.14601488411426544,0.5613123178482056,0.7779417037963867,-0.32489529252052307,0.5227092504501343,0.37834662199020386,0.1482548713684082,0.4924519658088684,0.7813001871109009,-0.43749815225601196,0.5104710459709167,0.3377489447593689,0.12641936540603638
romanian deadlift_802431.jpg,0.5461426973342896,0.12264033406972885,0.0904710590839386,0.5504239797592163,0.10569015890359879,0.08532071113586426,0.551885187625885,0.10516590625047684,0.08519585430622101,0.5533657670021057,0.10463696718215942,0.08512227982282639,0.5440769195556641,0.10547695308923721,0.11526917666196823,0.551348865032196,0.10806330293416977,0.11525337398052216,0.5503728985786438,0.10821071267127991,0.11507149785757065,0.5604159235954285,0.10862036049365997,0.08228438347578049,0.5624495148658752,0.11204467713832855,0.21502526104450226,0.5553256273269653,0.12992794811725616,0.09097182750701904,0.5516741275787354,0.1375139057636261,0.12972882390022278,0.6078691482543945,0.17406688630580902,-0.00854585599154234,0.5735365748405457,0.19310986995697021,0.3173638582229614,0.5942438840866089,0.28486672043800354,-0.07613658159971237,0.5686801671981812,0.29840022325515747,0.3860967755317688,0.5595105886459351,0.3371979296207428,-0.0953892320394516,0.5449583530426025,0.3424869477748871,0.3299570679664612,0.5557845234870911,0.35371798276901245,-0.11687735468149185,0.531790554523468,0.36021512746810913,0.32892242074012756,0.5538557171821594,0.345933735370636,-0.11595182865858078,0.5349589586257935,0.3532991111278534,0.30108436942100525,0.5562250018119812,0.34043750166893005,-0.0929042249917984,0.5381677150726318,0.34539806842803955,0.31497904658317566,0.600472092628479,0.37897711992263794,-0.11012306809425354,0.576383650302887,0.38199979066848755,0.11007141321897507,0.5658093094825745,0.5322499871253967,-0.29981929063796997,0.5619634389877319,0.5127524137496948,-0.05630730837583542,0.5542490482330322,0.7638357281684875,-0.44395342469215393,0.552215576171875,0.7370543479919434,-0.18354056775569916,0.5618038177490234,0.8126451969146729,-0.46431174874305725,0.5566931962966919,0.7716440558433533,-0.2028210461139679,0.4758191406726837,0.7992871403694153,-0.6026887893676758,0.4917793273925781,0.7588859796524048,-0.30034464597702026
romanian deadlift_802441.jpg,0.5313576459884644,0.29142987728118896,-0.38988885283470154,0.5319030284881592,0.28769558668136597,-0.4317537844181061,0.5355908870697021,0.28464943170547485,-0.43181318044662476,0.5393171906471252,0.2817549705505371,-0.4319661557674408,0.5196325182914734,0.2865036129951477,-0.4153200089931488,0.517778217792511,0.2834307551383972,-0.41533946990966797,0.5146121382713318,0.2802289128303528,-0.4154945909976959,0.5547424554824829,0.23677796125411987,-0.4981144070625305,0.5114119648933411,0.23547309637069702,-0.4236789345741272,0.5431509613990784,0.27042993903160095,-0.3958098292350769,0.5366407632827759,0.27243170142173767,-0.37425360083580017,0.62302166223526,0.20981843769550323,-0.46742314100265503,0.5075005888938904,0.18035799264907837,-0.28581270575523376,0.6110562682151794,0.36685672402381897,-0.405390202999115,0.5203816294670105,0.31830570101737976,-0.21028010547161102,0.5701743960380554,0.5076709985733032,-0.3475504219532013,0.5346871614456177,0.47605201601982117,-0.22129860520362854,0.5689614415168762,0.5447450280189514,-0.37079718708992004,0.532240092754364,0.524195671081543,-0.22725282609462738,0.5576238036155701,0.537926197052002,-0.3859142065048218,0.5400463342666626,0.5188829898834229,-0.25830069184303284,0.5560175180435181,0.5216600894927979,-0.3494914770126343,0.5425720810890198,0.5010701417922974,-0.23156151175498962,0.6135014891624451,0.33502987027168274,-0.08854947984218597,0.5622773766517639,0.32312098145484924,0.08902470022439957,0.5803219079971313,0.531761109828949,-0.1680380403995514,0.5473608374595642,0.49584266543388367,-0.04014003276824951,0.5550908446311951,0.7709019184112549,-0.10880379378795624,0.547244131565094,0.7288641333580017,0.03353039547801018,0.5629379749298096,0.8211466670036316,-0.11220472306013107,0.5568915605545044,0.7647245526313782,0.025828486308455467,0.4795142412185669,0.8088055849075317,-0.2376856505870819,0.4949418008327484,0.7746251225471497,-0.03401189297437668
romanian deadlift_802451.jpg,0.46492499113082886,0.29033753275871277,-0.4418068528175354,0.4586840271949768,0.28478148579597473,-0.48312121629714966,0.4623248279094696,0.2824372947216034,-0.4831547439098358,0.4658675193786621,0.28025829792022705,-0.4832690358161926,0.4484982490539551,0.28200575709342957,-0.45793989300727844,0.445800244808197,0.27840757369995117,-0.45792707800865173,0.44303610920906067,0.27488625049591064,-0.45800119638442993,0.484865665435791,0.23819617927074432,-0.555992841720581,0.4450785517692566,0.23164820671081543,-0.44217821955680847,0.48395881056785583,0.27191171050071716,-0.45200830698013306,0.4768736660480499,0.27200886607170105,-0.4187077283859253,0.6150714159011841,0.2062079757452011,-0.5272277593612671,0.48432743549346924,0.16918319463729858,-0.2914256155490875,0.6001545786857605,0.36779505014419556,-0.4661959409713745,0.5051161050796509,0.32029926776885986,-0.23314844071865082,0.5602413415908813,0.5133434534072876,-0.37038999795913696,0.5323664546012878,0.49216148257255554,-0.2517968714237213,0.561136782169342,0.5474027395248413,-0.3844372630119324,0.53094881772995,0.5424797534942627,-0.2526044547557831,0.5441407561302185,0.5442360639572144,-0.39015382528305054,0.5377763509750366,0.5433778166770935,-0.27915331721305847,0.5397168397903442,0.5294800400733948,-0.3670160472393036,0.5403758883476257,0.5276039838790894,-0.2606717348098755,0.6034403443336487,0.3292003273963928,-0.10402991622686386,0.5559987425804138,0.31061694025993347,0.10425446182489395,0.5789755582809448,0.540710985660553,-0.17797453701496124,0.5323327779769897,0.47306230664253235,0.21138043701648712,0.5550833344459534,0.7759841084480286,-0.13814003765583038,0.5480741262435913,0.6187165379524231,0.48291128873825073,0.5634812712669373,0.8219004273414612,-0.14142173528671265,0.5596052408218384,0.6409067511558533,0.5053860545158386,0.481045126914978,0.8151986598968506,-0.2574266791343689,0.5055738687515259,0.6591163873672485,0.46016889810562134
romanian deadlift_802461.jpg,0.5421093702316284,0.12490521371364594,0.2238004356622696,0.5494828820228577,0.11521459370851517,0.24092493951320648,0.5545867681503296,0.11462903767824173,0.24085451662540436,0.55964595079422,0.11414329707622528,0.2408316433429718,0.538025438785553,0.11584921181201935,0.25524356961250305,0.5338985323905945,0.11561592668294907,0.2552288770675659,0.5304998755455017,0.11540590226650238,0.2549944221973419,0.5734911561012268,0.11511213332414627,0.3043726682662964,0.5361056923866272,0.11475612968206406,0.37027695775032043,0.5547994375228882,0.13586188852787018,0.2458076775074005,0.5411631464958191,0.13673299551010132,0.2642184793949127,0.6177571415901184,0.15779967606067657,0.20120473206043243,0.5416504144668579,0.15371061861515045,0.38166120648384094,0.6018217206001282,0.28217053413391113,0.14391455054283142,0.5393840670585632,0.23851235210895538,0.32746461033821106,0.5619035363197327,0.3294917345046997,0.11405432224273682,0.5345519781112671,0.31974729895591736,0.2113414853811264,0.5593073964118958,0.3484162986278534,0.100994773209095,0.5337213277816772,0.36676645278930664,0.19243575632572174,0.5491822957992554,0.3397817313671112,0.0999244973063469,0.5381715893745422,0.36352190375328064,0.17713533341884613,0.5494817495346069,0.3330550193786621,0.11522739380598068,0.537039041519165,0.33739402890205383,0.2006882131099701,0.5975751280784607,0.3358973562717438,-0.10188020020723343,0.5623371601104736,0.3303312063217163,0.1014813557267189,0.5744553208351135,0.5208349823951721,-0.20152059197425842,0.5487199425697327,0.4967990517616272,-0.02579062059521675,0.55507892370224,0.7747652530670166,-0.3766641318798065,0.5537179708480835,0.7421630024909973,-0.168090358376503,0.5640144944190979,0.8180814981460571,-0.3995153307914734,0.5602137446403503,0.7576767802238464,-0.18758410215377808,0.47590339183807373,0.8116856813430786,-0.5246093273162842,0.49455907940864563,0.7559008002281189,-0.27269643545150757
romanian deadlift_802471.jpg,0.5618156790733337,0.11730077862739563,0.14628735184669495,0.5656231641769409,0.10061008483171463,0.166255384683609,0.5683509111404419,0.10086227208375931,0.16620390117168427,0.5715876817703247,0.10118798166513443,0.16606153547763824,0.5586297512054443,0.0993627980351448,0.17582105100154877,0.5564044713973999,0.09940700232982635,0.17584086954593658,0.5543928742408752,0.09972919523715973,0.17577137053012848,0.5764768123626709,0.10759486258029938,0.24433976411819458,0.5523117780685425,0.10485970973968506,0.28630486130714417,0.5656338334083557,0.13169978559017181,0.1735849231481552,0.5574125051498413,0.13064496219158173,0.1851319670677185,0.6159316301345825,0.16035374999046326,0.16988107562065125,0.5461443066596985,0.1683598756790161,0.34579798579216003,0.5967914462089539,0.1604403406381607,0.1303604543209076,0.5366414785385132,0.20614992082118988,0.4476391077041626,0.5676923990249634,0.09200315177440643,0.15660510957241058,0.5316459536552429,0.17600610852241516,0.4925795793533325,0.5647801160812378,0.07759496569633484,0.1531403809785843,0.5300576686859131,0.1764288991689682,0.5007078647613525,0.5621758699417114,0.07438435405492783,0.1605803519487381,0.5330014228820801,0.17006923258304596,0.4848819077014923,0.5621492266654968,0.08179310709238052,0.16102127730846405,0.5313189029693604,0.1698303073644638,0.4863051772117615,0.5786498188972473,0.343270868062973,-0.10056710988283157,0.5589221119880676,0.3309650123119354,0.10017823427915573,0.5725013017654419,0.5206634998321533,-0.21650567650794983,0.5575289130210876,0.5186073780059814,-0.010891669429838657,0.5555190443992615,0.7750728130340576,-0.3332325220108032,0.555932879447937,0.7568106055259705,-0.08965864777565002,0.564971923828125,0.8176606297492981,-0.3472128212451935,0.5637331604957581,0.8008212447166443,-0.10066854953765869,0.4774509370326996,0.8089975118637085,-0.46600422263145447,0.4871619641780853,0.7901939153671265,-0.17951267957687378
romanian deadlift_900011.jpg,0.47097206115722656,0.22779229283332825,-0.13120518624782562,0.46870914101600647,0.21006856858730316,-0.15934890508651733,0.46965640783309937,0.20964407920837402,-0.1593731790781021,0.47083595395088196,0.20916903018951416,-0.1593693345785141,0.4705084562301636,0.2058001160621643,-0.11778721958398819,0.4723467230796814,0.20273588597774506,-0.1176871806383133,0.4744931161403656,0.2000681608915329,-0.11776891350746155,0.4878673255443573,0.20207560062408447,-0.23650716245174408,0.4925480782985687,0.19371706247329712,-0.05305517092347145,0.48304781317710876,0.23503835499286652,-0.15416285395622253,0.48480623960494995,0.23194462060928345,-0.10067879408597946,0.5310125350952148,0.24693533778190613,-0.3276565670967102,0.5496763586997986,0.22886532545089722,0.06459254771471024,0.5448622107505798,0.3766765594482422,-0.37601569294929504,0.5688695907592773,0.3608168363571167,0.12671948969364166,0.5359185338020325,0.49200189113616943,-0.3543219268321991,0.5630146861076355,0.4905276894569397,0.09303370863199234,0.5333639979362488,0.5207630395889282,-0.391571044921875,0.5552229285240173,0.4996870756149292,0.10363999754190445,0.533164918422699,0.5223540663719177,-0.3760775327682495,0.5492584109306335,0.5044003129005432,0.06607464700937271,0.5351456999778748,0.5146785378456116,-0.34635159373283386,0.5491992831230164,0.5014288425445557,0.0760999470949173,0.5604241490364075,0.4824604094028473,-0.13081325590610504,0.5616254806518555,0.4657919704914093,0.13034342229366302,0.5590493083000183,0.6235752701759338,0.03724784776568413,0.5552632212638855,0.597191572189331,0.4034757614135742,0.5519602298736572,0.77846360206604,0.19017882645130157,0.5556452870368958,0.7366194725036621,0.7124508619308472,0.5651190876960754,0.8142254948616028,0.20439621806144714,0.564801037311554,0.7644883990287781,0.7440522313117981,0.49911972880363464,0.8126493096351624,0.13099460303783417,0.5089587569236755,0.7757053971290588,0.7232921123504639
romanian deadlift_900021.jpg,0.4909215271472931,0.3915790617465973,-0.27768629789352417,0.48912832140922546,0.3867504596710205,-0.31654444336891174,0.4901944100856781,0.3866686224937439,-0.3164828419685364,0.4910901188850403,0.3862781524658203,-0.3163498044013977,0.48712319135665894,0.37965095043182373,-0.2981674075126648,0.48720982670783997,0.37670108675956726,-0.298199325799942,0.4873955547809601,0.37355172634124756,-0.29833999276161194,0.49971243739128113,0.3647809624671936,-0.4292741119861603,0.4995388388633728,0.3551478683948517,-0.3489913046360016,0.501514196395874,0.38961949944496155,-0.30828985571861267,0.5027979016304016,0.3989804685115814,-0.28453317284584045,0.5326594114303589,0.3618076741695404,-0.4291714131832123,0.5608857870101929,0.33794867992401123,-0.27023014426231384,0.5452730059623718,0.5016849040985107,-0.4065929353237152,0.5976867079734802,0.47395142912864685,-0.25473159551620483,0.5386689901351929,0.610683798789978,-0.3269902467727661,0.5661962628364563,0.5886955261230469,-0.2826024889945984,0.5357272624969482,0.6450942754745483,-0.3241809606552124,0.5672616362571716,0.6210329532623291,-0.26925086975097656,0.5383732914924622,0.6460413336753845,-0.3233390152454376,0.5573834776878357,0.6256642937660217,-0.2902817130088806,0.5395763516426086,0.6364832520484924,-0.32257306575775146,0.5631895661354065,0.6088430285453796,-0.29178616404533386,0.5612676739692688,0.5077889561653137,-0.04564609006047249,0.5861778259277344,0.5036370158195496,0.045072320848703384,0.6130308508872986,0.6193795204162598,-0.04583389684557915,0.6153702139854431,0.5765732526779175,0.0019223449053242803,0.5745440721511841,0.743383526802063,-0.03880726918578148,0.5661916732788086,0.725978434085846,0.022638661786913872,0.5733609795570374,0.7488577365875244,-0.041425351053476334,0.5653508305549622,0.742777407169342,0.021970950067043304,0.5604936480522156,0.7919816970825195,-0.11376278102397919,0.5413723587989807,0.7784456014633179,-0.0477258637547493
romanian deadlift_900031.jpg,0.5879905223846436,0.42396366596221924,-0.160282164812088,0.5895224809646606,0.4082009196281433,-0.17288610339164734,0.5906232595443726,0.4088198244571686,-0.17289109528064728,0.5998876690864563,0.40974774956703186,-0.17290671169757843,0.5825576186180115,0.40351906418800354,-0.1747056394815445,0.5820003151893616,0.4017476737499237,-0.1747909039258957,0.5815125107765198,0.40020129084587097,-0.17494675517082214,0.5899595618247986,0.3957687020301819,-0.2718888819217682,0.5734084844589233,0.3889143168926239,-0.18912373483181,0.5877951383590698,0.42584100365638733,-0.15850558876991272,0.5787661075592041,0.42653754353523254,-0.1532944291830063,0.5870079398155212,0.40782955288887024,-0.08635418117046356,0.5508633852005005,0.42103931307792664,-0.1695978343486786,0.5873376727104187,0.5036542415618896,-0.08335438370704651,0.5493461489677429,0.5522045493125916,-0.18434232473373413,0.5889966487884521,0.5760025382041931,-0.2965632975101471,0.5575255155563354,0.6511275768280029,-0.20405063033103943,0.5909704566001892,0.5978140830993652,-0.24815994501113892,0.5552711486816406,0.6785980463027954,-0.22247086465358734,0.5879833102226257,0.5973243713378906,-0.2331407517194748,0.5588259100914001,0.6793275475502014,-0.24079343676567078,0.5840206146240234,0.590381920337677,-0.23080581426620483,0.5622682571411133,0.6715335249900818,-0.21016959846019745,0.5755678415298462,0.525117039680481,0.04530596360564232,0.5668495297431946,0.5308539271354675,-0.045385755598545074,0.6490703821182251,0.5662242770195007,-0.15777944028377533,0.6129687428474426,0.5468507409095764,-0.26005110144615173,0.5953724980354309,0.6874749064445496,-0.07912537455558777,0.5850676894187927,0.687610924243927,-0.16022619605064392,0.5796509385108948,0.6984769105911255,-0.07183411717414856,0.577865481376648,0.7047973871231079,-0.14885205030441284,0.5866537690162659,0.7409432530403137,-0.14395023882389069,0.5774038434028625,0.7391927242279053,-0.21275708079338074
romanian deadlift_900041.jpg,0.5046470165252686,0.3207108974456787,-0.07074621319770813,0.49784281849861145,0.3044179379940033,-0.10934711992740631,0.49856311082839966,0.30427834391593933,-0.10935007780790329,0.49987998604774475,0.30420535802841187,-0.1093507632613182,0.4998791515827179,0.30164945125579834,-0.059811726212501526,0.5020298361778259,0.300118625164032,-0.05975210294127464,0.5043749213218689,0.2987247109413147,-0.05974633991718292,0.5133750438690186,0.2941966652870178,-0.20842386782169342,0.5203438997268677,0.28955066204071045,-0.017780181020498276,0.5131269097328186,0.32508784532546997,-0.13522538542747498,0.5149639248847961,0.3256034553050995,-0.05018315091729164,0.5447160601615906,0.3222931921482086,-0.31765785813331604,0.5773952007293701,0.3278743326663971,0.08379256725311279,0.5597019195556641,0.4358215034008026,-0.3833068013191223,0.6023973822593689,0.4364514946937561,0.08663670718669891,0.5797442197799683,0.5354821681976318,-0.34749406576156616,0.5981486439704895,0.5480461120605469,0.04621938243508339,0.5879155397415161,0.5637362003326416,-0.37570425868034363,0.5969412922859192,0.5777652859687805,0.08768446743488312,0.5850540995597839,0.564391553401947,-0.3463098406791687,0.581528902053833,0.57254558801651,0.056017082184553146,0.5802632570266724,0.5542635321617126,-0.3317978084087372,0.5811472535133362,0.5628225207328796,0.03188579902052879,0.5739715695381165,0.551681637763977,-0.12240641564130783,0.5835936069488525,0.5304329991340637,0.12179451435804367,0.5925281047821045,0.6304976344108582,-0.19564257562160492,0.5999163389205933,0.5718259215354919,0.2807673513889313,0.5853985548019409,0.7009797096252441,-0.2609104812145233,0.5796006917953491,0.6780389547348022,0.15537719428539276,0.5823056697845459,0.7097576856613159,-0.2643098533153534,0.5839383602142334,0.6939366459846497,0.14046236872673035,0.5546989440917969,0.7502129673957825,-0.28978806734085083,0.5566805601119995,0.7317081093788147,0.11404582113027573
romanian deadlift_900051.jpg,0.5250952839851379,0.15897342562675476,-0.16409189999103546,0.5267189741134644,0.14103072881698608,-0.19127799570560455,0.5279101133346558,0.1399611532688141,-0.191294863820076,0.5289999842643738,0.13882088661193848,-0.1912776082754135,0.529151439666748,0.13964267075061798,-0.14695042371749878,0.5313475728034973,0.13785530626773834,-0.14691351354122162,0.5334645509719849,0.13587509095668793,-0.1469525843858719,0.5489723682403564,0.1391056329011917,-0.255022257566452,0.5526924729347229,0.1363290399312973,-0.06052621454000473,0.534848153591156,0.1655675321817398,-0.18609946966171265,0.5371590256690979,0.16428351402282715,-0.1277187317609787,0.5734014511108398,0.2075369507074356,-0.3530682325363159,0.6026154160499573,0.20141254365444183,0.07101618498563766,0.5718059539794922,0.3257414400577545,-0.43212857842445374,0.6048287153244019,0.30078938603401184,0.1564168781042099,0.5727613568305969,0.4228285551071167,-0.42954882979393005,0.5936866402626038,0.3978046476840973,0.11886175721883774,0.5684974193572998,0.46369946002960205,-0.4801148772239685,0.5885969400405884,0.4159724712371826,0.12704508006572723,0.5748386383056641,0.46375659108161926,-0.4610010087490082,0.5825517773628235,0.4143386781215668,0.08246839791536331,0.5796995162963867,0.4482629597187042,-0.42091771960258484,0.5824040174484253,0.4090529978275299,0.09860215336084366,0.5919492244720459,0.43058258295059204,-0.1323900818824768,0.6084271669387817,0.41369178891181946,0.1322602778673172,0.5906087756156921,0.5674386620521545,-0.011163229122757912,0.5939086675643921,0.5540025234222412,0.32223379611968994,0.5835859179496765,0.7080039381980896,0.1081511527299881,0.5896548628807068,0.6794043779373169,0.5405962467193604,0.5919707417488098,0.7302207350730896,0.11690333485603333,0.5994665026664734,0.7082580327987671,0.5599836707115173,0.5434127449989319,0.7379716634750366,0.01696164719760418,0.5568586587905884,0.7119875550270081,0.5060209035873413
romanian deadlift_900061.jpg,0.5140655040740967,0.17788439989089966,-0.13630171120166779,0.5144070982933044,0.16512525081634521,-0.16362875699996948,0.5148935317993164,0.16522087156772614,-0.1636597216129303,0.5154513716697693,0.1651962250471115,-0.16366201639175415,0.5185032486915588,0.16238266229629517,-0.12410619109869003,0.5214480757713318,0.16094475984573364,-0.12406674027442932,0.5252611637115479,0.1594836711883545,-0.12414149940013885,0.5333142280578613,0.16662493348121643,-0.24014776945114136,0.5473791360855103,0.16000805795192719,-0.0568433552980423,0.5222436785697937,0.1865825653076172,-0.15815730392932892,0.5254278779029846,0.18348799645900726,-0.10662441700696945,0.5619485974311829,0.22044476866722107,-0.3356688320636749,0.5913289785385132,0.2059818059206009,0.06770864129066467,0.569743275642395,0.3297869861125946,-0.3858874440193176,0.6042467951774597,0.308795303106308,0.14515939354896545,0.5695756077766418,0.43061164021492004,-0.3470399081707001,0.6046555042266846,0.3996160626411438,0.1197570189833641,0.5633672475814819,0.4649147391319275,-0.38753366470336914,0.6047844290733337,0.4214048981666565,0.12848858535289764,0.5726483464241028,0.4664577841758728,-0.37474122643470764,0.5973740220069885,0.4226338565349579,0.09249034523963928,0.5739965438842773,0.45600518584251404,-0.34045305848121643,0.5973923206329346,0.41491207480430603,0.102884940803051,0.5926462411880493,0.428702175617218,-0.12210571020841599,0.615024983882904,0.4132433235645294,0.12189657986164093,0.5904560089111328,0.5670333504676819,0.07093863934278488,0.5957650542259216,0.5509670972824097,0.3709724247455597,0.5825446248054504,0.7082251906394958,0.23184412717819214,0.5927039384841919,0.6743549108505249,0.6443503499031067,0.5899661779403687,0.7359409928321838,0.2456996589899063,0.6089303493499756,0.7059285044670105,0.6707959771156311,0.5410066246986389,0.7302638292312622,0.16928337514400482,0.560230553150177,0.7038819789886475,0.6373623609542847
romanian deadlift_900071.jpg,0.5251706838607788,0.3814263939857483,-0.17022006213665009,0.5172585844993591,0.3957645297050476,-0.20706841349601746,0.5149837136268616,0.3948104977607727,-0.2070593535900116,0.5169060230255127,0.3939023017883301,-0.2070147544145584,0.524627149105072,0.39310696721076965,-0.19061994552612305,0.5277895331382751,0.3904086947441101,-0.19061248004436493,0.5312079787254333,0.38771650195121765,-0.19078277051448822,0.5275632739067078,0.35215240716934204,-0.31739896535873413,0.5428842902183533,0.36546093225479126,-0.24680306017398834,0.5325467586517334,0.37567609548568726,-0.2004576325416565,0.5356951951980591,0.37424832582473755,-0.1792307198047638,0.5403929352760315,0.34762004017829895,-0.3401588201522827,0.6039314866065979,0.3386480212211609,-0.2027144879102707,0.5563426613807678,0.46885859966278076,-0.34055468440055847,0.6116111278533936,0.45468178391456604,-0.1848757565021515,0.5661311745643616,0.5750249624252319,-0.30923593044281006,0.5914342999458313,0.5746117234230042,-0.2219826579093933,0.5628454685211182,0.599558413028717,-0.34145501255989075,0.5902971625328064,0.5956746935844421,-0.2303096204996109,0.5675278902053833,0.6042426824569702,-0.32952937483787537,0.5831670761108398,0.5973559021949768,-0.2537931203842163,0.5681704878807068,0.5941435694694519,-0.3061339259147644,0.5824536681175232,0.5881679058074951,-0.23350882530212402,0.589648962020874,0.4923967123031616,-0.05004531517624855,0.6176494359970093,0.4921325147151947,0.04963965341448784,0.5956850051879883,0.5877012610435486,0.15815992653369904,0.6058022975921631,0.5894094109535217,0.25499147176742554,0.5884467959403992,0.7108034491539001,0.39761385321617126,0.586295485496521,0.6952549815177917,0.5011074542999268,0.5918824076652527,0.7296454310417175,0.42043939232826233,0.5982720851898193,0.7168483138084412,0.5252219438552856,0.5699641108512878,0.7379941344261169,0.3871797025203705,0.5737391710281372,0.7269378900527954,0.4865841865539551
romanian deadlift_900081.jpg,0.5824046730995178,0.41488319635391235,-0.3809559643268585,0.5825674533843994,0.41279342770576477,-0.40925607085227966,0.5810978412628174,0.41263046860694885,-0.4092009663581848,0.5799054503440857,0.41255396604537964,-0.409195214509964,0.5866968035697937,0.41080474853515625,-0.4016188085079193,0.5889602303504944,0.4091565012931824,-0.4017351269721985,0.5913209915161133,0.40753668546676636,-0.40189626812934875,0.5827812552452087,0.40285632014274597,-0.4516412615776062,0.596091628074646,0.3967777192592621,-0.4174019396305084,0.5812934041023254,0.41467002034187317,-0.3835107088088989,0.5875457525253296,0.4116533100605011,-0.37397676706314087,0.5706064701080322,0.41120678186416626,-0.3907504677772522,0.6102462410926819,0.40471696853637695,-0.31524983048439026,0.5606906414031982,0.536722719669342,-0.33895498514175415,0.6076204180717468,0.5205501317977905,-0.27932488918304443,0.5702744126319885,0.636160671710968,-0.32786113023757935,0.5878385305404663,0.6182183027267456,-0.3170211613178253,0.5690695643424988,0.6569372415542603,-0.3499141037464142,0.5892860293388367,0.6393913626670837,-0.32680806517601013,0.573386013507843,0.6585387587547302,-0.35854339599609375,0.5781112313270569,0.6437271237373352,-0.35797950625419617,0.5747024416923523,0.6492281556129456,-0.3312000036239624,0.5785924792289734,0.6380249261856079,-0.3301984965801239,0.5960754752159119,0.49760618805885315,-0.012251448817551136,0.6185851693153381,0.49999094009399414,0.011968706734478474,0.6259809732437134,0.5899069905281067,0.021130947396159172,0.6341555118560791,0.5715649127960205,0.11263473331928253,0.6004077196121216,0.704551637172699,0.2045409083366394,0.6041707992553711,0.6854103207588196,0.4630979001522064,0.5963662266731262,0.716455340385437,0.22221465408802032,0.6106010675430298,0.7123872637748718,0.40703102946281433,0.5969372391700745,0.735263466835022,0.16555064916610718,0.6028985381126404,0.7203622460365295,0.3540317416191101
romanian deadlift_900091.jpg,0.5508936047554016,0.3020295798778534,-0.041549090296030045,0.5379943251609802,0.27293381094932556,-0.07224205881357193,0.5382314324378967,0.27235928177833557,-0.07231821119785309,0.53838050365448,0.27066317200660706,-0.07236625254154205,0.5419637560844421,0.2719690799713135,-0.03773963451385498,0.5441893339157104,0.26915547251701355,-0.03762781247496605,0.547212541103363,0.26790696382522583,-0.03774932399392128,0.5508214831352234,0.2758614122867584,-0.17576898634433746,0.5661118626594543,0.26727935671806335,-0.019944477826356888,0.570751965045929,0.32058966159820557,-0.0740608349442482,0.5812013149261475,0.3168834149837494,-0.029069064185023308,0.5689545273780823,0.39989712834358215,-0.30291441082954407,0.6134678721427917,0.3400040864944458,0.0716974213719368,0.5734673142433167,0.4624055325984955,-0.32659465074539185,0.641979455947876,0.3998487591743469,0.1423494815826416,0.5865820646286011,0.540888249874115,-0.27188578248023987,0.6303481459617615,0.4975471794605255,0.17064495384693146,0.5896902084350586,0.5634068250656128,-0.30786994099617004,0.6310616135597229,0.5209468603134155,0.1927303671836853,0.589555025100708,0.5645793676376343,-0.29396864771842957,0.6218098998069763,0.5304673910140991,0.1656370460987091,0.589126706123352,0.5565534234046936,-0.2653755843639374,0.6212747097015381,0.5221890807151794,0.15906277298927307,0.6228290796279907,0.49169811606407166,-0.09654976427555084,0.6458820104598999,0.48760926723480225,0.09613338112831116,0.6202584505081177,0.5963716506958008,0.11079078167676926,0.6299340724945068,0.5871335864067078,0.30779895186424255,0.6078262329101562,0.7066322565078735,0.3290725350379944,0.6136209964752197,0.6981155872344971,0.5505141019821167,0.616258978843689,0.727628767490387,0.3499727249145508,0.6215246915817261,0.721685528755188,0.5722554326057434,0.5746530890464783,0.7378756403923035,0.3117436170578003,0.5826472640037537,0.7254714965820312,0.5442950129508972
romanian deadlift_900101.jpg,0.5713987946510315,0.14762410521507263,-0.16349267959594727,0.5722456574440002,0.13243591785430908,-0.18803615868091583,0.573065996170044,0.13179373741149902,-0.18809416890144348,0.574583888053894,0.13053284585475922,-0.18811412155628204,0.5736975073814392,0.13207966089248657,-0.14469590783119202,0.5750168561935425,0.1314283013343811,-0.1445816606283188,0.5772575736045837,0.13024412095546722,-0.14457406103610992,0.587324857711792,0.13765080273151398,-0.24451443552970886,0.5904728174209595,0.1352938413619995,-0.08032207190990448,0.5817455053329468,0.16296999156475067,-0.18079312145709991,0.5842271447181702,0.16231785714626312,-0.1253497451543808,0.6069265007972717,0.23974859714508057,-0.3533007502555847,0.6327819228172302,0.22341401875019073,0.06633788347244263,0.5956835150718689,0.3512570858001709,-0.3970760405063629,0.6394650936126709,0.3012627363204956,0.1872342973947525,0.5842679142951965,0.4553563892841339,-0.34682172536849976,0.6354605555534363,0.3686513602733612,0.2181093990802765,0.584389328956604,0.4848284423351288,-0.3886655867099762,0.6365846395492554,0.38421431183815,0.23344074189662933,0.5839465260505676,0.48373642563819885,-0.380221962928772,0.6293820142745972,0.38648828864097595,0.20241571962833405,0.5844491124153137,0.47468605637550354,-0.3403972089290619,0.6279425024986267,0.3821249306201935,0.2056630551815033,0.6278190016746521,0.4453541338443756,-0.12445558607578278,0.6485247015953064,0.434298574924469,0.12417184561491013,0.6158812642097473,0.5943909883499146,0.057139523327350616,0.6270034313201904,0.5822125673294067,0.366771399974823,0.6182485222816467,0.7244113683700562,0.22521717846393585,0.6318790912628174,0.6915168166160583,0.6291386485099792,0.6286920309066772,0.7533005475997925,0.23815827071666718,0.6419529318809509,0.7206129431724548,0.6526908278465271,0.5706656575202942,0.7413603067398071,0.15612007677555084,0.5953136086463928,0.7216631770133972,0.6138760447502136
romanian deadlift_900111.jpg,0.5568027496337891,0.19450879096984863,-0.05686644837260246,0.5559762120246887,0.1799994856119156,-0.08607028424739838,0.556787371635437,0.18021142482757568,-0.08614304661750793,0.5584812760353088,0.18061001598834991,-0.08620068430900574,0.5568010210990906,0.17777054011821747,-0.05111982300877571,0.5580035448074341,0.17700134217739105,-0.051052261143922806,0.5597097277641296,0.17615650594234467,-0.05119417607784271,0.5723617672920227,0.1870908886194229,-0.17584513127803802,0.5706225037574768,0.18218523263931274,-0.02197316847741604,0.5661541223526001,0.20868822932243347,-0.08466207981109619,0.5669474005699158,0.20557549595832825,-0.03932245448231697,0.5935983061790466,0.26045888662338257,-0.30662015080451965,0.629828691482544,0.24641919136047363,0.09247040003538132,0.5871214270591736,0.36253616213798523,-0.35616958141326904,0.6488332152366638,0.33709460496902466,0.17782273888587952,0.5818658471107483,0.478204607963562,-0.3170281946659088,0.6432839035987854,0.4211499094963074,0.22024255990982056,0.5822715759277344,0.5055643916130066,-0.36370405554771423,0.6449031829833984,0.4404563903808594,0.24290257692337036,0.5824860334396362,0.5057812333106995,-0.3787817358970642,0.6373664736747742,0.4415237009525299,0.21844850480556488,0.5829340815544128,0.4981265068054199,-0.3084224760532379,0.6360679864883423,0.4351407289505005,0.20994360744953156,0.6307652592658997,0.44991812109947205,-0.11798091977834702,0.6681612730026245,0.4408164918422699,0.11773134022951126,0.612876832485199,0.6038026809692383,0.051496971398591995,0.6335488557815552,0.5869768261909485,0.3495882749557495,0.6152581572532654,0.7339949607849121,0.21142737567424774,0.6281354427337646,0.7077263593673706,0.5957384705543518,0.6199638843536377,0.7761715650558472,0.22468528151512146,0.6360019445419312,0.7344522476196289,0.6193998456001282,0.571658194065094,0.7501786947250366,0.16534361243247986,0.5971085429191589,0.7213938236236572,0.5892295241355896
romanian deadlift_900121.jpg,0.5803979635238647,0.4176764488220215,0.0672973245382309,0.5732818841934204,0.40999552607536316,0.03839129954576492,0.5720005631446838,0.40820732712745667,0.038368817418813705,0.5708239674568176,0.4064915180206299,0.038338445127010345,0.5777016878128052,0.41008034348487854,0.057797420769929886,0.5797446370124817,0.40842264890670776,0.057902995496988297,0.5819326639175415,0.4067207872867584,0.057838086038827896,0.5752531886100769,0.38848957419395447,-0.070262111723423,0.6000468134880066,0.3805483877658844,0.019501136615872383,0.5851674675941467,0.4112706184387207,0.03451995924115181,0.590317964553833,0.4119541049003601,0.06056312844157219,0.5916544198989868,0.3888636827468872,-0.16167138516902924,0.654229998588562,0.3925752341747284,0.060554828494787216,0.5869296193122864,0.5019596815109253,-0.19936968386173248,0.6613186001777649,0.48669523000717163,0.1275671422481537,0.5838645100593567,0.6150590777397156,-0.15099166333675385,0.6406069397926331,0.5886190533638,0.08617748320102692,0.5843273401260376,0.6402778625488281,-0.17202693223953247,0.6375856995582581,0.6056419014930725,0.08815167844295502,0.5858935117721558,0.6419893503189087,-0.15558646619319916,0.6275368332862854,0.6093924641609192,0.08931121975183487,0.5868142247200012,0.6342909336090088,-0.1422087550163269,0.6275848150253296,0.6039702296257019,0.08372541517019272,0.6242184042930603,0.5465165972709656,-0.064845010638237,0.6787236928939819,0.5505476593971252,0.06409020721912384,0.6102343201637268,0.6428971886634827,0.20666567981243134,0.6363624334335327,0.6362387537956238,0.3294055163860321,0.6110548377037048,0.750463604927063,0.32145601511001587,0.6232894659042358,0.7386186122894287,0.5536438822746277,0.6162070631980896,0.7721660137176514,0.3364345133304596,0.6277201771736145,0.7537159323692322,0.5460547804832458,0.6015321612358093,0.7756614089012146,0.33901914954185486,0.6069056987762451,0.7516180276870728,0.48351922631263733
romanian deadlift_900131.jpg,0.6057422161102295,0.4523824155330658,-0.09111588448286057,0.5995702743530273,0.4495433270931244,-0.12200585007667542,0.5957715511322021,0.4497072994709015,-0.12201806902885437,0.591998279094696,0.4498901069164276,-0.12207351624965668,0.6098975539207458,0.446980357170105,-0.1326139122247696,0.6138182282447815,0.44524243474006653,-0.1326294243335724,0.6174250841140747,0.4376583397388458,-0.13280782103538513,0.5890366435050964,0.43007978796958923,-0.2057211697101593,0.623132050037384,0.43646329641342163,-0.22521886229515076,0.6009081602096558,0.4532657265663147,-0.10673356056213379,0.6130044460296631,0.44970259070396423,-0.12242341786623001,0.5683234930038452,0.4566585123538971,-0.21713300049304962,0.6545618176460266,0.44611912965774536,-0.19555355608463287,0.5795310139656067,0.5779450535774231,-0.20285767316818237,0.6488564610481262,0.5730987787246704,-0.18824318051338196,0.5828038454055786,0.6866064071655273,-0.17412468791007996,0.6194274425506592,0.6664559841156006,-0.21480034291744232,0.5820598006248474,0.7175365090370178,-0.19460421800613403,0.6263319253921509,0.6839888691902161,-0.2360541671514511,0.5845323204994202,0.7201048731803894,-0.19023631513118744,0.6184854507446289,0.6932201981544495,-0.25293639302253723,0.5871899127960205,0.7104930877685547,-0.17319101095199585,0.6217964887619019,0.6885774731636047,-0.22438114881515503,0.6019323468208313,0.5743138790130615,-0.003139601554721594,0.6580612063407898,0.5706098079681396,0.002829772187396884,0.6172544956207275,0.6618706583976746,0.22431792318820953,0.6539623737335205,0.6383783221244812,0.2727225124835968,0.6103379130363464,0.7622044086456299,0.48502030968666077,0.6261224150657654,0.737807035446167,0.5283254384994507,0.6182632446289062,0.8022280931472778,0.5105234384536743,0.6290156245231628,0.7580580711364746,0.5521022081375122,0.6150680780410767,0.7914280295372009,0.4775402843952179,0.6260892748832703,0.7504547238349915,0.5184403657913208
romanian deadlift_900141.jpg,0.529354453086853,0.3766815960407257,-0.015191566199064255,0.5258217453956604,0.3620872497558594,-0.04703182727098465,0.5259155631065369,0.3658251166343689,-0.04712773859500885,0.5260716676712036,0.3706255257129669,-0.04718517139554024,0.5283384323120117,0.3555139899253845,-0.013978604227304459,0.5300675630569458,0.3536505401134491,-0.013928379863500595,0.5318261981010437,0.35172078013420105,-0.014040683396160603,0.5391866564750671,0.38617679476737976,-0.1499939113855362,0.5448179244995117,0.3510643243789673,-0.0006452413508668542,0.5388860106468201,0.405081182718277,-0.04741118103265762,0.541721761226654,0.38684409856796265,-0.005154751241207123,0.5661395788192749,0.37519943714141846,-0.2255910336971283,0.6385018825531006,0.35781508684158325,0.10034561902284622,0.5785887837409973,0.49108996987342834,-0.245734304189682,0.6440175771713257,0.39516550302505493,0.20962582528591156,0.5843611359596252,0.5894429683685303,-0.17939618229866028,0.6234638690948486,0.43646982312202454,0.30556127429008484,0.5844820737838745,0.6157100200653076,-0.20701633393764496,0.6249794363975525,0.4484923183917999,0.33720624446868896,0.584257960319519,0.6170355081558228,-0.1957230567932129,0.6162877678871155,0.4468942880630493,0.3160272538661957,0.5859493017196655,0.6087150573730469,-0.1722526103258133,0.6165398359298706,0.4438474476337433,0.2971120774745941,0.6258428692817688,0.5333888530731201,-0.100803442299366,0.669360876083374,0.5262603163719177,0.10062656551599503,0.6139865517616272,0.6556219458580017,0.0975266769528389,0.6394531726837158,0.6408527493476868,0.337637722492218,0.6078518033027649,0.794538140296936,0.32857000827789307,0.6242370009422302,0.7527127861976624,0.5785990357398987,0.61763995885849,0.8226436376571655,0.35231801867485046,0.6314509510993958,0.7818719744682312,0.601986289024353,0.5855163335800171,0.804305374622345,0.4740656912326813,0.6146501898765564,0.7659570574760437,0.5811013579368591
romanian deadlift_900151.jpg,0.5649144053459167,0.20665094256401062,-0.20867331326007843,0.5689559578895569,0.19200120866298676,-0.2340288609266281,0.5715107321739197,0.19132870435714722,-0.23410005867481232,0.574032723903656,0.19054481387138367,-0.23416770994663239,0.5674933195114136,0.1925334483385086,-0.19327184557914734,0.5689079761505127,0.19210675358772278,-0.1932211071252823,0.5704091787338257,0.1914834976196289,-0.19326084852218628,0.591781735420227,0.19254951179027557,-0.2877689301967621,0.5886795520782471,0.19166864454746246,-0.10336200892925262,0.5756396651268005,0.22022289037704468,-0.22396577894687653,0.5736590027809143,0.21943549811840057,-0.17121616005897522,0.609605073928833,0.28631001710891724,-0.37112537026405334,0.6326166987419128,0.2707982063293457,0.055416226387023926,0.5991588830947876,0.41020748019218445,-0.4014284312725067,0.6350840926170349,0.37790200114250183,0.12477043271064758,0.5840997695922852,0.5188500881195068,-0.3364415168762207,0.6222444176673889,0.46343061327934265,0.09995082020759583,0.5847768187522888,0.5459759831428528,-0.3825448751449585,0.6221360564231873,0.4808856248855591,0.09815773367881775,0.5830563902854919,0.548236608505249,-0.3720918297767639,0.6148427128791809,0.48133385181427,0.05005250126123428,0.5843077898025513,0.5403434634208679,-0.3295654356479645,0.6146939396858215,0.4746626615524292,0.07547847181558609,0.6342496275901794,0.4985344409942627,-0.11947773396968842,0.6589745879173279,0.4838346838951111,0.11943846195936203,0.6157101988792419,0.6454009413719177,0.025207089260220528,0.634784460067749,0.6301811933517456,0.32869502902030945,0.6143997311592102,0.7986590266227722,0.17456437647342682,0.6334715485572815,0.7569440007209778,0.5481521487236023,0.626579999923706,0.8293949365615845,0.18271532654762268,0.6410725712776184,0.7923120856285095,0.5672330260276794,0.5808447003364563,0.8164379596710205,0.09502708166837692,0.6025857329368591,0.7747694253921509,0.5211195349693298
romanian deadlift_900161.jpg,0.5564678311347961,0.24309824407100677,-0.16936925053596497,0.5638132691383362,0.22944168746471405,-0.19119952619075775,0.5685282349586487,0.2287767231464386,-0.19124990701675415,0.5734261274337769,0.2280556559562683,-0.191287100315094,0.5597450137138367,0.22901681065559387,-0.15189234912395477,0.5602969527244568,0.22808024287223816,-0.1518605798482895,0.5608504414558411,0.226939395070076,-0.15196630358695984,0.5774362087249756,0.22548183798789978,-0.24101868271827698,0.584379255771637,0.2233017235994339,-0.06388649344444275,0.5691092610359192,0.2537594437599182,-0.18207356333732605,0.5652689337730408,0.25244030356407166,-0.1313355565071106,0.5944704413414001,0.29942554235458374,-0.3270457684993744,0.6291481852531433,0.2777978777885437,0.09924755245447159,0.5926576256752014,0.41941121220588684,-0.3766586482524872,0.6403591632843018,0.38710856437683105,0.16284416615962982,0.5888364911079407,0.5338741540908813,-0.3095836341381073,0.6343955397605896,0.46406397223472595,0.15075840055942535,0.5899916887283325,0.5647692680358887,-0.34717077016830444,0.6414745450019836,0.48454412817955017,0.16795721650123596,0.5886955261230469,0.5661585330963135,-0.33429577946662903,0.6328228712081909,0.4832950234413147,0.13733825087547302,0.589823305606842,0.5580883026123047,-0.3019135892391205,0.631506621837616,0.4933793842792511,0.13650859892368317,0.6430703401565552,0.5009266138076782,-0.12447389215230942,0.6732796430587769,0.4872928559780121,0.12433423846960068,0.6222814917564392,0.6616734266281128,-0.022490980103611946,0.6432672739028931,0.6407415866851807,0.31208929419517517,0.6225811243057251,0.8048734664916992,0.08573158085346222,0.6373608112335205,0.7725034952163696,0.5197178721427917,0.6296194195747375,0.8500633239746094,0.09131289273500443,0.6427563428878784,0.8011239767074585,0.5388619899749756,0.5790929794311523,0.8297175168991089,0.014584602788090706,0.5978289842605591,0.790334165096283,0.5021251440048218
romanian deadlift_900171.jpg,0.5557519197463989,0.47667503356933594,-0.18274126946926117,0.5573500990867615,0.4684782326221466,-0.21304669976234436,0.5554178953170776,0.47484931349754333,-0.21306933462619781,0.5545886158943176,0.47485241293907166,-0.21308991312980652,0.5589582920074463,0.4700530469417572,-0.19090810418128967,0.5596415996551514,0.4669419527053833,-0.1908465176820755,0.5597437620162964,0.4638191759586334,-0.19099979102611542,0.5517460107803345,0.44670969247817993,-0.3007585406303406,0.5691465735435486,0.44119563698768616,-0.2032044231891632,0.566298246383667,0.473415344953537,-0.20564745366573334,0.5646382570266724,0.47137030959129333,-0.17679934203624725,0.5638555288314819,0.45149916410446167,-0.3299410045146942,0.630413293838501,0.4201371967792511,-0.1402638554573059,0.5768469572067261,0.5737798810005188,-0.34639111161231995,0.6397742629051208,0.5400362014770508,-0.10227897018194199,0.587024450302124,0.683339536190033,-0.3043147027492523,0.6264828443527222,0.6570865511894226,-0.11986970901489258,0.5878209471702576,0.7116397619247437,-0.3166925013065338,0.6184901595115662,0.6750403046607971,-0.12910404801368713,0.58817458152771,0.714836061000824,-0.3206642270088196,0.6057990193367004,0.6790520548820496,-0.15160593390464783,0.5890223979949951,0.7055521011352539,-0.28692466020584106,0.618101954460144,0.6792334914207458,-0.13213910162448883,0.626041829586029,0.5998580455780029,-0.05445559695363045,0.6649706363677979,0.5826908349990845,0.05394453927874565,0.620718777179718,0.6957586407661438,0.20476685464382172,0.6387359499931335,0.6813610792160034,0.30812472105026245,0.6178366541862488,0.8157731890678406,0.4998914301395416,0.6353352665901184,0.7958089113235474,0.6068668961524963,0.625434160232544,0.8359828591346741,0.5286128520965576,0.6293393969535828,0.8200759887695312,0.6363752484321594,0.605324387550354,0.8414152264595032,0.5000331401824951,0.6036985516548157,0.8104669451713562,0.6013023257255554
romanian deadlift_900181.jpg,0.5504034161567688,0.5190739035606384,-0.4051845669746399,0.5452432036399841,0.5215709805488586,-0.43662887811660767,0.5414330959320068,0.5234020352363586,-0.4366733431816101,0.5380498766899109,0.5250329971313477,-0.43672847747802734,0.5565024614334106,0.5145372748374939,-0.42647477984428406,0.5586411952972412,0.511310338973999,-0.4264878034591675,0.5590862035751343,0.5081007480621338,-0.42674827575683594,0.5370924472808838,0.5201708674430847,-0.4989924728870392,0.5694149136543274,0.49652740359306335,-0.4566862881183624,0.5522049069404602,0.5186232924461365,-0.4155523180961609,0.5628722310066223,0.5104813575744629,-0.4029647707939148,0.5346134901046753,0.5256567001342773,-0.4467257559299469,0.6229588985443115,0.4811754822731018,-0.38346365094184875,0.5549563765525818,0.630875825881958,-0.42599767446517944,0.620668351650238,0.5968860983848572,-0.3876304626464844,0.5726549029350281,0.74132239818573,-0.42166462540626526,0.5897205471992493,0.7158401608467102,-0.46446841955184937,0.5739689469337463,0.7715993523597717,-0.46181514859199524,0.5848840475082397,0.7325084209442139,-0.5054003596305847,0.5761312246322632,0.7729793787002563,-0.46858614683151245,0.5843542814254761,0.7386526465415955,-0.5291310548782349,0.5792863368988037,0.7603782415390015,-0.42614123225212097,0.5872617363929749,0.7340337038040161,-0.47963884472846985,0.5892825722694397,0.6075146198272705,-0.02201055735349655,0.6340959668159485,0.5919535160064697,0.021790552884340286,0.600935161113739,0.7029008865356445,0.2692435383796692,0.6211358904838562,0.6798921227455139,0.3085639178752899,0.5990521311759949,0.8081495761871338,0.6230334043502808,0.6114141941070557,0.78285151720047,0.676105797290802,0.6143682599067688,0.8290644288063049,0.6568340063095093,0.6091263294219971,0.8008943200111389,0.7110921144485474,0.5951850414276123,0.8272737860679626,0.6101747155189514,0.6013683676719666,0.795779824256897,0.6551123261451721
romanian deadlift_900191.jpg,0.4720572531223297,0.4048526883125305,-0.25232329964637756,0.46942269802093506,0.39603012800216675,-0.29137498140335083,0.46998050808906555,0.39664068818092346,-0.2910991609096527,0.4706626534461975,0.39673304557800293,-0.29081079363822937,0.47031086683273315,0.3935042917728424,-0.3990074396133423,0.4712393879890442,0.39159902930259705,-0.3964603543281555,0.4720911979675293,0.3894726634025574,-0.39675045013427734,0.4842890501022339,0.38915133476257324,-0.34011298418045044,0.4859735071659088,0.38061901926994324,-0.17473536729812622,0.4855941832065582,0.4105408489704132,-0.2554100751876831,0.4860932528972626,0.40765252709388733,-0.30612102150917053,0.5258187651634216,0.43231329321861267,-0.3728652596473694,0.5740340352058411,0.39538073539733887,-0.048547543585300446,0.5440252423286438,0.5603401064872742,-0.3850221335887909,0.6062315702438354,0.5052289366722107,-0.014935589395463467,0.5582779049873352,0.6696582436561584,-0.3844267725944519,0.5865011215209961,0.6208176016807556,-0.011354389600455761,0.5608690977096558,0.7012929916381836,-0.421082079410553,0.593844473361969,0.6407557129859924,0.00859137438237667,0.5589720010757446,0.7043683528900146,-0.37971147894859314,0.5872562527656555,0.6463176012039185,-0.019352177157998085,0.5601038336753845,0.6933180093765259,-0.3577083945274353,0.5886102914810181,0.639314591884613,-0.024811111390590668,0.593723475933075,0.6022931933403015,-0.08938352018594742,0.619618833065033,0.5783224105834961,0.08895741403102875,0.5924978852272034,0.7229211330413818,0.20695415139198303,0.5962817668914795,0.6678389310836792,0.35586315393447876,0.5911607146263123,0.8417249321937561,0.3667292594909668,0.5938710570335388,0.777201771736145,0.6576945781707764,0.6043251752853394,0.8638175129890442,0.38579437136650085,0.602584183216095,0.7964894771575928,0.686119019985199,0.5776293277740479,0.8881967067718506,0.33744528889656067,0.557023823261261,0.8013376593589783,0.6712244153022766
romanian deadlift_900201.jpg,0.5063271522521973,0.2215680181980133,-0.24291612207889557,0.507845401763916,0.2100786566734314,-0.2683292627334595,0.507549524307251,0.20914575457572937,-0.2689577043056488,0.507068932056427,0.20836955308914185,-0.2692374885082245,0.510100245475769,0.2097397744655609,-0.2091679573059082,0.5118749141693115,0.20889067649841309,-0.20843032002449036,0.5136227011680603,0.2084215134382248,-0.20844437181949615,0.5131518840789795,0.20681707561016083,-0.27934950590133667,0.5257166624069214,0.20812229812145233,-0.06045243889093399,0.5146488547325134,0.22549891471862793,-0.24277471005916595,0.5163626074790955,0.2255237102508545,-0.16247253119945526,0.5424761176109314,0.3072567284107208,-0.3530955910682678,0.5672113299369812,0.2938297986984253,0.1023770198225975,0.5429278016090393,0.44994357228279114,-0.38814088702201843,0.5700533390045166,0.4277893900871277,0.15696880221366882,0.5400197505950928,0.5684951543807983,-0.3513602316379547,0.5621798038482666,0.5326147079467773,0.09532446414232254,0.5419424176216125,0.5997021198272705,-0.4013198912143707,0.5651464462280273,0.5491875410079956,0.10684320330619812,0.5409224033355713,0.6031436324119568,-0.38544365763664246,0.5601564049720764,0.5524768233299255,0.06336192041635513,0.5415557622909546,0.5931796431541443,-0.3423846364021301,0.5586448907852173,0.543682873249054,0.07609155774116516,0.5942002534866333,0.5491545796394348,-0.13392186164855957,0.6123529076576233,0.5274861454963684,0.13402944803237915,0.5815414190292358,0.7048141956329346,-0.05969121307134628,0.5915366411209106,0.6780446767807007,0.32973533868789673,0.5838861465454102,0.8759879469871521,0.028945066034793854,0.5899451375007629,0.8389631509780884,0.5505601167678833,0.5970496535301208,0.9085240960121155,0.03149248659610748,0.599746823310852,0.8652422428131104,0.5641196370124817,0.5385169386863708,0.8966440558433533,-0.07391435652971268,0.5472081899642944,0.8503114581108093,0.4978202283382416
romanian deadlift_900211.jpg,0.5149869322776794,0.17499038577079773,-0.21363595128059387,0.5190403461456299,0.1608741581439972,-0.24269063770771027,0.5192144513130188,0.16109266877174377,-0.24288831651210785,0.5190348625183105,0.16115744411945343,-0.24300803244113922,0.5209510922431946,0.16101622581481934,-0.1930588185787201,0.5229138135910034,0.16127951443195343,-0.19284717738628387,0.5248884558677673,0.1612563282251358,-0.19290520250797272,0.5198363661766052,0.17186430096626282,-0.30170899629592896,0.5378744006156921,0.16988056898117065,-0.080489881336689,0.5207598209381104,0.19315668940544128,-0.23084744811058044,0.5217853784561157,0.1938943713903427,-0.16404038667678833,0.5482180714607239,0.3015230894088745,-0.4062749147415161,0.5711696147918701,0.2890387773513794,0.09988351911306381,0.5451068878173828,0.4450380504131317,-0.42541319131851196,0.5734308362007141,0.42424100637435913,0.15963728725910187,0.532050609588623,0.5639804601669312,-0.3399888575077057,0.5618841648101807,0.5275102257728577,0.07966934889554977,0.532268226146698,0.5963115692138672,-0.3900378346443176,0.5633735060691833,0.543941855430603,0.08568700402975082,0.5336692929267883,0.5980773568153381,-0.37744560837745667,0.5612064003944397,0.5531212091445923,0.04235411807894707,0.5341471433639526,0.5881452560424805,-0.3322567939758301,0.5610215663909912,0.5450875759124756,0.05955915153026581,0.5903303623199463,0.5449105501174927,-0.15406082570552826,0.6070444583892822,0.5288534760475159,0.15417002141475677,0.577354371547699,0.7211414575576782,-0.029329951852560043,0.5864054560661316,0.6855409145355225,0.41751718521118164,0.5790907740592957,0.9044044613838196,0.11159440129995346,0.5880977511405945,0.8446442484855652,0.7050125002861023,0.593079149723053,0.9435786008834839,0.1193244606256485,0.59993577003479,0.8729857802391052,0.7298907041549683,0.5278386473655701,0.9215254783630371,0.008529683575034142,0.5421769618988037,0.85518479347229,0.6790156960487366
romanian deadlift_900221.jpg,0.4659475088119507,0.40609368681907654,-0.19427093863487244,0.45745256543159485,0.38593992590904236,-0.2229030728340149,0.4587503969669342,0.38434991240501404,-0.2230008989572525,0.45973584055900574,0.3825397789478302,-0.2230672985315323,0.4581008553504944,0.3835211396217346,-0.1824781745672226,0.4589815139770508,0.38060733675956726,-0.18235373497009277,0.4600602388381958,0.3777027428150177,-0.182441845536232,0.4715571999549866,0.3673159182071686,-0.30279430747032166,0.4733697474002838,0.3630683422088623,-0.08946970105171204,0.48048314452171326,0.41134464740753174,-0.2164331078529358,0.4808882176876068,0.4081667959690094,-0.16120819747447968,0.5146867632865906,0.422115296125412,-0.3893074691295624,0.5516909956932068,0.3823760449886322,0.06570688635110855,0.5351496338844299,0.5647827982902527,-0.4290280342102051,0.5884637236595154,0.4996979534626007,0.09622681885957718,0.5413655042648315,0.6862977147102356,-0.390226811170578,0.5759801864624023,0.6154903173446655,0.06202615424990654,0.5419748425483704,0.7204069495201111,-0.43288835883140564,0.569435179233551,0.6532093286514282,0.07735775411128998,0.5413802266120911,0.7221717834472656,-0.41701987385749817,0.5727242827415466,0.6457535028457642,0.038920991122722626,0.5419657826423645,0.7142248153686523,-0.3820759952068329,0.5731685161590576,0.6537096500396729,0.04519558325409889,0.5847446918487549,0.623729944229126,-0.14240005612373352,0.6050625443458557,0.602928876876831,0.14394524693489075,0.584220826625824,0.7526387572288513,0.13014405965805054,0.5894582271575928,0.7278332114219666,0.36359497904777527,0.5802833437919617,0.890979528427124,0.3798409402370453,0.5859153270721436,0.8593049645423889,0.6203791499137878,0.5903775095939636,0.9118985533714294,0.4023340046405792,0.5884317755699158,0.890301525592804,0.6435380578041077,0.5347797870635986,0.9429560303688049,0.3497503995895386,0.5510499477386475,0.8920119404792786,0.600669801235199
romanian deadlift_900231.jpg,0.5196596384048462,0.5805767774581909,-0.42639878392219543,0.522987961769104,0.5815541744232178,-0.46132734417915344,0.5240281224250793,0.5810136795043945,-0.4613129198551178,0.5187392830848694,0.5814494490623474,-0.4613507390022278,0.5203554630279541,0.5779324173927307,-0.4491475224494934,0.5193238258361816,0.5751556158065796,-0.4492188096046448,0.5276018977165222,0.5672901272773743,-0.4494776427745819,0.5128608345985413,0.5592409372329712,-0.5283622145652771,0.5263013243675232,0.5471104979515076,-0.4762938618659973,0.5260417461395264,0.5815783739089966,-0.43641260266304016,0.5195285081863403,0.5670714974403381,-0.42111343145370483,0.5246379971504211,0.555892288684845,-0.45308658480644226,0.5703344941139221,0.4989490807056427,-0.35786324739456177,0.5431699752807617,0.6807758808135986,-0.4368317723274231,0.5957490801811218,0.6091951727867126,-0.31971508264541626,0.544199526309967,0.7981169819831848,-0.42005282640457153,0.6001006960868835,0.7074662446975708,-0.3566655218601227,0.5424214601516724,0.8333187699317932,-0.4448021650314331,0.6012291312217712,0.7289912104606628,-0.3632093369960785,0.5421273112297058,0.8333097100257874,-0.44343098998069763,0.5939363837242126,0.7271881699562073,-0.3916287124156952,0.5428006052970886,0.8208752274513245,-0.4180298149585724,0.5922814011573792,0.7200160622596741,-0.36880770325660706,0.561467170715332,0.6202741265296936,-0.030348429456353188,0.5928575396537781,0.5812821984291077,0.030675729736685753,0.5852710008621216,0.7219899296760559,-0.021673711016774178,0.6096020340919495,0.7084235548973083,-0.007307679392397404,0.57834392786026,0.8720331192016602,0.13955539464950562,0.5906539559364319,0.8591057062149048,0.16569988429546356,0.5879493355751038,0.8897941708564758,0.15040846168994904,0.5892972350120544,0.880977988243103,0.1807740032672882,0.5580106973648071,0.9096555113792419,0.0657963827252388,0.5684799551963806,0.8903968930244446,0.09806165099143982
romanian deadlift_900271.jpg,0.44646161794662476,0.1995410919189453,-0.3014736771583557,0.4498882293701172,0.18786652386188507,-0.3099537789821625,0.4506843388080597,0.18775105476379395,-0.30973249673843384,0.4532066285610199,0.1876247674226761,-0.3096143901348114,0.4517107605934143,0.18713420629501343,-0.24436672031879425,0.4524526596069336,0.18755708634853363,-0.24438287317752838,0.45384278893470764,0.18797872960567474,-0.24408836662769318,0.4598616659641266,0.19408634305000305,-0.3393309414386749,0.4638447165489197,0.1929691582918167,-0.12341424077749252,0.44828903675079346,0.209025040268898,-0.3133102059364319,0.4475864768028259,0.21001990139484406,-0.2211817055940628,0.46875718235969543,0.28426119685173035,-0.368108868598938,0.479049950838089,0.2535185217857361,-0.012862037867307663,0.4674166440963745,0.24531814455986023,-0.4754240810871124,0.4788859188556671,0.22208966314792633,0.18812502920627594,0.4837641716003418,0.18375320732593536,-0.5765215158462524,0.5033190250396729,0.17383839190006256,0.282594233751297,0.4897950291633606,0.16869740188121796,-0.6375466585159302,0.5125402212142944,0.16476696729660034,0.3038676381111145,0.49083608388900757,0.16867664456367493,-0.6307042241096497,0.5133313536643982,0.16158509254455566,0.2768538296222687,0.4881194829940796,0.17601951956748962,-0.578527569770813,0.507678747177124,0.1659439653158188,0.2750190198421478,0.5091057419776917,0.5289175510406494,-0.12915392220020294,0.5141903162002563,0.4863770008087158,0.1291206181049347,0.43206995725631714,0.6042988896369934,-0.03433401137590408,0.475533664226532,0.5328428745269775,0.4176655411720276,0.5048964023590088,0.5585898756980896,0.1998409479856491,0.513533890247345,0.5350236892700195,0.4791828989982605,0.5124085545539856,0.5349723100662231,0.1854485124349594,0.5170885920524597,0.5282788872718811,0.47028815746307373,0.5304409265518188,0.5752413272857666,0.3251679837703705,0.5218433141708374,0.5553016066551208,0.5912786722183228
romanian deadlift_900281.jpg,0.40402132272720337,0.10969714820384979,-0.23654475808143616,0.4059993028640747,0.10325725376605988,-0.24002289772033691,0.41070884466171265,0.1021367684006691,-0.24007375538349152,0.41138023138046265,0.10138725489377975,-0.24009469151496887,0.410875141620636,0.10307533293962479,-0.19597291946411133,0.4118766486644745,0.10298500210046768,-0.19593673944473267,0.4129190146923065,0.10284627974033356,-0.19571566581726074,0.4188854992389679,0.10194696485996246,-0.26172924041748047,0.42644092440605164,0.10326827317476273,-0.09636464715003967,0.408717542886734,0.12031101435422897,-0.22909711301326752,0.4086064100265503,0.12206701934337616,-0.17044945061206818,0.4343503713607788,0.16258038580417633,-0.30465489625930786,0.4451218843460083,0.1655764877796173,0.015221581794321537,0.4512687623500824,0.08300565928220749,-0.4330681562423706,0.44373002648353577,0.10323329269886017,0.1936417520046234,0.4491048753261566,0.08232200145721436,-0.4896020293235779,0.4238772988319397,0.07917709648609161,0.2491157054901123,0.4511694312095642,0.08381855487823486,-0.5419679880142212,0.4234849214553833,0.07477568089962006,0.248317152261734,0.441451758146286,0.11119091510772705,-0.5330874919891357,0.42185887694358826,0.0764254704117775,0.21757309138774872,0.447407990694046,0.09120249003171921,-0.48914673924446106,0.42012959718704224,0.07937530428171158,0.23616671562194824,0.4692441523075104,0.4283859133720398,-0.12226498126983643,0.474775493144989,0.4210689961910248,0.12210525572299957,0.46184006333351135,0.486430823802948,0.2170846164226532,0.46038466691970825,0.4835646450519562,0.45090585947036743,0.4781043231487274,0.5681231021881104,0.5434172749519348,0.46869954466819763,0.543768584728241,0.7923614382743835,0.4920502305030823,0.5885845422744751,0.5754074454307556,0.48153257369995117,0.5722083449363708,0.8265917897224426,0.4331866502761841,0.605724573135376,0.5227712988853455,0.43698614835739136,0.5873511433601379,0.8047829866409302
romanian deadlift_900291.jpg,0.4494294822216034,0.13476070761680603,-0.3542926013469696,0.45091766119003296,0.12263109534978867,-0.33422234654426575,0.4536343514919281,0.12298639118671417,-0.33429643511772156,0.45467570424079895,0.1234523206949234,-0.33436816930770874,0.4469698369503021,0.12125393748283386,-0.3387417793273926,0.4443044066429138,0.12081266939640045,-0.3387536406517029,0.44141247868537903,0.1203467920422554,-0.3388011157512665,0.46005719900131226,0.13064029812812805,-0.22129207849502563,0.43422091007232666,0.1266838014125824,-0.22947190701961517,0.4540836215019226,0.14986692368984222,-0.3046858608722687,0.44585976004600525,0.148623526096344,-0.3101665675640106,0.47052356600761414,0.19354818761348724,-0.21620264649391174,0.4140837490558624,0.1854584813117981,-0.15728069841861725,0.4758157730102539,0.2266000360250473,-0.42143332958221436,0.3904231786727905,0.1645558625459671,-0.3254733383655548,0.45807141065597534,0.17786838114261627,-0.6160593628883362,0.398957222700119,0.07874766737222672,-0.4921008050441742,0.4559888243675232,0.1658957302570343,-0.6788071990013123,0.4026166498661041,0.05274341255426407,-0.5375670790672302,0.4531022310256958,0.15821489691734314,-0.6699992418289185,0.4056743383407593,0.04597380384802818,-0.5370665192604065,0.4541800320148468,0.16347816586494446,-0.6214336156845093,0.4046562612056732,0.053817808628082275,-0.4982147812843323,0.47101399302482605,0.4046396017074585,-0.06589946895837784,0.4398984909057617,0.40563642978668213,0.06568862497806549,0.47284460067749023,0.5303095579147339,-0.03721364215016365,0.4643194377422333,0.5270323157310486,0.1389276385307312,0.4692327082157135,0.6656029224395752,0.07314889878034592,0.4646463394165039,0.6452599167823792,0.30765295028686523,0.4933216869831085,0.6923106908798218,0.07667101919651031,0.47469377517700195,0.669829785823822,0.31872761249542236,0.44181373715400696,0.7073636651039124,-0.05657445266842842,0.4384184777736664,0.6753327250480652,0.20840685069561005
romanian deadlift_900301.jpg,0.45096832513809204,0.14616043865680695,-0.3518853783607483,0.45415979623794556,0.1327231377363205,-0.3543627858161926,0.45656728744506836,0.13172414898872375,-0.3544066250324249,0.4586258828639984,0.13082630932331085,-0.3544413447380066,0.44744744896888733,0.1338074803352356,-0.3581806421279907,0.4446543753147125,0.133575901389122,-0.35826951265335083,0.4418483376502991,0.13329951465129852,-0.3584176003932953,0.4609045386314392,0.12573373317718506,-0.23599356412887573,0.4349190592765808,0.1292809695005417,-0.2939433455467224,0.4533291161060333,0.15381298959255219,-0.3117266893386841,0.44555792212486267,0.15465164184570312,-0.3179115355014801,0.47166234254837036,0.16627107560634613,-0.22647914290428162,0.409997820854187,0.17074701189994812,-0.1935345083475113,0.46318334341049194,0.2506713569164276,-0.2847384214401245,0.4086073338985443,0.22973071038722992,-0.3312304615974426,0.4332815408706665,0.26693522930145264,-0.4435233473777771,0.4148581624031067,0.23972249031066895,-0.5903539061546326,0.4265449643135071,0.27776244282722473,-0.49621137976646423,0.4119839370250702,0.24630019068717957,-0.6441282629966736,0.42354246973991394,0.26470181345939636,-0.5372934937477112,0.41588202118873596,0.2399008572101593,-0.6636344194412231,0.42532405257225037,0.26154661178588867,-0.4595864713191986,0.41832974553108215,0.2380744069814682,-0.6043410897254944,0.46092644333839417,0.38771307468414307,-0.04640299081802368,0.4259890615940094,0.387922465801239,0.04632190987467766,0.4625564217567444,0.5539184808731079,-0.0692739337682724,0.45241469144821167,0.5524805784225464,0.07826279103755951,0.4724927544593811,0.6784572601318359,0.004613391123712063,0.4666042923927307,0.6733593344688416,0.21177226305007935,0.48169776797294617,0.7190799117088318,0.003949611447751522,0.4689129590988159,0.7261074781417847,0.21844854950904846,0.4621351361274719,0.7277863621711731,-0.12960699200630188,0.4373942017555237,0.728728175163269,0.10114733129739761
romanian deadlift_900311.jpg,0.4181998372077942,6.195210153236985e-05,-0.20905321836471558,0.42597049474716187,-0.01425103098154068,-0.22847239673137665,0.428040087223053,-0.013769084587693214,-0.22860871255397797,0.43012115359306335,-0.013195985928177834,-0.22870109975337982,0.4233454465866089,-0.014791306108236313,-0.2020837962627411,0.4230124056339264,-0.014631550759077072,-0.20205071568489075,0.4227001965045929,-0.014484512619674206,-0.20225414633750916,0.4386139512062073,-0.0006487478967756033,-0.2359137237071991,0.429315984249115,-0.003099712310358882,-0.130872905254364,0.42120224237442017,0.02067321352660656,-0.2082970142364502,0.4168054163455963,0.02026200108230114,-0.17563094198703766,0.4506779909133911,0.10538046061992645,-0.2375965118408203,0.4257386326789856,0.10189034044742584,0.023813394829630852,0.45495522022247314,0.23802611231803894,-0.32722583413124084,0.4138137996196747,0.2387293428182602,0.07115086168050766,0.4475099742412567,0.3382296562194824,-0.3445855677127838,0.39576977491378784,0.2590752840042114,-0.030074995011091232,0.4520745575428009,0.31243354082107544,-0.3865327537059784,0.3900151550769806,0.33835524320602417,-0.03750811144709587,0.4392349421977997,0.2978515923023224,-0.4074612557888031,0.39021536707878113,0.3315545320510864,-0.08913609385490417,0.43640899658203125,0.3269171714782715,-0.35084182024002075,0.39701351523399353,0.2853546142578125,-0.054245758801698685,0.4522751569747925,0.3747340440750122,-0.09869582206010818,0.4392167627811432,0.37384936213493347,0.09870673716068268,0.46592238545417786,0.5792844891548157,-0.03143671527504921,0.4493826925754547,0.5656683444976807,0.17841196060180664,0.46731695532798767,0.7571753859519958,0.09664683043956757,0.45494791865348816,0.7532081604003906,0.3319719731807709,0.4781549572944641,0.7890687584877014,0.10123482346534729,0.4668155312538147,0.7854308485984802,0.34034115076065063,0.4320274591445923,0.8145251870155334,-0.019381945952773094,0.41477519273757935,0.8023460507392883,0.24434766173362732
romanian deadlift_900321.jpg,0.4144067168235779,0.1266660839319229,0.5436918139457703,0.4157319664955139,0.1150001510977745,0.536052942276001,0.41502153873443604,0.11470194905996323,0.5360609292984009,0.41425424814224243,0.11439395695924759,0.535957932472229,0.418089359998703,0.11467492580413818,0.5507093667984009,0.4191785156726837,0.11418772488832474,0.5508778095245361,0.4203684628009796,0.11351750791072845,0.5508158206939697,0.4146231710910797,0.11506090313196182,0.46086210012435913,0.4274044930934906,0.11583752185106277,0.5239587426185608,0.4129111170768738,0.13575129210948944,0.5145774483680725,0.4149055778980255,0.13570134341716766,0.5325262546539307,0.3902899920940399,0.15444427728652954,0.2628253400325775,0.450398713350296,0.166856050491333,0.48920533061027527,0.41230353713035583,0.286810040473938,0.18399977684020996,0.4396985173225403,0.2621680498123169,0.4489039182662964,0.44519326090812683,0.4440311789512634,0.15978454053401947,0.4620588421821594,0.35212814807891846,0.4398127794265747,0.45458289980888367,0.4697354733943939,0.13995268940925598,0.47633224725723267,0.3848270773887634,0.4527093470096588,0.45554131269454956,0.47906041145324707,0.1554156094789505,0.3917236924171448,0.3834969103336334,0.442378431558609,0.4533576965332031,0.47071167826652527,0.16405153274536133,0.431161105632782,0.3645941913127899,0.4323359727859497,0.4180130064487457,0.28823137283325195,-0.09341017156839371,0.4500046670436859,0.30814412236213684,0.0931314006447792,0.43859055638313293,0.5156968235969543,-0.25793585181236267,0.44492292404174805,0.5425857305526733,-0.07502102106809616,0.4560657739639282,0.7711542844772339,-0.4536784887313843,0.4462222754955292,0.7669511437416077,-0.2337467223405838,0.47025832533836365,0.8108921647071838,-0.48023688793182373,0.4605450928211212,0.8004112839698792,-0.25684475898742676,0.4020081162452698,0.8271326422691345,-0.603686511516571,0.394106388092041,0.8007075786590576,-0.36575379967689514
romanian deadlift_900331.jpg,0.4082065522670746,0.24066102504730225,0.5681225061416626,0.40507760643959045,0.22602571547031403,0.5716485381126404,0.40281882882118225,0.2262570858001709,0.5716606974601746,0.40018269419670105,0.22572486102581024,0.5716561079025269,0.4137219190597534,0.22591830790042877,0.5734356045722961,0.4155646562576294,0.22656922042369843,0.5736268162727356,0.4169413149356842,0.22640304267406464,0.5735061764717102,0.39644718170166016,0.22955551743507385,0.5381062030792236,0.4198284447193146,0.2266673594713211,0.5440691709518433,0.40440434217453003,0.24549494683742523,0.5532835721969604,0.40738439559936523,0.2468973845243454,0.5546954274177551,0.351127564907074,0.25090309977531433,0.37265902757644653,0.456409752368927,0.2638647258281708,0.46083635091781616,0.3600383400917053,0.394704133272171,0.2959716022014618,0.45367997884750366,0.35993295907974243,0.3483395576477051,0.39266443252563477,0.4850626587867737,0.286796897649765,0.4746561646461487,0.4167531728744507,0.3151216506958008,0.3936489522457123,0.5023143887519836,0.2826947867870331,0.48225608468055725,0.42814868688583374,0.3220684826374054,0.40710821747779846,0.49753338098526,0.3013913929462433,0.4489805996417999,0.42558181285858154,0.331674724817276,0.4094173312187195,0.4885024130344391,0.29410451650619507,0.4557143449783325,0.41864001750946045,0.31782087683677673,0.3698144555091858,0.3636166453361511,-0.0633782297372818,0.4376862347126007,0.37176984548568726,0.06272680312395096,0.4105830192565918,0.5430427193641663,-0.1245635524392128,0.4419406056404114,0.556416392326355,0.007380887400358915,0.4462233781814575,0.7643083333969116,-0.4364407956600189,0.44729071855545044,0.7632471919059753,-0.3063366711139679,0.4637196660041809,0.8003163933753967,-0.47499269247055054,0.45853349566459656,0.7973704934120178,-0.3446979522705078,0.417570024728775,0.8232805132865906,-0.5418071150779724,0.42759642004966736,0.8128744959831238,-0.410923033952713
romanian deadlift_900341.jpg,0.38399744033813477,0.2753591239452362,0.3456198275089264,0.38551291823387146,0.25119301676750183,0.34449392557144165,0.38359567523002625,0.2514367699623108,0.3444949984550476,0.38123640418052673,0.2511636018753052,0.3444042205810547,0.3902181386947632,0.25115177035331726,0.354366660118103,0.39150139689445496,0.2578467130661011,0.35455769300460815,0.39212748408317566,0.258261501789093,0.3544630706310272,0.3789204955101013,0.25361019372940063,0.3005615472793579,0.3928624391555786,0.26225095987319946,0.34788477420806885,0.38425198197364807,0.27817487716674805,0.32738611102104187,0.3827589750289917,0.2810482978820801,0.34080493450164795,0.3660178780555725,0.2731826603412628,0.17914991080760956,0.41807666420936584,0.30591997504234314,0.32157114148139954,0.37661027908325195,0.4051016569137573,0.16228975355625153,0.44053104519844055,0.4297962486743927,0.2629997134208679,0.39537253975868225,0.49555152654647827,0.16962836682796478,0.43460166454315186,0.5087194442749023,0.22919778525829315,0.3947508633136749,0.5118497014045715,0.16048352420330048,0.4384055435657501,0.5234745740890503,0.23136086761951447,0.40585067868232727,0.5094034671783447,0.17192277312278748,0.4227868914604187,0.5214091539382935,0.22491003572940826,0.4073896110057831,0.5019304156303406,0.1733880490064621,0.42264607548713684,0.5121682286262512,0.22389854490756989,0.36981526017189026,0.3600817322731018,-0.07146357744932175,0.40185320377349854,0.37427574396133423,0.07084903120994568,0.3878770172595978,0.5478343367576599,-0.2086932212114334,0.39632055163383484,0.5409318208694458,0.026173749938607216,0.440416157245636,0.7600407004356384,-0.3647679090499878,0.4198521077632904,0.7379054427146912,-0.11296505481004715,0.45583879947662354,0.793592095375061,-0.3838067054748535,0.42975854873657227,0.7751474976539612,-0.13227854669094086,0.41810065507888794,0.8349793553352356,-0.47829926013946533,0.38439902663230896,0.7931034564971924,-0.20501495897769928
romanian deadlift_900351.jpg,0.37126797437667847,0.04052889347076416,0.15675635635852814,0.3703637421131134,0.024504316970705986,0.1416301131248474,0.3705582022666931,0.02387842908501625,0.14160127937793732,0.37059274315834045,0.02330544963479042,0.1415313333272934,0.3717455565929413,0.0232549961656332,0.16083574295043945,0.3727598786354065,0.022306302562355995,0.16094574332237244,0.3738611340522766,0.02111229859292507,0.16086240112781525,0.3754248023033142,0.022784309461712837,0.0841178372502327,0.3824811577796936,0.019650310277938843,0.21189899742603302,0.37518009543418884,0.0512700118124485,0.1389491856098175,0.3833690285682678,0.05207614228129387,0.1628800481557846,0.3632362186908722,0.07905004918575287,-0.12421570718288422,0.4355560839176178,0.09647856652736664,0.2149128019809723,0.3770565390586853,0.25279703736305237,-0.18530607223510742,0.4426057040691376,0.24939261376857758,0.22246108949184418,0.3937425911426544,0.43740102648735046,-0.1919117122888565,0.43916255235671997,0.3936035931110382,0.22382991015911102,0.40077146887779236,0.482072114944458,-0.21317537128925323,0.44343695044517517,0.4426886737346649,0.24208110570907593,0.3902767598628998,0.4708350598812103,-0.20420876145362854,0.4425075650215149,0.4486437439918518,0.21593406796455383,0.38882583379745483,0.45657187700271606,-0.18778586387634277,0.4428490102291107,0.42881232500076294,0.21142449975013733,0.39651885628700256,0.3011343777179718,-0.11122649163007736,0.4302314519882202,0.31025591492652893,0.11071942001581192,0.4190121293067932,0.5224482417106628,-0.20269551873207092,0.42219385504722595,0.516852080821991,0.02413957379758358,0.44232457876205444,0.7651492357254028,-0.23782610893249512,0.429263174533844,0.7582234144210815,0.03179624676704407,0.474396675825119,0.7921890020370483,-0.2437993884086609,0.4424344599246979,0.7720182538032532,0.028661519289016724,0.4210904836654663,0.8261654376983643,-0.34743061661720276,0.36649519205093384,0.806036114692688,-0.06161850318312645
romanian deadlift_900361.jpg,0.42162173986434937,0.0603095144033432,-0.01894824579358101,0.43115127086639404,0.04687146097421646,-0.04354879632592201,0.43228185176849365,0.04758334532380104,-0.04356013610959053,0.43352851271629333,0.0484309047460556,-0.04348592832684517,0.4304119348526001,0.04511383920907974,-0.0196490790694952,0.4309197664260864,0.044679343700408936,-0.019671862944960594,0.431544691324234,0.04418952390551567,-0.019868159666657448,0.44038328528404236,0.05656731501221657,-0.09870652854442596,0.44239622354507446,0.055128563195466995,0.008350834250450134,0.4200601279735565,0.07616658508777618,-0.032353781163692474,0.4202765226364136,0.07447393983602524,-0.0022019431926310062,0.42552557587623596,0.1336192488670349,-0.18853554129600525,0.4422549903392792,0.12433147430419922,0.09926660358905792,0.40760883688926697,0.2504749894142151,-0.22341683506965637,0.4472008943557739,0.2382805347442627,0.14635084569454193,0.41506093740463257,0.35110902786254883,-0.2408817559480667,0.4303305447101593,0.34641033411026,0.12012846022844315,0.4232920706272125,0.3746696412563324,-0.26523178815841675,0.42715996503829956,0.38241156935691833,0.13783006370067596,0.416843980550766,0.377927303314209,-0.2640007734298706,0.4318854510784149,0.37774765491485596,0.0965467169880867,0.418234258890152,0.3605911135673523,-0.24064497649669647,0.4259803593158722,0.3727906048297882,0.10562538355588913,0.4006902575492859,0.3618767559528351,-0.10875414311885834,0.4489927589893341,0.3238581418991089,0.10850224643945694,0.4348681569099426,0.561205267906189,-0.13601242005825043,0.43326669931411743,0.5324471592903137,0.06991788744926453,0.45579612255096436,0.7638674974441528,-0.2229614406824112,0.4502897262573242,0.7580857872962952,0.09550780802965164,0.47661593556404114,0.7938081622123718,-0.21671463549137115,0.4611334204673767,0.7816183567047119,0.1030602902173996,0.43370330333709717,0.8214016556739807,-0.2611899971961975,0.3973780870437622,0.797294557094574,0.07349751889705658
romanian deadlift_900371.jpg,0.39376741647720337,-0.1085871160030365,-0.6633018851280212,0.40190389752388,-0.1293783187866211,-0.6683377027511597,0.40653714537620544,-0.12977831065654755,-0.6684914827346802,0.4112668037414551,-0.1301056444644928,-0.6687402129173279,0.39195483922958374,-0.1289764940738678,-0.6417158246040344,0.3891104757785797,-0.1291721612215042,-0.6417624950408936,0.3862835466861725,-0.12937986850738525,-0.6418866515159607,0.4249095022678375,-0.12442049384117126,-0.5989808440208435,0.3924192488193512,-0.1234956607222557,-0.4766705632209778,0.4043229818344116,-0.08888592571020126,-0.6291297078132629,0.3921251595020294,-0.08826157450675964,-0.5940257906913757,0.44496065378189087,-0.018940025940537453,-0.5567892789840698,0.4011126160621643,-0.0294170081615448,-0.22172898054122925,0.46210870146751404,0.14575235545635223,-0.5846390128135681,0.43446972966194153,0.11506090313196182,0.003794692922383547,0.4718056321144104,0.28947505354881287,-0.673599123954773,0.44828546047210693,0.19692713022232056,0.09941896796226501,0.4853668510913849,0.32887959480285645,-0.7194815278053284,0.4500730335712433,0.22514402866363525,0.12342443317174911,0.47211408615112305,0.32959359884262085,-0.7417574524879456,0.4466142952442169,0.21978971362113953,0.07200812548398972,0.46528875827789307,0.31307220458984375,-0.6820415258407593,0.4436820447444916,0.21003428101539612,0.08374138921499252,0.41280537843704224,0.2214760184288025,-0.11820600926876068,0.4220259487628937,0.21007484197616577,0.11812472343444824,0.446159690618515,0.4254229664802551,-0.21117419004440308,0.4401947855949402,0.40590977668762207,0.036868322640657425,0.4763984680175781,0.6613848209381104,-0.13941027224063873,0.4567100405693054,0.6160745620727539,0.18922561407089233,0.4994581639766693,0.6736960411071777,-0.1427410989999771,0.47569993138313293,0.6506283283233643,0.19927045702934265,0.45735594630241394,0.7171624302864075,-0.27850690484046936,0.4089428782463074,0.7025771141052246,0.073417529463768
romanian deadlift_900381.jpg,0.40349629521369934,0.15246370434761047,-0.5503733158111572,0.4088309407234192,0.14618104696273804,-0.5868833065032959,0.4109930396080017,0.14324624836444855,-0.5869919061660767,0.41188254952430725,0.14055751264095306,-0.5872211456298828,0.38032910227775574,0.16082346439361572,-0.5624786019325256,0.38076314330101013,0.16076596081256866,-0.5624625086784363,0.36938631534576416,0.1666434109210968,-0.5626535415649414,0.4325425326824188,0.10367405414581299,-0.6462274193763733,0.3977259397506714,0.11719269305467606,-0.5329059958457947,0.41028061509132385,0.1342521458864212,-0.554534375667572,0.40358835458755493,0.13897043466567993,-0.5220045447349548,0.4849819242954254,0.09683530777692795,-0.6098835468292236,0.3953299820423126,0.09235549718141556,-0.3203905522823334,0.5004631876945496,0.19312423467636108,-0.625200092792511,0.40908822417259216,0.25291842222213745,-0.13799640536308289,0.4907819926738739,0.4745941162109375,-0.6744699478149414,0.40415915846824646,0.374219685792923,-0.02280089259147644,0.5243884921073914,0.4791102111339569,-0.7154045104980469,0.40286338329315186,0.39784741401672363,0.007599686738103628,0.5044905543327332,0.4883810579776764,-0.719180166721344,0.4173130393028259,0.4129127860069275,-0.03409431129693985,0.4851999282836914,0.5030953884124756,-0.6762334704399109,0.4039398431777954,0.38478901982307434,-0.03460866957902908,0.4508006274700165,0.14661505818367004,-0.11540892720222473,0.41867169737815857,0.14576487243175507,0.11701640486717224,0.4649565815925598,0.3508385419845581,-0.23958010971546173,0.42782387137413025,0.34946319460868835,0.07306938618421555,0.49054640531539917,0.5507317185401917,-0.11756546795368195,0.46140196919441223,0.5346387028694153,0.319693386554718,0.5019947290420532,0.5736526250839233,-0.11996002495288849,0.4774433970451355,0.558822512626648,0.3391633927822113,0.46014267206192017,0.6379448771476746,-0.2468133419752121,0.4119665026664734,0.605627179145813,0.23714114725589752
romanian deadlift_900391.jpg,0.392540842294693,-0.05558167025446892,-0.5567264556884766,0.3966442942619324,-0.07677939534187317,-0.5889435410499573,0.39784690737724304,-0.07834910601377487,-0.5890446901321411,0.3987945020198822,-0.07979375869035721,-0.5892879962921143,0.3902624249458313,-0.07446368783712387,-0.5655421018600464,0.39125126600265503,-0.07478152960538864,-0.5655646920204163,0.3882628381252289,-0.07472694665193558,-0.565747857093811,0.41387781500816345,-0.0858926847577095,-0.6313424706459045,0.40614357590675354,-0.08031387627124786,-0.5243188142776489,0.4002099633216858,-0.047177448868751526,-0.5581870675086975,0.3996350169181824,-0.0450286902487278,-0.5268369913101196,0.4554111659526825,-0.029354065656661987,-0.5643245577812195,0.4180365800857544,0.0065880403853952885,-0.4002077877521515,0.4859143793582916,0.17018547654151917,-0.5692121386528015,0.45556941628456116,0.19101746380329132,-0.37925857305526733,0.499666690826416,0.37874341011047363,-0.5971659421920776,0.4999223053455353,0.3776600658893585,-0.44722530245780945,0.5193616151809692,0.39136120676994324,-0.6366948485374451,0.5030946731567383,0.42412760853767395,-0.46820777654647827,0.5182151198387146,0.4252392649650574,-0.6550608277320862,0.5093473196029663,0.4289761483669281,-0.5031563639640808,0.5097092986106873,0.41869020462036133,-0.6048572659492493,0.5081111192703247,0.4077121615409851,-0.4645053744316101,0.4453049302101135,0.1759386956691742,-0.030305108055472374,0.4318651258945465,0.1876574456691742,0.030347803607583046,0.4851993918418884,0.3388705849647522,-0.2933569550514221,0.48260319232940674,0.31626686453819275,-0.1786050796508789,0.49959662556648254,0.4943007528781891,-0.14137598872184753,0.5073667168617249,0.5018446445465088,-0.10533908009529114,0.5019342303276062,0.5020851492881775,-0.13319772481918335,0.5086474418640137,0.5231726765632629,-0.09966351091861725,0.5217736959457397,0.5813671946525574,-0.26436647772789,0.5167559385299683,0.5817965269088745,-0.22941820323467255
romanian deadlift_900401.jpg,,,,,,,,,,,,,,,,,,,,,,,,,,,,,,,,,,,,,,,,,,,,,,,,,,,,,,,,,,,,,,,,,,,,,,,,,,,,,,,,,,,,,,,,,,,,,,,,,,,
romanian deadlift_900411.jpg,,,,,,,,,,,,,,,,,,,,,,,,,,,,,,,,,,,,,,,,,,,,,,,,,,,,,,,,,,,,,,,,,,,,,,,,,,,,,,,,,,,,,,,,,,,,,,,,,,,
romanian deadlift_900421.jpg,,,,,,,,,,,,,,,,,,,,,,,,,,,,,,,,,,,,,,,,,,,,,,,,,,,,,,,,,,,,,,,,,,,,,,,,,,,,,,,,,,,,,,,,,,,,,,,,,,,
romanian deadlift_900431.jpg,0.40588948130607605,0.17616096138954163,-0.14749129116535187,0.39152124524116516,0.16316799819469452,-0.1830562949180603,0.39132431149482727,0.15974709391593933,-0.1830814629793167,0.3911159634590149,0.15624667704105377,-0.18314029276371002,0.3917851448059082,0.16360704600811005,-0.13936877250671387,0.39170387387275696,0.16087865829467773,-0.13949234783649445,0.3914686143398285,0.15825024247169495,-0.1395445019006729,0.3990974426269531,0.12710607051849365,-0.26009076833724976,0.39634937047958374,0.13208362460136414,-0.06321655213832855,0.4248364269733429,0.16606345772743225,-0.16953229904174805,0.4248712360858917,0.1667565107345581,-0.11193525791168213,0.4748605489730835,0.114501953125,-0.3534308969974518,0.4749002456665039,0.08569491654634476,0.08862216025590897,0.536978006362915,0.3008875250816345,-0.3838619291782379,0.5430096387863159,0.2890997529029846,0.1345880925655365,0.5593960285186768,0.48231494426727295,-0.3142535388469696,0.570034384727478,0.45916125178337097,0.08569202572107315,0.5659319758415222,0.5278165936470032,-0.36450618505477905,0.5738450288772583,0.5028842091560364,0.08711259067058563,0.557226836681366,0.5354503989219666,-0.3328261077404022,0.5673268437385559,0.5120382905006409,0.03199419006705284,0.5565617680549622,0.5203565359115601,-0.30291321873664856,0.5676816701889038,0.49424660205841064,0.059594087302684784,0.6984497904777527,0.023722687736153603,-0.126858189702034,0.6793453097343445,-0.002083301544189453,0.12707380950450897,0.6250402331352234,0.2634683847427368,-0.1656155288219452,0.5695576071739197,0.21688492596149445,0.19543173909187317,0.729987382888794,0.26064416766166687,0.15130530297756195,0.7091057300567627,0.2500193119049072,0.34709984064102173,0.7482312321662903,0.23525382578372955,0.18877103924751282,0.7328580021858215,0.23055782914161682,0.3630519211292267,0.7215560674667358,0.3316047787666321,0.2814289927482605,0.7166895270347595,0.32190605998039246,0.3990425765514374
romanian deadlift_900441.jpg,,,,,,,,,,,,,,,,,,,,,,,,,,,,,,,,,,,,,,,,,,,,,,,,,,,,,,,,,,,,,,,,,,,,,,,,,,,,,,,,,,,,,,,,,,,,,,,,,,,
romanian deadlift_900451.jpg,,,,,,,,,,,,,,,,,,,,,,,,,,,,,,,,,,,,,,,,,,,,,,,,,,,,,,,,,,,,,,,,,,,,,,,,,,,,,,,,,,,,,,,,,,,,,,,,,,,
romanian deadlift_900461.jpg,,,,,,,,,,,,,,,,,,,,,,,,,,,,,,,,,,,,,,,,,,,,,,,,,,,,,,,,,,,,,,,,,,,,,,,,,,,,,,,,,,,,,,,,,,,,,,,,,,,
romanian deadlift_900471.jpg,0.4504585862159729,0.26849842071533203,-0.05172799527645111,0.4312867522239685,0.26741671562194824,-0.08275359123945236,0.42944273352622986,0.26526695489883423,-0.08267935365438461,0.42706558108329773,0.2630510926246643,-0.08262377232313156,0.42995479702949524,0.26599764823913574,-0.04267221689224243,0.42720890045166016,0.2628409266471863,-0.04273644834756851,0.42393758893013,0.2596128582954407,-0.042760562151670456,0.4161645174026489,0.23326465487480164,-0.1566506177186966,0.41327810287475586,0.23062770068645477,0.024441665038466454,0.4560029208660126,0.25071704387664795,-0.07245980203151703,0.45626020431518555,0.24889415502548218,-0.019900232553482056,0.4620746374130249,0.1980433166027069,-0.2546062469482422,0.4595656991004944,0.17262493073940277,0.15391582250595093,0.5179101824760437,0.3764221966266632,-0.2987446188926697,0.5201517343521118,0.3543894290924072,0.19196714460849762,0.5418803095817566,0.5476287603378296,-0.1916581690311432,0.5473842024803162,0.519195556640625,0.12343248724937439,0.5551325082778931,0.5893915891647339,-0.22411081194877625,0.5595254898071289,0.5615054368972778,0.1236041933298111,0.5400987863540649,0.6000689268112183,-0.19180813431739807,0.5484738945960999,0.5742914080619812,0.08442671597003937,0.5383931398391724,0.5895371437072754,-0.17798928916454315,0.5460551381111145,0.5627267956733704,0.10260994732379913,0.6904202699661255,0.06122099980711937,-0.1173403188586235,0.6687430739402771,0.061909019947052,0.11763282120227814,0.5777782201766968,0.3141092360019684,-0.06020329147577286,0.5760613679885864,0.3060820698738098,0.10694800317287445,0.608503520488739,0.5703586339950562,0.05105813965201378,0.6008955240249634,0.5520349144935608,0.19663579761981964,0.6294453144073486,0.5989950895309448,0.059246014803647995,0.6180330514907837,0.5841327905654907,0.20147129893302917,0.5268140435218811,0.6434292793273926,-0.019474847242236137,0.5350326299667358,0.6032671928405762,0.12283136695623398
romanian deadlift_900481.jpg,0.3600054979324341,0.00806011725217104,-0.3448846638202667,0.36541450023651123,-0.01848074048757553,-0.35867661237716675,0.36898675560951233,-0.019779594615101814,-0.3587237000465393,0.3725638687610626,-0.021089060232043266,-0.3587305247783661,0.35961228609085083,-0.016170116141438484,-0.3520757257938385,0.3586174547672272,-0.015404933132231236,-0.3523765802383423,0.3576095402240753,-0.014764117076992989,-0.3525921404361725,0.3906119465827942,-0.01913224160671234,-0.3623131513595581,0.3717002868652344,-0.010307221673429012,-0.336061030626297,0.38145920634269714,0.01615876704454422,-0.3413684070110321,0.3782561421394348,0.020489590242505074,-0.33358824253082275,0.4621637165546417,0.047222986817359924,-0.39589011669158936,0.4243130385875702,0.08038702607154846,-0.23374059796333313,0.5284101366996765,0.21026882529258728,-0.4080074727535248,0.49520400166511536,0.22573989629745483,-0.228117436170578,0.5378450155258179,0.36036840081214905,-0.4107058346271515,0.5341327786445618,0.36261898279190063,-0.23987054824829102,0.5485173463821411,0.39654961228370667,-0.4741268754005432,0.5333158373832703,0.39249008893966675,-0.25367671251296997,0.5394446849822998,0.4074384868144989,-0.4545752704143524,0.5339391231536865,0.39822933077812195,-0.2956637144088745,0.5381647348403931,0.39547255635261536,-0.40801602602005005,0.5378146767616272,0.38967153429985046,-0.2578621804714203,0.6216970086097717,-0.01601332053542137,-0.048785530030727386,0.5951889157295227,0.003925017546862364,0.0489886999130249,0.5890728235244751,0.10934857279062271,0.0854027047753334,0.5531458258628845,0.10155514627695084,0.19251039624214172,0.6333301663398743,0.034354131668806076,0.31515422463417053,0.6168136596679688,0.06502949446439743,0.41775867342948914,0.63566654920578,0.014506177976727486,0.3398956060409546,0.6207200884819031,0.05333481356501579,0.4426625669002533,0.6446831226348877,0.047183774411678314,0.3642028868198395,0.6500051617622375,0.07510312646627426,0.4652528464794159
romanian deadlift_900491.jpg,,,,,,,,,,,,,,,,,,,,,,,,,,,,,,,,,,,,,,,,,,,,,,,,,,,,,,,,,,,,,,,,,,,,,,,,,,,,,,,,,,,,,,,,,,,,,,,,,,,
romanian deadlift_900501.jpg,0.5086925029754639,0.12112587690353394,0.48110321164131165,0.5026294589042664,0.11039925366640091,0.44426819682121277,0.4996999204158783,0.11226736009120941,0.44430357217788696,0.49687454104423523,0.11447007209062576,0.44425657391548157,0.5113819241523743,0.10497324913740158,0.4644685685634613,0.5145704746246338,0.10282952338457108,0.46451064944267273,0.5175324082374573,0.10111033916473389,0.464415580034256,0.49738872051239014,0.12040065228939056,0.2790573537349701,0.525955855846405,0.10216251015663147,0.36864805221557617,0.5067139863967896,0.13422679901123047,0.4256094694137573,0.5166523456573486,0.1282113492488861,0.4515359103679657,0.49176475405693054,0.18844477832317352,0.10467047989368439,0.5945884585380554,0.15347225964069366,0.34853431582450867,0.49921509623527527,0.33711323142051697,0.03592170774936676,0.6323825120925903,0.275543749332428,0.3775140345096588,0.5105884075164795,0.48538267612457275,0.11237131059169769,0.6411699652671814,0.4111782908439636,0.4103914201259613,0.5095880627632141,0.5220625400543213,0.09442795068025589,0.6448351740837097,0.4356575012207031,0.42404016852378845,0.5126459002494812,0.5245555639266968,0.11996694654226303,0.6316242218017578,0.44385266304016113,0.40986815094947815,0.5157076120376587,0.5121045112609863,0.12340109795331955,0.6269193887710571,0.43518388271331787,0.40334469079971313,0.5975252985954285,0.3851476311683655,-0.08203600347042084,0.6537926197052002,0.3727307915687561,0.08193543553352356,0.5709141492843628,0.5790079236030579,-0.03581954538822174,0.6198230385780334,0.5765462517738342,0.14008840918540955,0.5746756196022034,0.7585258483886719,0.04601699486374855,0.5929054021835327,0.7483720779418945,0.22046636044979095,0.5835293531417847,0.801298975944519,0.05338481441140175,0.5998579859733582,0.7848502397537231,0.22722218930721283,0.5270959138870239,0.7758992314338684,0.010940453968942165,0.5468397736549377,0.7556595802307129,0.18395070731639862
romanian deadlift_900511.jpg,0.5301855206489563,0.33055317401885986,0.6553133130073547,0.5229604840278625,0.323268860578537,0.6434005498886108,0.5201504826545715,0.3227027356624603,0.643434464931488,0.516736626625061,0.3230612277984619,0.643515408039093,0.5343007445335388,0.3229607045650482,0.6573547720909119,0.5385267734527588,0.3227663040161133,0.6575243473052979,0.543788492679596,0.32151150703430176,0.6574899554252625,0.5154602527618408,0.32173773646354675,0.5135902762413025,0.5515466332435608,0.3177136182785034,0.5812308192253113,0.5280920267105103,0.3331221342086792,0.6033286452293396,0.5408968329429626,0.33165234327316284,0.6229504346847534,0.49307510256767273,0.3532918095588684,0.30596500635147095,0.6091427206993103,0.3139168322086334,0.46568605303764343,0.49576303362846375,0.48828136920928955,0.1643265038728714,0.6414952874183655,0.4359528124332428,0.32781076431274414,0.5081310868263245,0.6507994532585144,0.13831131160259247,0.6354547142982483,0.5826184749603271,0.16952458024024963,0.5065451264381409,0.68497234582901,0.11125078797340393,0.6329081058502197,0.6052154898643494,0.14603759348392487,0.5097863674163818,0.6941007971763611,0.13853111863136292,0.6110451817512512,0.6139670610427856,0.15202811360359192,0.5144217610359192,0.6790304183959961,0.1479508876800537,0.6172468066215515,0.6097741723060608,0.16597889363765717,0.5577077269554138,0.46433326601982117,-0.06750472635030746,0.6493412852287292,0.45038604736328125,0.06692013144493103,0.5609106421470642,0.5840400457382202,0.15970441699028015,0.6123358607292175,0.593427300453186,0.2404647320508957,0.577694296836853,0.7613411545753479,0.08648242056369781,0.5962656140327454,0.7606659531593323,0.1362449824810028,0.5906273126602173,0.7991320490837097,0.07408419996500015,0.602135419845581,0.7932923436164856,0.11718025803565979,0.552178680896759,0.7947813868522644,0.04505263641476631,0.5820780396461487,0.7873649001121521,0.06414336711168289
romanian deadlift_900521.jpg,0.5264657139778137,0.3585672974586487,0.46507105231285095,0.5216524004936218,0.34733521938323975,0.46535536646842957,0.5179548859596252,0.34922659397125244,0.46530625224113464,0.5156323313713074,0.3496779203414917,0.46534374356269836,0.5319956541061401,0.3446618616580963,0.464328408241272,0.5356043577194214,0.34464231133461,0.46456605195999146,0.5466643571853638,0.35407912731170654,0.46453988552093506,0.5120375752449036,0.3664504289627075,0.38569560647010803,0.5524453520774841,0.3516230285167694,0.3895006775856018,0.5244458913803101,0.3618237376213074,0.4298696517944336,0.5441390872001648,0.3655611574649811,0.4322566092014313,0.4885929226875305,0.39319348335266113,0.2061351239681244,0.619195818901062,0.3427843451499939,0.2623461186885834,0.49230048060417175,0.5425293445587158,0.10007105767726898,0.6440139412879944,0.44401904940605164,0.1072688028216362,0.5027590990066528,0.6866453886032104,0.047640081495046616,0.6302176713943481,0.5790567994117737,-0.034149419516325,0.4976232647895813,0.7182031273841858,0.020923631265759468,0.6263025999069214,0.6003115177154541,-0.064356230199337,0.5073844194412231,0.7247860431671143,0.04050838574767113,0.6095043420791626,0.6079479455947876,-0.054691631346940994,0.5128665566444397,0.7108347415924072,0.05314095318317413,0.6096123456954956,0.6022170782089233,-0.037145551294088364,0.5293368697166443,0.4725915789604187,-0.010693171992897987,0.6250441074371338,0.4490971863269806,0.010112743824720383,0.5543695688247681,0.59235680103302,0.2614956200122833,0.5994977951049805,0.5911738872528076,0.2147628515958786,0.5757131576538086,0.7615135908126831,0.3251040279865265,0.5937021970748901,0.756044864654541,0.2678736746311188,0.5858107209205627,0.7918961644172668,0.3285061717033386,0.5947542786598206,0.7776722311973572,0.2701362371444702,0.5692794919013977,0.7967599630355835,0.3026389479637146,0.5802427530288696,0.7797179222106934,0.22647710144519806
romanian deadlift_900531.jpg,0.4943285584449768,0.20160479843616486,0.5407035946846008,0.4871613681316376,0.18846239149570465,0.5136507749557495,0.48446306586265564,0.189071387052536,0.5136486291885376,0.4821739196777344,0.18924689292907715,0.5136010646820068,0.49479547142982483,0.18129786849021912,0.5285481810569763,0.49811995029449463,0.17692974209785461,0.5286356806755066,0.5020869970321655,0.17336058616638184,0.5284828543663025,0.48308002948760986,0.18576036393642426,0.3715030550956726,0.5111974477767944,0.16844066977500916,0.4390297830104828,0.49422508478164673,0.21113961935043335,0.4906194508075714,0.5053821802139282,0.20064124464988708,0.5105911493301392,0.47547081112861633,0.23312869668006897,0.19508957862854004,0.591907799243927,0.1924544870853424,0.36162644624710083,0.48826882243156433,0.3661297559738159,0.09894666075706482,0.6304537653923035,0.3172723948955536,0.18824179470539093,0.5017785429954529,0.5020275712013245,0.09686279296875,0.6301571130752563,0.42779985070228577,0.2132968306541443,0.49917715787887573,0.5377490520477295,0.0727602168917656,0.626771867275238,0.4570418894290924,0.21008868515491486,0.5067667961120605,0.5386622548103333,0.08365461230278015,0.6187435984611511,0.4589941203594208,0.20516718924045563,0.5110309720039368,0.5306795239448547,0.09980440139770508,0.6202787756919861,0.4632401466369629,0.2079048454761505,0.5501695871353149,0.41754472255706787,-0.04398231580853462,0.6318814158439636,0.3974762260913849,0.04350091516971588,0.5567612051963806,0.587428629398346,0.0012532125692814589,0.6005080342292786,0.5891022086143494,0.13996128737926483,0.5693524479866028,0.7705627679824829,0.0013866816880181432,0.5890780687332153,0.7600941061973572,0.15313974022865295,0.5746775269508362,0.8069229125976562,-0.003485664026811719,0.5922433137893677,0.7887039184570312,0.1489427089691162,0.5334252715110779,0.7944251894950867,-0.06741895526647568,0.5618560314178467,0.7778685688972473,0.07763569056987762
romanian deadlift_900541.jpg,0.5008248686790466,0.03400896489620209,0.13120301067829132,0.5007141828536987,0.013484728522598743,0.09119613468647003,0.5010316967964172,0.014074394479393959,0.09111408144235611,0.5013386011123657,0.014362877234816551,0.09109184145927429,0.5006046891212463,0.017454907298088074,0.12143126130104065,0.49993896484375,0.01682322472333908,0.1215033009648323,0.5063138604164124,0.016031883656978607,0.12140797823667526,0.5039392709732056,0.02051045559346676,-0.029868246987462044,0.5115520358085632,0.01862300932407379,0.10413135588169098,0.5077562928199768,0.04041668772697449,0.09507269412279129,0.5068466663360596,0.0394577756524086,0.13398903608322144,0.49384281039237976,0.08424852043390274,-0.17136049270629883,0.577787458896637,0.08966588228940964,0.20991545915603638,0.48847249150276184,0.23502083122730255,-0.21959689259529114,0.5551888942718506,0.23753711581230164,0.24965353310108185,0.4924241006374359,0.3672451078891754,-0.18457145988941193,0.5132752060890198,0.3284555971622467,0.2112797349691391,0.49137118458747864,0.4025282859802246,-0.2262914925813675,0.5097199082374573,0.35563743114471436,0.2235865443944931,0.49109694361686707,0.4023703634738922,-0.20781372487545013,0.5105071663856506,0.36188918352127075,0.18050538003444672,0.4936871826648712,0.39090046286582947,-0.17480327188968658,0.510223925113678,0.35021552443504333,0.19271120429039001,0.5543822050094604,0.35901206731796265,-0.10207030177116394,0.6044685244560242,0.3500708341598511,0.10227956622838974,0.5388056039810181,0.5658041834831238,-0.06507878005504608,0.5824325680732727,0.5630178451538086,0.17534638941287994,0.5559256672859192,0.7698468565940857,-0.0050364285707473755,0.5839041471481323,0.759236752986908,0.25627753138542175,0.5634390115737915,0.8062731623649597,-0.004957260563969612,0.59138023853302,0.78910893201828,0.26048484444618225,0.5033676028251648,0.7919957637786865,-0.07687757909297943,0.5389255881309509,0.7759692072868347,0.18637950718402863
romanian deadlift_900551.jpg,0.5529332756996155,0.023415375500917435,0.1785050481557846,0.55632084608078,0.022169042378664017,0.1472347527742386,0.5542497634887695,0.018453579396009445,0.14720453321933746,0.554385244846344,0.019963864237070084,0.14724713563919067,0.5710498690605164,0.029751872643828392,0.16305623948574066,0.5721160173416138,0.02980252355337143,0.16304154694080353,0.5738974809646606,0.029811156913638115,0.1629091054201126,0.5511648058891296,0.030955765396356583,0.04987817257642746,0.573003351688385,0.03133592754602432,0.11767223477363586,0.5472848415374756,0.03930695727467537,0.15070870518684387,0.547753095626831,0.040049824863672256,0.169817253947258,0.5175509452819824,0.08573328703641891,-0.08966732025146484,0.5827670693397522,0.11118528246879578,0.1928595006465912,0.5007875561714172,0.23172718286514282,-0.1483362466096878,0.5430095791816711,0.24855990707874298,0.21212193369865417,0.4875394403934479,0.35130101442337036,-0.15616510808467865,0.4959472715854645,0.3285045325756073,0.15816302597522736,0.4935990869998932,0.3753754198551178,-0.18888360261917114,0.4917530417442322,0.34516453742980957,0.16246379911899567,0.4867028295993805,0.3788151144981384,-0.17630402743816376,0.4876691699028015,0.34789377450942993,0.1258242428302765,0.48899632692337036,0.3702123761177063,-0.1511238068342209,0.49460160732269287,0.34373199939727783,0.14181281626224518,0.5569606423377991,0.3634530305862427,-0.10906962305307388,0.5870897769927979,0.3604385256767273,0.10917496681213379,0.5421231985092163,0.566182553768158,-0.1369152069091797,0.5653298497200012,0.5619163513183594,0.15455660223960876,0.5558682084083557,0.773190975189209,-0.12266914546489716,0.5734238028526306,0.7592072486877441,0.20019422471523285,0.5635381937026978,0.8075929284095764,-0.12680211663246155,0.581383466720581,0.7891050577163696,0.20014861226081848,0.5013076066970825,0.7939593195915222,-0.2177295833826065,0.5248020887374878,0.7769986391067505,0.12096288800239563
romanian deadlift_900561.jpg,0.5434683561325073,-0.033617518842220306,0.18799184262752533,0.5436515212059021,-0.04806947708129883,0.13995535671710968,0.5408135056495667,-0.048082638531923294,0.13993073999881744,0.538539469242096,-0.0477503202855587,0.13996456563472748,0.5553191304206848,-0.047197382897138596,0.1702585518360138,0.5589335560798645,-0.046670980751514435,0.1702810376882553,0.5629055500030518,-0.04620807617902756,0.17015233635902405,0.5375200510025024,-0.035231608897447586,-0.033922258764505386,0.5716179609298706,-0.033666569739580154,0.09920700639486313,0.5383760929107666,-0.015851613134145737,0.13219334185123444,0.5459869503974915,-0.015636736527085304,0.17019298672676086,0.5097830295562744,0.06398538500070572,-0.19962817430496216,0.6098546385765076,0.07552085816860199,0.15306611359119415,0.4984825849533081,0.22696807980537415,-0.24313800036907196,0.5670980215072632,0.2293291985988617,0.2090749740600586,0.4825552701950073,0.359385222196579,-0.14789219200611115,0.5534108281135559,0.3458811938762665,0.21769076585769653,0.4835985004901886,0.39747679233551025,-0.16928887367248535,0.5572458505630493,0.3699635863304138,0.2233847677707672,0.48365065455436707,0.39924752712249756,-0.1565103679895401,0.5428910851478577,0.36958763003349304,0.20171768963336945,0.4870184361934662,0.38704991340637207,-0.1398620754480362,0.5455272197723389,0.3634834289550781,0.20612233877182007,0.5436568856239319,0.3552829623222351,-0.12243293225765228,0.6001392006874084,0.34942424297332764,0.12231013178825378,0.5340984463691711,0.5644394755363464,-0.0738438069820404,0.5751762390136719,0.5615412592887878,0.22838421165943146,0.5485481023788452,0.7730973958969116,-0.015789533033967018,0.574163556098938,0.7587525844573975,0.35492485761642456,0.5598775148391724,0.8124022483825684,-0.014635096304118633,0.5824589133262634,0.7890058755874634,0.36422908306121826,0.4975276291370392,0.7929487228393555,-0.09164079278707504,0.5282481908798218,0.7763413190841675,0.30152255296707153
romanian deadlift_900571.jpg,0.4930495023727417,0.19862887263298035,0.49823272228240967,0.49000394344329834,0.1902361810207367,0.47669723629951477,0.4898943603038788,0.1898578405380249,0.4767081141471863,0.4893551468849182,0.18888427317142487,0.4767385423183441,0.4937122166156769,0.18795426189899445,0.5017515420913696,0.49655452370643616,0.18650485575199127,0.5019204020500183,0.5047675371170044,0.1833101063966751,0.5017397403717041,0.49756190180778503,0.17820091545581818,0.35465875267982483,0.5241426229476929,0.17137973010540009,0.46432220935821533,0.5075399875640869,0.20007182657718658,0.45387405157089233,0.513571560382843,0.19794724881649017,0.48586657643318176,0.4966571033000946,0.18982627987861633,0.14673294126987457,0.6075724363327026,0.1875646412372589,0.4321877062320709,0.48409444093704224,0.3421940803527832,0.04570594057440758,0.5917361974716187,0.3180886507034302,0.4269881248474121,0.48324328660964966,0.4916333854198456,0.054717931896448135,0.5933142304420471,0.45132115483283997,0.44592541456222534,0.4821562170982361,0.533942699432373,0.025512872263789177,0.604620635509491,0.4743455648422241,0.4652825593948364,0.4848788380622864,0.5387706160545349,0.04980816692113876,0.5855168700218201,0.4791507422924042,0.45009100437164307,0.4902036488056183,0.5236656665802002,0.06464991718530655,0.5798271298408508,0.46942198276519775,0.4402462840080261,0.5511820316314697,0.39477184414863586,-0.1096082404255867,0.6041207909584045,0.39896827936172485,0.1092492863535881,0.5398896932601929,0.5862739086151123,-0.04462667927145958,0.5823526382446289,0.5821009874343872,0.20890046656131744,0.5491243004798889,0.7790279984474182,-0.07038559764623642,0.5712862014770508,0.7707290649414062,0.33522969484329224,0.5602660775184631,0.8332853317260742,-0.07865440845489502,0.5801833868026733,0.805833101272583,0.3143286108970642,0.49955472350120544,0.8038344383239746,-0.13463038206100464,0.5316827893257141,0.7878963947296143,0.2777162194252014
romanian deadlift_900581.jpg,0.5458434820175171,0.3535967767238617,0.7349986433982849,0.5389734506607056,0.35681793093681335,0.7363763451576233,0.5359472632408142,0.35757824778556824,0.736546516418457,0.5327904224395752,0.35847747325897217,0.7366901636123657,0.5483549237251282,0.3537582457065582,0.7346548438072205,0.5409660935401917,0.35468530654907227,0.7347984910011292,0.5479046702384949,0.3525116443634033,0.7347049117088318,0.5304809212684631,0.3594082295894623,0.6370800733566284,0.5552539825439453,0.3439321517944336,0.6308175921440125,0.5322310328483582,0.3484537899494171,0.6923024654388428,0.5523532032966614,0.34895408153533936,0.6908113360404968,0.5025418400764465,0.3395376205444336,0.48616263270378113,0.6195088624954224,0.32620176672935486,0.44668012857437134,0.4941001534461975,0.4998657703399658,0.3945307731628418,0.6269661784172058,0.45695924758911133,0.38234952092170715,0.49704283475875854,0.6542295813560486,0.38374951481819153,0.5958409905433655,0.6006221175193787,0.40634235739707947,0.4870164692401886,0.6886695027351379,0.3762539029121399,0.602249264717102,0.626078724861145,0.40677791833877563,0.5015326142311096,0.7000391483306885,0.3942078649997711,0.5824501514434814,0.6316999793052673,0.40913307666778564,0.5139116644859314,0.6762025356292725,0.3872521221637726,0.5783392786979675,0.6212050318717957,0.40599170327186584,0.5365201830863953,0.3946632742881775,0.0250216294080019,0.6114460229873657,0.39560019969940186,-0.025719547644257545,0.5447606444358826,0.5902138948440552,0.048738062381744385,0.585472822189331,0.5815726518630981,-0.033859677612781525,0.5732461214065552,0.7853268980979919,-0.02818908356130123,0.5862308740615845,0.7682638168334961,-0.081456758081913,0.5803935527801514,0.8273319602012634,-0.04009304195642471,0.5935497879981995,0.8072280883789062,-0.0947156473994255,0.5763111114501953,0.8208893537521362,-0.10929527133703232,0.5901514887809753,0.7898053526878357,-0.1897902488708496
romanian deadlift_900591.jpg,0.5466025471687317,0.4150889813899994,0.19479216635227203,0.5397001504898071,0.4208742678165436,0.17647792398929596,0.5364239811897278,0.4214095175266266,0.1766173094511032,0.53316730260849,0.42208513617515564,0.17671391367912292,0.5505354404449463,0.4183558523654938,0.1798172891139984,0.551802933216095,0.4173066020011902,0.179838165640831,0.5561885237693787,0.41624915599823,0.17966943979263306,0.5311763286590576,0.42031025886535645,0.07203547656536102,0.5641611814498901,0.41190582513809204,0.08728797733783722,0.5415517687797546,0.40932291746139526,0.15851113200187683,0.5534994006156921,0.4073786735534668,0.1632072925567627,0.5078927874565125,0.37394896149635315,0.03656619042158127,0.617335319519043,0.38120919466018677,0.015920178964734077,0.504455029964447,0.531058669090271,0.029097992926836014,0.624975860118866,0.5016064047813416,-0.025845076888799667,0.5041543245315552,0.6780481338500977,0.021544592455029488,0.5558179616928101,0.6505549550056458,-0.01830289326608181,0.4940931499004364,0.7216282486915588,0.015967583283782005,0.5767255425453186,0.6500484347343445,-0.020091449841856956,0.5093092322349548,0.7241017818450928,0.01864180713891983,0.5419209003448486,0.6770452857017517,-0.02898971177637577,0.5220776200294495,0.6994034051895142,0.021107379347085953,0.5497779846191406,0.6536439061164856,-0.02353494055569172,0.5423580408096313,0.37283235788345337,0.031098907813429832,0.6098652482032776,0.38014864921569824,-0.0317077562212944,0.5572729110717773,0.5892952084541321,-0.04632432386279106,0.5881248712539673,0.5808712244033813,-0.14481711387634277,0.5782754421234131,0.7856140732765198,-0.04934266582131386,0.5975757241249084,0.7758153080940247,-0.1419392079114914,0.5808518528938293,0.8243099451065063,-0.05522948503494263,0.5935356020927429,0.8133738040924072,-0.14725446701049805,0.5965747237205505,0.8389965295791626,-0.1567322164773941,0.5999893546104431,0.8037502765655518,-0.2619386315345764
romanian deadlift_900601.jpg,0.49289780855178833,0.16451573371887207,0.34286823868751526,0.48776620626449585,0.15036681294441223,0.3149477541446686,0.48608073592185974,0.14945080876350403,0.3149911165237427,0.4846533536911011,0.14857536554336548,0.31498098373413086,0.49488914012908936,0.1480320692062378,0.3319155275821686,0.49920666217803955,0.14499732851982117,0.33198675513267517,0.5028782486915588,0.14106036722660065,0.3318505585193634,0.49137938022613525,0.14442166686058044,0.16939520835876465,0.5161113142967224,0.1344492882490158,0.24856559932231903,0.49700191617012024,0.16965420544147491,0.29711610078811646,0.5051931142807007,0.16640184819698334,0.3153003752231598,0.4943099915981293,0.19550403952598572,0.006214893888682127,0.61512291431427,0.1799381822347641,0.1228746846318245,0.4965047836303711,0.34672653675079346,-0.032871879637241364,0.6235620975494385,0.3231341540813446,0.20976220071315765,0.5008456707000732,0.5031032562255859,0.03221390023827553,0.6149123311042786,0.45182231068611145,0.18040357530117035,0.49268701672554016,0.5466374754905701,0.014172304421663284,0.6216129660606384,0.48584455251693726,0.20971019566059113,0.502859890460968,0.548336386680603,0.025922628119587898,0.6049829721450806,0.49175992608070374,0.1796369105577469,0.5105821490287781,0.5324077010154724,0.03746486082673073,0.6005290746688843,0.4782761037349701,0.1636248528957367,0.55784672498703,0.39186298847198486,-0.06976785510778427,0.6276664733886719,0.38800138235092163,0.06911066174507141,0.5551314949989319,0.5943827033042908,-0.009212879464030266,0.6011999249458313,0.5868818759918213,0.20009101927280426,0.5635387301445007,0.7881449460983276,0.05635484308004379,0.5956352353096008,0.7740212082862854,0.30001938343048096,0.5668384432792664,0.8375474810600281,0.06340311467647552,0.5935461521148682,0.8130024671554565,0.3101643919944763,0.5327383279800415,0.8142670392990112,0.021451061591506004,0.5965133309364319,0.7829411625862122,0.27158719301223755
romanian deadlift_900611.jpg,0.5650914311408997,-0.011132808402180672,-0.076004758477211,0.5651765465736389,-0.0340731181204319,-0.08835495263338089,0.5659440755844116,-0.03479708358645439,-0.08847060054540634,0.5666730403900146,-0.03540821373462677,-0.08850106596946716,0.562118649482727,-0.03365596756339073,-0.08705782145261765,0.5607932209968567,-0.03403391316533089,-0.08706188201904297,0.5588237643241882,-0.034520283341407776,-0.08729758113622665,0.562448263168335,-0.03170216456055641,-0.08760037273168564,0.5525884032249451,-0.030162332579493523,-0.08334057778120041,0.5650036931037903,0.007031717337667942,-0.06571618467569351,0.559916615486145,0.007028805557638407,-0.06494312733411789,0.5301302075386047,0.06473855674266815,-0.11580734699964523,0.5703185796737671,0.07223358750343323,0.0077009485103189945,0.5460377335548401,0.234156996011734,-0.10096433758735657,0.539847731590271,0.2423272281885147,0.030879290774464607,0.5375017523765564,0.36928480863571167,-0.09855926781892776,0.5077781081199646,0.35238996148109436,-0.02035180665552616,0.5340899229049683,0.41125547885894775,-0.11918937414884567,0.5153841376304626,0.3976367115974426,-0.03012734465301037,0.5350944995880127,0.4050264060497284,-0.13207648694515228,0.5113072991371155,0.3917098641395569,-0.059016551822423935,0.5368674397468567,0.3904964327812195,-0.10276219993829727,0.5136579871177673,0.37995561957359314,-0.033496323972940445,0.5530260801315308,0.3720695376396179,-0.06651076674461365,0.5857062935829163,0.3709814250469208,0.06610789149999619,0.5453317761421204,0.5845366716384888,-0.01629864051938057,0.5796310305595398,0.5796036720275879,0.15150204300880432,0.5414949059486389,0.7868574261665344,0.08612754195928574,0.5763682126998901,0.7724400758743286,0.27597370743751526,0.5349713563919067,0.833346962928772,0.08972867578268051,0.5857324600219727,0.8129521012306213,0.28268420696258545,0.5051183104515076,0.8131653666496277,-0.008095268160104752,0.5719187259674072,0.7908718585968018,0.1851198971271515
