timestamp,landmark_0_x,landmark_1_x,landmark_2_x,landmark_3_x,landmark_4_x,landmark_5_x,landmark_6_x,landmark_7_x,landmark_8_x,landmark_9_x,landmark_10_x,landmark_11_x,landmark_12_x,landmark_13_x,landmark_14_x,landmark_15_x,landmark_16_x,landmark_17_x,landmark_18_x,landmark_19_x,landmark_20_x,landmark_21_x,landmark_22_x,landmark_23_x,landmark_24_x,landmark_25_x,landmark_26_x,landmark_27_x,landmark_28_x,landmark_29_x,landmark_30_x,landmark_31_x,landmark_32_x,landmark_0_y,landmark_1_y,landmark_2_y,landmark_3_y,landmark_4_y,landmark_5_y,landmark_6_y,landmark_7_y,landmark_8_y,landmark_9_y,landmark_10_y,landmark_11_y,landmark_12_y,landmark_13_y,landmark_14_y,landmark_15_y,landmark_16_y,landmark_17_y,landmark_18_y,landmark_19_y,landmark_20_y,landmark_21_y,landmark_22_y,landmark_23_y,landmark_24_y,landmark_25_y,landmark_26_y,landmark_27_y,landmark_28_y,landmark_29_y,landmark_30_y,landmark_31_y,landmark_32_y,landmark_0_z,landmark_1_z,landmark_2_z,landmark_3_z,landmark_4_z,landmark_5_z,landmark_6_z,landmark_7_z,landmark_8_z,landmark_9_z,landmark_10_z,landmark_11_z,landmark_12_z,landmark_13_z,landmark_14_z,landmark_15_z,landmark_16_z,landmark_17_z,landmark_18_z,landmark_19_z,landmark_20_z,landmark_21_z,landmark_22_z,landmark_23_z,landmark_24_z,landmark_25_z,landmark_26_z,landmark_27_z,landmark_28_z,landmark_29_z,landmark_30_z,landmark_31_z,landmark_32_z
0.43229174613952637,0.4965098798274994,0.18919026851654053,-0.09916198253631592,0.49867069721221924,0.18381890654563904,-0.0893138200044632,0.5003133416175842,0.18428513407707214,-0.08931763470172882,0.5020561218261719,0.18488644063472748,-0.08931966125965118,0.4944286048412323,0.18374548852443695,-0.08821170032024384,0.4930582344532013,0.184085413813591,-0.08820893615484238,0.49156898260116577,0.18467465043067932,-0.08819463104009628,0.5048211812973022,0.19282694160938263,-0.03441665321588516,0.48937085270881653,0.19313015043735504,-0.029467713087797165,0.5003665685653687,0.1991126835346222,-0.07923879474401474,0.4940091073513031,0.19833551347255707,-0.07786757498979568,0.5220431685447693,0.25225409865379333,-0.008968132548034191,0.47379645705223083,0.2481267899274826,-0.0014239305164664984,0.5273164510726929,0.3182357847690582,0.004773739259690046,0.4659140706062317,0.3159019351005554,0.015069982968270779,0.5238521099090576,0.3749784529209137,-0.042387835681438446,0.4674498736858368,0.3704795837402344,-0.022905418649315834,0.5226002335548401,0.39604225754737854,-0.05874784663319588,0.46661388874053955,0.39075812697410583,-0.03965636342763901,0.5202049612998962,0.39165690541267395,-0.07596547156572342,0.47017547488212585,0.38875681161880493,-0.052369579672813416,0.5196020007133484,0.3849976360797882,-0.05050697550177574,0.47129666805267334,0.3823338449001312,-0.029641050845384598,0.5106028914451599,0.3826197683811188,-0.0011200289009138942,0.48037880659103394,0.38054385781288147,0.0011368225095793605,0.5180772542953491,0.49417075514793396,-0.005871511995792389,0.4687897861003876,0.4857076108455658,-0.010194324888288975,0.5229005217552185,0.584326446056366,0.06789185851812363,0.46089622378349304,0.5789383053779602,0.06044624373316765,0.5193217396736145,0.5945543646812439,0.07154970616102219,0.46317729353904724,0.5907604694366455,0.06342663615942001,0.5328117609024048,0.607107937335968,0.0034319094847887754,0.44911712408065796,0.6046627759933472,-0.005160539411008358
0.7801463603973389,0.4963463246822357,0.18847255408763885,-0.06769765168428421,0.49866387248039246,0.18368951976299286,-0.057562198489904404,0.5003131628036499,0.18415622413158417,-0.05756683647632599,0.502042829990387,0.18475697934627533,-0.05757051333785057,0.49424460530281067,0.18360234797000885,-0.0566406175494194,0.4927732050418854,0.18395857512950897,-0.056651096791028976,0.49119117856025696,0.18456025421619415,-0.05664770305156708,0.5047596096992493,0.1924767792224884,-0.0047589740715920925,0.48913225531578064,0.192396342754364,-0.00019530346617102623,0.500335156917572,0.1986335664987564,-0.048767175525426865,0.4934918284416199,0.19781705737113953,-0.04750196263194084,0.521929919719696,0.2532520890235901,0.013376057147979736,0.4736294448375702,0.24800705909729004,0.018152108415961266,0.5261853337287903,0.3180771470069885,0.004125132225453854,0.4661962389945984,0.31596100330352783,0.017614837735891342,0.5235377550125122,0.373574435710907,-0.0586751364171505,0.46765559911727905,0.3701745271682739,-0.02833492122590542,0.5224640369415283,0.39443570375442505,-0.0774710401892662,0.4667108654975891,0.39015471935272217,-0.04644906893372536,0.519766092300415,0.39073631167411804,-0.09275908023118973,0.47017690539360046,0.38824212551116943,-0.060847651213407516,0.5188608765602112,0.38458746671676636,-0.0664963349699974,0.4713734984397888,0.38211163878440857,-0.035903505980968475,0.5106023550033569,0.382465660572052,-0.0011154975509271026,0.48040124773979187,0.3801734149456024,0.001132106059230864,0.5178255438804626,0.4902800917625427,-0.012684407643973827,0.46919092535972595,0.48566731810569763,-0.014102284796535969,0.5228537917137146,0.5842506885528564,0.043402377516031265,0.4613981246948242,0.580484926700592,0.04840944707393646,0.5194637775421143,0.5950011610984802,0.04462285339832306,0.46379247307777405,0.594316303730011,0.04968951269984245,0.5344944596290588,0.6073322296142578,-0.02402913197875023,0.4471988081932068,0.6046666502952576,-0.01810634881258011
0.8261444568634033,0.49634993076324463,0.18701638281345367,-0.05688582733273506,0.4987734258174896,0.18342538177967072,-0.04662477597594261,0.5003870725631714,0.18394017219543457,-0.046630024909973145,0.5020644664764404,0.18458670377731323,-0.04663262888789177,0.4942471385002136,0.183259978890419,-0.046326927840709686,0.4927631914615631,0.1836504340171814,-0.046337563544511795,0.49114862084388733,0.18416061997413635,-0.04633291810750961,0.504746675491333,0.19201235473155975,0.005789841525256634,0.4889843761920929,0.19154813885688782,0.007755004335194826,0.5003451704978943,0.19683986902236938,-0.03809523954987526,0.49344974756240845,0.19576305150985718,-0.03757157549262047,0.5217991471290588,0.25323882699012756,0.022590644657611847,0.473573237657547,0.2471008002758026,0.023454060778021812,0.5258976221084595,0.31685131788253784,0.005136542487889528,0.4660876989364624,0.3154212534427643,0.019599871709942818,0.5229114294052124,0.37039506435394287,-0.0623062327504158,0.4678211808204651,0.368020236492157,-0.02819136343896389,0.5217285752296448,0.3910847306251526,-0.08187254518270493,0.46686509251594543,0.3882710933685303,-0.04646138846874237,0.5186181664466858,0.38713905215263367,-0.09650696069002151,0.4703877568244934,0.3860268294811249,-0.06051938235759735,0.517754852771759,0.38117414712905884,-0.07011140882968903,0.4717353880405426,0.37985262274742126,-0.035613615065813065,0.510602593421936,0.38207942247390747,-0.0009936633286997676,0.48043081164360046,0.3798046112060547,0.0010101452935487032,0.517651379108429,0.4884496033191681,-0.014382409863173962,0.46944811940193176,0.4848189055919647,-0.015451173298060894,0.5227192640304565,0.5839008092880249,0.03841716796159744,0.4616504907608032,0.5804465413093567,0.04497692734003067,0.5194739103317261,0.5950410962104797,0.0393185019493103,0.46394452452659607,0.5942826867103577,0.046047188341617584,0.5343974828720093,0.6076043844223022,-0.029931021854281425,0.4472620189189911,0.6044849157333374,-0.020972544327378273
0.8746612071990967,0.4963635802268982,0.18613699078559875,-0.04523876681923866,0.4989456832408905,0.18306103348731995,-0.03476070240139961,0.5005126595497131,0.18368379771709442,-0.03476628288626671,0.5021364092826843,0.18440091609954834,-0.034766875207424164,0.49428021907806396,0.18268269300460815,-0.034645579755306244,0.49276506900787354,0.18307173252105713,-0.03465292602777481,0.4911474883556366,0.18355578184127808,-0.03464217856526375,0.5047463774681091,0.19167642295360565,0.017363930121064186,0.4889421761035919,0.1907324492931366,0.018069250509142876,0.500360906124115,0.19603434205055237,-0.026661353185772896,0.493431031703949,0.19479165971279144,-0.026474932208657265,0.5215394496917725,0.25254660844802856,0.03012620285153389,0.47351667284965515,0.246749147772789,0.033424992114305496,0.5259066224098206,0.31275638937950134,0.005909396801143885,0.46573564410209656,0.3129640519618988,0.02272002212703228,0.5227972269058228,0.36273688077926636,-0.06737425923347473,0.4676954448223114,0.3638065457344055,-0.029909348115324974,0.5215417742729187,0.3837120831012726,-0.08824685961008072,0.4668102264404297,0.38499680161476135,-0.04867217317223549,0.518441379070282,0.3793501853942871,-0.10151074826717377,0.47038760781288147,0.3822627365589142,-0.061460528522729874,0.5176177024841309,0.3728031516075134,-0.07475212216377258,0.47176066040992737,0.3755135238170624,-0.03683841601014137,0.5106105208396912,0.3818873465061188,-0.001036237459629774,0.4806467592716217,0.37980252504348755,0.001053685205988586,0.5175575613975525,0.48761212825775146,-0.016359573230147362,0.4695420265197754,0.48470401763916016,-0.01636979915201664,0.5227145552635193,0.5838239789009094,0.03354661166667938,0.4617191255092621,0.5804594159126282,0.04148878529667854,0.5195833444595337,0.5953684449195862,0.03428991511464119,0.46393999457359314,0.5942721366882324,0.04245000332593918,0.5344824194908142,0.6077283620834351,-0.033814746886491776,0.44727823138237,0.6042599678039551,-0.02319919504225254
0.9180295467376709,0.4961659014225006,0.18619687855243683,-0.06275686621665955,0.49894535541534424,0.1830628365278244,-0.05327768251299858,0.500587522983551,0.18368931114673615,-0.05328880995512009,0.5021989941596985,0.18440474569797516,-0.05329524725675583,0.4940020442008972,0.1826835423707962,-0.052743926644325256,0.49238497018814087,0.18306991457939148,-0.05275166779756546,0.49066537618637085,0.18354341387748718,-0.052740778774023056,0.5048205852508545,0.1915370374917984,0.0007030654232949018,0.4884358048439026,0.19048231840133667,0.003086022101342678,0.5003256797790527,0.19660139083862305,-0.043072327971458435,0.4928109049797058,0.1951027661561966,-0.04240527004003525,0.5211160778999329,0.24969734251499176,0.02098020724952221,0.4729141891002655,0.24618908762931824,0.029068253934383392,0.5259469151496887,0.2918703258037567,0.009769858792424202,0.46526041626930237,0.28609657287597656,0.05311248078942299,0.5225549936294556,0.30047309398651123,-0.05254616215825081,0.4656325578689575,0.3049473464488983,0.038915250450372696,0.5213354825973511,0.3098832368850708,-0.06754841655492783,0.4652612805366516,0.31993567943573,0.02934165857732296,0.5183709263801575,0.30696600675582886,-0.08087372034788132,0.46880465745925903,0.3180735409259796,0.018306344747543335,0.5175632834434509,0.3036003112792969,-0.059714384377002716,0.47033658623695374,0.31394219398498535,0.03391597419977188,0.5103491544723511,0.38024479150772095,-0.0017466790741309524,0.480447381734848,0.37906143069267273,0.0017729161772876978,0.5174665451049805,0.4872763752937317,-0.015750255435705185,0.46972718834877014,0.4846624732017517,-0.015704892575740814,0.5227092504501343,0.5838028788566589,0.03899476304650307,0.46183350682258606,0.5804426074028015,0.03976946324110031,0.5196961760520935,0.5957352519035339,0.0398610457777977,0.46394288539886475,0.5944045186042786,0.04041483253240585,0.5344942808151245,0.607705295085907,-0.02591324783861637,0.4472006857395172,0.6040075421333313,-0.02397281676530838
0.968268871307373,0.495930939912796,0.1862659901380539,-0.039003897458314896,0.49894049763679504,0.1830199658870697,-0.02912379987537861,0.5006192326545715,0.18365900218486786,-0.029133165255188942,0.502214252948761,0.18436340987682343,-0.029129287227988243,0.49381551146507263,0.1825738251209259,-0.027363410219550133,0.4921531677246094,0.18293148279190063,-0.02737538143992424,0.4904066026210785,0.18336613476276398,-0.027347160503268242,0.5048545598983765,0.19128796458244324,0.028703609481453896,0.48822227120399475,0.1901244968175888,0.03569411486387253,0.5001822710037231,0.19676990807056427,-0.018040476366877556,0.49237316846847534,0.19517241418361664,-0.016217606142163277,0.5203397870063782,0.24565765261650085,0.0270285252481699,0.4729229509830475,0.24397079646587372,0.048845075070858,0.526086151599884,0.27845701575279236,-0.0868629440665245,0.4652680456638336,0.2695678472518921,-0.05316084250807762,0.5222494602203369,0.2750530242919922,-0.22016113996505737,0.46393540501594543,0.27539098262786865,-0.20094545185565948,0.5212811231613159,0.2789265215396881,-0.24886131286621094,0.4632171094417572,0.2856922745704651,-0.22963549196720123,0.5167640447616577,0.27607962489128113,-0.2512019872665405,0.4673101603984833,0.2849295139312744,-0.23147058486938477,0.5153836607933044,0.27519485354423523,-0.22443468868732452,0.4691411256790161,0.28214961290359497,-0.20657901465892792,0.5102135539054871,0.37995240092277527,-0.005113115534186363,0.48039424419403076,0.3788105547428131,0.005100630689412355,0.5173938274383545,0.48747575283050537,-0.013567757792770863,0.4698896110057831,0.4846680760383606,-0.006799640599638224,0.5226932764053345,0.5838029384613037,0.03728143870830536,0.46188294887542725,0.5804641842842102,0.043870922178030014,0.5197241902351379,0.5960466265678406,0.0374898724257946,0.4639407992362976,0.5946143269538879,0.04484737291932106,0.5345057249069214,0.6075823307037354,-0.029433121904730797,0.4466060400009155,0.6036213636398315,-0.020585019141435623
1.0183088779449463,0.49586740136146545,0.18631570041179657,-0.054992251098155975,0.49895110726356506,0.18292005360126495,-0.04554678872227669,0.5007222294807434,0.1835680603981018,-0.045563954859972,0.5022514462471008,0.1842515617609024,-0.04556902125477791,0.49365222454071045,0.18240708112716675,-0.04385199025273323,0.49193477630615234,0.18273375928401947,-0.043887630105018616,0.4901021718978882,0.18314990401268005,-0.04390489682555199,0.5048933625221252,0.19104254245758057,0.009650954976677895,0.48780736327171326,0.18964263796806335,0.01420686487108469,0.500122606754303,0.19716395437717438,-0.036018069833517075,0.49210336804389954,0.19550643861293793,-0.03434842824935913,0.5190520882606506,0.24377655982971191,0.006360283587127924,0.4732011556625366,0.23948036134243011,0.004835077561438084,0.5261099338531494,0.2660243511199951,-0.14992521703243256,0.4653589427471161,0.2505044937133789,-0.15884001553058624,0.521058201789856,0.24943624436855316,-0.285216361284256,0.46402496099472046,0.25034284591674805,-0.31487151980400085,0.5186321139335632,0.2414654791355133,-0.3159993886947632,0.4643113911151886,0.2530706524848938,-0.3465116620063782,0.5156891345977783,0.23751260340213776,-0.31252482533454895,0.4689294695854187,0.24850161373615265,-0.3411397635936737,0.5146952271461487,0.2406255304813385,-0.2880834937095642,0.47041353583335876,0.248050719499588,-0.3183344006538391,0.5102758407592773,0.37964996695518494,-0.002794262021780014,0.48039624094963074,0.3787834942340851,0.0027438479010015726,0.5173947215080261,0.48751312494277954,-0.008084926754236221,0.47010737657546997,0.48462265729904175,-0.007693178486078978,0.5226941704750061,0.5837755799293518,0.04004928842186928,0.46191486716270447,0.5804430842399597,0.040690965950489044,0.5197601318359375,0.5961453318595886,0.04016297683119774,0.4639352858066559,0.5945378541946411,0.04103470593690872,0.5347793102264404,0.6075513958930969,-0.02779630944132805,0.4466570317745209,0.6034306883811951,-0.02495519630610943
1.0613183975219727,0.4956670105457306,0.18556325137615204,-0.07085845619440079,0.4989015758037567,0.1812581568956375,-0.05939578637480736,0.5007135272026062,0.18194511532783508,-0.05939454585313797,0.502251386642456,0.18278908729553223,-0.05940116569399834,0.49344074726104736,0.18055595457553864,-0.06006719172000885,0.4915938973426819,0.1807585060596466,-0.06004273146390915,0.48963943123817444,0.18109898269176483,-0.0599900521337986,0.5049037337303162,0.18935823440551758,0.008565879426896572,0.4873385429382324,0.1876610666513443,-0.0005644875927828252,0.5000585913658142,0.1961832344532013,-0.0481535904109478,0.4919286370277405,0.19455885887145996,-0.049569614231586456,0.5176080465316772,0.24228349328041077,-0.008029834367334843,0.47379982471466064,0.23602570593357086,-0.015256328508257866,0.525375485420227,0.2564604878425598,-0.1707250028848648,0.46539387106895447,0.23092582821846008,-0.17998294532299042,0.5192095041275024,0.21538721024990082,-0.3048756718635559,0.4667181670665741,0.21401475369930267,-0.32126399874687195,0.5174417495727539,0.20274914801120758,-0.33525165915489197,0.4683595597743988,0.21219590306282043,-0.3510850667953491,0.5154157280921936,0.20022615790367126,-0.32866573333740234,0.47142305970191956,0.21163849532604218,-0.3444456458091736,0.5144786834716797,0.20502705872058868,-0.3067384362220764,0.47186464071273804,0.21360455453395844,-0.3242284655570984,0.510332465171814,0.3784227967262268,-8.505638220412948e-07,0.4805578291416168,0.3780110776424408,-7.024234218988568e-05,0.5174201130867004,0.4870857000350952,-0.008133058436214924,0.4702172875404358,0.4843369722366333,-0.011955957859754562,0.5226832628250122,0.5837318301200867,0.0366554856300354,0.4619239568710327,0.5804312825202942,0.03434458002448082,0.5197609663009644,0.5962995290756226,0.03639983385801315,0.46393272280693054,0.5945199131965637,0.03436240181326866,0.5349111557006836,0.607527494430542,-0.0314551405608654,0.4466293454170227,0.6034016609191895,-0.03188333660364151
1.1228413581848145,0.495517373085022,0.18550916016101837,-0.08653337508440018,0.4988612234592438,0.1810212880373001,-0.07570116966962814,0.5006701350212097,0.18165095150470734,-0.07569660991430283,0.5022302865982056,0.18243880569934845,-0.07569610327482224,0.49337461590766907,0.1803991049528122,-0.07560162246227264,0.4914531409740448,0.18059003353118896,-0.07557573914527893,0.48947203159332275,0.18085366487503052,-0.07552099227905273,0.5048794150352478,0.18840453028678894,-0.013378671370446682,0.48711350560188293,0.18670065701007843,-0.0141170434653759,0.49996039271354675,0.195915088057518,-0.06437277048826218,0.49185505509376526,0.19448697566986084,-0.06436014920473099,0.5171178579330444,0.24073833227157593,-0.02516757696866989,0.4740493893623352,0.23406271636486053,-0.02367287315428257,0.5241629481315613,0.24850155413150787,-0.1990337371826172,0.46563056111335754,0.23167204856872559,-0.18491977453231812,0.5174732804298401,0.20349353551864624,-0.34341302514076233,0.46729201078414917,0.20312078297138214,-0.32470592856407166,0.5164241194725037,0.19119124114513397,-0.3765659034252167,0.4689517021179199,0.1958414763212204,-0.35526376962661743,0.5149253010749817,0.18936310708522797,-0.36937323212623596,0.47147586941719055,0.1950099915266037,-0.3499404788017273,0.5138155817985535,0.19457563757896423,-0.3456829786300659,0.471894234418869,0.19881656765937805,-0.328361839056015,0.510404646396637,0.3779526948928833,-6.910119282110827e-06,0.4805699586868286,0.37773534655570984,-6.966861110413447e-05,0.5175586342811584,0.48702138662338257,-0.011216874234378338,0.47027474641799927,0.48408541083335876,-0.011981328018009663,0.522628128528595,0.5835129618644714,0.034994516521692276,0.4619304835796356,0.5803629159927368,0.03702135384082794,0.5197615623474121,0.5962963104248047,0.035015542060136795,0.46391886472702026,0.5945299863815308,0.037221893668174744,0.5349280834197998,0.6075255274772644,-0.03346966952085495,0.44648057222366333,0.603338897228241,-0.029722927138209343
1.1678478717803955,0.4950464963912964,0.1852094680070877,-0.1008375957608223,0.49823057651519775,0.18060943484306335,-0.0909290686249733,0.5000698566436768,0.18107829988002777,-0.09094318002462387,0.5017567873001099,0.1816738247871399,-0.09095783531665802,0.4928075671195984,0.18010959029197693,-0.09077669680118561,0.4908050298690796,0.1802554577589035,-0.0907508134841919,0.4888290762901306,0.1804496794939041,-0.0907040685415268,0.5045961141586304,0.18643979728221893,-0.031419891864061356,0.486489862203598,0.18579331040382385,-0.02963491529226303,0.4993274509906769,0.1949189305305481,-0.07882164418697357,0.49136632680892944,0.19397996366024017,-0.07836030423641205,0.5167154669761658,0.23794694244861603,-0.0417940691113472,0.47407546639442444,0.23382121324539185,-0.03739826753735542,0.5207962989807129,0.23964236676692963,-0.22213894128799438,0.46670401096343994,0.22683563828468323,-0.20667468011379242,0.5161424279212952,0.19068993628025055,-0.36856427788734436,0.4693850576877594,0.18972423672676086,-0.35857677459716797,0.5163540840148926,0.17505642771720886,-0.4026511311531067,0.4698023200035095,0.1781579852104187,-0.3910259008407593,0.515091598033905,0.17336562275886536,-0.39611750841140747,0.47142377495765686,0.17699198424816132,-0.3867379426956177,0.5136579275131226,0.17938776314258575,-0.37150365114212036,0.4721250832080841,0.18171140551567078,-0.3633619546890259,0.5104013681411743,0.37779560685157776,-0.0005341651267372072,0.4805026948451996,0.3776494860649109,0.0004410183464642614,0.5178781747817993,0.48713430762290955,-0.012613831087946892,0.47023794054985046,0.48402518033981323,-0.008624259382486343,0.5224378108978271,0.5831109881401062,0.033296309411525726,0.4620088040828705,0.5801503658294678,0.039265409111976624,0.5197004079818726,0.5957102179527283,0.03310132399201393,0.4639703929424286,0.5945016741752625,0.03962491825222969,0.5347966551780701,0.6075690984725952,-0.03575330227613449,0.4465038478374481,0.6033396124839783,-0.026953114196658134
1.215362548828125,0.4945468008518219,0.185048907995224,-0.10606053471565247,0.4975094199180603,0.18035714328289032,-0.09592612087726593,0.4994531273841858,0.18071123957633972,-0.09594669938087463,0.5012716054916382,0.1811710000038147,-0.09596406668424606,0.4920317232608795,0.18004275858402252,-0.09531167894601822,0.48998886346817017,0.1801927089691162,-0.09528566151857376,0.488037645816803,0.18037864565849304,-0.09524286538362503,0.5042720437049866,0.18559835851192474,-0.03703143075108528,0.4856926202774048,0.1857355237007141,-0.03255569189786911,0.49888819456100464,0.19468893110752106,-0.08437173068523407,0.4908873438835144,0.19397391378879547,-0.08314401656389236,0.5167587995529175,0.23751717805862427,-0.04924768581986427,0.474059522151947,0.23456783592700958,-0.04013454541563988,0.5193904042243958,0.23491954803466797,-0.23224206268787384,0.4673629403114319,0.22773204743862152,-0.20989961922168732,0.5156024694442749,0.18383169174194336,-0.37616878747940063,0.4702121913433075,0.18556728959083557,-0.3643433153629303,0.5166085362434387,0.16691698133945465,-0.41043010354042053,0.4701467752456665,0.17212234437465668,-0.39729705452919006,0.5152199268341064,0.16490434110164642,-0.4042275846004486,0.47139406204223633,0.16977183520793915,-0.39313459396362305,0.5138245224952698,0.1716672033071518,-0.37934795022010803,0.4721212089061737,0.17485636472702026,-0.3694656491279602,0.5104025602340698,0.3778666853904724,-0.002016656566411257,0.4803691804409027,0.3777935206890106,0.001919360482133925,0.518174409866333,0.4878225326538086,-0.013523311354219913,0.4700212776660919,0.48393815755844116,-0.007043304853141308,0.5222896337509155,0.5829269886016846,0.03433220833539963,0.4620290696620941,0.5801247954368591,0.0418955460190773,0.5196791291236877,0.5955051183700562,0.03428736701607704,0.46401703357696533,0.5945529341697693,0.04155450686812401,0.534720242023468,0.6077008247375488,-0.03505736589431763,0.4463302493095398,0.6035252213478088,-0.024322493001818657
1.2703721523284912,0.4943852424621582,0.18493340909481049,-0.10563625395298004,0.49726685881614685,0.18018370866775513,-0.09531620144844055,0.4992169439792633,0.18046309053897858,-0.09533680230379105,0.5010609030723572,0.1808379739522934,-0.09535470604896545,0.49180716276168823,0.17999106645584106,-0.09486332535743713,0.4897609055042267,0.18014471232891083,-0.0948370173573494,0.4878059923648834,0.18031813204288483,-0.094792939722538,0.5040696859359741,0.18501535058021545,-0.03585221618413925,0.48543664813041687,0.18555888533592224,-0.03219367563724518,0.4987066984176636,0.19446755945682526,-0.08376749604940414,0.49077939987182617,0.19387707114219666,-0.08277005702257156,0.5167057514190674,0.2371520698070526,-0.04747204855084419,0.47405439615249634,0.23485024273395538,-0.039901189506053925,0.5189376473426819,0.23416660726070404,-0.2296760082244873,0.4678249657154083,0.22773896157741547,-0.2098800390958786,0.5154964327812195,0.18360410630702972,-0.37433502078056335,0.470711886882782,0.18521453440189362,-0.3629032075405121,0.5168053507804871,0.1667366474866867,-0.4087900221347809,0.47033464908599854,0.17210081219673157,-0.39580026268959045,0.5152611136436462,0.16472645103931427,-0.4025818109512329,0.47135215997695923,0.17006124556064606,-0.39142194390296936,0.5139445066452026,0.17133325338363647,-0.3775339424610138,0.4721512198448181,0.17497310042381287,-0.36785465478897095,0.5104036927223206,0.37792229652404785,-0.0023976676166057587,0.48030176758766174,0.3778490126132965,0.002303187269717455,0.5183562636375427,0.48816749453544617,-0.014124837704002857,0.4698919355869293,0.4839222729206085,-0.006995195988565683,0.5221670866012573,0.5828890800476074,0.0341666080057621,0.46202895045280457,0.580202579498291,0.04193900153040886,0.5196346640586853,0.5954901576042175,0.03414904698729515,0.46403607726097107,0.5949884653091431,0.04203725606203079,0.534820556640625,0.6080536246299744,-0.03475528582930565,0.4460393786430359,0.6036482453346252,-0.024175312370061874
1.3158905506134033,0.4944073557853699,0.1859411746263504,-0.10755515843629837,0.4972621202468872,0.1808055341243744,-0.09680251032114029,0.4991852641105652,0.18106748163700104,-0.09682359546422958,0.5010136365890503,0.1813824474811554,-0.09684007614850998,0.4918353855609894,0.18062065541744232,-0.09674796462059021,0.4898119270801544,0.18078146874904633,-0.0967201292514801,0.4878629744052887,0.18095409870147705,-0.09667275100946426,0.5038230419158936,0.18508851528167725,-0.03643186762928963,0.48527705669403076,0.1860705316066742,-0.0346686877310276,0.4986117482185364,0.19559802114963531,-0.08546064794063568,0.4908122420310974,0.195124089717865,-0.08500699698925018,0.5163952112197876,0.23781181871891022,-0.050304826349020004,0.47387203574180603,0.23510392010211945,-0.04266667366027832,0.5180838108062744,0.22822679579257965,-0.23319315910339355,0.46820810437202454,0.22585716843605042,-0.2119477391242981,0.5147691369056702,0.17658628523349762,-0.3768172264099121,0.47055932879447937,0.18083429336547852,-0.36671891808509827,0.5168213248252869,0.15858198702335358,-0.4116268455982208,0.470170795917511,0.16575415432453156,-0.4002159535884857,0.5152691006660461,0.15670126676559448,-0.4068959057331085,0.47077977657318115,0.16229726374149323,-0.39672139286994934,0.5134152770042419,0.16403011977672577,-0.38072240352630615,0.4718283414840698,0.1677331179380417,-0.3722521960735321,0.5103882551193237,0.37837523221969604,-0.0024014972150325775,0.4801088273525238,0.378864586353302,0.0023104127030819654,0.5189191699028015,0.48781976103782654,-0.013785292394459248,0.4686923027038574,0.48382043838500977,-0.014605061151087284,0.5219547152519226,0.5822837948799133,0.03557126596570015,0.4619514048099518,0.580277144908905,0.03888968750834465,0.5194185972213745,0.5948373675346375,0.035721555352211,0.4640182554721832,0.5954474210739136,0.03909032791852951,0.5349892377853394,0.6079714298248291,-0.03288261219859123,0.4452945291996002,0.6038262844085693,-0.026831891387701035
1.3648948669433594,0.49436885118484497,0.1884344220161438,-0.10810767859220505,0.497207909822464,0.18270297348499298,-0.0971546620130539,0.49913591146469116,0.18292373418807983,-0.09717676788568497,0.5009867548942566,0.18320466578006744,-0.09719451516866684,0.4917413294315338,0.18270859122276306,-0.09695401042699814,0.4897163212299347,0.18292972445487976,-0.09692781418561935,0.4877616763114929,0.18317291140556335,-0.09688088297843933,0.5038206577301025,0.18769250810146332,-0.03660674765706062,0.485025018453598,0.18877370655536652,-0.03424598276615143,0.4985208511352539,0.19866429269313812,-0.0860060453414917,0.49075233936309814,0.19825759530067444,-0.0853688195347786,0.5165067315101624,0.23814086616039276,-0.050711072981357574,0.47367528080940247,0.23793524503707886,-0.04160996153950691,0.5176241993904114,0.23337075114250183,-0.23334822058677673,0.4681943953037262,0.22961963713169098,-0.20851373672485352,0.5144330859184265,0.17989663779735565,-0.3751855194568634,0.47041061520576477,0.18459750711917877,-0.3622273802757263,0.5167766809463501,0.1605062633752823,-0.4095543622970581,0.46985161304473877,0.16826294362545013,-0.395526260137558,0.5152648091316223,0.15826091170310974,-0.40457087755203247,0.47014206647872925,0.1647404283285141,-0.3920208215713501,0.5130792260169983,0.16608040034770966,-0.37901705503463745,0.47147253155708313,0.17062421143054962,-0.36779555678367615,0.5104084014892578,0.38108399510383606,-0.0024664474185556173,0.4799046516418457,0.38135069608688354,0.0023787568788975477,0.5201712846755981,0.4876840114593506,-0.014182389713823795,0.46711266040802,0.48372894525527954,-0.03128970414400101,0.5218554735183716,0.5818827748298645,0.03632648289203644,0.4618110656738281,0.5804361701011658,0.024626314640045166,0.5192251205444336,0.5946682095527649,0.036571551114320755,0.46400773525238037,0.5956850647926331,0.02492031455039978,0.5353937745094299,0.607934832572937,-0.031941674649715424,0.44433268904685974,0.6039553880691528,-0.041844841092824936
1.4144206047058105,0.49409928917884827,0.19140425324440002,-0.10933088511228561,0.4970283508300781,0.18547199666500092,-0.09826523810625076,0.4989800453186035,0.18571482598781586,-0.09829016774892807,0.5008602738380432,0.18598446249961853,-0.09831082820892334,0.49150246381759644,0.1852535754442215,-0.09777706116437912,0.4894639253616333,0.18532893061637878,-0.09774904698133469,0.4874849319458008,0.18546266853809357,-0.09770157188177109,0.5037842392921448,0.19101263582706451,-0.03783361613750458,0.4847644865512848,0.19115693867206573,-0.03413631394505501,0.49802154302597046,0.20150211453437805,-0.08732613921165466,0.49015137553215027,0.2011847347021103,-0.08627994358539581,0.516455352306366,0.23938754200935364,-0.053715597838163376,0.47337692975997925,0.2409798800945282,-0.040768422186374664,0.5174924731254578,0.2358567863702774,-0.23849061131477356,0.4681961238384247,0.2310895174741745,-0.20782549679279327,0.5143594145774841,0.1818322241306305,-0.3779517114162445,0.47036370635032654,0.1859559565782547,-0.36168986558914185,0.5167974233627319,0.162728950381279,-0.41221943497657776,0.4697626233100891,0.170469269156456,-0.394823282957077,0.5153200626373291,0.1603449434041977,-0.4066168963909149,0.46984565258026123,0.16703814268112183,-0.3912474811077118,0.5131581425666809,0.1676361858844757,-0.38144800066947937,0.47126132249832153,0.17249953746795654,-0.3673163652420044,0.5104154944419861,0.3835776746273041,-0.002848747419193387,0.47980067133903503,0.383994460105896,0.002769784303382039,0.5212574005126953,0.4877013564109802,-0.019404828548431396,0.465702086687088,0.48293337225914,-0.042310502380132675,0.5218533277511597,0.581884503364563,0.03133922815322876,0.4616740942001343,0.5804415345191956,0.015324369072914124,0.5191309452056885,0.5946999788284302,0.03131905198097229,0.4640110731124878,0.5956650972366333,0.015773247927427292,0.535849928855896,0.6079301238059998,-0.03722713142633438,0.44355207681655884,0.6039484739303589,-0.0505465604364872
1.4654223918914795,0.4940466582775116,0.19382581114768982,-0.10884226858615875,0.49698153138160706,0.1878380924463272,-0.09748699516057968,0.4989343285560608,0.18816503882408142,-0.09751269221305847,0.5008150339126587,0.18852171301841736,-0.09753422439098358,0.49141713976860046,0.18749172985553741,-0.09726956486701965,0.4893641471862793,0.18755900859832764,-0.09724225103855133,0.48733845353126526,0.18764618039131165,-0.0971982404589653,0.5037580728530884,0.19436904788017273,-0.03680533543229103,0.4845130145549774,0.19367897510528564,-0.03436936065554619,0.49791765213012695,0.20377448201179504,-0.08679994940757751,0.489944726228714,0.2034529149532318,-0.08614064753055573,0.5161532759666443,0.24152933061122894,-0.05216510221362114,0.4730646014213562,0.24357491731643677,-0.040468551218509674,0.5177525877952576,0.23982882499694824,-0.23422427475452423,0.4681704640388489,0.2339889258146286,-0.20372572541236877,0.5145861506462097,0.18622298538684845,-0.37238332629203796,0.4702969789505005,0.18905699253082275,-0.3522408902645111,0.5168319344520569,0.1668400913476944,-0.4062018096446991,0.46954256296157837,0.17412225902080536,-0.3844662010669708,0.5156195163726807,0.1640571802854538,-0.3999212384223938,0.4693604111671448,0.17038419842720032,-0.38089993596076965,0.5132490992546082,0.17131367325782776,-0.37553563714027405,0.470897376537323,0.1758771389722824,-0.3576033413410187,0.5104061365127563,0.38663527369499207,-0.0030155715066939592,0.4797481894493103,0.38703832030296326,0.002943722065538168,0.5225180983543396,0.4877244830131531,-0.026013504713773727,0.46396195888519287,0.4820284843444824,-0.05826558545231819,0.521922767162323,0.581879198551178,0.023671340197324753,0.46159401535987854,0.5804396867752075,-0.0014287628000602126,0.519131600856781,0.5946903824806213,0.02353353053331375,0.46403929591178894,0.5956507325172424,-0.000904682616237551,0.5361627340316772,0.6079382300376892,-0.04447023198008537,0.44310978055000305,0.603894054889679,-0.06680365651845932
1.52494478225708,0.49393609166145325,0.19767512381076813,-0.10913635045289993,0.49677354097366333,0.19149434566497803,-0.09745065867900848,0.49867430329322815,0.19175201654434204,-0.09747572243213654,0.5005287528038025,0.19207178056240082,-0.09749572724103928,0.4912840723991394,0.19158601760864258,-0.09728705137968063,0.4892527461051941,0.19189214706420898,-0.09726272523403168,0.4872138798236847,0.19218023121356964,-0.097223199903965,0.5035473704338074,0.19820763170719147,-0.0370609275996685,0.4843127131462097,0.19857828319072723,-0.034845538437366486,0.4977569580078125,0.20747293531894684,-0.08740586787462234,0.48980799317359924,0.20802536606788635,-0.08680164813995361,0.5159785747528076,0.24577783048152924,-0.05284911394119263,0.47263801097869873,0.247635617852211,-0.04210706800222397,0.5178295969963074,0.24187526106834412,-0.2317938506603241,0.46814343333244324,0.23574534058570862,-0.2041003704071045,0.5145680904388428,0.1897047907114029,-0.3654237687587738,0.4702456295490265,0.19134382903575897,-0.34971457719802856,0.5168739557266235,0.17151661217212677,-0.3981556296348572,0.4692946672439575,0.177554190158844,-0.3815910518169403,0.5157567262649536,0.16892972588539124,-0.39171066880226135,0.4688739776611328,0.17350822687149048,-0.3777602016925812,0.5132935047149658,0.17609596252441406,-0.3683091402053833,0.47053954005241394,0.178599014878273,-0.3548774719238281,0.5104016661643982,0.390426367521286,-0.0030989977531135082,0.47969767451286316,0.39037784934043884,0.003031006548553705,0.5239437818527222,0.48773640394210815,-0.0317942313849926,0.4627387821674347,0.481174111366272,-0.0724743977189064,0.5219215750694275,0.5818573236465454,0.015935881063342094,0.46123793721199036,0.5803318619728088,-0.01660291478037834,0.5190394520759583,0.5945395231246948,0.015627386048436165,0.46394145488739014,0.5954395532608032,-0.016028033569455147,0.5361692905426025,0.607936680316925,-0.05187724903225899,0.44272762537002563,0.6038953065872192,-0.08087463676929474
1.5689542293548584,0.49380773305892944,0.20222605764865875,-0.10770603269338608,0.4966374635696411,0.19626332819461823,-0.09583593159914017,0.4985331892967224,0.1965104639530182,-0.09585928171873093,0.5004058480262756,0.1968037486076355,-0.09587874263525009,0.49115148186683655,0.19636200368404388,-0.0956219807267189,0.48911145329475403,0.1966908872127533,-0.09559990465641022,0.4870516061782837,0.19696590304374695,-0.09556185454130173,0.5035034418106079,0.20271867513656616,-0.03552032634615898,0.4841632843017578,0.20333218574523926,-0.03320455178618431,0.49756208062171936,0.2121848613023758,-0.08609142154455185,0.48962053656578064,0.21284261345863342,-0.08545348793268204,0.5159699320793152,0.2505270838737488,-0.05026499181985855,0.4722375273704529,0.2524113655090332,-0.039719872176647186,0.5177408456802368,0.24300803244113922,-0.22406312823295593,0.46779343485832214,0.23775731027126312,-0.19733208417892456,0.5146387219429016,0.19308774173259735,-0.3536306619644165,0.4700360596179962,0.19564178586006165,-0.33995649218559265,0.5169098973274231,0.17560508847236633,-0.38537847995758057,0.4685334861278534,0.18232028186321259,-0.37137410044670105,0.5159099698066711,0.17322109639644623,-0.37893420457839966,0.4681200683116913,0.1782732754945755,-0.3671914041042328,0.5133856534957886,0.18009351193904877,-0.3563118875026703,0.46975237131118774,0.1833285242319107,-0.3448633551597595,0.5104037523269653,0.3950473964214325,-0.0029226248152554035,0.479629248380661,0.39466968178749084,0.0028580420184880495,0.525238037109375,0.488124817609787,-0.05557950586080551,0.46129319071769714,0.4802546799182892,-0.09326604753732681,0.5219480395317078,0.5817834138870239,-0.010639140382409096,0.46095722913742065,0.578875720500946,-0.03216610103845596,0.5189854502677917,0.5943166613578796,-0.0111762760207057,0.4638829529285431,0.5939406752586365,-0.030947847291827202,0.5361596345901489,0.607914388179779,-0.08064921945333481,0.4427802860736847,0.6038798689842224,-0.09596694260835648
1.6074950695037842,0.49359792470932007,0.22083936631679535,-0.10319288074970245,0.49653616547584534,0.21384850144386292,-0.09005223959684372,0.49848487973213196,0.2141023576259613,-0.09006110578775406,0.5003582239151001,0.21438919007778168,-0.0900755450129509,0.49070993065834045,0.21395781636238098,-0.09209828078746796,0.48855698108673096,0.2144567221403122,-0.09209682792425156,0.48644378781318665,0.21489208936691284,-0.09205832332372665,0.5033702254295349,0.2185634821653366,-0.025982212275266647,0.4837051331996918,0.21945194900035858,-0.03221628814935684,0.49739834666252136,0.2301824688911438,-0.08010204881429672,0.48939982056617737,0.22998586297035217,-0.08290564268827438,0.5151231288909912,0.26413384079933167,-0.036358173936605453,0.4716675579547882,0.2655121386051178,-0.0407317616045475,0.517894446849823,0.25704512000083923,-0.20595207810401917,0.4667038321495056,0.2515840530395508,-0.20859526097774506,0.5146549344062805,0.20673415064811707,-0.3437676727771759,0.4693182706832886,0.21042990684509277,-0.35340404510498047,0.5169327259063721,0.1885688155889511,-0.3742294907569885,0.4671191871166229,0.1949450820684433,-0.38546842336654663,0.5159229636192322,0.1855146884918213,-0.3640838861465454,0.46731093525886536,0.19265170395374298,-0.3787859082221985,0.5134024024009705,0.19395044445991516,-0.3452199101448059,0.4694536030292511,0.1991552859544754,-0.3571104109287262,0.5102170705795288,0.4049692153930664,0.0003679430519696325,0.479619562625885,0.4038466513156891,-0.0004441812343429774,0.5282594561576843,0.48817935585975647,-0.09459146857261658,0.4583744704723358,0.48056432604789734,-0.12778356671333313,0.5221332311630249,0.5816047191619873,-0.0431889146566391,0.460446298122406,0.5784758925437927,-0.055881574749946594,0.5189660787582397,0.5942089557647705,-0.04271761700510979,0.4636803865432739,0.5937777161598206,-0.0530598945915699,0.5361374616622925,0.6078381538391113,-0.11176813393831253,0.4428529441356659,0.603884756565094,-0.11803068220615387
1.6480820178985596,0.49346357583999634,0.22918246686458588,-0.10439705103635788,0.4964528977870941,0.2222621589899063,-0.09111441671848297,0.49844324588775635,0.22255957126617432,-0.09111673384904861,0.5003145337104797,0.22279812395572662,-0.09112385660409927,0.4904381334781647,0.22212542593479156,-0.09303713589906693,0.48820430040359497,0.22243058681488037,-0.093034528195858,0.48601996898651123,0.22276921570301056,-0.09299062937498093,0.503322958946228,0.2269342839717865,-0.026282837614417076,0.48330622911453247,0.2278464138507843,-0.03388266637921333,0.4973369240760803,0.23929522931575775,-0.08157242089509964,0.48930588364601135,0.23928682506084442,-0.08388204872608185,0.5148996114730835,0.27322500944137573,-0.03699726238846779,0.4714215099811554,0.2743130326271057,-0.04425251483917236,0.5179958343505859,0.26762986183166504,-0.20557816326618195,0.46567705273628235,0.26478296518325806,-0.21033984422683716,0.5146220922470093,0.21790115535259247,-0.34202003479003906,0.4679817855358124,0.22229249775409698,-0.35541442036628723,0.516953706741333,0.20044481754302979,-0.37365907430648804,0.46547502279281616,0.20701594650745392,-0.38850826025009155,0.5159234404563904,0.1974504142999649,-0.3653809726238251,0.4662341773509979,0.20453444123268127,-0.38133272528648376,0.5133269429206848,0.20503054559230804,-0.3444787561893463,0.46844905614852905,0.21031133830547333,-0.3590050935745239,0.5100391507148743,0.4099757671356201,0.0015727486461400986,0.47961050271987915,0.40911003947257996,-0.0016473864670842886,0.5291107892990112,0.4881826937198639,-0.11846692115068436,0.45734068751335144,0.48060286045074463,-0.1459294855594635,0.5222861170768738,0.5798541903495789,-0.056026749312877655,0.4602881371974945,0.5780837535858154,-0.06469038128852844,0.5189679265022278,0.5931970477104187,-0.05438339337706566,0.4636598229408264,0.5932080745697021,-0.06086806207895279,0.5358849763870239,0.6074230074882507,-0.12389471381902695,0.4441841244697571,0.6038854718208313,-0.1268332153558731
1.6967723369598389,0.4931074380874634,0.24634645879268646,-0.10277318209409714,0.4958743155002594,0.238971546292305,-0.09025800228118896,0.49787238240242004,0.23905058205127716,-0.09025918692350388,0.4997749626636505,0.23918360471725464,-0.09026434272527695,0.48983970284461975,0.23948454856872559,-0.09197144210338593,0.48758184909820557,0.23988689482212067,-0.09197472780942917,0.4854103922843933,0.24024641513824463,-0.09193653613328934,0.5027364492416382,0.24240273237228394,-0.026754727587103844,0.4827498495578766,0.24386562407016754,-0.033695437014102936,0.49700137972831726,0.2563153803348541,-0.07986608892679214,0.48916974663734436,0.2566550374031067,-0.08182917535305023,0.5145943760871887,0.28561457991600037,-0.03418659791350365,0.4712810814380646,0.2878575623035431,-0.04175787791609764,0.5178055167198181,0.28663164377212524,-0.19240058958530426,0.4645249545574188,0.28228360414505005,-0.20235766470432281,0.5139500498771667,0.23967355489730835,-0.3259982168674469,0.46652185916900635,0.24546508491039276,-0.3444348871707916,0.5167117714881897,0.22093139588832855,-0.35668498277664185,0.4641619324684143,0.22871941328048706,-0.3763170838356018,0.5154526233673096,0.21836557984352112,-0.3498013913631439,0.46546700596809387,0.2272762656211853,-0.37107378244400024,0.5121399164199829,0.22610686719417572,-0.3287651836872101,0.4676903784275055,0.2337198257446289,-0.3483419716358185,0.5099143385887146,0.41893109679222107,0.0019484200747683644,0.47962042689323425,0.41860491037368774,-0.0020077878143638372,0.5297157764434814,0.488288938999176,-0.13375987112522125,0.45655015110969543,0.4828871488571167,-0.15493625402450562,0.5222835540771484,0.5794452428817749,-0.07574538141489029,0.46019697189331055,0.5780516862869263,-0.07850571721792221,0.5188812017440796,0.5929384827613831,-0.07415752112865448,0.46365925669670105,0.5931674838066101,-0.07473314553499222,0.5352857708930969,0.6069126129150391,-0.14244487881660461,0.4442978501319885,0.6039305925369263,-0.13858364522457123
1.7374389171600342,0.49247971177101135,0.2652427554130554,-0.08067695051431656,0.4952567219734192,0.2575407922267914,-0.07056567817926407,0.49727585911750793,0.25771012902259827,-0.07057799398899078,0.49919456243515015,0.2579350471496582,-0.07058742642402649,0.48927271366119385,0.25808221101760864,-0.07072342932224274,0.48716089129447937,0.25847184658050537,-0.07073461264371872,0.4851422905921936,0.25879576802253723,-0.07071615010499954,0.5020179152488708,0.2611024081707001,-0.011783745139837265,0.48261409997940063,0.2618497312068939,-0.01213433314114809,0.49640101194381714,0.2755461037158966,-0.05849804729223251,0.4887875020503998,0.2751038074493408,-0.058678872883319855,0.5143152475357056,0.29911118745803833,-0.013234864920377731,0.4712057113647461,0.3017817735671997,-0.019065115600824356,0.5168798565864563,0.2961340844631195,-0.14965087175369263,0.4640945494174957,0.297942191362381,-0.16880586743354797,0.5133179426193237,0.25898078083992004,-0.2693561613559723,0.46579307317733765,0.2668590545654297,-0.3051375448703766,0.5164594650268555,0.2419344037771225,-0.29620233178138733,0.4633671045303345,0.2519672214984894,-0.33362701535224915,0.5148365497589111,0.24016883969306946,-0.29173821210861206,0.4654158651828766,0.2509855628013611,-0.32608258724212646,0.5111154913902283,0.24811048805713654,-0.27207115292549133,0.46761947870254517,0.25760260224342346,-0.30746474862098694,0.5097744464874268,0.42837557196617126,0.0019526424584910274,0.4796217679977417,0.42810043692588806,-0.0020063305273652077,0.5298563241958618,0.4890257716178894,-0.15397702157497406,0.4565260112285614,0.48557156324386597,-0.16366107761859894,0.522284209728241,0.5794748067855835,-0.10725212097167969,0.4601674973964691,0.5782113075256348,-0.10324607789516449,0.5188233256340027,0.5929611921310425,-0.10616939514875412,0.46362048387527466,0.5931742191314697,-0.10043533891439438,0.5349462032318115,0.6062402129173279,-0.1737540364265442,0.44449204206466675,0.603934645652771,-0.16275693476200104
1.7913191318511963,0.49214181303977966,0.2669043242931366,-0.10656822472810745,0.4951826333999634,0.2590879201889038,-0.09485062956809998,0.4972376227378845,0.2592795491218567,-0.09485326707363129,0.49912792444229126,0.2594967484474182,-0.09485616534948349,0.48904335498809814,0.2593081593513489,-0.09470883756875992,0.4868853688240051,0.25960874557495117,-0.0947193130850792,0.4848739802837372,0.25994300842285156,-0.09468547999858856,0.5020214915275574,0.2628612518310547,-0.033947765827178955,0.48251596093177795,0.26333457231521606,-0.03312591090798378,0.49620917439460754,0.27718785405158997,-0.0845232903957367,0.48852476477622986,0.2767605483531952,-0.08433100581169128,0.5141538381576538,0.30332431197166443,-0.03733253851532936,0.4711531400680542,0.304684042930603,-0.03730819374322891,0.5169840455055237,0.30310478806495667,-0.17003969848155975,0.4634344279766083,0.30453935265541077,-0.1930641382932663,0.5133475065231323,0.25774553418159485,-0.28729671239852905,0.46512943506240845,0.26877501606941223,-0.33586153388023376,0.5164676904678345,0.24145643413066864,-0.3198959231376648,0.4628348648548126,0.25454065203666687,-0.36749905347824097,0.5148686766624451,0.2384186089038849,-0.3193625807762146,0.46502983570098877,0.25243693590164185,-0.35711294412612915,0.5113022327423096,0.24552223086357117,-0.2943158745765686,0.4673624336719513,0.2586480379104614,-0.337385356426239,0.5093832612037659,0.42990928888320923,0.002015424892306328,0.4795770049095154,0.42943042516708374,-0.0020740923937410116,0.5301326513290405,0.4897923767566681,-0.16887076199054718,0.45649442076683044,0.4861129820346832,-0.1720750778913498,0.5222580432891846,0.5797865986824036,-0.10882292687892914,0.4601927399635315,0.5786152482032776,-0.10250551253557205,0.5187162160873413,0.59365314245224,-0.10684801638126373,0.46364477276802063,0.5932129621505737,-0.09953685849905014,0.5348674654960632,0.6062437891960144,-0.17922857403755188,0.4445893466472626,0.603935718536377,-0.1680559366941452
1.8363962173461914,0.4918903410434723,0.2840132713317871,-0.1078542172908783,0.49488720297813416,0.2765292823314667,-0.09767134487628937,0.4969497621059418,0.2767336368560791,-0.09768018871545792,0.49883899092674255,0.27690377831459045,-0.09768684208393097,0.4886542856693268,0.27730250358581543,-0.09685561060905457,0.4864944517612457,0.27786684036254883,-0.09686414897441864,0.4845307469367981,0.27830806374549866,-0.09683642536401749,0.5016571879386902,0.2803216576576233,-0.040224816650152206,0.48222026228904724,0.28152701258659363,-0.03649970516562462,0.49587661027908325,0.29351022839546204,-0.08650472015142441,0.488177090883255,0.29341885447502136,-0.08559735119342804,0.5136597156524658,0.317025750875473,-0.040783703327178955,0.47108766436576843,0.3182355761528015,-0.0378548726439476,0.5168522000312805,0.32394254207611084,-0.1781507283449173,0.4633970558643341,0.32172301411628723,-0.18960528075695038,0.5134013891220093,0.278459370136261,-0.29721081256866455,0.4636206328868866,0.2910155653953552,-0.33341875672340393,0.5164779424667358,0.2594253122806549,-0.3252342641353607,0.46134132146835327,0.2750627398490906,-0.3626472055912018,0.5149993300437927,0.25680097937583923,-0.32038596272468567,0.46351441740989685,0.27319642901420593,-0.3533855080604553,0.5113455653190613,0.264470636844635,-0.3000074028968811,0.46588096022605896,0.2802879214286804,-0.3347952663898468,0.5085541009902954,0.43962445855140686,0.001957723405212164,0.47947004437446594,0.43921929597854614,-0.002014852361753583,0.5301401019096375,0.4904386103153229,-0.17533127963542938,0.45624393224716187,0.4881848394870758,-0.17585311830043793,0.5220173001289368,0.5804448127746582,-0.12661877274513245,0.4602578580379486,0.579502284526825,-0.11746673285961151,0.5183966159820557,0.594472348690033,-0.12559138238430023,0.4637167155742645,0.5935332179069519,-0.11539701372385025,0.5345810651779175,0.6064514517784119,-0.1965969204902649,0.4445628523826599,0.6039365530014038,-0.18200501799583435
1.8798344135284424,0.49138158559799194,0.2844434380531311,-0.10621849447488785,0.4947192072868347,0.2774786949157715,-0.0954788476228714,0.49679034948349,0.2777852416038513,-0.09548711776733398,0.49866634607315063,0.27809661626815796,-0.09549494832754135,0.4883962571620941,0.27735379338264465,-0.09500586986541748,0.4862624704837799,0.2775754928588867,-0.0950089693069458,0.48433640599250793,0.27778929471969604,-0.09497596323490143,0.501579999923706,0.2817158102989197,-0.03725527599453926,0.48216238617897034,0.2815380096435547,-0.034899551421403885,0.49539104104042053,0.2951406240463257,-0.08500072360038757,0.48747387528419495,0.29376330971717834,-0.08437284082174301,0.5129632353782654,0.32065457105636597,-0.040930092334747314,0.47106096148490906,0.3208310902118683,-0.03769967332482338,0.5168910622596741,0.32329338788986206,-0.18172059953212738,0.4632006287574768,0.3244580924510956,-0.18959107995033264,0.513891875743866,0.27848026156425476,-0.30601125955581665,0.46288007497787476,0.2928105294704437,-0.3332802653312683,0.5173073410987854,0.2629145681858063,-0.33520469069480896,0.4607740044593811,0.27730676531791687,-0.36354896426200867,0.5156441330909729,0.25926220417022705,-0.33017492294311523,0.46293705701828003,0.27525705099105835,-0.3546554148197174,0.5123623609542847,0.265952467918396,-0.3089222311973572,0.46527621150016785,0.2817012071609497,-0.3352735936641693,0.5077574253082275,0.4403613209724426,0.0018663372611626983,0.47930601239204407,0.43966442346572876,-0.00192294642329216,0.5299882292747498,0.4907777011394501,-0.17507880926132202,0.45607832074165344,0.48890212178230286,-0.1711169332265854,0.5219320058822632,0.5812329649925232,-0.12440966814756393,0.4603690207004547,0.580311119556427,-0.11365780234336853,0.5182672142982483,0.5951770544052124,-0.12320852279663086,0.4638003706932068,0.5937417149543762,-0.11183993518352509,0.5345944166183472,0.6063929200172424,-0.19455479085445404,0.4445531964302063,0.6039575934410095,-0.1794261634349823
1.9264867305755615,0.49113836884498596,0.31257304549217224,-0.0874675065279007,0.4943489134311676,0.30514222383499146,-0.07853586971759796,0.49640756845474243,0.3051467835903168,-0.07855387777090073,0.49829041957855225,0.3052308261394501,-0.07856784015893936,0.4881320595741272,0.30558744072914124,-0.07774236053228378,0.4861033260822296,0.3056465983390808,-0.07774989306926727,0.48422524333000183,0.3057192265987396,-0.07772311568260193,0.5013056397438049,0.30875295400619507,-0.025806790217757225,0.48197969794273376,0.3085823357105255,-0.02219923585653305,0.4951449930667877,0.32179775834083557,-0.06749777495861053,0.48743969202041626,0.3207443654537201,-0.06660768389701843,0.5124292969703674,0.3419265151023865,-0.026178032159805298,0.4709700047969818,0.34218114614486694,-0.022176090627908707,0.5167580246925354,0.3507346510887146,-0.15028449892997742,0.46305739879608154,0.34752586483955383,-0.1559799462556839,0.5147051811218262,0.30928999185562134,-0.25909584760665894,0.46170181035995483,0.318779855966568,-0.28837698698043823,0.5180050730705261,0.29235225915908813,-0.2843989431858063,0.458871990442276,0.3067120611667633,-0.3151877224445343,0.5161455273628235,0.289312481880188,-0.2793157696723938,0.46151527762413025,0.30293941497802734,-0.3087683618068695,0.5128174424171448,0.29699772596359253,-0.26089632511138916,0.4637252986431122,0.30809077620506287,-0.29093730449676514,0.5073978304862976,0.4560403823852539,0.0017980874981731176,0.47895902395248413,0.4562487006187439,-0.0018615376902744174,0.5298653244972229,0.4919130206108093,-0.17904523015022278,0.45609480142593384,0.49390631914138794,-0.1758405566215515,0.5212408304214478,0.5817318558692932,-0.14107781648635864,0.4610322117805481,0.5810742974281311,-0.1309148520231247,0.5175477862358093,0.5953875184059143,-0.14055310189723969,0.46428629755973816,0.5937451124191284,-0.12971100211143494,0.5342008471488953,0.606299638748169,-0.2064175009727478,0.4451335370540619,0.6038928031921387,-0.19213590025901794
1.9752702713012695,0.4908626973628998,0.333693265914917,-0.08908616751432419,0.4939073324203491,0.32607513666152954,-0.08082085102796555,0.4959684908390045,0.3258678913116455,-0.08084666728973389,0.4978470802307129,0.3258347809314728,-0.08087446540594101,0.4877610206604004,0.32662293314933777,-0.08030179888010025,0.4857805073261261,0.32676878571510315,-0.08034394681453705,0.48398861289024353,0.32692450284957886,-0.08032918721437454,0.5008898377418518,0.32869479060173035,-0.028437873348593712,0.4816591441631317,0.3294406831264496,-0.02644539438188076,0.4949744641780853,0.3427572250366211,-0.06948684900999069,0.48736995458602905,0.34188413619995117,-0.0682392343878746,0.5118371248245239,0.3586004972457886,-0.02699214406311512,0.4709726572036743,0.360156387090683,-0.025943176820874214,0.5168241858482361,0.3683919310569763,-0.15580639243125916,0.46298038959503174,0.3663915991783142,-0.16322313249111176,0.5156036019325256,0.32772737741470337,-0.2743161916732788,0.46128666400909424,0.3378273844718933,-0.3006224036216736,0.5197501182556152,0.31165775656700134,-0.30120715498924255,0.45782384276390076,0.32549217343330383,-0.3287299871444702,0.5169926881790161,0.308121919631958,-0.2959013283252716,0.46085885167121887,0.3216738700866699,-0.32207736372947693,0.5134360194206238,0.31619811058044434,-0.27621644735336304,0.46327120065689087,0.3267742693424225,-0.3030547499656677,0.5068065524101257,0.46787333488464355,0.0017415344482287765,0.4784901738166809,0.46824148297309875,-0.001808271510526538,0.5298226475715637,0.49269363284111023,-0.19576340913772583,0.45631879568099976,0.4960446357727051,-0.19379855692386627,0.521012008190155,0.5817289352416992,-0.15109418332576752,0.4614799916744232,0.5814234614372253,-0.14545492827892303,0.5172207355499268,0.5947619676589966,-0.15051952004432678,0.46470263600349426,0.5937429070472717,-0.14440716803073883,0.5336963534355164,0.6052717566490173,-0.21794845163822174,0.4465571939945221,0.6039148569107056,-0.21033675968647003
2.026247978210449,0.4909009039402008,0.3343290686607361,-0.09176842868328094,0.49397924542427063,0.32709231972694397,-0.08225789666175842,0.4959776997566223,0.3270930349826813,-0.08227802067995071,0.4978886842727661,0.327154278755188,-0.08229894191026688,0.4877834618091583,0.32732000946998596,-0.0820685401558876,0.4858313500881195,0.32743605971336365,-0.08208678662776947,0.48402872681617737,0.3275737762451172,-0.08206503838300705,0.5009018182754517,0.32981356978416443,-0.027295341715216637,0.48166730999946594,0.3298777937889099,-0.02651536464691162,0.49501505494117737,0.3427852392196655,-0.07108034938573837,0.4874039888381958,0.3419959247112274,-0.07076709717512131,0.5118283033370972,0.36133167147636414,-0.022279180586338043,0.4709480404853821,0.35995620489120483,-0.023434193804860115,0.5171524882316589,0.3703503906726837,-0.14969033002853394,0.46297529339790344,0.3703530430793762,-0.1563260406255722,0.5161204934120178,0.3310733437538147,-0.265118807554245,0.46157822012901306,0.3442372977733612,-0.2895727753639221,0.5200571417808533,0.31355994939804077,-0.2903052270412445,0.45831072330474854,0.3284498155117035,-0.31649646162986755,0.5171521306037903,0.3095601499080658,-0.2830022871494293,0.46119773387908936,0.3247329294681549,-0.3092712163925171,0.5136030912399292,0.3174698054790497,-0.26595017313957214,0.4628332853317261,0.3358771800994873,-0.2914378046989441,0.5065215229988098,0.4665469825267792,0.0017020718660205603,0.4783543646335602,0.467567503452301,-0.0017723224591463804,0.5297195315361023,0.49266526103019714,-0.1931091696023941,0.45676812529563904,0.4955933690071106,-0.19473227858543396,0.5205904841423035,0.5819219350814819,-0.1570742428302765,0.4617334306240082,0.5818161964416504,-0.1535978615283966,0.5161002278327942,0.5949616432189941,-0.15754617750644684,0.46484819054603577,0.5939695239067078,-0.1533721536397934,0.533623456954956,0.6055178642272949,-0.22601325809955597,0.4467819035053253,0.6044726371765137,-0.2205064743757248
2.086183547973633,0.4908049702644348,0.35839465260505676,-0.09289974719285965,0.4938421845436096,0.3507693111896515,-0.08302851021289825,0.4958258271217346,0.3507750630378723,-0.08304872363805771,0.4976535737514496,0.350867360830307,-0.08306877315044403,0.487690806388855,0.35102301836013794,-0.08305791765451431,0.4857279658317566,0.35105299949645996,-0.0830700471997261,0.48396438360214233,0.3512280583381653,-0.08304446190595627,0.5005137920379639,0.3534145653247833,-0.026024898514151573,0.4815483093261719,0.35338571667671204,-0.026349762454628944,0.4948607087135315,0.36745238304138184,-0.0714225023984909,0.4873419404029846,0.36636531352996826,-0.07156415283679962,0.5114923715591431,0.38227584958076477,-0.020372314378619194,0.4709501564502716,0.3808504343032837,-0.023180078715085983,0.5174735188484192,0.3923253118991852,-0.15291763842105865,0.46301382780075073,0.3902980089187622,-0.15869742631912231,0.5186432600021362,0.3554442822933197,-0.27487558126449585,0.4616011679172516,0.36660799384117126,-0.29379215836524963,0.5231109857559204,0.34136712551116943,-0.30191320180892944,0.4585191309452057,0.35273030400276184,-0.32141268253326416,0.5199122428894043,0.3358186185359955,-0.29617899656295776,0.4614745080471039,0.3496570885181427,-0.31529971957206726,0.5163639187812805,0.34208276867866516,-0.2765560746192932,0.4629589319229126,0.35633572936058044,-0.29607370495796204,0.506447970867157,0.4834965467453003,0.001685247290879488,0.47835761308670044,0.4842051863670349,-0.001758137601427734,0.5279814004898071,0.4929369390010834,-0.20565149188041687,0.45794451236724854,0.4950226843357086,-0.19854412972927094,0.5203277468681335,0.5824745893478394,-0.18710578978061676,0.46226340532302856,0.5826060175895691,-0.1791679859161377,0.515773355960846,0.595348060131073,-0.18986262381076813,0.46540567278862,0.5947506427764893,-0.1815541386604309,0.5332587957382202,0.6055254936218262,-0.2587667405605316,0.44716835021972656,0.6044728755950928,-0.25112730264663696
2.1322250366210938,0.49073201417922974,0.36694473028182983,-0.08080504089593887,0.49370235204696655,0.3592311143875122,-0.07070539891719818,0.4956723749637604,0.3591015934944153,-0.0707320123910904,0.497434139251709,0.35921961069107056,-0.07075757533311844,0.48757508397102356,0.35968586802482605,-0.07032079249620438,0.48561179637908936,0.35980838537216187,-0.07032810151576996,0.48387765884399414,0.3600633442401886,-0.07030098885297775,0.5002191066741943,0.3620370328426361,-0.014196491800248623,0.4814113974571228,0.36220499873161316,-0.012213492766022682,0.49477264285087585,0.3748261034488678,-0.05969711393117905,0.4872981011867523,0.3740381598472595,-0.059321846812963486,0.5112217664718628,0.3886425793170929,-0.00675983028486371,0.47094881534576416,0.38916370272636414,-0.007349638268351555,0.5175083875656128,0.4033817946910858,-0.12841984629631042,0.4630218744277954,0.4019726514816284,-0.13334181904792786,0.5189836621284485,0.36572352051734924,-0.23871412873268127,0.4614658057689667,0.37436559796333313,-0.2626885771751404,0.5236952304840088,0.35218316316604614,-0.2631555199623108,0.45828142762184143,0.3622117042541504,-0.2885764539241791,0.5206137895584106,0.34832873940467834,-0.25766798853874207,0.4613630473613739,0.3577406406402588,-0.2828800082206726,0.5166144967079163,0.3548477590084076,-0.24002379179000854,0.4632672667503357,0.3628259301185608,-0.26483353972435,0.5063574314117432,0.4910527467727661,0.0013304190943017602,0.47864505648612976,0.49191758036613464,-0.001346287433989346,0.5274140238761902,0.49429503083229065,-0.1991504281759262,0.45872288942337036,0.49491679668426514,-0.18721352517604828,0.519953191280365,0.5835963487625122,-0.1956234872341156,0.46265023946762085,0.5825513601303101,-0.1829925924539566,0.5154725909233093,0.5964717864990234,-0.19961439073085785,0.46555015444755554,0.5950556993484497,-0.1865740567445755,0.5327478647232056,0.6055445671081543,-0.2669115662574768,0.4475841522216797,0.6038382649421692,-0.2532851994037628
2.1920714378356934,0.4907490611076355,0.37524837255477905,-0.062399666756391525,0.49360930919647217,0.36802586913108826,-0.052435263991355896,0.49548986554145813,0.36797717213630676,-0.05246612802147865,0.4971389174461365,0.3679070472717285,-0.052494511008262634,0.48758363723754883,0.3687049448490143,-0.052337829023599625,0.4856230914592743,0.36898255348205566,-0.05234174802899361,0.48389294743537903,0.3692677319049835,-0.05231654644012451,0.4995913505554199,0.3698292672634125,0.0012074459809809923,0.48140278458595276,0.37093013525009155,0.0020893586333841085,0.4946611225605011,0.3827081620693207,-0.04254892095923424,0.4873120188713074,0.3825497031211853,-0.04249341040849686,0.5109564661979675,0.39598947763442993,0.004248748067766428,0.47094982862472534,0.3969440162181854,0.0017388045089319348,0.5176782011985779,0.4085250198841095,-0.11875369399785995,0.4632148742675781,0.40831366181373596,-0.12395516782999039,0.5194583535194397,0.37629619240760803,-0.22740843892097473,0.46160632371902466,0.3840554356575012,-0.2488134801387787,0.5244895815849304,0.363322913646698,-0.2512194514274597,0.4582589566707611,0.37161609530448914,-0.27357444167137146,0.5211511850357056,0.35931676626205444,-0.24562112987041473,0.4612658619880676,0.36735719442367554,-0.2687760591506958,0.5167345404624939,0.3665775954723358,-0.22875277698040009,0.46346256136894226,0.3730241656303406,-0.25129434466362,0.5056003928184509,0.49721401929855347,0.0010403890628367662,0.47877204418182373,0.4978034794330597,-0.001029425417073071,0.5270989537239075,0.49518048763275146,-0.19463345408439636,0.4588937759399414,0.494557648897171,-0.18320564925670624,0.5195397734642029,0.5838785767555237,-0.19508801400661469,0.4627912640571594,0.5825314521789551,-0.1796489655971527,0.5154201984405518,0.5976836681365967,-0.19923289120197296,0.4658256769180298,0.5953599214553833,-0.18298529088497162,0.5326912999153137,0.6058336496353149,-0.26355764269828796,0.4477933645248413,0.6038340330123901,-0.24600355327129364
2.237630844116211,0.49085527658462524,0.38308635354042053,-0.05528118088841438,0.4936255216598511,0.3756609261035919,-0.04465661570429802,0.4955189526081085,0.37538614869117737,-0.04468649998307228,0.4971373379230499,0.3751753568649292,-0.04471540078520775,0.4876651167869568,0.3765817880630493,-0.044959135353565216,0.48567479848861694,0.37689268589019775,-0.04496290162205696,0.48396068811416626,0.377201646566391,-0.04493653029203415,0.49940937757492065,0.3768152892589569,0.009870585985481739,0.48141464591026306,0.37867769598960876,0.00910742487758398,0.49467557668685913,0.38998308777809143,-0.03531954810023308,0.4874867796897888,0.3901774287223816,-0.0357462540268898,0.5107024908065796,0.40378648042678833,0.009712541475892067,0.47101742029190063,0.40488794445991516,0.006180885247886181,0.5177891254425049,0.4141666889190674,-0.12019211798906326,0.46364372968673706,0.41335558891296387,-0.1277584284543991,0.5198794007301331,0.38485491275787354,-0.23447613418102264,0.4616853892803192,0.3911266624927521,-0.25658753514289856,0.5251460671424866,0.3723847568035126,-0.2593180239200592,0.4580450654029846,0.37917205691337585,-0.2823511064052582,0.5218217968940735,0.3683024048805237,-0.25356948375701904,0.4608667492866516,0.3749944865703583,-0.27704641222953796,0.5170785784721375,0.3756738305091858,-0.23603834211826324,0.46353185176849365,0.38039490580558777,-0.25900110602378845,0.5053045153617859,0.5034769773483276,0.0006580856861546636,0.4792803227901459,0.504827618598938,-0.0006319984677247703,0.5264137983322144,0.49501991271972656,-0.19669076800346375,0.4591829478740692,0.49444371461868286,-0.18193189799785614,0.5193034410476685,0.5831974744796753,-0.19336280226707458,0.46313127875328064,0.5829117298126221,-0.17736904323101044,0.5154526829719543,0.5976004600524902,-0.19743941724300385,0.466221421957016,0.5962696075439453,-0.18092916905879974,0.5309016704559326,0.6057757139205933,-0.2618374526500702,0.4479527175426483,0.6038594245910645,-0.24445560574531555
2.2809152603149414,0.49105218052864075,0.3935717046260834,-0.04715118184685707,0.4936385154724121,0.38542160391807556,-0.03634176030755043,0.49553635716438293,0.384995698928833,-0.03637399524450302,0.497161865234375,0.3846528232097626,-0.036403849720954895,0.4877026379108429,0.38656261563301086,-0.03635657951235771,0.48569455742836,0.3870401978492737,-0.03636311739683151,0.48402339220046997,0.3875655233860016,-0.03634795919060707,0.4994681775569916,0.38568514585494995,0.019752638414502144,0.4814814627170563,0.38917070627212524,0.020423660054802895,0.49472638964653015,0.40079057216644287,-0.02657197043299675,0.4878000319004059,0.40143194794654846,-0.026620004326105118,0.5107895135879517,0.4116652011871338,0.022668523713946342,0.47139203548431396,0.4140278100967407,0.021065352484583855,0.5179557204246521,0.4227466881275177,-0.10575585812330246,0.4644054174423218,0.4199458360671997,-0.10717415809631348,0.5208317041397095,0.39717400074005127,-0.21617628633975983,0.46196529269218445,0.40232348442077637,-0.23149818181991577,0.526874840259552,0.38561099767684937,-0.23900093138217926,0.45812925696372986,0.39283791184425354,-0.2551378607749939,0.5239410400390625,0.3825256824493408,-0.23346596956253052,0.4612152874469757,0.39026525616645813,-0.25024545192718506,0.5190300345420837,0.3890731632709503,-0.21751096844673157,0.4641188979148865,0.39494186639785767,-0.23369592428207397,0.5053595900535583,0.5090125799179077,-0.0006658009951934218,0.48013535141944885,0.5116015076637268,0.000713466783054173,0.5255700945854187,0.4943040609359741,-0.19618354737758636,0.45997899770736694,0.4936075210571289,-0.1803579032421112,0.5192692279815674,0.5831853151321411,-0.20828579366207123,0.4635810852050781,0.5828778743743896,-0.19942599534988403,0.515502393245697,0.597772479057312,-0.2162901610136032,0.46635380387306213,0.5964179039001465,-0.20613911747932434,0.5306122899055481,0.6058689951896667,-0.28175684809684753,0.4479398727416992,0.6038474440574646,-0.2713128626346588
2.3401987552642822,0.491876482963562,0.39833271503448486,-0.03005802258849144,0.4942623972892761,0.38949230313301086,-0.018491478636860847,0.4959457516670227,0.3890306353569031,-0.01852349378168583,0.4974350035190582,0.38870182633399963,-0.018551912158727646,0.4884802997112274,0.39086028933525085,-0.01931982859969139,0.4863162636756897,0.3912672996520996,-0.01933072693645954,0.48453399538993835,0.3916868567466736,-0.019315848127007484,0.4996333122253418,0.3897531032562256,0.03894186019897461,0.48176300525665283,0.3933402895927429,0.0359015055000782,0.49514445662498474,0.4051612317562103,-0.00905524380505085,0.4887804388999939,0.40600794553756714,-0.010209844447672367,0.5108274221420288,0.4144822061061859,0.04038601368665695,0.47180986404418945,0.41835206747055054,0.03647780418395996,0.5180320739746094,0.4261036217212677,-0.08668214827775955,0.4649786353111267,0.4253275692462921,-0.09147540479898453,0.5216949582099915,0.4035717248916626,-0.20003467798233032,0.46242088079452515,0.4085741639137268,-0.21866542100906372,0.5280694961547852,0.3920735716819763,-0.2228006273508072,0.4582465589046478,0.39854076504707336,-0.24246297776699066,0.525076687335968,0.3895638883113861,-0.2179923951625824,0.46126797795295715,0.3959765136241913,-0.23722633719444275,0.5204280018806458,0.3955291211605072,-0.20161031186580658,0.46448421478271484,0.4013791084289551,-0.22056987881660461,0.5054348707199097,0.5113457441329956,-0.001545390347018838,0.4806784391403198,0.5134806036949158,0.0016039229230955243,0.525492787361145,0.49427106976509094,-0.1877421885728836,0.4603968858718872,0.49320101737976074,-0.1814548522233963,0.5193061828613281,0.5831862092018127,-0.2044314742088318,0.46375104784965515,0.5828936696052551,-0.202666774392128,0.5156274437904358,0.5972263813018799,-0.21244663000106812,0.4664095938205719,0.5964060425758362,-0.20965053141117096,0.5308275818824768,0.6056661009788513,-0.2759931683540344,0.4479641020298004,0.6036022901535034,-0.27504533529281616
2.38329815864563,0.4927014708518982,0.39746686816215515,-0.04457429423928261,0.49521446228027344,0.3891090452671051,-0.033160194754600525,0.49675896763801575,0.38899511098861694,-0.033191218972206116,0.49827438592910767,0.3889402449131012,-0.03321774676442146,0.4895908534526825,0.38955315947532654,-0.033682312816381454,0.4872829020023346,0.3898732364177704,-0.033689357340335846,0.48531976342201233,0.3903616666793823,-0.03366897255182266,0.5006101131439209,0.3908427059650421,0.024099495261907578,0.4822285771369934,0.3934098780155182,0.022437362000346184,0.4956929385662079,0.4053538143634796,-0.023732922971248627,0.48951834440231323,0.40559154748916626,-0.024449603632092476,0.5112289786338806,0.4166606068611145,0.024663694202899933,0.4722146987915039,0.42000895738601685,0.022641899064183235,0.5182488560676575,0.4272823929786682,-0.10863511264324188,0.46545061469078064,0.426925927400589,-0.11028017848730087,0.5227053761482239,0.40778353810310364,-0.2276138812303543,0.46314236521720886,0.4100586175918579,-0.23938770592212677,0.5291292071342468,0.3967292010784149,-0.25193965435028076,0.45855697989463806,0.3990270793437958,-0.263939768075943,0.5259262323379517,0.39412620663642883,-0.24651622772216797,0.46154558658599854,0.3963181674480438,-0.2579231858253479,0.5215359330177307,0.39974504709243774,-0.22924558818340302,0.4649847745895386,0.40202590823173523,-0.24112151563167572,0.5054886341094971,0.5132113695144653,-0.0018338504014536738,0.4808788597583771,0.5157185196876526,0.0018751479219645262,0.5254635214805603,0.4942876696586609,-0.18350054323673248,0.46060436964035034,0.49292585253715515,-0.1780749261379242,0.5193124413490295,0.5837100744247437,-0.18878333270549774,0.46387481689453125,0.5829570293426514,-0.18377280235290527,0.5156638622283936,0.5972225666046143,-0.19464141130447388,0.4664415419101715,0.5963972210884094,-0.18897010385990143,0.5309743285179138,0.6055833101272583,-0.2578216791152954,0.44797882437705994,0.6033146381378174,-0.2528769075870514
2.437436103820801,0.49379298090934753,0.3917407989501953,-0.09807591140270233,0.496169775724411,0.3837267756462097,-0.08740805834531784,0.4975455403327942,0.38355016708374023,-0.08743368089199066,0.4989910125732422,0.3834044635295868,-0.08746065944433212,0.4906928837299347,0.38399961590766907,-0.08784595131874084,0.4882361590862274,0.38404619693756104,-0.08786079287528992,0.48607492446899414,0.38419225811958313,-0.08783654123544693,0.5011922121047974,0.38487106561660767,-0.026952112093567848,0.4828956425189972,0.38663655519485474,-0.02832059934735298,0.4965406060218811,0.3994182050228119,-0.07553121447563171,0.49042174220085144,0.39992058277130127,-0.07612339407205582,0.5114136934280396,0.4106405973434448,-0.015014260075986385,0.47337108850479126,0.4124565124511719,-0.016871454194188118,0.5191569924354553,0.4185802638530731,-0.14809679985046387,0.4653910994529724,0.4243593215942383,-0.1419072449207306,0.523909866809845,0.3971393406391144,-0.277167409658432,0.4632950723171234,0.4036693572998047,-0.2712094187736511,0.5301252007484436,0.3860298693180084,-0.3035573363304138,0.459450364112854,0.3915450870990753,-0.2964859902858734,0.526847243309021,0.38367265462875366,-0.29782137274742126,0.4627821147441864,0.3887711763381958,-0.2905968725681305,0.5227236747741699,0.3890000581741333,-0.2790575921535492,0.4663313627243042,0.39444294571876526,-0.2728056013584137,0.5055124759674072,0.5089737176895142,-0.0016989479772746563,0.48127269744873047,0.5114539861679077,0.001734666875563562,0.5254005193710327,0.49425917863845825,-0.18714891374111176,0.46072104573249817,0.49308493733406067,-0.18091411888599396,0.5193282961845398,0.5840088725090027,-0.1836216151714325,0.46398523449897766,0.5829992890357971,-0.1806989312171936,0.5156876444816589,0.5972005724906921,-0.18609553575515747,0.4666019380092621,0.5963811278343201,-0.18261316418647766,0.5309785604476929,0.6052356362342834,-0.24897022545337677,0.4481631815433502,0.6030027270317078,-0.25091782212257385
2.4801406860351562,0.4939521253108978,0.3845013380050659,-0.1016809418797493,0.49631327390670776,0.376782089471817,-0.0908348336815834,0.4977359473705292,0.3766920864582062,-0.09085511416196823,0.4991632103919983,0.37665820121765137,-0.09087716788053513,0.4907802641391754,0.37675994634628296,-0.09116441756486893,0.4883989989757538,0.376806378364563,-0.09117688238620758,0.4862845838069916,0.3769511282444,-0.09114665538072586,0.5015114545822144,0.3790366053581238,-0.03321358188986778,0.4832371175289154,0.3800067603588104,-0.03422234207391739,0.496848464012146,0.39244627952575684,-0.080653615295887,0.4905819594860077,0.39238882064819336,-0.08110757917165756,0.5117409825325012,0.4074751138687134,-0.02757653407752514,0.47383376955986023,0.4088246822357178,-0.029829207807779312,0.519910454750061,0.4150431156158447,-0.16667599976062775,0.4653424322605133,0.41864773631095886,-0.16128534078598022,0.5245717763900757,0.38851627707481384,-0.2961907684803009,0.4638253450393677,0.39463064074516296,-0.28835803270339966,0.5302423238754272,0.3775448203086853,-0.3235408365726471,0.46130114793777466,0.38299497961997986,-0.3146798312664032,0.5272309184074402,0.3745010197162628,-0.31740984320640564,0.4647141993045807,0.3805162012577057,-0.3081352114677429,0.5235628485679626,0.3795737326145172,-0.29824694991111755,0.4674750864505768,0.3856234848499298,-0.2899875044822693,0.5055168867111206,0.5068361163139343,-0.0012182190548628569,0.4812049865722656,0.5083385109901428,0.0012282176176086068,0.5254194140434265,0.49425241351127625,-0.18903721868991852,0.46120503544807434,0.49327605962753296,-0.1811489462852478,0.5193625092506409,0.5843481421470642,-0.16695944964885712,0.4639991819858551,0.5830234885215759,-0.15986227989196777,0.5157135128974915,0.5972176194190979,-0.16814331710338593,0.4666278064250946,0.5963626503944397,-0.16074219346046448,0.5310496687889099,0.6050363779067993,-0.2319280505180359,0.4482024013996124,0.6028597354888916,-0.22546598315238953
2.5378081798553467,0.4941471219062805,0.3741738796234131,-0.11275294423103333,0.4966810941696167,0.36733299493789673,-0.10124685615301132,0.4981583058834076,0.36788785457611084,-0.10126619040966034,0.49975475668907166,0.36862191557884216,-0.10128001868724823,0.49120140075683594,0.3670504689216614,-0.10156884044408798,0.4889758229255676,0.36764079332351685,-0.10158064216375351,0.4868607223033905,0.36849352717399597,-0.10155118256807327,0.501878559589386,0.3749557137489319,-0.04203326627612114,0.48364466428756714,0.37484633922576904,-0.04344722256064415,0.4970210790634155,0.38381972908973694,-0.09138254076242447,0.49082711338996887,0.38296055793762207,-0.09196028113365173,0.5117505192756653,0.40180739760398865,-0.03699434921145439,0.4739469587802887,0.40496134757995605,-0.04079264774918556,0.5200291872024536,0.41123321652412415,-0.17554447054862976,0.4653550684452057,0.41467365622520447,-0.17259790003299713,0.5245371460914612,0.38191381096839905,-0.3031143546104431,0.46506741642951965,0.38609346747398376,-0.2963148355484009,0.5300834774971008,0.36823683977127075,-0.3301999866962433,0.46290722489356995,0.37114760279655457,-0.3232559561729431,0.5276709198951721,0.3620789051055908,-0.32438769936561584,0.46631336212158203,0.3687067925930023,-0.31538546085357666,0.5240702033042908,0.3673473596572876,-0.30533525347709656,0.4690956473350525,0.3755057454109192,-0.29746493697166443,0.5048547983169556,0.503166675567627,0.0004620244144462049,0.47999653220176697,0.508195161819458,-0.00047089948202483356,0.5251083970069885,0.4943075180053711,-0.19400109350681305,0.46186015009880066,0.4948241114616394,-0.18985600769519806,0.5193508863449097,0.5846410989761353,-0.15548112988471985,0.4639849364757538,0.5830752849578857,-0.1519082635641098,0.5156578421592712,0.5973193049430847,-0.1552475094795227,0.4666513204574585,0.5962463021278381,-0.1513637751340866,0.531099796295166,0.6051456332206726,-0.22136849164962769,0.44835612177848816,0.6029642224311829,-0.21851402521133423
2.5938777923583984,0.4942469000816345,0.35137662291526794,-0.10877487063407898,0.4967070519924164,0.34421563148498535,-0.09715232253074646,0.4982224404811859,0.3444072902202606,-0.09717106074094772,0.49981868267059326,0.3446827530860901,-0.0971846953034401,0.49125003814697266,0.34456944465637207,-0.09742184728384018,0.4890458881855011,0.3451106548309326,-0.09741871058940887,0.48696908354759216,0.3457396626472473,-0.09738648682832718,0.5018872618675232,0.34859150648117065,-0.03843272104859352,0.4837990403175354,0.34950268268585205,-0.03919916972517967,0.4972155690193176,0.35986363887786865,-0.08756943047046661,0.49103742837905884,0.35938146710395813,-0.0879308432340622,0.5117354393005371,0.38166344165802,-0.033189523965120316,0.47420448064804077,0.3808037340641022,-0.03858647495508194,0.5203313231468201,0.38722074031829834,-0.16768227517604828,0.46537134051322937,0.39195388555526733,-0.16974382102489471,0.5250726342201233,0.3518664240837097,-0.2942415475845337,0.46606212854385376,0.35729357600212097,-0.2896396815776825,0.5310031771659851,0.33432716131210327,-0.32142582535743713,0.4637664258480072,0.341779500246048,-0.31618574261665344,0.5286296010017395,0.3315337002277374,-0.3161083161830902,0.46656057238578796,0.3380449414253235,-0.3081000745296478,0.524865984916687,0.3389727473258972,-0.29677528142929077,0.46928051114082336,0.34457263350486755,-0.2906573712825775,0.5038966536521912,0.48381730914115906,0.0016613599145784974,0.4788059890270233,0.484550803899765,-0.0016801978927105665,0.5249009728431702,0.4941191077232361,-0.1949940174818039,0.46239906549453735,0.4963377118110657,-0.19030943512916565,0.5193341970443726,0.5844746232032776,-0.14713340997695923,0.46396300196647644,0.5830627083778381,-0.14517904818058014,0.5156306028366089,0.5968778729438782,-0.1459227204322815,0.4666406512260437,0.5954626202583313,-0.14386454224586487,0.5309998989105225,0.6051302552223206,-0.21223004162311554,0.44858768582344055,0.6029831171035767,-0.21225425601005554
2.6574270725250244,0.4944799244403839,0.3267950117588043,-0.10148508846759796,0.4969368875026703,0.31963852047920227,-0.08988551050424576,0.4984525442123413,0.31971850991249084,-0.08990681171417236,0.5000556111335754,0.31989923119544983,-0.08992709219455719,0.49157336354255676,0.3204634487628937,-0.09007628262042999,0.4893726110458374,0.321186363697052,-0.09007155895233154,0.4872730076313019,0.3220139145851135,-0.09004077315330505,0.5019292831420898,0.3245965540409088,-0.03279982507228851,0.4840053617954254,0.3267134726047516,-0.03324306756258011,0.4975336194038391,0.3357243537902832,-0.08099152892827988,0.4914880692958832,0.336688369512558,-0.0812189057469368,0.5117221474647522,0.3625583052635193,-0.0277247317135334,0.47441399097442627,0.3624158501625061,-0.033576395362615585,0.521335780620575,0.3645646274089813,-0.15892106294631958,0.4648372232913971,0.37065383791923523,-0.16066385805606842,0.526338517665863,0.3194945156574249,-0.28305360674858093,0.46586015820503235,0.32778480648994446,-0.2737828493118286,0.5321222543716431,0.3044050633907318,-0.3096376955509186,0.4634751081466675,0.30721452832221985,-0.29907530546188354,0.5296590328216553,0.3034127652645111,-0.31019896268844604,0.46623122692108154,0.30452755093574524,-0.2897397577762604,0.526590883731842,0.30857035517692566,-0.28591662645339966,0.4692385494709015,0.31154799461364746,-0.2740418016910553,0.5036876201629639,0.4662177264690399,0.0025478152092546225,0.4784429371356964,0.46541541814804077,-0.0025680570397526026,0.5249384641647339,0.49410656094551086,-0.17551757395267487,0.46254920959472656,0.4977891743183136,-0.18055129051208496,0.5193459987640381,0.5838504433631897,-0.12162097543478012,0.4639489948749542,0.5830616354942322,-0.12379605323076248,0.5155360698699951,0.5968751311302185,-0.11954662203788757,0.46665385365486145,0.595598578453064,-0.12148077040910721,0.5316368341445923,0.6056331992149353,-0.18225201964378357,0.4485921263694763,0.6039321422576904,-0.1888553351163864
2.726682424545288,0.4943960905075073,0.32530537247657776,-0.1091892197728157,0.49686744809150696,0.31810131669044495,-0.09784648567438126,0.4984043538570404,0.3181111812591553,-0.0978536382317543,0.5000050663948059,0.3182573914527893,-0.09785270690917969,0.4914742708206177,0.31876304745674133,-0.0974414199590683,0.4892911911010742,0.3193110525608063,-0.09744061529636383,0.48725828528404236,0.3198440968990326,-0.09739851951599121,0.5019705891609192,0.32285961508750916,-0.042270585894584656,0.48427289724349976,0.32371747493743896,-0.039869409054517746,0.4975515305995941,0.33366668224334717,-0.08943011611700058,0.4913700819015503,0.33352911472320557,-0.08879657089710236,0.5117242932319641,0.360942542552948,-0.03949679806828499,0.4746984541416168,0.3588852286338806,-0.04088306054472923,0.5213504433631897,0.3644578456878662,-0.17341920733451843,0.46483704447746277,0.3687833249568939,-0.17194083333015442,0.5259508490562439,0.31961962580680847,-0.2942568361759186,0.4662834405899048,0.3251943588256836,-0.28550446033477783,0.5323082804679871,0.30128487944602966,-0.32080522179603577,0.4640231728553772,0.30618640780448914,-0.3121727406978607,0.5300495624542236,0.29884880781173706,-0.31435421109199524,0.46612924337387085,0.3026062250137329,-0.30188629031181335,0.5266975164413452,0.3054944574832916,-0.2962144613265991,0.46891704201698303,0.3086009919643402,-0.2857886254787445,0.5035437941551208,0.46491801738739014,0.002307733055204153,0.4782455563545227,0.46428459882736206,-0.0023190192878246307,0.5249792337417603,0.4940263628959656,-0.17870528995990753,0.46245238184928894,0.4990662634372711,-0.17875689268112183,0.5193497538566589,0.5837763547897339,-0.11676688492298126,0.4638112485408783,0.582870602607727,-0.1126704216003418,0.5155401825904846,0.5964149236679077,-0.11356569826602936,0.46643689274787903,0.595392107963562,-0.10930852591991425,0.5316897034645081,0.6059218645095825,-0.1758958399295807,0.44855383038520813,0.6039245128631592,-0.1726084053516388
2.8342437744140625,0.4944649338722229,0.3159274160861969,-0.10265456140041351,0.4969117045402527,0.30836886167526245,-0.09111996740102768,0.4984632134437561,0.3083553612232208,-0.09112884849309921,0.5000407099723816,0.30847012996673584,-0.09113062173128128,0.49153509736061096,0.3089917004108429,-0.09094536304473877,0.4893944561481476,0.30948615074157715,-0.09094233810901642,0.4874251186847687,0.30999115109443665,-0.09089896082878113,0.5020167827606201,0.31288444995880127,-0.034937918186187744,0.4844892919063568,0.3135533332824707,-0.03376103937625885,0.49764928221702576,0.3239574134349823,-0.08267926424741745,0.4914134442806244,0.32356706261634827,-0.08239896595478058,0.511797308921814,0.35127273201942444,-0.03476220741868019,0.4746994376182556,0.3498583436012268,-0.03688616305589676,0.5213459730148315,0.35572317242622375,-0.17293712496757507,0.46473801136016846,0.35720622539520264,-0.17211316525936127,0.5260207056999207,0.3063993453979492,-0.29561060667037964,0.4662173390388489,0.3095649480819702,-0.28733140230178833,0.5325802564620972,0.28742024302482605,-0.3227192461490631,0.4639424979686737,0.28990015387535095,-0.3145207464694977,0.5305355787277222,0.28525272011756897,-0.31531819701194763,0.4659614562988281,0.28680476546287537,-0.3041682541370392,0.5272079110145569,0.29213806986808777,-0.2975054085254669,0.46887314319610596,0.2927927076816559,-0.2877875864505768,0.5036540627479553,0.4588262140750885,0.0023763992357999086,0.47816741466522217,0.4577542543411255,-0.0023971660993993282,0.5250060558319092,0.49402713775634766,-0.17817248404026031,0.46236327290534973,0.4988275170326233,-0.17929287254810333,0.51935875415802,0.5833934545516968,-0.11304448544979095,0.4638025164604187,0.5824889540672302,-0.11395858228206635,0.5155425667762756,0.5957738161087036,-0.10967861860990524,0.466429203748703,0.5948556065559387,-0.11049575358629227,0.5318149924278259,0.6059427857398987,-0.17168326675891876,0.44858381152153015,0.6039889454841614,-0.1752319037914276
2.9117629528045654,0.4944612383842468,0.2698942720890045,-0.08995433151721954,0.49715128540992737,0.2654668390750885,-0.0776837095618248,0.49875643849372864,0.2659829258918762,-0.07770393788814545,0.5003654360771179,0.2664841413497925,-0.07771743834018707,0.49191150069236755,0.26522254943847656,-0.07699157297611237,0.4899447560310364,0.26546549797058105,-0.0769745260477066,0.48807308077812195,0.2656662166118622,-0.07692894339561462,0.5022485852241516,0.27196627855300903,-0.021954769268631935,0.484953373670578,0.27006158232688904,-0.01852324604988098,0.49776697158813477,0.27880167961120605,-0.07075456529855728,0.49135175347328186,0.276829332113266,-0.06971707940101624,0.512010395526886,0.3149731755256653,-0.0314176008105278,0.4746333062648773,0.3139827251434326,-0.02425261214375496,0.5216401219367981,0.31359487771987915,-0.1680111140012741,0.46461910009384155,0.31154096126556396,-0.15910276770591736,0.5268370509147644,0.26220932602882385,-0.29005223512649536,0.4661024808883667,0.26278287172317505,-0.27066200971603394,0.5322192907333374,0.25518766045570374,-0.317850261926651,0.4649946987628937,0.25491559505462646,-0.29784882068634033,0.5298143029212952,0.25465959310531616,-0.3091735541820526,0.46714890003204346,0.2545965611934662,-0.2885465621948242,0.5268498063087463,0.25686392188072205,-0.2914832830429077,0.4688025116920471,0.2570423483848572,-0.2716805636882782,0.50438392162323,0.43032148480415344,0.0022661767434328794,0.4783226549625397,0.4286271035671234,-0.0022751428186893463,0.5250288844108582,0.49084556102752686,-0.1421685665845871,0.4621259868144989,0.49320775270462036,-0.1569814831018448,0.5195133090019226,0.5830302238464355,-0.0871715173125267,0.4636198580265045,0.5819720029830933,-0.09342668950557709,0.5155827403068542,0.5956366658210754,-0.0851515531539917,0.46633589267730713,0.5946398973464966,-0.09078869968652725,0.532516598701477,0.6058963537216187,-0.14887015521526337,0.44854047894477844,0.6039832234382629,-0.1576651632785797
2.953185558319092,0.49444761872291565,0.2598322331905365,-0.09008798748254776,0.49712350964546204,0.25327157974243164,-0.07764478772878647,0.4987541139125824,0.2536870837211609,-0.077665776014328,0.5003743767738342,0.2542179822921753,-0.07768087834119797,0.4918244183063507,0.2535898983478546,-0.07715276628732681,0.4898346960544586,0.2542293071746826,-0.07713684439659119,0.48795992136001587,0.25489887595176697,-0.07709353417158127,0.5022857189178467,0.26056721806526184,-0.020621631294488907,0.48486125469207764,0.26013967394828796,-0.017910609021782875,0.4979301393032074,0.26907166838645935,-0.07041464000940323,0.49128952622413635,0.2683851420879364,-0.06953640282154083,0.5120799541473389,0.30317485332489014,-0.028287921100854874,0.4745293855667114,0.30195003747940063,-0.024093205109238625,0.521560549736023,0.30204910039901733,-0.16954372823238373,0.4646201431751251,0.2965882420539856,-0.15879090130329132,0.5264893174171448,0.24176879227161407,-0.29087263345718384,0.4660344123840332,0.24455976486206055,-0.2724391222000122,0.5319800972938538,0.2244110405445099,-0.31957873702049255,0.46483495831489563,0.22328035533428192,-0.2992153465747833,0.5301205515861511,0.22174885869026184,-0.3128606677055359,0.46645620465278625,0.22055599093437195,-0.29063478112220764,0.5272751450538635,0.22638285160064697,-0.2932778596878052,0.46813711524009705,0.22626261413097382,-0.27369794249534607,0.5047276616096497,0.4241800904273987,0.002158757532015443,0.4783700406551361,0.4226928651332855,-0.00216876482591033,0.5249223113059998,0.4891207218170166,-0.1474979817867279,0.4620666205883026,0.49111422896385193,-0.15816399455070496,0.5195764899253845,0.5831078886985779,-0.09420277923345566,0.4636039733886719,0.5814194083213806,-0.09783709049224854,0.5155876278877258,0.5957170128822327,-0.09246382117271423,0.4662836790084839,0.5943411588668823,-0.09558746218681335,0.5328238010406494,0.6059650778770447,-0.1604166030883789,0.4484843909740448,0.6039838194847107,-0.16592293977737427
2.99824857711792,0.49503055214881897,0.24197371304035187,-0.09036049246788025,0.49752524495124817,0.2360132783651352,-0.07800369709730148,0.4991702437400818,0.23693770170211792,-0.07802345603704453,0.5007531642913818,0.23791484534740448,-0.07803871482610703,0.4922330975532532,0.23479296267032623,-0.07777253538370132,0.49025866389274597,0.23499159514904022,-0.07775823026895523,0.48836764693260193,0.2353658527135849,-0.07771577686071396,0.5024706721305847,0.24438267946243286,-0.019807955250144005,0.48487964272499084,0.24134552478790283,-0.018873918801546097,0.49840933084487915,0.25168243050575256,-0.07043635845184326,0.4914422035217285,0.2498336285352707,-0.06979584693908691,0.5120797753334045,0.28661760687828064,-0.02744782157242298,0.4736487567424774,0.28421175479888916,-0.02408229000866413,0.5214812159538269,0.28426986932754517,-0.16944852471351624,0.4646826684474945,0.274152934551239,-0.15876799821853638,0.5262171626091003,0.2214948832988739,-0.2907123565673828,0.4659731984138489,0.21968090534210205,-0.2730373442173004,0.5316954255104065,0.20079933106899261,-0.3201189637184143,0.46454572677612305,0.1985216587781906,-0.30109256505966187,0.5299296379089355,0.19721944630146027,-0.3141258656978607,0.466339111328125,0.1957855373620987,-0.2931860387325287,0.5270203351974487,0.2033388465642929,-0.2934545576572418,0.46795350313186646,0.20204472541809082,-0.27425625920295715,0.50480717420578,0.41277727484703064,0.0019703025463968515,0.4782750904560089,0.41190260648727417,-0.0019988787826150656,0.5246405005455017,0.4894459545612335,-0.10892655700445175,0.46205586194992065,0.4890950620174408,-0.12477006018161774,0.5197561383247375,0.5832818150520325,-0.058976590633392334,0.46360117197036743,0.5805060863494873,-0.06143113225698471,0.5158618092536926,0.5960063934326172,-0.0579695925116539,0.4662483334541321,0.59419846534729,-0.059280335903167725,0.5331519246101379,0.6065438985824585,-0.1256183683872223,0.4479755759239197,0.6039366722106934,-0.12634281814098358
3.04186749458313,0.49543511867523193,0.2305947244167328,-0.09749093651771545,0.49784019589424133,0.22507844865322113,-0.08497174084186554,0.49947479367256165,0.22599174082279205,-0.08498559892177582,0.5010932683944702,0.22704429924488068,-0.08500432223081589,0.49291497468948364,0.22393038868904114,-0.0852811262011528,0.49108874797821045,0.22409166395664215,-0.08525590598583221,0.48932746052742004,0.22449225187301636,-0.08520758152008057,0.5027976632118225,0.23375342786312103,-0.024300750344991684,0.4853746294975281,0.23108886182308197,-0.02479025162756443,0.4985656440258026,0.24089957773685455,-0.0760514885187149,0.4916931986808777,0.23987780511379242,-0.07605285197496414,0.5120794177055359,0.2795678377151489,-0.033316053450107574,0.4731421172618866,0.2737322449684143,-0.0312676876783371,0.5214272141456604,0.2749032974243164,-0.19044332206249237,0.4647318124771118,0.2567555606365204,-0.18186697363853455,0.5260378122329712,0.21338804066181183,-0.3237532675266266,0.4661059081554413,0.2045256346464157,-0.3138532340526581,0.5313571691513062,0.19400310516357422,-0.35579076409339905,0.4644293189048767,0.18685732781887054,-0.3449266850948334,0.5298436284065247,0.18998049199581146,-0.34944042563438416,0.466225802898407,0.18375080823898315,-0.3375304341316223,0.526656985282898,0.19593167304992676,-0.32702258229255676,0.4679226577281952,0.18974635004997253,-0.3168385922908783,0.5049111247062683,0.40726879239082336,0.0017666879575699568,0.4780735671520233,0.4065265357494354,-0.0018089734949171543,0.524402916431427,0.4896961450576782,-0.08489852398633957,0.46242770552635193,0.4885256588459015,-0.1022893488407135,0.5198014378547668,0.5833637714385986,-0.03397542983293533,0.4635984003543854,0.5796995759010315,-0.033317577093839645,0.515975832939148,0.5961669087409973,-0.03344130516052246,0.4662332236766815,0.5939557552337646,-0.031062018126249313,0.5331150889396667,0.6071478724479675,-0.1035626158118248,0.44820430874824524,0.6037888526916504,-0.09793195128440857
3.0945205688476562,0.49567490816116333,0.21196378767490387,-0.10895408689975739,0.49823033809661865,0.2074543684720993,-0.0970434918999672,0.49994876980781555,0.2084142565727234,-0.09705917537212372,0.5016811490058899,0.20940439403057098,-0.09707271307706833,0.49334725737571716,0.20609481632709503,-0.09798958897590637,0.49157828092575073,0.20620810985565186,-0.0979590192437172,0.48988088965415955,0.20645619928836823,-0.09791671484708786,0.5033318996429443,0.21621794998645782,-0.03573066368699074,0.48572108149528503,0.21272316575050354,-0.038965921849012375,0.49879515171051025,0.22320513427257538,-0.08682148158550262,0.49178215861320496,0.2218954712152481,-0.08777178078889847,0.5124505162239075,0.26062652468681335,-0.04438063129782677,0.47277751564979553,0.25702404975891113,-0.047396209090948105,0.5211851596832275,0.2580186128616333,-0.20796509087085724,0.464937686920166,0.23422741889953613,-0.20720712840557098,0.5252725481987,0.19259700179100037,-0.346505731344223,0.4669216573238373,0.1825496107339859,-0.3464837074279785,0.529809832572937,0.1735478788614273,-0.37992778420448303,0.4651790261268616,0.16619624197483063,-0.37914374470710754,0.5289042592048645,0.16930629312992096,-0.3751407563686371,0.46651047468185425,0.1626717746257782,-0.3724440634250641,0.5263198614120483,0.17516162991523743,-0.3504534065723419,0.46823543310165405,0.16833271086215973,-0.3500075936317444,0.5051616430282593,0.39691609144210815,0.0016964110545814037,0.4778071939945221,0.39575308561325073,-0.0017512028571218252,0.5226940512657166,0.4896657168865204,-0.020076211541891098,0.46377742290496826,0.48820704221725464,-0.053835075348615646,0.5201912522315979,0.5831220746040344,0.0376630462706089,0.46348339319229126,0.5795703530311584,0.016014104709029198,0.5167500376701355,0.5960835218429565,0.03855402395129204,0.4659745991230011,0.593851625919342,0.018342381343245506,0.5332082509994507,0.607164740562439,-0.0287779550999403,0.4482806921005249,0.6037834286689758,-0.04757911339402199
3.1482326984405518,0.4965198338031769,0.20322945713996887,-0.10976551473140717,0.498963326215744,0.19814160466194153,-0.09779510647058487,0.500654399394989,0.19899483025074005,-0.09781274944543839,0.5023967027664185,0.19976884126663208,-0.09782608598470688,0.4939262568950653,0.19625182449817657,-0.0988459661602974,0.4919798672199249,0.19612598419189453,-0.09881491959095001,0.4900972545146942,0.19622598588466644,-0.09877321869134903,0.5042130947113037,0.20511165261268616,-0.035373255610466,0.4858800172805786,0.2022615671157837,-0.03899442031979561,0.4994353950023651,0.21321383118629456,-0.0871327742934227,0.492148756980896,0.2114669531583786,-0.08825428783893585,0.5136910080909729,0.2519553303718567,-0.04417998716235161,0.4726833701133728,0.24707229435443878,-0.04916084185242653,0.5211619734764099,0.24723036587238312,-0.2161252498626709,0.4651937782764435,0.22811086475849152,-0.2151375561952591,0.5242922306060791,0.18132120370864868,-0.35992613434791565,0.4674133062362671,0.1737203747034073,-0.3581814467906952,0.5284892916679382,0.1606791615486145,-0.3940280079841614,0.4659601151943207,0.15956883132457733,-0.3913993239402771,0.5275863409042358,0.1573091298341751,-0.38966816663742065,0.4670538306236267,0.15492714941501617,-0.3849763572216034,0.525305449962616,0.16390372812747955,-0.36415067315101624,0.46862906217575073,0.15939928591251373,-0.3620337247848511,0.5058758854866028,0.3907345235347748,0.001660793786868453,0.4778381884098053,0.38855019211769104,-0.0017132320208474994,0.5213639736175537,0.48940175771713257,-0.009368599392473698,0.4657451808452606,0.4859998822212219,-0.03660036623477936,0.520646333694458,0.5829474329948425,0.04368871822953224,0.46332982182502747,0.5795519948005676,0.02730068936944008,0.5173690319061279,0.5961430072784424,0.04407312348484993,0.46558502316474915,0.5938079357147217,0.028939547017216682,0.5337774157524109,0.6072741746902466,-0.022897398099303246,0.4486168622970581,0.6038734316825867,-0.036916010081768036
3.1989314556121826,0.49676162004470825,0.19681712985038757,-0.11320029199123383,0.49921637773513794,0.1916622370481491,-0.10205347836017609,0.5008714199066162,0.19225910305976868,-0.10206936299800873,0.5025885105133057,0.1927739381790161,-0.1020803451538086,0.49412766098976135,0.19011925160884857,-0.10269910842180252,0.4920661747455597,0.18997028470039368,-0.10266309231519699,0.4901266396045685,0.18996095657348633,-0.10261789709329605,0.5047550797462463,0.19744311273097992,-0.04022090882062912,0.48595568537712097,0.19531221687793732,-0.0421132855117321,0.49967023730278015,0.2066149264574051,-0.0905480608344078,0.49226391315460205,0.20502616465091705,-0.09117201715707779,0.5143316984176636,0.24460279941558838,-0.05067286640405655,0.4726736843585968,0.2394803911447525,-0.05288267880678177,0.5204665660858154,0.23357410728931427,-0.22407513856887817,0.46576565504074097,0.21453040838241577,-0.223581925034523,0.5214665532112122,0.17496001720428467,-0.36600562930107117,0.4676731824874878,0.16723494231700897,-0.3724386394023895,0.5258245468139648,0.1554277539253235,-0.4006813168525696,0.4667534828186035,0.1547914445400238,-0.40615585446357727,0.5250509977340698,0.15255314111709595,-0.3978669345378876,0.4679504334926605,0.15026253461837769,-0.4004550278186798,0.5223082900047302,0.15982329845428467,-0.3707054853439331,0.46920785307884216,0.1542266458272934,-0.37684398889541626,0.506754994392395,0.38533616065979004,0.0013887144159525633,0.47785571217536926,0.3829360902309418,-0.0014554833760485053,0.5198185443878174,0.48896658420562744,-0.006228984799236059,0.46784618496894836,0.4841281473636627,-0.017584536224603653,0.5207304954528809,0.58277428150177,0.042032983154058456,0.46324723958969116,0.5788576006889343,0.03888475149869919,0.5178693532943726,0.5961456298828125,0.041959669440984726,0.46537625789642334,0.5933547616004944,0.03969966247677803,0.5337661504745483,0.6073604226112366,-0.02597181312739849,0.4489445090293884,0.603829026222229,-0.02532162517309189
3.2432456016540527,0.4968647360801697,0.19667407870292664,-0.11052493005990982,0.4993095099925995,0.19193243980407715,-0.09912190586328506,0.5009777545928955,0.19255000352859497,-0.09913669526576996,0.5027077198028564,0.1930874139070511,-0.09914948046207428,0.4941798150539398,0.1903344988822937,-0.09993524104356766,0.49208325147628784,0.19015206396579742,-0.09990085661411285,0.49014413356781006,0.1901148110628128,-0.09984861314296722,0.5050768256187439,0.1980074942111969,-0.037057824432849884,0.48611488938331604,0.1957717090845108,-0.03954432159662247,0.49981170892715454,0.20676106214523315,-0.08779384195804596,0.49236875772476196,0.2047487050294876,-0.08862045407295227,0.5149778723716736,0.2434573471546173,-0.0469951368868351,0.4726817309856415,0.23993292450904846,-0.04987811669707298,0.5202809572219849,0.23066943883895874,-0.21981073915958405,0.46622419357299805,0.21425101161003113,-0.21684233844280243,0.5208929181098938,0.17168603837490082,-0.36108943819999695,0.4678651690483093,0.1674855649471283,-0.3607496917247772,0.5250347256660461,0.1530042290687561,-0.39585378766059875,0.466949999332428,0.153468057513237,-0.39396899938583374,0.5238894820213318,0.1501503437757492,-0.3924850821495056,0.46823376417160034,0.14987148344516754,-0.38866475224494934,0.5213584303855896,0.15617623925209045,-0.36558735370635986,0.46959224343299866,0.15469643473625183,-0.365193635225296,0.5073671936988831,0.38472411036491394,0.0013904215302318335,0.4778757095336914,0.3828231990337372,-0.0014576590619981289,0.5191657543182373,0.48876336216926575,-0.005297680385410786,0.46833038330078125,0.4833701252937317,-0.01650780439376831,0.5207251310348511,0.5829147100448608,0.044123053550720215,0.4632128179073334,0.5788045525550842,0.040141087025403976,0.5178350806236267,0.596182107925415,0.04421209916472435,0.4650267958641052,0.593007504940033,0.04087400808930397,0.5346003174781799,0.6074158549308777,-0.02316843904554844,0.4491625726222992,0.6034440994262695,-0.025153815746307373
3.2819485664367676,0.49700674414634705,0.19066457450389862,-0.10277383029460907,0.4995054006576538,0.1868312507867813,-0.09071001410484314,0.5012118220329285,0.1877853125333786,-0.09072254598140717,0.5029911398887634,0.18863336741924286,-0.09073217958211899,0.4943487048149109,0.1846468150615692,-0.09134964644908905,0.49223604798316956,0.18438231945037842,-0.0913146585226059,0.490267276763916,0.18436551094055176,-0.09125921130180359,0.5054805874824524,0.1943325251340866,-0.026576006785035133,0.4863981604576111,0.19037964940071106,-0.028521176427602768,0.5000025629997253,0.20100316405296326,-0.07944054901599884,0.492453932762146,0.19882838428020477,-0.08008439093828201,0.5156571269035339,0.24051757156848907,-0.04257763549685478,0.4727650582790375,0.23625321686267853,-0.044789765030145645,0.5197809934616089,0.21926847100257874,-0.20730063319206238,0.4670175313949585,0.21003831923007965,-0.20335917174816132,0.5200108289718628,0.16043785214424133,-0.343677818775177,0.4690823256969452,0.1606353372335434,-0.341053307056427,0.5235582590103149,0.14359986782073975,-0.377682626247406,0.4680967628955841,0.1482212394475937,-0.3734064996242523,0.5221961736679077,0.1421165019273758,-0.3740651309490204,0.46943598985671997,0.1444234848022461,-0.36765849590301514,0.5198676586151123,0.14813382923603058,-0.3479175865650177,0.4707919955253601,0.1489572525024414,-0.3449273705482483,0.5085203051567078,0.3796887993812561,0.0014316155575215816,0.47851985692977905,0.37735289335250854,-0.0014988299226388335,0.5180121660232544,0.4882758855819702,-0.004751498810946941,0.4708039462566376,0.4823886454105377,-0.012283608317375183,0.5207375288009644,0.5832441449165344,0.047056157141923904,0.4632628560066223,0.5781144499778748,0.04447798430919647,0.5179899334907532,0.5962298512458801,0.04757048189640045,0.46496689319610596,0.5922005772590637,0.0451962947845459,0.5352323055267334,0.6073044538497925,-0.020328691229224205,0.44950830936431885,0.6031800508499146,-0.024052148684859276
3.321626901626587,0.49702581763267517,0.18956182897090912,-0.0946139320731163,0.4996016323566437,0.18503090739250183,-0.0821586325764656,0.5013201236724854,0.18580587208271027,-0.08217274397611618,0.5031106472015381,0.186557337641716,-0.0821828693151474,0.4943931996822357,0.1832095831632614,-0.08283328264951706,0.49227845668792725,0.18299297988414764,-0.08280289173126221,0.49032267928123474,0.1828734278678894,-0.08275076001882553,0.5055760741233826,0.19194772839546204,-0.017630016431212425,0.48653098940849304,0.18883028626441956,-0.01999620534479618,0.5000634789466858,0.19981922209262848,-0.07127201557159424,0.4924742579460144,0.19766397774219513,-0.07204163819551468,0.5159886479377747,0.23861587047576904,-0.03229045495390892,0.47279658913612366,0.23550522327423096,-0.03497982770204544,0.5193049907684326,0.22161610424518585,-0.20336715877056122,0.4678453207015991,0.2098744809627533,-0.2008412629365921,0.5193061828613281,0.16099993884563446,-0.33749139308929443,0.46964433789253235,0.15978948771953583,-0.3356209993362427,0.5227748155593872,0.1437780261039734,-0.3697519600391388,0.46858683228492737,0.1467428356409073,-0.36620092391967773,0.5213624238967896,0.14205995202064514,-0.36557939648628235,0.46983352303504944,0.14267504215240479,-0.3598504364490509,0.5191241502761841,0.1477840691804886,-0.34105539321899414,0.47126591205596924,0.14747430384159088,-0.33842235803604126,0.5090389251708984,0.37771791219711304,0.0014484507264569402,0.47891509532928467,0.3757040202617645,-0.0015140477335080504,0.5176810622215271,0.4882879853248596,-0.0050941831432282925,0.47139987349510193,0.48240965604782104,-0.013623989187180996,0.5207352638244629,0.5832116603851318,0.045952897518873215,0.46332046389579773,0.578630805015564,0.03990701958537102,0.5180308818817139,0.5956361293792725,0.04652123153209686,0.46497392654418945,0.5923221707344055,0.040321603417396545,0.5352080464363098,0.6076066493988037,-0.02148108370602131,0.44953635334968567,0.6030822396278381,-0.02977895364165306
3.3661861419677734,0.4969894587993622,0.18829768896102905,-0.0866229385137558,0.4996633231639862,0.18377773463726044,-0.07379526644945145,0.5014144778251648,0.18445035815238953,-0.07381101697683334,0.5032408833503723,0.18510589003562927,-0.07381955534219742,0.4944118559360504,0.18245485424995422,-0.07430890947580338,0.4923356771469116,0.18237139284610748,-0.07428666204214096,0.4904320538043976,0.18236693739891052,-0.07424212992191315,0.5058543682098389,0.19072023034095764,-0.00915356632322073,0.48683837056159973,0.18856211006641388,-0.011009884998202324,0.5001900792121887,0.1980939507484436,-0.06341064721345901,0.49256497621536255,0.19644983112812042,-0.06406048685312271,0.5167291760444641,0.23822878301143646,-0.022234497591853142,0.473043829202652,0.23586347699165344,-0.02631860040128231,0.5191186666488647,0.2210807353258133,-0.187416210770607,0.4687444269657135,0.204590305685997,-0.1895291805267334,0.5188244581222534,0.15972161293029785,-0.31717386841773987,0.4710768461227417,0.15511320531368256,-0.31950265169143677,0.5221770405769348,0.1423536092042923,-0.35006096959114075,0.470032662153244,0.1426381915807724,-0.3514038324356079,0.5208199620246887,0.14030073583126068,-0.34655386209487915,0.4711349904537201,0.13897773623466492,-0.34485161304473877,0.5186886191368103,0.14586247503757477,-0.321098268032074,0.47251227498054504,0.1433541178703308,-0.3228687345981598,0.5093972086906433,0.37659507989883423,0.0015548340743407607,0.4792112112045288,0.3742550015449524,-0.0016174744814634323,0.5174461603164673,0.48832520842552185,-0.004893636330962181,0.4716445505619049,0.4828300178050995,-0.016057467088103294,0.5208178758621216,0.5832650065422058,0.04533935338258743,0.4633199870586395,0.5787084102630615,0.03634160757064819,0.5181896090507507,0.5956120491027832,0.045928552746772766,0.46476614475250244,0.5923464298248291,0.036746300756931305,0.5351117849349976,0.6081607341766357,-0.02285602129995823,0.4496067762374878,0.6035418510437012,-0.03489386662840843
3.416963815689087,0.49711713194847107,0.18847383558750153,-0.08911344408988953,0.49980589747428894,0.18398305773735046,-0.07629013061523438,0.501562774181366,0.18465591967105865,-0.07630671560764313,0.5033954977989197,0.1853289008140564,-0.07631871104240417,0.49451619386672974,0.18286891281604767,-0.07721452414989471,0.4924255311489105,0.1828899383544922,-0.07719135284423828,0.49049538373947144,0.1830775886774063,-0.07714368402957916,0.505974531173706,0.19112583994865417,-0.01114166434854269,0.4868667721748352,0.1893712431192398,-0.015195471234619617,0.500344455242157,0.19878022372722626,-0.0657818466424942,0.4926174283027649,0.19710494577884674,-0.06698596477508545,0.5168540477752686,0.23833194375038147,-0.022716300562024117,0.47315284609794617,0.23626868426799774,-0.028819799423217773,0.518941342830658,0.22209589183330536,-0.18855968117713928,0.46911314129829407,0.20678843557834625,-0.1922018676996231,0.5183322429656982,0.16037389636039734,-0.3178955018520355,0.4718455374240875,0.15708544850349426,-0.3204278349876404,0.5215944051742554,0.14229869842529297,-0.35329341888427734,0.4706577956676483,0.14282795786857605,-0.35304635763168335,0.520230233669281,0.1394161432981491,-0.3496994376182556,0.47166571021080017,0.13893833756446838,-0.3463335931301117,0.5180460810661316,0.1457318216562271,-0.3223000168800354,0.473034530878067,0.14402389526367188,-0.32389700412750244,0.5095087289810181,0.37625008821487427,0.002511912491172552,0.4793509542942047,0.37442678213119507,-0.002575467573478818,0.517517626285553,0.4884238839149475,-0.003210777183994651,0.4716600179672241,0.48315662145614624,-0.017261497676372528,0.5211060643196106,0.5833162069320679,0.04786317050457001,0.4632641077041626,0.5788230299949646,0.036524269729852676,0.5187029838562012,0.595626175403595,0.048557817935943604,0.4644297957420349,0.592362642288208,0.037138089537620544,0.5352880954742432,0.6084765791893005,-0.019237082451581955,0.4496760368347168,0.603967547416687,-0.03402344137430191
3.4561641216278076,0.4973251223564148,0.18724116683006287,-0.08651788532733917,0.5000307559967041,0.18299180269241333,-0.073354572057724,0.5018001198768616,0.18360626697540283,-0.07337145507335663,0.5036557912826538,0.18422457575798035,-0.07338419556617737,0.49468234181404114,0.18216238915920258,-0.07444541901350021,0.4925854504108429,0.1822618842124939,-0.07442326843738556,0.49060875177383423,0.18250758945941925,-0.0743754580616951,0.5062090754508972,0.19034737348556519,-0.007641957141458988,0.4869426190853119,0.1890554428100586,-0.012276620604097843,0.5006861090660095,0.1975700706243515,-0.06301648914813995,0.49278342723846436,0.19638574123382568,-0.06442925333976746,0.5173103213310242,0.2380082607269287,-0.01987123303115368,0.47330519556999207,0.237290620803833,-0.02667439728975296,0.5188613533973694,0.22218629717826843,-0.1865939348936081,0.4694666862487793,0.20933091640472412,-0.18951931595802307,0.5181532502174377,0.15940283238887787,-0.31948038935661316,0.4726729094982147,0.15872465074062347,-0.3184746205806732,0.5212928652763367,0.14132241904735565,-0.353713721036911,0.4713563323020935,0.14399448037147522,-0.35073450207710266,0.5199215412139893,0.13820886611938477,-0.3498630225658417,0.47213679552078247,0.13945546746253967,-0.3441659212112427,0.5177947878837585,0.14471662044525146,-0.3236270844936371,0.47355514764785767,0.14470119774341583,-0.32199177145957947,0.5097723007202148,0.37589386105537415,0.002589332638308406,0.47960028052330017,0.3743704557418823,-0.0026503747794777155,0.5175791382789612,0.4884459972381592,-0.0071767764165997505,0.4719013273715973,0.48327767848968506,-0.017875704914331436,0.5212866067886353,0.5834205150604248,0.043486520648002625,0.46325626969337463,0.5791787505149841,0.0350368469953537,0.5191003680229187,0.5956440567970276,0.044115323573350906,0.464419960975647,0.5924121141433716,0.035467516630887985,0.5352664589881897,0.608630895614624,-0.024707259610295296,0.44985687732696533,0.6045064330101013,-0.03653806447982788
3.513415813446045,0.49742257595062256,0.18656489253044128,-0.08010666072368622,0.5001843571662903,0.18242965638637543,-0.06663841754198074,0.5019719004631042,0.1830136924982071,-0.06665518879890442,0.5038530230522156,0.18360184133052826,-0.0666656345129013,0.49476391077041626,0.18172170221805573,-0.06734215468168259,0.49264734983444214,0.18186891078948975,-0.06732059270143509,0.4906429350376129,0.18213805556297302,-0.06727371364831924,0.5064622759819031,0.1896856427192688,-0.0008969505433924496,0.48709774017333984,0.1888764202594757,-0.003756467020139098,0.5009108185768127,0.19670717418193817,-0.05671369284391403,0.4929036498069763,0.19590827822685242,-0.05763479322195053,0.5178712010383606,0.2381068766117096,-0.013018680736422539,0.47361892461776733,0.23802295327186584,-0.017685938626527786,0.5188244581222534,0.22227813303470612,-0.1779273897409439,0.4695531129837036,0.21294434368610382,-0.17507323622703552,0.5180611610412598,0.15903544425964355,-0.3102087378501892,0.4730166494846344,0.15995611250400543,-0.30282625555992126,0.5210932493209839,0.14056049287319183,-0.3435071110725403,0.4717097878456116,0.14485378563404083,-0.3344709277153015,0.5198139548301697,0.13737237453460693,-0.3394377827644348,0.472475528717041,0.14028437435626984,-0.327770859003067,0.5176838636398315,0.1441669464111328,-0.3141418993473053,0.4739437401294708,0.1457310914993286,-0.30611956119537354,0.5099307894706726,0.37532463669776917,0.002563000889495015,0.4798211455345154,0.37408822774887085,-0.0026229512877762318,0.5176300406455994,0.4884472191333771,-0.009824484586715698,0.4720902740955353,0.48343855142593384,-0.01949671097099781,0.521559476852417,0.5834983587265015,0.039640430361032486,0.46322840452194214,0.579342782497406,0.032982226461172104,0.519466757774353,0.5957950949668884,0.040151823312044144,0.4644029438495636,0.5924732685089111,0.03336776793003082,0.535616934299469,0.6087328195571899,-0.02941950410604477,0.4498572051525116,0.6049864888191223,-0.03931844234466553
3.5524349212646484,0.4975713789463043,0.18645809590816498,-0.0812082439661026,0.5003934502601624,0.1823989450931549,-0.06787224858999252,0.5021913051605225,0.1829780489206314,-0.0678885281085968,0.5040929317474365,0.18357259035110474,-0.0678994432091713,0.4949296712875366,0.1816989928483963,-0.06859194487333298,0.49280059337615967,0.18182091414928436,-0.06856834888458252,0.4907519221305847,0.18204402923583984,-0.06852202117443085,0.5066657662391663,0.18952901661396027,-0.002294094068929553,0.4872533082962036,0.18866056203842163,-0.005292857531458139,0.5011098384857178,0.1965988129377365,-0.057838957756757736,0.4930444359779358,0.19581834971904755,-0.05879127234220505,0.5181173086166382,0.23808658123016357,-0.013365821912884712,0.4738140106201172,0.23748041689395905,-0.01879708282649517,0.5188270211219788,0.2236918807029724,-0.1781238168478012,0.46956101059913635,0.21372917294502258,-0.17588907480239868,0.5180400013923645,0.15972906351089478,-0.31129196286201477,0.4732278883457184,0.16007214784622192,-0.30342504382133484,0.5209611058235168,0.14093998074531555,-0.3443981111049652,0.47187933325767517,0.14486552774906158,-0.3348718583583832,0.5197296738624573,0.137531578540802,-0.33994781970977783,0.47267860174179077,0.14030124247074127,-0.32796990871429443,0.5176165103912354,0.1444435864686966,-0.3150445520877838,0.47419658303260803,0.14581727981567383,-0.3065652847290039,0.5100200772285461,0.37508368492126465,0.0026673763059079647,0.47998616099357605,0.37387338280677795,-0.0027257876936346292,0.5176829695701599,0.48829904198646545,-0.009322130121290684,0.4722038507461548,0.48360317945480347,-0.02008715085685253,0.5216577053070068,0.5835070610046387,0.039863862097263336,0.46319618821144104,0.5793561339378357,0.03257371112704277,0.5195400714874268,0.5958843231201172,0.04034705087542534,0.46434858441352844,0.5924832224845886,0.03303257375955582,0.5357468724250793,0.608802318572998,-0.02900305762887001,0.44985464215278625,0.6051794290542603,-0.03937793895602226
3.5932095050811768,0.4977227449417114,0.18671207129955292,-0.081120066344738,0.5005882382392883,0.182809978723526,-0.0677434429526329,0.5023942589759827,0.18338069319725037,-0.06775905936956406,0.5043081641197205,0.18395638465881348,-0.0677701011300087,0.4950999617576599,0.18208855390548706,-0.06853698939085007,0.49296510219573975,0.182179257273674,-0.06851249188184738,0.49088162183761597,0.18233971297740936,-0.06846800446510315,0.506801187992096,0.18974237143993378,-0.002082894090563059,0.4873909652233124,0.18873153626918793,-0.005420748610049486,0.5012546181678772,0.19677729904651642,-0.05771050974726677,0.49319592118263245,0.19595567882061005,-0.058759208768606186,0.5182584524154663,0.2381555289030075,-0.012762839905917645,0.47392475605010986,0.23724450170993805,-0.018846949562430382,0.5188536047935486,0.22492603957653046,-0.17631003260612488,0.46958616375923157,0.21379025280475616,-0.17497941851615906,0.5180596709251404,0.16015413403511047,-0.30888649821281433,0.47336170077323914,0.15964332222938538,-0.3004205524921417,0.5209017992019653,0.14113231003284454,-0.34184327721595764,0.4719996750354767,0.14459237456321716,-0.3315543532371521,0.5196908712387085,0.13754597306251526,-0.33703917264938354,0.4728279113769531,0.14002464711666107,-0.32462024688720703,0.5175763368606567,0.14449293911457062,-0.312470942735672,0.4743537902832031,0.14545845985412598,-0.3034633696079254,0.5100809931755066,0.3750876784324646,0.002671516267582774,0.4800773561000824,0.37395671010017395,-0.002728479215875268,0.5177024006843567,0.4880717396736145,-0.010638566687703133,0.47223716974258423,0.48366275429725647,-0.019716458395123482,0.5216681361198425,0.5835064649581909,0.038997963070869446,0.46317997574806213,0.5795184373855591,0.03248215466737747,0.5195679664611816,0.5959040522575378,0.03955448791384697,0.4643492102622986,0.5926070809364319,0.03286394104361534,0.5357045531272888,0.608799159526825,-0.02975302003324032,0.44969528913497925,0.60523921251297,-0.03968769311904907
3.641746997833252,0.49783483147621155,0.18730203807353973,-0.08119592815637589,0.5007408857345581,0.18350066244602203,-0.06835194677114487,0.502555787563324,0.18409331142902374,-0.06837283074855804,0.5044773817062378,0.1846649944782257,-0.0683828666806221,0.49523910880088806,0.18257591128349304,-0.06888610869646072,0.4931080639362335,0.18258129060268402,-0.06886912137269974,0.49100780487060547,0.18264901638031006,-0.06883369386196136,0.5069040060043335,0.1901562511920929,-0.00444413535296917,0.4875746965408325,0.1887698769569397,-0.007033452391624451,0.5013293623924255,0.19730103015899658,-0.05847269296646118,0.49329525232315063,0.19627438485622406,-0.05924033001065254,0.5182557106018066,0.23821204900741577,-0.013213896192610264,0.47400468587875366,0.23691998422145844,-0.019347433000802994,0.5188502073287964,0.2227817326784134,-0.18250374495983124,0.46969160437583923,0.21179339289665222,-0.17994512617588043,0.518131673336029,0.15873019397258759,-0.3171061873435974,0.47334906458854675,0.1582612693309784,-0.3064350187778473,0.5209905505180359,0.14005587995052338,-0.35123345255851746,0.4719967246055603,0.143255814909935,-0.338794082403183,0.5197673439979553,0.1366710066795349,-0.3462356626987457,0.47290322184562683,0.1386650949716568,-0.33197811245918274,0.5176369547843933,0.14352616667747498,-0.3208615481853485,0.4744071364402771,0.14395132660865784,-0.30981627106666565,0.5101182460784912,0.3749036192893982,0.002620168263092637,0.4801409840583801,0.3743281960487366,-0.002678284654393792,0.5176731944084167,0.48784518241882324,-0.010182281024754047,0.4722931981086731,0.48374250531196594,-0.017373228445649147,0.5216748714447021,0.5835080742835999,0.04074271395802498,0.46317848563194275,0.5797317624092102,0.03563931956887245,0.5195841789245605,0.5959227681159973,0.0413534976541996,0.46435192227363586,0.5926921963691711,0.0359918475151062,0.5356742143630981,0.6087951064109802,-0.028669992461800575,0.4496763050556183,0.6053938269615173,-0.03678225725889206
3.6875967979431152,0.4978622496128082,0.18763162195682526,-0.08521396666765213,0.5008262991905212,0.18391729891300201,-0.07227207720279694,0.5026602149009705,0.18455632030963898,-0.07228812575340271,0.5045962929725647,0.1851671040058136,-0.07230042666196823,0.4953004717826843,0.18285171687602997,-0.07302697002887726,0.4931616485118866,0.1828300803899765,-0.07300224155187607,0.4910553991794586,0.18284887075424194,-0.07295583933591843,0.5070436596870422,0.19061055779457092,-0.007204632740467787,0.48767516016960144,0.1888030469417572,-0.010356802493333817,0.5013494491577148,0.19779221713542938,-0.06199974566698074,0.49330565333366394,0.19650518894195557,-0.06294605135917664,0.5183018445968628,0.23832112550735474,-0.018578384071588516,0.4740528166294098,0.23691797256469727,-0.02367756888270378,0.518848180770874,0.22237825393676758,-0.18916334211826324,0.4698162376880646,0.2107694447040558,-0.18649695813655853,0.5181893706321716,0.15868806838989258,-0.32500696182250977,0.4734143316745758,0.15778504312038422,-0.31600645184516907,0.5210408568382263,0.14015060663223267,-0.35924071073532104,0.47203531861305237,0.14279763400554657,-0.3484320044517517,0.5198022723197937,0.1365586668252945,-0.3543490767478943,0.47299426794052124,0.13811612129211426,-0.34164655208587646,0.517688512802124,0.14328168332576752,-0.3288254141807556,0.4745008647441864,0.14351025223731995,-0.3194672167301178,0.5101968050003052,0.3749332129955292,0.0025213335175067186,0.48018985986709595,0.3745160698890686,-0.002579962369054556,0.5176324248313904,0.48770928382873535,-0.00954639632254839,0.4723421335220337,0.48375990986824036,-0.015346282161772251,0.5216635465621948,0.5834118723869324,0.04181794077157974,0.4631771445274353,0.579809844493866,0.037653591483831406,0.5195661187171936,0.5956978797912598,0.04246410354971886,0.46435239911079407,0.5927194952964783,0.037991639226675034,0.5351880192756653,0.6087831854820251,-0.027598368003964424,0.44963735342025757,0.6054171323776245,-0.03441128879785538
3.747950792312622,0.49789151549339294,0.1876126229763031,-0.08638546615839005,0.5008881092071533,0.18394336104393005,-0.07330627739429474,0.5027310848236084,0.1846047043800354,-0.07332061231136322,0.504671573638916,0.18523356318473816,-0.07333288341760635,0.495353102684021,0.18283329904079437,-0.07421746850013733,0.49321112036705017,0.182809516787529,-0.07419071346521378,0.49110013246536255,0.18281875550746918,-0.07414199411869049,0.5071186423301697,0.19070856273174286,-0.0074628000147640705,0.48774605989456177,0.18877695500850677,-0.01132247969508171,0.5013709664344788,0.19786104559898376,-0.06292591989040375,0.4933227300643921,0.19651824235916138,-0.06405798345804214,0.5183284878730774,0.23822824656963348,-0.019530586898326874,0.474086731672287,0.2368757724761963,-0.025320088490843773,0.5188469290733337,0.2225007712841034,-0.189775288105011,0.46987882256507874,0.21069854497909546,-0.18775707483291626,0.5182316899299622,0.15884821116924286,-0.3257206380367279,0.4734559655189514,0.1576453596353531,-0.3170067071914673,0.5210839509963989,0.14024339616298676,-0.35968998074531555,0.47205886244773865,0.14277446269989014,-0.34921911358833313,0.5198318958282471,0.13651418685913086,-0.3548484146595001,0.47306060791015625,0.138011172413826,-0.3423404395580292,0.5177258253097534,0.14321862161159515,-0.3295135796070099,0.4745776355266571,0.1434062123298645,-0.32036206126213074,0.5102524161338806,0.37494900822639465,0.0025175113696604967,0.4802306592464447,0.3745971918106079,-0.002575781662017107,0.5175808668136597,0.48761478066444397,-0.008371424861252308,0.47238102555274963,0.483816534280777,-0.014898816123604774,0.5216318964958191,0.5832440853118896,0.043416235595941544,0.46317607164382935,0.5798455476760864,0.03833790495991707,0.5195550322532654,0.5953279733657837,0.04413279518485069,0.46434342861175537,0.5927309393882751,0.038746174424886703,0.5346505045890808,0.6087758541107178,-0.025647319853305817,0.4496304392814636,0.6054237484931946,-0.03346443176269531
3.792933940887451,0.49789103865623474,0.18766318261623383,-0.08676387369632721,0.5009074807167053,0.18395091593265533,-0.0737144723534584,0.5027530193328857,0.18452922999858856,-0.0737290158867836,0.504690408706665,0.1850793957710266,-0.0737413689494133,0.49536123871803284,0.1830655038356781,-0.07459009438753128,0.4932207763195038,0.18311549723148346,-0.0745636448264122,0.49112364649772644,0.18317264318466187,-0.07451463490724564,0.5071246027946472,0.19056867063045502,-0.008112533017992973,0.4877910017967224,0.18908512592315674,-0.011796842329204082,0.5014023184776306,0.19783706963062286,-0.06338450312614441,0.49334123730659485,0.19657984375953674,-0.06447599828243256,0.5183574557304382,0.23793479800224304,-0.019934391602873802,0.47415342926979065,0.23663361370563507,-0.025470754131674767,0.5188266634941101,0.2235887050628662,-0.18936729431152344,0.4700687825679779,0.21099990606307983,-0.1865072399377823,0.5182362794876099,0.16016556322574615,-0.3252139687538147,0.4733787477016449,0.15769968926906586,-0.3142412006855011,0.5210816860198975,0.1414111852645874,-0.35901063680648804,0.4719739258289337,0.14279651641845703,-0.346005916595459,0.5198456048965454,0.13760335743427277,-0.3542915880680084,0.4729863405227661,0.13787634670734406,-0.3394775986671448,0.5177528858184814,0.14434650540351868,-0.3290438652038574,0.47451406717300415,0.14342568814754486,-0.3176553547382355,0.5103925466537476,0.37476298213005066,0.002450361382216215,0.48029452562332153,0.3745163083076477,-0.0025090586859732866,0.5175372958183289,0.48730960488319397,-0.008456051349639893,0.47241905331611633,0.48390334844589233,-0.01424478366971016,0.5216227769851685,0.5830703377723694,0.04245953634381294,0.4631734788417816,0.5798618197441101,0.03791587054729462,0.519541323184967,0.5949821472167969,0.04310740530490875,0.46430841088294983,0.5927074551582336,0.03826175630092621,0.5342007279396057,0.6087716817855835,-0.026714246720075607,0.44960352778434753,0.6054137945175171,-0.033727992326021194
3.8518669605255127,0.4978848099708557,0.18772085011005402,-0.0869453176856041,0.5008995532989502,0.18394926190376282,-0.07396393269300461,0.5027437806129456,0.18449415266513824,-0.07397861033678055,0.5046776533126831,0.1850126087665558,-0.07399074733257294,0.49535563588142395,0.1831759512424469,-0.07481542229652405,0.4932157099246979,0.18327739834785461,-0.07478968799114227,0.4911231994628906,0.18337960541248322,-0.07474175840616226,0.5071121454238892,0.19056276977062225,-0.008696770295500755,0.487802118062973,0.1893501728773117,-0.01217853743582964,0.5013989210128784,0.19792772829532623,-0.0636327788233757,0.49334052205085754,0.19673651456832886,-0.06468883156776428,0.518368124961853,0.23808768391609192,-0.02016068622469902,0.4741763770580292,0.23666639626026154,-0.025597386062145233,0.5188292264938354,0.22451519966125488,-0.18719759583473206,0.47022145986557007,0.21071912348270416,-0.18488809466362,0.5181929469108582,0.1606280356645584,-0.3215083181858063,0.47332054376602173,0.1574849784374237,-0.31151244044303894,0.5210591554641724,0.14180202782154083,-0.3547835052013397,0.4719182550907135,0.14224092662334442,-0.3429447412490845,0.5198455452919006,0.13798505067825317,-0.3501635491847992,0.4729350507259369,0.13765159249305725,-0.3365480303764343,0.5177539587020874,0.14476357400417328,-0.32520949840545654,0.4744642376899719,0.14327895641326904,-0.3149414658546448,0.5105445384979248,0.3746947944164276,0.00242615002207458,0.4803544580936432,0.3745274543762207,-0.0024849772453308105,0.5175114274024963,0.4872496426105499,-0.008306306786835194,0.4724496006965637,0.48397210240364075,-0.0143679054453969,0.5216203927993774,0.5830443501472473,0.04216540604829788,0.4631754457950592,0.579900324344635,0.03739376366138458,0.519533097743988,0.5949504375457764,0.04277261719107628,0.46429643034935,0.5927125811576843,0.037680067121982574,0.5340814590454102,0.6088209748268127,-0.02703564241528511,0.44960135221481323,0.6054363250732422,-0.03425348177552223
3.8921926021575928,0.4978488087654114,0.1881168931722641,-0.08620699495077133,0.5008898377418518,0.18422870337963104,-0.07333072274923325,0.5027393102645874,0.18475501239299774,-0.07334548979997635,0.5046690106391907,0.18525750935077667,-0.07335706055164337,0.49534693360328674,0.1834985911846161,-0.07411197572946548,0.49321094155311584,0.18362435698509216,-0.07408764213323593,0.4911206364631653,0.18375366926193237,-0.07404236495494843,0.5071020126342773,0.1907726526260376,-0.008491984568536282,0.48780712485313416,0.18970631062984467,-0.011559397913515568,0.5013946294784546,0.1983213871717453,-0.06297717243432999,0.49333298206329346,0.19716228544712067,-0.06393679231405258,0.518403172492981,0.23829235136508942,-0.01943775825202465,0.4741863012313843,0.23682841658592224,-0.024617129936814308,0.5188509821891785,0.22509482502937317,-0.1836966872215271,0.47025325894355774,0.21129125356674194,-0.1809469610452652,0.518118143081665,0.16085606813430786,-0.3163025677204132,0.4732782542705536,0.1576664000749588,-0.30651089549064636,0.5210306644439697,0.1418297439813614,-0.3491351902484894,0.4718753695487976,0.14255410432815552,-0.3376208245754242,0.5198326706886292,0.13801568746566772,-0.3444617986679077,0.4728958010673523,0.13768532872200012,-0.33133941888809204,0.5177396535873413,0.14479883015155792,-0.31989020109176636,0.47442618012428284,0.14345552027225494,-0.3099258840084076,0.5106329917907715,0.3747786581516266,0.002345830900594592,0.48039716482162476,0.3746187388896942,-0.0024046883918344975,0.5174822211265564,0.48723262548446655,-0.008408774621784687,0.4724450707435608,0.4840276539325714,-0.013967709615826607,0.5216089487075806,0.5830304622650146,0.04202114790678024,0.46316683292388916,0.5799199938774109,0.037903230637311935,0.5195248126983643,0.5949417948722839,0.04264068603515625,0.4642632305622101,0.5927446484565735,0.03818907588720322,0.5340253710746765,0.6088972091674805,-0.0270573478192091,0.4495250880718231,0.6054441928863525,-0.033583104610443115
3.9358386993408203,0.4978399872779846,0.18849457800388336,-0.0848311334848404,0.5008839964866638,0.18454080820083618,-0.07197599112987518,0.5027319192886353,0.1850614845752716,-0.07199003547430038,0.5046599507331848,0.18555934727191925,-0.07200095057487488,0.4953421354293823,0.18382428586483002,-0.07269187271595001,0.49320998787879944,0.18396428227424622,-0.07266692072153091,0.4911346733570099,0.18410667777061462,-0.07262149453163147,0.5070945620536804,0.19107849895954132,-0.007378486450761557,0.48787349462509155,0.19005465507507324,-0.01014034915715456,0.5013899207115173,0.19866883754730225,-0.06166398152709007,0.49333226680755615,0.19756165146827698,-0.06255209445953369,0.5184427499771118,0.23854298889636993,-0.018417486920952797,0.474230021238327,0.23717990517616272,-0.022996757179498672,0.5188615322113037,0.2254326492547989,-0.18176937103271484,0.4702955186367035,0.21120092272758484,-0.17848001420497894,0.5180284380912781,0.16111677885055542,-0.31357792019844055,0.473253071308136,0.1581508368253708,-0.3043464720249176,0.520961582660675,0.14191433787345886,-0.34643542766571045,0.47184595465660095,0.14306844770908356,-0.3355141580104828,0.5197778344154358,0.1381908655166626,-0.34174492955207825,0.4728623330593109,0.13803991675376892,-0.3292766511440277,0.5176835656166077,0.1449642926454544,-0.31716373562812805,0.47439858317375183,0.1439967155456543,-0.3077954351902008,0.5106438994407654,0.3748765289783478,0.0022203002590686083,0.4803987443447113,0.37466883659362793,-0.0022794802207499743,0.5174314975738525,0.48720455169677734,-0.009210681542754173,0.47243455052375793,0.48406192660331726,-0.014293711632490158,0.5215948820114136,0.5830291509628296,0.040921710431575775,0.4631633758544922,0.5799892544746399,0.03707776218652725,0.5195184946060181,0.5949453115463257,0.041520290076732635,0.464250385761261,0.5928627252578735,0.03733125701546669,0.5339982509613037,0.6089616417884827,-0.02811470814049244,0.4494735300540924,0.6054521799087524,-0.03441948816180229
3.9758758544921875,0.49783387780189514,0.18875914812088013,-0.08102801442146301,0.5008808970451355,0.18474994599819183,-0.06792133301496506,0.5027263760566711,0.18526938557624817,-0.06793662905693054,0.5046530365943909,0.18576346337795258,-0.06794651597738266,0.4953398108482361,0.18404808640480042,-0.06866676360368729,0.49320700764656067,0.18420669436454773,-0.06864297389984131,0.49113520979881287,0.18436841666698456,-0.06859977543354034,0.5070911645889282,0.19128474593162537,-0.003233081428334117,0.4878944456577301,0.19034044444561005,-0.006117688026279211,0.5013869404792786,0.19893725216388702,-0.05789125710725784,0.4933317005634308,0.1978626400232315,-0.05883518606424332,0.5184991955757141,0.23883946239948273,-0.014083368703722954,0.4742822051048279,0.2374807596206665,-0.019138580188155174,0.5188637375831604,0.22584187984466553,-0.1745499223470688,0.4702828526496887,0.2116895318031311,-0.17208942770957947,0.5175803899765015,0.16152742505073547,-0.30401691794395447,0.47323375940322876,0.15843653678894043,-0.29556941986083984,0.5203822255134583,0.1424492597579956,-0.33625298738479614,0.4718298017978668,0.1432839334011078,-0.3263743817806244,0.51930171251297,0.13876357674598694,-0.33138278126716614,0.47283878922462463,0.13820083439350128,-0.31991249322891235,0.5171002149581909,0.1455298811197281,-0.30740728974342346,0.47437646985054016,0.1442229449748993,-0.2987850606441498,0.5106363296508789,0.3750106394290924,0.0022006556391716003,0.48037832975387573,0.3747660219669342,-0.0022596600465476513,0.5173777937889099,0.4871922731399536,-0.009707450866699219,0.4724186658859253,0.48409411311149597,-0.015153179876506329,0.521591067314148,0.58305424451828,0.04031780734658241,0.4631623923778534,0.5800782442092896,0.03613351657986641,0.5195322632789612,0.5950557589530945,0.040925636887550354,0.46425020694732666,0.5929334759712219,0.0364442840218544,0.5340016484260559,0.6090757250785828,-0.028523128479719162,0.44948020577430725,0.6055274605751038,-0.035152677446603775
4.016534805297852,0.49782702326774597,0.18889860808849335,-0.08026102185249329,0.5008760690689087,0.18485872447490692,-0.0671396404504776,0.5027230381965637,0.18537716567516327,-0.06715486943721771,0.5046495795249939,0.18586771190166473,-0.06716447323560715,0.49533477425575256,0.18416711688041687,-0.06782422214746475,0.49320510029792786,0.18434098362922668,-0.06780077517032623,0.491134911775589,0.18452000617980957,-0.06775733828544617,0.5070871710777283,0.19140174984931946,-0.0025287424214184284,0.48790958523750305,0.19051583111286163,-0.0050999876111745834,0.5013831257820129,0.19908784329891205,-0.057165130972862244,0.4933317303657532,0.19803039729595184,-0.05802132561802864,0.5185450315475464,0.2390320599079132,-0.013499240390956402,0.4743460714817047,0.23769432306289673,-0.018093017861247063,0.5188649892807007,0.22599752247333527,-0.17434607446193695,0.4702727198600769,0.21202675998210907,-0.17105311155319214,0.5173546075820923,0.16180026531219482,-0.30411919951438904,0.47322654724121094,0.15852484107017517,-0.29506710171699524,0.5200724005699158,0.14280113577842712,-0.3364729881286621,0.471822053194046,0.14337290823459625,-0.32595494389533997,0.5190099477767944,0.13913673162460327,-0.33161628246307373,0.47281643748283386,0.1382950097322464,-0.31953659653663635,0.5167675614356995,0.14590314030647278,-0.30753472447395325,0.4743587076663971,0.1443324089050293,-0.29831892251968384,0.510628879070282,0.37508419156074524,0.0021308420691639185,0.48036593198776245,0.3748241364955902,-0.0021896115504205227,0.5173389911651611,0.4871537983417511,-0.010097460821270943,0.4724057912826538,0.48411983251571655,-0.015580362640321255,0.5215882658958435,0.5830578207969666,0.04006607457995415,0.4631614685058594,0.580208420753479,0.035586629062891006,0.5195381045341492,0.5951183438301086,0.04069547355175018,0.4642571210861206,0.5930706858634949,0.03593694046139717,0.5340243577957153,0.6091218590736389,-0.028676224872469902,0.4494778513908386,0.6055966019630432,-0.03541270270943642
4.055269479751587,0.49781501293182373,0.18892142176628113,-0.07947134226560593,0.5008666515350342,0.18489733338356018,-0.06635395437479019,0.5027165412902832,0.18540869653224945,-0.06636906415224075,0.5046401619911194,0.1858883947134018,-0.06637851893901825,0.49532970786094666,0.18421655893325806,-0.06695058196783066,0.4932032823562622,0.1843964010477066,-0.06692695617675781,0.4911356270313263,0.18458658456802368,-0.06688335537910461,0.5070818066596985,0.19140851497650146,-0.0017904714914038777,0.4879460334777832,0.1906016618013382,-0.003913575783371925,0.5013798475265503,0.19907371699810028,-0.056391529738903046,0.4933328330516815,0.19802738726139069,-0.05712185427546501,0.5185999274253845,0.2391653209924698,-0.012665342539548874,0.47441577911376953,0.23782506585121155,-0.017065616324543953,0.5188661217689514,0.22605696320533752,-0.17355869710445404,0.470267117023468,0.21225883066654205,-0.16998551785945892,0.5171637535095215,0.16205856204032898,-0.30294689536094666,0.47319933772087097,0.15836019814014435,-0.29406455159187317,0.5197989344596863,0.14298292994499207,-0.3352847993373871,0.4717884063720703,0.14333951473236084,-0.3250069320201874,0.5186773538589478,0.13930296897888184,-0.33028891682624817,0.47280022501945496,0.13830289244651794,-0.3186138868331909,0.5164303183555603,0.14612813293933868,-0.30631023645401,0.47436362504959106,0.14429871737957,-0.29733431339263916,0.5106195211410522,0.3751247227191925,0.0020809774287045,0.48033010959625244,0.3748687505722046,-0.0021395673975348473,0.5173122882843018,0.487087607383728,-0.01034511998295784,0.47239625453948975,0.48414188623428345,-0.015716809779405594,0.5215851664543152,0.5830579996109009,0.03975674882531166,0.46315908432006836,0.5803653001785278,0.035243675112724304,0.5195361971855164,0.5951954126358032,0.040373947471380234,0.46426594257354736,0.5932129621505737,0.03556811437010765,0.5340612530708313,0.60916668176651,-0.02881302684545517,0.449476033449173,0.6057289242744446,-0.035664819180965424
4.097707033157349,0.4977661669254303,0.18894502520561218,-0.07896056026220322,0.500831127166748,0.18493346869945526,-0.06588515639305115,0.5026915669441223,0.18544414639472961,-0.06590072810649872,0.5046183466911316,0.18591725826263428,-0.06590989232063293,0.49529844522476196,0.18423791229724884,-0.06633705645799637,0.4931831359863281,0.1844135820865631,-0.06631399691104889,0.4911307692527771,0.18460576236248016,-0.06627092510461807,0.5070759654045105,0.19142043590545654,-0.0014948243042454123,0.48796606063842773,0.19063320755958557,-0.0029169530607759953,0.501358687877655,0.19912220537662506,-0.05593607947230339,0.49331650137901306,0.1980690211057663,-0.05647091940045357,0.5186381340026855,0.23926278948783875,-0.012456760741770267,0.4744883179664612,0.23784394562244415,-0.015974415466189384,0.5188100934028625,0.22628892958164215,-0.17318911850452423,0.47025904059410095,0.21237771213054657,-0.16885027289390564,0.5168631076812744,0.16198360919952393,-0.301740437746048,0.4732396900653839,0.1580035388469696,-0.29344606399536133,0.519457221031189,0.14296825230121613,-0.3339758515357971,0.47176411747932434,0.14297033846378326,-0.3244574964046478,0.5182328820228577,0.1392281949520111,-0.329031378030777,0.4728183448314667,0.1381501704454422,-0.3180166482925415,0.5159894824028015,0.14600636065006256,-0.30509382486343384,0.47441548109054565,0.1439438760280609,-0.29671403765678406,0.510606050491333,0.3751825988292694,0.0019952580332756042,0.48029038310050964,0.37487494945526123,-0.002053905976936221,0.5172715783119202,0.4870672821998596,-0.010337714105844498,0.4723891019821167,0.48418116569519043,-0.015538201667368412,0.5215826630592346,0.5830395817756653,0.03976714238524437,0.4631527364253998,0.5805233716964722,0.035337772220373154,0.519534170627594,0.5952067971229553,0.04038756340742111,0.4642673432826996,0.5933299660682678,0.035605378448963165,0.5340706706047058,0.6091938614845276,-0.029176173731684685,0.4494740664958954,0.6058605313301086,-0.03607124090194702
4.143261194229126,0.49770939350128174,0.1888677030801773,-0.07536088675260544,0.5007638931274414,0.18483833968639374,-0.06221183016896248,0.5026293992996216,0.18535614013671875,-0.062228210270404816,0.5045662522315979,0.18583257496356964,-0.06223589926958084,0.4952688217163086,0.18413767218589783,-0.06253237277269363,0.49316856265068054,0.18432584404945374,-0.06251179426908493,0.4911268651485443,0.1845368593931198,-0.06247195228934288,0.5070716738700867,0.191404789686203,0.0020869076251983643,0.4879706799983978,0.1906527280807495,0.0012273413594812155,0.5013333559036255,0.19914717972278595,-0.05238154157996178,0.4933021664619446,0.19808973371982574,-0.05276091396808624,0.5186826586723328,0.23933382332324982,-0.008696919307112694,0.4745168685913086,0.23803043365478516,-0.011754783801734447,0.5187386870384216,0.22639167308807373,-0.16697032749652863,0.4702465236186981,0.21271683275699615,-0.16274194419384003,0.5165404081344604,0.16186706721782684,-0.29344019293785095,0.47338971495628357,0.15806184709072113,-0.2861585021018982,0.5191919207572937,0.14302106201648712,-0.3251173794269562,0.4717991054058075,0.14310866594314575,-0.3169131577014923,0.517970860004425,0.13926340639591217,-0.3204534649848938,0.47288209199905396,0.13819995522499084,-0.3102963864803314,0.5157473087310791,0.1459621638059616,-0.29681867361068726,0.4745306968688965,0.14387598633766174,-0.2892661988735199,0.5106002688407898,0.37524423003196716,0.0019255776423960924,0.4802795648574829,0.37487661838531494,-0.0019835897255688906,0.517254114151001,0.4870662987232208,-0.010049537755548954,0.4723832309246063,0.4842429757118225,-0.015424195677042007,0.5215817093849182,0.5830367803573608,0.040025755763053894,0.4631385803222656,0.5807169675827026,0.035330630838871,0.5195401310920715,0.5952350497245789,0.04065606743097305,0.4642675817012787,0.5934627652168274,0.03558128699660301,0.5340939164161682,0.6092309355735779,-0.029331885278224945,0.4494752585887909,0.6061391830444336,-0.03629089146852493
4.192056179046631,0.497639000415802,0.1888645887374878,-0.07414145767688751,0.500689685344696,0.18480513989925385,-0.061038561165332794,0.5025603771209717,0.18532636761665344,-0.06105507165193558,0.5045090317726135,0.18580298125743866,-0.061062395572662354,0.49522748589515686,0.1841028928756714,-0.06126599386334419,0.49314454197883606,0.18429824709892273,-0.06124584376811981,0.4911169111728668,0.18452131748199463,-0.06120580434799194,0.5070680975914001,0.19140058755874634,0.0030906135216355324,0.4879738688468933,0.19068454205989838,0.0026645984034985304,0.5013051629066467,0.19920161366462708,-0.05122079700231552,0.4932776391506195,0.19814300537109375,-0.05147559940814972,0.5187347531318665,0.23938637971878052,-0.007795313373208046,0.4745582640171051,0.2382775992155075,-0.01010523084551096,0.5187055468559265,0.22650769352912903,-0.1657688319683075,0.47023576498031616,0.21304482221603394,-0.160728320479393,0.5163911581039429,0.16164220869541168,-0.29194825887680054,0.4734484851360321,0.15816524624824524,-0.28469419479370117,0.5190631151199341,0.1430034190416336,-0.32360902428627014,0.471822589635849,0.14323778450489044,-0.31551143527030945,0.5178468823432922,0.13923807442188263,-0.3191240727901459,0.4729253649711609,0.1382938176393509,-0.30894696712493896,0.5156481266021729,0.14583952724933624,-0.29539820551872253,0.4745987057685852,0.1438918560743332,-0.28784412145614624,0.5105960369110107,0.3752928078174591,0.0018074717372655869,0.48026612401008606,0.3748803734779358,-0.0018651254940778017,0.5172441005706787,0.487067848443985,-0.00976499542593956,0.4723767638206482,0.48431283235549927,-0.015118745155632496,0.5215957760810852,0.5830445289611816,0.04023481532931328,0.46312347054481506,0.5808210372924805,0.03563811257481575,0.5195676684379578,0.5953478217124939,0.040855761617422104,0.464267760515213,0.5935056209564209,0.0358823761343956,0.534148097038269,0.6092668771743774,-0.029466379433870316,0.4495159089565277,0.6064289212226868,-0.03646885231137276
4.237807989120483,0.49753209948539734,0.18890175223350525,-0.07416364550590515,0.5005978941917419,0.18484334647655487,-0.06113570183515549,0.5024684071540833,0.18536755442619324,-0.06115186586976051,0.5044220685958862,0.18584641814231873,-0.061158787459135056,0.49515825510025024,0.18413935601711273,-0.06122194230556488,0.4930921494960785,0.18433517217636108,-0.06120185926556587,0.49107685685157776,0.1845574975013733,-0.06116180866956711,0.5070538520812988,0.19144250452518463,0.002746676793321967,0.4879695475101471,0.19070418179035187,0.003010265063494444,0.5012523531913757,0.1993207037448883,-0.05134009197354317,0.49321621656417847,0.19824273884296417,-0.051395077258348465,0.5187556147575378,0.23945465683937073,-0.008284483104944229,0.47459113597869873,0.23880620300769806,-0.009377460926771164,0.5187056064605713,0.22712190449237823,-0.16697879135608673,0.4701448678970337,0.21398058533668518,-0.15981259942054749,0.516249418258667,0.16166578233242035,-0.2932018041610718,0.4734940230846405,0.15825481712818146,-0.28391093015670776,0.5188692212104797,0.14316298067569733,-0.32489240169525146,0.47182804346084595,0.14329490065574646,-0.3146088719367981,0.5176410675048828,0.13941843807697296,-0.3202458322048187,0.472954660654068,0.13833044469356537,-0.3080666959285736,0.515484631061554,0.145884171128273,-0.29658257961273193,0.4746699035167694,0.143949955701828,-0.2870636284351349,0.5105912089347839,0.3753112852573395,0.00151731981895864,0.4802619516849518,0.3749062120914459,-0.0015742606483399868,0.5172387361526489,0.48707279562950134,-0.009836902841925621,0.4723716676235199,0.48433759808540344,-0.015060130506753922,0.5216329097747803,0.5830792188644409,0.04014996066689491,0.4631050229072571,0.5809006094932556,0.03562263771891594,0.5196325778961182,0.5955292582511902,0.04074026271700859,0.4642716348171234,0.5935754776000977,0.035845205187797546,0.5342909097671509,0.6092715859413147,-0.030319474637508392,0.4495220184326172,0.6066311597824097,-0.03653202950954437
4.286624193191528,0.497458815574646,0.1889861524105072,-0.07467833906412125,0.5004816651344299,0.1849159300327301,-0.06170794740319252,0.5023193359375,0.18543803691864014,-0.06172192096710205,0.5042781829833984,0.18592947721481323,-0.061727769672870636,0.4951120615005493,0.18425624072551727,-0.061833661049604416,0.493062287569046,0.1844542771577835,-0.061812806874513626,0.4910418689250946,0.18469738960266113,-0.06177161633968353,0.5070397853851318,0.19160816073417664,0.002120804041624069,0.48796120285987854,0.19091299176216125,0.002044921275228262,0.5011921525001526,0.19952265918254852,-0.051894303411245346,0.49317216873168945,0.19856801629066467,-0.05202760547399521,0.5187548398971558,0.2400868982076645,-0.007955300621688366,0.4745907485485077,0.23981046676635742,-0.009289185516536236,0.5191952586174011,0.23285691440105438,-0.16461817920207977,0.4690172076225281,0.21940740942955017,-0.15615971386432648,0.5159671902656555,0.16655252873897552,-0.2892337441444397,0.4732345640659332,0.16050003468990326,-0.27444517612457275,0.518218994140625,0.14758969843387604,-0.3201144337654114,0.4718862473964691,0.14581501483917236,-0.3037814199924469,0.5170711278915405,0.14434020221233368,-0.31418922543525696,0.47316110134124756,0.1422639936208725,-0.2965177595615387,0.5150400400161743,0.1506282240152359,-0.29187077283859253,0.47476595640182495,0.14783930778503418,-0.2769600749015808,0.5104939937591553,0.3755953907966614,0.0014795736642554402,0.4802120625972748,0.37514832615852356,-0.0015354468487203121,0.5172186493873596,0.4870868921279907,-0.010652553290128708,0.4723249077796936,0.48444393277168274,-0.015139923430979252,0.5216490030288696,0.5832734704017639,0.038517799228429794,0.46307796239852905,0.5810431241989136,0.03488844260573387,0.5196808576583862,0.5958858132362366,0.03913694992661476,0.46426236629486084,0.5936720371246338,0.03505011275410652,0.5345032215118408,0.6092736124992371,-0.03129895031452179,0.4495684504508972,0.6068958640098572,-0.03726746514439583
4.327705383300781,0.49719664454460144,0.1889837384223938,-0.06828317791223526,0.5000874996185303,0.18494001030921936,-0.05492616817355156,0.501781702041626,0.1854654848575592,-0.05492663383483887,0.5035961270332336,0.18595825135707855,-0.05492069199681282,0.49480104446411133,0.18428336083889008,-0.05502798780798912,0.49275392293930054,0.18447236716747284,-0.05500917509198189,0.4907113313674927,0.1847127079963684,-0.05496848002076149,0.5065330862998962,0.19171208143234253,0.008807048201560974,0.4876823127269745,0.19110018014907837,0.008213503286242485,0.5008968114852905,0.19954200088977814,-0.04590260609984398,0.4929898679256439,0.1985960155725479,-0.04618396982550621,0.518581748008728,0.24153287708759308,-0.0006736338837072253,0.47442325949668884,0.23982781171798706,-0.0031776311807334423,0.5212615132331848,0.23854254186153412,-0.15900126099586487,0.46602296829223633,0.22781461477279663,-0.1492885798215866,0.515754759311676,0.17791666090488434,-0.2852591276168823,0.4728798270225525,0.1704791784286499,-0.26370659470558167,0.516652524471283,0.16299253702163696,-0.3150153160095215,0.4724127948284149,0.15795297920703888,-0.2916375398635864,0.5148736238479614,0.16195718944072723,-0.30711281299591064,0.4740118384361267,0.1561911702156067,-0.2825048565864563,0.5132213830947876,0.1677084118127823,-0.28673920035362244,0.4751942455768585,0.16072013974189758,-0.2649432420730591,0.5103814601898193,0.37638112902641296,0.0015511243836954236,0.4802042245864868,0.375630259513855,-0.0016102708177641034,0.5172038078308105,0.48733004927635193,-0.010672778822481632,0.47228702902793884,0.4844636023044586,-0.017335664480924606,0.5215902328491211,0.583263635635376,0.03771915286779404,0.463066965341568,0.5810529589653015,0.03168465569615364,0.5196012258529663,0.5958881378173828,0.038335151970386505,0.4642180800437927,0.5936695337295532,0.03193723037838936,0.5345558524131775,0.6092750430107117,-0.03129204735159874,0.4496701955795288,0.6068445444107056,-0.03922910988330841
4.377837419509888,0.4971570372581482,0.18899406492710114,-0.0697927474975586,0.4999260902404785,0.18496307730674744,-0.05669219791889191,0.5015584826469421,0.18548966944217682,-0.05669138953089714,0.5033165216445923,0.18598128855228424,-0.05668522045016289,0.4947437644004822,0.18430745601654053,-0.05680984631180763,0.4927266538143158,0.18449820578098297,-0.05678950250148773,0.49070554971694946,0.18474030494689941,-0.05674752965569496,0.5062917470932007,0.1917800009250641,0.0066464622505009174,0.4876382648944855,0.19111794233322144,0.006043515633791685,0.5007768869400024,0.19956116378307343,-0.047502562403678894,0.49298936128616333,0.19861166179180145,-0.04776662960648537,0.5185182094573975,0.24204355478286743,-0.00293543073348701,0.4742865562438965,0.23982535302639008,-0.00457771634683013,0.5221094489097595,0.23946021497249603,-0.16105280816555023,0.46489760279655457,0.22915858030319214,-0.1509898602962494,0.5156171917915344,0.17994286119937897,-0.28664276003837585,0.47272399067878723,0.17423664033412933,-0.2650299072265625,0.515906572341919,0.16523319482803345,-0.3163391351699829,0.47271597385406494,0.16167892515659332,-0.2927904725074768,0.5140489935874939,0.16458648443222046,-0.30798640847206116,0.4744272232055664,0.16025233268737793,-0.2835386097431183,0.5125407576560974,0.17021572589874268,-0.28790149092674255,0.47543466091156006,0.16477809846401215,-0.2661879360675812,0.5103411078453064,0.3765585422515869,0.0014461787650361657,0.4802030622959137,0.3757668137550354,-0.0015089965891093016,0.5171473622322083,0.48736894130706787,-0.010984092950820923,0.4722919464111328,0.4841485917568207,-0.017329523339867592,0.521597146987915,0.5831916332244873,0.036333806812763214,0.46306702494621277,0.5802159905433655,0.03181455656886101,0.5196077227592468,0.5959246158599854,0.03685607761144638,0.4642162621021271,0.59285569190979,0.03205038979649544,0.5344060659408569,0.6089186072349548,-0.032342132180929184,0.4499557316303253,0.6064193844795227,-0.03910813480615616
4.427473068237305,0.497338205575943,0.1902320832014084,-0.03759736567735672,0.49994146823883057,0.1852058619260788,-0.025171225890517235,0.5015557408332825,0.18564969301223755,-0.025156890973448753,0.503274142742157,0.18607914447784424,-0.02515031024813652,0.4948674738407135,0.18452003598213196,-0.02607215754687786,0.4928506314754486,0.1846446990966797,-0.026061929762363434,0.49086299538612366,0.18486936390399933,-0.02602788247168064,0.5061360001564026,0.19181904196739197,0.035000815987586975,0.48763930797576904,0.19127993285655975,0.030502256006002426,0.5008115172386169,0.19990374147891998,-0.016100460663437843,0.4935123324394226,0.1990787386894226,-0.01754305697977543,0.5178672671318054,0.24271751940250397,0.035347823053598404,0.4745667278766632,0.2406017780303955,0.023692380636930466,0.5253138542175293,0.2501060366630554,-0.09300645440816879,0.4623206853866577,0.2423487901687622,-0.09789329022169113,0.5156233906745911,0.1971931755542755,-0.2004770189523697,0.4728342592716217,0.19177405536174774,-0.20096251368522644,0.5137134790420532,0.18647493422031403,-0.2254737913608551,0.47372671961784363,0.1818973422050476,-0.22564789652824402,0.5113417506217957,0.18457390367984772,-0.2148766964673996,0.4753969609737396,0.18174591660499573,-0.21700027585029602,0.51097172498703,0.1889200359582901,-0.1999785602092743,0.4761255979537964,0.18633456528186798,-0.2013147622346878,0.510272741317749,0.37661054730415344,0.002936866832897067,0.48047879338264465,0.3757583200931549,-0.0029710077214986086,0.5169832706451416,0.4870554506778717,-0.010568530298769474,0.4722878634929657,0.4837254285812378,-0.021474774926900864,0.5215964913368225,0.5830003619194031,0.0339152030646801,0.46306556463241577,0.5802257657051086,0.021466467529535294,0.5196077227592468,0.5956328511238098,0.03416622802615166,0.4642166495323181,0.5929224491119385,0.021420953795313835,0.5340355634689331,0.6082513928413391,-0.03324499726295471,0.449944406747818,0.6058613657951355,-0.04727410897612572
4.468004465103149,0.4973028898239136,0.19196288287639618,-0.03965982422232628,0.49983325600624084,0.1855982393026352,-0.02724015712738037,0.5013222098350525,0.18602286279201508,-0.027222037315368652,0.5029270052909851,0.18655157089233398,-0.027206242084503174,0.49482816457748413,0.18487441539764404,-0.028142672032117844,0.4928436875343323,0.18491308391094208,-0.028134167194366455,0.49087414145469666,0.18504047393798828,-0.02810191921889782,0.5056995153427124,0.19273574650287628,0.03382808715105057,0.48764342069625854,0.19156047701835632,0.02882513403892517,0.5005949139595032,0.2015107125043869,-0.017805101349949837,0.4935159385204315,0.20028327405452728,-0.01933198608458042,0.5176159739494324,0.2434002012014389,0.03875710442662239,0.47467634081840515,0.24060600996017456,0.022808413952589035,0.5297905802726746,0.26104769110679626,-0.07733462005853653,0.45897138118743896,0.25484421849250793,-0.0960264652967453,0.5152822732925415,0.22648555040359497,-0.18130429089069366,0.4724962115287781,0.22187381982803345,-0.19877931475639343,0.5107155442237854,0.2171994000673294,-0.20643581449985504,0.4747166633605957,0.2173345685005188,-0.22364704310894012,0.5084965825080872,0.21721063554286957,-0.19746941328048706,0.4769846498966217,0.21835832297801971,-0.2145404815673828,0.5085796117782593,0.22088263928890228,-0.18100295960903168,0.47704780101776123,0.22059820592403412,-0.1983284205198288,0.5102695226669312,0.37674424052238464,0.005342991556972265,0.4809322655200958,0.37587907910346985,-0.00535194668918848,0.5169499516487122,0.48692062497138977,-0.004861957393586636,0.47228381037712097,0.4834122955799103,-0.022983867675065994,0.5215632319450378,0.5829992890357971,0.039239104837179184,0.4630644619464874,0.5801794528961182,0.022356154397130013,0.5194892287254333,0.595723569393158,0.039265964180231094,0.4642404317855835,0.5929363369941711,0.022628000006079674,0.534275472164154,0.6077728271484375,-0.026584120467305183,0.4498809278011322,0.6049472689628601,-0.046243246644735336
4.526361465454102,0.4973057210445404,0.1920456439256668,-0.04683035612106323,0.4998313784599304,0.1856432557106018,-0.03402004390954971,0.5012630224227905,0.1860891729593277,-0.03400878608226776,0.502860426902771,0.1866850107908249,-0.03399747610092163,0.49481436610221863,0.1848834902048111,-0.03545678034424782,0.4928193986415863,0.1849004626274109,-0.035448551177978516,0.490865558385849,0.18499408662319183,-0.035413190722465515,0.5054961442947388,0.1931511014699936,0.030673446133732796,0.4874332845211029,0.19157157838344574,0.023260314017534256,0.5005667209625244,0.2017589956521988,-0.023505249992012978,0.49351322650909424,0.20046047866344452,-0.025703391060233116,0.517583966255188,0.24399831891059875,0.0360393263399601,0.4741467535495758,0.24059689044952393,0.015321295708417892,0.5329557657241821,0.27123939990997314,-0.08778438717126846,0.458843857049942,0.26185503602027893,-0.11700990796089172,0.5149270296096802,0.2448900043964386,-0.20446424186229706,0.47096487879753113,0.2436489760875702,-0.23336949944496155,0.5096068978309631,0.2425026148557663,-0.23221397399902344,0.4746621549129486,0.24274735152721405,-0.2609505355358124,0.5069044232368469,0.24111734330654144,-0.22470085322856903,0.477190762758255,0.24009987711906433,-0.2528539299964905,0.5070439577102661,0.24207422137260437,-0.20506921410560608,0.4772893190383911,0.24124450981616974,-0.23418250679969788,0.5103040933609009,0.37710708379745483,0.007237472105771303,0.48099395632743835,0.3760793209075928,-0.0072473338805139065,0.5169326663017273,0.4870090186595917,0.0006567955133505166,0.4722861051559448,0.48342573642730713,-0.022289153188467026,0.5215451121330261,0.5829541683197021,0.05185077711939812,0.46306318044662476,0.5801593065261841,0.03067685477435589,0.5194164514541626,0.5958182215690613,0.05248457193374634,0.4642584025859833,0.5929511785507202,0.03181660175323486,0.5343619585037231,0.6074116230010986,-0.015630565583705902,0.44987964630126953,0.6041813492774963,-0.038424327969551086
4.596057891845703,0.4973059892654419,0.19229792058467865,-0.0518660768866539,0.49981996417045593,0.18572208285331726,-0.039596930146217346,0.5011993050575256,0.18614980578422546,-0.039594732224941254,0.5027944445610046,0.18673837184906006,-0.03958955034613609,0.49476656317710876,0.18499967455863953,-0.04063180461525917,0.4927578568458557,0.1850079745054245,-0.04062039032578468,0.4908311665058136,0.18510887026786804,-0.040583692491054535,0.5052724480628967,0.19316066801548004,0.02430691570043564,0.48727115988731384,0.19169531762599945,0.01919775828719139,0.5005466341972351,0.20225580036640167,-0.028482910245656967,0.49350690841674805,0.20104961097240448,-0.030038634315133095,0.5185573697090149,0.2450169324874878,0.031066209077835083,0.47184059023857117,0.24165315926074982,0.02364935912191868,0.5318393111228943,0.2901425063610077,-0.07709037512540817,0.46005064249038696,0.2884785532951355,-0.07864118367433548,0.5162714719772339,0.28363314270973206,-0.214175745844841,0.46925467252731323,0.28662344813346863,-0.20951133966445923,0.511229395866394,0.288437157869339,-0.24596606194972992,0.4697604775428772,0.28595679998397827,-0.2391112595796585,0.5082603693008423,0.28388816118240356,-0.2454935759305954,0.4729548692703247,0.2812685966491699,-0.23943834006786346,0.5075855851173401,0.28250351548194885,-0.21804875135421753,0.47442200779914856,0.2820618450641632,-0.21333183348178864,0.5103015303611755,0.3772411048412323,0.0046052043326199055,0.48061954975128174,0.3762378394603729,-0.004550384357571602,0.5169260501861572,0.48707935214042664,4.925368557451293e-05,0.472283273935318,0.48371005058288574,-0.012950592674314976,0.5214769840240479,0.5828694105148315,0.05494137108325958,0.4630340039730072,0.5802348256111145,0.047669291496276855,0.5192617177963257,0.5958471298217773,0.056031934916973114,0.4642568826675415,0.5938647389411926,0.049264803528785706,0.5343503355979919,0.6074049472808838,-0.011440998874604702,0.4490242302417755,0.6038967967033386,-0.01990833878517151
4.6403820514678955,0.4973805546760559,0.1912197321653366,-0.03105052188038826,0.4998168647289276,0.18512319028377533,-0.019477589055895805,0.5011633634567261,0.18576128780841827,-0.019489506259560585,0.502740740776062,0.1864655315876007,-0.019493641331791878,0.4947652220726013,0.18405230343341827,-0.020244138315320015,0.49275630712509155,0.184174045920372,-0.020235735923051834,0.4908280074596405,0.1844777762889862,-0.020200524479150772,0.5050469636917114,0.19306674599647522,0.04073992744088173,0.4872399866580963,0.1915207952260971,0.03684078902006149,0.5005560517311096,0.20169833302497864,-0.009190072305500507,0.49354255199432373,0.2003592997789383,-0.01031968928873539,0.5190261006355286,0.2460159808397293,0.04551737755537033,0.47110089659690857,0.24332086741924286,0.04736639931797981,0.5308129191398621,0.29518815875053406,-0.03792036324739456,0.46045082807540894,0.29592999815940857,-0.02683860808610916,0.5173948407173157,0.29928144812583923,-0.16435371339321136,0.4681393504142761,0.30562782287597656,-0.13986042141914368,0.5119363069534302,0.3086986243724823,-0.1958923190832138,0.4698333442211151,0.310087114572525,-0.16730308532714844,0.5091540813446045,0.30583757162094116,-0.19978751242160797,0.4726336896419525,0.3050193786621094,-0.17146547138690948,0.5081139206886292,0.30298399925231934,-0.1691792607307434,0.4733548164367676,0.30325329303741455,-0.14459364116191864,0.5102889537811279,0.3772923946380615,0.002983873011544347,0.4804968535900116,0.376267671585083,-0.0029024556279182434,0.516915500164032,0.4870781898498535,-0.0006940063321962953,0.4722817540168762,0.4837222099304199,-0.01357776578515768,0.5214253067970276,0.5827456116676331,0.05050830543041229,0.46303242444992065,0.5802441239356995,0.0448446199297905,0.5191751718521118,0.5958454608917236,0.05127744376659393,0.4642680287361145,0.5940102338790894,0.046205129474401474,0.5342922210693359,0.607357919216156,-0.01663980819284916,0.44889360666275024,0.6036732196807861,-0.021072227507829666
4.703799486160278,0.49738872051239014,0.1873255968093872,-0.03741883486509323,0.4997864365577698,0.18282203376293182,-0.026120875030755997,0.5011096596717834,0.18363548815250397,-0.026130465790629387,0.502644419670105,0.18462586402893066,-0.026140425354242325,0.49477308988571167,0.18172504007816315,-0.027392562478780746,0.492780476808548,0.18188489973545074,-0.027391834184527397,0.49086809158325195,0.18227672576904297,-0.02737332135438919,0.5047287344932556,0.192178875207901,0.031607735902071,0.48724111914634705,0.1897057741880417,0.02864987961947918,0.5005544424057007,0.19925406575202942,-0.017096463590860367,0.49355047941207886,0.19758985936641693,-0.01872354745864868,0.5190802812576294,0.2482699304819107,0.04292771965265274,0.4709537923336029,0.24417676031589508,0.03775942698121071,0.5300240516662598,0.3054141104221344,0.032113216817379,0.4608573317527771,0.3019179403781891,0.025777172297239304,0.5199333429336548,0.33831778168678284,-0.028152693063020706,0.46730151772499084,0.33921292424201965,-0.025091325864195824,0.5164220333099365,0.35523954033851624,-0.04731067270040512,0.46902358531951904,0.35605156421661377,-0.04259754344820976,0.5139600038528442,0.3518834412097931,-0.058894019573926926,0.4717271029949188,0.3516038954257965,-0.05407751351594925,0.5134506821632385,0.3473934531211853,-0.03455687686800957,0.47236984968185425,0.34695228934288025,-0.03131647780537605,0.5102682709693909,0.37797147035598755,0.00286701787263155,0.4805639684200287,0.37635427713394165,-0.0027773091569542885,0.5168411135673523,0.4869718849658966,-0.014108511619269848,0.4722755253314972,0.48356661200523376,-0.02300501987338066,0.5214270353317261,0.5825982689857483,0.03330954164266586,0.46302613615989685,0.5802499651908875,0.03363460302352905,0.519175112247467,0.5958415865898132,0.033687349408864975,0.46430081129074097,0.5940152406692505,0.03454448655247688,0.5342923998832703,0.6070852875709534,-0.03303232043981552,0.4486890435218811,0.6034378409385681,-0.02889290452003479
4.747040271759033,0.49739202857017517,0.1858641505241394,-0.038431037217378616,0.4997722804546356,0.1818903088569641,-0.02720257267355919,0.5010824203491211,0.18270720541477203,-0.02721177227795124,0.5026021599769592,0.18377597630023956,-0.027221303433179855,0.4947855770587921,0.18086935579776764,-0.02864818088710308,0.49280276894569397,0.18101714551448822,-0.028652526438236237,0.49089688062667847,0.18139511346817017,-0.028639178723096848,0.5045685172080994,0.19165028631687164,0.029108401387929916,0.48724257946014404,0.18877938389778137,0.02484111301600933,0.5005499720573425,0.19799575209617615,-0.01839560456573963,0.4935498833656311,0.19631826877593994,-0.020271221175789833,0.5190815925598145,0.248880997300148,0.04331667348742485,0.4707781970500946,0.2445802241563797,0.03647865355014801,0.5295853018760681,0.30557817220687866,0.029744308441877365,0.46112510561943054,0.3030381500720978,0.01980411820113659,0.5208394527435303,0.3397660553455353,-0.03585851937532425,0.4669783413410187,0.3408277928829193,-0.039698489010334015,0.5182406306266785,0.35675254464149475,-0.05585838854312897,0.4686574637889862,0.3576527237892151,-0.05853259563446045,0.5158606767654419,0.35339656472206116,-0.06726984679698944,0.4713052213191986,0.3533017039299011,-0.06950850039720535,0.5154152512550354,0.3489565849304199,-0.04230879247188568,0.47193944454193115,0.3486226499080658,-0.04589124396443367,0.5102663636207581,0.3782155215740204,0.002847437048330903,0.48065465688705444,0.3764151334762573,-0.0027556982822716236,0.5167939066886902,0.48689812421798706,-0.015479911118745804,0.4722740054130554,0.48331478238105774,-0.024522563442587852,0.5214197039604187,0.5824877619743347,0.031888388097286224,0.4630317986011505,0.5801227688789368,0.03208258002996445,0.5191690921783447,0.5958569049835205,0.032248832285404205,0.4643497169017792,0.5938377380371094,0.03296787291765213,0.5342857837677002,0.6068665385246277,-0.035002224147319794,0.4487011730670929,0.6032878756523132,-0.02995816245675087
4.7911365032196045,0.49743062257766724,0.18551556766033173,-0.03863680735230446,0.49977201223373413,0.1814562827348709,-0.02719954587519169,0.5010806322097778,0.1821662336587906,-0.02720576524734497,0.5026004314422607,0.18317259848117828,-0.02721087448298931,0.4948306083679199,0.18056567013263702,-0.028855720534920692,0.49284806847572327,0.18070892989635468,-0.028866516426205635,0.49094101786613464,0.1810590773820877,-0.028849860653281212,0.5044860243797302,0.19101156294345856,0.029199572280049324,0.48726120591163635,0.1882101595401764,0.023108864203095436,0.5005548596382141,0.19739535450935364,-0.018434178084135056,0.4935842752456665,0.19588647782802582,-0.02062440663576126,0.5190312266349792,0.24902406334877014,0.04703197255730629,0.4707983434200287,0.24448595941066742,0.03291210159659386,0.5289185047149658,0.30757108330726624,0.027026066556572914,0.46124833822250366,0.3053821623325348,0.006197882350534201,0.5230585932731628,0.3553266227245331,-0.04814724624156952,0.46649450063705444,0.3519780933856964,-0.06420505046844482,0.5224011540412903,0.37590649724006653,-0.06884483993053436,0.4675518572330475,0.3708004653453827,-0.08588647097349167,0.519595205783844,0.37173518538475037,-0.08219055831432343,0.4705697298049927,0.367552787065506,-0.0964113399386406,0.5187565088272095,0.3656003177165985,-0.05571720749139786,0.47141456604003906,0.3614736795425415,-0.07043430209159851,0.5102594494819641,0.3786426782608032,0.003292876062914729,0.4807644188404083,0.3769390285015106,-0.0032159199472516775,0.5167924761772156,0.4870772063732147,-0.014086391776800156,0.47216469049453735,0.4833509027957916,-0.023779891431331635,0.5213984251022339,0.5824692845344543,0.03498940169811249,0.46302348375320435,0.579902172088623,0.03482872620224953,0.5191389918327332,0.5960574746131897,0.03580832853913307,0.4643499553203583,0.593388557434082,0.03599196672439575,0.5344296097755432,0.6068437099456787,-0.0308713186532259,0.44877347350120544,0.6032223105430603,-0.029311001300811768
4.836167335510254,0.4974161386489868,0.18515077233314514,-0.050172556191682816,0.49974000453948975,0.18119782209396362,-0.03885791078209877,0.501051664352417,0.18181978166103363,-0.03886515647172928,0.5025656819343567,0.18271809816360474,-0.03887983411550522,0.49482205510139465,0.18035221099853516,-0.04128870740532875,0.49283841252326965,0.18045544624328613,-0.04130243882536888,0.4909381568431854,0.180774986743927,-0.041294507682323456,0.5044171214103699,0.19036264717578888,0.017918752506375313,0.48724937438964844,0.18759781122207642,0.007929465733468533,0.5005529522895813,0.1965332329273224,-0.029594313353300095,0.4935729205608368,0.19503960013389587,-0.03269100561738014,0.5190243721008301,0.24920232594013214,0.04415271803736687,0.4707892835140228,0.24447117745876312,0.022653471678495407,0.5273455381393433,0.3104221820831299,0.05344446003437042,0.46187669038772583,0.3084802031517029,0.01453771349042654,0.5244009494781494,0.3647136688232422,0.004833617713302374,0.4666209816932678,0.3599165380001068,-0.0318349190056324,0.5256165862083435,0.3857487440109253,-0.009792317636311054,0.4671063721179962,0.3790443539619446,-0.05073820799589157,0.5227369666099548,0.38370707631111145,-0.026782384142279625,0.4703594446182251,0.3761395215988159,-0.06331374496221542,0.5211251974105835,0.3782886862754822,-0.0036295459140092134,0.4713748097419739,0.3702540397644043,-0.03827812150120735,0.5101979970932007,0.3787987232208252,0.004862798377871513,0.4807485044002533,0.3771496117115021,-0.004796204622834921,0.5167918801307678,0.48710790276527405,-0.013812034390866756,0.47200119495391846,0.4833599030971527,-0.025445496663451195,0.5213976502418518,0.5824644565582275,0.04051608964800835,0.4629126191139221,0.5798462629318237,0.035069189965724945,0.5191318988800049,0.5964885354042053,0.04153283312916756,0.46428224444389343,0.5933258533477783,0.03632098063826561,0.534572958946228,0.6067908406257629,-0.026195403188467026,0.44876807928085327,0.6032191514968872,-0.03007112629711628
4.8789002895355225,0.4974151849746704,0.1850542426109314,-0.06297948211431503,0.4997391998767853,0.18104130029678345,-0.05169985443353653,0.5010522603988647,0.181614950299263,-0.05170467123389244,0.5025743246078491,0.1824452430009842,-0.0517156720161438,0.4948216378688812,0.1801387220621109,-0.053693097084760666,0.4928295910358429,0.18018952012062073,-0.0537043921649456,0.49093180894851685,0.1804783046245575,-0.05369650200009346,0.5044247508049011,0.18996889889240265,0.005715759005397558,0.48720696568489075,0.18711644411087036,-0.0031358259730041027,0.5005548000335693,0.19623851776123047,-0.042114995419979095,0.49354976415634155,0.1947140395641327,-0.044743262231349945,0.5190407633781433,0.24976935982704163,0.04297469183802605,0.4707912802696228,0.2444077432155609,0.01308684702962637,0.5263240933418274,0.3130926489830017,0.045503828674554825,0.4625893831253052,0.3096807897090912,0.011585952714085579,0.5257290005683899,0.37090104818344116,-0.00196805945597589,0.4668390452861786,0.36263516545295715,-0.032661568373441696,0.5272074341773987,0.3910583555698395,-0.016347622498869896,0.4670925438404083,0.38247811794281006,-0.05088110268115997,0.5245287418365479,0.389226496219635,-0.033803559839725494,0.47040238976478577,0.3798002600669861,-0.06439050287008286,0.523070216178894,0.38473397493362427,-0.01047412771731615,0.47149330377578735,0.3738739490509033,-0.03941522166132927,0.5101816058158875,0.37898164987564087,0.005263154860585928,0.4807465672492981,0.3774110674858093,-0.005210558418184519,0.5168026685714722,0.4872368574142456,-0.012345625087618828,0.4717813730239868,0.4833916127681732,-0.02491174079477787,0.5213971734046936,0.5824655294418335,0.04474472999572754,0.4627992808818817,0.5798189043998718,0.03746884688735008,0.5191127061843872,0.5971181392669678,0.045770131051540375,0.46420028805732727,0.5933268666267395,0.03885677829384804,0.5349749326705933,0.6067242622375488,-0.02261454239487648,0.4485896825790405,0.6032142639160156,-0.02954063192009926
4.918472051620483,0.49740535020828247,0.18507736921310425,-0.08901654183864594,0.4997342824935913,0.18096637725830078,-0.07782849669456482,0.5010504722595215,0.18152719736099243,-0.07783464342355728,0.5025750994682312,0.18229779601097107,-0.07785045355558395,0.49481886625289917,0.18004243075847626,-0.07991276681423187,0.4928165674209595,0.18008562922477722,-0.07992485910654068,0.49092569947242737,0.1803758591413498,-0.0799180194735527,0.5044437050819397,0.18966785073280334,-0.018369248136878014,0.4871939420700073,0.18695798516273499,-0.027921266853809357,0.5005523562431335,0.1960926055908203,-0.06725511699914932,0.49351805448532104,0.19466571509838104,-0.07005008310079575,0.519170343875885,0.25081270933151245,0.01871681958436966,0.47078365087509155,0.24444955587387085,-0.007425415795296431,0.5256564021110535,0.31556347012519836,0.03449493274092674,0.46340587735176086,0.3125385046005249,-0.00044328387593850493,0.5273011326789856,0.37595313787460327,-0.010536039248108864,0.46697139739990234,0.36753007769584656,-0.04039756581187248,0.5294167995452881,0.3947567045688629,-0.024283744394779205,0.46706900000572205,0.3873579502105713,-0.05771058797836304,0.5268049836158752,0.39396876096725464,-0.04315336421132088,0.47028353810310364,0.38513436913490295,-0.07257694751024246,0.5251597762107849,0.38932889699935913,-0.019521409645676613,0.4714564085006714,0.3801417350769043,-0.04748978465795517,0.510128378868103,0.37904876470565796,0.0060377102345228195,0.480745404958725,0.37748944759368896,-0.006001757923513651,0.5168088674545288,0.4873000681400299,-0.009209091775119305,0.47162920236587524,0.4833994507789612,-0.024387558922171593,0.5213963389396667,0.5824368596076965,0.04916336387395859,0.462708443403244,0.5798045992851257,0.04031605273485184,0.51907879114151,0.5974225401878357,0.050153907388448715,0.46412715315818787,0.5933777689933777,0.04185060039162636,0.5351614356040955,0.6067314147949219,-0.019422685727477074,0.44830968976020813,0.6031814813613892,-0.02839556336402893
4.962060213088989,0.4973703920841217,0.18480798602104187,-0.09085862338542938,0.4997161626815796,0.1806475967168808,-0.07977937161922455,0.5010462403297424,0.1812572479248047,-0.07978495955467224,0.5025748014450073,0.18198174238204956,-0.07979979366064072,0.49477872252464294,0.17970126867294312,-0.08167840540409088,0.4927650988101959,0.17979222536087036,-0.08169056475162506,0.4908829629421234,0.1801304817199707,-0.08168502151966095,0.5044610500335693,0.18926656246185303,-0.02070111781358719,0.4871714413166046,0.1868833601474762,-0.029357939958572388,0.5005471706390381,0.1956152319908142,-0.06923112273216248,0.4934846758842468,0.19435259699821472,-0.07176776975393295,0.5192771553993225,0.25122082233428955,0.014687885530292988,0.4708043932914734,0.24444371461868286,-0.009072748944163322,0.5253663659095764,0.3155202567577362,0.03349721059203148,0.46385854482650757,0.31262141466140747,-0.0010071451542899013,0.5277442336082458,0.3763059973716736,-0.010465564206242561,0.4670606851577759,0.3676212728023529,-0.039916884154081345,0.5299988985061646,0.3948723077774048,-0.02391109988093376,0.4670165777206421,0.38742345571517944,-0.056914109736680984,0.5273870229721069,0.3941238820552826,-0.042768970131874084,0.47019609808921814,0.38530194759368896,-0.07203361392021179,0.525687575340271,0.389469712972641,-0.019418228417634964,0.47142696380615234,0.3803178071975708,-0.04707598686218262,0.5101030468940735,0.37911128997802734,0.006078042089939117,0.48074421286582947,0.3775172233581543,-0.006049423478543758,0.5168135762214661,0.48737019300460815,-0.008561627939343452,0.4715336263179779,0.4833943545818329,-0.024079913273453712,0.521367073059082,0.5824356079101562,0.04881340265274048,0.46255385875701904,0.5797784328460693,0.040897976607084274,0.5190061330795288,0.5976971983909607,0.04968159645795822,0.464032381772995,0.5936264991760254,0.04236660897731781,0.5351583957672119,0.6073110699653625,-0.020177992060780525,0.4476385712623596,0.6031720042228699,-0.02823246456682682
